date,train_end,test_start,mars,static_cvar,equal_weight,mean_variance,stress_probability,turnover
2018-01-02,2017-12-29,2018-01-02,0.002231299257032488,0.002231299257032486,0.002122149323424999,0.00883583784330177,0.07142857142857142,5.551115123125783e-17
2018-01-03,2017-12-29,2018-01-02,0.002881637640259571,0.0028816376402595713,0.0021173054421203263,0.0013781422138974997,0.07142857142857142,5.551115123125783e-17
2018-01-04,2017-12-29,2018-01-02,0.002461171346945929,0.0024611713469459284,0.0022960009929063607,0.004232891590530042,0.07142857142857142,5.551115123125783e-17
2018-01-05,2017-12-29,2018-01-02,0.0014112624628753786,0.0014112624628753782,0.0006930730292027953,0.002290593276002016,0.07142857142857142,5.551115123125783e-17
2018-01-08,2017-12-29,2018-01-02,0.00044903496377099445,0.0004490349637709944,0.00025819355198114513,0.0006885998851487847,0.07142857142857142,5.551115123125783e-17
2018-01-09,2017-12-29,2018-01-02,-0.003476647170089992,-0.0034766471700899927,-0.003934413266792475,-0.0012807402290891574,0.07142857142857142,5.551115123125783e-17
2018-01-10,2017-12-29,2018-01-02,-0.0003569749717891755,-0.0003569749717891758,-8.372546292903515e-05,0.000517455541422334,0.07142857142857142,5.551115123125783e-17
2018-01-11,2017-12-29,2018-01-02,0.00423924712260072,0.00423924712260072,0.003673595908664118,0.004632752877489168,0.07142857142857142,5.551115123125783e-17
2018-01-12,2017-12-29,2018-01-02,0.005127511405563912,0.005127511405563912,0.00508148423529825,0.00856215246883862,0.07142857142857142,5.551115123125783e-17
2018-01-16,2017-12-29,2018-01-02,0.00017846290572651207,0.0001784629057265124,0.0006029881584430907,-0.0006345603218404338,0.07142857142857142,5.551115123125783e-17
2018-01-17,2017-12-29,2018-01-02,0.0013764285094002508,0.0013764285094002512,1.826185985295825e-05,9.088335852394441e-05,0.07142857142857142,5.551115123125783e-17
2018-01-18,2017-12-29,2018-01-02,-0.0033548270150270676,-0.0033548270150270685,-0.003297709426277523,-0.0017722776961635281,0.07142857142857142,5.551115123125783e-17
2018-01-19,2017-12-29,2018-01-02,0.0011686909720726004,0.0011686909720725995,0.0009362019967044943,0.004046376981701485,0.07142857142857142,5.551115123125783e-17
2018-01-22,2017-12-29,2018-01-02,0.0034535643043785537,0.0034535643043785533,0.0027314198247252452,0.004279471825857469,0.07142857142857142,5.551115123125783e-17
2018-01-23,2017-12-29,2018-01-02,0.002813253044477493,0.0028132530444774932,0.0028497500559633293,0.003283009646249221,0.07142857142857142,5.551115123125783e-17
2018-01-24,2017-12-29,2018-01-02,0.0009457673740283677,0.0009457673740283661,0.0015934913401392248,0.005700014656235081,0.07142857142857142,5.551115123125783e-17
2018-01-25,2017-12-29,2018-01-02,0.0008655151351368733,0.0008655151351368746,0.0004893285229725097,-0.0030360921054600897,0.07142857142857142,5.551115123125783e-17
2018-01-26,2017-12-29,2018-01-02,0.0032814266156925617,0.0032814266156925612,0.0021627406054350873,0.005222492319074921,0.07142857142857142,5.551115123125783e-17
2018-01-29,2017-12-29,2018-01-02,-0.0051845002780816,-0.0051845002780816,-0.004802619969594912,-0.005481653454583983,0.07142857142857142,5.551115123125783e-17
2018-01-30,2017-12-29,2018-01-02,-0.005920402280630921,-0.005920402280630921,-0.005110609779060943,-0.006372713348014714,0.07142857142857142,5.551115123125783e-17
2018-01-31,2017-12-29,2018-01-02,0.0029898734176100677,0.0029898734176100677,0.003275349746421019,0.0034351296804510066,0.07142857142857142,5.551115123125783e-17
2018-02-01,2017-12-29,2018-01-02,-0.00336244060566847,-0.0033624406056684724,-0.003084419269226868,0.0011088468809267401,0.07142857142857142,5.551115123125783e-17
2018-02-02,2017-12-29,2018-01-02,-0.01256289903946684,-0.01256289903946684,-0.011041780158581177,-0.015427851414896988,0.07142857142857142,5.551115123125783e-17
2018-02-05,2017-12-29,2018-01-02,-0.011768998011333657,-0.011768998011333656,-0.0074601392056548865,-0.016287743723629608,0.07142857142857142,5.551115123125783e-17
2018-02-06,2017-12-29,2018-01-02,0.003243198025709198,0.0032431980257091974,0.000748138896946221,0.0031941687952975724,0.07142857142857142,5.551115123125783e-17
2018-02-07,2017-12-29,2018-01-02,-0.005215607602947125,-0.005215607602947126,-0.004908411873816576,-0.004536118137035019,0.07142857142857142,5.551115123125783e-17
2018-02-08,2017-12-29,2018-01-02,-0.013097069663527427,-0.013097069663527427,-0.009270058660265479,-0.01496787626286197,0.07142857142857142,5.551115123125783e-17
2018-02-09,2017-12-29,2018-01-02,0.0033416334055783314,0.0033416334055783306,0.0017554729742631225,0.005478920083188391,0.07142857142857142,5.551115123125783e-17
2018-02-12,2017-12-29,2018-01-02,0.007203504655952431,0.007203504655952431,0.005975518034830984,0.008461769445853024,0.07142857142857142,5.551115123125783e-17
2018-02-13,2017-12-29,2018-01-02,0.0031219326005930362,0.0031219326005930362,0.003156320493366782,0.0037676730980665887,0.07142857142857142,5.551115123125783e-17
2018-02-14,2017-12-29,2018-01-02,0.005360870155133119,0.005360870155133117,0.004863885888178182,0.013858649899954105,0.07142857142857142,5.551115123125783e-17
2018-02-15,2017-12-29,2018-01-02,0.0055497420504196475,0.0055497420504196475,0.004332228832827967,0.005904418721100012,0.07142857142857142,5.551115123125783e-17
2018-02-16,2017-12-29,2018-01-02,0.0008033707610909046,0.0008033707610909053,0.0006104946524537191,-0.0014523344953280397,0.07142857142857142,5.551115123125783e-17
2018-02-20,2017-12-29,2018-01-02,-0.0059747883372837825,-0.0059747883372837825,-0.006020753472504886,-0.009091843094765744,0.07142857142857142,5.551115123125783e-17
2018-02-21,2017-12-29,2018-01-02,-0.005727019712071963,-0.005727019712071964,-0.005459301433716451,-0.004294001846249582,0.07142857142857142,5.551115123125783e-17
2018-02-22,2017-12-29,2018-01-02,0.0022217537234503594,0.0022217537234503594,0.0023467897043712993,0.002994439699184649,0.07142857142857142,5.551115123125783e-17
2018-02-23,2017-12-29,2018-01-02,0.007546050864536702,0.007546050864536703,0.005888752521535728,0.00606228160361499,0.07142857142857142,5.551115123125783e-17
2018-02-26,2017-12-29,2018-01-02,0.004640384180362899,0.004640384180362899,0.003602059156558979,0.006043788882834286,0.07142857142857142,5.551115123125783e-17
2018-02-27,2017-12-29,2018-01-02,-0.006817743857965614,-0.006817743857965613,-0.006091035020564961,-0.010252137678576644,0.07142857142857142,5.551115123125783e-17
2018-02-28,2017-12-29,2018-01-02,-0.0021643569169550957,-0.0021643569169550944,-0.0012032959634942497,-0.004740486769702853,0.07142857142857142,5.551115123125783e-17
2018-03-01,2017-12-29,2018-01-02,-0.00383057374241299,-0.003830573742412989,-0.002488522148487604,-0.007164879698063038,0.07142857142857142,5.551115123125783e-17
2018-03-02,2017-12-29,2018-01-02,0.000846195719121301,0.0008461957191212999,0.0005993196804836565,0.004743878293607442,0.07142857142857142,5.551115123125783e-17
2018-03-05,2017-12-29,2018-01-02,0.003034497313748507,0.003034497313748507,0.0017949412204445736,0.004031902125047545,0.07142857142857142,5.551115123125783e-17
2018-03-06,2017-12-29,2018-01-02,0.0032770853239692203,0.0032770853239692203,0.0035628341001085473,0.006252754324085494,0.07142857142857142,5.551115123125783e-17
2018-03-07,2017-12-29,2018-01-02,-0.0016837690979320421,-0.0016837690979320421,-0.001967212155597614,-0.0032351632436620047,0.07142857142857142,5.551115123125783e-17
2018-03-08,2017-12-29,2018-01-02,0.0026570389827007654,0.0026570389827007667,0.002053805640332834,0.000876867236225271,0.07142857142857142,5.551115123125783e-17
2018-03-09,2017-12-29,2018-01-02,0.004639243188995084,0.004639243188995083,0.002946847810767178,0.007745087289361011,0.07142857142857142,5.551115123125783e-17
2018-03-12,2017-12-29,2018-01-02,0.0010023958326978943,0.0010023958326978951,0.001127927865839401,-0.0005254659128321205,0.07142857142857142,5.551115123125783e-17
2018-03-13,2017-12-29,2018-01-02,-0.0006146027855216172,-0.0006146027855216166,0.00012721567969029013,-0.0017847495916726696,0.07142857142857142,5.551115123125783e-17
2018-03-14,2017-12-29,2018-01-02,0.0002790756031928689,0.00027907560319286983,0.0007604697563289853,-0.002454392676710247,0.07142857142857142,5.551115123125783e-17
2018-03-15,2017-12-29,2018-01-02,-0.001654183862218345,-0.0016541838622183447,-0.0018634516862637562,-0.003519889977591408,0.07142857142857142,5.551115123125783e-17
2018-03-16,2017-12-29,2018-01-02,-0.0009950444721929688,-0.000995044472192969,-0.001223559616365888,-0.0007024907101953424,0.07142857142857142,5.551115123125783e-17
2018-03-19,2017-12-29,2018-01-02,-0.005095150948143989,-0.005095150948143989,-0.0036337902243100406,-0.004620391069838967,0.07142857142857142,5.551115123125783e-17
2018-03-20,2017-12-29,2018-01-02,-0.001306368837434008,-0.001306368837434008,-0.0017006642903270863,-0.0014471203989749179,0.07142857142857142,5.551115123125783e-17
2018-03-21,2017-12-29,2018-01-02,0.0030927668375551514,0.00309276683755515,0.004157504095732623,0.007600322051376595,0.07142857142857142,5.551115123125783e-17
2018-03-22,2017-12-29,2018-01-02,-0.00706226605866278,-0.007062266058662777,-0.004760214367025284,-0.012366672145590651,0.07142857142857142,5.551115123125783e-17
2018-03-23,2017-12-29,2018-01-02,-0.005059651819037896,-0.005059651819037897,-0.0022812354993973216,-0.0026934964537534576,0.07142857142857142,5.551115123125783e-17
2018-03-26,2017-12-29,2018-01-02,0.00966868020336341,0.00966868020336341,0.007195305772722427,0.01397977067244671,0.07142857142857142,5.551115123125783e-17
2018-03-27,2017-12-29,2018-01-02,-0.004512504057679012,-0.0045125040576790105,-0.0031192838330716954,-0.010085537482712952,0.07142857142857142,5.551115123125783e-17
2018-03-28,2017-12-29,2018-01-02,-0.0031339145910860627,-0.0031339145910860623,-0.003528687057207075,-0.007882665950882857,0.07142857142857142,5.551115123125783e-17
2018-03-29,2017-12-29,2018-01-02,0.005783284517025733,0.005783284517025733,0.004529406043692175,0.005578223413981568,0.07142857142857142,5.551115123125783e-17
2018-04-02,2017-12-29,2018-01-02,-0.0047239421162073615,-0.004723942116207363,-0.0019811896214133873,-0.003409239678212485,0.07142857142857142,5.551115123125783e-17
2018-04-03,2017-12-29,2018-01-02,0.0010490874110488373,0.0010490874110488369,-0.0006097901857071153,0.001733512911545318,0.07142857142857142,5.551115123125783e-17
2018-04-04,2018-04-03,2018-04-04,0.003465400226512372,0.003465400226512372,0.0024548709830886084,9.239746470834909e-05,0.9448818897637795,0.0
2018-04-05,2018-04-03,2018-04-04,-0.0001301736228145839,-0.0001301736228145839,-0.0011763889595235721,-0.00532136129319395,0.9448818897637795,0.0
2018-04-06,2018-04-03,2018-04-04,-0.004128052028140071,-0.004128052028140071,-0.001664976608085511,0.0060947475620724,0.9448818897637795,0.0
2018-04-09,2018-04-03,2018-04-04,0.002818303422937474,0.002818303422937474,0.0024955826557391814,0.00253686243389446,0.9448818897637795,0.0
2018-04-10,2018-04-03,2018-04-04,0.0055847133733193605,0.0055847133733193605,0.004112962863979608,0.0008751411416214603,0.9448818897637795,0.0
2018-04-11,2018-04-03,2018-04-04,0.0006106399826465443,0.0006106399826465443,0.0015242479446469503,0.0057381064129453435,0.9448818897637795,0.0
2018-04-12,2018-04-03,2018-04-04,-0.0012777517824782768,-0.0012777517824782768,-0.002681977403503677,-0.009175641726834228,0.9448818897637795,0.0
2018-04-13,2018-04-03,2018-04-04,0.0008648099996993901,0.0008648099996993901,0.0014858665382918024,0.004629459560830607,0.9448818897637795,0.0
2018-04-16,2018-04-03,2018-04-04,0.003242699304511221,0.003242699304511221,0.002491149475115917,0.0009465780296414872,0.9448818897637795,0.0
2018-04-17,2018-04-03,2018-04-04,0.004614712176583502,0.004614712176583502,0.003591864580791304,0.0013827306131589002,0.9448818897637795,0.0
2018-04-18,2018-04-03,2018-04-04,-0.0015840706472139143,-0.0015840706472139143,-0.00161895611098814,-0.0019299886864014965,0.9448818897637795,0.0
2018-04-19,2018-04-03,2018-04-04,-0.004369233864397725,-0.004369233864397725,-0.003912265514527946,-0.0036171260468821466,0.9448818897637795,0.0
2018-04-20,2018-04-03,2018-04-04,-0.006290082244000123,-0.006290082244000123,-0.0058222333314078,-0.006723416840205532,0.9448818897637795,0.0
2018-04-23,2018-04-03,2018-04-04,-0.0015843450361635208,-0.0015843450361635208,-0.0019681428567229486,-0.004709557366342021,0.9448818897637795,0.0
2018-04-24,2018-04-03,2018-04-04,-0.00488186414014457,-0.00488186414014457,-0.003292315327571488,0.0015462559570053268,0.9448818897637795,0.0
2018-04-25,2018-04-03,2018-04-04,-0.002108328426264894,-0.002108328426264894,-0.002680313631862663,-0.005906743374478695,0.9448818897637795,0.0
2018-04-26,2018-04-03,2018-04-04,0.0046059476338997755,0.0046059476338997755,0.0034139548562163446,-5.509232196642885e-06,0.9448818897637795,0.0
2018-04-27,2018-04-03,2018-04-04,0.003105027772269109,0.003105027772269109,0.0032231986775769217,0.00485850233424885,0.9448818897637795,0.0
2018-04-30,2018-04-03,2018-04-04,-0.003700330055268053,-0.003700330055268053,-0.0032938225552081035,-0.003820718345483476,0.9448818897637795,0.0
2018-05-01,2018-04-03,2018-04-04,-0.0016910406668474603,-0.0016910406668474603,-0.0022218825044987844,-0.005318256321005988,0.9448818897637795,0.0
2018-05-02,2018-04-03,2018-04-04,-0.0027227075827248367,-0.0027227075827248367,-0.0020751960319981555,-0.0006204484146525081,0.9448818897637795,0.0
2018-05-03,2018-04-03,2018-04-04,0.0013680246813081612,0.0013680246813081612,0.0018431208144133182,0.004401283977877468,0.9448818897637795,0.0
2018-05-04,2018-04-03,2018-04-04,0.005328288286367866,0.005328288286367866,0.0041382858634473885,0.0017097458801662358,0.9448818897637795,0.0
2018-05-07,2018-04-03,2018-04-04,0.0008332727975370767,0.0008332727975370767,0.0005069585331321513,-0.0003344610546489824,0.9448818897637795,0.0
2018-05-08,2018-04-03,2018-04-04,-0.00019938443815088467,-0.00019938443815088467,-0.0001913581705441647,-0.0001814721990126778,0.9448818897637795,0.0
2018-05-09,2018-04-03,2018-04-04,0.001470238805456908,0.001470238805456908,0.00039930420352196627,-0.003046658884956799,0.9448818897637795,0.0
2018-05-10,2018-04-03,2018-04-04,0.00665288646715857,0.00665288646715857,0.006059673786585229,0.006517465308266313,0.9448818897637795,0.0
2018-05-11,2018-04-03,2018-04-04,0.0014110588527886602,0.0014110588527886602,0.0010340393028530903,-0.0001059012587950823,0.9448818897637795,0.0
2018-05-14,2018-04-03,2018-04-04,-0.0019702775597901182,-0.0019702775597901182,-0.0022219061499264836,-0.004033175713797454,0.9448818897637795,0.0
2018-05-15,2018-04-03,2018-04-04,-0.008485253262632242,-0.008485253262632242,-0.008603865427721458,-0.013102349706895278,0.9448818897637795,0.0
2018-05-16,2018-04-03,2018-04-04,0.00020213563099987766,0.00020213563099987766,-0.0002959542223473499,-0.002082108662046278,0.9448818897637795,0.0
2018-05-17,2018-04-03,2018-04-04,-0.0014440471146140775,-0.0014440471146140775,-0.0013309559311801,-0.0011720124652659038,0.9448818897637795,0.0
2018-05-18,2018-04-03,2018-04-04,0.0013579728125545864,0.0013579728125545864,0.0016284266165716987,0.0028267716334530626,0.9448818897637795,0.0
2018-05-21,2018-04-03,2018-04-04,0.002873819718780346,0.002873819718780346,0.0021505579761907923,0.0004966612729104148,0.9448818897637795,0.0
2018-05-22,2018-04-03,2018-04-04,-0.0014711506038087908,-0.0014711506038087908,-0.0012217044206730976,-0.0008034346614738786,0.9448818897637795,0.0
2018-05-23,2018-04-03,2018-04-04,0.002990183517061018,0.002990183517061018,0.0027681590795318733,0.0028150149231770177,0.9448818897637795,0.0
2018-05-24,2018-04-03,2018-04-04,0.002989320063955781,0.002989320063955781,0.0036225977059400893,0.0075322391577209435,0.9448818897637795,0.0
2018-05-25,2018-04-03,2018-04-04,0.00010725520796013837,0.00010725520796013837,0.00019178679341583238,2.253986564986236e-05,0.9448818897637795,0.0
2018-05-29,2018-04-03,2018-04-04,0.001417906566310168,0.001417906566310168,0.002559915054742512,0.006473578944653725,0.9448818897637795,0.0
2018-05-30,2018-04-03,2018-04-04,0.003285790980166986,0.003285790980166986,0.002024373663540663,-0.0011358295521586405,0.9448818897637795,0.0
2018-05-31,2018-04-03,2018-04-04,-0.002993525800832858,-0.002993525800832858,-0.0024903744776936243,-0.0018072813725872772,0.9448818897637795,0.0
2018-06-01,2018-04-03,2018-04-04,0.0011242832119965566,0.0011242832119965566,-0.00010526874826841115,-0.004558277263257371,0.9448818897637795,0.0
2018-06-04,2018-04-03,2018-04-04,-0.00034105467480399234,-0.00034105467480399234,-0.0008651593958096948,-0.002757450232600778,0.9448818897637795,0.0
2018-06-05,2018-04-03,2018-04-04,0.001625348957817996,0.001625348957817996,0.001748705619971147,0.003056890984856797,0.9448818897637795,0.0
2018-06-06,2018-04-03,2018-04-04,0.0010144338510465645,0.0010144338510465645,0.00020687184137910264,-0.002088970105435773,0.9448818897637795,0.0
2018-06-07,2018-04-03,2018-04-04,0.0022856917200271723,0.0022856917200271723,0.002272117442324667,0.002612602722453273,0.9448818897637795,0.0
2018-06-08,2018-04-03,2018-04-04,0.0005282760207015624,0.0005282760207015624,0.0002937009511904398,-0.00016814692914245437,0.9448818897637795,0.0
2018-06-11,2018-04-03,2018-04-04,0.00036308793488674116,0.00036308793488674116,0.0003194846980908439,0.000520844283490529,0.9448818897637795,0.0
2018-06-12,2018-04-03,2018-04-04,-0.0001501687698605927,-0.0001501687698605927,-0.00044576882845423493,-0.0019207939996676025,0.9448818897637795,0.0
2018-06-13,2018-04-03,2018-04-04,-0.0006400835646128919,-0.0006400835646128919,-0.00017035571985662967,0.001656640827135247,0.9448818897637795,0.0
2018-06-14,2018-04-03,2018-04-04,0.003264734123944468,0.003264734123944468,0.0030900555176409106,0.003415374427852647,0.9448818897637795,0.0
2018-06-15,2018-04-03,2018-04-04,-0.003524856613899903,-0.003524856613899903,-0.004223986790825196,-0.00964631849676254,0.9448818897637795,0.0
2018-06-18,2018-04-03,2018-04-04,-0.0013272676400065408,-0.0013272676400065408,-0.0012163734499662515,-0.0014112853339071196,0.9448818897637795,0.0
2018-06-19,2018-04-03,2018-04-04,-0.0003983738678588312,-0.0003983738678588312,-0.00014308813345853544,0.00021020599218182236,0.9448818897637795,0.0
2018-06-20,2018-04-03,2018-04-04,-0.002487589662251172,-0.002487589662251172,-0.0028816825883024033,-0.0053108288053318135,0.9448818897637795,0.0
2018-06-21,2018-04-03,2018-04-04,-0.0012298918408177484,-0.0012298918408177484,-0.0006903124732480781,0.0005284318017716007,0.9448818897637795,0.0
2018-06-22,2018-04-03,2018-04-04,0.0011005141143361043,0.0011005141143361043,0.0010389773622204168,0.0014245032015089976,0.9448818897637795,0.0
2018-06-25,2018-04-03,2018-04-04,-0.004952310196514508,-0.004952310196514508,-0.0037780193517713834,-0.0015716576539128277,0.9448818897637795,0.0
2018-06-26,2018-04-03,2018-04-04,7.566462440929903e-05,7.566462440929903e-05,-0.0004084444145940336,-0.002730679519483914,0.9448818897637795,0.0
2018-06-27,2018-04-03,2018-04-04,-0.0016838129379209477,-0.0016838129379209477,-0.0011404843767644501,-0.000593870128008133,0.9448818897637795,0.0
2018-06-28,2018-04-03,2018-04-04,0.0014552433751738088,0.0014552433751738088,0.0007317152391274062,-0.0017479156533071636,0.9448818897637795,0.0
2018-06-29,2018-04-03,2018-04-04,0.00037170844092233055,0.00037170844092233055,0.00040958847396485587,0.0011507396117388933,0.9448818897637795,0.0
2018-07-02,2018-04-03,2018-04-04,-0.00145310608060027,-0.00145310608060027,-0.002168385166354453,-0.006252327302782234,0.9448818897637795,0.0
2018-07-03,2018-07-02,2018-07-03,0.0021293667875797793,0.0021293667875797793,0.002989035577511512,0.0009206648562630399,0.023622047244094488,0.0
2018-07-05,2018-07-02,2018-07-03,0.004246720982901853,0.004246720982901853,0.003599502691596368,0.005906073443078152,0.023622047244094488,0.0
2018-07-06,2018-07-02,2018-07-03,0.0034584487097670587,0.0034584487097670587,0.0025328492007504755,0.004596003925822331,0.023622047244094488,0.0
2018-07-09,2018-07-02,2018-07-03,0.0020306227651931408,0.0020306227651931408,0.001252157194582465,0.006134705155305566,0.023622047244094488,0.0
2018-07-10,2018-07-02,2018-07-03,0.0008697018943282673,0.0008697018943282673,0.0004175367588075407,0.0016051374288908187,0.023622047244094488,0.0
2018-07-11,2018-07-02,2018-07-03,-0.0037658489431156854,-0.0037658489431156854,-0.0035767475117739755,-0.007642643123746188,0.023622047244094488,0.0
2018-07-12,2018-07-02,2018-07-03,0.003985620140090513,0.003985620140090513,0.003287303725187124,0.006689037555954347,0.023622047244094488,0.0
2018-07-13,2018-07-02,2018-07-03,2.842320592634192e-05,2.842320592634192e-05,-0.0002704439049797114,-0.0008479383918222106,0.023622047244094488,0.0
2018-07-16,2018-07-02,2018-07-03,-0.001453985165020938,-0.001453985165020938,-0.001390059575664987,-0.0006896374998245176,0.023622047244094488,0.0
2018-07-17,2018-07-02,2018-07-03,-0.0012153517605863425,-0.0012153517605863425,-0.0021600853118377283,-0.000813968268790574,0.023622047244094488,0.0
2018-07-18,2018-07-02,2018-07-03,-0.00021655056154090696,-0.00021655056154090696,-0.00041398515888013687,0.0013394000484925764,0.023622047244094488,0.0
2018-07-19,2018-07-02,2018-07-03,-0.0005951757078047572,-0.0005951757078047572,-0.0004330239626631205,-0.0035522244274928854,0.023622047244094488,0.0
2018-07-20,2018-07-02,2018-07-03,-0.0021720598100003537,-0.0021720598100003537,-0.001733934485052241,0.0012569229444182018,0.023622047244094488,0.0
2018-07-23,2018-07-02,2018-07-03,-0.0033946270551404034,-0.0033946270551404034,-0.0038207891193402788,-0.00032565066039025184,0.023622047244094488,0.0
2018-07-24,2018-07-02,2018-07-03,0.002689453560101884,0.002689453560101884,0.0022034883588796794,0.0031226924945435804,0.023622047244094488,0.0
2018-07-25,2018-07-02,2018-07-03,0.0036891897298333646,0.0036891897298333646,0.003112706067309068,0.006768102515988619,0.023622047244094488,0.0
2018-07-26,2018-07-02,2018-07-03,-0.0028669121478486163,-0.0028669121478486163,-0.0030209155577888835,-0.003755463563649142,0.023622047244094488,0.0
2018-07-27,2018-07-02,2018-07-03,-0.0018488115859035478,-0.0018488115859035478,-0.0011452970565332399,-0.003910098890509481,0.023622047244094488,0.0
2018-07-30,2018-07-02,2018-07-03,-0.0029968532433684025,-0.0029968532433684025,-0.002552234438227885,-0.003600115329316573,0.023622047244094488,0.0
2018-07-31,2018-07-02,2018-07-03,0.003678066911311662,0.003678066911311662,0.003332143804256449,0.003839462551045847,0.023622047244094488,0.0
2018-08-01,2018-07-02,2018-07-03,-0.004087048737807042,-0.004087048737807042,-0.004286392973106318,-0.003200857545920446,0.023622047244094488,0.0
2018-08-02,2018-07-02,2018-07-03,0.0011883491709090309,0.0011883491709090309,0.00037437743869789264,0.0016529666628413906,0.023622047244094488,0.0
2018-08-03,2018-07-02,2018-07-03,0.003441727106573711,0.003441727106573711,0.0031878725809215136,0.0036188390170159308,0.023622047244094488,0.0
2018-08-06,2018-07-02,2018-07-03,0.0004035146583460155,0.0004035146583460155,-0.00021991858283454402,0.0006602147588241716,0.023622047244094488,0.0
2018-08-07,2018-07-02,2018-07-03,0.0003113006555537812,0.0003113006555537812,9.476980135914026e-05,0.0026636275427590864,0.023622047244094488,0.0
2018-08-08,2018-07-02,2018-07-03,0.0006641720145196374,0.0006641720145196374,0.0008458362352634086,0.0005855919568656357,0.023622047244094488,0.0
2018-08-09,2018-07-02,2018-07-03,0.0013304759024817534,0.0013304759024817534,0.0013931438469303448,-0.0012636891195949335,0.023622047244094488,0.0
2018-08-10,2018-07-02,2018-07-03,-0.0006164116047449541,-0.0006164116047449541,3.179123481256152e-05,-0.004150653798513434,0.023622047244094488,0.0
2018-08-13,2018-07-02,2018-07-03,-0.00484500784247467,-0.00484500784247467,-0.0052248819854180395,-0.006771256424615509,0.023622047244094488,0.0
2018-08-14,2018-07-02,2018-07-03,0.0018673479040345665,0.0018673479040345665,0.0012779878653279564,0.004120441099324147,0.023622047244094488,0.0
2018-08-15,2018-07-02,2018-07-03,-0.004482172603940722,-0.004482172603940722,-0.004566803644139916,-0.009468320198136756,0.023622047244094488,0.0
2018-08-16,2018-07-02,2018-07-03,0.002649475920713945,0.002649475920713945,0.0017998602610177217,0.004612017375882636,0.023622047244094488,0.0
2018-08-17,2018-07-02,2018-07-03,0.0033965020797700257,0.0033965020797700257,0.003508019467701462,0.004893445411978406,0.023622047244094488,0.0
2018-08-20,2018-07-02,2018-07-03,0.0034217200546408093,0.0034217200546408093,0.003457423874677734,0.0027823268079800022,0.023622047244094488,0.0
2018-08-21,2018-07-02,2018-07-03,0.0005649537759828462,0.0005649537759828462,0.00047685430806337914,0.0022855984643323445,0.023622047244094488,0.0
2018-08-22,2018-07-02,2018-07-03,0.0012232287833431501,0.0012232287833431501,0.001393171546905464,0.0003075421839359689,0.023622047244094488,0.0
2018-08-23,2018-07-02,2018-07-03,-0.001964291474506375,-0.001964291474506375,-0.0023038078015170382,-0.0036307738126442187,0.023622047244094488,0.0
2018-08-24,2018-07-02,2018-07-03,0.006091878003746366,0.006091878003746366,0.006363490688635731,0.008851643501240972,0.023622047244094488,0.0
2018-08-27,2018-07-02,2018-07-03,0.0020856416815524196,0.0020856416815524196,0.0014844276722973948,0.00586723147312454,0.023622047244094488,0.0
2018-08-28,2018-07-02,2018-07-03,-0.0029201535262044615,-0.0029201535262044615,-0.003365554029131912,-0.002092390045338702,0.023622047244094488,0.0
2018-08-29,2018-07-02,2018-07-03,0.0031290260405925532,0.0031290260405925532,0.002819686202085947,0.004600567400166091,0.023622047244094488,0.0
2018-08-30,2018-07-02,2018-07-03,-0.0018606213464735346,-0.0018606213464735346,-0.001700943437040442,-0.0039002613632108224,0.023622047244094488,0.0
2018-08-31,2018-07-02,2018-07-03,-0.0007937633502745346,-0.0007937633502745346,-0.0008544421156272963,-0.00032229094598355444,0.023622047244094488,0.0
2018-09-04,2018-07-02,2018-07-03,-0.0030702152541851493,-0.0030702152541851493,-0.0031534634467333122,-0.0025663296455525958,0.023622047244094488,0.0
2018-09-05,2018-07-02,2018-07-03,-0.0009177745097525501,-0.0009177745097525501,-0.00047594432861700064,-0.0005789042856381523,0.023622047244094488,0.0
2018-09-06,2018-07-02,2018-07-03,0.00025375907331943185,0.00025375907331943185,0.0006518007179857344,-0.0012234004788576871,0.023622047244094488,0.0
2018-09-07,2018-07-02,2018-07-03,-0.003348776611296084,-0.003348776611296084,-0.003290914472222989,-0.0019853491040920618,0.023622047244094488,0.0
2018-09-10,2018-07-02,2018-07-03,0.0013905263855026773,0.0013905263855026773,0.0011813514974754469,0.0008311237147241805,0.023622047244094488,0.0
2018-09-11,2018-07-02,2018-07-03,-0.0006247181825398852,-0.0006247181825398852,-0.0009235687643072699,0.002164290554927303,0.023622047244094488,0.0
2018-09-12,2018-07-02,2018-07-03,0.0023527802458625964,0.0023527802458625964,0.002748099731218423,0.002662513071964791,0.023622047244094488,0.0
2018-09-13,2018-07-02,2018-07-03,0.0017303536958791386,0.0017303536958791386,0.0009593541099577052,0.002471336715193953,0.023622047244094488,0.0
2018-09-14,2018-07-02,2018-07-03,-0.002437161101588742,-0.002437161101588742,-0.0027795859676165713,-0.0018484332894235771,0.023622047244094488,0.0
2018-09-17,2018-07-02,2018-07-03,-0.0008088993787518091,-0.0008088993787518091,-1.8462029887894582e-05,-0.0016104139455484475,0.023622047244094488,0.0
2018-09-18,2018-07-02,2018-07-03,-0.0010149597016846591,-0.0010149597016846591,-0.0016324226335506509,0.002806978974707719,0.023622047244094488,0.0
2018-09-19,2018-07-02,2018-07-03,-0.0003430893272120426,-0.0003430893272120426,-0.0002557078586741812,0.0018029051373395673,0.023622047244094488,0.0
2018-09-20,2018-07-02,2018-07-03,0.004678910178464402,0.004678910178464402,0.004039781193893033,0.005889565261772545,0.023622047244094488,0.0
2018-09-21,2018-07-02,2018-07-03,-0.0017917188278312349,-0.0017917188278312349,-0.0020416377828797183,-0.002596043120384269,0.023622047244094488,0.0
2018-09-24,2018-07-02,2018-07-03,-0.0018383368414744692,-0.0018383368414744692,-0.0015149660865532155,-0.0020459429722597196,0.023622047244094488,0.0
2018-09-25,2018-07-02,2018-07-03,-0.0002643151386483132,-0.0002643151386483132,-9.223340590172602e-05,-8.069536745320598e-05,0.023622047244094488,0.0
2018-09-26,2018-07-02,2018-07-03,-0.0003463318000723973,-0.0003463318000723973,-0.0003110507490106662,-0.0033792980937814893,0.023622047244094488,0.0
2018-09-27,2018-07-02,2018-07-03,-0.0006208279001662992,-0.0006208279001662992,-0.00134254820798696,-0.0009770641221440897,0.023622047244094488,0.0
2018-09-28,2018-07-02,2018-07-03,0.0006441589374178607,0.0006441589374178607,0.0009506793970248117,0.001962746399709718,0.023622047244094488,0.0
2018-10-01,2018-07-02,2018-07-03,-0.0009563458349496792,-0.0009563458349496792,-0.0013880257078034697,0.0015790694580875247,0.023622047244094488,0.0
2018-10-02,2018-10-01,2018-10-02,0.0036340633644758877,0.0036340633644758877,0.004269766342226727,0.0024641433155334932,0.047244094488188976,0.0
2018-10-03,2018-10-01,2018-10-02,-0.004941082237962253,-0.004941082237962253,-0.005193590925656744,-0.0006334322004026868,0.047244094488188976,0.0
2018-10-04,2018-10-01,2018-10-02,-0.00439314592244725,-0.00439314592244725,-0.0035851237568558236,-0.004560509899347468,0.047244094488188976,0.0
2018-10-05,2018-10-01,2018-10-02,-0.0035437795061433854,-0.0035437795061433854,-0.002843071790504248,-0.0026712016099738195,0.047244094488188976,0.0
2018-10-08,2018-10-01,2018-10-02,-0.003054925405970411,-0.003054925405970411,-0.0036085291416651233,-0.0026977830341725086,0.047244094488188976,0.0
2018-10-09,2018-10-01,2018-10-02,0.0021255807334437434,0.0021255807334437434,0.0022981879540571737,-0.0007458080403828077,0.047244094488188976,0.0
2018-10-10,2018-10-01,2018-10-02,-0.011265820331843616,-0.011265820331843616,-0.007975176124795952,-0.018391972169651896,0.047244094488188976,0.0
2018-10-11,2018-10-01,2018-10-02,0.0004688459854801895,0.0004688459854801895,0.003956058194501205,-0.006956186666048227,0.047244094488188976,0.0
2018-10-12,2018-10-01,2018-10-02,0.0030403517517595844,0.0030403517517595844,0.0014139883678281617,0.007175622067685814,0.047244094488188976,0.0
2018-10-15,2018-10-01,2018-10-02,-0.0007386944778957011,-0.0007386944778957011,0.00015711874465026976,-0.0017420261540457866,0.047244094488188976,0.0
2018-10-16,2018-10-01,2018-10-02,0.007876416598421199,0.007876416598421199,0.00560362699596359,0.012699413114697612,0.047244094488188976,0.0
2018-10-17,2018-10-01,2018-10-02,-0.0014373847668012587,-0.0014373847668012587,-0.001459523868840018,8.587669955588046e-05,0.047244094488188976,0.0
2018-10-18,2018-10-01,2018-10-02,-0.004917529666480513,-0.004917529666480513,-0.003417303335810029,-0.008390995673220438,0.047244094488188976,0.0
2018-10-19,2018-10-01,2018-10-02,-0.0005829569322511163,-0.0005829569322511163,-0.0004898819241500318,-0.00013633787543195137,0.047244094488188976,0.0
2018-10-22,2018-10-01,2018-10-02,-0.002418104766904988,-0.002418104766904988,-0.002098529360398921,-0.003323353721468883,0.047244094488188976,0.0
2018-10-23,2018-10-01,2018-10-02,0.00018589089711504346,0.00018589089711504346,0.0009888527615720955,-0.001622830450229275,0.047244094488188976,0.0
2018-10-24,2018-10-01,2018-10-02,-0.008253072833408596,-0.008253072833408596,-0.00510726683746851,-0.017613648760035686,0.047244094488188976,0.0
2018-10-25,2018-10-01,2018-10-02,0.004787900135354805,0.004787900135354805,0.002882397582449431,0.010221358808037498,0.047244094488188976,0.0
2018-10-26,2018-10-01,2018-10-02,-0.004010508425460219,-0.004010508425460219,-0.002092835194370507,-0.009777944456551807,0.047244094488188976,0.0
2018-10-29,2018-10-01,2018-10-02,-0.003292305943398655,-0.003292305943398655,-0.0029352168702671544,-0.004284193272549093,0.047244094488188976,0.0
2018-10-30,2018-10-01,2018-10-02,0.0030675271575449684,0.0030675271575449684,0.0013664120849735673,0.00782287273045844,0.047244094488188976,0.0
2018-10-31,2018-10-01,2018-10-02,0.0013454943163468507,0.0013454943163468507,-3.251575268842233e-06,0.005040855756773409,0.047244094488188976,0.0
2018-11-01,2018-10-01,2018-10-02,0.006526856831593887,0.006526856831593887,0.006105320803263925,0.009516704618325515,0.047244094488188976,0.0
2018-11-02,2018-10-01,2018-10-02,-0.005146915789173672,-0.005146915789173672,-0.004546045287839001,-0.0035119755320700274,0.047244094488188976,0.0
2018-11-05,2018-10-01,2018-10-02,0.00243297594301951,0.00243297594301951,0.0017612810822270897,0.00272521283449681,0.047244094488188976,0.0
2018-11-06,2018-10-01,2018-10-02,0.001491934900730107,0.001491934900730107,0.000717336487260245,0.003105890402897459,0.047244094488188976,0.0
2018-11-07,2018-10-01,2018-10-02,0.007809600486588529,0.007809600486588529,0.0056644051699415165,0.012824311107152247,0.047244094488188976,0.0
2018-11-08,2018-10-01,2018-10-02,-0.0010883705655864385,-0.0010883705655864385,-0.00101460005933382,-0.0016139936125552181,0.047244094488188976,0.0
2018-11-09,2018-10-01,2018-10-02,-0.0037979927314829303,-0.0037979927314829303,-0.0033825688277714094,-0.008596801290878326,0.047244094488188976,0.0
2018-11-12,2018-10-01,2018-10-02,-0.006340183277671174,-0.006340183277671174,-0.0048298220960158456,-0.012956280957703372,0.047244094488188976,0.0
2018-11-13,2018-10-01,2018-10-02,-0.0007379708164368948,-0.0007379708164368948,-0.0005332623422568128,-0.001036955671012231,0.047244094488188976,0.0
2018-11-14,2018-10-01,2018-10-02,-0.0005857135991014664,-0.0005857135991014664,0.0005112925074344243,-0.002087415212332665,0.047244094488188976,0.0
2018-11-15,2018-10-01,2018-10-02,0.00376977236235545,0.00376977236235545,0.0027828453039112078,0.006538047459727654,0.047244094488188976,0.0
2018-11-16,2018-10-01,2018-10-02,0.0038383773374797486,0.0038383773374797486,0.0039486456808356385,0.003364802429757189,0.047244094488188976,0.0
2018-11-19,2018-10-01,2018-10-02,-0.005136118063377753,-0.005136118063377753,-0.0034230565237054755,-0.010043285896304455,0.047244094488188976,0.0
2018-11-20,2018-10-01,2018-10-02,-0.006390156736815016,-0.006390156736815016,-0.00453955021748334,-0.01110363911599004,0.047244094488188976,0.0
2018-11-21,2018-10-01,2018-10-02,0.0014343589523855226,0.0014343589523855226,0.001175698843304901,0.002444984472063293,0.047244094488188976,0.0
2018-11-23,2018-10-01,2018-10-02,-0.0022322353508964165,-0.0022322353508964165,-0.0016031671366622813,-0.004196740047390901,0.047244094488188976,0.0
2018-11-26,2018-10-01,2018-10-02,0.004861397365866304,0.004861397365866304,0.003190811845316305,0.00941304534601816,0.047244094488188976,0.0
2018-11-27,2018-10-01,2018-10-02,0.0002670462728431406,0.0002670462728431406,-0.0003677221510985096,0.0005647129467280362,0.047244094488188976,0.0
2018-11-28,2018-10-01,2018-10-02,0.007589885372161004,0.007589885372161004,0.005474347519155903,0.014726915413039172,0.047244094488188976,0.0
2018-11-29,2018-10-01,2018-10-02,0.0008422247412119835,0.0008422247412119835,0.0012167705711376708,-0.0005509959148552284,0.047244094488188976,0.0
2018-11-30,2018-10-01,2018-10-02,0.0027232767012066667,0.0027232767012066667,0.0020273484660600083,0.003236139274260008,0.047244094488188976,0.0
2018-12-03,2018-10-01,2018-10-02,0.007915521249249435,0.007915521249249435,0.006967871891466193,0.0097795662981039,0.047244094488188976,0.0
2018-12-04,2018-10-01,2018-10-02,-0.005935467242882447,-0.005935467242882447,-0.0023902889460087617,-0.017955241166193563,0.047244094488188976,0.0
2018-12-06,2018-10-01,2018-10-02,0.00028818754865029834,0.00028818754865029834,0.0004484474024110119,-0.0008687371891829572,0.047244094488188976,0.0
2018-12-07,2018-10-01,2018-10-02,-0.006045287767359379,-0.006045287767359379,-0.0033162034849152644,-0.011965490636849867,0.047244094488188976,0.0
2018-12-10,2018-10-01,2018-10-02,0.001004063892058726,0.001004063892058726,0.0006407823757980102,0.00029217095585299454,0.047244094488188976,0.0
2018-12-11,2018-10-01,2018-10-02,-0.00020043623078083727,-0.00020043623078083727,-0.000282645632850298,-0.00015351091219669368,0.047244094488188976,0.0
2018-12-12,2018-10-01,2018-10-02,0.0010731613376286754,0.0010731613376286754,0.0006759627831795234,0.0035395136453378164,0.047244094488188976,0.0
2018-12-13,2018-10-01,2018-10-02,-0.0011516037259260317,-0.0011516037259260317,-0.0012280627877698236,-0.0007412783288654765,0.047244094488188976,0.0
2018-12-14,2018-10-01,2018-10-02,-0.006394402441875202,-0.006394402441875202,-0.004747861413537835,-0.012053322779519053,0.047244094488188976,0.0
2018-12-17,2018-10-01,2018-10-02,-0.004026458234752644,-0.004026458234752644,-0.001718653634105477,-0.010084956775438487,0.047244094488188976,0.0
2018-12-18,2018-10-01,2018-10-02,0.0015884434000710769,0.0015884434000710769,0.0018168712737872406,-7.911772699460825e-05,0.047244094488188976,0.0
2018-12-19,2018-10-01,2018-10-02,-0.003157504880394546,-0.003157504880394546,-0.001964634802352344,-0.010470240718754235,0.047244094488188976,0.0
2018-12-20,2018-10-01,2018-10-02,-0.003522332594536291,-0.003522332594536291,-0.0011238603190136254,-0.006011229248520664,0.047244094488188976,0.0
2018-12-21,2018-10-01,2018-10-02,-0.00808485748807468,-0.00808485748807468,-0.00625396446045251,-0.013356203208848621,0.047244094488188976,0.0
2018-12-24,2018-10-01,2018-10-02,-0.005815583207492979,-0.005815583207492979,-0.0026257744253264104,-0.013185761711621967,0.047244094488188976,0.0
2018-12-26,2018-10-01,2018-10-02,0.014404878098295118,0.014404878098295118,0.00920241868766511,0.029584090478693714,0.047244094488188976,0.0
2018-12-27,2018-10-01,2018-10-02,0.004249914207744521,0.004249914207744521,0.0038624037035963066,0.006459487628646235,0.047244094488188976,0.0
2018-12-28,2018-10-01,2018-10-02,0.0024647446082583127,0.0024647446082583127,0.0027969613792526993,0.00021612565774343736,0.047244094488188976,0.0
2018-12-31,2018-10-01,2018-10-02,0.0043294548838935685,0.0043294548838935685,0.0035320514348372023,0.005637684079663023,0.047244094488188976,0.0
2019-01-02,2018-10-01,2018-10-02,0.0018128158715363996,0.0018128158715363996,0.0017417753098018518,0.0007849527799760343,0.047244094488188976,0.0
2019-01-03,2019-01-02,2019-01-03,-0.003693849796132919,-0.003693849796132919,-0.0008542860809229169,0.009547393442761027,0.984251968503937,0.0
2019-01-04,2019-01-02,2019-01-03,0.00721238835192227,0.00721238835192227,0.0034585205967054,-0.009371015558890576,0.984251968503937,0.0
2019-01-07,2019-01-02,2019-01-03,0.002714304645455229,0.002714304645455229,0.0020987641318938877,-0.0007312988906219111,0.984251968503937,0.0
2019-01-08,2019-01-02,2019-01-03,0.002089654699579668,0.002089654699579668,0.001014733060630324,-0.0023893461188980707,0.984251968503937,0.0
2019-01-09,2019-01-02,2019-01-03,0.0025282390342427742,0.0025282390342427742,0.002381788374340943,0.0009866931149068005,0.984251968503937,0.0
2019-01-10,2019-01-02,2019-01-03,-0.0015509679092650668,-0.0015509679092650668,-0.0021980753089989313,-0.005626010251234647,0.984251968503937,0.0
2019-01-11,2019-01-02,2019-01-03,0.0014559154581254452,0.0014559154581254452,0.0015036646209235505,0.002858987475382868,0.984251968503937,0.0
2019-01-14,2019-01-02,2019-01-03,-0.002589449430636481,-0.002589449430636481,-0.001860309514592151,-0.0015184416582965554,0.984251968503937,0.0
2019-01-15,2019-01-02,2019-01-03,0.002754323811167347,0.002754323811167347,0.0015222374250423443,-0.0027071274100485578,0.984251968503937,0.0
2019-01-16,2019-01-02,2019-01-03,0.0017368091777676732,0.0017368091777676732,0.001654802611286088,0.0015595685956152129,0.984251968503937,0.0
2019-01-17,2019-01-02,2019-01-03,0.00245605306937855,0.00245605306937855,0.0016319526598632395,-0.00024278789590693602,0.984251968503937,0.0
2019-01-18,2019-01-02,2019-01-03,0.0015625792248165947,0.0015625792248165947,-0.00021469837891477384,-0.005823095551273102,0.984251968503937,0.0
2019-01-22,2019-01-02,2019-01-03,-0.002324122245127474,-0.002324122245127474,-0.0007954536103094434,0.005131042543751893,0.984251968503937,0.0
2019-01-23,2019-01-02,2019-01-03,0.0003485707288605365,0.0003485707288605365,6.934709917874593e-05,-0.0006690659740659294,0.984251968503937,0.0
2019-01-24,2019-01-02,2019-01-03,0.0015141239678003625,0.0015141239678003625,0.0013826359629942053,0.0034693839847831144,0.984251968503937,0.0
2019-01-25,2019-01-02,2019-01-03,0.004687747345217276,0.004687747345217276,0.004572474007955796,0.0015119400466393033,0.984251968503937,0.0
2019-01-28,2019-01-02,2019-01-03,-0.0022090658246435354,-0.0022090658246435354,-0.0012740490951186068,0.00045242990501201787,0.984251968503937,0.0
2019-01-29,2019-01-02,2019-01-03,0.0019213595708113878,0.0019213595708113878,0.002333895459970592,0.004718616010224896,0.984251968503937,0.0
2019-01-30,2019-01-02,2019-01-03,0.006500288170874469,0.006500288170874469,0.005203529026782283,0.0012718812527890107,0.984251968503937,0.0
2019-01-31,2019-01-02,2019-01-03,0.00531998839429999,0.00531998839429999,0.0044658230224413065,0.005304278760525506,0.984251968503937,0.0
2019-02-01,2019-01-02,2019-01-03,-0.0017419958542486903,-0.0017419958542486903,-0.0018904062547584755,-0.0042250326048598125,0.984251968503937,0.0
2019-02-04,2019-01-02,2019-01-03,0.00047878620534476087,0.00047878620534476087,-0.000441593338281282,-0.003979687222897175,0.984251968503937,0.0
2019-02-05,2019-01-02,2019-01-03,0.003125060189742912,0.003125060189742912,0.002834980770338169,0.003514592060419797,0.984251968503937,0.0
2019-02-06,2019-01-02,2019-01-03,-0.0016890943226946736,-0.0016890943226946736,-0.001895232997859847,-0.0017300500189094564,0.984251968503937,0.0
2019-02-07,2019-01-02,2019-01-03,-0.0011978060580293544,-0.0011978060580293544,-0.00012299852204541994,0.004695472727204162,0.984251968503937,0.0
2019-02-08,2019-01-02,2019-01-03,0.0022541842885765444,0.0022541842885765444,0.0023219453406158608,0.003700257133186468,0.984251968503937,0.0
2019-02-11,2019-01-02,2019-01-03,-0.0017687686567441968,-0.0017687686567441968,-0.002069812949493155,-0.0038271912100567122,0.984251968503937,0.0
2019-02-12,2019-01-02,2019-01-03,0.004285498054415321,0.004285498054415321,0.0031047486639172173,-0.0008952458575498517,0.984251968503937,0.0
2019-02-13,2019-01-02,2019-01-03,-0.0006008238344430764,-0.0006008238344430764,-0.0011233283248878456,-0.0034573776156583066,0.984251968503937,0.0
2019-02-14,2019-01-02,2019-01-03,0.001766573065478017,0.001766573065478017,0.0022680455470128202,0.005096410409462492,0.984251968503937,0.0
2019-02-15,2019-01-02,2019-01-03,0.00539705834112586,0.00539705834112586,0.004605610287524486,0.0027258363020627348,0.984251968503937,0.0
2019-02-19,2019-01-02,2019-01-03,0.0042858213386922205,0.0042858213386922205,0.0048739738074394245,0.006091866132917121,0.984251968503937,0.0
2019-02-20,2019-01-02,2019-01-03,-0.0003572589491544877,-0.0003572589491544877,-0.0006456306483300644,-0.0022379429778452416,0.984251968503937,0.0
2019-02-21,2019-01-02,2019-01-03,-0.0057405841047817995,-0.0057405841047817995,-0.005950284597086852,-0.00875520350476171,0.984251968503937,0.0
2019-02-22,2019-01-02,2019-01-03,0.004379161080996197,0.004379161080996197,0.003939074048765423,0.004654133873462829,0.984251968503937,0.0
2019-02-25,2019-01-02,2019-01-03,-0.00047093960710428164,-0.00047093960710428164,-0.0006588715469904582,-0.002087382538940607,0.984251968503937,0.0
2019-02-26,2019-01-02,2019-01-03,0.0013222058312487852,0.0013222058312487852,0.001477492700538957,0.0034726829749861295,0.984251968503937,0.0
2019-02-27,2019-01-02,2019-01-03,-0.004400075109882684,-0.004400075109882684,-0.00471147153064988,-0.00892364370666001,0.984251968503937,0.0
2019-02-28,2019-01-02,2019-01-03,-0.0026258885415213432,-0.0026258885415213432,-0.002720325931027584,-0.0037270310934503833,0.984251968503937,0.0
2019-03-01,2019-01-02,2019-01-03,-0.003528972595426895,-0.003528972595426895,-0.0050042254570338285,-0.010651154290210772,0.984251968503937,0.0
2019-03-04,2019-01-02,2019-01-03,0.00016128767813938772,0.00016128767813938772,0.00039374040087941653,0.003915011818580782,0.984251968503937,0.0
2019-03-05,2019-01-02,2019-01-03,0.0003098708946777607,0.0003098708946777607,0.0005116909146631599,0.00164922675872261,0.984251968503937,0.0
2019-03-06,2019-01-02,2019-01-03,-0.001382862804139384,-0.001382862804139384,-0.0008223220388626495,0.0019319027659963175,0.984251968503937,0.0
2019-03-07,2019-01-02,2019-01-03,-0.0014711448738303045,-0.0014711448738303045,-0.0006757502707198659,0.0036439399166490957,0.984251968503937,0.0
2019-03-08,2019-01-02,2019-01-03,0.002542222432296338,0.002542222432296338,0.0032895297781205812,0.005811383578261118,0.984251968503937,0.0
2019-03-11,2019-01-02,2019-01-03,0.0033583342947836933,0.0033583342947836933,0.0016639900131721619,-0.0032418555388361216,0.984251968503937,0.0
2019-03-12,2019-01-02,2019-01-03,0.004283710498452032,0.004283710498452032,0.00420928963635947,0.006023543975832069,0.984251968503937,0.0
2019-03-13,2019-01-02,2019-01-03,0.0032442291591708696,0.0032442291591708696,0.002931973129195159,0.0009674294937423115,0.984251968503937,0.0
2019-03-14,2019-01-02,2019-01-03,-0.004339190479584693,-0.004339190479584693,-0.004852560311217363,-0.007798104443752639,0.984251968503937,0.0
2019-03-15,2019-01-02,2019-01-03,0.00429784847301018,0.00429784847301018,0.004032507260359142,0.005341108412951568,0.984251968503937,0.0
2019-03-18,2019-01-02,2019-01-03,0.0012390762906945851,0.0012390762906945851,0.0009049482232835748,-0.00017443789488142902,0.984251968503937,0.0
2019-03-19,2019-01-02,2019-01-03,8.479243887958863e-05,8.479243887958863e-05,0.00019816730695781937,-0.0005021287835740298,0.984251968503937,0.0
2019-03-20,2019-01-02,2019-01-03,0.002858408129677182,0.002858408129677182,0.003483593249968997,0.008221299753155662,0.984251968503937,0.0
2019-03-21,2019-01-02,2019-01-03,0.003698026480539229,0.003698026480539229,0.0023672862643264736,0.00011289369380489611,0.984251968503937,0.0
2019-03-22,2019-01-02,2019-01-03,-0.0023835415898711292,-0.0023835415898711292,-0.0003416863952708238,0.01002422297736822,0.984251968503937,0.0
2019-03-25,2019-01-02,2019-01-03,0.0016699036596365463,0.0016699036596365463,0.0021282320082929573,0.003259855141794875,0.984251968503937,0.0
2019-03-26,2019-01-02,2019-01-03,0.0014362473461697327,0.0014362473461697327,0.00044270318624831106,-0.0019208948616425729,0.984251968503937,0.0
2019-03-27,2019-01-02,2019-01-03,-0.0005752995165645427,-0.0005752995165645427,-0.00031386526352233934,0.0039529065684400285,0.984251968503937,0.0
2019-03-28,2019-01-02,2019-01-03,-0.0006318080275988579,-0.0006318080275988579,-0.0017185058643516826,-0.0021528907266416854,0.984251968503937,0.0
2019-03-29,2019-01-02,2019-01-03,0.0021503803830451363,0.0021503803830451363,0.0015649537729078289,-0.0002981010027669697,0.984251968503937,0.0
2019-04-01,2019-01-02,2019-01-03,-0.00018711723573113296,-0.00018711723573113296,-0.0015697284102892672,-0.009702536508023416,0.984251968503937,0.0
2019-04-02,2019-01-02,2019-01-03,0.0013744133267991512,0.0013744133267991512,0.0015105223406361445,0.0022202114173752946,0.984251968503937,0.0
2019-04-03,2019-01-02,2019-01-03,-0.0019112869086901408,-0.0019112869086901408,-0.0021424127216775335,-0.005643152885493363,0.984251968503937,0.0
2019-04-04,2019-04-03,2019-04-04,0.002145927652179114,0.002145927652179114,0.002007888440324679,0.00237474082431867,0.9763779527559056,0.0
2019-04-05,2019-04-03,2019-04-04,0.0018041361237477902,0.0018041361237477902,0.0012668634163903458,-0.00020451518486268338,0.9763779527559056,0.0
2019-04-08,2019-04-03,2019-04-04,0.00024901866101201286,0.00024901866101201286,0.0003900063726089975,0.0015995015086960936,0.9763779527559056,0.0
2019-04-09,2019-04-03,2019-04-04,3.9917499806957964e-05,3.9917499806957964e-05,0.0008136331615380132,0.0039720172132668135,0.9763779527559056,0.0
2019-04-10,2019-04-03,2019-04-04,0.0024158995508191342,0.0024158995508191342,0.0022291008014819758,0.002590426127353951,0.9763779527559056,0.0
2019-04-11,2019-04-03,2019-04-04,-0.004123567529938822,-0.004123567529938822,-0.00473536839658853,-0.009362673809372368,0.9763779527559056,0.0
2019-04-12,2019-04-03,2019-04-04,0.0003906602595813987,0.0003906602595813987,-0.0003351377297270697,-0.002544173301999888,0.9763779527559056,0.0
2019-04-15,2019-04-03,2019-04-04,2.500175379170893e-05,2.500175379170893e-05,-3.906811505527408e-06,-0.0004165223409839029,0.9763779527559056,0.0
2019-04-16,2019-04-03,2019-04-04,-0.0031287052001672594,-0.0031287052001672594,-0.003642424041024689,-0.007165508586733224,0.9763779527559056,0.0
2019-04-17,2019-04-03,2019-04-04,-0.001135965563519109,-0.001135965563519109,-0.0009866925528191905,-0.00106012530232893,0.9763779527559056,0.0
2019-04-18,2019-04-03,2019-04-04,0.002147510887995652,0.002147510887995652,0.001988018516685841,0.0019763633135546793,0.9763779527559056,0.0
2019-04-22,2019-04-03,2019-04-04,-0.0008983922991210591,-0.0008983922991210591,-0.000984620835580291,-0.001365620081923322,0.9763779527559056,0.0
2019-04-23,2019-04-03,2019-04-04,0.0032632462869705333,0.0032632462869705333,0.0022602305123673727,-0.0005178569548408746,0.9763779527559056,0.0
2019-04-24,2019-04-03,2019-04-04,0.0018454638560376048,0.0018454638560376048,0.002213095558209449,0.004058947141121552,0.9763779527559056,0.0
2019-04-25,2019-04-03,2019-04-04,-0.0004136077940496862,-0.0004136077940496862,-0.0003105013597908268,7.229527349392369e-05,0.9763779527559056,0.0
2019-04-26,2019-04-03,2019-04-04,0.003807932281767291,0.003807932281767291,0.0036740085259969746,0.00501882069551297,0.9763779527559056,0.0
2019-04-29,2019-04-03,2019-04-04,-0.0019364587382558365,-0.0019364587382558365,-0.002315701895104577,-0.00447922257236128,0.9763779527559056,0.0
2019-04-30,2019-04-03,2019-04-04,0.002071391668556744,0.002071391668556744,0.0021734749097445105,0.003312982346539121,0.9763779527559056,0.0
2019-05-01,2019-04-03,2019-04-04,-0.0029197811353263493,-0.0029197811353263493,-0.0024981628260350996,-0.002876403052266971,0.9763779527559056,0.0
2019-05-02,2019-04-03,2019-04-04,-0.0027102233106267304,-0.0027102233106267304,-0.002685332114969491,-0.003686527982780495,0.9763779527559056,0.0
2019-05-03,2019-04-03,2019-04-04,0.005319477956822139,0.005319477956822139,0.00463664638928557,0.00449498032591762,0.9763779527559056,0.0
2019-05-06,2019-04-03,2019-04-04,-0.0004878612494415177,-0.0004878612494415177,-1.0026500976229036e-05,0.0015299523901593994,0.9763779527559056,0.0
2019-05-07,2019-04-03,2019-04-04,-0.0032674398623640296,-0.0032674398623640296,-0.0014319076124678087,0.003964001590642977,0.9763779527559056,0.0
2019-05-08,2019-04-03,2019-04-04,-0.0020615279717201562,-0.0020615279717201562,-0.002046384082893954,-0.0027428425453793308,0.9763779527559056,0.0
2019-05-09,2019-04-03,2019-04-04,0.0004456502277179588,0.0004456502277179588,0.0008681349482370371,0.0025751027512216284,0.9763779527559056,0.0
2019-05-10,2019-04-03,2019-04-04,0.001797367759405749,0.001797367759405749,0.0013899250503447702,0.0008143562869038708,0.9763779527559056,0.0
2019-05-13,2019-04-03,2019-04-04,-0.00478940010837081,-0.00478940010837081,-0.0017657777079347903,0.008049087554415477,0.9763779527559056,0.0
2019-05-14,2019-04-03,2019-04-04,0.002087288026413969,0.002087288026413969,0.0010972991593339032,-0.001752067665199275,0.9763779527559056,0.0
2019-05-15,2019-04-03,2019-04-04,0.003471389640991384,0.003471389640991384,0.0028570742281297523,0.0014960432395176803,0.9763779527559056,0.0
2019-05-16,2019-04-03,2019-04-04,0.0009709278457596165,0.0009709278457596165,-0.00031471021792492393,-0.005147191513979115,0.9763779527559056,0.0
2019-05-17,2019-04-03,2019-04-04,-0.003121401547568892,-0.003121401547568892,-0.002828769818513016,-0.003692797387864706,0.9763779527559056,0.0
2019-05-20,2019-04-03,2019-04-04,-0.0028468147105498386,-0.0028468147105498386,-0.002189751739222534,-0.0007288689649653159,0.9763779527559056,0.0
2019-05-21,2019-04-03,2019-04-04,0.002293716975837884,0.002293716975837884,0.0012760610591122656,-0.0017300895667069283,0.9763779527559056,0.0
2019-05-22,2019-04-03,2019-04-04,0.00015943610622173304,0.00015943610622173304,0.00041678414527654417,0.0010065831253172806,0.9763779527559056,0.0
2019-05-23,2019-04-03,2019-04-04,8.236239016111771e-05,8.236239016111771e-05,0.0016909344471526255,0.00770585238668303,0.9763779527559056,0.0
2019-05-24,2019-04-03,2019-04-04,0.001223786104835556,0.001223786104835556,0.0010506166025184838,0.0009207022651598502,0.9763779527559056,0.0
2019-05-28,2019-04-03,2019-04-04,-0.002230118341812765,-0.002230118341812765,-0.0014938113897364214,-0.0003822487180066708,0.9763779527559056,0.0
2019-05-29,2019-04-03,2019-04-04,-0.0015251028064765082,-0.0015251028064765082,-0.000837467781412804,0.0009792676937586786,0.9763779527559056,0.0
2019-05-30,2019-04-03,2019-04-04,0.0044625184931383795,0.0044625184931383795,0.004528580544349903,0.0065728035493279584,0.9763779527559056,0.0
2019-05-31,2019-04-03,2019-04-04,0.001108751253889313,0.001108751253889313,0.0031301585469199755,0.011499457552191622,0.9763779527559056,0.0
2019-06-03,2019-04-03,2019-04-04,0.0036689502823278497,0.0036689502823278497,0.004644849925398292,0.010544812496647394,0.9763779527559056,0.0
2019-06-04,2019-04-03,2019-04-04,0.004810787616467182,0.004810787616467182,0.002656114936497256,-0.0027925186599912968,0.9763779527559056,0.0
2019-06-05,2019-04-03,2019-04-04,0.002130344266024864,0.002130344266024864,0.0013919623889914745,2.7330385169114374e-05,0.9763779527559056,0.0
2019-06-06,2019-04-03,2019-04-04,0.0037358957242530464,0.0037358957242530464,0.0032490011489402226,0.002971447568888363,0.9763779527559056,0.0
2019-06-07,2019-04-03,2019-04-04,0.00679353713506844,0.00679353713506844,0.00607486005680169,0.005997691362519436,0.9763779527559056,0.0
2019-06-10,2019-04-03,2019-04-04,-0.00273781870130343,-0.00273781870130343,-0.0036943477023853866,-0.00861134046901929,0.9763779527559056,0.0
2019-06-11,2019-04-03,2019-04-04,-0.0001709032097040209,-0.0001709032097040209,-0.0002065253707486947,-0.0005454915084452171,0.9763779527559056,0.0
2019-06-12,2019-04-03,2019-04-04,0.0006120608465873094,0.0006120608465873094,0.0010482138262978002,0.0033118519818868693,0.9763779527559056,0.0
2019-06-13,2019-04-03,2019-04-04,0.003529028190409467,0.003529028190409467,0.003422348797955055,0.004713678314097551,0.9763779527559056,0.0
2019-06-14,2019-04-03,2019-04-04,0.00017906864725944494,0.00017906864725944494,0.0002738111684577327,0.0005176865200379817,0.9763779527559056,0.0
2019-06-17,2019-04-03,2019-04-04,0.0004440892523691064,0.0004440892523691064,0.0003744232487992438,0.00012747008275899364,0.9763779527559056,0.0
2019-06-18,2019-04-03,2019-04-04,0.005929968882644532,0.005929968882644532,0.005135861837474609,0.004611645898632074,0.9763779527559056,0.0
2019-06-19,2019-04-03,2019-04-04,0.002360398445986689,0.002360398445986689,0.0024375568662097225,0.004075947638642578,0.9763779527559056,0.0
2019-06-20,2019-04-03,2019-04-04,0.009039571660897895,0.009039571660897895,0.009343076607240208,0.015989974944578694,0.9763779527559056,0.0
2019-06-21,2019-04-03,2019-04-04,-0.0019282290026830403,-0.0019282290026830403,-0.0014511090928019665,0.0008109710305806536,0.9763779527559056,0.0
2019-06-24,2019-04-03,2019-04-04,0.004405902842335087,0.004405902842335087,0.005270841094476342,0.01103307599827772,0.9763779527559056,0.0
2019-06-25,2019-04-03,2019-04-04,-0.002270473969582753,-0.002270473969582753,-0.0011926128376014145,0.0019236004342107586,0.9763779527559056,0.0
2019-06-26,2019-04-03,2019-04-04,-0.0037822220684226035,-0.0037822220684226035,-0.0041407301360847915,-0.007348034285128967,0.9763779527559056,0.0
2019-06-27,2019-04-03,2019-04-04,0.002807355572647219,0.002807355572647219,0.0024038610951097883,0.0014813697803972255,0.9763779527559056,0.0
2019-06-28,2019-04-03,2019-04-04,0.002173790741606441,0.002173790741606441,0.001794714831718336,0.0014996489885092284,0.9763779527559056,0.0
2019-07-01,2019-04-03,2019-04-04,-0.0012811906420183553,-0.0012811906420183553,-0.003157506600426352,-0.012172937151453487,0.9763779527559056,0.0
2019-07-02,2019-04-03,2019-04-04,0.0071118262689496515,0.0071118262689496515,0.00791937692679473,0.015062553063276942,0.9763779527559056,0.0
2019-07-03,2019-04-03,2019-04-04,0.004910436742902157,0.004910436742902157,0.004193355626497919,0.003139556293246022,0.9763779527559056,0.0
2019-07-05,2019-07-03,2019-07-05,-0.005944151584998687,-0.005944151584998687,-0.0063878309640686415,-0.002059082522042944,0.03937007874015748,0.0
2019-07-08,2019-07-03,2019-07-05,-0.0028697770195147965,-0.0028697770195147965,-0.0026419643700311135,-0.00315563678973337,0.03937007874015748,0.0
2019-07-09,2019-07-03,2019-07-05,0.0010426590368823765,0.0010426590368823765,0.0010932142387231614,0.000708654778735721,0.03937007874015748,0.0
2019-07-10,2019-07-03,2019-07-05,0.003453070858541858,0.003453070858541858,0.0037646504275992976,0.0022954032750344437,0.03937007874015748,0.0
2019-07-11,2019-07-03,2019-07-05,-0.0042058484107664555,-0.0042058484107664555,-0.004862441595386874,2.1310532471183544e-05,0.03937007874015748,0.0
2019-07-12,2019-07-03,2019-07-05,0.003106146897397411,0.003106146897397411,0.0029711782119892782,0.002805853496176343,0.03937007874015748,0.0
2019-07-15,2019-07-03,2019-07-05,0.0015563176085084175,0.0015563176085084175,0.001523047511160558,0.0007972009759415902,0.03937007874015748,0.0
2019-07-16,2019-07-03,2019-07-05,-0.003565652517140672,-0.003565652517140672,-0.003666267393822059,-0.0022439982054613785,0.03937007874015748,0.0
2019-07-17,2019-07-03,2019-07-05,0.0036107208789365754,0.0036107208789365754,0.005114499846043535,-0.0029627428569820352,0.03937007874015748,0.0
2019-07-18,2019-07-03,2019-07-05,0.0041237209788622334,0.0041237209788622334,0.004463535465133284,0.002204317469443508,0.03937007874015748,0.0
2019-07-19,2019-07-03,2019-07-05,-0.005476888732207159,-0.005476888732207159,-0.005657748758285758,-0.003576728810787296,0.03937007874015748,0.0
2019-07-22,2019-07-03,2019-07-05,0.0013047677820422154,0.0013047677820422154,0.0010516715738428106,0.0016709668703374489,0.03937007874015748,0.0
2019-07-23,2019-07-03,2019-07-05,7.84347646124936e-06,7.84347646124936e-06,-0.0009898340498972202,0.0037240651860225705,0.03937007874015748,0.0
2019-07-24,2019-07-03,2019-07-05,0.003747839618460336,0.003747839618460336,0.003532244166128795,0.0032701391460377227,0.03937007874015748,0.0
2019-07-25,2019-07-03,2019-07-05,-0.00428095090856081,-0.00428095090856081,-0.004156749451868669,-0.003362160884996225,0.03937007874015748,0.0
2019-07-26,2019-07-03,2019-07-05,0.003265718259833572,0.003265718259833572,0.002678152481385754,0.004265307494714518,0.03937007874015748,0.0
2019-07-29,2019-07-03,2019-07-05,0.0007704830737290673,0.0007704830737290673,0.0012855894044744853,-0.00106120276193874,0.03937007874015748,0.0
2019-07-30,2019-07-03,2019-07-05,0.000418219894227018,0.000418219894227018,0.0008309400240094356,-0.0012203413757178186,0.03937007874015748,0.0
2019-07-31,2019-07-03,2019-07-05,-0.004441608182824514,-0.004441608182824514,-0.00400320912479421,-0.005730025931965218,0.03937007874015748,0.0
2019-08-01,2019-07-03,2019-07-05,0.006721612010974838,0.006721612010974838,0.008793516035521282,-0.003164194784909375,0.03937007874015748,0.0
2019-08-02,2019-07-03,2019-07-05,-0.0010872147715228874,-0.0010872147715228874,-0.0005248665037878852,-0.0035587866641166783,0.03937007874015748,0.0
2019-08-05,2019-07-03,2019-07-05,-0.0034072794346907947,-0.0034072794346907947,0.00029914140132589195,-0.016250239538229534,0.03937007874015748,0.0
2019-08-06,2019-07-03,2019-07-05,0.008532000999304712,0.008532000999304712,0.007536114074416511,0.009243158417357282,0.03937007874015748,0.0
2019-08-07,2019-07-03,2019-07-05,0.0033341216986200414,0.0033341216986200414,0.004034509087249838,0.00039166316637361795,0.03937007874015748,0.0
2019-08-08,2019-07-03,2019-07-05,0.008409705463276995,0.008409705463276995,0.006699418630731535,0.01199445237018889,0.03937007874015748,0.0
2019-08-09,2019-07-03,2019-07-05,-0.003546398858938832,-0.003546398858938832,-0.003031012177979575,-0.004294260546094468,0.03937007874015748,0.0
2019-08-12,2019-07-03,2019-07-05,0.0028916098176712877,0.0028916098176712877,0.0045938548407591095,-0.00514059898931463,0.03937007874015748,0.0
2019-08-13,2019-07-03,2019-07-05,0.0033943552062475667,0.0033943552062475667,0.0015412173040766086,0.008975376711737662,0.03937007874015748,0.0
2019-08-14,2019-07-03,2019-07-05,-0.003348040250048527,-0.003348040250048527,-4.920517617487685e-05,-0.015403003384020984,0.03937007874015748,0.0
2019-08-15,2019-07-03,2019-07-05,0.005035608527627378,0.005035608527627378,0.00510415091042854,0.002738956812639995,0.03937007874015748,0.0
2019-08-16,2019-07-03,2019-07-05,0.0018810442284640343,0.0018810442284640343,8.546046159801923e-05,0.008021684395620551,0.03937007874015748,0.0
2019-08-19,2019-07-03,2019-07-05,-0.0016981063349263254,-0.0016981063349263254,-0.003487708433738773,0.005744764685188002,0.03937007874015748,0.0
2019-08-20,2019-07-03,2019-07-05,0.0014635039407731095,0.0014635039407731095,0.002619528328805215,-0.003524148759161033,0.03937007874015748,0.0
2019-08-21,2019-07-03,2019-07-05,0.0005482339680292045,0.0005482339680292045,-0.0004235552713736934,0.004189826852754454,0.03937007874015748,0.0
2019-08-22,2019-07-03,2019-07-05,-0.0022759821283743877,-0.0022759821283743877,-0.0023721552715205985,-0.000873865165341021,0.03937007874015748,0.0
2019-08-23,2019-07-03,2019-07-05,-0.0009640352043546168,-0.0009640352043546168,0.002584212762033189,-0.013707352741417302,0.03937007874015748,0.0
2019-08-26,2019-07-03,2019-07-05,0.0028877130948609993,0.0028877130948609993,0.001788802117047239,0.0062157078826493625,0.03937007874015748,0.0
2019-08-27,2019-07-03,2019-07-05,0.0043932825128355285,0.0043932825128355285,0.005264143055524029,-0.0007551612678285274,0.03937007874015748,0.0
2019-08-28,2019-07-03,2019-07-05,0.002222922582184272,0.002222922582184272,0.001377950041015319,0.004358395088645433,0.03937007874015748,0.0
2019-08-29,2019-07-03,2019-07-05,0.002090343327958032,0.002090343327958032,0.0004548389155265009,0.007270542490476381,0.03937007874015748,0.0
2019-08-30,2019-07-03,2019-07-05,-0.0006009908453365243,-0.0006009908453365243,-0.0006849460462847456,-0.00023827313348308271,0.03937007874015748,0.0
2019-09-03,2019-07-03,2019-07-05,0.0010588500684126376,0.0010588500684126376,0.0023392838115156855,-0.0033746465241006824,0.03937007874015748,0.0
2019-09-04,2019-07-03,2019-07-05,0.005595256702520524,0.005595256702520524,0.004772355077576729,0.0069656040628440635,0.03937007874015748,0.0
2019-09-05,2019-07-03,2019-07-05,-0.00482849026815221,-0.00482849026815221,-0.007314110216326636,0.005834266596506555,0.03937007874015748,0.0
2019-09-06,2019-07-03,2019-07-05,0.0003442895635534678,0.0003442895635534678,-0.00015901238861223965,0.0012011597667846584,0.03937007874015748,0.0
2019-09-09,2019-07-03,2019-07-05,-0.005011737453493337,-0.005011737453493337,-0.0052488533484766065,-0.0015408564919966723,0.03937007874015748,0.0
2019-09-10,2019-07-03,2019-07-05,-0.006175839959831869,-0.006175839959831869,-0.006580255277243291,-0.00195954873940309,0.03937007874015748,0.0
2019-09-11,2019-07-03,2019-07-05,0.003257268657213658,0.003257268657213658,0.002849372703794234,0.004082106305878597,0.03937007874015748,0.0
2019-09-12,2019-07-03,2019-07-05,-1.4019300687512096e-05,-1.4019300687512096e-05,-0.000257606121642856,0.0013987421425058952,0.03937007874015748,0.0
2019-09-13,2019-07-03,2019-07-05,-0.00722793614395082,-0.00722793614395082,-0.007575507376075874,-0.002614443442124254,0.03937007874015748,0.0
2019-09-16,2019-07-03,2019-07-05,0.003774244238569641,0.003774244238569641,0.004500583940974717,-0.0005313595130542121,0.03937007874015748,0.0
2019-09-17,2019-07-03,2019-07-05,0.002638720939794481,0.002638720939794481,0.002484545576811825,0.002082264778605686,0.03937007874015748,0.0
2019-09-18,2019-07-03,2019-07-05,1.3140699217972394e-05,1.3140699217972394e-05,-0.00036093911736226336,0.0007991648887803223,0.03937007874015748,0.0
2019-09-19,2019-07-03,2019-07-05,0.0015389922374905445,0.0015389922374905445,0.0017481620471360704,0.00027233783758820777,0.03937007874015748,0.0
2019-09-20,2019-07-03,2019-07-05,0.00401307474064599,0.00401307474064599,0.00507659409295072,-0.0014642690384336935,0.03937007874015748,0.0
2019-09-23,2019-07-03,2019-07-05,0.000984200347120157,0.000984200347120157,0.0012874656225336234,-0.00016267900988215788,0.03937007874015748,0.0
2019-09-24,2019-07-03,2019-07-05,0.0013245059533616827,0.0013245059533616827,0.002373545862769638,-0.003457470281251249,0.03937007874015748,0.0
2019-09-25,2019-07-03,2019-07-05,-0.005295654412952029,-0.005295654412952029,-0.006814371644239592,0.002031096053209073,0.03937007874015748,0.0
2019-09-26,2019-07-03,2019-07-05,0.000822651190520335,0.000822651190520335,0.001016816016915667,-0.0005822534613545785,0.03937007874015748,0.0
2019-09-27,2019-07-03,2019-07-05,-0.002300683172246021,-0.002300683172246021,-0.0020193455425703555,-0.002977456580503987,0.03937007874015748,0.0
2019-09-30,2019-07-03,2019-07-05,-0.0008689467349264801,-0.0008689467349264801,-0.00210895942925321,0.003036890117506878,0.03937007874015748,0.0
2019-10-01,2019-07-03,2019-07-05,-0.0023159193368599,-0.0023159193368599,-0.0008528144512587599,-0.006824420895160298,0.03937007874015748,0.0
2019-10-02,2019-07-03,2019-07-05,-0.003236972936420317,-0.003236972936420317,-0.0008868582507518263,-0.010345095170494324,0.03937007874015748,0.0
2019-10-03,2019-10-02,2019-10-03,0.006054139445388662,0.006054139445388662,0.005461362027599004,0.006979924156547906,0.023622047244094488,0.0
2019-10-04,2019-10-02,2019-10-03,0.006582070790368621,0.006582070790368621,0.0052288761039592235,0.004975886534958786,0.023622047244094488,0.0
2019-10-07,2019-10-02,2019-10-03,-0.005287668947932134,-0.005287668947932134,-0.0052825620087110225,-0.0073613725765003645,0.023622047244094488,0.0
2019-10-08,2019-10-02,2019-10-03,-0.0030117780470035483,-0.0030117780470035483,-0.001022136562216197,0.0032604318520399575,0.023622047244094488,0.0
2019-10-09,2019-10-02,2019-10-03,0.002094888019245672,0.002094888019245672,0.0011910436712483097,-0.0027681334843327474,0.023622047244094488,0.0
2019-10-10,2019-10-02,2019-10-03,-0.003102406570599043,-0.003102406570599043,-0.004215197108203617,-0.010930775016407882,0.023622047244094488,0.0
2019-10-11,2019-10-02,2019-10-03,-0.0005736290053056155,-0.0005736290053056155,-0.0018873109118641707,-0.008446495770996423,0.023622047244094488,0.0
2019-10-14,2019-10-02,2019-10-03,0.002225713019209408,0.002225713019209408,0.0025370650967951325,0.005351379407353094,0.023622047244094488,0.0
2019-10-15,2019-10-02,2019-10-03,-0.0009510120039961441,-0.0009510120039961441,-0.002289580966753829,-0.008663634353520789,0.023622047244094488,0.0
2019-10-16,2019-10-02,2019-10-03,0.0008880080391783123,0.0008880080391783123,0.0013351035068026595,0.0021527898322905186,0.023622047244094488,0.0
2019-10-17,2019-10-02,2019-10-03,0.0007095683101203288,0.0007095683101203288,0.00048590596994865787,-0.0009689452302549925,0.023622047244094488,0.0
2019-10-18,2019-10-02,2019-10-03,-0.0017452467952810968,-0.0017452467952810968,-0.0013608981085447558,-0.0004535202867020626,0.023622047244094488,0.0
2019-10-21,2019-10-02,2019-10-03,-0.00046206181340932063,-0.00046206181340932063,-0.0013784756883969962,-0.0054789560538747745,0.023622047244094488,0.0
2019-10-22,2019-10-02,2019-10-03,0.0009050375951948022,0.0009050375951948022,0.0013783524331200114,0.004138100836039487,0.023622047244094488,0.0
2019-10-23,2019-10-02,2019-10-03,0.001740353319933008,0.001740353319933008,0.0015670853595711742,0.0013315361222443992,0.023622047244094488,0.0
2019-10-24,2019-10-02,2019-10-03,0.0014931705370105246,0.0014931705370105246,0.0016855516901340684,0.0007089766608804511,0.023622047244094488,0.0
2019-10-25,2019-10-02,2019-10-03,0.0006783983130685457,0.0006783983130685457,0.0003854972363679099,-0.0021601076316174147,0.023622047244094488,0.0
2019-10-28,2019-10-02,2019-10-03,-0.0020213524257153568,-0.0020213524257153568,-0.003015009296126858,-0.007463770883072965,0.023622047244094488,0.0
2019-10-29,2019-10-02,2019-10-03,-0.0004944839121037216,-0.0004944839121037216,-0.0006034500315762747,-0.0003383910416351324,0.023622047244094488,0.0
2019-10-30,2019-10-02,2019-10-03,0.005830113966909934,0.005830113966909934,0.005797897978381317,0.010329804044420252,0.023622047244094488,0.0
2019-10-31,2019-10-02,2019-10-03,0.004440161833205032,0.004440161833205032,0.0052064194767957594,0.010583193592057217,0.023622047244094488,0.0
2019-11-01,2019-10-02,2019-10-03,0.0026554097610563543,0.0026554097610563543,0.0017746363498867546,-0.0012363559182485395,0.023622047244094488,0.0
2019-11-04,2019-10-02,2019-10-03,-0.002459638379085422,-0.002459638379085422,-0.0030051618981151162,-0.00848191629528457,0.023622047244094488,0.0
2019-11-05,2019-10-02,2019-10-03,-0.006434712642346775,-0.006434712642346775,-0.0071331155762107135,-0.010993945927058112,0.023622047244094488,0.0
2019-11-06,2019-10-02,2019-10-03,0.0024508525525361647,0.0024508525525361647,0.0026425432022292306,0.004754276131257519,0.023622047244094488,0.0
2019-11-07,2019-10-02,2019-10-03,-0.0064030341943152784,-0.0064030341943152784,-0.0075307522591974985,-0.014759410606031715,0.023622047244094488,0.0
2019-11-08,2019-10-02,2019-10-03,-0.0014615760963337114,-0.0014615760963337114,-0.0020264341726849433,-0.004077802765514161,0.023622047244094488,0.0
2019-11-11,2019-10-02,2019-10-03,-0.000981944233238502,-0.000981944233238502,-0.0009111031276113901,-0.00030057483589055953,0.023622047244094488,0.0
2019-11-12,2019-10-02,2019-10-03,0.002425714205969454,0.002425714205969454,0.002349938591373446,0.003541615960959207,0.023622047244094488,0.0
2019-11-13,2019-10-02,2019-10-03,0.0025358861731268447,0.0025358861731268447,0.002703625734544246,0.004945550003792407,0.023622047244094488,0.0
2019-11-14,2019-10-02,2019-10-03,0.003932586344147337,0.003932586344147337,0.003997174086153021,0.00734781758159611,0.023622047244094488,0.0
2019-11-15,2019-10-02,2019-10-03,0.0017557261370180982,0.0017557261370180982,0.0009057776332209722,-0.0010165498940412632,0.023622047244094488,0.0
2019-11-18,2019-10-02,2019-10-03,0.0013051004636842724,0.0013051004636842724,0.0013796837715883692,0.0018889925322123778,0.023622047244094488,0.0
2019-11-19,2019-10-02,2019-10-03,0.0020832484134613084,0.0020832484134613084,0.0021373451083946116,0.005119188494614376,0.023622047244094488,0.0
2019-11-20,2019-10-02,2019-10-03,0.00138634053724509,0.00138634053724509,0.0017834417661069524,0.006189738099597244,0.023622047244094488,0.0
2019-11-21,2019-10-02,2019-10-03,-0.0032233905142852186,-0.0032233905142852186,-0.0033363363806954704,-0.005242658393082529,0.023622047244094488,0.0
2019-11-22,2019-10-02,2019-10-03,0.0007238189538599113,0.0007238189538599113,0.00040720277408018424,0.0003736856169094514,0.023622047244094488,0.0
2019-11-25,2019-10-02,2019-10-03,0.0024867789803368896,0.0024867789803368896,0.0014721966275122178,0.0008265883785442574,0.023622047244094488,0.0
2019-11-26,2019-10-02,2019-10-03,0.003216938354787369,0.003216938354787369,0.0032311097082872164,0.004848045362789145,0.023622047244094488,0.0
2019-11-27,2019-10-02,2019-10-03,-0.00022615046185975362,-0.00022615046185975362,-0.0009368740892130301,-0.002939373767146296,0.023622047244094488,0.0
2019-11-29,2019-10-02,2019-10-03,-0.0005902278966665947,-0.0005902278966665947,9.08134175431341e-05,0.00018204383922059667,0.023622047244094488,0.0
2019-12-02,2019-10-02,2019-10-03,-0.00640785499532947,-0.00640785499532947,-0.0055837617812433404,-0.008473901996393345,0.023622047244094488,0.0
2019-12-03,2019-10-02,2019-10-03,0.004810592311774531,0.004810592311774531,0.0059602182204139265,0.014797537685451893,0.023622047244094488,0.0
2019-12-04,2019-10-02,2019-10-03,-0.000609980731348603,-0.000609980731348603,-0.0012952618595103438,-0.006096888453890853,0.023622047244094488,0.0
2019-12-05,2019-10-02,2019-10-03,-0.0004716022288335064,-0.0004716022288335064,-0.0006226333806299278,-0.0026967386057298527,0.023622047244094488,0.0
2019-12-06,2019-10-02,2019-10-03,-0.0001723232089249245,-0.0001723232089249245,-0.0015821259729553727,-0.005530277770242105,0.023622047244094488,0.0
2019-12-09,2019-10-02,2019-10-03,-0.0006164617622255841,-0.0006164617622255841,-0.00031658848759871794,0.0010987106499883849,0.023622047244094488,0.0
2019-12-10,2019-10-02,2019-10-03,0.00019469001623579913,0.00019469001623579913,0.00044794712188295227,0.0007344867802366183,0.023622047244094488,0.0
2019-12-11,2019-10-02,2019-10-03,0.004335837726021396,0.004335837726021396,0.004396241437987336,0.006618871981563369,0.023622047244094488,0.0
2019-12-12,2019-10-02,2019-10-03,-0.001803264470238442,-0.001803264470238442,-0.0028415359074017432,-0.010443095540436199,0.023622047244094488,0.0
2019-12-13,2019-10-02,2019-10-03,0.0039973707002987635,0.0039973707002987635,0.004161431969740281,0.00812799561100542,0.023622047244094488,0.0
2019-12-16,2019-10-02,2019-10-03,0.00014280862582181068,0.00014280862582181068,-0.0005478574509540646,-0.005135660610942738,0.023622047244094488,0.0
2019-12-17,2019-10-02,2019-10-03,-0.00031133865189756363,-0.00031133865189756363,-0.0003439943447298144,-0.0008745456513724308,0.023622047244094488,0.0
2019-12-18,2019-10-02,2019-10-03,-0.002016770791655165,-0.002016770791655165,-0.0020194290131119175,-0.004906163452083355,0.023622047244094488,0.0
2019-12-19,2019-10-02,2019-10-03,0.002352579103976471,0.002352579103976471,0.0020721550985252635,0.0017977698279604316,0.023622047244094488,0.0
2019-12-20,2019-10-02,2019-10-03,0.0020650121405192843,0.0020650121405192843,0.0016768253887775586,0.001228897359816782,0.023622047244094488,0.0
2019-12-23,2019-10-02,2019-10-03,0.0007853635840595176,0.0007853635840595176,0.0007866462399147567,-1.6184440761880586e-05,0.023622047244094488,0.0
2019-12-24,2019-10-02,2019-10-03,0.002611670928937016,0.002611670928937016,0.003080203750414401,0.0041653290368088135,0.023622047244094488,0.0
2019-12-26,2019-10-02,2019-10-03,0.00403751860784758,0.00403751860784758,0.0038980337985615177,0.0037018032746625453,0.023622047244094488,0.0
2019-12-27,2019-10-02,2019-10-03,0.0001165874429188529,0.0001165874429188529,0.000123803756731794,0.0005553150627993207,0.023622047244094488,0.0
2019-12-30,2019-10-02,2019-10-03,-0.002418371684675019,-0.002418371684675019,-0.0017616611733528298,-0.0018597631708894783,0.023622047244094488,0.0
2019-12-31,2019-10-02,2019-10-03,-0.0012195935395981682,-0.0012195935395981682,-0.0013678709832286862,-0.00528668505447559,0.023622047244094488,0.0
2020-01-02,2019-10-02,2019-10-03,0.00756600799349334,0.00756600799349334,0.006998171208266568,0.009060740900815248,0.023622047244094488,0.0
2020-01-03,2020-01-02,2020-01-03,0.0038533069422259435,0.0038533069422259435,0.005273997686252141,7.644673237392559e-05,0.03937007874015748,0.0
2020-01-06,2020-01-02,2020-01-03,0.0020135679863955043,0.0020135679863955043,0.0021565423494002145,0.000585502418774353,0.03937007874015748,0.0
2020-01-07,2020-01-02,2020-01-03,-0.0014258593857026762,-0.0014258593857026762,-0.0009479304786305653,-0.003161575871856859,0.03937007874015748,0.0
2020-01-08,2020-01-02,2020-01-03,-0.0012877449607635824,-0.0012877449607635824,-0.002195811105864559,0.001214453804482018,0.03937007874015748,0.0
2020-01-09,2020-01-02,2020-01-03,0.002120300193872859,0.002120300193872859,0.0011597022594771744,0.005121184534039291,0.03937007874015748,0.0
2020-01-10,2020-01-02,2020-01-03,0.00242084845261395,0.00242084845261395,0.0030098985013169155,0.000940799181094199,0.03937007874015748,0.0
2020-01-13,2020-01-02,2020-01-03,0.0001646810938735416,0.0001646810938735416,-0.0008940298046440087,0.003216219444498591,0.03937007874015748,0.0
2020-01-14,2020-01-02,2020-01-03,0.0005741787865682468,0.0005741787865682468,0.0006820759946211397,0.0006285310975885585,0.03937007874015748,0.0
2020-01-15,2020-01-02,2020-01-03,0.0036157268861297777,0.0036157268861297777,0.0036814376373179303,0.0033454564943564474,0.03937007874015748,0.0
2020-01-16,2020-01-02,2020-01-03,0.0018098193061915954,0.0018098193061915954,0.0008995345456015991,0.004045721973092697,0.03937007874015748,0.0
2020-01-17,2020-01-02,2020-01-03,-0.0006785942662529299,-0.0006785942662529299,-0.0008976170024517227,-0.000696886093224492,0.03937007874015748,0.0
2020-01-21,2020-01-02,2020-01-03,0.002159414590535769,0.002159414590535769,0.0024098398085511397,0.0019767952556845273,0.03937007874015748,0.0
2020-01-22,2020-01-02,2020-01-03,0.000988646184811892,0.000988646184811892,0.0009936237026039185,0.0011263175616538891,0.03937007874015748,0.0
2020-01-23,2020-01-02,2020-01-03,0.0026017460677882132,0.0026017460677882132,0.0025994293780994826,0.002789047004628742,0.03937007874015748,0.0
2020-01-24,2020-01-02,2020-01-03,7.84525116620644e-05,7.84525116620644e-05,0.0012600597513307,-0.002909585905351974,0.03937007874015748,0.0
2020-01-27,2020-01-02,2020-01-03,-0.00035665497441673575,-0.00035665497441673575,0.0015875511407615894,-0.004951353903353615,0.03937007874015748,0.0
2020-01-28,2020-01-02,2020-01-03,-7.54160488564146e-05,-7.54160488564146e-05,-0.0015696725922897115,0.003938180354995957,0.03937007874015748,0.0
2020-01-29,2020-01-02,2020-01-03,0.0032392043168752607,0.0032392043168752607,0.003592711730089765,0.002438050983236884,0.03937007874015748,0.0
2020-01-30,2020-01-02,2020-01-03,0.001184133410946586,0.001184133410946586,0.0008629259558427527,0.0019890353312801423,0.03937007874015748,0.0
2020-01-31,2020-01-02,2020-01-03,-0.0029142187541407617,-0.0029142187541407617,-0.0008088063716866212,-0.008155667799327703,0.03937007874015748,0.0
2020-02-03,2020-01-02,2020-01-03,0.0010982183410746579,0.0010982183410746579,3.0585743769212526e-05,0.004213954004745923,0.03937007874015748,0.0
2020-02-04,2020-01-02,2020-01-03,-0.0006341912375676401,-0.0006341912375676401,-0.0028087619571698086,0.0051045404159896215,0.03937007874015748,0.0
2020-02-05,2020-01-02,2020-01-03,0.001553912725831202,0.001553912725831202,0.0004605974835873161,0.003648266124805276,0.03937007874015748,0.0
2020-02-06,2020-01-02,2020-01-03,0.003382029593552583,0.003382029593552583,0.0033149525595433937,0.0033709142155872616,0.03937007874015748,0.0
2020-02-07,2020-01-02,2020-01-03,0.0017833710419072727,0.0017833710419072727,0.0024486479902708636,0.0005456681077551603,0.03937007874015748,0.0
2020-02-10,2020-01-02,2020-01-03,0.0038195732513677024,0.0038195732513677024,0.0032015885833220348,0.00531017294360292,0.03937007874015748,0.0
2020-02-11,2020-01-02,2020-01-03,-0.0013420090766807892,-0.0013420090766807892,-0.0016874221151979285,-0.00047237413139399363,0.03937007874015748,0.0
2020-02-12,2020-01-02,2020-01-03,0.0008259986378015614,0.0008259986378015614,0.0001410904871789187,0.0023459452398554292,0.03937007874015748,0.0
2020-02-13,2020-01-02,2020-01-03,0.001724196306859061,0.001724196306859061,0.0021155763878281664,0.0005105339002165147,0.03937007874015748,0.0
2020-02-14,2020-01-02,2020-01-03,0.002490822865625253,0.002490822865625253,0.0025395515380545186,0.002274511678776925,0.03937007874015748,0.0
2020-02-18,2020-01-02,2020-01-03,0.0033742221740611653,0.0033742221740611653,0.004272808254993182,0.0005087891845621645,0.03937007874015748,0.0
2020-02-19,2020-01-02,2020-01-03,0.002822397304261143,0.002822397304261143,0.0026358548354593336,0.002847970017648371,0.03937007874015748,0.0
2020-02-20,2020-01-02,2020-01-03,0.0013373461263203493,0.0013373461263203493,0.0019524241429447198,-0.0001150239419672291,0.03937007874015748,0.0
2020-02-21,2020-01-02,2020-01-03,0.0017357189120396203,0.0017357189120396203,0.003516793489327208,-0.0033768540042615086,0.03937007874015748,0.0
2020-02-24,2020-01-02,2020-01-03,-0.006078728695512835,-0.006078728695512835,-0.0023129266511467406,-0.01542068742643514,0.03937007874015748,0.0
2020-02-25,2020-01-02,2020-01-03,-0.012849496722547187,-0.012849496722547187,-0.010712997117516526,-0.01658395625214266,0.03937007874015748,0.0
2020-02-26,2020-01-02,2020-01-03,-0.0017373516451517851,-0.0017373516451517851,-0.001150997217619909,-0.003795835438463191,0.03937007874015748,0.0
2020-02-27,2020-01-02,2020-01-03,-0.0129679295320817,-0.0129679295320817,-0.008467027874700939,-0.023692363705012973,0.03937007874015748,0.0
2020-02-28,2020-01-02,2020-01-03,-0.0031233588510501805,-0.0031233588510501805,-0.004527867635833349,0.004254106409389258,0.03937007874015748,0.0
2020-03-02,2020-01-02,2020-01-03,0.01442343755963405,0.01442343755963405,0.010369076661923188,0.02377703004687651,0.03937007874015748,0.0
2020-03-03,2020-01-02,2020-01-03,0.00014678290518463626,0.00014678290518463626,0.004581746342196408,-0.01252194470442398,0.03937007874015748,0.0
2020-03-04,2020-01-02,2020-01-03,0.01240768118882801,0.01240768118882801,0.00829210004335501,0.022034084327812266,0.03937007874015748,0.0
2020-03-05,2020-01-02,2020-01-03,-0.001091540265609035,-0.001091540265609035,0.0033127370623310393,-0.012477689327863459,0.03937007874015748,0.0
2020-03-06,2020-01-02,2020-01-03,0.007301326566817673,0.007301326566817673,0.008973441643821106,0.005694640583373482,0.03937007874015748,0.0
2020-03-09,2020-01-02,2020-01-03,-0.020226968232162898,-0.020226968232162898,-0.01233502654266444,-0.03872539214831838,0.03937007874015748,0.0
2020-03-10,2020-01-02,2020-01-03,0.0010757551835702634,0.0010757551835702634,-0.0051537776182301875,0.015669265709540865,0.03937007874015748,0.0
2020-03-11,2020-01-02,2020-01-03,-0.02697330144146629,-0.02697330144146629,-0.02227650492296554,-0.04028814276986185,0.03937007874015748,0.0
2020-03-12,2020-01-02,2020-01-03,-0.03991559841296584,-0.03991559841296584,-0.032342272388478976,-0.05554746611504095,0.03937007874015748,0.0
2020-03-13,2020-01-02,2020-01-03,0.018166232643895414,0.018166232643895414,0.008091813220556854,0.044510869730852026,0.03937007874015748,0.0
2020-03-16,2020-01-02,2020-01-03,-0.02439613832212285,-0.02439613832212285,-0.014026078222885763,-0.04622455686657625,0.03937007874015748,0.0
2020-03-17,2020-01-02,2020-01-03,0.004937604290568215,0.004937604290568215,0.00021614501652658658,0.012390429852526967,0.03937007874015748,0.0
2020-03-18,2020-01-02,2020-01-03,-0.035808962596134426,-0.035808962596134426,-0.03174176327032621,-0.047303415637338656,0.03937007874015748,0.0
2020-03-19,2020-01-02,2020-01-03,0.0037688100839575397,0.0037688100839575397,0.0026110457675633247,0.00944237273145734,0.03937007874015748,0.0
2020-03-20,2020-01-02,2020-01-03,0.006715114832443105,0.006715114832443105,0.01177431481217972,-0.003297778247864896,0.03937007874015748,0.0
2020-03-23,2020-01-02,2020-01-03,0.010189221390334161,0.010189221390334161,0.014955026760563706,-0.0029783225617562277,0.03937007874015748,0.0
2020-03-24,2020-01-02,2020-01-03,0.03676368497256343,0.03676368497256343,0.030129873484740333,0.04877772964110061,0.03937007874015748,0.0
2020-03-25,2020-01-02,2020-01-03,0.0019338551442890802,0.0019338551442890802,-0.0002476315852438793,0.008300748435212524,0.03937007874015748,0.0
2020-03-26,2020-01-02,2020-01-03,0.024231280967220502,0.024231280967220502,0.019033401934525518,0.03651038590767559,0.03937007874015748,0.0
2020-03-27,2020-01-02,2020-01-03,-0.005043808701037832,-0.005043808701037832,-0.0023882835631636734,-0.009863442218710649,0.03937007874015748,0.0
2020-03-30,2020-01-02,2020-01-03,0.010189296395130148,0.010189296395130148,0.007161777038209943,0.017016593798439818,0.03937007874015748,0.0
2020-03-31,2020-01-02,2020-01-03,-0.013615313652170849,-0.013615313652170849,-0.01371711516826421,-0.011378130800347153,0.03937007874015748,0.0
2020-04-01,2020-01-02,2020-01-03,-0.010357852518716685,-0.010357852518716685,-0.005384546816632557,-0.022799806789378915,0.03937007874015748,0.0
2020-04-02,2020-01-02,2020-01-03,0.012941557252411818,0.012941557252411818,0.011453689047186522,0.015749018091632982,0.03937007874015748,0.0
2020-04-03,2020-04-02,2020-04-03,-0.0034765764544566194,-0.0034765764544566194,-0.0017842904611188593,0.003457089853432319,0.968503937007874,0.0
2020-04-06,2020-04-02,2020-04-03,0.028397401323997987,0.028397401323997987,0.02306629623220821,0.013243945830161592,0.968503937007874,0.0
2020-04-07,2020-04-02,2020-04-03,-0.0033321942488213686,-0.0033321942488213686,-0.0037018483548263426,-0.006792986208699933,0.968503937007874,0.0
2020-04-08,2020-04-02,2020-04-03,0.008148321408604253,0.008148321408604253,0.0043460683382087195,-0.0073878247333644936,0.968503937007874,0.0
2020-04-09,2020-04-02,2020-04-03,0.011004993450910407,0.011004993450910407,0.010789458534793295,0.014136009137041798,0.968503937007874,0.0
2020-04-13,2020-04-02,2020-04-03,-0.0020498501016643013,-0.0020498501016643013,-0.0002798459105066986,0.005293665261284195,0.968503937007874,0.0
2020-04-14,2020-04-02,2020-04-03,0.01183517751961537,0.01183517751961537,0.009279284448386216,0.00395240519753853,0.968503937007874,0.0
2020-04-15,2020-04-02,2020-04-03,-0.001834914085939021,-0.001834914085939021,3.4805495092354866e-05,0.007593280799404738,0.968503937007874,0.0
2020-04-16,2020-04-02,2020-04-03,0.004354512829660995,0.004354512829660995,0.003828863156027318,0.003935421046530585,0.968503937007874,0.0
2020-04-17,2020-04-02,2020-04-03,0.002220922503697251,0.002220922503697251,-0.001451520204790252,-0.015156392295154052,0.968503937007874,0.0
2020-04-20,2020-04-02,2020-04-03,-0.0027299381625418666,-0.0027299381625418666,-0.000611824141458106,0.006767797946489826,0.968503937007874,0.0
2020-04-21,2020-04-02,2020-04-03,-0.008844066950403367,-0.008844066950403367,-0.0061490195420172145,0.0013467825823921553,0.968503937007874,0.0
2020-04-22,2020-04-02,2020-04-03,0.00914789387342483,0.00914789387342483,0.007912012818618752,0.006175748523159234,0.968503937007874,0.0
2020-04-23,2020-04-02,2020-04-03,0.00329302352583345,0.00329302352583345,0.0037979276082211744,0.0071672173055683415,0.968503937007874,0.0
2020-04-24,2020-04-02,2020-04-03,0.00460813325129219,0.00460813325129219,0.002999984665337546,-0.0012988506000243295,0.968503937007874,0.0
2020-04-27,2020-04-02,2020-04-03,-0.0009352044410628545,-0.0009352044410628545,-0.0027090692256951376,-0.010594803649117308,0.968503937007874,0.0
2020-04-28,2020-04-02,2020-04-03,0.00037718013817848977,0.00037718013817848977,0.0006141835103891102,0.002148156372915731,0.968503937007874,0.0
2020-04-29,2020-04-02,2020-04-03,0.008972129785634502,0.008972129785634502,0.006630938611102227,0.000844620976337823,0.968503937007874,0.0
2020-04-30,2020-04-02,2020-04-03,-0.009801578304596815,-0.009801578304596815,-0.009776291163299922,-0.013821284153526025,0.968503937007874,0.0
2020-05-01,2020-04-02,2020-04-03,-0.0058904054241259995,-0.0058904054241259995,-0.002934532620410435,0.006476921897511539,0.968503937007874,0.0
2020-05-04,2020-04-02,2020-04-03,0.0004903423125161623,0.0004903423125161623,0.00038975863571658054,-1.1886366521960366e-05,0.968503937007874,0.0
2020-05-05,2020-04-02,2020-04-03,0.0024817332713223837,0.0024817332713223837,0.0017698143540346156,-0.00028798051557586603,0.968503937007874,0.0
2020-05-06,2020-04-02,2020-04-03,-0.008977668316042658,-0.008977668316042658,-0.008942520027387796,-0.012835009630527739,0.968503937007874,0.0
2020-05-07,2020-04-02,2020-04-03,0.011470242145987665,0.011470242145987665,0.011031053917752554,0.014338486726934867,0.968503937007874,0.0
2020-05-08,2020-04-02,2020-04-03,0.0013386944002055524,0.0013386944002055524,-0.0006164094130592934,-0.008105731061244563,0.968503937007874,0.0
2020-05-11,2020-04-02,2020-04-03,-0.003126328942933388,-0.003126328942933388,-0.0034585243799642174,-0.006216591666558231,0.968503937007874,0.0
2020-05-12,2020-04-02,2020-04-03,-0.003632212900371345,-0.003632212900371345,-0.0014445917569303468,0.005959121225111184,0.968503937007874,0.0
2020-05-13,2020-04-02,2020-04-03,-0.0025165316341078095,-0.0025165316341078095,-0.00026681541399292685,0.007647234745845414,0.968503937007874,0.0
2020-05-14,2020-04-02,2020-04-03,0.008405615098329256,0.008405615098329256,0.007651374903911767,0.008326828554795204,0.968503937007874,0.0
2020-05-15,2020-04-02,2020-04-03,0.00209441669625341,0.00209441669625341,0.0019169149448521328,0.0019101058713740999,0.968503937007874,0.0
2020-05-18,2020-04-02,2020-04-03,0.003659576543023473,0.003659576543023473,0.0002353915684293606,-0.012358047655225017,0.968503937007874,0.0
2020-05-19,2020-04-02,2020-04-03,-0.0007296625097807862,-0.0007296625097807862,0.0007799690716160101,0.006405908363940271,0.968503937007874,0.0
2020-05-20,2020-04-02,2020-04-03,0.007169267569897886,0.007169267569897886,0.005589173007177206,0.002376009201026286,0.968503937007874,0.0
2020-05-21,2020-04-02,2020-04-03,-0.0047072548601873945,-0.0047072548601873945,-0.004745690057880614,-0.006533217606505769,0.968503937007874,0.0
2020-05-22,2020-04-02,2020-04-03,0.003352011095781527,0.003352011095781527,0.003457991970215457,0.005363602365896612,0.968503937007874,0.0
2020-05-26,2020-04-02,2020-04-03,-0.0018831902718699405,-0.0018831902718699405,-0.0038260391331915444,-0.01248306953798516,0.968503937007874,0.0
2020-05-27,2020-04-02,2020-04-03,0.005108959958879394,0.005108959958879394,0.0037112143063679215,0.00021871867713593263,0.968503937007874,0.0
2020-05-28,2020-04-02,2020-04-03,-0.0008958270354324835,-0.0008958270354324835,-0.0005438266387027824,0.0003033292413400989,0.968503937007874,0.0
2020-05-29,2020-04-02,2020-04-03,0.004816711090957371,0.004816711090957371,0.004739046340610342,0.006539067888689121,0.968503937007874,0.0
2020-06-01,2020-04-02,2020-04-03,0.0006521818503574253,0.0006521818503574253,0.0004781871665266446,-0.00022924067403585482,0.968503937007874,0.0
2020-06-02,2020-04-02,2020-04-03,0.0006937748384800151,0.0006937748384800151,-0.00045807164455913263,-0.004733224062893806,0.968503937007874,0.0
2020-06-03,2020-04-02,2020-04-03,-0.002356579501431068,-0.002356579501431068,-0.004609901306780573,-0.014617749000777752,0.968503937007874,0.0
2020-06-04,2020-04-02,2020-04-03,-0.002433807825196676,-0.002433807825196676,-0.0016448231781304723,-0.00017104880880546187,0.968503937007874,0.0
2020-06-05,2020-04-02,2020-04-03,0.0031344962003061454,0.0031344962003061454,-0.00044222868556884065,-0.013174894801577425,0.968503937007874,0.0
2020-06-08,2020-04-02,2020-04-03,0.007355910179010184,0.007355910179010184,0.006688271849388638,0.00704820165667471,0.968503937007874,0.0
2020-06-09,2020-04-02,2020-04-03,0.0021583353976452955,0.0021583353976452955,0.003386081907446048,0.009339992675887285,0.968503937007874,0.0
2020-06-10,2020-04-02,2020-04-03,0.004618650464927433,0.004618650464927433,0.005892898425976512,0.013085975760499125,0.968503937007874,0.0
2020-06-11,2020-04-02,2020-04-03,-0.01689489432614385,-0.01689489432614385,-0.011490688554901513,0.0035799185048404725,0.968503937007874,0.0
2020-06-12,2020-04-02,2020-04-03,0.0020647004686835274,0.0020647004686835274,0.0009379083573257396,-0.0029901263006321594,0.968503937007874,0.0
2020-06-15,2020-04-02,2020-04-03,0.0030493146131415514,0.0030493146131415514,0.002026604157122719,-0.0007033548110806918,0.968503937007874,0.0
2020-06-16,2020-04-02,2020-04-03,0.0028048121389164403,0.0028048121389164403,0.0008554053408648399,-0.006167606578915165,0.968503937007874,0.0
2020-06-17,2020-04-02,2020-04-03,-3.978423674882417e-05,-3.978423674882417e-05,0.0004711222765396428,0.002574675949744201,0.968503937007874,0.0
2020-06-18,2020-04-02,2020-04-03,0.0023880001051011955,0.0023880001051011955,0.002251090944120293,0.0030715064740096812,0.968503937007874,0.0
2020-06-19,2020-04-02,2020-04-03,0.0004066200616199673,0.0004066200616199673,0.0015297535457733935,0.005983071019626877,0.968503937007874,0.0
2020-06-22,2020-04-02,2020-04-03,0.0035684585102546576,0.0035684585102546576,0.003250092726856446,0.0033710538434533316,0.968503937007874,0.0
2020-06-23,2020-04-02,2020-04-03,0.0015866914771823842,0.0015866914771823842,0.0015472676890826154,0.0016939726374972457,0.968503937007874,0.0
2020-06-24,2020-04-02,2020-04-03,-0.006943454940436916,-0.006943454940436916,-0.004566797067604461,0.002345079384296099,0.968503937007874,0.0
2020-06-25,2020-04-02,2020-04-03,0.004352336354536467,0.004352336354536467,0.003250159094180277,0.0008020025530699705,0.968503937007874,0.0
2020-06-26,2020-04-02,2020-04-03,-0.004744650762460288,-0.004744650762460288,-0.0021463302697076747,0.006423660478961532,0.968503937007874,0.0
2020-06-29,2020-04-02,2020-04-03,0.004465692568791618,0.004465692568791618,0.00302294223241642,-0.0009356505686570946,0.968503937007874,0.0
2020-06-30,2020-04-02,2020-04-03,0.004157375481053177,0.004157375481053177,0.003098482330597424,0.0004107781317711104,0.968503937007874,0.0
2020-07-01,2020-04-02,2020-04-03,0.0010698668066062783,0.0010698668066062783,0.00014532359721161625,-0.003053825897137422,0.968503937007874,0.0
2020-07-02,2020-04-02,2020-04-03,0.0026196973019459334,0.0026196973019459334,0.0021770361709570474,0.0015125586130039876,0.968503937007874,0.0
2020-07-06,2020-07-02,2020-07-06,0.005576987570949565,0.005576987570949565,0.004332675061711588,0.0031460142695788574,0.9763779527559056,0.0
2020-07-07,2020-07-02,2020-07-06,0.0011662144643110389,0.0011662144643110389,0.0025131269397152545,0.00606952798981584,0.9763779527559056,0.0
2020-07-08,2020-07-02,2020-07-06,0.0029206019906464825,0.0029206019906464825,0.0024662943340877097,0.002162556703757094,0.9763779527559056,0.0
2020-07-09,2020-07-02,2020-07-06,0.001447024502198413,0.001447024502198413,0.001881103918914162,0.0037694030109309573,0.9763779527559056,0.0
2020-07-10,2020-07-02,2020-07-06,0.0017987009368187696,0.0017987009368187696,0.0006479716972545568,-0.0013769228414789792,0.9763779527559056,0.0
2020-07-13,2020-07-02,2020-07-06,-0.0019558190564973594,-0.0019558190564973594,-0.0010278565066193235,0.00044280723912703114,0.9763779527559056,0.0
2020-07-14,2020-07-02,2020-07-06,0.005827981425143613,0.005827981425143613,0.00476523560705383,0.0042301768909074194,0.9763779527559056,0.0
2020-07-15,2020-07-02,2020-07-06,0.0022250153247224454,0.0022250153247224454,0.0013503663442778202,9.19173018328718e-07,0.9763779527559056,0.0
2020-07-16,2020-07-02,2020-07-06,-0.0018556736944799596,-0.0018556736944799596,-0.0019989276698203495,-0.0025760031327734757,0.9763779527559056,0.0
2020-07-17,2020-07-02,2020-07-06,0.0021387487780793195,0.0021387487780793195,0.0022607550508784435,0.002977244352247417,0.9763779527559056,0.0
2020-07-20,2020-07-02,2020-07-06,0.004407240225706966,0.004407240225706966,0.003840093227124697,0.003961966263019657,0.9763779527559056,0.0
2020-07-21,2020-07-02,2020-07-06,0.003304238893537404,0.003304238893537404,0.0036940301885266535,0.005357244247302853,0.9763779527559056,0.0
2020-07-22,2020-07-02,2020-07-06,0.005779931030563958,0.005779931030563958,0.005970848778021898,0.007981843076619512,0.9763779527559056,0.0
2020-07-23,2020-07-02,2020-07-06,0.0005093510603835572,0.0005093510603835572,0.0021437613960096913,0.006004519928087603,0.9763779527559056,0.0
2020-07-24,2020-07-02,2020-07-06,-0.0005531530275277635,-0.0005531530275277635,0.00051984476687017,0.0025089819287887915,0.9763779527559056,0.0
2020-07-27,2020-07-02,2020-07-06,0.005575241270793775,0.005575241270793775,0.005833695136736428,0.007653710947262405,0.9763779527559056,0.0
2020-07-28,2020-07-02,2020-07-06,0.0011779708360773696,0.0011779708360773696,0.002229257833639642,0.004910507781646438,0.9763779527559056,0.0
2020-07-29,2020-07-02,2020-07-06,0.005380877795570632,0.005380877795570632,0.004526514349406291,0.004162013085725138,0.9763779527559056,0.0
2020-07-30,2020-07-02,2020-07-06,-0.0010817457189318928,-0.0010817457189318928,-0.0010949464726734415,-0.0011363350135161372,0.9763779527559056,0.0
2020-07-31,2020-07-02,2020-07-06,0.004422568671712946,0.004422568671712946,0.0040867430011162775,0.004547208856237021,0.9763779527559056,0.0
2020-08-03,2020-07-02,2020-07-06,0.0014011311518106915,0.0014011311518106915,0.0007625292794187499,-0.00034712958919778323,0.9763779527559056,0.0
2020-08-04,2020-07-02,2020-07-06,0.007990470442335286,0.007990470442335286,0.008668101033848297,0.01249091624240069,0.9763779527559056,0.0
2020-08-05,2020-07-02,2020-07-06,0.0018447801522823663,0.0018447801522823663,0.0016878552644823963,0.0015024359136386737,0.9763779527559056,0.0
2020-08-06,2020-07-02,2020-07-06,0.0063910085440295975,0.0063910085440295975,0.006386243223862109,0.008272711243480063,0.9763779527559056,0.0
2020-08-07,2020-07-02,2020-07-06,-0.00459237056978259,-0.00459237056978259,-0.0054584111000880176,-0.008652440346059883,0.9763779527559056,0.0
2020-08-10,2020-07-02,2020-07-06,-0.0007640141127784275,-0.0007640141127784275,-0.0012358901294773905,-0.0025563838916512413,0.9763779527559056,0.0
2020-08-11,2020-07-02,2020-07-06,-0.01659931211314488,-0.01659931211314488,-0.018458544870563115,-0.026977532317125616,0.9763779527559056,0.0
2020-08-12,2020-07-02,2020-07-06,0.001672298338257799,0.001672298338257799,4.464496152667419e-05,-0.003127910846784326,0.9763779527559056,0.0
2020-08-13,2020-07-02,2020-07-06,0.0014185480866112064,0.0014185480866112064,0.0027802330925845165,0.005427556565261299,0.9763779527559056,0.0
2020-08-14,2020-07-02,2020-07-06,-0.0018282705563733128,-0.0018282705563733128,-0.0020466948801324547,-0.003117609181801209,0.9763779527559056,0.0
2020-08-17,2020-07-02,2020-07-06,0.006078759510712496,0.006078759510712496,0.0068458268688783575,0.010062485552071645,0.9763779527559056,0.0
2020-08-18,2020-07-02,2020-07-06,0.004345723667351754,0.004345723667351754,0.004580076289305235,0.0064719077522416586,0.9763779527559056,0.0
2020-08-19,2020-07-02,2020-07-06,-0.009333237401630752,-0.009333237401630752,-0.010495153366943122,-0.015499583670859449,0.9763779527559056,0.0
2020-08-20,2020-07-02,2020-07-06,0.004732527595200098,0.004732527595200098,0.004766853728969622,0.006438150888718111,0.9763779527559056,0.0
2020-08-21,2020-07-02,2020-07-06,0.0011375622444547253,0.0011375622444547253,0.00038227251702685483,-0.0005809326556110409,0.9763779527559056,0.0
2020-08-24,2020-07-02,2020-07-06,0.0020087174118256,0.0020087174118256,0.0007124989562235506,-0.001409166008496725,0.9763779527559056,0.0
2020-08-25,2020-07-02,2020-07-06,-0.0004456309488266308,-0.0004456309488266308,-0.0007348015972933053,-0.001737511981873336,0.9763779527559056,0.0
2020-08-26,2020-07-02,2020-07-06,0.004914333784282705,0.004914333784282705,0.004502201510781428,0.004810027111725923,0.9763779527559056,0.0
2020-08-27,2020-07-02,2020-07-06,-0.005799508231062733,-0.005799508231062733,-0.0065962443212189414,-0.010387416166490946,0.9763779527559056,0.0
2020-08-28,2020-07-02,2020-07-06,0.005550923428046107,0.005550923428046107,0.005773977728640023,0.0076376171474894184,0.9763779527559056,0.0
2020-08-31,2020-07-02,2020-07-06,0.0008694707588535412,0.0008694707588535412,0.0013510602648054149,0.0028063840540999497,0.9763779527559056,0.0
2020-09-01,2020-07-02,2020-07-06,0.006394009662973943,0.006394009662973943,0.005511662612754875,0.005889429342593546,0.9763779527559056,0.0
2020-09-02,2020-07-02,2020-07-06,0.00481615779087786,0.00481615779087786,0.002713166081463797,0.0001710727568314807,0.9763779527559056,0.0
2020-09-03,2020-07-02,2020-07-06,-0.012955460635110832,-0.012955460635110832,-0.009919231393333644,-0.007143439817953989,0.9763779527559056,0.0
2020-09-04,2020-07-02,2020-07-06,-0.0070528222193030786,-0.0070528222193030786,-0.00609832000289251,-0.006811001894984585,0.9763779527559056,0.0
2020-09-08,2020-07-02,2020-07-06,-0.008412164502968725,-0.008412164502968725,-0.005776229987642989,-0.00247660459782522,0.9763779527559056,0.0
2020-09-09,2020-07-02,2020-07-06,0.008181270051403372,0.008181270051403372,0.006691962067157969,0.005754929434090679,0.9763779527559056,0.0
2020-09-10,2020-07-02,2020-07-06,-0.005451161665539045,-0.005451161665539045,-0.003875943305022944,-0.001957603912946673,0.9763779527559056,0.0
2020-09-11,2020-07-02,2020-07-06,0.0007004729684317312,0.0007004729684317312,0.0006467676965746239,0.0008093558973814005,0.9763779527559056,0.0
2020-09-14,2020-07-02,2020-07-06,0.006173376601541342,0.006173376601541342,0.005250884762357327,0.005024421229015432,0.9763779527559056,0.0
2020-09-15,2020-07-02,2020-07-06,0.0006816768192406117,0.0006816768192406117,5.6817516571133764e-05,-0.001107760302034515,0.9763779527559056,0.0
2020-09-16,2020-07-02,2020-07-06,-0.001568705680253335,-0.001568705680253335,-0.0010301185436231708,-0.0004888948558703365,0.9763779527559056,0.0
2020-09-17,2020-07-02,2020-07-06,-0.0034123152947425407,-0.0034123152947425407,-0.0028072792620147113,-0.002370028471840881,0.9763779527559056,0.0
2020-09-18,2020-07-02,2020-07-06,-0.0045440810239108335,-0.0045440810239108335,-0.0033272237477760813,-0.002217818608985368,0.9763779527559056,0.0
2020-09-21,2020-07-02,2020-07-06,-0.006644296719752863,-0.006644296719752863,-0.006535695528451374,-0.007848921686729184,0.9763779527559056,0.0
2020-09-22,2020-07-02,2020-07-06,0.0023977586026041327,0.0023977586026041327,0.0011369801254439982,-0.000778665458337295,0.9763779527559056,0.0
2020-09-23,2020-07-02,2020-07-06,-0.012103616821854592,-0.012103616821854592,-0.010864840777267348,-0.011505759132002755,0.9763779527559056,0.0
2020-09-24,2020-07-02,2020-07-06,0.002634140265091845,0.002634140265091845,0.002553547862183425,0.003236561273639852,0.9763779527559056,0.0
2020-09-25,2020-07-02,2020-07-06,0.005088494544264298,0.005088494544264298,0.0033292842644185305,0.0011562697089776161,0.9763779527559056,0.0
2020-09-28,2020-07-02,2020-07-06,0.0071138748883425975,0.0071138748883425975,0.005955970354027118,0.0053934451939695125,0.9763779527559056,0.0
2020-09-29,2020-07-02,2020-07-06,6.903521806799276e-05,6.903521806799276e-05,0.0010352442619520064,0.0030235536664663864,0.9763779527559056,0.0
2020-09-30,2020-07-02,2020-07-06,-0.0009437177674254623,-0.0009437177674254623,-0.002002133220493696,-0.0047446484326740725,0.9763779527559056,0.0
2020-10-01,2020-07-02,2020-07-06,0.004443434611144449,0.004443434611144449,0.004247458862023656,0.005084821022681107,0.9763779527559056,0.0
2020-10-02,2020-10-01,2020-10-02,-0.004435621175775967,-0.004435621175775967,-0.0035309493121293556,-0.0022958065876286828,0.984251968503937,0.0
2020-10-05,2020-10-01,2020-10-02,0.002296241122491444,0.002296241122491444,0.0007665739169034624,-0.003238981313748751,0.984251968503937,0.0
2020-10-06,2020-10-01,2020-10-02,-0.00598024965061188,-0.00598024965061188,-0.005146706481164415,-0.004834909878737327,0.984251968503937,0.0
2020-10-07,2020-10-01,2020-10-02,0.004178898660034496,0.004178898660034496,0.0024156693412731856,-0.0016908309446382812,0.984251968503937,0.0
2020-10-08,2020-10-01,2020-10-02,0.0051628908962774505,0.0051628908962774505,0.004454389150815308,0.004151104524668464,0.984251968503937,0.0
2020-10-09,2020-10-01,2020-10-02,0.006710909166470026,0.006710909166470026,0.006725976769938857,0.00948489306842869,0.984251968503937,0.0
2020-10-12,2020-10-01,2020-10-02,0.0058525949144321845,0.0058525949144321845,0.004100260725929117,0.0006312154578467014,0.984251968503937,0.0
2020-10-13,2020-10-01,2020-10-02,-0.003639592365146683,-0.003639592365146683,-0.003773434072973425,-0.005736040892278463,0.984251968503937,0.0
2020-10-14,2020-10-01,2020-10-02,-0.001008514361439716,-0.001008514361439716,-0.00022542638097866607,0.0019469864323027478,0.984251968503937,0.0
2020-10-15,2020-10-01,2020-10-02,-0.00013500462037545596,-0.00013500462037545596,0.00017087618462435783,0.0011424000804311808,0.984251968503937,0.0
2020-10-16,2020-10-01,2020-10-02,-0.0015995923912496216,-0.0015995923912496216,-0.0017124100488002947,-0.0027121015751350582,0.984251968503937,0.0
2020-10-19,2020-10-01,2020-10-02,-0.006165232799048709,-0.006165232799048709,-0.00461966080678386,-0.0019578483667023624,0.984251968503937,0.0
2020-10-20,2020-10-01,2020-10-02,-1.2658400282078235e-05,-1.2658400282078235e-05,-0.00017218402498095364,-0.0006388719919449494,0.984251968503937,0.0
2020-10-21,2020-10-01,2020-10-02,-1.9888528123095843e-05,-1.9888528123095843e-05,0.0005459578334789661,0.0024377486723576127,0.984251968503937,0.0
2020-10-22,2020-10-01,2020-10-02,-0.002639508374666961,-0.002639508374666961,-0.0036780536491411164,-0.00811179152903755,0.984251968503937,0.0
2020-10-23,2020-10-01,2020-10-02,0.0025040448157346625,0.0025040448157346625,0.002111389357619037,0.0017771476174695184,0.984251968503937,0.0
2020-10-26,2020-10-01,2020-10-02,-0.004242896325063128,-0.004242896325063128,-0.002420095387145327,0.0018438390653264915,0.984251968503937,0.0
2020-10-27,2020-10-01,2020-10-02,0.0009972969897091956,0.0009972969897091956,0.0014736281205116608,0.0034074070671049595,0.984251968503937,0.0
2020-10-28,2020-10-01,2020-10-02,-0.014957925107442739,-0.014957925107442739,-0.012347148369839883,-0.009735694238119406,0.984251968503937,0.0
2020-10-29,2020-10-01,2020-10-02,0.0003015175336535332,0.0003015175336535332,-0.0009220945251381951,-0.004787462402406303,0.984251968503937,0.0
2020-10-30,2020-10-01,2020-10-02,-0.005202881511554263,-0.005202881511554263,-0.00393235557197677,-0.0017509262288967018,0.984251968503937,0.0
2020-11-02,2020-10-01,2020-10-02,0.007736527622968682,0.007736527622968682,0.007100949459355577,0.008062995837467495,0.984251968503937,0.0
2020-11-03,2020-10-01,2020-10-02,0.0058644685313687835,0.0058644685313687835,0.0043827354054329914,0.0018787793972762314,0.984251968503937,0.0
2020-11-04,2020-10-01,2020-10-02,0.01313362129892851,0.01313362129892851,0.010870748605307318,0.008516654276230658,0.984251968503937,0.0
2020-11-05,2020-10-01,2020-10-02,0.011857382024665509,0.011857382024665509,0.01105628556859134,0.013172977024317115,0.984251968503937,0.0
2020-11-06,2020-10-01,2020-10-02,-0.002816973604079631,-0.002816973604079631,-0.002723054892162069,-0.0034630537524777865,0.984251968503937,0.0
2020-11-09,2020-10-01,2020-10-02,-0.009709960442721953,-0.009709960442721953,-0.013180090981813802,-0.028450831440328665,0.984251968503937,0.0
2020-11-10,2020-10-01,2020-10-02,-0.0012925547896405873,-0.0012925547896405873,-0.0009802382534100373,-0.000425910450971052,0.984251968503937,0.0
2020-11-11,2020-10-01,2020-10-02,0.002636971328762727,0.002636971328762727,0.001677789511122768,-0.00046284190417172693,0.984251968503937,0.0
2020-11-12,2020-10-01,2020-10-02,0.0020713181272494,0.0020713181272494,0.00334442958351,0.008279637693048448,0.984251968503937,0.0
2020-11-13,2020-10-01,2020-10-02,0.005877995280933058,0.005877995280933058,0.004834549693717993,0.003757119296026473,0.984251968503937,0.0
2020-11-16,2020-10-01,2020-10-02,0.0037570038318595284,0.0037570038318595284,0.002505904361891631,-0.0001079302253967364,0.984251968503937,0.0
2020-11-17,2020-10-01,2020-10-02,-0.0009841808842424526,-0.0009841808842424526,-0.0006298029023802665,0.00010158550252230541,0.984251968503937,0.0
2020-11-18,2020-10-01,2020-10-02,-0.004632547894008904,-0.004632547894008904,-0.003715210458827778,-0.0025643312485581905,0.984251968503937,0.0
2020-11-19,2020-10-01,2020-10-02,0.002384473520663443,0.002384473520663443,0.0018694893299813775,0.0010883614072092229,0.984251968503937,0.0
2020-11-20,2020-10-01,2020-10-02,0.00042579442534041486,0.00042579442534041486,0.0012618478060420768,0.004142059476218073,0.984251968503937,0.0
2020-11-23,2020-10-01,2020-10-02,-0.0029859648172965393,-0.0029859648172965393,-0.004570112205616456,-0.010993011692367202,0.984251968503937,0.0
2020-11-24,2020-10-01,2020-10-02,8.625515000031244e-05,8.625515000031244e-05,-0.0022915484175135836,-0.010067483402062014,0.984251968503937,0.0
2020-11-25,2020-10-01,2020-10-02,-0.0014036897259479654,-0.0014036897259479654,-0.001273074704793875,-0.0013847880082654774,0.984251968503937,0.0
2020-11-27,2020-10-01,2020-10-02,0.0013715640773111597,0.0013715640773111597,0.0005857131868844123,-0.0015340019634995394,0.984251968503937,0.0
2020-11-30,2020-10-01,2020-10-02,-0.0031964028507689094,-0.0031964028507689094,-0.003087464003200757,-0.0040072454500139415,0.984251968503937,0.0
2020-12-01,2020-10-01,2020-10-02,0.004353751040382294,0.004353751040382294,0.004313009345238594,0.006038638001895762,0.984251968503937,0.0
2020-12-02,2020-10-01,2020-10-02,0.0002565036511097355,0.0002565036511097355,0.0004221824429554155,0.0011308073882367107,0.984251968503937,0.0
2020-12-03,2020-10-01,2020-10-02,0.0034951919203711386,0.0034951919203711386,0.003916161699920623,0.00666471805359127,0.984251968503937,0.0
2020-12-04,2020-10-01,2020-10-02,-0.0012170801197253951,-0.0012170801197253951,-0.0022206494993306514,-0.005934433211407971,0.984251968503937,0.0
2020-12-07,2020-10-01,2020-10-02,0.004518747148530823,0.004518747148530823,0.005469954482193284,0.010382147086454163,0.984251968503937,0.0
2020-12-08,2020-10-01,2020-10-02,0.0029029924818629095,0.0029029924818629095,0.0027847621237893083,0.003530829299607958,0.984251968503937,0.0
2020-12-09,2020-10-01,2020-10-02,-0.007384239049386122,-0.007384239049386122,-0.0073420122754236095,-0.010158057253308424,0.984251968503937,0.0
2020-12-10,2020-10-01,2020-10-02,0.0017189491715166707,0.0017189491715166707,0.0016559621284325254,0.00207819418547021,0.984251968503937,0.0
2020-12-11,2020-10-01,2020-10-02,0.0008461947884720878,0.0008461947884720878,0.0010564130257414428,0.0020695922044669914,0.984251968503937,0.0
2020-12-14,2020-10-01,2020-10-02,-0.003361475241175943,-0.003361475241175943,-0.003189132950087742,-0.003954620201471398,0.984251968503937,0.0
2020-12-15,2020-10-01,2020-10-02,0.006693130040016433,0.006693130040016433,0.006040729491696789,0.006602524146649725,0.984251968503937,0.0
2020-12-16,2020-10-01,2020-10-02,0.0009878298015470748,0.0009878298015470748,0.0011068246083527356,0.001918561120406244,0.984251968503937,0.0
2020-12-17,2020-10-01,2020-10-02,0.003399590157207222,0.003399590157207222,0.003366441557918598,0.00464688299695288,0.984251968503937,0.0
2020-12-18,2020-10-01,2020-10-02,-0.0024862932186277666,-0.0024862932186277666,-0.0021719047294804783,-0.002111891123503754,0.984251968503937,0.0
2020-12-21,2020-10-01,2020-10-02,-0.0008948791272101631,-0.0008948791272101631,-0.0006959914784364918,-0.0004258436388100092,0.984251968503937,0.0
2020-12-22,2020-10-01,2020-10-02,-0.0008800767446749574,-0.0008800767446749574,-0.001106698879916046,-0.0022493231653390178,0.984251968503937,0.0
2020-12-23,2020-10-01,2020-10-02,-8.320690066284612e-05,-8.320690066284612e-05,0.0001593061013546171,0.0009782766041360235,0.984251968503937,0.0
2020-12-24,2020-10-01,2020-10-02,0.003148117759798763,0.003148117759798763,0.002958356827199027,0.003571657103037357,0.984251968503937,0.0
2020-12-28,2020-10-01,2020-10-02,0.00239198904665373,0.00239198904665373,0.0013514564308062527,-0.001135310904735076,0.984251968503937,0.0
2020-12-29,2020-10-01,2020-10-02,-0.00025689668145698595,-0.00025689668145698595,0.00011599057914057909,0.001257200966619829,0.984251968503937,0.0
2020-12-30,2020-10-01,2020-10-02,0.002571229912209894,0.002571229912209894,0.002811322449478626,0.0046292304453194435,0.984251968503937,0.0
2020-12-31,2020-10-01,2020-10-02,0.0028861283476769414,0.0028861283476769414,0.002563749922508962,0.002649426973066874,0.984251968503937,0.0
2021-01-04,2020-12-31,2021-01-04,-0.0006143212612810074,-0.0006143212612810074,0.0018599905279923223,0.010754325415428301,0.05511811023622047,0.0
2021-01-05,2020-12-31,2021-01-04,0.001146175462497684,0.001146175462497684,0.0006055383696027816,0.002131983443468337,0.05511811023622047,0.0
2021-01-06,2020-12-31,2021-01-04,-0.006287785901248384,-0.006287785901248384,-0.00769770064884151,-0.011119822380895294,0.05511811023622047,0.0
2021-01-07,2020-12-31,2021-01-04,0.0025297483383145795,0.0025297483383145795,0.000927271236848326,0.00022669165280370346,0.05511811023622047,0.0
2021-01-08,2020-12-31,2021-01-04,-0.005654730185263936,-0.005654730185263936,-0.007935028208321426,-0.019883640874621206,0.05511811023622047,0.0
2021-01-11,2020-12-31,2021-01-04,-0.0031646158551314526,-0.0031646158551314526,-0.0025885854647617335,-0.002590790448901592,0.05511811023622047,0.0
2021-01-12,2020-12-31,2021-01-04,0.0011701342668866913,0.0011701342668866913,0.0014727361425382335,0.00382752922727111,0.05511811023622047,0.0
2021-01-13,2020-12-31,2021-01-04,0.0028965986563110223,0.0028965986563110223,0.002411910664751077,-0.0007521301359537159,0.05511811023622047,0.0
2021-01-14,2020-12-31,2021-01-04,-0.0036713217783733323,-0.0036713217783733323,-0.0033470956726165124,-0.0020632133542037158,0.05511811023622047,0.0
2021-01-15,2020-12-31,2021-01-04,-0.004042208079820303,-0.004042208079820303,-0.003933321507415433,-0.008286340633817705,0.05511811023622047,0.0
2021-01-19,2020-12-31,2021-01-04,0.005249667062230512,0.005249667062230512,0.004888139787551982,0.006886594666623643,0.05511811023622047,0.0
2021-01-20,2020-12-31,2021-01-04,0.008346225451273516,0.008346225451273516,0.007776453399894689,0.012384377801763529,0.05511811023622047,0.0
2021-01-21,2020-12-31,2021-01-04,-0.0015608949334371847,-0.0015608949334371847,-0.0016834197947550866,-0.001050778516275206,0.05511811023622047,0.0
2021-01-22,2020-12-31,2021-01-04,-0.0020042539894033432,-0.0020042539894033432,-0.002043953773605167,-0.0049756656176226785,0.05511811023622047,0.0
2021-01-25,2020-12-31,2021-01-04,0.004499292623986129,0.004499292623986129,0.004148029598232461,0.002638178570510778,0.05511811023622047,0.0
2021-01-26,2020-12-31,2021-01-04,-0.0015122105965233003,-0.0015122105965233003,-0.0014796398131025346,-0.0019896272518339017,0.05511811023622047,0.0
2021-01-27,2020-12-31,2021-01-04,-0.009185575850211196,-0.009185575850211196,-0.007058315796638848,-0.00790779400372335,0.05511811023622047,0.0
2021-01-28,2020-12-31,2021-01-04,0.0018135292891368225,0.0018135292891368225,0.000999891613319509,0.001447513794492844,0.05511811023622047,0.0
2021-01-29,2020-12-31,2021-01-04,-0.008592163771206736,-0.008592163771206736,-0.0066104670809978006,-0.004575131482343198,0.05511811023622047,0.0
2021-02-01,2020-12-31,2021-01-04,0.007992938811628348,0.007992938811628348,0.006797634039841294,0.008773592635610061,0.05511811023622047,0.0
2021-02-02,2020-12-31,2021-01-04,0.0009037148315367382,0.0009037148315367382,-0.001118688152011521,-0.005519736532486822,0.05511811023622047,0.0
2021-02-03,2020-12-31,2021-01-04,-0.002245170160729765,-0.002245170160729765,-0.0023993244229041366,-0.0018252090371631302,0.05511811023622047,0.0
2021-02-04,2020-12-31,2021-01-04,-0.0009962097943021124,-0.0009962097943021124,-0.003209322618058952,-0.011186761026942516,0.05511811023622047,0.0
2021-02-05,2020-12-31,2021-01-04,0.0012586491568547138,0.0012586491568547138,0.0013586885813879623,0.005632549597615352,0.05511811023622047,0.0
2021-02-08,2020-12-31,2021-01-04,0.005639392306774583,0.005639392306774583,0.005420688211978608,0.007870201477660963,0.05511811023622047,0.0
2021-02-09,2020-12-31,2021-01-04,0.0006049592337689482,0.0006049592337689482,0.0008347989969028358,0.0019272644264866803,0.05511811023622047,0.0
2021-02-10,2020-12-31,2021-01-04,0.002243162313841102,0.002243162313841102,0.002469764630773502,0.0029134691226151916,0.05511811023622047,0.0
2021-02-11,2020-12-31,2021-01-04,-0.002540465948984994,-0.002540465948984994,-0.0031361995637632922,-0.005574099783244907,0.05511811023622047,0.0
2021-02-12,2020-12-31,2021-01-04,-0.0019832365245644693,-0.0019832365245644693,-0.0026290929174971334,-0.002415539187907804,0.05511811023622047,0.0
2021-02-16,2020-12-31,2021-01-04,-0.006980637206099843,-0.006980637206099843,-0.007611732053594694,-0.010588718173744249,0.05511811023622047,0.0
2021-02-17,2020-12-31,2021-01-04,-0.0006026690651443909,-0.0006026690651443909,-0.001193232867037014,-0.0060111529159902685,0.05511811023622047,0.0
2021-02-18,2020-12-31,2021-01-04,-0.002513269056061035,-0.002513269056061035,-0.002090660507029274,-0.001287822692545405,0.05511811023622047,0.0
2021-02-19,2020-12-31,2021-01-04,-0.003111304483273358,-0.003111304483273358,-0.0027273078400175677,0.0005815007803123653,0.05511811023622047,0.0
2021-02-22,2020-12-31,2021-01-04,-0.0016003541939801735,-0.0016003541939801735,-8.271209752039321e-05,0.006683948511442802,0.05511811023622047,0.0
2021-02-23,2020-12-31,2021-01-04,-0.0007561087472248598,-0.0007561087472248598,-0.0009925897810101336,-0.0015060697710058012,0.05511811023622047,0.0
2021-02-24,2020-12-31,2021-01-04,0.002074960737521025,0.002074960737521025,0.000937563169560951,0.0007786094678778243,0.05511811023622047,0.0
2021-02-25,2020-12-31,2021-01-04,-0.01627948017338927,-0.01627948017338927,-0.014810735097725014,-0.017590360941896296,0.05511811023622047,0.0
2021-02-26,2020-12-31,2021-01-04,0.001624761193999534,0.001624761193999534,0.0009308729355079204,-0.011487518514557937,0.05511811023622047,0.0
2021-03-01,2020-12-31,2021-01-04,0.004836022219137536,0.004836022219137536,0.002325496240783681,0.001757081565017605,0.05511811023622047,0.0
2021-03-02,2020-12-31,2021-01-04,-0.001623721125060262,-0.001623721125060262,-0.0005710112407127377,0.0018691521901169129,0.05511811023622047,0.0
2021-03-03,2020-12-31,2021-01-04,-0.009551910020275028,-0.009551910020275028,-0.008778396545432776,-0.010299816440494268,0.05511811023622047,0.0
2021-03-04,2020-12-31,2021-01-04,-0.007910920635780434,-0.007910920635780434,-0.007165291479396957,-0.008906229481420246,0.05511811023622047,0.0
2021-03-05,2020-12-31,2021-01-04,0.007051516490395948,0.007051516490395948,0.005243284103851553,0.003929894567909045,0.05511811023622047,0.0
2021-03-08,2020-12-31,2021-01-04,-0.005759829139519257,-0.005759829139519257,-0.0057803738142023775,-0.00804875767880789,0.05511811023622047,0.0
2021-03-09,2020-12-31,2021-01-04,0.012715801854378563,0.012715801854378563,0.0123516139638567,0.016995756163394576,0.05511811023622047,0.0
2021-03-10,2020-12-31,2021-01-04,0.0036990665501521634,0.0036990665501521634,0.003331537632732806,0.004421698924732432,0.05511811023622047,0.0
2021-03-11,2020-12-31,2021-01-04,0.0015721891464420652,0.0015721891464420652,0.0005149771075606546,0.00044774659686718746,0.05511811023622047,0.0
2021-03-12,2020-12-31,2021-01-04,-0.0048710526653916834,-0.0048710526653916834,-0.00501503777636253,-0.002405278629299423,0.05511811023622047,0.0
2021-03-15,2020-12-31,2021-01-04,0.004436442367331328,0.004436442367331328,0.004059923199474957,0.004416929763173283,0.05511811023622047,0.0
2021-03-16,2020-12-31,2021-01-04,-0.001261163001976001,-0.001261163001976001,-0.001088792410190248,-0.00015311920017737441,0.05511811023622047,0.0
2021-03-17,2020-12-31,2021-01-04,0.0007515725594217709,0.0007515725594217709,0.0007678231192674023,0.004007704387737491,0.05511811023622047,0.0
2021-03-18,2020-12-31,2021-01-04,-0.0087858791792015,-0.0087858791792015,-0.007621422163886338,-0.007322081852277397,0.05511811023622047,0.0
2021-03-19,2020-12-31,2021-01-04,0.0017383909632218255,0.0017383909632218255,0.002132599116313083,0.002916851383515842,0.05511811023622047,0.0
2021-03-22,2020-12-31,2021-01-04,0.0053023724202533535,0.0053023724202533535,0.00443034854817051,0.001898482360278626,0.05511811023622047,0.0
2021-03-23,2020-12-31,2021-01-04,-0.001958357936915828,-0.001958357936915828,-0.001536297828248545,-0.004721668603306357,0.05511811023622047,0.0
2021-03-24,2020-12-31,2021-01-04,0.00025848885008296666,0.00025848885008296666,0.0009398795403664228,0.0018025707869397957,0.05511811023622047,0.0
2021-03-25,2020-12-31,2021-01-04,-0.0007291978526690451,-0.0007291978526690451,-0.0014734544379145509,-0.0021077191417392073,0.05511811023622047,0.0
2021-03-26,2020-12-31,2021-01-04,0.005334052815343787,0.005334052815343787,0.003864726215482922,0.004195728665699932,0.05511811023622047,0.0
2021-03-29,2020-12-31,2021-01-04,-0.004677996161012327,-0.004677996161012327,-0.005222280163899196,-0.008243454135268918,0.05511811023622047,0.0
2021-03-30,2020-12-31,2021-01-04,-0.0030369772067318623,-0.0030369772067318623,-0.0036262694357440672,-0.01010745570281763,0.05511811023622047,0.0
2021-03-31,2020-12-31,2021-01-04,0.00305724800850536,0.00305724800850536,0.003410305550307552,0.009165103001727537,0.05511811023622047,0.0
2021-04-01,2020-12-31,2021-01-04,0.010454501637539882,0.010454501637539882,0.010006000719729957,0.011509667410139722,0.05511811023622047,0.0
2021-04-05,2020-12-31,2021-01-04,0.003858787795996315,0.003858787795996315,0.002404959271475937,0.0018462896720335663,0.05511811023622047,0.0
2021-04-06,2021-04-05,2021-04-06,0.003097124099592758,0.003097124099592758,0.0035576256953674112,0.0004889472204446027,0.031496062992125984,0.0
2021-04-07,2021-04-05,2021-04-06,-0.001899599708712374,-0.001899599708712374,-0.002156251384722585,0.0003983686233961168,0.031496062992125984,0.0
2021-04-08,2021-04-05,2021-04-06,0.005875543384475047,0.005875543384475047,0.005938466498839445,0.003977492482759977,0.031496062992125984,0.0
2021-04-09,2021-04-05,2021-04-06,0.00013121804271825016,0.00013121804271825016,-0.0009726694859896745,0.003570324763559914,0.031496062992125984,0.0
2021-04-12,2021-04-05,2021-04-06,-0.001194073691183806,-0.001194073691183806,-0.0015337172620727701,-0.0004181596299609472,0.031496062992125984,0.0
2021-04-13,2021-04-05,2021-04-06,0.0043279563462308,0.0043279563462308,0.004385919139536898,0.0025225505626506823,0.031496062992125984,0.0
2021-04-14,2021-04-05,2021-04-06,-0.0028585358927663896,-0.0028585358927663896,-0.002734237059199729,-0.002505426601059582,0.031496062992125984,0.0
2021-04-15,2021-04-05,2021-04-06,0.011176141832486532,0.011176141832486532,0.010910022469441116,0.008143326658319894,0.031496062992125984,0.0
2021-04-16,2021-04-05,2021-04-06,0.0004377721131283265,0.0004377721131283265,0.0004059188283062898,0.0026407281515264227,0.031496062992125984,0.0
2021-04-19,2021-04-05,2021-04-06,-0.0029906198967095564,-0.0029906198967095564,-0.002637590073225532,-0.0032382413827242384,0.031496062992125984,0.0
2021-04-20,2021-04-05,2021-04-06,-0.0006991220885398162,-0.0006991220885398162,0.00021086936835174042,-0.004019393238187707,0.031496062992125984,0.0
2021-04-21,2021-04-05,2021-04-06,0.005795813287089281,0.005795813287089281,0.005345155955338354,0.006718385950322068,0.031496062992125984,0.0
2021-04-22,2021-04-05,2021-04-06,-0.003402178784294752,-0.003402178784294752,-0.0028130210260781663,-0.00616089851889145,0.031496062992125984,0.0
2021-04-23,2021-04-05,2021-04-06,0.0024408562655638113,0.0024408562655638113,0.00116504663952946,0.0061029711625845435,0.031496062992125984,0.0
2021-04-26,2021-04-05,2021-04-06,0.0009025054977852666,0.0009025054977852666,0.0008259712612816994,0.001530237958817404,0.031496062992125984,0.0
2021-04-27,2021-04-05,2021-04-06,-0.002759663460417389,-0.002759663460417389,-0.002863999794678662,-0.00039362492101433053,0.031496062992125984,0.0
2021-04-28,2021-04-05,2021-04-06,0.000650513057521568,0.000650513057521568,0.0008264770912779495,0.0001368199610710406,0.031496062992125984,0.0
2021-04-29,2021-04-05,2021-04-06,0.0006650264459923943,0.0006650264459923943,-0.00017896150952384504,0.003389489444878886,0.031496062992125984,0.0
2021-04-30,2021-04-05,2021-04-06,-0.002395235606483626,-0.002395235606483626,-0.0019066305435751774,-0.004296225258833307,0.031496062992125984,0.0
2021-05-03,2021-04-05,2021-04-06,0.0035004035796714415,0.0035004035796714415,0.003933643372533158,0.0026573490375457398,0.031496062992125984,0.0
2021-05-04,2021-04-05,2021-04-06,-0.0019285833504893992,-0.0019285833504893992,-0.0016781325928930113,-0.00447154361933888,0.031496062992125984,0.0
2021-05-05,2021-04-05,2021-04-06,0.0013502977620722394,0.0013502977620722394,0.0015261088908443132,0.0006228886466644545,0.031496062992125984,0.0
2021-05-06,2021-04-05,2021-04-06,0.006542307966440109,0.006542307966440109,0.006577759994069898,0.006543230816456403,0.031496062992125984,0.0
2021-05-07,2021-04-05,2021-04-06,0.0031137964749065887,0.0031137964749065887,0.002835831344877665,0.005311886710956939,0.031496062992125984,0.0
2021-05-10,2021-04-05,2021-04-06,-0.005391321613116423,-0.005391321613116423,-0.004249571071200192,-0.005623019272766875,0.031496062992125984,0.0
2021-05-11,2021-04-05,2021-04-06,-0.004503860979249064,-0.004503860979249064,-0.0036026635414286856,-0.0053365856573797865,0.031496062992125984,0.0
2021-05-12,2021-04-05,2021-04-06,-0.012049628166340254,-0.012049628166340254,-0.01042177555069021,-0.013790735190569428,0.031496062992125984,0.0
2021-05-13,2021-04-05,2021-04-06,0.005413028517318485,0.005413028517318485,0.004417126841570085,0.007639054343691727,0.031496062992125984,0.0
2021-05-14,2021-04-05,2021-04-06,0.009535420764153424,0.009535420764153424,0.008455692645892021,0.010170682831899298,0.031496062992125984,0.0
2021-05-17,2021-04-05,2021-04-06,0.000908479096477855,0.000908479096477855,0.0017448743216419427,-0.0003039482048759921,0.031496062992125984,0.0
2021-05-18,2021-04-05,2021-04-06,-0.003266021474888242,-0.003266021474888242,-0.0023071498614112007,-0.004964946560013145,0.031496062992125984,0.0
2021-05-19,2021-04-05,2021-04-06,-0.0013852116139795089,-0.0013852116139795089,-0.0010887260382808073,-0.0015012092889107286,0.031496062992125984,0.0
2021-05-20,2021-04-05,2021-04-06,0.006736017131985184,0.006736017131985184,0.005888556496738417,0.0069347035583697415,0.031496062992125984,0.0
2021-05-21,2021-04-05,2021-04-06,0.0006058502004225087,0.0006058502004225087,0.0007104779062643285,-0.0004436449482139698,0.031496062992125984,0.0
2021-05-24,2021-04-05,2021-04-06,0.0048463123525554815,0.0048463123525554815,0.003914932528804316,0.006301573962768392,0.031496062992125984,0.0
2021-05-25,2021-04-05,2021-04-06,0.0033539718635175525,0.0033539718635175525,0.004029476327163745,-0.0003781489662395476,0.031496062992125984,0.0
2021-05-26,2021-04-05,2021-04-06,-8.41714176450627e-05,-8.41714176450627e-05,-0.00036971711806529917,0.0010076699751037663,0.031496062992125984,0.0
2021-05-27,2021-04-05,2021-04-06,-0.0007429827875609085,-0.0007429827875609085,-0.0007757903938073185,0.0003564716264712284,0.031496062992125984,0.0
2021-05-28,2021-04-05,2021-04-06,0.0009834580846793842,0.0009834580846793842,0.0009931053304914894,0.0014691994389634253,0.031496062992125984,0.0
2021-06-01,2021-04-05,2021-04-06,-0.0009025308180809601,-0.0009025308180809601,-0.000948997174513827,-0.0008111501440532002,0.031496062992125984,0.0
2021-06-02,2021-04-05,2021-04-06,0.0021072386598340433,0.0021072386598340433,0.0021944956240366187,0.001457298155858852,0.031496062992125984,0.0
2021-06-03,2021-04-05,2021-04-06,-0.006153057337072561,-0.006153057337072561,-0.0067608194816763945,-0.004283447070783413,0.031496062992125984,0.0
2021-06-04,2021-04-05,2021-04-06,0.00878144398575238,0.00878144398575238,0.008406014640670756,0.006620297706743402,0.031496062992125984,0.0
2021-06-07,2021-04-05,2021-04-06,-0.000306417327105801,-0.000306417327105801,-9.024790169787078e-06,-0.0001610943254777169,0.031496062992125984,0.0
2021-06-08,2021-04-05,2021-04-06,0.0012128391147440353,0.0012128391147440353,0.0010369134016751658,-0.00019686932174071942,0.031496062992125984,0.0
2021-06-09,2021-04-05,2021-04-06,0.0013015467330301787,0.0013015467330301787,0.0013548694668800987,-0.0010966070188247149,0.031496062992125984,0.0
2021-06-10,2021-04-05,2021-04-06,0.003985419803024215,0.003985419803024215,0.0037353058159909636,0.0032400695524246346,0.031496062992125984,0.0
2021-06-11,2021-04-05,2021-04-06,-0.0020754752643951,-0.0020754752643951,-0.0028033309076357926,-0.00019056568388967467,0.031496062992125984,0.0
2021-06-14,2021-04-05,2021-04-06,-0.002303306974946479,-0.002303306974946479,-0.002820280637858885,0.0007279171647689088,0.031496062992125984,0.0
2021-06-15,2021-04-05,2021-04-06,-0.0016984615875202393,-0.0016984615875202393,-0.0017039199682989947,-0.00149738366217863,0.031496062992125984,0.0
2021-06-16,2021-04-05,2021-04-06,-0.005545153326961229,-0.005545153326961229,-0.0058313954145469415,-0.005124413113903765,0.031496062992125984,0.0
2021-06-17,2021-04-05,2021-04-06,-0.0025212688537138675,-0.0025212688537138675,-0.00402512865079524,-0.003428029006347983,0.031496062992125984,0.0
2021-06-18,2021-04-05,2021-04-06,-0.0011295874345473298,-0.0011295874345473298,-5.7917584813466094e-05,-0.00867689744843227,0.031496062992125984,0.0
2021-06-21,2021-04-05,2021-04-06,0.0032741693478738404,0.0032741693478738404,0.0024549739889403177,0.009875992890584053,0.031496062992125984,0.0
2021-06-22,2021-04-05,2021-04-06,0.0016433003230884367,0.0016433003230884367,0.0008990378097926965,0.002767289912094073,0.031496062992125984,0.0
2021-06-23,2021-04-05,2021-04-06,-0.0011980596255923126,-0.0011980596255923126,-0.0011106179283843498,-0.0007926498946537887,0.031496062992125984,0.0
2021-06-24,2021-04-05,2021-04-06,0.0023514763564470797,0.0023514763564470797,0.0017297895755872261,0.003486309746028804,0.031496062992125984,0.0
2021-06-25,2021-04-05,2021-04-06,-0.0006901793944951216,-0.0006901793944951216,-0.0008797404155306554,0.0024790595080138858,0.031496062992125984,0.0
2021-06-28,2021-04-05,2021-04-06,0.003263808023920012,0.003263808023920012,0.0030592052238467005,0.0012033164052664678,0.031496062992125984,0.0
2021-06-29,2021-04-05,2021-04-06,-0.0014944290858055383,-0.0014944290858055383,-0.0020735214727330697,-0.0007806074105957937,0.031496062992125984,0.0
2021-06-30,2021-04-05,2021-04-06,0.0023786320382293115,0.0023786320382293115,0.0025371494729325983,0.0010147720479724562,0.031496062992125984,0.0
2021-07-01,2021-04-05,2021-04-06,0.0026398343610890777,0.0026398343610890777,0.002258261058799227,0.0036833368057453517,0.031496062992125984,0.0
2021-07-02,2021-04-05,2021-04-06,0.005495607272308745,0.005495607272308745,0.005059165127106913,0.005275061686578254,0.031496062992125984,0.0
2021-07-06,2021-07-02,2021-07-06,0.0032851412382036375,0.0032851412382036375,0.003715345258659075,0.00039564908319205294,0.031496062992125984,0.0
2021-07-07,2021-07-02,2021-07-06,0.004212927851684645,0.004212927851684645,0.00404987308581245,0.003262409281301436,0.031496062992125984,0.0
2021-07-08,2021-07-02,2021-07-06,-0.002002690854179717,-0.002002690854179717,-0.0012204940966411282,-0.005084270663501608,0.031496062992125984,0.0
2021-07-09,2021-07-02,2021-07-06,0.0008845055985603921,0.0008845055985603921,-1.6908543829019518e-05,0.0074008222548105525,0.031496062992125984,0.0
2021-07-12,2021-07-02,2021-07-06,0.0006814030437978789,0.0006814030437978789,0.0002611375190811338,0.0017769325294199928,0.031496062992125984,0.0
2021-07-13,2021-07-02,2021-07-06,-0.00284612005133289,-0.00284612005133289,-0.0024401416640092433,-0.0016548009013272347,0.031496062992125984,0.0
2021-07-14,2021-07-02,2021-07-06,0.005513800711310591,0.005513800711310591,0.005902315811885717,0.004122019143508671,0.031496062992125984,0.0
2021-07-15,2021-07-02,2021-07-06,0.0015972740364031013,0.0015972740364031013,0.0019476085123280307,-0.0019967190658017864,0.031496062992125984,0.0
2021-07-16,2021-07-02,2021-07-06,-0.0051574665739218045,-0.0051574665739218045,-0.004858272711372097,-0.007617353826041338,0.031496062992125984,0.0
2021-07-19,2021-07-02,2021-07-06,0.0005492618877179508,0.0005492618877179508,0.0020850745352976874,-0.008506545997329376,0.031496062992125984,0.0
2021-07-20,2021-07-02,2021-07-06,0.002346450862791577,0.002346450862791577,0.0008485437046866495,0.008209182634102924,0.031496062992125984,0.0
2021-07-21,2021-07-02,2021-07-06,-0.001076829207299557,-0.001076829207299557,-0.0020724086761793326,0.0037419228192439773,0.031496062992125984,0.0
2021-07-22,2021-07-02,2021-07-06,0.0034873604369031865,0.0034873604369031865,0.0033757092358533414,0.0018431775611092993,0.031496062992125984,0.0
2021-07-23,2021-07-02,2021-07-06,0.0013017090457884456,0.0013017090457884456,0.00011619004098117891,0.00523246304732325,0.031496062992125984,0.0
2021-07-26,2021-07-02,2021-07-06,-0.00035608673282051,-0.00035608673282051,-0.0007202230355618788,0.0007610141775854272,0.031496062992125984,0.0
2021-07-27,2021-07-02,2021-07-06,0.001405578362309651,0.001405578362309651,0.0019446024537727313,-0.0022351004008270368,0.031496062992125984,0.0
2021-07-28,2021-07-02,2021-07-06,0.0008825266641133815,0.0008825266641133815,0.001175848972996163,0.0012678178650834986,0.031496062992125984,0.0
2021-07-29,2021-07-02,2021-07-06,0.002286027850559042,0.002286027850559042,0.002426541980084712,0.005820055245428123,0.031496062992125984,0.0
2021-07-30,2021-07-02,2021-07-06,-0.0021011546796526007,-0.0021011546796526007,-0.0020098538707960523,-0.005279910452839496,0.031496062992125984,0.0
2021-08-02,2021-07-02,2021-07-06,0.0012481976861818012,0.0012481976861818012,0.0013961558474347713,-0.0016297347341286171,0.031496062992125984,0.0
2021-08-03,2021-07-02,2021-07-06,0.002838770359257736,0.002838770359257736,0.0019898524677443574,0.0046690213514774615,0.031496062992125984,0.0
2021-08-04,2021-07-02,2021-07-06,-0.0011605738698390266,-0.0011605738698390266,-0.0006568618124397074,-0.00288069484187665,0.031496062992125984,0.0
2021-08-05,2021-07-02,2021-07-06,0.0001517886259956966,0.0001517886259956966,-0.0006791277649798311,0.0026142430856527094,0.031496062992125984,0.0
2021-08-06,2021-07-02,2021-07-06,-0.00859516493724631,-0.00859516493724631,-0.010009950319921496,-0.00650596212814554,0.031496062992125984,0.0
2021-08-09,2021-07-02,2021-07-06,-0.004728422471481393,-0.004728422471481393,-0.005533845640534191,-0.005808853769102629,0.031496062992125984,0.0
2021-08-10,2021-07-02,2021-07-06,-0.0006572403656107118,-0.0006572403656107118,-0.0007661954715695307,0.0008392477692442883,0.031496062992125984,0.0
2021-08-11,2021-07-02,2021-07-06,0.003473127195873139,0.003473127195873139,0.003913899631650286,0.005626351360400262,0.031496062992125984,0.0
2021-08-12,2021-07-02,2021-07-06,0.0006880691515983249,0.0006880691515983249,0.0004005677847792599,0.001871325101400266,0.031496062992125984,0.0
2021-08-13,2021-07-02,2021-07-06,0.007451247437806886,0.007451247437806886,0.007985560201679953,0.005389610613898445,0.031496062992125984,0.0
2021-08-16,2021-07-02,2021-07-06,0.0024275037058236306,0.0024275037058236306,0.0024414436393535577,0.0029093353399802565,0.031496062992125984,0.0
2021-08-17,2021-07-02,2021-07-06,-0.002693965037429097,-0.002693965037429097,-0.0021131940933523663,-0.004381647545246179,0.031496062992125984,0.0
2021-08-18,2021-07-02,2021-07-06,-0.0028352259823406552,-0.0028352259823406552,-0.001701804724593886,-0.006333360216318092,0.031496062992125984,0.0
2021-08-19,2021-07-02,2021-07-06,0.001796630434464752,0.001796630434464752,0.001495200624988785,4.9133703297254776e-05,0.031496062992125984,0.0
2021-08-20,2021-07-02,2021-07-06,0.003059215158197126,0.003059215158197126,0.0022905012116001267,0.004936380687784123,0.031496062992125984,0.0
2021-08-23,2021-07-02,2021-07-06,0.005348253095943995,0.005348253095943995,0.005077477543614178,0.00893118774634782,0.031496062992125984,0.0
2021-08-24,2021-07-02,2021-07-06,-0.001483608903538186,-0.001483608903538186,-0.001666042350843916,0.0008101160050679279,0.031496062992125984,0.0
2021-08-25,2021-07-02,2021-07-06,-0.0027294781817420073,-0.0027294781817420073,-0.0032861883698721006,-0.0008221991544855609,0.031496062992125984,0.0
2021-08-26,2021-07-02,2021-07-06,-0.0011468941552319088,-0.0011468941552319088,-0.0004998654493257038,-0.003201485181747497,0.031496062992125984,0.0
2021-08-27,2021-07-02,2021-07-06,0.007836104773223185,0.007836104773223185,0.007693509972538093,0.009873297556949611,0.031496062992125984,0.0
2021-08-30,2021-07-02,2021-07-06,0.0012043916736623526,0.0012043916736623526,0.0005178515419891894,0.0011578576564563053,0.031496062992125984,0.0
2021-08-31,2021-07-02,2021-07-06,-0.0018186802913837785,-0.0018186802913837785,-0.0015701591805229453,-0.00028653383739929406,0.031496062992125984,0.0
2021-09-01,2021-07-02,2021-07-06,0.00061651201798264,0.00061651201798264,0.0005663235267146516,0.00033647011912822926,0.031496062992125984,0.0
2021-09-02,2021-07-02,2021-07-06,0.001637892568657684,0.001637892568657684,0.0011976394805813528,0.0010504862727080833,0.031496062992125984,0.0
2021-09-03,2021-07-02,2021-07-06,-0.00021970763494399883,-0.00021970763494399883,0.00033927931833754865,0.0030626131999931918,0.031496062992125984,0.0
2021-09-07,2021-07-02,2021-07-06,-0.007277078827918833,-0.007277078827918833,-0.007898732864020375,-0.00802030690418475,0.031496062992125984,0.0
2021-09-08,2021-07-02,2021-07-06,0.0007743191732850926,0.0007743191732850926,0.0007709354666126655,-0.001482339501973017,0.031496062992125984,0.0
2021-09-09,2021-07-02,2021-07-06,0.0024115155706505302,0.0024115155706505302,0.003060703103571455,-0.001241031625180142,0.031496062992125984,0.0
2021-09-10,2021-07-02,2021-07-06,-0.005975360899826182,-0.005975360899826182,-0.0054398275151568976,-0.006248394415106405,0.031496062992125984,0.0
2021-09-13,2021-07-02,2021-07-06,0.00308187851977968,0.00308187851977968,0.0029934365962990817,0.0025405074156909842,0.031496062992125984,0.0
2021-09-14,2021-07-02,2021-07-06,0.002429749150843081,0.002429749150843081,0.003291342436005179,-0.0013064317903096006,0.031496062992125984,0.0
2021-09-15,2021-07-02,2021-07-06,0.000873699025649332,0.000873699025649332,-0.00025480133224004,0.003252442319544909,0.031496062992125984,0.0
2021-09-16,2021-07-02,2021-07-06,-0.00622874564629777,-0.00622874564629777,-0.007202301486629176,-0.007743851195153129,0.031496062992125984,0.0
2021-09-17,2021-07-02,2021-07-06,-0.004927345006176602,-0.004927345006176602,-0.004032488839425835,-0.00632016245476594,0.031496062992125984,0.0
2021-09-20,2021-07-02,2021-07-06,-0.0013067835539792732,-0.0013067835539792732,0.0007178541304503905,-0.00786133356793654,0.031496062992125984,0.0
2021-09-21,2021-07-02,2021-07-06,0.0007880938063508818,0.0007880938063508818,0.0012159970077168791,0.0014340025031345021,0.031496062992125984,0.0
2021-09-22,2021-07-02,2021-07-06,0.004158605943939997,0.004158605943939997,0.0029964248952937256,0.004732679851536222,0.031496062992125984,0.0
2021-09-23,2021-07-02,2021-07-06,-0.003706092267340656,-0.003706092267340656,-0.005498432227104694,0.0038262063046435465,0.031496062992125984,0.0
2021-09-24,2021-07-02,2021-07-06,-0.002123713173242925,-0.002123713173242925,-0.0023526280555942747,0.0006029255531765797,0.031496062992125984,0.0
2021-09-27,2021-07-02,2021-07-06,-0.0015036967703541345,-0.0015036967703541345,-0.001113516510523327,-0.0010918605000622907,0.031496062992125984,0.0
2021-09-28,2021-07-02,2021-07-06,-0.012890794456588278,-0.012890794456588278,-0.011361412225407125,-0.015006150428718796,0.031496062992125984,0.0
2021-09-29,2021-07-02,2021-07-06,0.00012194552209306955,0.00012194552209306955,-0.00027161584661614113,-0.000341485402524045,0.031496062992125984,0.0
2021-09-30,2021-07-02,2021-07-06,-0.0007170561808526087,-0.0007170561808526087,0.0014040022020961607,-0.0019403581151259345,0.031496062992125984,0.0
2021-10-01,2021-07-02,2021-07-06,0.006713820960094851,0.006713820960094851,0.005638069377595423,0.00780633673079196,0.031496062992125984,0.0
2021-10-04,2021-10-01,2021-10-04,-0.004214260924996565,-0.004214260924996565,-0.0026907443651691676,-0.007737604086602533,0.952755905511811,0.0
2021-10-05,2021-10-01,2021-10-04,0.0002963538962621798,0.0002963538962621798,-0.0009769768419831681,0.006243024578929956,0.952755905511811,0.0
2021-10-06,2021-10-01,2021-10-04,0.0033995210276667517,0.0033995210276667517,0.0031175702015271978,0.0024937022553298336,0.952755905511811,0.0
2021-10-07,2021-10-01,2021-10-04,-0.0006428154288086079,-0.0006428154288086079,-0.0017709598128015647,0.005187344537692116,0.952755905511811,0.0
2021-10-08,2021-10-01,2021-10-04,-0.0023026548295885354,-0.0023026548295885354,-0.00209895262196208,-0.0010943037723152081,0.952755905511811,0.0
2021-10-11,2021-10-01,2021-10-04,-0.0035458561510117114,-0.0035458561510117114,-0.0029162690906565925,-0.004343796916094723,0.952755905511811,0.0
2021-10-12,2021-10-01,2021-10-04,0.004316452520466741,0.004316452520466741,0.004788330408221464,-0.0014769380779371389,0.952755905511811,0.0
2021-10-13,2021-10-01,2021-10-04,0.007249561852579701,0.007249561852579701,0.007779502742482403,0.0021586140021669963,0.952755905511811,0.0
2021-10-14,2021-10-01,2021-10-04,0.00730537287499069,0.00730537287499069,0.005745632101102793,0.01009238522045357,0.952755905511811,0.0
2021-10-15,2021-10-01,2021-10-04,-0.001969749539320932,-0.001969749539320932,-0.0035259667913585535,0.004569449639109098,0.952755905511811,0.0
2021-10-18,2021-10-01,2021-10-04,0.0017124158969300193,0.0017124158969300193,0.0012923574632762447,0.001776377352841684,0.952755905511811,0.0
2021-10-19,2021-10-01,2021-10-04,-0.00010568041847375232,-0.00010568041847375232,-0.0007164793973328254,0.004628895471228579,0.952755905511811,0.0
2021-10-20,2021-10-01,2021-10-04,0.0014398869214409808,0.0014398869214409808,0.0014853299793772257,0.0023565292770201937,0.952755905511811,0.0
2021-10-21,2021-10-01,2021-10-04,0.000435449642119956,0.000435449642119956,0.00012968061988277713,0.0015650025660720155,0.952755905511811,0.0
2021-10-22,2021-10-01,2021-10-04,0.0036140612817571974,0.0036140612817571974,0.0040235165200560585,-0.000621641284436157,0.952755905511811,0.0
2021-10-25,2021-10-01,2021-10-04,0.002878114091383838,0.002878114091383838,0.0026875610105665804,0.003217566038899779,0.952755905511811,0.0
2021-10-26,2021-10-01,2021-10-04,0.0009024659504710982,0.0009024659504710982,0.0004424700814352478,0.0005401207404170697,0.952755905511811,0.0
2021-10-27,2021-10-01,2021-10-04,0.003522726527210241,0.003522726527210241,0.004096939721856263,-0.0026580610250586992,0.952755905511811,0.0
2021-10-28,2021-10-01,2021-10-04,0.0024834272145211555,0.0024834272145211555,0.0015066638200822158,0.005789214757614447,0.952755905511811,0.0
2021-10-29,2021-10-01,2021-10-04,-0.00022729735944291337,-0.00022729735944291337,-0.0008555930610309459,0.0012174040542594943,0.952755905511811,0.0
2021-11-01,2021-10-01,2021-10-04,-0.00015378469832303364,-0.00015378469832303364,-6.479229657718744e-05,0.0010322209411729245,0.952755905511811,0.0
2021-11-02,2021-10-01,2021-10-04,0.0020949312229452837,0.0020949312229452837,0.0015831900025656542,0.002425747105282738,0.952755905511811,0.0
2021-11-03,2021-10-01,2021-10-04,-0.002109666770429259,-0.002109666770429259,-0.0031359777212288664,0.003663250918012648,0.952755905511811,0.0
2021-11-04,2021-10-01,2021-10-04,0.006545233078218927,0.006545233078218927,0.006641022984529621,0.002827546094324432,0.952755905511811,0.0
2021-11-05,2021-10-01,2021-10-04,0.007565799074267344,0.007565799074267344,0.007871993129518529,0.0020817187960851004,0.952755905511811,0.0
2021-11-08,2021-10-01,2021-10-04,0.0005483400837744126,0.0005483400837744126,0.0006425497217312226,0.0005122279650720437,0.952755905511811,0.0
2021-11-09,2021-10-01,2021-10-04,0.003083142874540901,0.003083142874540901,0.0036600948017569968,-0.001983278557259592,0.952755905511811,0.0
2021-11-10,2021-10-01,2021-10-04,-0.005214654265536772,-0.005214654265536772,-0.003867225088137888,-0.004826940614181449,0.952755905511811,0.0
2021-11-11,2021-10-01,2021-10-04,0.0008626837270471981,0.0008626837270471981,0.0011104233651824669,0.00019418808206719403,0.952755905511811,0.0
2021-11-12,2021-10-01,2021-10-04,0.001922192931094685,0.001922192931094685,0.001262266817207286,0.004528133251740797,0.952755905511811,0.0
2021-11-15,2021-10-01,2021-10-04,-0.003328911443738575,-0.003328911443738575,-0.0034405365738747196,0.00020542700234003027,0.952755905511811,0.0
2021-11-16,2021-10-01,2021-10-04,-0.0006973497898853437,-0.0006973497898853437,-0.0014548311031638284,0.0023747284586954614,0.952755905511811,0.0
2021-11-17,2021-10-01,2021-10-04,0.0029585751076538886,0.0029585751076538886,0.0036583547629341073,-0.0014575227481535811,0.952755905511811,0.0
2021-11-18,2021-10-01,2021-10-04,0.00148693009640205,0.00148693009640205,0.000986831530182447,0.002037844878245253,0.952755905511811,0.0
2021-11-19,2021-10-01,2021-10-04,0.0004842501366025705,0.0004842501366025705,0.00028076878131672034,-0.0010730094405285958,0.952755905511811,0.0
2021-11-22,2021-10-01,2021-10-04,-0.008401378819511309,-0.008401378819511309,-0.009240894668998162,-0.0016890420391135364,0.952755905511811,0.0
2021-11-23,2021-10-01,2021-10-04,-0.004881121077761941,-0.004881121077761941,-0.0054463277544437305,0.0007955188327502394,0.952755905511811,0.0
2021-11-24,2021-10-01,2021-10-04,0.004756943436309536,0.004756943436309536,0.004442119243717013,0.0016019945399221133,0.952755905511811,0.0
2021-11-26,2021-10-01,2021-10-04,-0.0018119815606045468,-0.0018119815606045468,0.00033756509572782645,-0.013381941896276173,0.952755905511811,0.0
2021-11-29,2021-10-01,2021-10-04,0.0020081349119931645,0.0020081349119931645,0.00071254271873189,0.007359988320645039,0.952755905511811,0.0
2021-11-30,2021-10-01,2021-10-04,-0.004354072021768291,-0.004354072021768291,-0.0027443935663272745,-0.011674626638315979,0.952755905511811,0.0
2021-12-01,2021-10-01,2021-10-04,-0.0015476509823082957,-0.0015476509823082957,-0.00023754340761031334,-0.006664264187566648,0.952755905511811,0.0
2021-12-02,2021-10-01,2021-10-04,0.004565168496221328,0.004565168496221328,0.0027566989831771527,0.009189770830066555,0.952755905511811,0.0
2021-12-03,2021-10-01,2021-10-04,0.0016197667795965496,0.0016197667795965496,0.0029105100614205404,-0.005220858849549768,0.952755905511811,0.0
2021-12-06,2021-10-01,2021-10-04,0.00021944524759463476,0.00021944524759463476,-0.0010879193776230922,0.007106018783962708,0.952755905511811,0.0
2021-12-07,2021-10-01,2021-10-04,0.0059295222729395525,0.0059295222729395525,0.0040385181182441,0.012410872119048212,0.952755905511811,0.0
2021-12-08,2021-10-01,2021-10-04,-0.003286539010706474,-0.003286539010706474,-0.003524368906062475,0.0015888335880843043,0.952755905511811,0.0
2021-12-09,2021-10-01,2021-10-04,-0.0021868927924110606,-0.0021868927924110606,-0.0018173061511467248,-0.0040509333604190415,0.952755905511811,0.0
2021-12-10,2021-10-01,2021-10-04,0.003535543046001616,0.003535543046001616,0.002805193741262396,0.00564806567586218,0.952755905511811,0.0
2021-12-13,2021-10-01,2021-10-04,0.0010985343456193842,0.0010985343456193842,0.002110434971657582,-0.005315013737627882,0.952755905511811,0.0
2021-12-14,2021-10-01,2021-10-04,-0.004871950525850866,-0.004871950525850866,-0.004651011992651083,-0.004128022023019809,0.952755905511811,0.0
2021-12-15,2021-10-01,2021-10-04,0.003921588156135297,0.003921588156135297,0.0025736543648009758,0.009375063056155233,0.952755905511811,0.0
2021-12-16,2021-10-01,2021-10-04,-0.0005697072402180529,-0.0005697072402180529,0.0009170273501571402,-0.005291139099044437,0.952755905511811,0.0
2021-12-17,2021-10-01,2021-10-04,-0.0013202263270814638,-0.0013202263270814638,-0.0003629916852534443,-0.006385654406352837,0.952755905511811,0.0
2021-12-20,2021-10-01,2021-10-04,-0.006440919366396802,-0.006440919366396802,-0.005589132365429322,-0.00638010228164705,0.952755905511811,0.0
2021-12-21,2021-10-01,2021-10-04,0.00517989089887863,0.00517989089887863,0.0033830418694327236,0.010655427649120775,0.952755905511811,0.0
2021-12-22,2021-10-01,2021-10-04,0.006536376766700381,0.006536376766700381,0.006006508264976895,0.0059992182404962095,0.952755905511811,0.0
2021-12-23,2021-10-01,2021-10-04,0.00045921928649806363,0.00045921928649806363,-5.0270402703916917e-05,0.0037331435288893823,0.952755905511811,0.0
2021-12-27,2021-10-01,2021-10-04,0.006032646206417047,0.006032646206417047,0.004735768900997639,0.008491438230802516,0.952755905511811,0.0
2021-12-28,2021-10-01,2021-10-04,-0.0021387365785721928,-0.0021387365785721928,-0.002272513031470691,-0.00049036085263492,0.952755905511811,0.0
2021-12-29,2021-10-01,2021-10-04,-0.0023428204209956006,-0.0023428204209956006,-0.002485549726447017,0.0007674235344302892,0.952755905511811,0.0
2021-12-30,2021-10-01,2021-10-04,0.0025644169982098073,0.0025644169982098073,0.0031997146854215175,-0.001658621510628498,0.952755905511811,0.0
2021-12-31,2021-10-01,2021-10-04,0.0009745167808325077,0.0009745167808325077,0.0015681275104862114,-0.00151218797993453,0.952755905511811,0.0
2022-01-03,2021-12-31,2022-01-03,-0.00761289407255657,-0.00761289407255657,-0.008961087408239837,0.003474036980299729,0.968503937007874,0.0
2022-01-04,2021-12-31,2022-01-03,0.00031670018484866226,0.00031670018484866226,0.0007185134082429712,-0.00020092482303280034,0.968503937007874,0.0
2022-01-05,2021-12-31,2022-01-03,-0.008679164060013756,-0.008679164060013756,-0.006909323908277004,-0.011521340391925849,0.968503937007874,0.0
2022-01-06,2021-12-31,2022-01-03,-0.002130526811820949,-0.002130526811820949,-0.002648785747816046,-0.0005636844568838613,0.968503937007874,0.0
2022-01-07,2021-12-31,2022-01-03,-0.0022705782886577757,-0.0022705782886577757,-0.0016476799420577781,-0.0023720487744275827,0.968503937007874,0.0
2022-01-10,2021-12-31,2022-01-03,0.0007876084833905563,0.0007876084833905563,0.0010640676156692952,-0.0007466930824904236,0.968503937007874,0.0
2022-01-11,2021-12-31,2022-01-03,0.007266161140745454,0.007266161140745454,0.0069585552528694805,0.0054650318188224755,0.968503937007874,0.0
2022-01-12,2021-12-31,2022-01-03,0.0005170965073122703,0.0005170965073122703,0.00037886118258265156,0.0016221987675217426,0.968503937007874,0.0
2022-01-13,2021-12-31,2022-01-03,-0.0032818482544082037,-0.0032818482544082037,-0.0020738330593005616,-0.008267187713449784,0.968503937007874,0.0
2022-01-14,2021-12-31,2022-01-03,-0.004210066293406179,-0.004210066293406179,-0.004394950347083815,0.00024540184918433257,0.968503937007874,0.0
2022-01-18,2021-12-31,2022-01-03,-0.010047146881216683,-0.010047146881216683,-0.008358689586133755,-0.010625820299616296,0.968503937007874,0.0
2022-01-19,2021-12-31,2022-01-03,0.0012727959280687661,0.0012727959280687661,0.0031051777140669035,-0.006230132646860275,0.968503937007874,0.0
2022-01-20,2021-12-31,2022-01-03,-0.002831836715111152,-0.002831836715111152,-0.001849983587466214,-0.006640783915790681,0.968503937007874,0.0
2022-01-21,2021-12-31,2022-01-03,-0.004546580027316804,-0.004546580027316804,-0.0027466323763724043,-0.011778417473110767,0.968503937007874,0.0
2022-01-24,2021-12-31,2022-01-03,0.000531196124405903,0.000531196124405903,0.00038124635654260275,0.002547958227601698,0.968503937007874,0.0
2022-01-25,2021-12-31,2022-01-03,-0.004037285851785199,-0.004037285851785199,-0.002656534717953074,-0.00732536643969468,0.968503937007874,0.0
2022-01-26,2021-12-31,2022-01-03,-0.007134775755218155,-0.007134775755218155,-0.007692222313872232,-0.0015052601230787458,0.968503937007874,0.0
2022-01-27,2021-12-31,2022-01-03,0.00028271967447909786,0.00028271967447909786,0.0001315980883439538,-0.0029627338247535137,0.968503937007874,0.0
2022-01-28,2021-12-31,2022-01-03,0.008183125271385814,0.008183125271385814,0.005550408326481265,0.014901313635194445,0.968503937007874,0.0
2022-01-31,2021-12-31,2022-01-03,0.006196216391938003,0.006196216391938003,0.00469135881329058,0.010806506689504803,0.968503937007874,0.0
2022-02-01,2021-12-31,2022-01-03,0.0017017068708362944,0.0017017068708362944,0.0010676520999778338,0.004054193684402162,0.968503937007874,0.0
2022-02-02,2021-12-31,2022-01-03,0.004971888894733434,0.004971888894733434,0.0041817678098688416,0.005828524094356925,0.968503937007874,0.0
2022-02-03,2021-12-31,2022-01-03,-0.010462624647944311,-0.010462624647944311,-0.008183185557372269,-0.014103056433233885,0.968503937007874,0.0
2022-02-04,2021-12-31,2022-01-03,-0.0017313064492804394,-0.0017313064492804394,-0.002124435849931411,0.002821400064802313,0.968503937007874,0.0
2022-02-07,2021-12-31,2022-01-03,0.0005191382432616638,0.0005191382432616638,0.001210190730210059,-0.0019255403235348021,0.968503937007874,0.0
2022-02-08,2021-12-31,2022-01-03,0.0018196792765862112,0.0018196792765862112,0.0011497512073766203,0.004936629617882592,0.968503937007874,0.0
2022-02-09,2021-12-31,2022-01-03,0.006272804874962868,0.006272804874962868,0.004979159348357631,0.00878162668677871,0.968503937007874,0.0
2022-02-10,2021-12-31,2022-01-03,-0.011020433610724266,-0.011020433610724266,-0.00941369915461479,-0.010779374898184504,0.968503937007874,0.0
2022-02-11,2021-12-31,2022-01-03,0.0006164861880516535,0.0006164861880516535,0.0035410944528208865,-0.011831186092155452,0.968503937007874,0.0
2022-02-14,2021-12-31,2022-01-03,-0.003184469326680133,-0.003184469326680133,-0.002589984326740097,-0.0019616952002035966,0.968503937007874,0.0
2022-02-15,2021-12-31,2022-01-03,0.000906278856589209,0.000906278856589209,-0.0011814173852548182,0.009676222758506412,0.968503937007874,0.0
2022-02-16,2021-12-31,2022-01-03,0.0039308552205953315,0.0039308552205953315,0.004332990774323087,0.0006724630130838801,0.968503937007874,0.0
2022-02-17,2021-12-31,2022-01-03,-0.0028832781579715954,-0.0028832781579715954,-6.373758406150176e-05,-0.012816821309228453,0.968503937007874,0.0
2022-02-18,2021-12-31,2022-01-03,0.00021866066134307863,0.00021866066134307863,0.0008295077168538889,-0.003885118806090236,0.968503937007874,0.0
2022-02-22,2021-12-31,2022-01-03,-0.0026870905388270356,-0.0026870905388270356,-0.0015094777989795027,-0.0064389650803844175,0.968503937007874,0.0
2022-02-23,2021-12-31,2022-01-03,-0.008752479272724784,-0.008752479272724784,-0.0067532688141432595,-0.010643094570391965,0.968503937007874,0.0
2022-02-24,2021-12-31,2022-01-03,0.0041418630260858895,0.0041418630260858895,0.0023144529001688785,0.009029421314496355,0.968503937007874,0.0
2022-02-25,2021-12-31,2022-01-03,0.007238942834951156,0.007238942834951156,0.004866006675981832,0.013238413487760559,0.968503937007874,0.0
2022-02-28,2021-12-31,2022-01-03,0.006657307847162681,0.006657307847162681,0.007431415308111394,-0.0015350410283564403,0.968503937007874,0.0
2022-03-01,2021-12-31,2022-01-03,0.0011925840087582806,0.0011925840087582806,0.0036237887314609085,-0.009138203536877663,0.968503937007874,0.0
2022-03-02,2021-12-31,2022-01-03,-0.004188372081005455,-0.004188372081005455,-0.006548304027201524,0.011037689727290972,0.968503937007874,0.0
2022-03-03,2021-12-31,2022-01-03,0.001994586689038503,0.001994586689038503,0.002790106758581934,-0.00298709579757359,0.968503937007874,0.0
2022-03-04,2021-12-31,2022-01-03,0.004657959503706994,0.004657959503706994,0.00626690169303043,-0.004874909371430311,0.968503937007874,0.0
2022-03-07,2021-12-31,2022-01-03,-0.009252295860385732,-0.009252295860385732,-0.0055612536283020375,-0.017687393807593165,0.968503937007874,0.0
2022-03-08,2021-12-31,2022-01-03,0.00030315722738438484,0.00030315722738438484,0.002429283073769578,-0.004549055795222869,0.968503937007874,0.0
2022-03-09,2021-12-31,2022-01-03,0.0009919755154065646,0.0009919755154065646,-0.0031746803743579743,0.016086582491489577,0.968503937007874,0.0
2022-03-10,2021-12-31,2022-01-03,-0.004548124232058676,-0.004548124232058676,-0.003940514382449106,-0.0027092907582885422,0.968503937007874,0.0
2022-03-11,2021-12-31,2022-01-03,-0.00501920840406756,-0.00501920840406756,-0.004099082752942712,-0.0076291191451963265,0.968503937007874,0.0
2022-03-14,2021-12-31,2022-01-03,-0.011409787124505879,-0.011409787124505879,-0.011432659119501615,-0.004384881609367123,0.968503937007874,0.0
2022-03-15,2021-12-31,2022-01-03,0.0035191181343928774,0.0035191181343928774,0.0003848219315553958,0.013194142101789241,0.968503937007874,0.0
2022-03-16,2021-12-31,2022-01-03,0.011465036060048728,0.011465036060048728,0.009560676806877888,0.013304396540337795,0.968503937007874,0.0
2022-03-17,2021-12-31,2022-01-03,0.003493169123070355,0.003493169123070355,0.0024864771950924014,0.007506744939902575,0.968503937007874,0.0
2022-03-18,2021-12-31,2022-01-03,0.005128641118625276,0.005128641118625276,0.0035938744660359845,0.006571644290699343,0.968503937007874,0.0
2022-03-21,2021-12-31,2022-01-03,-0.004363396562759369,-0.004363396562759369,-0.003952111447650397,-0.0001754712697899427,0.968503937007874,0.0
2022-03-22,2021-12-31,2022-01-03,-0.000557564192635441,-0.000557564192635441,-0.002090224606712765,0.00702072989708866,0.968503937007874,0.0
2022-03-23,2021-12-31,2022-01-03,0.003703325655977498,0.003703325655977498,0.005674131745285693,-0.0077269379967574514,0.968503937007874,0.0
2022-03-24,2021-12-31,2022-01-03,0.004769927405999914,0.004769927405999914,0.0036255110863604167,0.009044608047000843,0.968503937007874,0.0
2022-03-25,2021-12-31,2022-01-03,-0.0025780827852466886,-0.0025780827852466886,-0.003271230423854382,0.002930250468784788,0.968503937007874,0.0
2022-03-28,2021-12-31,2022-01-03,0.0009862118196127465,0.0009862118196127465,-0.0006352801151636722,0.004267814583765884,0.968503937007874,0.0
2022-03-29,2021-12-31,2022-01-03,0.006307172664753091,0.006307172664753091,0.00509244919283014,0.0074223771860761015,0.968503937007874,0.0
2022-03-30,2021-12-31,2022-01-03,0.0013969741752868918,0.0013969741752868918,0.002416370212382446,-0.003704850410952475,0.968503937007874,0.0
2022-03-31,2021-12-31,2022-01-03,-0.004702317893162694,-0.004702317893162694,-0.0031438052816605555,-0.00923479690383393,0.968503937007874,0.0
2022-04-01,2021-12-31,2022-01-03,0.000670474177155422,0.000670474177155422,6.875922002794188e-05,0.0017005295401544723,0.968503937007874,0.0
2022-04-04,2022-04-01,2022-04-04,0.00223023966540481,0.00223023966540481,0.0016159154278909127,0.005478049803854356,0.9763779527559056,0.0
2022-04-05,2022-04-01,2022-04-04,-0.011322050653561962,-0.011322050653561962,-0.010372152812467506,-0.00754832545187527,0.9763779527559056,0.0
2022-04-06,2022-04-01,2022-04-04,-0.005054692715418868,-0.005054692715418868,-0.003937589942793224,-0.001593895814779299,0.9763779527559056,0.0
2022-04-07,2022-04-01,2022-04-04,0.0006376014076101056,0.0006376014076101056,0.000322926277973562,0.003782690069085869,0.9763779527559056,0.0
2022-04-08,2022-04-01,2022-04-04,-0.0023903527219178537,-0.0023903527219178537,-0.0018096495401691004,0.0029573674388912673,0.9763779527559056,0.0
2022-04-11,2022-04-01,2022-04-04,-0.008946628994862942,-0.008946628994862942,-0.006989428695020811,-0.0021520030716609333,0.9763779527559056,0.0
2022-04-12,2022-04-01,2022-04-04,-0.00010662673348998887,-0.00010662673348998887,0.0006477384257142504,0.003494468236639403,0.9763779527559056,0.0
2022-04-13,2022-04-01,2022-04-04,0.005474656010100798,0.005474656010100798,0.004568734651833939,0.006309167474014286,0.9763779527559056,0.0
2022-04-14,2022-04-01,2022-04-04,-0.010030202012708362,-0.010030202012708362,-0.008950203972996423,-0.005717657118789996,0.9763779527559056,0.0
2022-04-18,2022-04-01,2022-04-04,-0.0004788568912123313,-0.0004788568912123313,-0.00036511765205676783,0.0019816768095908934,0.9763779527559056,0.0
2022-04-19,2022-04-01,2022-04-04,0.0007546655988565063,0.0007546655988565063,-0.0016152379817066242,-0.004224967540535254,0.9763779527559056,0.0
2022-04-20,2022-04-01,2022-04-04,0.005750866347417344,0.005750866347417344,0.006069775421118889,0.002714483401200829,0.9763779527559056,0.0
2022-04-21,2022-04-01,2022-04-04,-0.007794806878176625,-0.007794806878176625,-0.006477343600269636,-0.006620589978984801,0.9763779527559056,0.0
2022-04-22,2022-04-01,2022-04-04,-0.013121511846527906,-0.013121511846527906,-0.01086371568581998,-0.014064958415922365,0.9763779527559056,0.0
2022-04-25,2022-04-01,2022-04-04,0.0009351826537700048,0.0009351826537700048,-0.0005431207681068917,-0.00904333459693738,0.9763779527559056,0.0
2022-04-26,2022-04-01,2022-04-04,-0.007314694535486342,-0.007314694535486342,-0.004342339935703321,-0.007773301015642638,0.9763779527559056,0.0
2022-04-27,2022-04-01,2022-04-04,-0.003733659822653224,-0.003733659822653224,-0.004392710748629125,-0.0036906154151570285,0.9763779527559056,0.0
2022-04-28,2022-04-01,2022-04-04,0.010292857526634159,0.010292857526634159,0.008036839279606522,0.010816797373653283,0.9763779527559056,0.0
2022-04-29,2022-04-01,2022-04-04,-0.016200354512780478,-0.016200354512780478,-0.012510449006792823,-0.011154449242060112,0.9763779527559056,0.0
2022-05-02,2022-04-01,2022-04-04,-0.005934822591581031,-0.005934822591581031,-0.007463776491564905,-0.009318508451818608,0.9763779527559056,0.0
2022-05-03,2022-04-01,2022-04-04,0.003819744311149831,0.003819744311149831,0.0034938036094717684,0.0029647689552715567,0.9763779527559056,0.0
2022-05-04,2022-04-01,2022-04-04,0.014000605702241618,0.014000605702241618,0.011446430350589842,0.015029434334459198,0.9763779527559056,0.0
2022-05-05,2022-04-01,2022-04-04,-0.020051842185302614,-0.020051842185302614,-0.016688127741767256,-0.012949497244064419,0.9763779527559056,0.0
2022-05-06,2022-04-01,2022-04-04,-0.005441793866152333,-0.005441793866152333,-0.004762096378559066,-0.0007971866868669237,0.9763779527559056,0.0
2022-05-09,2022-04-01,2022-04-04,-0.011902645476749261,-0.011902645476749261,-0.00942487951606355,-0.01829292041360526,0.9763779527559056,0.0
2022-05-10,2022-04-01,2022-04-04,0.0013870795768415316,0.0013870795768415316,0.000733753394876635,-0.004373923608623653,0.9763779527559056,0.0
2022-05-11,2022-04-01,2022-04-04,0.000891363759288006,0.000891363759288006,0.002888346150382165,0.00013439921378387808,0.9763779527559056,0.0
2022-05-12,2022-04-01,2022-04-04,-0.0038985094566574407,-0.0038985094566574407,-0.00456083065188001,-0.00951348070447986,0.9763779527559056,0.0
2022-05-13,2022-04-01,2022-04-04,0.003050702553852485,0.003050702553852485,0.000254443503539592,0.0023066024242173605,0.9763779527559056,0.0
2022-05-16,2022-04-01,2022-04-04,0.00022879260253999057,0.00022879260253999057,0.0011114863222125015,0.004505781663387621,0.9763779527559056,0.0
2022-05-17,2022-04-01,2022-04-04,0.0029229528938187694,0.0029229528938187694,0.0005519321262408283,0.002403590015077681,0.9763779527559056,0.0
2022-05-18,2022-04-01,2022-04-04,-0.008673360805145325,-0.008673360805145325,-0.0046156379497519495,-0.011774554896493213,0.9763779527559056,0.0
2022-05-19,2022-04-01,2022-04-04,0.001394475064795648,0.001394475064795648,0.0027418251274643757,0.0069808759131426154,0.9763779527559056,0.0
2022-05-20,2022-04-01,2022-04-04,0.003130003616292088,0.003130003616292088,0.0031212397016919247,0.0005498001841091726,0.9763779527559056,0.0
2022-05-23,2022-04-01,2022-04-04,0.003365048065859122,0.003365048065859122,0.0017265412785074097,0.008403297453701296,0.9763779527559056,0.0
2022-05-24,2022-04-01,2022-04-04,0.003765618320222464,0.003765618320222464,0.004905115865003473,0.002222902253631577,0.9763779527559056,0.0
2022-05-25,2022-04-01,2022-04-04,0.0028747554219340377,0.0028747554219340377,0.001689752755636209,-0.0009674882208035927,0.9763779527559056,0.0
2022-05-26,2022-04-01,2022-04-04,0.0054924049386142915,0.0054924049386142915,0.0034018102921236915,0.004885110201171681,0.9763779527559056,0.0
2022-05-27,2022-04-01,2022-04-04,0.009306780410037995,0.009306780410037995,0.0068779254149242686,0.007677330785620759,0.9763779527559056,0.0
2022-05-31,2022-04-01,2022-04-04,-0.009233109190708206,-0.009233109190708206,-0.009166653537153652,-0.007619123918220971,0.9763779527559056,0.0
2022-06-01,2022-04-01,2022-04-04,-0.001842934371286325,-0.001842934371286325,-0.0007156291761603317,0.001394859314315212,0.9763779527559056,0.0
2022-06-02,2022-04-01,2022-04-04,0.00925613948153088,0.00925613948153088,0.00796724311813074,0.013098575645535047,0.9763779527559056,0.0
2022-06-03,2022-04-01,2022-04-04,-0.008311936025856226,-0.008311936025856226,-0.0071783810442265505,-0.011014677895123944,0.9763779527559056,0.0
2022-06-06,2022-04-01,2022-04-04,-0.004425917556162984,-0.004425917556162984,-0.004950593522034447,-0.0017287642803863084,0.9763779527559056,0.0
2022-06-07,2022-04-01,2022-04-04,0.0073609156432566485,0.0073609156432566485,0.006727630496585368,0.006788671073140827,0.9763779527559056,0.0
2022-06-08,2022-04-01,2022-04-04,-0.006205371001331378,-0.006205371001331378,-0.005164427470780719,-0.003816728734868967,0.9763779527559056,0.0
2022-06-09,2022-04-01,2022-04-04,-0.008128089764844764,-0.008128089764844764,-0.005908950627179749,-0.009044859777462685,0.9763779527559056,0.0
2022-06-10,2022-04-01,2022-04-04,-0.009016565887580884,-0.009016565887580884,-0.005446392116733978,-0.0006513085625964067,0.9763779527559056,0.0
2022-06-13,2022-04-01,2022-04-04,-0.026416020098256554,-0.026416020098256554,-0.02393982343062817,-0.027237806175453735,0.9763779527559056,0.0
2022-06-14,2022-04-01,2022-04-04,-0.005808700840720577,-0.005808700840720577,-0.005907523460232017,-0.005705939354052113,0.9763779527559056,0.0
2022-06-15,2022-04-01,2022-04-04,0.012264131470354468,0.012264131470354468,0.011491031616519487,0.012107504102589914,0.9763779527559056,0.0
2022-06-16,2022-04-01,2022-04-04,-0.007350324287740344,-0.007350324287740344,-0.0034785248723935014,-0.0031830120500930884,0.9763779527559056,0.0
2022-06-17,2022-04-01,2022-04-04,-8.439007465530553e-05,-8.439007465530553e-05,-0.0007111279015955541,-0.004286898752965551,0.9763779527559056,0.0
2022-06-21,2022-04-01,2022-04-04,0.0038254356669423996,0.0038254356669423996,0.0011212369749750983,0.005310006420606925,0.9763779527559056,0.0
2022-06-22,2022-04-01,2022-04-04,0.00703757445255156,0.00703757445255156,0.007418131815726231,0.001847219033032055,0.9763779527559056,0.0
2022-06-23,2022-04-01,2022-04-04,0.00425868710509819,0.00425868710509819,0.002971989497400934,-0.0007368501460365282,0.9763779527559056,0.0
2022-06-24,2022-04-01,2022-04-04,0.007467592064377177,0.007467592064377177,0.004238245630568849,0.008939192650288393,0.9763779527559056,0.0
2022-06-27,2022-04-01,2022-04-04,-0.003692471968423994,-0.003692471968423994,-0.0033663504823766566,-0.0018161669986959444,0.9763779527559056,0.0
2022-06-28,2022-04-01,2022-04-04,-0.006316264953858202,-0.006316264953858202,-0.004355381732089797,-0.007118665510017994,0.9763779527559056,0.0
2022-06-29,2022-04-01,2022-04-04,0.0034637311509389864,0.0034637311509389864,0.0035068541882595505,-0.0007041375403549875,0.9763779527559056,0.0
2022-06-30,2022-04-01,2022-04-04,-0.0018633774126692317,-0.0018633774126692317,-0.0013548077049280738,-0.006083494593965065,0.9763779527559056,0.0
2022-07-01,2022-04-01,2022-04-04,0.006102197250618135,0.006102197250618135,0.005003002079195518,0.002674294893042449,0.9763779527559056,0.0
2022-07-05,2022-04-01,2022-04-04,-0.0016166681202236977,-0.0016166681202236977,-0.002865992222620295,-0.012159260206213296,0.9763779527559056,0.0
2022-07-06,2022-07-05,2022-07-06,-0.006184117440883043,-0.006184117440883043,-0.007313979996685233,-0.0021566151669634346,0.968503937007874,0.0
2022-07-07,2022-07-05,2022-07-06,0.0031529378150445485,0.0031529378150445485,0.0016829977345731717,7.556003320260838e-05,0.968503937007874,0.0
2022-07-08,2022-07-05,2022-07-06,-0.002970468416091487,-0.002970468416091487,-0.0028666709411599434,5.874484894428223e-05,0.968503937007874,0.0
2022-07-11,2022-07-05,2022-07-06,-0.0007593731548430132,-0.0007593731548430132,0.00011498324899456014,-0.0007297319705666749,0.968503937007874,0.0
2022-07-12,2022-07-05,2022-07-06,-0.0023549297892635655,-0.0023549297892635655,-0.0016558701800401254,-0.0005059619596795794,0.968503937007874,0.0
2022-07-13,2022-07-05,2022-07-06,0.0019860658616374987,0.0019860658616374987,0.0027506117034697963,0.0006517537483730858,0.968503937007874,0.0
2022-07-14,2022-07-05,2022-07-06,-0.005699076199161858,-0.005699076199161858,-0.006158585525198851,-0.001912241641587435,0.968503937007874,0.0
2022-07-15,2022-07-05,2022-07-06,0.007692151019732808,0.007692151019732808,0.005681230816905636,-0.0002734134196984766,0.968503937007874,0.0
2022-07-18,2022-07-05,2022-07-06,-0.005305984750527876,-0.005305984750527876,-0.004433109641220095,0.00012842536610279816,0.968503937007874,0.0
2022-07-19,2022-07-05,2022-07-06,0.008585599068144451,0.008585599068144451,0.006003045117247058,0.0003250089098993734,0.968503937007874,0.0
2022-07-20,2022-07-05,2022-07-06,0.0010063922134901364,0.0010063922134901364,-0.0001010369779320952,-0.0012799091951913347,0.968503937007874,0.0
2022-07-21,2022-07-05,2022-07-06,0.010705151982246164,0.010705151982246164,0.010392363466931676,0.0019208677699561788,0.968503937007874,0.0
2022-07-22,2022-07-05,2022-07-06,0.0014545797202787315,0.0014545797202787315,0.002507171193909169,0.0003397493116530357,0.968503937007874,0.0
2022-07-25,2022-07-05,2022-07-06,-0.0025686507098923728,-0.0025686507098923728,-0.002827070276412852,-0.00037280159951213034,0.968503937007874,0.0
2022-07-26,2022-07-05,2022-07-06,-0.004186357772709775,-0.004186357772709775,-0.0030625531227261027,-0.00016142575630488158,0.968503937007874,0.0
2022-07-27,2022-07-05,2022-07-06,0.009720755702714195,0.009720755702714195,0.007633380096479764,0.0013864935399560579,0.968503937007874,0.0
2022-07-28,2022-07-05,2022-07-06,0.008817091302781133,0.008817091302781133,0.008172114028751343,0.0016588019278065674,0.968503937007874,0.0
2022-07-29,2022-07-05,2022-07-06,0.004985361741242816,0.004985361741242816,0.0036680421260078255,0.0003826768325895761,0.968503937007874,0.0
2022-08-01,2022-07-05,2022-07-06,0.006117803122953014,0.006117803122953014,0.006697299621230279,0.0007714866238254976,0.968503937007874,0.0
2022-08-02,2022-07-05,2022-07-06,-0.008786527257096199,-0.008786527257096199,-0.008423723016177637,-0.0008083859475137364,0.968503937007874,0.0
2022-08-03,2022-07-05,2022-07-06,0.009904620179715495,0.009904620179715495,0.00846059261388471,0.00033192089373518507,0.968503937007874,0.0
2022-08-04,2022-07-05,2022-07-06,0.0029878038719556754,0.0029878038719556754,0.0038823503398264236,0.0022516075628235656,0.968503937007874,0.0
2022-08-05,2022-07-05,2022-07-06,-0.008791726392530697,-0.008791726392530697,-0.009185001562389161,-0.001530939784034312,0.968503937007874,0.0
2022-08-08,2022-07-05,2022-07-06,0.005323057785124852,0.005323057785124852,0.005862642393888062,0.0011530331226305018,0.968503937007874,0.0
2022-08-09,2022-07-05,2022-07-06,-0.0017495739550867802,-0.0017495739550867802,-0.0011995082495750986,0.00041649847436022564,0.968503937007874,0.0
2022-08-10,2022-07-05,2022-07-06,0.005216073397428327,0.005216073397428327,0.0029900989176854798,-0.0003419547189842053,0.968503937007874,0.0
2022-08-11,2022-07-05,2022-07-06,-0.006355048594491053,-0.006355048594491053,-0.006486959628376032,-0.0003591439785909806,0.968503937007874,0.0
2022-08-12,2022-07-05,2022-07-06,0.010299988594822507,0.010299988594822507,0.009066981734417334,0.0012521370500516934,0.968503937007874,0.0
2022-08-15,2022-07-05,2022-07-06,-0.001347556555560326,-0.001347556555560326,-0.0024029750029785635,-0.001751603527912294,0.968503937007874,0.0
2022-08-16,2022-07-05,2022-07-06,0.001375012471446657,0.001375012471446657,0.0010916380785523927,-0.0002382426597623114,0.968503937007874,0.0
2022-08-17,2022-07-05,2022-07-06,-0.006387317002256731,-0.006387317002256731,-0.006000946611498442,-0.0008805418769257892,0.968503937007874,0.0
2022-08-18,2022-07-05,2022-07-06,0.0008644274005158657,0.0008644274005158657,0.0004429656524543857,-0.0003561756407971963,0.968503937007874,0.0
2022-08-19,2022-07-05,2022-07-06,-0.010193038626123956,-0.010193038626123956,-0.009215261317801121,-0.0009965650921892038,0.968503937007874,0.0
2022-08-22,2022-07-05,2022-07-06,-0.009455670975700083,-0.009455670975700083,-0.007705291995829727,-0.000903526765819505,0.968503937007874,0.0
2022-08-23,2022-07-05,2022-07-06,-0.0008244110295381405,-0.0008244110295381405,-0.00023292951084041835,0.0009516756327072242,0.968503937007874,0.0
2022-08-24,2022-07-05,2022-07-06,-0.00011952441485918995,-0.00011952441485918995,-0.00029219714343661773,0.00040143983584420414,0.968503937007874,0.0
2022-08-25,2022-07-05,2022-07-06,0.009037764517466452,0.009037764517466452,0.007779150675313262,0.0004169406930223327,0.968503937007874,0.0
2022-08-26,2022-07-05,2022-07-06,-0.012393297938186004,-0.012393297938186004,-0.009616035330883677,-0.0016543615815055163,0.968503937007874,0.0
2022-08-29,2022-07-05,2022-07-06,-0.004258922581950581,-0.004258922581950581,-0.003566788948868055,8.416138086057333e-05,0.968503937007874,0.0
2022-08-30,2022-07-05,2022-07-06,-0.004889243455620057,-0.004889243455620057,-0.004208483744673752,-0.0011354124808626855,0.968503937007874,0.0
2022-08-31,2022-07-05,2022-07-06,-0.006598294086458317,-0.006598294086458317,-0.006223667392320359,-0.0010516558803084675,0.968503937007874,0.0
2022-09-01,2022-07-05,2022-07-06,-0.005236890070240203,-0.005236890070240203,-0.005990184185158592,-0.0011966147547296583,0.968503937007874,0.0
2022-09-02,2022-07-05,2022-07-06,-0.000515395726211592,-0.000515395726211592,0.0009792911680696903,0.0011985950603816621,0.968503937007874,0.0
2022-09-06,2022-07-05,2022-07-06,-0.008680701148558938,-0.008680701148558938,-0.008595340592940565,-0.000794932588504585,0.968503937007874,0.0
2022-09-07,2022-07-05,2022-07-06,0.012275410361004036,0.012275410361004036,0.010987334045686303,0.001384268363233517,0.968503937007874,0.0
2022-09-08,2022-07-05,2022-07-06,-0.001477093063919866,-0.001477093063919866,-0.00243085354593911,-0.0008170989295511865,0.968503937007874,0.0
2022-09-09,2022-07-05,2022-07-06,0.007049319890755579,0.007049319890755579,0.005759989917553332,0.0007192837854484838,0.968503937007874,0.0
2022-09-12,2022-07-05,2022-07-06,0.00272088857545933,0.00272088857545933,0.001899548186285266,0.0006899379487891848,0.968503937007874,0.0
2022-09-13,2022-07-05,2022-07-06,-0.017239191029650335,-0.017239191029650335,-0.013541536163396095,-0.0017712484892520141,0.968503937007874,0.0
2022-09-14,2022-07-05,2022-07-06,0.0014249947034690289,0.0014249947034690289,0.0008510576413630622,-0.0005237799907293663,0.968503937007874,0.0
2022-09-15,2022-07-05,2022-07-06,-0.00787143432496229,-0.00787143432496229,-0.007670061712324677,-0.0025428129879480855,0.968503937007874,0.0
2022-09-16,2022-07-05,2022-07-06,-0.003644201670161406,-0.003644201670161406,-0.0026038540708159807,0.0007554062686090703,0.968503937007874,0.0
2022-09-19,2022-07-05,2022-07-06,0.003452003845200635,0.003452003845200635,0.0027150077649358284,0.00010483283643482146,0.968503937007874,0.0
2022-09-20,2022-07-05,2022-07-06,-0.007651346363981888,-0.007651346363981888,-0.00678882126433869,-0.0007768442099154404,0.968503937007874,0.0
2022-09-21,2022-07-05,2022-07-06,-0.0009884489416147383,-0.0009884489416147383,0.00098808474665113,0.0006320532821680608,0.968503937007874,0.0
2022-09-22,2022-07-05,2022-07-06,-0.009442567955876342,-0.009442567955876342,-0.008631496375845399,-7.86398630549308e-05,0.968503937007874,0.0
2022-09-23,2022-07-05,2022-07-06,-0.008298366556418064,-0.008298366556418064,-0.007486722691073061,-0.002351914554271015,0.968503937007874,0.0
2022-09-26,2022-07-05,2022-07-06,-0.010566906651559417,-0.010566906651559417,-0.010159263731221613,-0.0015836433245362868,0.968503937007874,0.0
2022-09-27,2022-07-05,2022-07-06,-0.007066242565746749,-0.007066242565746749,-0.006708495354963262,0.0002790472861539689,0.968503937007874,0.0
2022-09-28,2022-07-05,2022-07-06,0.019414635310092288,0.019414635310092288,0.01848633041372688,0.0028297106016379756,0.968503937007874,0.0
2022-09-29,2022-07-05,2022-07-06,-0.008643836790654636,-0.008643836790654636,-0.0065646498284800126,-2.639968871935391e-05,0.968503937007874,0.0
2022-09-30,2022-07-05,2022-07-06,-0.0086270749471398,-0.0086270749471398,-0.007077478563188577,8.797126211282027e-06,0.968503937007874,0.0
2022-10-03,2022-07-05,2022-07-06,0.018074739036882795,0.018074739036882795,0.016650103945821004,0.0033093187473382567,0.968503937007874,0.0
2022-10-04,2022-10-03,2022-10-04,0.013012711563511086,0.013012711563511086,0.010630456871903254,1.0919729697659975e-18,0.9291338582677166,0.0
2022-10-05,2022-10-03,2022-10-04,-0.004312899085220546,-0.004312899085220546,-0.004356981582943759,-1.7528511674713543e-18,0.9291338582677166,0.0
2022-10-06,2022-10-03,2022-10-04,-0.005225303518540137,-0.005225303518540137,-0.004250049576540932,-8.311722445074673e-19,0.9291338582677166,0.0
2022-10-07,2022-10-03,2022-10-04,-0.014382408749805358,-0.014382408749805358,-0.01214117181736235,-2.342744856763871e-18,0.9291338582677166,0.0
2022-10-10,2022-10-03,2022-10-04,-0.009599187024089618,-0.009599187024089618,-0.009595708668231784,-3.4586296848453762e-18,0.9291338582677166,0.0
2022-10-11,2022-10-03,2022-10-04,-0.0015217722551389757,-0.0015217722551389757,-0.0009913799902317721,3.4950918157091835e-19,0.9291338582677166,0.0
2022-10-12,2022-10-03,2022-10-04,0.0011421321618181384,0.0011421321618181384,0.001739430554975635,1.13529698514832e-18,0.9291338582677166,0.0
2022-10-13,2022-10-03,2022-10-04,0.005460540723220874,0.005460540723220874,0.002475272845185089,-1.8382274748272968e-18,0.9291338582677166,0.0
2022-10-14,2022-10-03,2022-10-04,-0.012530340918805333,-0.012530340918805333,-0.010874414804772137,-2.2945893917057418e-18,0.9291338582677166,0.0
2022-10-17,2022-10-03,2022-10-04,0.00835174477456071,0.00835174477456071,0.0059258554976837075,-2.926991137846596e-19,0.9291338582677166,0.0
2022-10-18,2022-10-03,2022-10-04,0.0051286716611284805,0.0051286716611284805,0.004061265420971738,5.262380703647972e-19,0.9291338582677166,0.0
2022-10-19,2022-10-03,2022-10-04,-0.009711337222028972,-0.009711337222028972,-0.00967261223983118,-3.619340603785523e-18,0.9291338582677166,0.0
2022-10-20,2022-10-03,2022-10-04,-0.007524698146013298,-0.007524698146013298,-0.006765259639106264,-2.3328612316879775e-18,0.9291338582677166,0.0
2022-10-21,2022-10-03,2022-10-04,0.007565465715269955,0.007565465715269955,0.0060266916168440765,-5.082542760428929e-19,0.9291338582677166,0.0
2022-10-24,2022-10-03,2022-10-04,0.001567993143574841,0.001567993143574841,0.000182160631556183,-1.3404173962172426e-18,0.9291338582677166,0.0
2022-10-25,2022-10-03,2022-10-04,0.013322602817924235,0.013322602817924235,0.011839643295435687,3.935591343354881e-18,0.9291338582677166,0.0
2022-10-26,2022-10-03,2022-10-04,0.0022377131572266515,0.0022377131572266515,0.0033093038827207155,2.429637739661136e-18,0.9291338582677166,0.0
2022-10-27,2022-10-03,2022-10-04,0.0004389473493871809,0.0004389473493871809,0.0008955120484763768,1.1662335517140656e-18,0.9291338582677166,0.0
2022-10-28,2022-10-03,2022-10-04,0.004566110810573247,0.004566110810573247,0.0016765129111520893,-1.8211166655157844e-18,0.9291338582677166,0.0
2022-10-31,2022-10-03,2022-10-04,-0.005942469544546976,-0.005942469544546976,-0.0056282191312562735,-1.7080529827411838e-18,0.9291338582677166,0.0
2022-11-01,2022-10-03,2022-10-04,0.0028454822264465116,0.0028454822264465116,0.0037932458660915602,2.167078732296043e-18,0.9291338582677166,0.0
2022-11-02,2022-10-03,2022-10-04,-0.011263201038964221,-0.011263201038964221,-0.009102200803688565,-1.270472269225947e-18,0.9291338582677166,0.0
2022-11-03,2022-10-03,2022-10-04,-0.005714295489345517,-0.005714295489345517,-0.004874921843666197,-1.0710325732365657e-18,0.9291338582677166,0.0
2022-11-04,2022-10-03,2022-10-04,0.006976709373486247,0.006976709373486247,0.007072213190460752,8.794105140990718e-19,0.9291338582677166,0.0
2022-11-07,2022-10-03,2022-10-04,6.129409313633777e-05,6.129409313633777e-05,-0.0010933756811703221,-1.6317178227689021e-18,0.9291338582677166,0.0
2022-11-08,2022-10-03,2022-10-04,0.009241807992306674,0.009241807992306674,0.009857227097141763,3.637994660311928e-18,0.9291338582677166,0.0
2022-11-09,2022-10-03,2022-10-04,-0.007392300496374865,-0.007392300496374865,-0.005582961682653681,-1.0683427464854997e-19,0.9291338582677166,0.0
2022-11-10,2022-10-03,2022-10-04,0.03494136636484071,0.03494136636484071,0.030968153579858215,7.924971655783325e-18,0.9291338582677166,0.0
2022-11-11,2022-10-03,2022-10-04,0.0037925956400562183,0.0037925956400562183,0.003155079760133239,1.9452613235805017e-19,0.9291338582677166,0.0
2022-11-14,2022-10-03,2022-10-04,-0.0031526160599753823,-0.0031526160599753823,-0.002192565674193875,-1.1265059921870945e-19,0.9291338582677166,0.0
2022-11-15,2022-10-03,2022-10-04,0.0077334975386330945,0.0077334975386330945,0.007056441599413543,2.4053791552613802e-18,0.9291338582677166,0.0
2022-11-16,2022-10-03,2022-10-04,0.002337859045489832,0.002337859045489832,0.0029859188893490984,2.5330168689098705e-18,0.9291338582677166,0.0
2022-11-17,2022-10-03,2022-10-04,-0.005162544904787953,-0.005162544904787953,-0.0052199188442352,-2.047584477792654e-18,0.9291338582677166,0.0
2022-11-18,2022-10-03,2022-10-04,-0.0015088694486033122,-0.0015088694486033122,-0.002307612487247118,-1.5327237733954396e-18,0.9291338582677166,0.0
2022-11-21,2022-10-03,2022-10-04,-0.0013369008745683422,-0.0013369008745683422,-0.0012527645957083056,-1.554595823343477e-20,0.9291338582677166,0.0
2022-11-22,2022-10-03,2022-10-04,0.008492609635762571,0.008492609635762571,0.007205581494412638,1.9344979860696788e-18,0.9291338582677166,0.0
2022-11-23,2022-10-03,2022-10-04,0.007812389526857156,0.007812389526857156,0.007493830427323267,2.8250810775431628e-18,0.9291338582677166,0.0
2022-11-25,2022-10-03,2022-10-04,-0.0007540727808200365,-0.0007540727808200365,-0.0006887785378300038,-3.462688829208112e-19,0.9291338582677166,0.0
2022-11-28,2022-10-03,2022-10-04,-0.006461031452430937,-0.006461031452430937,-0.005260519470874331,-4.385689682098119e-19,0.9291338582677166,0.0
2022-11-29,2022-10-03,2022-10-04,-0.0025445287805596567,-0.0025445287805596567,-0.0021257526708491625,-1.0079498486767329e-18,0.9291338582677166,0.0
2022-11-30,2022-10-03,2022-10-04,0.01542016147247426,0.01542016147247426,0.01290919799703616,2.2276457388231263e-18,0.9291338582677166,0.0
2022-12-01,2022-10-03,2022-10-04,0.011405873541918384,0.011405873541918384,0.012398694298049934,5.830154588215842e-18,0.9291338582677166,0.0
2022-12-02,2022-10-03,2022-10-04,0.0020488760358490783,0.0020488760358490783,0.001991482099377523,1.254795469955509e-18,0.9291338582677166,0.0
2022-12-05,2022-10-03,2022-10-04,-0.013229607889619665,-0.013229607889619665,-0.012288634299601447,-3.471804947649972e-18,0.9291338582677166,0.0
2022-12-06,2022-10-03,2022-10-04,-0.0012777816990419068,-0.0012777816990419068,0.00030056825391608366,1.8719350063173637e-18,0.9291338582677166,0.0
2022-12-07,2022-10-03,2022-10-04,0.007102927108749575,0.007102927108749575,0.007725010640491997,3.858945904355286e-18,0.9291338582677166,0.0
2022-12-08,2022-10-03,2022-10-04,0.0022252185210616445,0.0022252185210616445,0.0014838961493833236,-2.516465325005465e-19,0.9291338582677166,0.0
2022-12-09,2022-10-03,2022-10-04,-0.008409286305864938,-0.008409286305864938,-0.007485066939006579,-2.9629807078342e-18,0.9291338582677166,0.0
2022-12-12,2022-10-03,2022-10-04,0.004193153082916477,0.004193153082916477,0.0023384242757460982,-3.725778733440728e-19,0.9291338582677166,0.0
2022-12-13,2022-10-03,2022-10-04,0.008479718870851284,0.008479718870851284,0.008576792177029002,2.8952814071449617e-18,0.9291338582677166,0.0
2022-12-14,2022-10-03,2022-10-04,-0.0016565430986070827,-0.0016565430986070827,-0.001138837060304293,2.934424475256865e-19,0.9291338582677166,0.0
2022-12-15,2022-10-03,2022-10-04,-0.010857984815094784,-0.010857984815094784,-0.009229802149313349,-1.1375749529626387e-18,0.9291338582677166,0.0
2022-12-16,2022-10-03,2022-10-04,-0.005183033388108087,-0.005183033388108087,-0.003566990740385384,-5.890649752151538e-19,0.9291338582677166,0.0
2022-12-19,2022-10-03,2022-10-04,-0.007732848482335764,-0.007732848482335764,-0.007025749827106853,-2.4165789008165497e-18,0.9291338582677166,0.0
2022-12-20,2022-10-03,2022-10-04,-0.0006413207909561616,-0.0006413207909561616,5.154108540214586e-05,-6.342097721920839e-19,0.9291338582677166,0.0
2022-12-21,2022-10-03,2022-10-04,0.00553051771099996,0.00553051771099996,0.003952479541419751,1.8336940262461453e-19,0.9291338582677166,0.0
2022-12-22,2022-10-03,2022-10-04,-0.0074584254444846395,-0.0074584254444846395,-0.006636085475670628,-1.223202412574671e-18,0.9291338582677166,0.0
2022-12-23,2022-10-03,2022-10-04,-0.0010521592557343916,-0.0010521592557343916,-0.0014774575870099838,-1.5552549335094247e-18,0.9291338582677166,0.0
2022-12-27,2022-10-03,2022-10-04,-0.004637542151116758,-0.004637542151116758,-0.0038216810648604715,-1.6918783970311007e-18,0.9291338582677166,0.0
2022-12-28,2022-10-03,2022-10-04,-0.006723798647553109,-0.006723798647553109,-0.005706319166331214,-1.2053763957133555e-18,0.9291338582677166,0.0
2022-12-29,2022-10-03,2022-10-04,0.01025750449829864,0.01025750449829864,0.00873740078194668,2.01252039237162e-18,0.9291338582677166,0.0
2022-12-30,2022-10-03,2022-10-04,-0.0027673202617519155,-0.0027673202617519155,-0.0022699742147851976,-9.588038226851765e-19,0.9291338582677166,0.0
2023-01-03,2022-10-03,2022-10-04,0.0049718175337885254,0.0049718175337885254,0.005811318734142978,3.2225977762000382e-18,0.9291338582677166,0.0
2023-01-04,2023-01-03,2023-01-04,0.008009339992221488,0.008009339992221488,0.007707917777705797,0.0056471435753414415,0.05511811023622047,0.0
2023-01-05,2023-01-03,2023-01-04,-0.005439822675012241,-0.005439822675012241,-0.004921038745081069,-0.007470877115713237,0.05511811023622047,0.0
2023-01-06,2023-01-03,2023-01-04,0.016367007353017805,0.016367007353017805,0.015009147361639219,0.011224498105134465,0.05511811023622047,0.0
2023-01-09,2023-01-03,2023-01-04,0.0015816061038589958,0.0015816061038589958,0.0017505525528435928,0.0013470705471476225,0.05511811023622047,0.0
2023-01-10,2023-01-03,2023-01-04,-0.0009477822630682198,-0.0009477822630682198,-0.0014652538273550175,0.0022056267681044056,0.05511811023622047,0.0
2023-01-11,2023-01-03,2023-01-04,0.008352276179695061,0.008352276179695061,0.007053150661521207,-0.00041207636100681666,0.05511811023622047,0.0
2023-01-12,2023-01-03,2023-01-04,0.008508427059654468,0.008508427059654468,0.008722738586130319,0.006940800580501663,0.05511811023622047,0.0
2023-01-13,2023-01-03,2023-01-04,0.0014149525795690405,0.0014149525795690405,0.001627101007326548,0.00720107039576363,0.05511811023622047,0.0
2023-01-17,2023-01-03,2023-01-04,-0.003566179059514702,-0.003566179059514702,-0.0037102257039306197,-0.003927047006819785,0.05511811023622047,0.0
2023-01-18,2023-01-03,2023-01-04,-4.22217995489307e-05,-4.22217995489307e-05,0.001392973924616625,-0.0017230514691793464,0.05511811023622047,0.0
2023-01-19,2023-01-03,2023-01-04,-0.0009390923622488879,-0.0009390923622488879,0.000582306001355809,0.009521112026894983,0.05511811023622047,0.0
2023-01-20,2023-01-03,2023-01-04,0.0018001938227061249,0.0018001938227061249,-0.00022946812614935141,-0.00200124333387537,0.05511811023622047,0.0
2023-01-23,2023-01-03,2023-01-04,0.003401799766180674,0.003401799766180674,0.002296759121843711,0.001137860257946599,0.05511811023622047,0.0
2023-01-24,2023-01-03,2023-01-04,0.003943105768717892,0.003943105768717892,0.004231365893627048,0.002171109098087733,0.05511811023622047,0.0
2023-01-25,2023-01-03,2023-01-04,0.0016582692294259019,0.0016582692294259019,0.0018509695878246024,0.00276237575995606,0.05511811023622047,0.0
2023-01-26,2023-01-03,2023-01-04,0.0008725848632954161,0.0008725848632954161,-0.0006792087264764768,-0.0054331601262931125,0.05511811023622047,0.0
2023-01-27,2023-01-03,2023-01-04,-0.00010535544869237374,-0.00010535544869237374,-0.00040476818349549637,-0.0008357942774822604,0.05511811023622047,0.0
2023-01-30,2023-01-03,2023-01-04,-0.00581845677450673,-0.00581845677450673,-0.004692108522732136,-0.0015400291621492598,0.05511811023622047,0.0
2023-01-31,2023-01-03,2023-01-04,0.007872080613317978,0.007872080613317978,0.006583546383657768,0.002181726925199402,0.05511811023622047,0.0
2023-02-01,2023-01-03,2023-01-04,0.009244406708817455,0.009244406708817455,0.00881147999043308,0.007558088603884984,0.05511811023622047,0.0
2023-02-02,2023-01-03,2023-01-04,0.001268059450044344,0.001268059450044344,-0.001225237782520705,-0.012451161921480257,0.05511811023622047,0.0
2023-02-03,2023-01-03,2023-01-04,-0.012450660742817483,-0.012450660742817483,-0.012635648959830298,-0.014974662175201782,0.05511811023622047,0.0
2023-02-06,2023-01-03,2023-01-04,-0.0035748866341684445,-0.0035748866341684445,-0.0028599589788164403,0.001245245923270576,0.05511811023622047,0.0
2023-02-07,2023-01-03,2023-01-04,0.002755150777989467,0.002755150777989467,0.0014932925741700243,0.0005522554248495566,0.05511811023622047,0.0
2023-02-08,2023-01-03,2023-01-04,-0.0021430299059072115,-0.0021430299059072115,-0.0009259658609714894,0.0014829564724569532,0.05511811023622047,0.0
2023-02-09,2023-01-03,2023-01-04,-0.006984985308875525,-0.006984985308875525,-0.006513696532914948,-0.0047474509047750425,0.05511811023622047,0.0
2023-02-10,2023-01-03,2023-01-04,-0.0015992554034338965,-0.0015992554034338965,-0.001737249091768145,0.0011443165926699793,0.05511811023622047,0.0
2023-02-13,2023-01-03,2023-01-04,0.005197096303611148,0.005197096303611148,0.0037693835891828564,-0.003045702167908114,0.05511811023622047,0.0
2023-02-14,2023-01-03,2023-01-04,-0.0005857995749547984,-0.0005857995749547984,-0.0005021001079397458,0.00045224334195088613,0.05511811023622047,0.0
2023-02-15,2023-01-03,2023-01-04,-0.0031876263987145334,-0.0031876263987145334,-0.004010587536104698,-0.005978800352081004,0.05511811023622047,0.0
2023-02-16,2023-01-03,2023-01-04,-0.008524933293145144,-0.008524933293145144,-0.007189023395689914,-0.0004915421270353514,0.05511811023622047,0.0
2023-02-17,2023-01-03,2023-01-04,0.0016671400312443577,0.0016671400312443577,0.002066298652509374,0.001792074401766098,0.05511811023622047,0.0
2023-02-21,2023-01-03,2023-01-04,-0.012628133898902166,-0.012628133898902166,-0.010808870119863423,-0.002242202768339688,0.05511811023622047,0.0
2023-02-22,2023-01-03,2023-01-04,0.0006835180409073766,0.0006835180409073766,0.0005399822326611625,-0.0033758931516277837,0.05511811023622047,0.0
2023-02-23,2023-01-03,2023-01-04,0.004198672238493806,0.004198672238493806,0.003640219833584424,-0.0003182706682119272,0.05511811023622047,0.0
2023-02-24,2023-01-03,2023-01-04,-0.008428011418903404,-0.008428011418903404,-0.007719503361115793,-0.004316805453822271,0.05511811023622047,0.0
2023-02-27,2023-01-03,2023-01-04,0.002669309927813102,0.002669309927813102,0.002524740270876069,0.0023522009363557755,0.05511811023622047,0.0
2023-02-28,2023-01-03,2023-01-04,0.0007534763629108936,0.0007534763629108936,0.001350871938209236,0.0027335813176295526,0.05511811023622047,0.0
2023-03-01,2023-01-03,2023-01-04,-0.002873975786521815,-0.002873975786521815,-0.002201771192666707,0.003463290380204319,0.05511811023622047,0.0
2023-03-02,2023-01-03,2023-01-04,0.0003881196942880747,0.0003881196942880747,-0.00041889562038541217,-0.0003513381867293226,0.05511811023622047,0.0
2023-03-03,2023-01-03,2023-01-04,0.01381442276210735,0.01381442276210735,0.012746793485471641,0.006433851371565428,0.05511811023622047,0.0
2023-03-06,2023-01-03,2023-01-04,-0.0027047044012361637,-0.0027047044012361637,-0.0030261653448824533,-0.003026298388091942,0.05511811023622047,0.0
2023-03-07,2023-01-03,2023-01-04,-0.007328060479112776,-0.007328060479112776,-0.0066692167515175205,-0.010488288376718002,0.05511811023622047,0.0
2023-03-08,2023-01-03,2023-01-04,0.0007221306965581319,0.0007221306965581319,0.0005351976714828843,-0.00028467026463532255,0.05511811023622047,0.0
2023-03-09,2023-01-03,2023-01-04,-0.0038737334999254455,-0.0038737334999254455,-0.001536281049291599,0.0059095896341629026,0.05511811023622047,0.0
2023-03-10,2023-01-03,2023-01-04,0.007883808452449738,0.007883808452449738,0.01040489594462879,0.012937714106051516,0.05511811023622047,0.0
2023-03-13,2023-01-03,2023-01-04,0.0046590290831424255,0.0046590290831424255,0.005948967176845871,0.013768927147463738,0.05511811023622047,0.0
2023-03-14,2023-01-03,2023-01-04,0.0005170089495101888,0.0005170089495101888,-0.0014255564613991079,-0.003474638847730628,0.05511811023622047,0.0
2023-03-15,2023-01-03,2023-01-04,0.004199351187861522,0.004199351187861522,0.005214982609191121,0.00468247990224291,0.05511811023622047,0.0
2023-03-16,2023-01-03,2023-01-04,0.004589077224181914,0.004589077224181914,0.0029355810854970743,0.0012120552049456276,0.05511811023622047,0.0
2023-03-17,2023-01-03,2023-01-04,0.005483916259346629,0.005483916259346629,0.008109188321532707,0.017472128806493757,0.05511811023622047,0.0
2023-03-20,2023-01-03,2023-01-04,0.0012423162848665737,0.0012423162848665737,0.0002998059631065253,0.00022852064146210377,0.05511811023622047,0.0
2023-03-21,2023-01-03,2023-01-04,-0.0013274443341567874,-0.0013274443341567874,-0.0035842672473324066,-0.011325069483765993,0.05511811023622047,0.0
2023-03-22,2023-01-03,2023-01-04,0.0007712772448618026,0.0007712772448618026,0.0033269501741186036,0.01021236593888295,0.05511811023622047,0.0
2023-03-23,2023-01-03,2023-01-04,0.0034537751821728923,0.0034537751821728923,0.0038103582821547577,0.007522905651375078,0.05511811023622047,0.0
2023-03-24,2023-01-03,2023-01-04,0.0011035153456420248,0.0011035153456420248,-0.00011529286167577535,-0.006751410148170621,0.05511811023622047,0.0
2023-03-27,2023-01-03,2023-01-04,-0.007069663528135162,-0.007069663528135162,-0.007719491967745878,-0.005554033230843761,0.05511811023622047,0.0
2023-03-28,2023-01-03,2023-01-04,0.0013074361129992835,0.0013074361129992835,0.001941358672409077,0.004913455954345292,0.05511811023622047,0.0
2023-03-29,2023-01-03,2023-01-04,0.00359294012999618,0.00359294012999618,0.001891395919732003,-0.002976462003918833,0.05511811023622047,0.0
2023-03-30,2023-01-03,2023-01-04,0.0050074754372067655,0.0050074754372067655,0.004873939807473027,0.005423745929498792,0.05511811023622047,0.0
2023-03-31,2023-01-03,2023-01-04,0.007635931265670337,0.007635931265670337,0.005965847693453735,-0.003127347681356538,0.05511811023622047,0.0
2023-04-03,2023-01-03,2023-01-04,0.003950280602435008,0.003950280602435008,0.003929463733117811,0.004322646184811463,0.05511811023622047,0.0
2023-04-04,2023-01-03,2023-01-04,0.003029351160910805,0.003029351160910805,0.004516188924759773,0.011184575376262496,0.05511811023622047,0.0
2023-04-05,2023-04-04,2023-04-05,0.0015376009337410735,0.0015376009337410735,0.0017595517755849555,-0.0012845056449784658,0.023622047244094488,0.0
2023-04-06,2023-04-04,2023-04-05,0.0005851521521428756,0.0005851521521428756,-0.00016163903293181514,-0.002987697779319209,0.023622047244094488,0.0
2023-04-10,2023-04-04,2023-04-05,-0.005151818214749988,-0.005151818214749988,-0.005624455950887841,-0.004038462718067158,0.023622047244094488,0.0
2023-04-11,2023-04-04,2023-04-05,0.0018731835917727541,0.0018731835917727541,0.0021623535904802815,0.0038057253231702907,0.023622047244094488,0.0
2023-04-12,2023-04-04,2023-04-05,-0.000706633398984435,-0.000706633398984435,-5.477209280640993e-05,0.0016087938477499263,0.023622047244094488,0.0
2023-04-13,2023-04-04,2023-04-05,0.005387423770960664,0.005387423770960664,0.004734946482878144,0.01209159909092807,0.023622047244094488,0.0
2023-04-14,2023-04-04,2023-04-05,-0.0066836730790604554,-0.0066836730790604554,-0.007324923596264826,-0.01118949981301034,0.023622047244094488,0.0
2023-04-17,2023-04-04,2023-04-05,-0.002608751742138305,-0.002608751742138305,-0.003190257545633346,-0.0015065270275254562,0.023622047244094488,0.0
2023-04-18,2023-04-04,2023-04-05,0.0018953353695519985,0.0018953353695519985,0.002024131208355595,0.002488360651296378,0.023622047244094488,0.0
2023-04-19,2023-04-04,2023-04-05,-0.0012548274623258417,-0.0012548274623258417,-0.0014768408096111074,-0.0028666821157603333,0.023622047244094488,0.0
2023-04-20,2023-04-04,2023-04-05,0.0010150767203351734,0.0010150767203351734,0.0017576818881960832,0.00062158477402374,0.023622047244094488,0.0
2023-04-21,2023-04-04,2023-04-05,-0.0031105231006057503,-0.0031105231006057503,-0.003682595167146474,-0.005581150550024883,0.023622047244094488,0.0
2023-04-24,2023-04-04,2023-04-05,0.003391650743086916,0.003391650743086916,0.003439300167333459,0.0021143943079619857,0.023622047244094488,0.0
2023-04-25,2023-04-04,2023-04-05,-0.0008625482319362218,-0.0008625482319362218,0.0009791529492402806,-0.0019430398182682836,0.023622047244094488,0.0
2023-04-26,2023-04-04,2023-04-05,-0.005234469739609233,-0.005234469739609233,-0.005082773182845612,-0.004519789252260889,0.023622047244094488,0.0
2023-04-27,2023-04-04,2023-04-05,0.004498036113984965,0.004498036113984965,0.0025099201389663095,0.0062253199161429965,0.023622047244094488,0.0
2023-04-28,2023-04-04,2023-04-05,0.007074081419836552,0.007074081419836552,0.006234099240061963,0.002814678518214122,0.023622047244094488,0.0
2023-05-01,2023-04-04,2023-04-05,-0.00846026079463042,-0.00846026079463042,-0.008583840665767062,-0.0029591270676002372,0.023622047244094488,0.0
2023-05-02,2023-04-04,2023-04-05,0.006155499743690902,0.006155499743690902,0.008244256598519878,0.00786723701793211,0.023622047244094488,0.0
2023-05-03,2023-04-04,2023-04-05,0.0006888401618015193,0.0006888401618015193,0.0017991801326548984,0.0028579679335573,0.023622047244094488,0.0
2023-05-04,2023-04-04,2023-04-05,-0.003542082556231789,-0.003542082556231789,-0.0024821278697481908,0.001938151732473463,0.023622047244094488,0.0
2023-05-05,2023-04-04,2023-04-05,0.002518411069400565,0.002518411069400565,-0.00011524947816501929,-0.003455771103196595,0.023622047244094488,0.0
2023-05-08,2023-04-04,2023-04-05,-0.0031649673189089564,-0.0031649673189089564,-0.0031302832817814708,0.0008054670388726316,0.023622047244094488,0.0
2023-05-09,2023-04-04,2023-04-05,-0.0010120131951825864,-0.0010120131951825864,-0.0002191604159153815,0.0028087192829482203,0.023622047244094488,0.0
2023-05-10,2023-04-04,2023-04-05,0.003775657386840525,0.003775657386840525,0.003236995074831578,0.0006123791187938265,0.023622047244094488,0.0
2023-05-11,2023-04-04,2023-04-05,0.00031595283010683547,0.00031595283010683547,6.120756515329284e-05,-0.0055969143390168065,0.023622047244094488,0.0
2023-05-12,2023-04-04,2023-04-05,-0.002892932763639261,-0.002892932763639261,-0.0028473927349101924,-0.0014147439425797707,0.023622047244094488,0.0
2023-05-15,2023-04-04,2023-04-05,-0.0009535582818306963,-0.0009535582818306963,-0.0011915169586909913,0.0023343530248129737,0.023622047244094488,0.0
2023-05-16,2023-04-04,2023-04-05,-0.005590039286311416,-0.005590039286311416,-0.005546718563080005,-0.009439939771263405,0.023622047244094488,0.0
2023-05-17,2023-04-04,2023-04-05,0.0028275018556012323,0.0028275018556012323,0.0014404865693045388,0.0017378139773599009,0.023622047244094488,0.0
2023-05-18,2023-04-04,2023-04-05,-0.0010752761087509735,-0.0010752761087509735,-0.002687232682583862,-0.004642868591620584,0.023622047244094488,0.0
2023-05-19,2023-04-04,2023-04-05,-0.00029723355743620965,-0.00029723355743620965,0.00034320493790315765,0.0053767699869253765,0.023622047244094488,0.0
2023-05-22,2023-04-04,2023-04-05,-0.0012165260405542445,-0.0012165260405542445,-0.0013741909874962488,-0.0012526302480740123,0.023622047244094488,0.0
2023-05-23,2023-04-04,2023-04-05,-0.002968090968216474,-0.002968090968216474,-0.0017857836713724429,-0.0027842837586136504,0.023622047244094488,0.0
2023-05-24,2023-04-04,2023-04-05,-0.00538664988549904,-0.00538664988549904,-0.0050655885405992696,-0.007005378792130817,0.023622047244094488,0.0
2023-05-25,2023-04-04,2023-04-05,0.000485750305844328,0.000485750305844328,-0.0008611575974671604,-0.0029698949772066887,0.023622047244094488,0.0
2023-05-26,2023-04-04,2023-04-05,0.007351077419577168,0.007351077419577168,0.0062558058231561575,0.006381897288328886,0.023622047244094488,0.0
2023-05-30,2023-04-04,2023-04-05,0.0038692065646619986,0.0038692065646619986,0.004140627686655074,0.003764162516186473,0.023622047244094488,0.0
2023-05-31,2023-04-04,2023-04-05,0.000546076891433123,0.000546076891433123,0.0011775147659974228,-0.0008192954825029973,0.023622047244094488,0.0
2023-06-01,2023-04-04,2023-04-05,0.005885851272979348,0.005885851272979348,0.0053306589818485905,0.00760696765235367,0.023622047244094488,0.0
2023-06-02,2023-04-04,2023-04-05,-0.0006276391289450471,-0.0006276391289450471,-0.002811123636357993,-0.004185895695586043,0.023622047244094488,0.0
2023-06-05,2023-04-04,2023-04-05,6.771444366895397e-05,6.771444366895397e-05,0.0005603455513717437,0.002949316898242697,0.023622047244094488,0.0
2023-06-06,2023-04-04,2023-04-05,0.002455202374239152,0.002455202374239152,0.0022923608100124393,0.0013240366268545778,0.023622047244094488,0.0
2023-06-07,2023-04-04,2023-04-05,-0.007323189724837071,-0.007323189724837071,-0.007577951246477088,-0.008148679020509158,0.023622047244094488,0.0
2023-06-08,2023-04-04,2023-04-05,0.007683396789656527,0.007683396789656527,0.007739118857351401,0.009661750784004927,0.023622047244094488,0.0
2023-06-09,2023-04-04,2023-04-05,-0.0002517466600577558,-0.0002517466600577558,-0.0005654181383690782,-0.0010226555654331234,0.023622047244094488,0.0
2023-06-12,2023-04-04,2023-04-05,0.0037351558505123836,0.0037351558505123836,0.0027840403843594763,0.002304657942496126,0.023622047244094488,0.0
2023-06-13,2023-04-04,2023-04-05,-0.0016360759257685936,-0.0016360759257685936,-0.002663751729270053,-0.0022876682783266288,0.023622047244094488,0.0
2023-06-14,2023-04-04,2023-04-05,0.0025282335033061654,0.0025282335033061654,0.0024368591932169004,0.0006966374718435745,0.023622047244094488,0.0
2023-06-15,2023-04-04,2023-04-05,0.008146932194176148,0.008146932194176148,0.0072586826877854005,0.007997265101706168,0.023622047244094488,0.0
2023-06-16,2023-04-04,2023-04-05,-0.002470879109975199,-0.002470879109975199,-0.00220722286174449,-0.001966105415136435,0.023622047244094488,0.0
2023-06-20,2023-04-04,2023-04-05,-0.002156076847654698,-0.002156076847654698,-0.002154780487667124,-0.007709636884694102,0.023622047244094488,0.0
2023-06-21,2023-04-04,2023-04-05,-0.0014775930963370043,-0.0014775930963370043,-0.0010375462189171347,-0.0024457783028070494,0.023622047244094488,0.0
2023-06-22,2023-04-04,2023-04-05,-0.0037375594701066226,-0.0037375594701066226,-0.004594389006129684,-0.004717088054823272,0.023622047244094488,0.0
2023-06-23,2023-04-04,2023-04-05,0.00039778940371786335,0.00039778940371786335,0.001291663189162462,-0.0007282177958795946,0.023622047244094488,0.0
2023-06-26,2023-04-04,2023-04-05,-0.0008158427782691655,-0.0008158427782691655,-0.00032030257642209903,-0.0002465815404909873,0.023622047244094488,0.0
2023-06-27,2023-04-04,2023-04-05,0.0022657823815069693,0.0022657823815069693,0.0009397945185770362,0.0007055030525712444,0.023622047244094488,0.0
2023-06-28,2023-04-04,2023-04-05,0.000781332986683547,0.000781332986683547,0.000615508911704532,-0.0012018702890397028,0.023622047244094488,0.0
2023-06-29,2023-04-04,2023-04-05,-0.003347052240518084,-0.003347052240518084,-0.003794769147650645,0.0005949761412867049,0.023622047244094488,0.0
2023-06-30,2023-04-04,2023-04-05,0.008411665969284266,0.008411665969284266,0.007564758542224326,0.007595244347632821,0.023622047244094488,0.0
2023-07-03,2023-04-04,2023-04-05,-0.0007902067127749878,-0.0007902067127749878,-0.0008491608515457383,0.001018587391966653,0.023622047244094488,0.0
2023-07-05,2023-04-04,2023-04-05,-0.0036020626943951972,-0.0036020626943951972,-0.003629852311728826,-0.0025414774496569856,0.023622047244094488,0.0
2023-07-06,2023-04-04,2023-04-05,-0.006872655864144267,-0.006872655864144267,-0.00623858861570753,-0.004191197121513206,0.023622047244094488,0.0
2023-07-07,2023-07-06,2023-07-07,-0.0008881912303733248,-0.0008881912303733248,-0.00026068408792467856,-0.0015147436340596564,0.06299212598425197,0.0
2023-07-10,2023-07-06,2023-07-07,0.001370592518850977,0.001370592518850977,0.0011566810689426221,0.0015185773931247315,0.06299212598425197,0.0
2023-07-11,2023-07-06,2023-07-07,0.004263706247551136,0.004263706247551136,0.003814223342049672,0.003821181201081325,0.06299212598425197,0.0
2023-07-12,2023-07-06,2023-07-07,0.008307153432253944,0.008307153432253944,0.008179638421866031,0.004827516324621373,0.06299212598425197,0.0
2023-07-13,2023-07-06,2023-07-07,0.00554906927760157,0.00554906927760157,0.00479109590896537,0.004762250186306494,0.06299212598425197,0.0
2023-07-14,2023-07-06,2023-07-07,-0.002327563159179025,-0.002327563159179025,-0.0024245983505578605,-0.00037378332767803443,0.06299212598425197,0.0
2023-07-17,2023-07-06,2023-07-07,0.0014820172955289257,0.0014820172955289257,0.001170622616933903,0.002083335091457705,0.06299212598425197,0.0
2023-07-18,2023-07-06,2023-07-07,0.006026771943190235,0.006026771943190235,0.005856531325398262,0.004458327148629149,0.06299212598425197,0.0
2023-07-19,2023-07-06,2023-07-07,0.0036350434846857734,0.0036350434846857734,0.0034208406959180815,0.0013342236691067822,0.06299212598425197,0.0
2023-07-20,2023-07-06,2023-07-07,-0.006370157303206132,-0.006370157303206132,-0.005959888463341251,-0.003980629783980327,0.06299212598425197,0.0
2023-07-21,2023-07-06,2023-07-07,-0.0005390308030778891,-0.0005390308030778891,-0.0006922574640576551,0.0,0.06299212598425197,0.0
2023-07-24,2023-07-06,2023-07-07,-0.00020204534013277859,-0.00020204534013277859,-0.0008628511240634518,0.002680392705578827,0.06299212598425197,0.0
2023-07-25,2023-07-06,2023-07-07,0.0016003976475392314,0.0016003976475392314,0.001605796864373621,0.001637962691730932,0.06299212598425197,0.0
2023-07-26,2023-07-06,2023-07-07,0.0012767158693706708,0.0012767158693706708,0.0015052914483806301,9.228103355596318e-05,0.06299212598425197,0.0
2023-07-27,2023-07-06,2023-07-07,-0.010326066535309403,-0.010326066535309403,-0.010448671578055457,-0.003977961944609376,0.06299212598425197,0.0
2023-07-28,2023-07-06,2023-07-07,0.006306857357196283,0.006306857357196283,0.0057269094041426105,0.0058741048384095326,0.06299212598425197,0.0
2023-07-31,2023-07-06,2023-07-07,0.0018064395153941093,0.0018064395153941093,0.0017507441737195095,0.001142495196730975,0.06299212598425197,0.0
2023-08-01,2023-07-06,2023-07-07,-0.007171282727484663,-0.007171282727484663,-0.007403348719654507,-0.0017170079291647822,0.06299212598425197,0.0
2023-08-02,2023-07-06,2023-07-07,-0.008496609302754832,-0.008496609302754832,-0.007343818979528044,-0.008346422608244586,0.06299212598425197,0.0
2023-08-03,2023-07-06,2023-07-07,-0.006837724207555318,-0.006837724207555318,-0.00656783692556448,-0.0017195678155697669,0.06299212598425197,0.0
2023-08-04,2023-07-06,2023-07-07,0.003569217735285824,0.003569217735285824,0.0042025123240695406,-0.002713643249121356,0.06299212598425197,0.0
2023-08-07,2023-07-06,2023-07-07,0.00013949584377994056,0.00013949584377994056,-0.0008471289753368139,0.005237130029267023,0.06299212598425197,0.0
2023-08-08,2023-07-06,2023-07-07,0.00011321905540027629,0.00011321905540027629,0.00023102083459927703,-0.002609134733580398,0.06299212598425197,0.0
2023-08-09,2023-07-06,2023-07-07,-0.001998789736823459,-0.001998789736823459,-0.0015681688771342905,-0.0040111872714687635,0.06299212598425197,0.0
2023-08-10,2023-07-06,2023-07-07,-0.004203785194565457,-0.004203785194565457,-0.0042930958309784495,0.00021528247567186297,0.06299212598425197,0.0
2023-08-11,2023-07-06,2023-07-07,-0.0007793474656451138,-0.0007793474656451138,-0.0007210609365505272,-0.00034971917456751985,0.06299212598425197,0.0
2023-08-14,2023-07-06,2023-07-07,0.0007733219383995623,0.0007733219383995623,6.930358686868532e-05,0.0033119335443819063,0.06299212598425197,0.0
2023-08-15,2023-07-06,2023-07-07,-0.006131720644284688,-0.006131720644284688,-0.00509955078604693,-0.006989361452347209,0.06299212598425197,0.0
2023-08-16,2023-07-06,2023-07-07,-0.0056796687680046865,-0.0056796687680046865,-0.005234656628189727,-0.004402881664119373,0.06299212598425197,0.0
2023-08-17,2023-07-06,2023-07-07,-0.004040085369501301,-0.004040085369501301,-0.0033550020331898356,-0.004571861744582728,0.06299212598425197,0.0
2023-08-18,2023-07-06,2023-07-07,0.0010856082398168932,0.0010856082398168932,0.001046042355088872,0.0002887337774633458,0.06299212598425197,0.0
2023-08-21,2023-07-06,2023-07-07,-0.0005079684012616714,-0.0005079684012616714,-0.0010217227044421184,0.0039038268899654225,0.06299212598425197,0.0
2023-08-22,2023-07-06,2023-07-07,0.0013004567972144444,0.0013004567972144444,0.0016537992748812402,-0.0016251878807056475,0.06299212598425197,0.0
2023-08-23,2023-07-06,2023-07-07,0.01212551446625303,0.01212551446625303,0.011519971754968994,0.006682648472291541,0.06299212598425197,0.0
2023-08-24,2023-07-06,2023-07-07,-0.006544167044594184,-0.006544167044594184,-0.005169503394846453,-0.008315427993719449,0.06299212598425197,0.0
2023-08-25,2023-07-06,2023-07-07,0.003025374945640058,0.003025374945640058,0.0022557271448507,0.004229900897902539,0.06299212598425197,0.0
2023-08-28,2023-07-06,2023-07-07,0.003056246733973489,0.003056246733973489,0.0025656905490941684,0.0038047431102532056,0.06299212598425197,0.0
2023-08-29,2023-07-06,2023-07-07,0.009609234820210399,0.009609234820210399,0.008652166943882045,0.008672834788446559,0.06299212598425197,0.0
2023-08-30,2023-07-06,2023-07-07,0.0016824907909386178,0.0016824907909386178,0.0013956866143686741,0.002471387497704125,0.06299212598425197,0.0
2023-08-31,2023-07-06,2023-07-07,0.0002723759623686094,0.0002723759623686094,0.00033553500327815344,-0.0008780719909746715,0.06299212598425197,0.0
2023-09-01,2023-07-06,2023-07-07,-0.003141801862351107,-0.003141801862351107,-0.0033033344181453705,0.0011191725635535832,0.06299212598425197,0.0
2023-09-05,2023-07-06,2023-07-07,-0.006650599760459192,-0.006650599760459192,-0.006626482795026173,-0.0025932075097514495,0.06299212598425197,0.0
2023-09-06,2023-07-06,2023-07-07,-0.0026447983322278323,-0.0026447983322278323,-0.0021992635638530267,-0.004033482168289404,0.06299212598425197,0.0
2023-09-07,2023-07-06,2023-07-07,-0.00016749714986641896,-0.00016749714986641896,0.00019294550523538123,-0.0018421209711834807,0.06299212598425197,0.0
2023-09-08,2023-07-06,2023-07-07,0.0015518100212335907,0.0015518100212335907,0.0014180522364269366,0.0009036548267263633,0.06299212598425197,0.0
2023-09-11,2023-07-06,2023-07-07,0.000871021070325123,0.000871021070325123,0.0003060139978884602,0.0039459754327020756,0.06299212598425197,0.0
2023-09-12,2023-07-06,2023-07-07,-0.001510341270031557,-0.001510341270031557,-0.0012196102049056579,-0.003291381766677848,0.06299212598425197,0.0
2023-09-13,2023-07-06,2023-07-07,-0.0001070554093425715,-0.0001070554093425715,-0.0003391576322683276,0.0006996103806215625,0.06299212598425197,0.0
2023-09-14,2023-07-06,2023-07-07,0.0013150273218867578,0.0013150273218867578,0.00047819864013295965,0.005173439343109276,0.06299212598425197,0.0
2023-09-15,2023-07-06,2023-07-07,-0.004419757063019213,-0.004419757063019213,-0.0028847295453066635,-0.007229020136409203,0.06299212598425197,0.0
2023-09-18,2023-07-06,2023-07-07,0.002808215113513113,0.002808215113513113,0.00304394876208558,0.00035189238912876065,0.06299212598425197,0.0
2023-09-19,2023-07-06,2023-07-07,-0.0027604970986700563,-0.0027604970986700563,-0.0026005042251181776,-0.0012442509636877207,0.06299212598425197,0.0
2023-09-20,2023-07-06,2023-07-07,-0.0022913813644591437,-0.0022913813644591437,-0.0013357582035109505,-0.005516121151951303,0.06299212598425197,0.0
2023-09-21,2023-07-06,2023-07-07,-0.01365311281772641,-0.01365311281772641,-0.012362709518000059,-0.009916943925791077,0.06299212598425197,0.0
2023-09-22,2023-07-06,2023-07-07,0.0018653500542498702,0.0018653500542498702,0.002250278763856084,-0.0013491812624223164,0.06299212598425197,0.0
2023-09-25,2023-07-06,2023-07-07,-0.005710509958915805,-0.005710509958915805,-0.006388562426783484,0.002523138129183433,0.06299212598425197,0.0
2023-09-26,2023-07-06,2023-07-07,-0.007609073348450507,-0.007609073348450507,-0.006539506461280403,-0.008814697091166711,0.06299212598425197,0.0
2023-09-27,2023-07-06,2023-07-07,-0.0036277125627718404,-0.0036277125627718404,-0.004285966188482315,0.00023952738585362174,0.06299212598425197,0.0
2023-09-28,2023-07-06,2023-07-07,0.001793171353988487,0.001793171353988487,0.0009635692538756124,0.0034784563477028296,0.06299212598425197,0.0
2023-09-29,2023-07-06,2023-07-07,-0.0028762976105088053,-0.0028762976105088053,-0.003147362554574873,-0.0014562152363677416,0.06299212598425197,0.0
2023-10-02,2023-07-06,2023-07-07,-0.006423949612488439,-0.006423949612488439,-0.006909120447263523,-0.00023858668653291558,0.06299212598425197,0.0
2023-10-03,2023-07-06,2023-07-07,-0.010640735093570719,-0.010640735093570719,-0.00944653644710855,-0.008031664472943522,0.06299212598425197,0.0
2023-10-04,2023-07-06,2023-07-07,0.006051998445790175,0.006051998445790175,0.005317891145499604,0.004369166847331262,0.06299212598425197,0.0
2023-10-05,2023-10-04,2023-10-05,-0.0017447584309682408,-0.0017447584309682408,-0.001798712105410466,-0.00022611399398586785,0.031496062992125984,0.0
2023-10-06,2023-10-04,2023-10-05,0.0021568956047349156,0.0021568956047349156,0.0012272596642400047,0.007123740729302325,0.031496062992125984,0.0
2023-10-09,2023-10-04,2023-10-05,0.011785281096977752,0.011785281096977752,0.012064336928699015,0.0038412992443532896,0.031496062992125984,0.0
2023-10-10,2023-10-04,2023-10-05,0.0011403971975638525,0.0011403971975638525,0.0005360057801425122,0.003122919735928686,0.031496062992125984,0.0
2023-10-11,2023-10-04,2023-10-05,0.008115841921789768,0.008115841921789768,0.008071370529092181,0.002457742137703142,0.031496062992125984,0.0
2023-10-12,2023-10-04,2023-10-05,-0.009525544956864607,-0.009525544956864607,-0.009068389622490375,-0.0036578272242185125,0.031496062992125984,0.0
2023-10-13,2023-10-04,2023-10-05,0.009159358348478688,0.009159358348478688,0.011264871276118582,-0.00298859961221866,0.031496062992125984,0.0
2023-10-16,2023-10-04,2023-10-05,-0.001313908255710339,-0.001313908255710339,-0.0026093150416121036,0.0063129622583068135,0.031496062992125984,0.0
2023-10-17,2023-10-04,2023-10-05,-0.0024004418134372153,-0.0024004418134372153,-0.0023031358467621166,-2.7553669544393403e-05,0.031496062992125984,0.0
2023-10-18,2023-10-04,2023-10-05,-0.003969081317647753,-0.003969081317647753,-0.0019130326367565453,-0.007995047043769235,0.031496062992125984,0.0
2023-10-19,2023-10-04,2023-10-05,-0.005738713796312033,-0.005738713796312033,-0.0042463716081257985,-0.005271848317979829,0.031496062992125984,0.0
2023-10-20,2023-10-04,2023-10-05,-0.0023351383639667314,-0.0023351383639667314,-0.0009697932137988918,-0.007372801672757242,0.031496062992125984,0.0
2023-10-23,2023-10-04,2023-10-05,0.0017213331850384093,0.0017213331850384093,0.0017258060811586873,-0.0010399564946823989,0.031496062992125984,0.0
2023-10-24,2023-10-04,2023-10-05,0.005911122875831154,0.005911122875831154,0.0051517075466414874,0.0045236927091477025,0.031496062992125984,0.0
2023-10-25,2023-10-04,2023-10-05,-0.0097468764950628,-0.0097468764950628,-0.008101195605174166,-0.008611438246729572,0.031496062992125984,0.0
2023-10-26,2023-10-04,2023-10-05,-4.065052409261646e-05,-4.065052409261646e-05,0.0012357180457437666,-0.007184675683868018,0.031496062992125984,0.0
2023-10-27,2023-10-04,2023-10-05,-0.0003227583947061508,-0.0003227583947061508,0.0007120006819427427,-0.0027196145323902703,0.031496062992125984,0.0
2023-10-30,2023-10-04,2023-10-05,0.0019303531481273388,0.0019303531481273388,0.0004527595457943234,0.007173397508605726,0.031496062992125984,0.0
2023-10-31,2023-10-04,2023-10-05,-0.0001136075917757334,-0.0001136075917757334,-0.0010144675351442811,0.0037681908882166025,0.031496062992125984,0.0
2023-11-01,2023-10-04,2023-10-05,0.008523070711194248,0.008523070711194248,0.0072990692914043365,0.006398815663191612,0.031496062992125984,0.0
2023-11-02,2023-10-04,2023-10-05,0.013071602224800204,0.013071602224800204,0.0113213724387084,0.011498600604095719,0.031496062992125984,0.0
2023-11-03,2023-10-04,2023-10-05,0.005615541810306445,0.005615541810306445,0.004885147951314617,0.005474039538993572,0.031496062992125984,0.0
2023-11-06,2023-10-04,2023-10-05,-0.0031783096703169094,-0.0031783096703169094,-0.003797989486001685,0.001380310776349965,0.031496062992125984,0.0
2023-11-07,2023-10-04,2023-10-05,0.0038545361237038887,0.0038545361237038887,0.0033626764627863737,0.001707618712178022,0.031496062992125984,0.0
2023-11-08,2023-10-04,2023-10-05,0.0025213353648914183,0.0025213353648914183,0.0019497200559514538,0.0004393986799736528,0.031496062992125984,0.0
2023-11-09,2023-10-04,2023-10-05,-0.007683312727341124,-0.007683312727341124,-0.0067042907983123345,-0.004679241044185298,0.031496062992125984,0.0
2023-11-10,2023-10-04,2023-10-05,0.004679803497197964,0.004679803497197964,0.0025738190956288154,0.009362980750041229,0.031496062992125984,0.0
2023-11-13,2023-10-04,2023-10-05,0.0002122111397637298,0.0002122111397637298,0.0005860847123687063,-0.0005720252962489134,0.031496062992125984,0.0
2023-11-14,2023-10-04,2023-10-05,0.014241069848095467,0.014241069848095467,0.01274693710572472,0.011640549585928025,0.031496062992125984,0.0
2023-11-15,2023-10-04,2023-10-05,-0.003294796926438498,-0.003294796926438498,-0.0036382677964306165,0.0012701447778131257,0.031496062992125984,0.0
2023-11-16,2023-10-04,2023-10-05,0.005791923708480052,0.005791923708480052,0.006233917578467363,0.000733859933532926,0.031496062992125984,0.0
2023-11-17,2023-10-04,2023-10-05,0.0015852088461891234,0.0015852088461891234,0.001455372390086751,0.0007463480323923317,0.031496062992125984,0.0
2023-11-20,2023-10-04,2023-10-05,0.0038945411329862067,0.0038945411329862067,0.003043117983612287,0.004618524650996127,0.031496062992125984,0.0
2023-11-21,2023-10-04,2023-10-05,0.0012864686947485944,0.0012864686947485944,0.002044300602186938,-0.001307621254764402,0.031496062992125984,0.0
2023-11-22,2023-10-04,2023-10-05,0.001382289995025343,0.001382289995025343,0.000783106694383251,0.0023164240246664313,0.031496062992125984,0.0
2023-11-24,2023-10-04,2023-10-05,-0.0016880394303477315,-0.0016880394303477315,-0.0014895074437326628,0.00036928715470229773,0.031496062992125984,0.0
2023-11-27,2023-10-04,2023-10-05,0.004893207408895496,0.004893207408895496,0.00541019571293061,-0.0010805844632583315,0.031496062992125984,0.0
2023-11-28,2023-10-04,2023-10-05,0.0035057229497307283,0.0035057229497307283,0.004073306375802721,0.0005940553316901916,0.031496062992125984,0.0
2023-11-29,2023-10-04,2023-10-05,0.0031925408398237876,0.0031925408398237876,0.0033368483663428483,-0.00042201320187515483,0.031496062992125984,0.0
2023-11-30,2023-10-04,2023-10-05,-0.0023434518320002264,-0.0023434518320002264,-0.0029455844935817876,0.0023624108569286267,0.031496062992125984,0.0
2023-12-01,2023-10-04,2023-10-05,0.010233427326867685,0.010233427326867685,0.010505411247000829,0.0035495447019867916,0.031496062992125984,0.0
2023-12-04,2023-10-04,2023-10-05,-0.0071545670759523795,-0.0071545670759523795,-0.007710308515837233,-0.0031495792996687495,0.031496062992125984,0.0
2023-12-05,2023-10-04,2023-10-05,0.004546411535663091,0.004546411535663091,0.004377149394627827,-0.00011826093143195962,0.031496062992125984,0.0
2023-12-06,2023-10-04,2023-10-05,0.0026564164951721593,0.0026564164951721593,0.0032437510115593537,-0.002417938494674815,0.031496062992125984,0.0
2023-12-07,2023-10-04,2023-10-05,0.0015664656291353217,0.0015664656291353217,0.0008859338366996872,0.004578289079737494,0.031496062992125984,0.0
2023-12-08,2023-10-04,2023-10-05,-0.0032090478003403374,-0.0032090478003403374,-0.004305986708843718,0.002579516116564925,0.031496062992125984,0.0
2023-12-11,2023-10-04,2023-10-05,-0.0013762237372743186,-0.0013762237372743186,-0.0023173141231999927,0.002333673765945398,0.031496062992125984,0.0
2023-12-12,2023-10-04,2023-10-05,0.0022317211824903647,0.0022317211824903647,0.0017477624241246104,0.0027403599143410963,0.031496062992125984,0.0
2023-12-13,2023-10-04,2023-10-05,0.01520451411808078,0.01520451411808078,0.014953629878307229,0.008274065478494217,0.031496062992125984,0.0
2023-12-14,2023-10-04,2023-10-05,0.008799112941233289,0.008799112941233289,0.008771298963509755,0.0019256497610821036,0.031496062992125984,0.0
2023-12-15,2023-10-04,2023-10-05,-0.0021318893331252146,-0.0021318893331252146,-0.0024255715833597646,-0.0009878600301498337,0.031496062992125984,0.0
2023-12-18,2023-10-04,2023-10-05,0.0008858849100041202,0.0008858849100041202,0.0005506594905513862,0.0033749986720890105,0.031496062992125984,0.0
2023-12-19,2023-10-04,2023-10-05,0.004838253597119602,0.004838253597119602,0.004570850611882837,0.0036486000850291874,0.031496062992125984,0.0
2023-12-20,2023-10-04,2023-10-05,-0.004245585959449849,-0.004245585959449849,-0.0031321339318050867,-0.008314507046699534,0.031496062992125984,0.0
2023-12-21,2023-10-04,2023-10-05,0.0031509027957931815,0.0031509027957931815,0.0025562320917787706,0.005689214860625388,0.031496062992125984,0.0
2023-12-22,2023-10-04,2023-10-05,0.000453097188598878,0.000453097188598878,0.000473850679893667,0.0012058041789138922,0.031496062992125984,0.0
2023-12-26,2023-10-04,2023-10-05,0.003712796016832676,0.003712796016832676,0.0036715917112016827,0.002533445809109837,0.031496062992125984,0.0
2023-12-27,2023-10-04,2023-10-05,0.0059703917748089915,0.0059703917748089915,0.006016463706945807,0.001084921075103436,0.031496062992125984,0.0
2023-12-28,2023-10-04,2023-10-05,-0.0028466259100448647,-0.0028466259100448647,-0.003175177250522687,0.0002266767455758571,0.031496062992125984,0.0
2023-12-29,2023-10-04,2023-10-05,-0.0035816460905448546,-0.0035816460905448546,-0.003370483522626644,-0.0017370277131109316,0.031496062992125984,0.0
2024-01-02,2023-10-04,2023-10-05,-0.003870582106128917,-0.003870582106128917,-0.0034286456743732874,-0.0033577915557778024,0.031496062992125984,0.0
2024-01-03,2023-10-04,2023-10-05,-0.003483077682273611,-0.003483077682273611,-0.0030832521681012914,-0.004899995966295221,0.031496062992125984,0.0
2024-01-04,2023-10-04,2023-10-05,-0.004725084650597733,-0.004725084650597733,-0.0043527380527538795,-0.00193269571908728,0.031496062992125984,0.0
2024-01-05,2024-01-04,2024-01-05,-0.0018803603854353756,-0.0018803603854353756,-0.0020094149075424173,0.0007001722485942683,0.07086614173228346,0.0
2024-01-08,2024-01-04,2024-01-05,0.005899795509512283,0.005899795509512283,0.004081399657870521,0.006312966782347517,0.07086614173228346,0.0
2024-01-09,2024-01-04,2024-01-05,-0.0020610349229716165,-0.0020610349229716165,-0.001893367513102262,-0.0007239831108909401,0.07086614173228346,0.0
2024-01-10,2024-01-04,2024-01-05,0.00035736428286732287,0.00035736428286732287,-0.000322580469957201,0.002584947400235298,0.07086614173228346,0.0
2024-01-11,2024-01-04,2024-01-05,0.0016442034869605104,0.0016442034869605104,0.0017869413562754677,-1.4837277299884735e-05,0.07086614173228346,0.0
2024-01-12,2024-01-04,2024-01-05,0.001710087273665973,0.001710087273665973,0.0021305127717053396,0.0013639720129147485,0.07086614173228346,0.0
2024-01-16,2024-01-04,2024-01-05,-0.0075857768992865175,-0.0075857768992865175,-0.007693064570113817,-0.0028188085739483124,0.07086614173228346,0.0
2024-01-17,2024-01-04,2024-01-05,-0.004544154956400982,-0.004544154956400982,-0.004539078617149056,-0.003919760503230415,0.07086614173228346,0.0
2024-01-18,2024-01-04,2024-01-05,0.002435114289227897,0.002435114289227897,0.00195747178811842,0.005294609325385059,0.07086614173228346,0.0
2024-01-19,2024-01-04,2024-01-05,0.005760602268145787,0.005760602268145787,0.004663422059646705,0.0065329841693744384,0.07086614173228346,0.0
2024-01-22,2024-01-04,2024-01-05,0.001472349230392755,0.001472349230392755,0.0010720100108683739,0.0006626212693795556,0.07086614173228346,0.0
2024-01-23,2024-01-04,2024-01-05,-0.00018040109652120418,-0.00018040109652120418,-0.0002770887515587128,0.0018610445488094036,0.07086614173228346,0.0
2024-01-24,2024-01-04,2024-01-05,-0.002731110795389097,-0.002731110795389097,-0.003252765833163279,-0.0003117342867088298,0.07086614173228346,0.0
2024-01-25,2024-01-04,2024-01-05,0.004331265744545565,0.004331265744545565,0.0039858765918365235,0.003127445215177207,0.07086614173228346,0.0
2024-01-26,2024-01-04,2024-01-05,-0.0010624980104907977,-0.0010624980104907977,-0.0009701979849524867,-0.0007062921864706367,0.07086614173228346,0.0
2024-01-29,2024-01-04,2024-01-05,0.007062524259893167,0.007062524259893167,0.00662351328120564,0.004686606988153668,0.07086614173228346,0.0
2024-01-30,2024-01-04,2024-01-05,0.0022719058278395043,0.0022719058278395043,0.0024182804615042186,-0.00024255298367572022,0.07086614173228346,0.0
2024-01-31,2024-01-04,2024-01-05,-0.0034043843134568203,-0.0034043843134568203,-0.0018097780696373356,-0.008221650867177634,0.07086614173228346,0.0
2024-02-01,2024-01-04,2024-01-05,0.011564880607962392,0.011564880607962392,0.010776108706364917,0.007613929823956237,0.07086614173228346,0.0
2024-02-02,2024-01-04,2024-01-05,-0.0037282104088699874,-0.0037282104088699874,-0.005253611411677989,0.004271799497126783,0.07086614173228346,0.0
2024-02-05,2024-01-04,2024-01-05,-0.007425662347709767,-0.007425662347709767,-0.007337245335337694,-0.0023906558548315634,0.07086614173228346,0.0
2024-02-06,2024-01-04,2024-01-05,0.004504515962956069,0.004504515962956069,0.004475420008707709,0.0019922914492372145,0.07086614173228346,0.0
2024-02-07,2024-01-04,2024-01-05,0.001656235225191782,0.001656235225191782,0.000808929658921792,0.004135430467395862,0.07086614173228346,0.0
2024-02-08,2024-01-04,2024-01-05,-0.0014793691811472332,-0.0014793691811472332,-0.0015686237956871185,0.00012667335353307456,0.07086614173228346,0.0
2024-02-09,2024-01-04,2024-01-05,0.0007424271441326343,0.0007424271441326343,-2.9326644874400065e-05,0.0024817608416389777,0.07086614173228346,0.0
2024-02-12,2024-01-04,2024-01-05,-0.0003830085121321326,-0.0003830085121321326,-0.0004697116182645067,-0.0004906344875924171,0.07086614173228346,0.0
2024-02-13,2024-01-04,2024-01-05,-0.01186198511979717,-0.01186198511979717,-0.011174123413503462,-0.008308005029710321,0.07086614173228346,0.0
2024-02-14,2024-01-04,2024-01-05,0.004333781213994669,0.004333781213994669,0.003395221289591799,0.004473924591666552,0.07086614173228346,0.0
2024-02-15,2024-01-04,2024-01-05,0.005052468915788089,0.005052468915788089,0.004698679529240357,0.004142922078173281,0.07086614173228346,0.0
2024-02-16,2024-01-04,2024-01-05,-0.002457449240472853,-0.002457449240472853,-0.0017763163225041345,-0.002104948777658204,0.07086614173228346,0.0
2024-02-20,2024-01-04,2024-01-05,-0.0004984172720948249,-0.0004984172720948249,0.00035532291321851983,-0.002117447334613716,0.07086614173228346,0.0
2024-02-21,2024-01-04,2024-01-05,-0.0014495389520126356,-0.0014495389520126356,-0.001537449746150582,0.0004576394684824463,0.07086614173228346,0.0
2024-02-22,2024-01-04,2024-01-05,0.008549136851972072,0.008549136851972072,0.006500931785635711,0.010374131993557549,0.07086614173228346,0.0
2024-02-23,2024-01-04,2024-01-05,0.004718401849765519,0.004718401849765519,0.004932009673441207,0.0009317673788747956,0.07086614173228346,0.0
2024-02-26,2024-01-04,2024-01-05,-0.0024728807064468006,-0.0024728807064468006,-0.002217978394251613,-0.0020594946825983366,0.07086614173228346,0.0
2024-02-27,2024-01-04,2024-01-05,-0.0013253467733462367,-0.0013253467733462367,-0.0015642555491532373,0.0008167875183716784,0.07086614173228346,0.0
2024-02-28,2024-01-04,2024-01-05,0.0014862213267986869,0.0014862213267986869,0.0017088167430009404,-0.0004716996901475243,0.07086614173228346,0.0
2024-02-29,2024-01-04,2024-01-05,0.0040526763913881995,0.0040526763913881995,0.003950700012362751,0.002329750318379921,0.07086614173228346,0.0
2024-03-01,2024-01-04,2024-01-05,0.008625866402269223,0.008625866402269223,0.008632565997594543,0.006652012731017941,0.07086614173228346,0.0
2024-03-04,2024-01-04,2024-01-05,0.0018540256266307853,0.0018540256266307853,0.0027700271554195743,0.0011462095216658637,0.07086614173228346,0.0
2024-03-05,2024-01-04,2024-01-05,0.001266462342300557,0.001266462342300557,0.0025668912445737657,-0.004362599056519907,0.07086614173228346,0.0
2024-03-06,2024-01-04,2024-01-05,0.004883595722411949,0.004883595722411949,0.004787644171641792,0.003383282751571525,0.07086614173228346,0.0
2024-03-07,2024-01-04,2024-01-05,0.004376675467818619,0.004376675467818619,0.0036682201875707088,0.005545521933592861,0.07086614173228346,0.0
2024-03-08,2024-01-04,2024-01-05,-0.0008534409103300158,-0.0008534409103300158,0.00016940003582216479,-0.0021171466059626736,0.07086614173228346,0.0
2024-03-11,2024-01-04,2024-01-05,-6.449991888601836e-05,-6.449991888601836e-05,0.0001132370118085424,-0.00023841734935795792,0.07086614173228346,0.0
2024-03-12,2024-01-04,2024-01-05,-0.0005134036463632428,-0.0005134036463632428,-0.0021361533925929044,0.00423189127832881,0.07086614173228346,0.0
2024-03-13,2024-01-04,2024-01-05,-0.0003591757199043141,-0.0003591757199043141,0.00014792086164627793,-5.379015231699242e-05,0.07086614173228346,0.0
2024-03-14,2024-01-04,2024-01-05,-0.005366094256326121,-0.005366094256326121,-0.005377166518017201,-0.0014207542155246582,0.07086614173228346,0.0
2024-03-15,2024-01-04,2024-01-05,-0.0031228699293963215,-0.0031228699293963215,-0.0025959241906366726,-0.003759467146032507,0.07086614173228346,0.0
2024-03-18,2024-01-04,2024-01-05,0.001647334793264221,0.001647334793264221,0.0011331338157388182,0.0031329972087723906,0.07086614173228346,0.0
2024-03-19,2024-01-04,2024-01-05,0.002416627925544245,0.002416627925544245,0.0018034120705343604,0.002654278750449117,0.07086614173228346,0.0
2024-03-20,2024-01-04,2024-01-05,0.005538851230669573,0.005538851230669573,0.0052095227804355715,0.00585493796682625,0.07086614173228346,0.0
2024-03-21,2024-01-04,2024-01-05,0.0014871671039641597,0.0014871671039641597,0.0011047644447700622,0.0015415145522504684,0.07086614173228346,0.0
2024-03-22,2024-01-04,2024-01-05,0.00012243754545823108,0.00012243754545823108,-8.90198601434522e-05,-0.0017801650547028518,0.07086614173228346,0.0
2024-03-25,2024-01-04,2024-01-05,-0.0015783127210057864,-0.0015783127210057864,-0.0011423232170011122,-0.0010468638871140713,0.07086614173228346,0.0
2024-03-26,2024-01-04,2024-01-05,0.0006953912493633533,0.0006953912493633533,0.0010417990498406415,-0.0005857481321833321,0.07086614173228346,0.0
2024-03-27,2024-01-04,2024-01-05,0.006869054445524148,0.006869054445524148,0.006390685192662948,0.004947460733541062,0.07086614173228346,0.0
2024-03-28,2024-01-04,2024-01-05,0.0023019888246688003,0.0023019888246688003,0.002966092673849563,0.0012457277791619121,0.07086614173228346,0.0
2024-04-01,2024-01-04,2024-01-05,-0.003227729539947698,-0.003227729539947698,-0.0025433193695670875,0.0001926999870188249,0.07086614173228346,0.0
2024-04-02,2024-01-04,2024-01-05,-0.0006484911140003592,-0.0006484911140003592,0.0007259231849009451,-0.0016377496589399553,0.07086614173228346,0.0
2024-04-03,2024-01-04,2024-01-05,0.002084628893810448,0.002084628893810448,0.0024134052577071685,0.001460228316739714,0.07086614173228346,0.0
2024-04-04,2024-01-04,2024-01-05,-0.0036259698322883057,-0.0036259698322883057,-0.00269209688496283,-0.0066886376937525475,0.07086614173228346,0.0
2024-04-05,2024-01-04,2024-01-05,0.003599522326041633,0.003599522326041633,0.0034105439516053104,0.006993564515482639,0.07086614173228346,0.0
2024-04-08,2024-04-05,2024-04-08,0.001414151057615876,0.001414151057615876,0.001669630855066051,0.002204212435040872,0.08661417322834646,0.0
2024-04-09,2024-04-05,2024-04-08,0.0038296377301168198,0.0038296377301168198,0.003988831291094397,0.0023430716299555512,0.08661417322834646,0.0
2024-04-10,2024-04-05,2024-04-08,-0.010845597365913973,-0.010845597365913973,-0.010317488285299353,-0.008846968195055961,0.08661417322834646,0.0
2024-04-11,2024-04-05,2024-04-08,0.0053919513869619025,0.0053919513869619025,0.005608920995616273,0.010358130670169236,0.08661417322834646,0.0
2024-04-12,2024-04-05,2024-04-08,-0.0061427889242612116,-0.0061427889242612116,-0.00542444475543194,-0.012253659976686579,0.08661417322834646,0.0
2024-04-15,2024-04-05,2024-04-08,-0.004517463485931702,-0.004517463485931702,-0.0023286895624554105,-0.0019011504244791757,0.08661417322834646,0.0
2024-04-16,2024-04-05,2024-04-08,-0.00205327612200622,-0.00205327612200622,-0.0018097942719323967,-0.0007276819322414015,0.08661417322834646,0.0
2024-04-17,2024-04-05,2024-04-08,-0.0007704146595376331,-0.0007704146595376331,-0.0005469970380090339,-0.005761457380427333,0.08661417322834646,0.0
2024-04-18,2024-04-05,2024-04-08,-0.001297146442332797,-0.001297146442332797,-0.0009206134367163443,-0.0002099243531820151,0.08661417322834646,0.0
2024-04-19,2024-04-05,2024-04-08,-0.0015280288526028027,-0.0015280288526028027,-0.000498614835659994,-0.00429756301731204,0.08661417322834646,0.0
2024-04-22,2024-04-05,2024-04-08,-0.0021379513037787694,-0.0021379513037787694,-0.004293990270699433,-0.0018852605256689569,0.08661417322834646,0.0
2024-04-23,2024-04-05,2024-04-08,0.0037458389877122016,0.0037458389877122016,0.0024362449342209824,0.006382366417496516,0.08661417322834646,0.0
2024-04-24,2024-04-05,2024-04-08,-0.0023071970153657087,-0.0023071970153657087,-0.0023527408181858445,-0.0008427916165969864,0.08661417322834646,0.0
2024-04-25,2024-04-05,2024-04-08,-0.0018903432738556763,-0.0018903432738556763,-0.0012122727918161824,-0.0004903420603230928,0.08661417322834646,0.0
2024-04-26,2024-04-05,2024-04-08,0.00527439885931873,0.00527439885931873,0.004489094200359478,0.00665698436588495,0.08661417322834646,0.0
2024-04-29,2024-04-05,2024-04-08,0.002929795582965466,0.002929795582965466,0.002474097878696624,0.0015154554029993494,0.08661417322834646,0.0
2024-04-30,2024-04-05,2024-04-08,-0.011667150814851463,-0.011667150814851463,-0.01107988311371741,-0.01548585351354096,0.08661417322834646,0.0
2024-05-01,2024-04-05,2024-04-08,0.0025186144894806537,0.0025186144894806537,0.0032964372210635973,0.0007703550057751374,0.08661417322834646,0.0
2024-05-02,2024-04-05,2024-04-08,0.0037290702037998005,0.0037290702037998005,0.002639368920068247,0.0046859552376905395,0.08661417322834646,0.0
2024-05-03,2024-04-05,2024-04-08,0.006708588961897898,0.006708588961897898,0.0054291717749840596,0.007197927139545318,0.08661417322834646,0.0
2024-05-06,2024-04-05,2024-04-08,0.006692016530368794,0.006692016530368794,0.006185267407500694,0.009351511351848196,0.08661417322834646,0.0
2024-05-07,2024-04-05,2024-04-08,0.000990764998638571,0.000990764998638571,0.0006503933389651606,-0.0007179659018500073,0.08661417322834646,0.0
2024-05-08,2024-04-05,2024-04-08,-0.002069727931248339,-0.002069727931248339,-0.0022264467227450513,-0.0008243243727225299,0.08661417322834646,0.0
2024-05-09,2024-04-05,2024-04-08,0.006392049096038455,0.006392049096038455,0.006604792746912169,0.00819070287131721,0.08661417322834646,0.0
2024-05-10,2024-04-05,2024-04-08,0.0006665287459430519,0.0006665287459430519,0.0009433440430148265,0.003206616280392303,0.08661417322834646,0.0
2024-05-13,2024-04-05,2024-04-08,-0.0015554035521713092,-0.0015554035521713092,-0.002128952994390615,-0.0032799656533598755,0.08661417322834646,0.0
2024-05-14,2024-04-05,2024-04-08,0.004709514253713232,0.004709514253713232,0.004673791131939442,0.005291565802328861,0.08661417322834646,0.0
2024-05-15,2024-04-05,2024-04-08,0.010313578813232882,0.010313578813232882,0.009717249769767011,0.011281224566929296,0.08661417322834646,0.0
2024-05-16,2024-04-05,2024-04-08,-0.0017431899796877261,-0.0017431899796877261,-0.0017320908524621759,-0.0024026007737508208,0.08661417322834646,0.0
2024-05-17,2024-04-05,2024-04-08,0.002118239915537624,0.002118239915537624,0.002799341490360263,0.0058120541049921275,0.08661417322834646,0.0
2024-05-20,2024-04-05,2024-04-08,0.0004694273054736134,0.0004694273054736134,0.0005554196142828483,0.0018984087021341293,0.08661417322834646,0.0
2024-05-21,2024-04-05,2024-04-08,0.001853959668966376,0.001853959668966376,0.001535217045895515,0.0010307265756826318,0.08661417322834646,0.0
2024-05-22,2024-04-05,2024-04-08,-0.004382376536591182,-0.004382376536591182,-0.005013122271453341,-0.007239907330173514,0.08661417322834646,0.0
2024-05-23,2024-04-05,2024-04-08,-0.008153804833102452,-0.008153804833102452,-0.008420629600765811,-0.010365793597850281,0.08661417322834646,0.0
2024-05-24,2024-04-05,2024-04-08,0.0032420054497318885,0.0032420054497318885,0.002626722084858424,0.004247968352907966,0.08661417322834646,0.0
2024-05-28,2024-04-05,2024-04-08,-0.0012367416981156005,-0.0012367416981156005,-0.0007809557803248046,0.003573188230873968,0.08661417322834646,0.0
2024-05-29,2024-04-05,2024-04-08,-0.0073370400616482815,-0.0073370400616482815,-0.007101985178244452,-0.0069926165452531466,0.08661417322834646,0.0
2024-05-30,2024-04-05,2024-04-08,0.00047377992425127796,0.00047377992425127796,0.0012319824085053332,-0.0034111588678764878,0.08661417322834646,0.0
2024-05-31,2024-04-05,2024-04-08,0.0037124802385808276,0.0037124802385808276,0.0025084698852739507,0.003705557536075045,0.08661417322834646,0.0
2024-06-03,2024-04-05,2024-04-08,0.006112556302809125,0.006112556302809125,0.006476905522461107,0.003164572982312139,0.08661417322834646,0.0
2024-06-04,2024-04-05,2024-04-08,0.0015161752319261415,0.0015161752319261415,0.0009555243794438784,-0.002022330785899639,0.08661417322834646,0.0
2024-06-05,2024-04-05,2024-04-08,0.008363354962786352,0.008363354962786352,0.007767142247065151,0.010684638215118484,0.08661417322834646,0.0
2024-06-06,2024-04-05,2024-04-08,0.0010968853604625354,0.0010968853604625354,0.001468300732679756,0.002206321734449526,0.08661417322834646,0.0
2024-06-07,2024-04-05,2024-04-08,-0.0121486054929235,-0.0121486054929235,-0.013811193067056388,-0.011434455415480193,0.08661417322834646,0.0
2024-06-10,2024-04-05,2024-04-08,0.0012483513143896068,0.0012483513143896068,0.0013977928188157462,0.004604259650170168,0.08661417322834646,0.0
2024-06-11,2024-04-05,2024-04-08,0.003999756369204288,0.003999756369204288,0.0039017649326209547,0.0023019149851377972,0.08661417322834646,0.0
2024-06-12,2024-04-05,2024-04-08,0.00528531710222333,0.00528531710222333,0.004597106682626972,0.005726294524483328,0.08661417322834646,0.0
2024-06-13,2024-04-05,2024-04-08,0.002749642376762695,0.002749642376762695,0.0021407585185466704,-0.0012367862416810787,0.08661417322834646,0.0
2024-06-14,2024-04-05,2024-04-08,0.004908609010955579,0.004908609010955579,0.005495754246170492,0.004252856130663244,0.08661417322834646,0.0
2024-06-17,2024-04-05,2024-04-08,-0.0007350216004020254,-0.0007350216004020254,-0.0017904921710704125,0.0032178320754675583,0.08661417322834646,0.0
2024-06-18,2024-04-05,2024-04-08,0.003984466631870887,0.003984466631870887,0.003930759701283204,0.002726604682838313,0.08661417322834646,0.0
2024-06-20,2024-04-05,2024-04-08,-0.00011902137987895205,-0.00011902137987895205,0.000776860523951789,0.0021153172728891416,0.08661417322834646,0.0
2024-06-21,2024-04-05,2024-04-08,-0.003567814806811199,-0.003567814806811199,-0.004208428945220777,-0.005452258035533912,0.08661417322834646,0.0
2024-06-24,2024-04-05,2024-04-08,0.0006648239838296491,0.0006648239838296491,0.0011877764213472919,-0.0007631747936132228,0.08661417322834646,0.0
2024-06-25,2024-04-05,2024-04-08,0.0007793979538189494,0.0007793979538189494,0.00014618970813004561,0.0008219068966003583,0.08661417322834646,0.0
2024-06-26,2024-04-05,2024-04-08,-0.004980313862250885,-0.004980313862250885,-0.005566503123536487,-0.0020197652993689374,0.08661417322834646,0.0
2024-06-27,2024-04-05,2024-04-08,0.003812175724648904,0.003812175724648904,0.004221358202051495,0.004347060487971746,0.08661417322834646,0.0
2024-06-28,2024-04-05,2024-04-08,-0.006009995113512218,-0.006009995113512218,-0.0056118471746324505,-0.0023331017460435227,0.08661417322834646,0.0
2024-07-01,2024-04-05,2024-04-08,-0.0030735014956413727,-0.0030735014956413727,-0.003149072299096667,0.002016178641549975,0.08661417322834646,0.0
2024-07-02,2024-04-05,2024-04-08,0.004292538511612853,0.004292538511612853,0.0036172428500199083,0.004023913603222133,0.08661417322834646,0.0
2024-07-03,2024-04-05,2024-04-08,0.007099755719121505,0.007099755719121505,0.007217153921962649,0.006059411011452829,0.08661417322834646,0.0
2024-07-05,2024-04-05,2024-04-08,0.006785386170125219,0.006785386170125219,0.006883067674387233,0.007505989808865941,0.08661417322834646,0.0
2024-07-08,2024-04-05,2024-04-08,-0.0015363906493401365,-0.0015363906493401365,-0.0022718771630502177,-0.0030283256338318088,0.08661417322834646,0.0
2024-07-09,2024-07-08,2024-07-09,-0.00042544949544271447,-0.00042544949544271447,-0.0004379213398524595,0.0008752293861181129,0.05511811023622047,0.0
2024-07-10,2024-07-08,2024-07-09,0.004980462523470508,0.004980462523470508,0.004173960021941814,0.0065667056840407086,0.05511811023622047,0.0
2024-07-11,2024-07-08,2024-07-09,0.0029574524153598916,0.0029574524153598916,0.004706383929259567,-0.002123364377479882,0.05511811023622047,0.0
2024-07-12,2024-07-08,2024-07-09,0.003151355035815228,0.003151355035815228,0.002489234516337979,0.0036767313048620843,0.05511811023622047,0.0
2024-07-15,2024-07-08,2024-07-09,-0.0012662985842572523,-0.0012662985842572523,-0.0013799438189742164,0.0022050794292939394,0.05511811023622047,0.0
2024-07-16,2024-07-08,2024-07-09,0.0095875491846413,0.0095875491846413,0.009990830939163753,0.0069853517262235335,0.05511811023622047,0.0
2024-07-17,2024-07-08,2024-07-09,-0.005782927286636447,-0.005782927286636447,-0.004612970005084538,-0.009211352371721706,0.05511811023622047,0.0
2024-07-18,2024-07-08,2024-07-09,-0.005876946537513034,-0.005876946537513034,-0.005427535636588099,-0.005708406337332114,0.05511811023622047,0.0
2024-07-19,2024-07-08,2024-07-09,-0.007382833380080945,-0.007382833380080945,-0.007615664422859519,-0.0070697280728099846,0.05511811023622047,0.0
2024-07-22,2024-07-08,2024-07-09,0.0029451808575263303,0.0029451808575263303,0.0019299863905718473,0.006240193490721051,0.05511811023622047,0.0
2024-07-23,2024-07-08,2024-07-09,-0.0001964506512750372,-0.0001964506512750372,0.00013623530846235132,-0.0003362330610886489,0.05511811023622047,0.0
2024-07-24,2024-07-08,2024-07-09,-0.011334873792590749,-0.011334873792590749,-0.009243843333848395,-0.014200248635758653,0.05511811023622047,0.0
2024-07-25,2024-07-08,2024-07-09,-0.002903878398905914,-0.002903878398905914,-0.0031650641841341753,-0.005817249391316329,0.05511811023622047,0.0
2024-07-26,2024-07-08,2024-07-09,0.007977567694845068,0.007977567694845068,0.007384322675000277,0.008531800950399772,0.05511811023622047,0.0
2024-07-29,2024-07-08,2024-07-09,0.0012689062450685572,0.0012689062450685572,0.0011398754690783441,0.00011099350677261317,0.05511811023622047,0.0
2024-07-30,2024-07-08,2024-07-09,0.0011865785335940357,0.0011865785335940357,0.002192486584870673,-0.0013222776674356909,0.05511811023622047,0.0
2024-07-31,2024-07-08,2024-07-09,0.011868566515713988,0.011868566515713988,0.011148644247784001,0.012867855700452317,0.05511811023622047,0.0
2024-08-01,2024-07-08,2024-07-09,-0.0034887331649935847,-0.0034887331649935847,-0.002244788895537808,-0.009088746095107025,0.05511811023622047,0.0
2024-08-02,2024-07-08,2024-07-09,0.0008929623317525397,0.0008929623317525397,0.0026595696057594154,-0.011498634451144307,0.05511811023622047,0.0
2024-08-05,2024-07-08,2024-07-09,-0.011408893418061955,-0.011408893418061955,-0.009131120130427689,-0.01965727480863506,0.05511811023622047,0.0
2024-08-06,2024-07-08,2024-07-09,-0.003965426167377112,-0.003965426167377112,-0.005287408348277345,0.004155529861647052,0.05511811023622047,0.0
2024-08-07,2024-07-08,2024-07-09,-0.004235281081058429,-0.004235281081058429,-0.003600868794291473,-0.004127260368006886,0.05511811023622047,0.0
2024-08-08,2024-07-08,2024-07-09,0.009690734551611385,0.009690734551611385,0.008163403781397488,0.016568778616480737,0.05511811023622047,0.0
2024-08-09,2024-07-08,2024-07-09,0.0044998056697235665,0.0044998056697235665,0.004181605154466417,0.0030680944553624964,0.05511811023622047,0.0
2024-08-12,2024-07-08,2024-07-09,0.00452181287092045,0.00452181287092045,0.00532650034758908,0.003264213730391552,0.05511811023622047,0.0
2024-08-13,2024-07-08,2024-07-09,0.0071832109581156595,0.0071832109581156595,0.005462038961259047,0.009603753540949285,0.05511811023622047,0.0
2024-08-14,2024-07-08,2024-07-09,0.0010407190526281803,0.0010407190526281803,0.0003174593154249006,0.0004900170285306617,0.05511811023622047,0.0
2024-08-15,2024-07-08,2024-07-09,0.004609194379935021,0.004609194379935021,0.003052111896963694,0.010824040021349391,0.05511811023622047,0.0
2024-08-16,2024-07-08,2024-07-09,0.006137771133259985,0.006137771133259985,0.007032937583219823,0.005196087463256026,0.05511811023622047,0.0
2024-08-19,2024-07-08,2024-07-09,0.0041734575046436405,0.0041734575046436405,0.0031354193883283143,0.005455076625189575,0.05511811023622047,0.0
2024-08-20,2024-07-08,2024-07-09,0.0021567804760267875,0.0021567804760267875,0.002502902437325538,-0.0003444850021464697,0.05511811023622047,0.0
2024-08-21,2024-07-08,2024-07-09,0.0010881496368782214,0.0010881496368782214,0.0006778022900366942,0.0018326120667167824,0.05511811023622047,0.0
2024-08-22,2024-07-08,2024-07-09,-0.007623450039725012,-0.007623450039725012,-0.007437342879513975,-0.0067688876088518625,0.05511811023622047,0.0
2024-08-23,2024-07-08,2024-07-09,0.007666338789796813,0.007666338789796813,0.0071814679173563545,0.008362480051353396,0.05511811023622047,0.0
2024-08-26,2024-07-08,2024-07-09,-0.0008316666555791937,-0.0008316666555791937,-0.00043382175972736525,-0.0008816913205911962,0.05511811023622047,0.0
2024-08-27,2024-07-08,2024-07-09,0.0005888242005307133,0.0005888242005307133,0.0005868590452630662,0.001289348854999354,0.05511811023622047,0.0
2024-08-28,2024-07-08,2024-07-09,-0.0037434219457142762,-0.0037434219457142762,-0.0035142400327910772,-0.004691793580806477,0.05511811023622047,0.0
2024-08-29,2024-07-08,2024-07-09,0.00024941550949419446,0.00024941550949419446,0.000499351143379928,0.0009444099439243367,0.05511811023622047,0.0
2024-08-30,2024-07-08,2024-07-09,-0.0007499887965315762,-0.0007499887965315762,-0.002060898941017464,0.00450196142725694,0.05511811023622047,0.0
2024-09-03,2024-07-08,2024-07-09,-0.003978597655387994,-0.003978597655387994,-0.0021368552087128734,-0.013091197039223956,0.05511811023622047,0.0
2024-09-04,2024-07-08,2024-07-09,0.0026277556974493633,0.0026277556974493633,0.002862828424462005,-0.0011234930560016826,0.05511811023622047,0.0
2024-09-05,2024-07-08,2024-07-09,0.002229245658452373,0.002229245658452373,0.002889076215181474,-2.6107078951787422e-05,0.05511811023622047,0.0
2024-09-06,2024-07-08,2024-07-09,-0.007396224203742202,-0.007396224203742202,-0.00608333993187804,-0.011371371513341503,0.05511811023622047,0.0
2024-09-09,2024-07-08,2024-07-09,0.005839532141617355,0.005839532141617355,0.004930217475820287,0.007441075327037253,0.05511811023622047,0.0
2024-09-10,2024-07-08,2024-07-09,0.0041555719547655134,0.0041555719547655134,0.00394018682850894,0.0033710592636374825,0.05511811023622047,0.0
2024-09-11,2024-07-08,2024-07-09,0.003073879297674947,0.003073879297674947,0.0019684568616194775,0.005881786980762275,0.05511811023622047,0.0
2024-09-12,2024-07-08,2024-07-09,0.005293638862001217,0.005293638862001217,0.005329697129166866,0.0080754664288495,0.05511811023622047,0.0
2024-09-13,2024-07-08,2024-07-09,0.004490865661076749,0.004490865661076749,0.004465753649888826,0.004844123569196155,0.05511811023622047,0.0
2024-09-16,2024-07-08,2024-07-09,0.002790733052931782,0.002790733052931782,0.002638866555591035,0.0008716695704463707,0.05511811023622047,0.0
2024-09-17,2024-07-08,2024-07-09,-0.0021721267831345875,-0.0021721267831345875,-0.0024895403287104045,-0.0007061270636920132,0.05511811023622047,0.0
2024-09-18,2024-07-08,2024-07-09,-0.005679100435765739,-0.005679100435765739,-0.005768028562496197,-0.003105796251758416,0.05511811023622047,0.0
2024-09-19,2024-07-08,2024-07-09,0.008252310412830349,0.008252310412830349,0.00732291027352458,0.012911689348431015,0.05511811023622047,0.0
2024-09-20,2024-07-08,2024-07-09,0.0009800573282396315,0.0009800573282396315,0.0017884430186805578,0.0011491591831661817,0.05511811023622047,0.0
2024-09-23,2024-07-08,2024-07-09,0.0007317321175497938,0.0007317321175497938,0.00057886999510251,0.0018330511563327502,0.05511811023622047,0.0
2024-09-24,2024-07-08,2024-07-09,0.0037445608166479247,0.0037445608166479247,0.004156892159571601,0.00411946053242614,0.05511811023622047,0.0
2024-09-25,2024-07-08,2024-07-09,-0.003126293573264849,-0.003126293573264849,-0.002974836665037117,-0.0015609403615529204,0.05511811023622047,0.0
2024-09-26,2024-07-08,2024-07-09,0.002992771242323589,0.002992771242323589,0.002850640635007118,0.00325380964173453,0.05511811023622047,0.0
2024-09-27,2024-07-08,2024-07-09,-0.0007946021523634554,-0.0007946021523634554,-0.0010463573910876323,-0.002235206782951953,0.05511811023622047,0.0
2024-09-30,2024-07-08,2024-07-09,-0.0013893834850460423,-0.0013893834850460423,-0.0021900750840416205,0.001028418655774718,0.05511811023622047,0.0
2024-10-01,2024-07-08,2024-07-09,0.0007678147290237809,0.0007678147290237809,0.0021882204625213453,-0.0035705302076309256,0.05511811023622047,0.0
2024-10-02,2024-07-08,2024-07-09,-0.0019183198736802021,-0.0019183198736802021,-0.0019503596171733528,0.00028833228738544463,0.05511811023622047,0.0
2024-10-03,2024-07-08,2024-07-09,-0.003133477424417136,-0.003133477424417136,-0.0029852382428267876,-0.0012160641429240823,0.05511811023622047,0.0
2024-10-04,2024-07-08,2024-07-09,-0.0002938707722024096,-0.0002938707722024096,-0.0013024102786906022,0.005109104169864611,0.05511811023622047,0.0
