Date,BTC-USD_rolling_vol_20,BTC-USD_rolling_vol_60,BTC-USD_ewma_vol,DIA_rolling_vol_20,DIA_rolling_vol_60,DIA_ewma_vol,ETH-USD_rolling_vol_20,ETH-USD_rolling_vol_60,ETH-USD_ewma_vol,GLD_rolling_vol_20,GLD_rolling_vol_60,GLD_ewma_vol,QQQ_rolling_vol_20,QQQ_rolling_vol_60,QQQ_ewma_vol,SPY_rolling_vol_20,SPY_rolling_vol_60,SPY_ewma_vol,TLT_rolling_vol_20,TLT_rolling_vol_60,TLT_ewma_vol,VIX_rolling_vol_20,VIX_rolling_vol_60,VIX_ewma_vol
2024-11-08,0.02876091888136851,0.026869721989696227,0.031172956729492662,0.010120347534646083,0.007554545838852994,0.011389382104285195,0.04159674336485093,0.034350729696330955,0.045336080909066566,0.010632102061986457,0.008997396307869082,0.012159487321321688,0.011571808071407777,0.011269334042674642,0.012362003621473328,0.008798817202668747,0.007889962545864514,0.009680265850924167,0.011138866100349417,0.008415240659245458,0.012145433134305755,0.06972695185287264,0.08538781702960853,0.08090654300125555
2024-11-11,0.0343992871388993,0.02959581301311058,0.040617645991627316,0.010155774460050001,0.007581458126931344,0.010878235070209874,0.041058550228431474,0.035079072865531476,0.04508550166046038,0.011913307470628014,0.009141315708802975,0.01344110314656262,0.011489885341888157,0.011272314143721483,0.011836419413654342,0.008662561104133992,0.007889357107109468,0.009231562524963693,0.011178488332767019,0.008415254521973321,0.011645427791194363,0.06956823722590671,0.08528930297536678,0.07725233630749982
2024-11-12,0.03468853702279392,0.029614712848037534,0.03949697808703512,0.01017510872006301,0.0076612619569902795,0.010940412169615903,0.042172826834806665,0.03546422992962797,0.04608892444283458,0.012006267733448036,0.009216621232288476,0.012901032275474898,0.010972294157475042,0.011173184727054905,0.011371157798752642,0.008467373226821557,0.007835699759346856,0.008967976178652033,0.01118318174639004,0.00858239224302203,0.011910801878190071,0.06817427407950116,0.08531406834728618,0.07348206994766035
2024-11-13,0.03494164823478321,0.029725005612945894,0.03779290300632551,0.010076550170416141,0.007653685820816906,0.010416837462700893,0.04246411486825606,0.03537972817067781,0.04471031427368726,0.01207382018302622,0.009310460005599094,0.012432981454317203,0.01099123083818199,0.011169678435562038,0.010892282690799403,0.008442797807917159,0.007827725200300568,0.008549035914768254,0.011198193382869401,0.00856636760707845,0.011560988835884868,0.06805474929330117,0.08489193780837281,0.07042924836160984
2024-11-14,0.03648086428325782,0.02995860710345885,0.03949913132719434,0.010135294779267102,0.007694215299551729,0.010139923962148842,0.043719000989966915,0.03572726038893225,0.04529025508944626,0.011930675501271306,0.00931596204352851,0.011834387434212003,0.011177201128174457,0.011208492452200923,0.01075049835772015,0.008615937191557557,0.00788321889034298,0.008535897887569383,0.010907497346665344,0.008612636568392151,0.011281219261172868,0.06845037821111474,0.0848753703269418,0.06815242484819066
2024-11-15,0.03723646770182937,0.03027772792009822,0.03874024400023339,0.010267552028251772,0.007736149717656662,0.009968158759925742,0.04372036763554509,0.03576317367599674,0.043174240201116224,0.011538614461490312,0.009178571746812468,0.01127562586916446,0.012485604089619894,0.011455768280865305,0.012787594461431118,0.009113907892198599,0.00800298233963321,0.009173288201926335,0.01089446523387446,0.008539803518888778,0.010733877109040686,0.07430999307857274,0.08586889057023121,0.07813355979889104
2024-11-18,0.03631906932715797,0.029385965135575533,0.03692034305661011,0.010104936180453895,0.007638045474233308,0.009494079398304088,0.04389717197268065,0.03551757182457591,0.042563686173456856,0.012536239069791788,0.009378615066293991,0.012727260590154138,0.012570549015224003,0.0114089888671913,0.01238290221649721,0.00914519282796013,0.007913017409839006,0.008811641003638527,0.010272805050344553,0.008488867802082656,0.010268417226252808,0.07445313831775811,0.08503801517506546,0.07492461760740755
2024-11-19,0.036208268236886915,0.02922241836384495,0.035153965176222754,0.010138704726452388,0.007654467344604102,0.009104204424023236,0.04435968357481429,0.03559125620203756,0.04219289068700484,0.012444578234825176,0.009434170927764529,0.012514072795031502,0.012650355452497776,0.011351636675821977,0.011960652994681952,0.009170025803521364,0.007909773445537617,0.008438497881108023,0.010352847315960059,0.008526234149511848,0.009967960652411864,0.07544607601548146,0.08522754047993222,0.07320672663515773
2024-11-20,0.03562749720291001,0.028229937096347416,0.03349496171814668,0.009866682291001004,0.007660769080532172,0.008706529650156681,0.04313427026811112,0.03388780932354197,0.040506446412244844,0.01232591377859789,0.00945184548515587,0.01204856486790008,0.012076167714008582,0.011350625283937005,0.011382667343317594,0.008878720514018768,0.007909933761916841,0.008027410589276538,0.010358507459829183,0.008530133589796702,0.009507030047885548,0.07514810720083118,0.0851929950311238,0.07126885117304876
2024-11-21,0.03612338559409797,0.028563565537820548,0.03298830176373227,0.010035452376448149,0.00773923659357839,0.008825790711216419,0.04729068423487339,0.03575131813887371,0.04713399265880001,0.012351242174150406,0.009443593218011232,0.011730684414935733,0.011989307205284698,0.011238815245740125,0.01086673449163295,0.008927552216530082,0.007880393535827625,0.0077650875396771055,0.010223093090847343,0.008530254057717224,0.009043528422428065,0.0752049945377153,0.08413724807056479,0.06808006979327617
2024-11-22,0.03506579805472397,0.028565022870476745,0.0316385448518289,0.009987629381827814,0.007787396730135078,0.008728563960980693,0.0460610969128568,0.03578375229144527,0.04528687039517913,0.012731359380066877,0.009552168378432684,0.011735591905747108,0.011937513525943246,0.011233306238934062,0.010339086543434196,0.008928002545141945,0.007883393867063777,0.007409950401237403,0.010171073769442164,0.008528276944181602,0.00861601480120876,0.07612350067393245,0.08435054401401855,0.07123793677996222
2024-11-25,0.03811679807604193,0.029488918694443863,0.03628078930223882,0.010077107999958078,0.007848745618975214,0.008609330110454167,0.04599647272442056,0.035809485260066554,0.04309666735882215,0.014267662993724966,0.010289266172266404,0.014635420108683754,0.011935771409540214,0.011146393652600851,0.009836661630053178,0.008931179587101101,0.00781209826730144,0.0070760022274202255,0.011764886419352454,0.0091163221847842,0.011503588742300407,0.07636722396429547,0.08435467559179251,0.06855554365639938
2024-11-26,0.03803536445195642,0.02922902873829344,0.03518427526073289,0.009961097080707745,0.007577976815073961,0.008189208566826586,0.04660373127078764,0.03541639680535969,0.042430112713320055,0.01397627371805157,0.010267737975046643,0.013949622119509592,0.011815348075483748,0.010363275678016403,0.00945061349572777,0.008970878432098723,0.007294082440829103,0.0068227278164066,0.011806738107453202,0.008854352951528264,0.011067598079732417,0.07649013530574143,0.06827755375493577,0.06559295517866601
2024-11-27,0.038442528669790026,0.02959464899454219,0.03505521762522328,0.009982274287227786,0.007595349531376954,0.007970770122040519,0.050697180438819954,0.03749304615098472,0.04895897954346649,0.013895887820823283,0.010268957182810953,0.013298745185154934,0.011827551518076544,0.010422644868839778,0.00941078698439086,0.008971019204262623,0.007303247808702259,0.006655059422353621,0.011885049949473994,0.008730781071207979,0.010672199570365398,0.0750306862839698,0.06814206593675601,0.0625134202498711
2024-11-29,0.0370598114922014,0.02917718678360241,0.033411039874386476,0.009526775244955626,0.007564145819098589,0.007625534715703303,0.04822139901991026,0.037151019463088276,0.04671733497152218,0.013773161422087243,0.010272576389921765,0.012942110024897053,0.010195129886613601,0.010463092845268952,0.009293461499987173,0.007489025102169269,0.007310283000464175,0.0064940877006157555,0.01208125683591231,0.008810513980722821,0.010480727164176275,0.06588597931834873,0.06783443383819518,0.060149753132666746
2024-12-02,0.03722796119018027,0.028655112408259138,0.032811948552067934,0.00962087186036399,0.007439470756408586,0.00746039930272488,0.04870196152976793,0.03624854394683764,0.0455369756553183,0.013858532247756884,0.010292726723245925,0.012615716218540723,0.010309708321526495,0.009832829135945841,0.009301160778140511,0.007486629906891064,0.0068977292779757084,0.006177140077479321,0.011543510407030026,0.008819882996999807,0.009969193673864798,0.06552440067419919,0.06569780882832031,0.05721704531815008
2024-12-03,0.036744174979304337,0.028386859822287565,0.031316582553404394,0.009472345840215866,0.007348584493252969,0.007204879447950621,0.04807733328806516,0.03619176328646153,0.04366300789886009,0.01386617954725222,0.010284872886174303,0.01202315473884457,0.01022060729790163,0.009736738723412838,0.00885103718079008,0.007417930272220888,0.0067914847949197945,0.0058904702157404005,0.011301887149974238,0.0088514902025902,0.010055613435367707,0.06538284551009567,0.06363379550493856,0.05453261086073829
2024-12-04,0.03681791357829354,0.02850673897552854,0.030369997800258366,0.00937776368533531,0.007363925963915044,0.007014102696766692,0.049005892050264975,0.03686766791835679,0.04426360379637157,0.01387895894271993,0.01027851766130452,0.011478481710824292,0.010201457074926654,0.00978313687789703,0.00894994950487766,0.007147502409814988,0.006807770537423629,0.005763872832586554,0.011483178693063714,0.00892171491291937,0.009968376757342273,0.06489922700895118,0.06363548253886094,0.052397225340097435
2024-12-05,0.03349732869085293,0.02872737407310664,0.03055543673229511,0.005785726218877078,0.007415035439820857,0.007029996419236462,0.04269014582683381,0.03674026894565042,0.04266103840763714,0.012228346758623571,0.010329526982951462,0.011148066260243127,0.008549285116790846,0.009463689772930625,0.008703493702976597,0.004920461831719996,0.0067293062177569505,0.005600238043243018,0.009348952195463101,0.008929824447389758,0.009482221485718296,0.04776563161724238,0.06299854504558976,0.050122979934678846
2024-12-06,0.033810270458289035,0.02891558040676846,0.03014415855282194,0.005879070874821813,0.007413606908639745,0.0068549620317940796,0.04204601343201737,0.03717547196422162,0.04219040211006235,0.011595044084768623,0.010092182800201584,0.010608224014111965,0.00808047407970551,0.00945200112956409,0.00849210756112886,0.004687517985543767,0.006669214557218663,0.0053269923959443025,0.009041202131833554,0.008920899827548182,0.009022591386899976,0.04723862037429472,0.06325207294846767,0.049782813347875786
2024-12-09,0.03567113393826899,0.029190598789527105,0.03210938601674186,0.0058873300246870775,0.007415506520329288,0.006748284594606392,0.045981127413833235,0.038400755940391995,0.0481042809057389,0.011779398794505905,0.010091804139200546,0.010570418262055818,0.008331040155009973,0.009526459249391427,0.008736706626209064,0.004813237043052239,0.006704536491992425,0.0054817896000818635,0.008986314332702822,0.008974667189241909,0.009246168262481045,0.05409825828145907,0.06483332588382966,0.060498508921181554
2024-12-10,0.02865019413713608,0.029087259724799388,0.030816430915387303,0.005767359014375289,0.007411551886490321,0.0065158218351123506,0.04495064478160763,0.03852668299347487,0.046722562937667654,0.01082237031329143,0.010222662198629455,0.010757947573066792,0.008380017776826674,0.009516453339858805,0.008480925545299622,0.004880599499525484,0.006728508092909921,0.0053685566851055366,0.008981102134383396,0.008887264706037063,0.00896807324802809,0.05409314964622464,0.06466522980253077,0.05754672123448855
2024-12-11,0.029856126475158926,0.029286153359398426,0.03192150298983415,0.005474415746500759,0.007425454845350349,0.006259035243322449,0.04519625230035893,0.03901171884731182,0.04695287331216076,0.010700286572157717,0.010251211328687665,0.010503390597419839,0.009190846968294983,0.009743098715011464,0.009431417729110653,0.005074670522664593,0.006779801846852222,0.005524629107318261,0.008544042543434077,0.008939064865145334,0.00904823975743329,0.054765293709872986,0.06477030734789187,0.05608102886250121
2024-12-12,0.029699831373593614,0.02932488210320741,0.030938730851963338,0.005605970188442441,0.007453136136784301,0.0061429898315695204,0.04480942939484608,0.03901474769887549,0.044672055303879195,0.011023090600812122,0.010389517204005595,0.011237489884169297,0.00934966908509173,0.009770118616687798,0.009432586712394182,0.005251816196332714,0.006809153704444824,0.005613010194747345,0.00873539695151412,0.008933895707060319,0.009306619061863112,0.05406003654108898,0.06468380692022163,0.054138947265593956
2024-12-13,0.02795313208846597,0.029284318196105587,0.02951481133449061,0.005512453654781866,0.007307744152604134,0.005861282688406356,0.043120711848236695,0.038764946209770196,0.04250062135331707,0.011430454005436737,0.010340339242200838,0.011371393464017773,0.009231582152837403,0.009309583555312733,0.009115855968131198,0.004990678589915315,0.006489070476512705,0.005347052759424587,0.008994496057269295,0.00900458438642377,0.009232084475942889,0.053889781948852127,0.06329531741351023,0.05151989642359055
2024-12-16,0.026799293916066266,0.029306541041307036,0.02821094639023163,0.005305451300496808,0.00731837571531226,0.005596400826649569,0.043126051113495475,0.03852301147422499,0.04042701331509703,0.011404214477697088,0.01021738235365611,0.010850372723883684,0.0073337110368479445,0.009442024451648427,0.009347030317692007,0.0038485916087827267,0.006492293095132234,0.005199675332201296,0.008991529818791958,0.009016419244228984,0.008927126732297763,0.047363904879193036,0.06382478850686762,0.0529913496858982
2024-12-17,0.026836154087410212,0.029273633614018354,0.026921824255457447,0.00551847442720451,0.007375377859421406,0.005581625625615886,0.04327631008895167,0.03863306668440378,0.039875711983896306,0.010710398809903475,0.010228260418573814,0.010379927508050432,0.007534647545912038,0.009476263550946785,0.009237059104310883,0.00402214354113433,0.0065245354742537965,0.005182725416033338,0.008998023500759383,0.009028394246955883,0.008587924434294973,0.05028741571837158,0.06461124305102627,0.05550621639905518
2024-12-18,0.030243147268109852,0.03042739679207838,0.03223989163837378,0.008044493000841183,0.008133905541948525,0.009142363608663785,0.04591425076867443,0.039782876200283444,0.04420631972382523,0.011387687231442727,0.010363060053863622,0.011362290358063932,0.011562855049307973,0.010651349466510208,0.014716385706402178,0.008004737200676905,0.007635240017405203,0.010381481264228028,0.009370814687505032,0.009144152725490774,0.008824024587362663,0.17274761185384085,0.11501290537252841,0.2260730015488454
2024-12-19,0.030563500440766955,0.03054349518970908,0.03171648136643847,0.007991526685507776,0.008078083528960823,0.008797817506558635,0.04784115802714816,0.04030293859004318,0.04516854566467515,0.011301800498211972,0.010364943162879467,0.01086539885255068,0.011628999760992268,0.010675381415816507,0.014045839976815966,0.008003281058427257,0.007627936086201631,0.009894029358492486,0.00991981537372799,0.009273103018666243,0.009219001226089478,0.17656125897263497,0.11646975752251267,0.22396148562730359
2024-12-20,0.028825838712176574,0.030352278220444392,0.030191211529290017,0.008122452844796482,0.008195998707723763,0.009602782154796543,0.04313839530884682,0.0402740239074313,0.043468609976343275,0.011401917661040326,0.010435386945936197,0.01098627601939645,0.01174210096063679,0.01068914178994786,0.01367650849795203,0.00838166465138945,0.00775961849178229,0.010333764086070682,0.010033891989945202,0.009306772713314669,0.009212801778665345,0.1861572068656937,0.12087134273564451,0.23117237586850073
2024-12-23,0.028794928138784218,0.03037560048969563,0.028737968744778877,0.007750551353072271,0.008188082180895557,0.009167663311217754,0.04402820556733411,0.04050152817129839,0.04361012057105499,0.010954227135313094,0.010403520544182691,0.010517479946995575,0.01188950780782305,0.01071199097319247,0.01333918384774002,0.008462584706911426,0.007785262571592279,0.010040432290580542,0.010203123293066274,0.00931715202969668,0.008971332996392108,0.18583329928160428,0.12083231945900434,0.22273665143162802
2024-12-24,0.028015578835150177,0.03026595750650726,0.0302849563058324,0.007640198496409349,0.008254399981584962,0.009221302017827527,0.0441612841299868,0.04044740094628307,0.0419979938704095,0.008815941832611512,0.010356828194370693,0.010048383652026148,0.012175629182991107,0.01082754124768622,0.01325024376999484,0.008789006345767422,0.007889051785655294,0.010136473998744368,0.008110795907594009,0.009339451310573996,0.008837298926343043,0.18916656828402384,0.12246382055055721,0.2179765083502048
2024-12-26,0.029128208839018413,0.03016532634772791,0.03102543621674226,0.007605291798672326,0.008236386461251197,0.008796942798901489,0.04512902444286141,0.04014058279300404,0.042584465492658506,0.008941538035781732,0.010303374358939184,0.009827428478186297,0.012173362560457132,0.01064183817151277,0.012631036253204742,0.00871917035303419,0.00778384777667083,0.009645056399511688,0.008110409001347877,0.009269226944468084,0.008429801923611705,0.18889702719800422,0.12098357893499823,0.20750648322699725
2024-12-27,0.027688120966149154,0.03029427155798124,0.029919128863142748,0.007714039671599965,0.008300013281294165,0.008631385070534318,0.03898782855716066,0.03983060106324674,0.04050801022561932,0.009056378709384402,0.010340009841037594,0.009566566147150493,0.012464065107170522,0.010815995527807288,0.01284829255221147,0.009023950665779684,0.00792513175644882,0.009791102155842711,0.007924917582022831,0.009266455977923636,0.008201671177040336,0.18945290421240715,0.12140696420137741,0.19869305036112656
2024-12-30,0.02732284795454104,0.030359768604705864,0.028542533870156123,0.007721268373711367,0.008381040749085753,0.00862626601217213,0.038975559876690845,0.03980504373766872,0.03854951037002964,0.008819521059739419,0.01034689152770627,0.009129021733457815,0.012789995975917056,0.010979074843338663,0.01289743336804976,0.009231887043906813,0.008074901858986513,0.009901120941718784,0.007738859395040926,0.009293481376887758,0.008482068408799328,0.18952128337327814,0.1214868225858938,0.19039923695803612
2024-12-31,0.0272835260261733,0.030295746180912474,0.02736572128724558,0.007732955579064895,0.0083182758736113,0.008213862381813769,0.03881862825325528,0.03972002125869805,0.036706050010243865,0.008760964907686733,0.010378260771643387,0.008951838121196544,0.012714039088048662,0.010958690969090404,0.012478312024093875,0.009225471960690965,0.008017159586920248,0.009443802341001343,0.007647907857613708,0.009198066767437018,0.008132311700343085,0.18942966706713266,0.12118403668762648,0.18125527092384727
2025-01-02,0.02797650340970815,0.03033570777858766,0.027358384718462827,0.007738808049792217,0.008249954710969494,0.007841743924300575,0.03940267687902312,0.03981864591685146,0.03616243952374141,0.009283855398522686,0.010518743011832298,0.009486998040732142,0.012694938180788862,0.010859502392216796,0.011869624314128769,0.009219772769606302,0.007929440963127112,0.008987131816080208,0.007660290612512111,0.009175278644070509,0.007882660010167651,0.18930637413595308,0.11907496833119233,0.17246113752655073
2025-01-03,0.027314413242730172,0.030324799731880764,0.026263245950898594,0.007813973806523376,0.008302899338465192,0.008033560454372377,0.03822121762732209,0.0401455517882699,0.036819882971979356,0.009436332725824784,0.010524889599315359,0.009412282899987478,0.012937405012168841,0.010892072232325998,0.012528881896509384,0.009593427702495057,0.007996736770939736,0.009548704585255547,0.0069641012021269605,0.009171738163916891,0.007509565266659824,0.19146938952616077,0.1195936463122025,0.16804074196416968
2025-01-06,0.028201903340344118,0.03029634677467621,0.027271852182080614,0.007809152239662394,0.008203659587870614,0.007646959343223349,0.03833822511560515,0.039901263126210985,0.03515065218186107,0.009288340724174653,0.010501070455539425,0.008962881642414695,0.013184151270858108,0.010940445734944883,0.01240582080157105,0.009713320731479414,0.007982569454152827,0.009262913366635268,0.006842923652130866,0.009162969393657053,0.007183454845676688,0.19154310314192105,0.11954398716024221,0.1598994734776614
2025-01-07,0.029409230336638247,0.03118326238886826,0.030927280837986147,0.007817481103857583,0.008222141710789187,0.007340126410227247,0.04068448682748352,0.04153871136867562,0.04289703059348174,0.009370330208490478,0.010483672046927043,0.008690213907487126,0.01362621204611846,0.011208082236102075,0.013112155797650862,0.00997078899034402,0.008124384216150233,0.009478244951787071,0.00691529960798609,0.009249261847493594,0.007361559139476936,0.19157764903860955,0.12037907517409192,0.15524405902601163
2025-01-08,0.02853206342325749,0.031137066051420994,0.02999662762795184,0.007851947841609835,0.008131556431925244,0.0070454118215695,0.03778570903290306,0.041562626057438816,0.04101544263020112,0.00917800629770304,0.010411131860576975,0.008388537675795314,0.013530830679771717,0.011207990099424046,0.01247474250479156,0.00994902554455437,0.00809300499487947,0.00904146778702425,0.006934707969288304,0.009247963784847076,0.007122518482995387,0.1907763154242775,0.1203395227792664,0.1478469494408869
2025-01-10,0.029041375463134195,0.03067597026483918,0.029567291590617446,0.008450270077046448,0.008359416131916103,0.008082289031173395,0.03769884664598367,0.040806077751675975,0.03941991320683828,0.008941080794911972,0.010479953453793626,0.008382780670491875,0.013940941984456542,0.011361921837720742,0.012706528001435218,0.010440400030953369,0.008273654559876442,0.009669430904988398,0.0069589826490965906,0.009270582509876439,0.006880626217421477,0.19147971557335317,0.12091106699975776,0.14314830203490667
2025-01-13,0.02691579779785582,0.03066017930447137,0.028124343309825505,0.008819772092096098,0.008381344276393381,0.008376143878357441,0.03610733953563848,0.04115883438228265,0.039195453481167195,0.00890466969582953,0.010553404795372366,0.008728339634717485,0.013203752078307159,0.011228047060035546,0.01209160443688943,0.010237182610405847,0.008212956681825421,0.009259045223721016,0.006883881286267602,0.009101358952684038,0.006593790073319617,0.19107311709301802,0.12082183371283046,0.13673542027507143
2025-01-14,0.02732376393519263,0.03072534932573853,0.027468396655556775,0.00893374936162586,0.008352002992196022,0.008205035101226997,0.03668545360531725,0.04128904259643934,0.038644582699121674,0.008396756563155593,0.010555426652892734,0.008413884695305766,0.013167438117444731,0.011229642057765261,0.011506997594590803,0.010234544516779145,0.00819607824388239,0.008854207844127162,0.006591145899253541,0.009070021684705495,0.0062810577170755045,0.19148340332166094,0.120662587955443,0.1307564299275029
2025-01-15,0.028718686374806852,0.031036054476559022,0.02858651538356914,0.009817743903010245,0.008614051792649116,0.009398877894055468,0.040382165931752256,0.0421816138665885,0.04280038601864004,0.008049123023142847,0.010571509002141577,0.008227989680541862,0.014164155248452827,0.011597448550897583,0.013290553195732,0.011155969188785114,0.008522808383401834,0.010276735417544659,0.007775711095542301,0.00919594714117636,0.008460338332882024,0.1949836610650537,0.12202686899396287,0.1327263500147269
2025-01-16,0.02852441497030414,0.031067414329678078,0.027503517238071665,0.009812788345962328,0.00861621767533658,0.008972179152778105,0.04118328015349096,0.04256708810769213,0.04297621196110967,0.008153935853459877,0.01051953149495434,0.007979193285937868,0.013729873597004996,0.011618201997199441,0.012834878062474882,0.011095749746587981,0.008515668623595256,0.009802292722082573,0.007783266018281316,0.009209864992612954,0.008136515173339567,0.19474921529373154,0.12181959288389774,0.1265495596561915
2025-01-17,0.030448286334047142,0.03125831679756619,0.029083268179628877,0.009880315838321298,0.008612944891194086,0.008790554525960514,0.04265340853662116,0.04276469304583208,0.0435589829817862,0.008208009547848526,0.010541901371473329,0.007922966592791791,0.01436142057187167,0.011803631872304307,0.013264554719150091,0.011337778422413652,0.008603799802956042,0.00977730894017242,0.007765116098466771,0.008959347283896186,0.007765265900687181,0.19462722359603563,0.12192785219574676,0.12101965090213511
2025-01-21,0.028192898439920847,0.03153156812593431,0.02924359392237855,0.008099666895950168,0.008752361503621095,0.008994508706164864,0.0396657296041142,0.04268761970086239,0.0415455242078111,0.007307088248938707,0.010640927388641213,0.008629984012261152,0.011832408446037309,0.01182061592509432,0.01269190346455779,0.00914109951304735,0.008674938362002206,0.009603715341183755,0.007677496056176706,0.009043576012604805,0.007881038571535739,0.09346613590272874,0.12216912931188902,0.11636678065220937
2025-01-22,0.028075277271593986,0.031669956595727695,0.02979829211805996,0.008094892856734034,0.008653493763597133,0.00855585145895444,0.03789361778586709,0.04243121551667273,0.040681348022048335,0.0073161421423803726,0.010541805183615664,0.008237492564600404,0.012044291377224979,0.011717728276654385,0.012523045426763418,0.009171430133153928,0.008601715844122651,0.009201418128162189,0.006980642438052348,0.009059446147555283,0.007705310526184749,0.09045077392857101,0.12196132505440477,0.11071615134668995
2025-01-23,0.02807341749197162,0.03158602506982556,0.028394902474781127,0.007917790443374276,0.008707267579287924,0.008395508107181534,0.03821817393580849,0.042536839531546584,0.03950048810164311,0.007163401566203795,0.010498880257175837,0.007950999548051623,0.011934511166093818,0.011686007577079202,0.011913441618970714,0.008904967428221791,0.008620456032677084,0.008803652559090653,0.007036606640551148,0.00905773597449311,0.007705334430124376,0.07433839966974083,0.12195762963394995,0.10531210685788983
2025-01-24,0.027947649875516446,0.031342964830554335,0.0270089996454215,0.007987587567074947,0.00867086383401543,0.008182630188484516,0.03728460450991288,0.04216839430186605,0.037771981431704814,0.00700440044385402,0.010525486536998845,0.007639190163375803,0.011869735597179708,0.011704525400789825,0.011609109182017904,0.008896048121682416,0.008633399551882647,0.00853764625675431,0.006843791823051869,0.009061882882914346,0.007489591962940263,0.0720132785037551,0.12168280471661094,0.10018975141648462
2025-01-27,0.02685779372343367,0.03126851493250379,0.026028914945582696,0.007923455922128737,0.008668540391725906,0.007886497831430127,0.03724419673205723,0.04221924373913676,0.036522353998950305,0.007618628106873299,0.010614300408299613,0.008310110113024557,0.013199252242852764,0.012341903105529293,0.014467890748764707,0.009193866358767072,0.008843659492279676,0.0094776677313925,0.007293487446760467,0.009199963023572351,0.00798126727269819,0.07765380198007554,0.124455460021246,0.11454451160364
2025-01-28,0.02532934746709683,0.031025425717857616,0.025123531923909738,0.007927752208907351,0.008649879208048846,0.007501569690203925,0.03642038560691095,0.042390505506856586,0.03622202925732663,0.0076879321171758296,0.010579353406805726,0.008176764692487962,0.01368874966321282,0.012422792853824749,0.014562308738939003,0.009398386608665354,0.008902659572193085,0.009336024815000912,0.007294177907480874,0.009196335303800405,0.007608514005512321,0.08048238008910641,0.12492319677384219,0.11285810406278435
2025-01-29,0.0249610445010556,0.03105976771677948,0.0245026096615412,0.00770886143979993,0.008656221056742089,0.00733704561498943,0.03648905868697917,0.042398682161251755,0.03467159962231604,0.007522413812717875,0.010565649685642716,0.007999408088642222,0.013368143474893672,0.0123795179697498,0.013869618151047118,0.009124942310543423,0.008915075794086194,0.009049595097142678,0.00704515097950997,0.009187365679343716,0.007288919148247766,0.07856019213804875,0.1247627264274824,0.1073561315249288
2025-01-30,0.024597667191325046,0.030689477847337145,0.02332207821649488,0.007190770911074102,0.008546018460868922,0.006989542686907576,0.037642739392801994,0.04198794246843997,0.03546220750042242,0.007886409321187652,0.010552349173486957,0.008608258770342513,0.0130265542497976,0.01190000510552246,0.013247865393420166,0.008724230858106669,0.00852503249723137,0.008719441826647377,0.006868150909634114,0.0092000617211105,0.0069991710214772655,0.07652151323322605,0.12362470944895501,0.10317798861174421
2025-01-31,0.025605297924614828,0.03084579789821591,0.023913743620017948,0.007523967028938776,0.008594147091916521,0.007317821544325234,0.037631508801603514,0.04199104110300698,0.033905885825461314,0.007867031497230682,0.010538039701973435,0.008194490076145226,0.012856234411128674,0.01187917500483406,0.012616874681997313,0.008783810501975636,0.008555289837665785,0.008522579094489014,0.006926052329462475,0.009062237235616943,0.0070238618828051096,0.0770215084253999,0.12350233883092772,0.09875116739919008
2025-02-03,0.026181740304174625,0.030966029762191576,0.024879346226388186,0.0074654706642622885,0.008562283460491614,0.007067111217837377,0.03720511209343359,0.04179557278636787,0.03225106790428542,0.007508277150771281,0.010556247235389126,0.007827621507229156,0.013003375740526584,0.011927473261360016,0.012267062962997052,0.008932304346166504,0.00860384304074558,0.008399412553651096,0.007129735301618931,0.008890774936929873,0.0071003898865151386,0.08235429429708133,0.12467077856174096,0.1016428932100652
2025-02-04,0.02789216246848131,0.03140383316033842,0.026920795037095265,0.0073532294348079875,0.008482870510191389,0.006741156402871183,0.03790842496276768,0.04248045923809094,0.0351657281799341,0.007209888774826401,0.010622741650802844,0.007711907217968598,0.012776661433924667,0.011919697957700655,0.012274061813473208,0.008633599358240792,0.00851264696343722,0.008250254179863858,0.0070944379820480075,0.008870424856518736,0.006784563384952206,0.08086411233160219,0.12475193156341628,0.10060260288962752
2025-02-05,0.027130605895290295,0.0295507849140327,0.026087059549641207,0.007412039955084453,0.0072347889839950935,0.0066403595792205936,0.038014593095029164,0.03958686818366501,0.03395907275570371,0.007128608203449596,0.009832032504168128,0.0073709342099381155,0.012558591141491344,0.011430842408754933,0.011728124045775223,0.008590947883168555,0.00791878451650554,0.007919190313731006,0.007783962168973069,0.008420107263392707,0.007944741818512116,0.0833131111173339,0.12224723002925121,0.0995810532099045
2025-02-06,0.023996645135914547,0.029559544513390764,0.02482393038892814,0.007355702689947419,0.007248405179185482,0.006478397926556637,0.03383208611489108,0.03915950835531526,0.03420070061749969,0.007277738864923843,0.009649055981215838,0.007294980968285493,0.011843885352611005,0.011277016761850731,0.011221589816745117,0.008120097392597187,0.007871410882766317,0.007573679073094567,0.0071715688716226704,0.008262203451273143,0.007612020304348939,0.0793513614376406,0.12192778261319276,0.09484659084783881
2025-02-07,0.02330234871192691,0.029568566718501187,0.023624967779786142,0.007834822894176318,0.007320170031916918,0.0069799315865023415,0.034114430848415964,0.039224205151519226,0.03324408491604822,0.007280552102706539,0.009596237974957227,0.006956023935936385,0.012254320775193046,0.01140493798267412,0.011496986302254378,0.008463301679651156,0.007948914721056648,0.007839243569332317,0.007441034634232701,0.008129900960659752,0.007705729236604717,0.08092275181203107,0.12213862261723735,0.0926153887280477
2025-02-10,0.02297476043811433,0.02671523581778555,0.022602310572620164,0.006598575090140311,0.007287264658032069,0.006716628056129137,0.034065011074892536,0.038568180561768056,0.03200456967438966,0.007770465239043086,0.009255610500760379,0.007795842140487905,0.01185504064815198,0.011504103383120278,0.011506691923091724,0.007630564936134675,0.007994402282160192,0.0077215174479249495,0.007261329049251387,0.00811613598820623,0.007453367319914772,0.07757976318731259,0.12232001016170428,0.08928893763057348
2025-02-11,0.023552482801437964,0.026810344018535853,0.02230872398707135,0.006462700553435943,0.007213142338344914,0.00642616907120499,0.03314638657456753,0.0383449977970903,0.031000848753653148,0.007290561721649748,0.009182911658342336,0.007816167651534619,0.011836472653107076,0.011506352176832373,0.011002634295168722,0.0076355199025999205,0.007982412551365874,0.007344628375412032,0.007497120107720306,0.00792693900146688,0.007435537461467639,0.07767894229385966,0.12228093916482953,0.0850308194340102
2025-02-12,0.023588470755766176,0.026703608016761395,0.02221127731882079,0.006688625580050137,0.007252692003703536,0.006415592748322479,0.03449950365663792,0.03880744534997908,0.033950953610797883,0.0073209093351053744,0.009049445545932044,0.007479793933394957,0.011819658874232674,0.011503755442149568,0.010466319426762741,0.007725414648734277,0.0079954498150262,0.007088627418712008,0.008234630356087834,0.008024934030192332,0.008218649137722245,0.07755562242809816,0.1220912844426738,0.08092591257780102
2025-02-13,0.022361868009544966,0.02626336074827549,0.021637576248204473,0.005947650541823135,0.007293521963108044,0.006548531654798117,0.031063187554501145,0.03850845236131316,0.033045276513342214,0.007398505097022532,0.00908433684736707,0.00736731624880388,0.011164485774708851,0.011595608281918664,0.010745531154850151,0.007031314971178939,0.008055121986626087,0.007405780217919591,0.00817328063274529,0.00828134651895746,0.009447830314124613,0.07187446276980601,0.1223059795652892,0.07842059305246653
2025-02-14,0.0222674926011897,0.025753932215209482,0.02072257951862874,0.006009983418485088,0.007250243932087922,0.006364106223897384,0.02988759181043746,0.038534472850940506,0.032003854371840806,0.008494970635455512,0.009336179028483535,0.009045029322573011,0.010974335098042381,0.011135496636752678,0.010238103842453114,0.00699662091584246,0.007862815175719342,0.007056992084957949,0.008211986661191172,0.008303225490795825,0.009093574891883473,0.07163983674301277,0.12131887796300829,0.07477147008671757
2025-02-18,0.019795045164759953,0.025759325503432254,0.019754561980933123,0.005844065168927362,0.007248468803142159,0.0060543468137221786,0.028228594695106694,0.038361594569608415,0.03155556906261834,0.008762396957469058,0.009265389081089178,0.009614871886219697,0.010436103838277122,0.011112553283964065,0.009738493162527876,0.006716453591139701,0.007855873722145305,0.006732359889911562,0.008723726857607743,0.008438536041837814,0.009482331265969075,0.071767550058207,0.12129078350715378,0.07243601226909892
2025-02-19,0.017719968880805792,0.025690658717889878,0.01902919143666164,0.005233626080633116,0.007234132661531126,0.005768027910760293,0.02830852047874912,0.03818142040591591,0.0305761392523829,0.008374979432262866,0.00922143577130332,0.009193456125023427,0.010393866534132318,0.011089545733530572,0.009285348259907903,0.006458357509709469,0.007849471610165661,0.006410411994497859,0.008509518059349986,0.008412297589935109,0.009028701477106913,0.07051408961589391,0.12116138841815798,0.06890720476900043
2025-02-20,0.01725788659698713,0.025646964034033437,0.018665228082664367,0.0056940824704082545,0.007342776637304943,0.006300596246306086,0.027823115262848055,0.03813741205262636,0.02921486019299929,0.008388911173329738,0.009209372392057732,0.008786820778469493,0.010108767332107617,0.011109829628657584,0.00904323255298763,0.006446992830820776,0.007874563693005633,0.006329499168685186,0.008436149589161807,0.008418747647887932,0.008660677140070372,0.0706949426735376,0.12105043914437615,0.06607797122185702
2025-02-21,0.018084749984980573,0.025281917481553187,0.01944610558043564,0.0064754986342701725,0.0075556724856364185,0.007860032715385795,0.02763804279342542,0.03643521254338832,0.02924103190438863,0.008375395441961257,0.00917459925516412,0.0084451797979224,0.011164674163112082,0.011459343392079551,0.010921678117303274,0.007407404833858715,0.0081745115454058,0.008110498777586574,0.00854244247523781,0.0085645274199498,0.008960723346561995,0.07902811333955416,0.12272893741107033,0.07965628331376831
2025-02-24,0.021251019082136502,0.026169957192213305,0.024199786567273993,0.006478873996683251,0.007450719135133736,0.007522430805278111,0.036386242580217866,0.03908800890359641,0.04253808749307607,0.00836235249881177,0.009068827910285817,0.008074467637510945,0.011394761765060192,0.011573060847013632,0.010928755271383412,0.007441051162490242,0.008189184418748741,0.0077978305783814456,0.00852335173103908,0.008572078422003545,0.00853390489143425,0.07908763156506046,0.12204348740376113,0.07618611974787914
2025-02-25,0.022084828800147106,0.0256119906936097,0.02429261382647509,0.006319871837206305,0.0073494432342744815,0.007331356899241375,0.03631994410505929,0.039045100427259304,0.04048204723454787,0.008619492192004436,0.008342466876139647,0.009092830058105208,0.009714536855847854,0.011695804880019312,0.010909468824888365,0.0068377181726298865,0.00820401673864,0.007506632622247958,0.0089390470124625,0.008196205898095612,0.009381983954818466,0.06532384604329403,0.12186714662658588,0.07248545721175152
2025-02-26,0.02435452220149652,0.02639100542333983,0.026554782904931625,0.006278094381230481,0.007352588466190799,0.007031337674356397,0.03817700626794735,0.03978967821623352,0.04169827362423412,0.008521741099526678,0.008342472100431262,0.008649051097803636,0.009095382462828715,0.011680374827829592,0.010488815680706996,0.006508687148220027,0.00817565671199298,0.0071657822561058855,0.008957121915024712,0.008215478986339491,0.008963585907498193,0.062159550484090276,0.12177954309092948,0.06978723153216716
2025-02-27,0.023512995734763214,0.025803191316346792,0.025627584981716134,0.006310637811937904,0.007367170072257753,0.006756398697636659,0.03785025513259111,0.03751869893087777,0.03970161931604257,0.009324295177603038,0.008625000206406675,0.00963982051241555,0.010934782401433172,0.012186859513664274,0.012608368610613135,0.007306668979541171,0.008421474587414483,0.008119504503770048,0.009154088187664043,0.00821819506587782,0.009088283609607289,0.06582664737863216,0.12238823032720142,0.07179757191707677
2025-02-28,0.02320051254308928,0.02569072187730459,0.024420809513114854,0.007124705546286553,0.007563943531301285,0.007965733679027585,0.03583107479605867,0.03765086833108105,0.037963480770298874,0.008971422111620359,0.008629114416574258,0.009352710025876792,0.011565480647145071,0.012306074358969354,0.013475478750309678,0.008118299438661188,0.008629283733547667,0.009490245731818924,0.00943070532364318,0.008263666468742109,0.009142510383758191,0.06736571150224525,0.12266620756602406,0.07405391366719812
2025-03-03,0.029122992258197238,0.02796935464080031,0.033144335977354,0.007590297442498057,0.0077701613148282046,0.008687302676965809,0.04597774125247024,0.04198164749314666,0.05345029830190817,0.009373748347997592,0.008664984398365837,0.009833114399646781,0.0124414425039104,0.01254187667975973,0.014063446387885713,0.008891455832996113,0.00891153358141989,0.010312754898573093,0.00919479614082446,0.008280255664194864,0.008705627374274674,0.07492369410095613,0.12409757079582065,0.08294609583278063
2025-03-04,0.027432455184347615,0.028032688574498064,0.032732712721325434,0.008183960571780767,0.00799321378700715,0.009213366250140605,0.04618385663027655,0.04204406540129573,0.052353879753224995,0.00947383878934123,0.008713725215455485,0.009666181314723478,0.012373021330560209,0.012537183414529173,0.013384433824467287,0.009120435995176413,0.009030564156047626,0.010201191958995045,0.009721055980674827,0.00835850049857838,0.00954593781892412,0.07005932557565822,0.12409306104471106,0.07890320117758118
2025-03-05,0.029085141955619523,0.028247315800998596,0.0348527758995763,0.008671677977177654,0.008091002767535034,0.009772925440227122,0.047212389698496844,0.041442716936888245,0.052904368789963144,0.009282445098484695,0.008712071689980921,0.009196885078370659,0.012420791090960627,0.012549269569044539,0.013766693789959917,0.0093589706818417,0.009107817721845723,0.010600641863435453,0.009969645109440779,0.00829672156762039,0.00956041927722759,0.06950902084650042,0.12455387180522388,0.08047115240939381
2025-03-06,0.02906397716709212,0.028125405443179128,0.03315238069886854,0.00864321594413472,0.008173795285112785,0.009694593826675887,0.04639501527830597,0.04146720879764522,0.05032953637813605,0.00931653642834319,0.008676324181550682,0.008965441438110424,0.013534910722480167,0.013019840861268929,0.015076386458931435,0.009926228422367064,0.009372880480908756,0.0111337289781874,0.00936274565378695,0.008298934571959907,0.009186094558981802,0.07038740861710238,0.12550123830001644,0.08389735583113637
2025-03-07,0.02965657671132941,0.028096586142136473,0.03262651750373626,0.008826239874836491,0.008206277134225864,0.009522732774781627,0.046297289302898656,0.04085863590251389,0.04794307058669652,0.009281366082088996,0.008675954316764708,0.00852829210892458,0.013617201023947716,0.01300078614892997,0.014820078587685494,0.010006223458483435,0.009403545742517434,0.010944699388469446,0.009397453009212521,0.00830216725040137,0.008812459012564793,0.07239084411477296,0.12553619149470116,0.08439537579448374
2025-03-10,0.029787013342366078,0.027881986991225738,0.031362707428418575,0.0096194060204239,0.008584313723845926,0.010694656004207008,0.04802843223816779,0.04099362625256354,0.04857451528673338,0.009528881833688696,0.008710931736917803,0.008606102101242775,0.01563275359625458,0.01386016614378971,0.01757951322956548,0.01129652293527021,0.00996444804349655,0.012663622539494867,0.009512354849964919,0.00834244247651648,0.008927329003237528,0.08124573221690043,0.1269970084385286,0.09520338169374121
2025-03-11,0.032996253640746286,0.028818359186219653,0.036049898565438575,0.009684653047887652,0.008685463037161613,0.010449018594775171,0.04893500212072004,0.041258860835489894,0.04938093864814056,0.009116567621226635,0.008679926764252955,0.008930098553297246,0.015130058569321354,0.01385846672930568,0.016784134798970046,0.01108255079002619,0.010004299860499452,0.012087389313334166,0.009651715388213371,0.008370412873851322,0.008855534113293496,0.08078267313564867,0.12715039620898688,0.09312435621004785
2025-03-12,0.033190266628167424,0.028185604662546868,0.03462910640274423,0.009576676750034308,0.0086835758050871,0.009962010454872725,0.049055403431394064,0.0404355815463695,0.04719202279869014,0.00911477427087253,0.008622810289480386,0.00855357687922258,0.015586451285812899,0.013726886539934154,0.016862592212526627,0.01123414616711394,0.009972286574624338,0.01193230063140869,0.00963482173967293,0.008317622180583625,0.008639874853763206,0.08581688613303438,0.12782406740057423,0.0970206837999037
2025-03-13,0.03285879603083373,0.028431479696292547,0.03397025735319023,0.009774030257562663,0.008794765370352649,0.009819550370100837,0.04605195424600467,0.040388572402644034,0.04491115928691798,0.00989186742197899,0.008622780844078646,0.009522849203608446,0.015790897297199617,0.013875531198359645,0.01650782154719851,0.01142667974747325,0.010081350455563609,0.0116723560326205,0.009139353477480834,0.008247586381905944,0.008652664325499668,0.08549813945290029,0.12781913801109887,0.09228583427813589
2025-03-14,0.03439303732637924,0.02877053859856698,0.03476229815487764,0.010429811148472745,0.009069934398698114,0.011254606316010612,0.04734127299801053,0.04057232677734274,0.044797617246911614,0.009691147836097579,0.008429922609637059,0.009089023053296548,0.016583665451821678,0.014226203680323606,0.018181244975208705,0.012312487068908098,0.01047593687397603,0.013551615696565239,0.008607667865853973,0.008167142655198493,0.008423344147848412,0.08984428282697973,0.1289427037060813,0.09687493196653124
2025-03-17,0.03467789309374439,0.02878719278529101,0.03365512575672744,0.010818210939233762,0.009160458720306424,0.011302279319862229,0.047443031289870735,0.04068916508094356,0.04400787517976917,0.008983967828671878,0.00844115424222163,0.008685282812417056,0.016660950360859537,0.014111997289770736,0.017546271763705486,0.012560797840802223,0.01051502925665726,0.013265173190937448,0.00859985880872597,0.008182716703253616,0.008146958214506023,0.09112482152025178,0.129110023768516,0.09412774702996148
2025-03-18,0.03471821118704025,0.02884944860944648,0.0323473497271962,0.010816407728089027,0.009160520629912954,0.010846289292800671,0.04773354824269992,0.040652744304096905,0.042101487915157,0.008625211755555877,0.008494318135171711,0.008672063175876751,0.016759815870862498,0.014247061683788146,0.017261001505200314,0.012564095371979625,0.010583734344392524,0.012912625323917633,0.00805736834422305,0.008178303736716472,0.007750413016390113,0.09142573224934578,0.1289430731448419,0.09123209345926699
2025-03-19,0.03684143086070469,0.028653411157349495,0.034551029422379975,0.011131954973631489,0.008618579972778413,0.010874490165588169,0.050772268115468124,0.04091158868145307,0.0460433814059977,0.008636557345623323,0.008012816663109388,0.008249483187825,0.01727650549953962,0.013654251478953822,0.017216260039236125,0.012938691904059725,0.010002830877729362,0.012933637778460095,0.008094984155553169,0.00802920409647384,0.007500173506510936,0.0942211982106857,0.08715232435903501,0.090764649483353
2025-03-20,0.03682065652165084,0.028744779346321716,0.034397298276838496,0.011027520987152723,0.008618424524229026,0.010344033022952642,0.050533181921347446,0.04059457297917981,0.0449290344371033,0.008660983436306467,0.00802782640519241,0.007993669655478455,0.017281073995092332,0.013650473570711454,0.016379979346486294,0.012939920410963814,0.010007778016285404,0.01231187562566426,0.008086336575733016,0.007761589349565993,0.007134992845131707,0.09432998892816229,0.08556847058176968,0.08633648279049566
2025-03-21,0.03669155882418796,0.028743567535280592,0.03271985083218254,0.010483116552144293,0.008463709183585652,0.009852132258621938,0.05054216282955949,0.04050011487804335,0.04274054811239181,0.008921878416036406,0.0080795858209135,0.008336671897245173,0.017001913096675446,0.013602384674916144,0.015671231179038816,0.012573769129406586,0.00987316036229772,0.01172300715473768,0.007867581687371889,0.00778173948080675,0.007099364689294994,0.08809470517280142,0.07974756997612678,0.08241495452326304
2025-03-24,0.03557916236988964,0.028817415157933804,0.03155687450913496,0.011038376519477372,0.008660451133114064,0.010376030573799006,0.047242381952111674,0.04038380184725018,0.04265192951275869,0.008963427383133552,0.008075848226540103,0.008180441404095101,0.017875215456246516,0.013856719984915836,0.01652804179164648,0.013391243287570454,0.010126419457360626,0.012557744804773053,0.008223719916882043,0.007805935934807794,0.007468694142292947,0.09037968358245227,0.07989260759300197,0.0827455688802619
2025-03-25,0.03507027960888019,0.02829292629186177,0.030019651843443136,0.010993956244442684,0.00858998516727508,0.009869704402511607,0.047262218511247824,0.040214875961767295,0.040574185899395356,0.008344101632353674,0.008079907099832575,0.007827223156081229,0.01780803717240403,0.01375414891999078,0.015799460404554225,0.013399034411408566,0.010019134267919018,0.011957727863834193,0.007171166807788733,0.007791539980704324,0.007106126790594846,0.09028419576576333,0.07738367173153844,0.07872163031743358
2025-03-26,0.033302960466431775,0.02793075895155648,0.028643725798507873,0.010988839017708902,0.008598902261778632,0.009479220198424659,0.04576614705049318,0.039976586835464005,0.039343749053725376,0.008365237504079213,0.00807016257080194,0.00748875920222527,0.01815698013936295,0.013934699597073457,0.016123216085336185,0.013594901704230992,0.010124255997444508,0.011997269831862513,0.007105524465520562,0.007843833081249736,0.0069933743426732215,0.09158822739205673,0.07773766126897225,0.07894935304157494
2025-03-27,0.03329641823447203,0.02784097535881986,0.027259740863652904,0.010967966088013257,0.00855563090396348,0.00906947227703617,0.04578628323113438,0.03997205423996207,0.03742802075843337,0.0077377690877493376,0.00810466302750356,0.00796159894015916,0.01720414623310527,0.01385880561208852,0.015405426775276376,0.01319491159969938,0.010047215467376221,0.011430598996520146,0.006989617262288903,0.007775071451649438,0.006672476116389191,0.08837853216716686,0.07711205074161326,0.07550313557174929
2025-03-28,0.03406208718217852,0.02813656834443005,0.027761769581292364,0.01096256264011505,0.008750726462796694,0.010063521001477123,0.04664629252684193,0.040420141629675374,0.03844596865833809,0.007461281248574873,0.008091308910049482,0.0077035811824918065,0.017527522852903835,0.0141499648444936,0.016476154965824257,0.013201587111465345,0.010265673723574537,0.012351255754485627,0.007154907262609505,0.007905456322873141,0.007822296641706215,0.09374718921938582,0.07885116444188392,0.08686727901861546
2025-03-31,0.02754014166719792,0.028117378000606146,0.026453070752067234,0.010945588458805765,0.008855889561066902,0.010230748871576191,0.033615697106013954,0.04047619456162589,0.03702937557560404,0.0075435004770376575,0.00821685095350915,0.008065940995683333,0.017013662800548123,0.014120747004098728,0.01571058326539236,0.012918722089857011,0.010304866862780456,0.012073932128645316,0.007462807993264353,0.007955972906752701,0.00800174713957308,0.08692450011578133,0.07889408359918869,0.08279585217331868
2025-04-01,0.028207984393039988,0.028214681227229393,0.027147630709921048,0.01045187830595818,0.008841643512088677,0.009731423179792352,0.03515695980849591,0.0407634702545055,0.03865733707296851,0.007563316232869082,0.008120033239715545,0.007897142523724669,0.017182148744343647,0.014172165742180698,0.015333855075912466,0.012740001229758869,0.010311934327708699,0.01156350954153503,0.007231752837272,0.008016537634799299,0.007951045490261,0.08680494845759099,0.07891094745762717,0.07950251748130116
2025-04-02,0.02797245965491001,0.028458965779493566,0.027629427321987813,0.010179528336534498,0.0088134270318919,0.009456345945829326,0.03637457445075363,0.040738054113820005,0.040321365455287916,0.007563582791701423,0.008001897469300155,0.007526960524460377,0.016961878159053576,0.014029881726267639,0.014866992042484114,0.012559481012396243,0.010209387649513521,0.01123199285221937,0.006974353984799459,0.008001041244424837,0.0075977591012735025,0.08543482533248532,0.07770300201788749,0.0759048144520114
2025-04-03,0.027959117989654593,0.02802097014994797,0.026434978648323948,0.013279581257871502,0.010197297825068969,0.014994713417860664,0.03644307692542584,0.040705449186510534,0.03879744400093923,0.0076225819800795356,0.008067169632293624,0.007713439794609266,0.01975533437985725,0.015463292597103133,0.02114103337500235,0.016178696834079447,0.0119453094775258,0.018163456403932333,0.006964934661974855,0.007982050545966997,0.00728570395142915,0.11977382632788562,0.09241429036695928,0.13733535200389468
2025-04-04,0.026623958182144393,0.027284786216779208,0.025324353305879427,0.017490684518092013,0.012314188237802321,0.020850995390254163,0.03597861511657481,0.039503799527370174,0.03694941853726153,0.009680711753930947,0.008734762311276283,0.010725417655819146,0.02346239114714927,0.017174648136610453,0.02620409957479101,0.020239197826227927,0.013978961476551019,0.023601777084450642,0.0072251697487267135,0.007910827771643732,0.0074488465948930665,0.16132919188241363,0.11175801491277898,0.19143739484827085
2025-04-07,0.025811612227029,0.02721712802240386,0.024413224386045283,0.017158660498272648,0.012347571473729843,0.01983521227379977,0.031662846136717784,0.03949423685523574,0.035227223501732484,0.010788160783714086,0.00924710904200175,0.012098823379069677,0.022326889992944927,0.017184357442784175,0.02528163449598364,0.019671727334754717,0.013970071681681854,0.022593756256918694,0.009863086164616367,0.008904041724052089,0.012166035874000709,0.15751345371862777,0.11171638509167972,0.18276712967931136
2025-04-08,0.02463884851353402,0.0274703382006954,0.025958874294455717,0.01710916767990278,0.012236261802693877,0.018867768661531698,0.032934861770230806,0.039837996358047946,0.03634288044805998,0.010563092576019197,0.00920399765928813,0.011721536463396286,0.022497961373732923,0.017215874328083434,0.0241595023205712,0.01980643252290364,0.01397631072226324,0.021572719264847145,0.010610853637663887,0.009216284122708043,0.012834956503927259,0.15752361775120627,0.11184746143993944,0.17407953333756818
2025-04-09,0.030713377994339104,0.029495735184601215,0.03560371067069753,0.02529276534589128,0.015992992899405523,0.0318228765713257,0.04488118636506213,0.04354758702806447,0.05537660711161737,0.013258986091374363,0.010138971487448618,0.01602817075898089,0.03597852454048617,0.02343413938099954,0.045674275126666955,0.0316343623132306,0.01969299809656856,0.04026835253300395,0.010644493936283255,0.009238593875965357,0.012449014205478936,0.1789487679159585,0.12202655528358027,0.21290054637929157
2025-04-10,0.03096941868138393,0.02974075714800876,0.03607436660220091,0.025783783274931946,0.01629902210738965,0.03121284604752796,0.0489399529804551,0.04459476967346914,0.059242715062031374,0.013730376035724157,0.010520617503509015,0.016626346028133267,0.03701058873217951,0.02403767711145457,0.045419375763950824,0.03299986553768456,0.020460482958769344,0.040604806830136626,0.012022209690493833,0.009938014169072583,0.014219189267308755,0.18338582168370596,0.12445927631954191,0.2086386833848818
2025-04-11,0.03170223905001487,0.02990033501981969,0.03698421775078149,0.02577146854018511,0.016282329929583655,0.03020638966627257,0.049066153356349666,0.04369464282226095,0.057333958030477354,0.014163848600520324,0.010711808304309657,0.01641393222354429,0.036820851015746704,0.02396480857570349,0.043670006930741086,0.03290481912660607,0.020454875638058735,0.03914576016355395,0.012113097895233137,0.009714277661334062,0.013815687900968137,0.18180263623127732,0.12338872929407134,0.20275845880131066
2025-04-14,0.031572632517490526,0.029913334628647908,0.03520222715373347,0.02576024461699618,0.016330686200235176,0.028880333733009394,0.04897423080423778,0.04357585917190205,0.0548279423119162,0.014325379073689101,0.010758643992793592,0.015998313528156782,0.036824481207080026,0.023980490237624167,0.041599853470333605,0.03293864797373221,0.02050568112471814,0.037382542279798564,0.012183809315951376,0.00974766837162511,0.013493133432329918,0.18716638547803874,0.12601966027528386,0.2044009589974602
2025-04-15,0.03140296102320234,0.02929969410366409,0.03386124833720459,0.025742035552556223,0.01629739329987472,0.027499355122734853,0.049192573818383406,0.04296927044005828,0.052511813070087586,0.014204068569573292,0.010709152586488328,0.015218036583197576,0.03665711921699154,0.023860571690422005,0.039570799950650944,0.03287298203102766,0.02045231263370625,0.035566089885261255,0.012224474091963103,0.009754971948930045,0.012944993907628382,0.1875792171116712,0.12593332429447598,0.1950238085438462
2025-04-16,0.029514716217905457,0.028806086338165508,0.03220875746157064,0.025856056311791584,0.016331620719736862,0.02663881023152732,0.046681236498178895,0.042864552476829326,0.04996345182835998,0.015650492710682216,0.011257823079391863,0.016709546794777257,0.03704374578294931,0.024114392450205267,0.038726321764113995,0.03305083559564759,0.02057590287338755,0.0344568122211296,0.012236018711739767,0.009714225012488004,0.012497767772396839,0.1858886722294103,0.1258241015040926,0.18646269364669188
2025-04-17,0.028508542912848246,0.028694864849417426,0.03068118847325676,0.025960513324652535,0.01638999655383335,0.02555831255091171,0.04608709910838091,0.042821562075113895,0.04755675146938374,0.01572733508456499,0.011298718940691626,0.016290033203931468,0.037050089917182116,0.024033311706129015,0.0368444196015806,0.03306660081090599,0.020556573563315073,0.03279712080149689,0.012337781443813001,0.009759913110778881,0.012128406953780113,0.1880013612261723,0.12663376100801688,0.18091991328647658
2025-04-21,0.028941538917079443,0.028922975638766297,0.02994213034133556,0.026389952833464174,0.016590591828486333,0.025180934942769222,0.046069101181326316,0.042549435652956845,0.045241626795006665,0.01649362430272791,0.011836299155321795,0.01717508135654541,0.03732506236149655,0.024191966495704566,0.0356787599507114,0.03338068496482966,0.020720612527039453,0.03186785973527098,0.012801946583585725,0.009972847100399859,0.012487238734958632,0.1887857922911961,0.12756295569704237,0.1761573742440589
2025-04-22,0.03204700132989347,0.03021069790730027,0.03377274902315402,0.027011163890410035,0.01701406620390612,0.025821674027502774,0.052197977434654,0.04531320385632166,0.055255672311425454,0.01696812412106356,0.012053757412776664,0.017729825122330796,0.037497714533946534,0.024484565471113415,0.03519029563792005,0.03371001892495603,0.02104700708707921,0.03165356963499939,0.012780275591569579,0.009982040651284834,0.012163499131970373,0.1888919366505848,0.1283954279860435,0.17164821128514504
2025-04-23,0.03201174340751,0.030199923578025978,0.032276507588989624,0.027178672830284054,0.017050787314845734,0.024845062091933896,0.05238013974183519,0.045433972830786776,0.052721882023856526,0.018240240571567624,0.012437533424324491,0.019200665691086406,0.03792526642770492,0.02444701880965329,0.03426885569054704,0.03396133234166939,0.02110744221363832,0.030533953981690024,0.01302724916918115,0.009943893645406347,0.012121675920508295,0.19011500095964073,0.1265477758936063,0.1652711094331645
2025-04-24,0.03185381737883081,0.03018152277552241,0.030835432346703787,0.027414231495555667,0.017145016274907655,0.02399215268687986,0.05204297563567475,0.04531790558339209,0.050676937342479245,0.01832816953518035,0.012505165194890411,0.018559323090871507,0.0383835553740041,0.024659896546920444,0.033633541244583606,0.03430692870135951,0.02127015669410635,0.029712222622046012,0.013210527501552443,0.010035060247001933,0.012055137315576161,0.1915963739605329,0.12638011917383496,0.15891754851005788
2025-04-25,0.031827218849374596,0.030053883040384685,0.029344089112267133,0.027419584996588003,0.017145882461661714,0.0228212346759763,0.05203574555684269,0.04530499455287084,0.048207909063153614,0.018561726962083133,0.012604441487393005,0.018258857448940808,0.038462266482864355,0.024713948475706148,0.032080489524873704,0.03435922656604362,0.021295142285333832,0.028302153419016884,0.013301527795607488,0.010072384914973455,0.011681448806434845,0.19279512025017514,0.12676845865177863,0.15230593706025686
2025-04-28,0.03030121772591185,0.030072708546115785,0.027918885631799468,0.027209978111287378,0.01714315979443213,0.021723375884201344,0.05026473235213741,0.04486926600711686,0.04587206434555575,0.01868920113796124,0.012590344962379226,0.017685073033818905,0.037971236926597235,0.024703546465172012,0.030542191155180323,0.03406024224520466,0.021278761040060833,0.026929740812698538,0.01299991862703527,0.010092178107020705,0.011239970941419736,0.1904639731278528,0.1265425731005787,0.14497385435353916
2025-04-29,0.030530808872448002,0.029940473845489087,0.02713253867194605,0.02715239366486132,0.017162717084950777,0.020761339371898876,0.050280989082874296,0.04478785543301603,0.043682956498188104,0.01878927337602831,0.012698271640905874,0.017339299904700813,0.0379903884255022,0.024725016393212847,0.02906569910504817,0.03405614739497509,0.021294359566402382,0.025641168835127744,0.012943802723856621,0.010101085039713726,0.010907815952077314,0.19096802670713062,0.12669923415568343,0.13830247292815723
2025-04-30,0.03022133102638569,0.029543548028894497,0.025991333006012394,0.0271683566052705,0.0171703561779857,0.019753431112896815,0.04947624185557703,0.04476324606822396,0.041648210345021086,0.018908849146709716,0.012764138191485535,0.016786270681216214,0.037958569113332126,0.024709418794500213,0.027673147210957098,0.034050194001818176,0.02128229837973151,0.0244007095861332,0.012882119823543665,0.01011522587831616,0.010802157537196226,0.1906985477146671,0.12573200326248402,0.13184405041622557
2025-05-01,0.02881127349822402,0.029334150457546813,0.02517783704059124,0.02713440642568619,0.01716964831275994,0.01879311881102575,0.047470622010716224,0.04454446043380542,0.04006091446159131,0.019638224646723663,0.013080889329338189,0.01736611036732972,0.03803102293754769,0.024716839339130638,0.02647985162635171,0.034058079135801105,0.021284672944441498,0.023248890191745867,0.012913045612186235,0.010133535853435278,0.01043302367173426,0.19063179151935705,0.12522380491298177,0.12540875822157832
2025-05-02,0.02884560211310158,0.029277085614970562,0.024008404002791087,0.025750072384853953,0.01724702846455553,0.018254401445572745,0.04748321529549847,0.0444393817405408,0.03814204515532054,0.01955224299120009,0.013070211963883157,0.01652949066520375,0.03585868337807518,0.024792364544763083,0.025383036527767435,0.03213875796143604,0.021373279877052124,0.022398335427206626,0.013005281965140501,0.010004804799349305,0.010480399675408713,0.1702091439905368,0.12515215569954138,0.12133276148260215
2025-05-05,0.028884605859564642,0.02927847505490323,0.02288269346650026,0.022220876667592343,0.01724576692809298,0.017417911643315367,0.047450012457027624,0.044284890961552345,0.036281061003675515,0.019515710462785545,0.013535989366961898,0.01812375892593883,0.0323848265938079,0.024787309798455514,0.024383861398767533,0.02879372896371103,0.021375158611509616,0.02151237725863549,0.012661390282277486,0.010029070846300444,0.01007684638081339,0.1216405419962791,0.12514260644863978,0.11653950331808004
2025-05-06,0.0289721824614781,0.029389597048409388,0.022101291322343154,0.022228144507438725,0.0172480408230818,0.01695729723259598,0.047249610329671426,0.04420847761091064,0.034625318486671296,0.019139222031399807,0.013926220549219149,0.018840472243233035,0.0325865017059647,0.02476494320833854,0.02355344012812525,0.028922717536891993,0.021370230688112703,0.020757153535183995,0.010960308290927909,0.010006254202142224,0.009679879769104923,0.12194083868548346,0.1250273986094158,0.11202320638782984
2025-05-07,0.026676504345415273,0.029372591406708167,0.021152813304041163,0.022052982016814323,0.01726789595878624,0.01622320762535915,0.045071698570370466,0.04415545302879775,0.0330202181024761,0.019778391223014544,0.013997389269775264,0.018923610475376287,0.03206947815167359,0.0247137215009115,0.022405458222112828,0.028494939923769277,0.021356987874230092,0.019754036728149363,0.010186727585973658,0.010014186239533832,0.009328019575067386,0.11763277998404585,0.12506616477088875,0.10751906967110585
2025-05-08,0.0243798118748795,0.030327541137195498,0.025980162511463997,0.013603954109814576,0.017290849070996914,0.015511502879096225,0.05905067125945244,0.05261263053233135,0.0713696157298262,0.019198469560847517,0.014268315089870297,0.019282607532443024,0.018339037046375115,0.02475776991430005,0.021422489099768,0.016611898414764598,0.02138057596492425,0.01884205782819058,0.010377143751714597,0.010084227129431895,0.009458858552715716,0.08948042524517771,0.12530040855461339,0.10296815455674875
2025-05-09,0.021892876864332368,0.03023337197198229,0.025251331766231032,0.012142593488382786,0.017283833867434914,0.014853261175789953,0.05472058284137585,0.052825505623258176,0.06882065356891835,0.018585019130462597,0.014281759335760024,0.01843543993667599,0.015016584313082912,0.024756955147740567,0.020420832217234786,0.012767477401187352,0.021378431915145966,0.01796343230955064,0.00826149107824375,0.009928583967820917,0.009036522684584826,0.07171081357563897,0.1253714623974144,0.09806519436281787
2025-05-12,0.02126551089013192,0.030229281729478676,0.02520724448977069,0.013197458320077586,0.017665584259910137,0.016304730402116913,0.055054961858001614,0.05275209007986349,0.06628324310834771,0.019365876322353523,0.014780009619975946,0.019706954692834032,0.016819265614702098,0.02526321426165515,0.0224493518614443,0.014040769374159727,0.02177517923996581,0.019424200989530894,0.008460482388253403,0.009764022671495171,0.00894902324474723,0.07691129165562792,0.12710341414939264,0.10354013936920028
2025-05-13,0.02126496038092974,0.03024790589992255,0.023990085334126252,0.013274184038486634,0.017678050088393175,0.01583391340120276,0.056272849059169926,0.053553914370489585,0.06467423807372667,0.019333526422239487,0.01462097485778479,0.01881636649859058,0.01695347016763453,0.025338596594251864,0.021499853284840897,0.013997362562805867,0.021794278120621097,0.01848031151962183,0.008321753067258809,0.009748688430056275,0.008538811455575475,0.06896281309362638,0.12705898711325794,0.09860443662751645
2025-05-14,0.021050261032748065,0.030262464172291635,0.023377070444807108,0.01323294520626763,0.017678679964453332,0.015150374944498253,0.05649862087270959,0.053547149878407134,0.06382304167956158,0.01989500029927505,0.014793787180798055,0.018921130485308548,0.0169125148353045,0.025349755618071082,0.020457048466261438,0.013917296714340364,0.02179108357388809,0.017622463013444563,0.008358685845777376,0.009669259436646432,0.00823937064180239,0.06971410487869055,0.127013282852467,0.09479570497951714
2025-05-15,0.021102854533038836,0.0302418103797542,0.02234203997131096,0.012453944981586012,0.01770419496041881,0.014469212558658233,0.05712812973734798,0.05359798758379488,0.06248589358775736,0.018754519374581693,0.014911502765241252,0.018845872638547954,0.01465244545915328,0.02535030369327891,0.019555442464076853,0.012410979476838389,0.021798918931364885,0.016762358818698114,0.008525441508592359,0.009738694631345591,0.008539895381929435,0.06526977939847703,0.12718297664484302,0.09043530379328636
2025-05-16,0.02134726680137702,0.03018606332484743,0.021506989205759233,0.011862675963127591,0.017699828798132557,0.01384340915145444,0.05727712433354791,0.053587689366949236,0.05988819995251827,0.018897030751004358,0.015016764447511674,0.018243730528993158,0.01455498129601806,0.025351945254271483,0.018617256558971226,0.012366276166158088,0.021809865065807343,0.015949161751233978,0.008360344911122444,0.009732359609152572,0.008215178360398544,0.06354459524612553,0.12728723626496355,0.0860909323429623
2025-05-19,0.021401834465982997,0.030040722957401015,0.02097356143030542,0.009666637424512221,0.0175682160095757,0.013167715951217025,0.05697277246175115,0.05347148277946068,0.05698947828705178,0.01763992506718115,0.015084859617250599,0.017915320322688777,0.012483155276492894,0.02520754540749138,0.017792576830415786,0.010267748376633135,0.021696585302035682,0.015219470388040862,0.007378988117439413,0.009602989327717262,0.007834766064862954,0.053747597848306974,0.1258150809017654,0.08493748306609325
2025-05-20,0.016493162695699375,0.02923700705734873,0.020011565503715346,0.008460374345082936,0.017570661391181523,0.012656161020286607,0.05316838414210841,0.051503335780437524,0.05452078967961975,0.018037266360077048,0.015235343724106959,0.017987219726866597,0.012135558316906124,0.025162843965473313,0.017163293701465476,0.009538541675956965,0.02169277726228284,0.014681415727074727,0.007445343843326101,0.009631683911150494,0.007669202538314184,0.05164702724864669,0.12573679688628425,0.0808834334450568
2025-05-21,0.017068160567165626,0.0290625732304092,0.020014035656796825,0.009838223363760236,0.017735907987316422,0.013772210739903515,0.053175739600759414,0.05149721958229491,0.051876456777907635,0.01728845071562878,0.015120290391949783,0.017206100695205704,0.012551489777492476,0.02517471001524886,0.017313493084947913,0.01052165749173555,0.021794330505414714,0.015309164490759058,0.007925778517289109,0.00957170057581158,0.008632300025908271,0.06405435123344501,0.1271500026748776,0.0920825541639986
2025-05-22,0.01716692490533002,0.02822837569592568,0.01926155691947355,0.009570185620837083,0.017729650614874356,0.013101573727073676,0.05295010980546562,0.050986064745275735,0.050094328733510884,0.01707793994625652,0.015188338057008042,0.01668422318525407,0.011455372455608133,0.025174040504016802,0.01647503487897912,0.009779258938076666,0.02179428829222671,0.014569898114801425,0.007574713507620145,0.009563691904010843,0.008597577431425602,0.06280076256758464,0.12719691822393137,0.08805097788091486
2025-05-23,0.020248645019172163,0.028820941222587767,0.02346049010056016,0.009736032928679446,0.017735973946811322,0.012625607616172194,0.05530098872401635,0.0514634312402277,0.052050565071175094,0.017613181577990453,0.015226457207651596,0.017086946616989625,0.011767700340191607,0.024936340207468516,0.016119188332488776,0.009982987863527117,0.021712954265088225,0.014102504440793718,0.0073057907669935385,0.009539391003537158,0.008269605689287049,0.06622150731499879,0.12710679929792906,0.08903328795282439
2025-05-27,0.02031235477303729,0.028821804282565044,0.02247303298139868,0.010381819568276785,0.01780064744298183,0.013166673130095405,0.055408081171798386,0.051468944409308416,0.0501901649720624,0.017755974818704237,0.015394873479279043,0.017315347108522137,0.012511784088010493,0.025035875605445485,0.016637185863199223,0.010760274832987951,0.0217858728421522,0.014676602463949273,0.007951662302523083,0.00958181799822598,0.0092224441943681,0.07366428555253492,0.12833339979829878,0.09710616266109631
2025-05-28,0.02044864534593768,0.026275013468465554,0.02183892455407008,0.01048651490519558,0.017720720321458588,0.012730341384088779,0.055307218959593826,0.04736327819836352,0.047782422429632654,0.017631622224109682,0.015343054668377007,0.016499371941808526,0.012679625052344408,0.024869307563435805,0.016033469887109204,0.01093802873584178,0.021676547381024196,0.014203211988650054,0.007585091831675977,0.009561377069379321,0.008846952340690032,0.07365252966623817,0.12675566460368753,0.09267552194685845
2025-05-29,0.021190382423036305,0.02647568530480689,0.02185380933926899,0.010485576307645968,0.017615516357154148,0.012115724716080677,0.055737745439167354,0.047479026042711855,0.04644116862235549,0.01759586749676489,0.015327584516346847,0.015773285211290632,0.012648479107674106,0.024863844842363363,0.015256227794105678,0.010922581916289855,0.021621354165325922,0.013521735881320569,0.007902322709007883,0.009541267874565381,0.008950618160890588,0.07330671722635414,0.12671259952937375,0.08815514550891762
2025-05-30,0.02109202861506179,0.026250190305275926,0.021331803547312227,0.010487345793889526,0.01755196820713471,0.011524779897405446,0.0571451008820424,0.047719986027977626,0.046593853993826775,0.01696997988796401,0.015369805592735708,0.015184202989477754,0.012553515424196781,0.0248167068328184,0.014582125616594705,0.010921593985784371,0.02158168531505952,0.012901727439102928,0.007890513942293257,0.009499155192981433,0.00852439604363351,0.07345141503765869,0.1264574437836181,0.08425460815669006
2025-06-02,0.021086958980033977,0.02620438020452583,0.020315462728138847,0.010111279911089174,0.01749933717068442,0.010964984128092943,0.05712724210273709,0.04770261976342282,0.04483108885083461,0.017898455590224665,0.015660012679427293,0.01644919109536693,0.012326594894385017,0.024549727190544036,0.01395753141313516,0.010573609343015352,0.021458118101875548,0.012322538938131443,0.007801376204149897,0.009558807264592292,0.008601850986390977,0.07175832699987102,0.12532287292001146,0.0801521524937138
2025-06-03,0.021127972820919057,0.025683679522638954,0.019350871590939425,0.010119828991232975,0.017498750299509862,0.01050367475017588,0.05729142517046083,0.047502698256795775,0.04282059861273217,0.016833551161409763,0.015727991624807133,0.016043936841591364,0.012156531474377728,0.024551682694271982,0.013348269625617528,0.010424816848863485,0.02145848882548927,0.011766217839094156,0.007736663106170847,0.009554369868574648,0.008188479800318445,0.07100846637785475,0.12515911030880497,0.07673833519229546
2025-06-04,0.02067042395997492,0.0254080307746402,0.018480013757375336,0.00981241342705568,0.017292911271942733,0.010070882620470782,0.05718059310027127,0.04621893845007781,0.04073077486843025,0.01562201700529555,0.01566643747172292,0.015324491653208695,0.011745400550462594,0.023976848394047054,0.012699437335368918,0.010118860688597972,0.021153958333753442,0.011225403961129378,0.00861235729035405,0.009697663266418497,0.009323471956240172,0.06966158840505984,0.12266163870313976,0.07301316643833185
2025-06-05,0.021756434488574426,0.024984959468382806,0.019554088282276116,0.009790788958107153,0.017228174152542824,0.009639607725843869,0.06053250806041894,0.04731011833796428,0.0456394422347948,0.015295158776687485,0.01565267349984331,0.014741357842227297,0.01206345931903463,0.024002564498867188,0.01253373564445615,0.010275495768259264,0.0211319530483098,0.010893526219338753,0.0085477086121712,0.009661431047846027,0.008868496180489486,0.0705734172927126,0.12275147738401335,0.07169523491933187
2025-06-06,0.01703168926610523,0.02515461749499682,0.020963168900644414,0.009920814933288202,0.017271482024706523,0.009600687459422904,0.03679486037775147,0.047342151036084926,0.04413789260965413,0.014932357081951947,0.01578345144186028,0.014728896883963368,0.012049376327766129,0.02399357286152288,0.012120691314617228,0.010371724081973786,0.021157419392029496,0.010681823211564166,0.008656479350004806,0.009764822791240491,0.009370663394663744,0.07258778993306633,0.12265242290482198,0.07321377367533766
2025-06-09,0.019850837053070083,0.025158920132958267,0.02392211684911594,0.009852586999655874,0.017184062429070807,0.009149946645113432,0.037239356647313634,0.04780304861228073,0.04654750705172291,0.01487993703217065,0.015654102951530136,0.014077998108973354,0.012013902030213347,0.023849039091784117,0.011540933930278174,0.010336073432800436,0.021068762859072672,0.010171458661225373,0.008651177086137133,0.009689117211383474,0.008925033558226386,0.07292467358331987,0.12266736643376233,0.07046816593975731
2025-06-10,0.019660898458194416,0.024862789828441353,0.022774501052434865,0.007614970860439545,0.017071381847537672,0.008711441847226109,0.03855526723962536,0.048045252727815124,0.04601518714717498,0.013313426900521669,0.015654284730123414,0.013391098750385765,0.008459715655717823,0.023684341764855673,0.011030168307875796,0.007614685985003583,0.020928163364103285,0.009727340672396383,0.008497937730660814,0.009700020512421723,0.008647816948293486,0.06375640445990151,0.12169905659446434,0.06703525272667507
2025-06-11,0.01963577000615271,0.024931864858536854,0.02224449403050387,0.007432957276457162,0.017034963979555763,0.008304194346377148,0.03530482342636657,0.04811228183383844,0.04445288040704451,0.013328524565196986,0.01565428004051769,0.012821717446360084,0.00800354993823656,0.023687530547647422,0.010687073631579483,0.007589194275572559,0.02091872127906197,0.009399330057011906,0.008467002401559072,0.009684199186897837,0.008269675451092123,0.0638919848973768,0.12145381703605876,0.06430622198909472
2025-06-12,0.020331707235549043,0.02509123268490487,0.022593575624480104,0.007395074547819909,0.017011081687901122,0.007900052955541106,0.03624736099149356,0.048581281300662464,0.04519674350236978,0.012412304998396058,0.015662471558466017,0.012671255786337458,0.007940375823498855,0.023556176797541042,0.010166120888470114,0.007613623370821381,0.020861407812648114,0.008957992956845915,0.008675981584924181,0.009817591893086852,0.008593309205579618,0.06449301250284539,0.12136163043691309,0.06305140546451612
2025-06-13,0.020326675922708093,0.02437648362758032,0.021511015677759253,0.008395424405585692,0.01713969869464005,0.00953714262757909,0.036363721436472346,0.048200198208774095,0.044014500702582074,0.012273359491117724,0.01572648000588973,0.012500507753076595,0.008537069071515847,0.023586407964080482,0.0107061572277579,0.008059343799462599,0.020887308361004678,0.009437898609452582,0.008815396126524629,0.009860250015707983,0.008842444504806568,0.07228565872422031,0.12237353904688122,0.07642890327972243
2025-06-16,0.020577927800319876,0.02396393910080488,0.020836057552409665,0.008405144959926125,0.017169507434757255,0.009418126335629572,0.03635431780009967,0.047884642962805896,0.0418796575963554,0.012423332890490253,0.01586227168298113,0.012993783010799372,0.009002836173455868,0.02362736740416964,0.01087397562827415,0.008208792757529832,0.02090834813293206,0.0093352692118928,0.009096939858505805,0.009932707224854563,0.008993595577856624,0.07462658380553121,0.12291285864880581,0.07814674290585093
2025-06-17,0.02096571345617077,0.02417105038771442,0.020761069290387128,0.008520734414855994,0.017199511156370494,0.009279887723992459,0.03634204128982302,0.04790288896395243,0.04001287194751945,0.012210153473844732,0.015809924401815008,0.012363002152069069,0.009333500660181085,0.023676224397088545,0.010977118312313301,0.008465896061008515,0.0209468539727068,0.00941251712459798,0.009483060346283547,0.010050328741841518,0.009368286413928301,0.07898881853422443,0.12386606469385905,0.08350049966640842
2025-06-18,0.020758602219269683,0.024115408196357168,0.019798011218489456,0.008508410636598697,0.01710565125952807,0.008828096026023925,0.03636510037952988,0.047748306908363895,0.038100363106902436,0.01169591459797601,0.01581685105646108,0.01193532233983041,0.00928799965446326,0.02353040905339566,0.010450614707899366,0.008423953348225053,0.020831773108075904,0.008958005173178765,0.009310398861749485,0.009973157650976304,0.008916486736811767,0.08091965448091179,0.12354941002026298,0.08332116817713145
2025-06-20,0.019623393994668788,0.024210855410983497,0.01915259029665437,0.007267317621283247,0.017105419741725334,0.008398490643707722,0.037604410874378755,0.04819173550600141,0.0387407812593365,0.011607108884287816,0.015816687321049013,0.011358168464973107,0.008707785993525534,0.02353483116116801,0.01006484318719387,0.0074239579384835315,0.020834894668926414,0.008571404912325822,0.008329298804723441,0.009974947795286451,0.008518527754960686,0.0735253165893738,0.12350658647496197,0.07939653063200859
2025-06-23,0.02210231204620651,0.02475952155072786,0.02327535106622747,0.007531179833791013,0.017140066587880785,0.008490591845109963,0.04146816640941617,0.04910753459050199,0.04594314828883693,0.011390920969809579,0.01581321689709449,0.010828510305077933,0.00893381107167461,0.02341771493839561,0.010003035870374058,0.007672215839646206,0.020799235098893823,0.008633623479091353,0.008296460598596915,0.00995219588340658,0.008143227405684674,0.07377643037418202,0.12341837846009585,0.07688506253565709
2025-06-24,0.020484169061668986,0.024758786492759075,0.0221520058890367,0.007722066027328341,0.01719968385286076,0.008747719693647172,0.039762160310196644,0.04908869377674389,0.043742474243063864,0.010916120879374281,0.01590341924759977,0.01144718904775606,0.00902279812487668,0.02346001146161037,0.01037331448029981,0.007677766001380046,0.020831843249631835,0.008716605906795552,0.008392613628508133,0.009992157744562833,0.007986354690252322,0.07465721637458954,0.12448826261040363,0.08204832711185321
2025-06-25,0.020699059247235783,0.024293175222912966,0.02129484693638049,0.006754855560055548,0.017044048471259836,0.008406221704883761,0.0389207768427953,0.04850209967489331,0.04191352779189277,0.010226106101990238,0.01588586480013226,0.010946902688320269,0.007623366945375573,0.023159432886608794,0.009867466590649049,0.006362985452946401,0.020639836617474507,0.008307093914908326,0.00789649540355849,0.009826436386609004,0.007596686917262496,0.0675642719248578,0.12300673883027695,0.07872927578283193
2025-06-26,0.02057056560635168,0.02431941076143432,0.020361370148048886,0.006827830767321713,0.017036979097684302,0.008354060711822249,0.03888074455927007,0.04851782748048059,0.039893647242444555,0.010213013830019295,0.015797615809941136,0.010415033433856597,0.007637807815352441,0.023172551078808383,0.0095879623806179,0.00626979961987506,0.020644879152885157,0.008087094499962266,0.007826359729536688,0.009761418385903492,0.007307989002051112,0.0673658117306567,0.12296845763774017,0.07488648498825105
2025-06-27,0.020031479523949222,0.024075269136311674,0.019371442078143015,0.00704405800481448,0.01707202642280814,0.008235343515925964,0.038662226149505985,0.04827998045063981,0.03794646741256033,0.01093529575929279,0.01598846253219451,0.011249191146972277,0.007637873344181887,0.023162516552543214,0.00911998065589845,0.006289061344040791,0.02064862360987868,0.007723968192522473,0.00781336239125599,0.009719098580677482,0.0073682786098920715,0.06740914691229188,0.12294865942632105,0.0712559158587951
2025-06-30,0.019877293117702265,0.023699845219322942,0.018895870092080862,0.0070969104848726886,0.017073194212181914,0.007891259903751094,0.03758151906265398,0.04754893994351792,0.03619203785548396,0.011191922393235002,0.01605190421048261,0.011511732090499922,0.007611397862092764,0.023160022530905777,0.008722194894970307,0.0062619250710076796,0.02064382099811117,0.007369441730816218,0.008063989700678077,0.009811999344058157,0.007500199987060827,0.06746085679670881,0.1229695974479869,0.06862850428364341
2025-07-01,0.020136868969929323,0.023818037342980748,0.018493612069081428,0.007286184730059853,0.016245698136531546,0.007752467490082348,0.03781239123424323,0.04783737615710587,0.03597100503103578,0.009587924824082727,0.016055912759339364,0.011332358016817801,0.007941236587896288,0.02200602910688282,0.00907114607429449,0.006248074505844927,0.0195296477076289,0.007083129768370807,0.007665314047135331,0.009797476065465684,0.007136890729682831,0.0674606365439454,0.11163913415863048,0.06539993428419638
2025-07-02,0.0211517878013845,0.02403286289893204,0.019808286790637262,0.00728415439375826,0.014489358774054899,0.007481863650273978,0.04087874603587175,0.0484717191137512,0.04017585803086948,0.009476568361651951,0.015732512907225046,0.01090010348264953,0.00791238201512635,0.02025340699418486,0.008728412040565226,0.006219271625173922,0.017805404620454015,0.006759215367598365,0.007848465576471297,0.009711651651283381,0.007227360712844246,0.06702064324169525,0.08903289232968092,0.06222830350421166
2025-07-03,0.021079958583435563,0.024012139314297753,0.01889443845558482,0.007282232362975605,0.014413891308297356,0.0072283908400959185,0.04088778563495842,0.04838284362172867,0.03822009893160799,0.009473374101967297,0.015476547111519771,0.010610444909856112,0.008091865835807564,0.020262291290276294,0.008553665178663981,0.006317251051643293,0.017799346781616935,0.0066017954066000875,0.007282293717568762,0.008952995428803918,0.00729075386428776,0.06709766721014988,0.0887985544628792,0.059254902907378657
2025-07-07,0.019823882639353186,0.02342948591665304,0.01830461775868815,0.007684570657232174,0.014427308048554511,0.007901001650431479,0.03692363849219256,0.047764843359180506,0.03670192609032702,0.009417473404530809,0.01547091193571478,0.010095403725011732,0.008092262166855916,0.020107326294974578,0.008806552671027331,0.006503371969992944,0.01767841330754341,0.007075999643021085,0.007623167634439464,0.00870327423323077,0.007545421847653241,0.06903571291671508,0.08819452506560062,0.0629968815240188
2025-07-08,0.01902437772873168,0.021131206952939775,0.01745505880406708,0.007563663385571809,0.010480302060407846,0.007744946638085654,0.037021660352093394,0.045035571422312244,0.0356724057088564,0.009220564179285651,0.014850033178056169,0.010107173342491742,0.007924043899927197,0.013268939233218766,0.00839898859056986,0.006264060457028457,0.011683278930345124,0.006786807091029528,0.007020780961064769,0.008667439982996865,0.007179930501694669,0.0668583784008254,0.07601143709561367,0.06230195242537697
2025-07-09,0.017219712439974746,0.020585873553179857,0.01761327931328255,0.0075804539772570375,0.009861751275815029,0.007417199781628608,0.03630497078980307,0.043734054012850306,0.03748405257410591,0.009213889035064338,0.014540681049596287,0.009752505787545664,0.007997264560187392,0.011857895341499237,0.008112439162363401,0.006324347029194189,0.010010218629266442,0.0065629461748285545,0.00735931713110727,0.008006282680454216,0.007608549007576258,0.06771315982097349,0.07050136067205905,0.060991946018990016
2025-07-10,0.01940628954721889,0.020403230816574986,0.02024124759019558,0.007597766379573051,0.009702590461363889,0.007086409649433785,0.03757396250352874,0.04426354770480053,0.0393039967682804,0.009228784122970865,0.014343625771721236,0.009311466784103462,0.007978760595881563,0.011718288702375975,0.007823503878896179,0.006273039778494549,0.00981863085127505,0.0062436341918364465,0.007296710643805882,0.00797819697728705,0.007237753506078856,0.06769667944274782,0.0699905508935055,0.05801697804201906
2025-07-11,0.01903027981899567,0.020419317782347665,0.019323074576885195,0.007831038297138854,0.009720121524038327,0.007267289381083308,0.037285315371165716,0.04427726318452251,0.03768392545158157,0.009404969715596278,0.014366452437803191,0.009335634747587637,0.00794268681119418,0.011732633830210547,0.007574324321018497,0.006301839686309161,0.00980820586726396,0.0062073123384811975,0.007971342691212106,0.008127576015644549,0.008106180037246781,0.06818006574047832,0.06681852032703949,0.057036299851160724
2025-07-14,0.017621475332115374,0.020317998617943117,0.01839079703127695,0.007831584849191761,0.009690185810765172,0.00691559017036321,0.03529686837427507,0.04407911427521207,0.03584864757415724,0.0089799735807236,0.01436592602272223,0.008977923623852663,0.007949986702082667,0.011729229408786627,0.007221468046665454,0.006284438146244631,0.009783669104530523,0.005904331761997227,0.007466457312557229,0.00811718958565829,0.0077184233339946725,0.06835096320091273,0.06718438223079824,0.05653391552839718
2025-07-15,0.018399766636238095,0.020528622517820963,0.019086817929493266,0.006940265231383423,0.009494054154906593,0.007452093573861124,0.034829754704405295,0.04418755345354726,0.03504923488232982,0.00840091619232695,0.013753941781301298,0.008645350848166101,0.00717031287589705,0.010881120109351428,0.006878954242830565,0.0056905556529754184,0.009272481823650739,0.005916723076679131,0.007322486279442139,0.008127761992298838,0.007557913723908863,0.05787225072183137,0.06616548478033103,0.05384968763446631
2025-07-16,0.018355370449554514,0.020521441911854708,0.01817100795322664,0.006830257928451861,0.00929555174049951,0.007214811469627889,0.037079669119455184,0.04487398772767307,0.037378964183756906,0.007952824543083858,0.013755882055860997,0.008365362801029107,0.006684958265783269,0.010874675135899948,0.006550185888412008,0.0054363036632694844,0.009270608199312105,0.0056608081343472675,0.006979000191497712,0.008055254359337717,0.007246614949124033,0.05517284034324068,0.0652595713665715,0.05140904576004357
2025-07-17,0.017298457997760617,0.02030796211298613,0.01728811886290176,0.006517733982373985,0.008605744074007946,0.00705862911924508,0.036543150019435706,0.04486577682794236,0.03564100868719536,0.007956835062218524,0.013153277771303458,0.007994049997210621,0.006179417535238626,0.01021659860794257,0.006500782459551819,0.004914551710640522,0.008587506356419066,0.005560372828431933,0.006366357295965858,0.007731063625449907,0.0069007654708182105,0.045611668437999776,0.06241842386104324,0.05020919971931611
2025-07-18,0.017727325586381494,0.018638837423937654,0.01718325446217335,0.006650557915426429,0.00803896085563531,0.0069154483003849385,0.03639114620973223,0.042980938507335295,0.0339133514802379,0.007908068448236508,0.013031628672705072,0.007640055182663809,0.0062037945409897256,0.009827362533455628,0.006271719372360744,0.004933694278527062,0.008074231934784107,0.005350380898838799,0.006362530164572034,0.0076994748790044,0.006616030410187389,0.04372058294897953,0.061385675031720925,0.0477706852558713
2025-07-21,0.017186347304882412,0.018640792512584308,0.01636960757650849,0.006648396113502625,0.007970054449327904,0.006580168431443326,0.03333602369810206,0.04298767291097336,0.032958809876733226,0.008646311368547998,0.012795648354269534,0.008556959048189487,0.005986074059177045,0.009517267986959664,0.006033470369692581,0.004797988752063007,0.007906327409703682,0.005089584421698464,0.006699090896086519,0.007683048309565028,0.00696083081030805,0.04340101945514915,0.060929497258536566,0.045762623257062277
2025-07-22,0.01507711035878076,0.018791742213498275,0.01647346767130375,0.006456528839452438,0.007845318746357187,0.006304215548139719,0.030150755310863718,0.04289569919088703,0.03225047128214427,0.0088623762956839,0.012718364702860663,0.008462122732521563,0.006062149640332179,0.009024657559001925,0.0061841092216059195,0.004532441565271936,0.007538892031305693,0.004864253548641373,0.006800905809381381,0.007599718956922027,0.0068686170882587515,0.0428765928654415,0.06037506648591335,0.0435846194273983
2025-07-23,0.015499989349123578,0.01886749574344467,0.016388468993739008,0.0064478842991610085,0.007946242584895593,0.006798404765199886,0.03213791595084932,0.04327320631048032,0.03428146450881048,0.008562065076885549,0.012743521868583435,0.009220051203675934,0.005321451859162032,0.008965146827688432,0.005943096891802558,0.0043058308609997525,0.007554562189184908,0.005077289359824522,0.006689697900441888,0.0075670680981867085,0.006787120718516057,0.03718873429700923,0.06048919128574468,0.045988161004798994
2025-07-24,0.015501565946484464,0.018842560833108358,0.015744702574970112,0.006699601337958076,0.008027523959174679,0.007018887100323341,0.03148372847183028,0.043277669379442225,0.032685448764883406,0.008691412733907566,0.012641587030907198,0.009036024027949766,0.0053207764497139685,0.008955340488781377,0.0056531189447217925,0.004310790635825359,0.007554796494234157,0.004863086843822619,0.0066800305336924635,0.0075187200203058755,0.006476559201909896,0.03626017619271439,0.060447989424136477,0.04384677842545188
2025-07-25,0.015577105405298643,0.01883265605231657,0.015251123460938168,0.006492748247949194,0.008002131970618139,0.006735503169352135,0.031310954768777426,0.043259328228095986,0.031225050913232057,0.008959530203774702,0.012635265058832506,0.009074955293562845,0.005047265734079438,0.008943454523815123,0.005378424381785222,0.004135675990462812,0.007541540177716265,0.004672005607132992,0.006742761354641624,0.007481668861174839,0.006461760627854022,0.03671275608944465,0.06037630119008845,0.042236914355889436
2025-07-28,0.016019813478882126,0.018937336951824514,0.0152149372467255,0.006272309362514131,0.008012494593762078,0.0064748050569362284,0.03246514445725443,0.04344944026423079,0.0316772127054222,0.00804134279056672,0.012625604608160253,0.008817424192078514,0.005042724951719502,0.008934187344612298,0.005125933515409188,0.004105100500526491,0.007544919516323521,0.004507524037101722,0.006747791625276061,0.0074567589012144025,0.006488890333588861,0.03668832081652514,0.060287987179254064,0.04048309128505157
2025-07-29,0.015657951442831233,0.018731143789105516,0.014475707419682373,0.006272367811004037,0.00804737561817572,0.006373547681881293,0.03223736508408251,0.04343162775119788,0.030248240789482336,0.007614390135398792,0.012326008278079913,0.008465593473676949,0.0049706245519081935,0.008854901874602507,0.005002186413888277,0.004153535653800954,0.007546731281946976,0.004510660586062172,0.007470497837725486,0.007759853106174825,0.008041525187207056,0.03915594298762208,0.06095502778381073,0.04411569610711443
2025-07-30,0.015166845232518385,0.018734167907430793,0.013778617590779923,0.005980027538948914,0.007916512215054487,0.0062208925275042785,0.030265874063561196,0.043425044661711064,0.02882291147315655,0.008270616291795445,0.012537734074339243,0.009472963482821162,0.004400233225588184,0.008713727678458693,0.004760122277622374,0.004179145331288839,0.007374794397534004,0.004374398876418582,0.007514956819901726,0.00766099938576055,0.007899590536921056,0.039661411356338154,0.060305040805649794,0.04291308842688827
2025-07-31,0.01470746612042713,0.018908148516042826,0.014224328501576481,0.0062257048880742984,0.00799200061795951,0.006394754305414683,0.029685826254304697,0.04373702515952491,0.029745900248765018,0.008321027636083667,0.01195249753953517,0.009403331665588675,0.004510010305999978,0.008703641013908109,0.005002582976508491,0.004257051802894572,0.007344116686645793,0.004430489474287171,0.007399369510827773,0.007626231660223939,0.007514252951130057,0.04376145339273401,0.0609960233137785,0.048087020219803
2025-08-01,0.015537527506082732,0.01896001546334809,0.01481971352003172,0.006511912746146156,0.008069728707404033,0.00711927866638066,0.033593546950022285,0.0445591277180816,0.033858680401283654,0.00945408386195601,0.011682511268014603,0.011083470948346856,0.006112551800161298,0.009041001529370271,0.007864265280925717,0.005462371730428601,0.007604551389491629,0.006680461960569719,0.007901869507373415,0.007831380400185807,0.008216915225430735,0.06520219565120017,0.0671500778771353,0.07931762097664811
2025-08-04,0.015443010899992211,0.018976318371876588,0.014438565916704322,0.007085212456017747,0.008205440885939221,0.008237634207927213,0.035140676380678366,0.04506014248693412,0.03751058231523502,0.009532771844638516,0.01154624793179772,0.010657590535420213,0.00714466618908468,0.009274066596023279,0.009480663630503473,0.006195338741169148,0.007792229490354417,0.007978117922576551,0.007531861825834248,0.007820961724239513,0.00781863703977398,0.0712005971340557,0.06925875105469018,0.09026834488791048
2025-08-05,0.015552955465802555,0.01713902299613605,0.013859233308661567,0.007046572090271293,0.008180224627088107,0.007846918525015999,0.03625368762411876,0.036244894771241425,0.03715224669701304,0.009170903833675494,0.011250892547279363,0.010137866759431298,0.00736000088355827,0.009296877998652241,0.009314516198481802,0.006330336940911126,0.007818144761802537,0.007785606226498099,0.0075156131888315806,0.00768397491387507,0.007442637159877457,0.07001492965342633,0.0690816607690261,0.08591813214215571
2025-08-06,0.014861074918169216,0.017162562530674372,0.0135403544443524,0.006968203315810793,0.008157425216328892,0.007491412179076423,0.03455151881167958,0.03553408074665156,0.035735178165588986,0.009164784850537741,0.01121936392732358,0.009691685573739546,0.007704412670927557,0.009380930035142477,0.009610959916286913,0.006414886711479591,0.007842862081278093,0.007742622996933606,0.007376541802430316,0.007724968572331715,0.0074752634779200345,0.07041596890265062,0.06943278986207518,0.0844026828161236
2025-08-07,0.012336685660937482,0.017291615084076527,0.014621598938583561,0.0069563254653729764,0.007361804446383639,0.007285979043824064,0.03422445692735873,0.03623489187166105,0.03829233350142426,0.00931790849334151,0.010625911191408011,0.009501842622700192,0.00769909252639367,0.007932976487801158,0.00916148367292073,0.006403797435142263,0.006706111363347641,0.007382671464414471,0.007396622929785089,0.00762542668682554,0.007173231714209605,0.0704381782784402,0.06627420362506768,0.08040643244379149
2025-08-08,0.011947489558318113,0.01724441379065787,0.014092445402104874,0.0069258841674207676,0.007322523997736038,0.00712758484823078,0.03432137282669868,0.035252076625140565,0.036696166396650826,0.009105974912447258,0.010617434837653587,0.009053308769115281,0.007855353932734215,0.007800745386744133,0.00902107260084302,0.0065260685551444516,0.00672348859015237,0.007339686637068459,0.006696586214850272,0.007628298274037216,0.007019329558757387,0.07271617770786712,0.06719089087342986,0.08086033982108908
2025-08-11,0.011813071610430964,0.017237108318458122,0.013481432906139314,0.006961616662120574,0.007342204818359645,0.006903555444834925,0.034521205134338165,0.03503409474034441,0.03529573000239555,0.009671722896485619,0.010418178819963639,0.009828389848252673,0.007914057415422152,0.007805860676332585,0.008726838228526695,0.006558389309226976,0.006737972253468205,0.007054454526742052,0.00665473297954462,0.007571095647515167,0.006678612565070966,0.0737715382331229,0.06779837291480649,0.08054979865483351
2025-08-12,0.011688833465400214,0.01730051301321587,0.013376907098682082,0.007005528641436329,0.007408507425025636,0.007358248260664833,0.03793909296619247,0.03625297223685053,0.04076512995840109,0.009623083267338494,0.01023088048616124,0.009351494672088092,0.00828852333363722,0.007930208323116077,0.00890998991692803,0.006783379145779743,0.006829061892057538,0.007304395445833555,0.006539586739297535,0.00752834329912296,0.006580643192461882,0.07658115985334607,0.06865545268009766,0.08170822733796677
2025-08-13,0.013062169143733622,0.017606903247344922,0.014891354330828912,0.0073018508011877935,0.00745917635502232,0.00762196503320111,0.03555911064750635,0.03638365955962308,0.03921206590625849,0.009582993485162427,0.010097860801991028,0.008949248743636439,0.00829288824411204,0.00792558321987295,0.008504389845071379,0.006784452919663163,0.006804329803532667,0.006961513111796933,0.006721385267021083,0.007591770364881015,0.006724193375184705,0.07660322747159044,0.06855617215069386,0.07775771727480316
2025-08-14,0.015816402208820055,0.018377312847524332,0.01930603597044196,0.007185062771730841,0.007454189640309222,0.007279379089683085,0.03711390030912945,0.03701923263917792,0.04174344574636074,0.00968197969171173,0.010015141467208897,0.008730159865741573,0.008189855123290445,0.007931983122517087,0.008153622524941334,0.006708999288370746,0.00680641239007981,0.006649637990244715,0.007014538409071871,0.007647998060615923,0.0068687409537074,0.07649031845603771,0.06828063525157207,0.07460661510294418
2025-08-15,0.015751716622932923,0.018359731526211395,0.01848845968400455,0.007108866002292442,0.007441189006433934,0.006924076629915834,0.03752662555753291,0.037228941114514,0.04118689231217964,0.009663838384372583,0.009730357319218258,0.008310689217162031,0.008282322077597186,0.007944842995919566,0.008013305547584658,0.00674484294608626,0.006795520163992946,0.006454054519357036,0.007263752987566492,0.007646650954400236,0.006887143735553036,0.07661548843635181,0.06832254835557654,0.07131587768533418
2025-08-18,0.015832649143475416,0.01807155397875025,0.017773268491203992,0.007120315337700611,0.00695914585344823,0.006627552810154972,0.03857388084650471,0.03765526349106006,0.04145802642687312,0.00895159905297294,0.009687803510713225,0.007912605408332524,0.00824367404458593,0.007679928530257321,0.00764730215178059,0.006751077545531167,0.006362271201611304,0.00616118512640661,0.007054118145861612,0.00730830438317031,0.006587932513047919,0.07652762274054178,0.06524572836647544,0.06784068563671539
2025-08-19,0.01581161678247579,0.018293672357821002,0.018751249884564964,0.007090936824896123,0.006958336354088745,0.006306833380427034,0.040660763805944425,0.03819623807335613,0.04340726881655025,0.008653061800940961,0.0096444147105339,0.007672675901407098,0.00877962348495007,0.007938952821079126,0.00856743469333848,0.006908402804279054,0.0064267760972173855,0.006205576378213713,0.007043920538949623,0.007314680675597724,0.006574455399523634,0.0770571373966474,0.06538635409218874,0.0657962292721314
2025-08-20,0.016258495825673375,0.017672395337779964,0.018628778386324617,0.006577082348245174,0.006895569885218668,0.006005677332298967,0.04238703250137716,0.03817932058937973,0.045695757002504986,0.008653534755604089,0.00930827334141877,0.008029373865971148,0.008853125917036664,0.007872114286496928,0.008345136629322443,0.006708327250624768,0.006356091055640696,0.005988914130469749,0.006917836289771834,0.007316252299987575,0.006293949855820837,0.07536644288847992,0.06403378482313014,0.06262671664666318
2025-08-21,0.016481560564292605,0.017787661401072265,0.018139166132517683,0.006423495178096838,0.006560250321429622,0.005847312842551092,0.042690135239349766,0.03819358431625908,0.04445278482204569,0.008584310094058438,0.009052207181104294,0.007711296743604167,0.00890535949134028,0.00737941301934058,0.008032912660938741,0.00677814565940706,0.005881442141985025,0.005848479516614769,0.007013431162283975,0.007138876014451716,0.0061736152966725185,0.07633366569532797,0.06159507872126254,0.06200931456216301
2025-08-22,0.01922402788748473,0.01846245621929547,0.02179466704278564,0.0076992282014205415,0.006915330882629539,0.007934116589245607,0.05322740755470567,0.04212214092805734,0.06007201004589045,0.008666719734810018,0.00914692202894437,0.008045641085947795,0.009551929378389981,0.007559328907984834,0.00909080568614611,0.007547202659635546,0.006081271458658663,0.007240967257523088,0.007066173860520446,0.00716951586908519,0.00632800019595578,0.08309780974093932,0.06424206398740227,0.07422848224548768
2025-08-25,0.0200362322246544,0.0186767982327932,0.02249691374410379,0.007928845792092533,0.007015834002814406,0.008150298278173936,0.05687965098997018,0.043698595523952846,0.06471651184109584,0.008540186592014217,0.009125014630416688,0.0077129488698145935,0.009560701328253221,0.00758202330886704,0.00871164549183859,0.007630374962487736,0.006122631924548051,0.007108047548599771,0.006921269814033761,0.0070901538955737585,0.00609554243634152,0.08355643298612449,0.06448092003575069,0.0720745095792038
2025-08-26,0.020452701629360807,0.018655707646847063,0.022103007433556057,0.00786703190012965,0.007019868185372047,0.007769491086807654,0.05779456653910646,0.043633266871694214,0.06308476722109231,0.008654535034634992,0.009123928694067002,0.007616300703775247,0.009586985099469448,0.007576802689720964,0.008361812606498837,0.007637160178333414,0.006122672932694445,0.0068342186092247535,0.0057874511614055685,0.007089424455267688,0.00580078102273623,0.08235993076443106,0.06437667697301176,0.06859974978675429
2025-08-27,0.020456861591470216,0.018671111252117165,0.0210553772387424,0.007800811625496899,0.007024472390348723,0.007410071228666965,0.0581635107920931,0.043733678952329956,0.06075822724888111,0.007512938507974641,0.008460831515128426,0.007249635558090695,0.009587980250360267,0.007532738653103697,0.007958155469071512,0.007627889565942966,0.006100270481381632,0.006508871728526326,0.005672347254478021,0.00697939475748572,0.005527846084459246,0.08212833545181022,0.0644048305322524,0.0655263720572985
2025-08-28,0.020391512350030127,0.01871441824252227,0.020444757623160014,0.007506220579009106,0.007003887887736125,0.0070484418661491445,0.057560409479946346,0.043708520385037114,0.057827903691287534,0.007540362846561856,0.008429978480404285,0.0071453901416092605,0.009566920542088945,0.007513534052119819,0.007750481857038455,0.007563954663540527,0.0060815064186772435,0.006228015633511532,0.005855822101980171,0.007017770339799147,0.005634334874531649,0.08019359334494898,0.06433795597999738,0.0628179234295596
2025-08-29,0.02146543186450176,0.019316148086696804,0.022306419266986538,0.006748321021698156,0.006996105577749685,0.006777014130618061,0.0563842592954152,0.044027475868943046,0.05627892548886402,0.006480238512635954,0.008479222128632996,0.007196565779119178,0.008777236496833344,0.0076999624639925,0.008324264708052373,0.006571633654128812,0.0061533401341888816,0.0063371382427133294,0.005095819732966235,0.0067780723806535655,0.0058281388827046525,0.06320264372467006,0.06489463457169017,0.06328293239591529
2025-09-02,0.02182952340144664,0.019017384158230975,0.02220616554556699,0.006371905426465657,0.007034991150597518,0.006770810090896928,0.05496196488179115,0.0427164358643489,0.05353226127434825,0.008128557045990815,0.008961161673083286,0.009340148557914289,0.008073377803951178,0.007717335327350785,0.008313970091555246,0.0060834202881064805,0.006206279354456828,0.006514992696654373,0.005242228322782728,0.006848800588859101,0.0059541532797112145,0.06197528210796644,0.06636652385193248,0.06959868383052942
2025-09-03,0.02181426590253832,0.018705252910876588,0.02121373423138792,0.006356319478680006,0.0069348677528900384,0.006457358311244713,0.05451359709497902,0.04274284042478095,0.051509632235881196,0.00821013320348977,0.008804553709651282,0.008938987448260724,0.008074069800128637,0.007685682968194448,0.00832444713888471,0.006008464836413796,0.006119072593938421,0.006407135489589918,0.005844597345908355,0.006782553689753238,0.006701045203627964,0.0627428478750418,0.06554467909928091,0.06867423602386695
2025-09-04,0.021785762043527737,0.017928162083797345,0.020312334627764723,0.00654426976349438,0.006997434121440247,0.006568025172223241,0.05530553758909325,0.04238794728202864,0.0504274615684758,0.008296652394359292,0.008822509281787225,0.008950577747841207,0.007840288423370902,0.00775113932366415,0.008368525713691911,0.006049472934597394,0.006186892827808224,0.00653437543602457,0.006009982847694291,0.0068452442678239986,0.0067530103462220955,0.06292897694373656,0.06602715989033718,0.06876351644821513
2025-09-05,0.021097793359921912,0.017928328980913025,0.019324804500413788,0.00651348072345321,0.007031554874752991,0.006493518887707724,0.05373306160837059,0.04203488626583808,0.04796610385488864,0.008547906002555231,0.008962212551518784,0.00896875132330501,0.007817573123180419,0.007720782407470834,0.007961644626977024,0.006104887253973935,0.006185275877060015,0.0063411627204843085,0.006904888729751374,0.007080142079606213,0.007737621583383118,0.06290393602936048,0.06601556904918394,0.06545324630743986
2025-09-08,0.02121246064741453,0.017858491663594624,0.018624475047092585,0.0064729799834502885,0.007033173243011914,0.006201566713311115,0.053516904146861555,0.04195396633416982,0.045626186161102436,0.008722670286566267,0.009041393525163423,0.008753752463915314,0.007617584980186335,0.0077095411866640986,0.007664168435578335,0.005914474345392861,0.006163584929452712,0.0060503424402235705,0.007340178203244035,0.007259394814950539,0.00807578295979974,0.05979228391309492,0.06597581355637579,0.062270979259141185
2025-09-09,0.02121248869677234,0.017549793530765058,0.01775529048393026,0.006334997333000053,0.007041910774284864,0.005966714822375268,0.05347831999819605,0.04143316788997194,0.043401359131387894,0.007794802235529483,0.008936555365853017,0.008648491200363975,0.007593144319711936,0.007710761034764807,0.007303978360380206,0.0058814432075410235,0.006155251033371708,0.005767982463942747,0.007519085022078814,0.007160422426244295,0.008147907576523722,0.05741182479474497,0.06572257322324233,0.0592424143789389
2025-09-10,0.02165501194049913,0.017757436433182647,0.01825335583022447,0.006161436311798163,0.006632346817455387,0.0059393898048425,0.04982909525847115,0.04118014985316691,0.04134918766422394,0.007709922299245028,0.008804697851431943,0.008233790810482951,0.00706003148840787,0.007490356923579645,0.006956141275165271,0.005462249447713826,0.0059355482735575955,0.0055114101590820076,0.00742918575358174,0.007061930040365237,0.007811257074075363,0.05339317725222596,0.06251474773676456,0.05673303678549577
2025-09-11,0.020963993090642726,0.017777647384256766,0.017777685649799146,0.0063806878253458476,0.006748371981702979,0.00677550915740539,0.049481613557011236,0.04121780893532907,0.03996235430114781,0.007812793008698046,0.008580872639303672,0.008046861267706576,0.007175992289807098,0.007337483782645391,0.006750984804659381,0.005692605192934545,0.005910120821408266,0.0056496868036090475,0.007364214639930497,0.006952654326239301,0.007522198100223247,0.05418372321567323,0.06186359886728373,0.05546484117120729
2025-09-12,0.018977732249984027,0.01755433009436178,0.016934041145974004,0.006561370843696354,0.006712069442163267,0.0068321354194780465,0.05006043994789106,0.04159369256149023,0.04116016617736581,0.007446024195082954,0.008580895963760106,0.0076798637784577925,0.0072270454881499194,0.007194826444092926,0.006469869561288616,0.005696970139262289,0.005766391454540115,0.005419059228939171,0.007192676129288173,0.0068340887880004204,0.007500894825014225,0.053954130490419284,0.05936550317671704,0.0527949255633985
2025-09-15,0.01888006838475994,0.017554404107253507,0.016119990544459024,0.006561978118591212,0.00670646332316431,0.006500062398583828,0.049908946436821075,0.041744580933912714,0.04001540010752398,0.007503271392757904,0.00861611716458424,0.007566257998751512,0.0073348004641551395,0.007243046753855886,0.006459120222399724,0.005720089289979911,0.005780573276701219,0.0052649949222635,0.0068738951989585195,0.006835825021329805,0.007134853593705492,0.05561249880713528,0.0594113212551143,0.05396158455575737
2025-09-16,0.01887475072589739,0.01749965429581022,0.015619379611298364,0.006604623474709625,0.006727712471711691,0.006300839286489018,0.04908116829467252,0.04116942769325833,0.03823426688570433,0.00738269550599309,0.008612604245271084,0.007235506648907008,0.007340771128865677,0.007209601837083051,0.00623410219679185,0.005742701406372017,0.005770248972251055,0.005116390959788092,0.006763388554914876,0.006828208105066897,0.006787320752377786,0.05623253652140347,0.05960234968029552,0.05265596013673325
2025-09-17,0.017464904683560007,0.01655069678696948,0.014980632835032854,0.006672412517558662,0.006667339273205579,0.006148812240511558,0.04700430864467805,0.039940601861806785,0.03661349234001517,0.007566279864806836,0.008692543539170159,0.0077683143721179685,0.006523564842919775,0.0071435232141734036,0.00607125618716186,0.005558175375995636,0.005683226061299674,0.00495049941720205,0.006812393357475027,0.006836040087647523,0.006625943961045124,0.0565364393038812,0.05961075098476754,0.05200816154743023
2025-09-18,0.017325251874397082,0.016555985831356593,0.014281532180204063,0.006675875962821589,0.0065263565785058176,0.005870861599746895,0.04522584962157184,0.03995885961898982,0.034903452421949574,0.007718837674338605,0.00842979017002825,0.007693533131609346,0.006445475068900917,0.006986289429089417,0.006157972437734777,0.005510600963795219,0.005561538383733463,0.004805835260356559,0.0073631724129410185,0.00693240802758106,0.007303372138403008,0.05652459461349789,0.05761966917099861,0.049486097536660195
2025-09-19,0.017124638481128246,0.016579475150531577,0.014337979305913077,0.006599313877486445,0.006517649334461831,0.005619680744298783,0.04523515598771208,0.04012406235991113,0.0345937926481777,0.00761680881439781,0.008508470525707796,0.007721228281484814,0.006278356429966229,0.0070165809701520105,0.005990849580518003,0.0053694786097391685,0.005578186145957276,0.004669638900265769,0.007252259833698133,0.006938965427119647,0.006993357010978087,0.05503829419068385,0.057406795619408785,0.047398785926184586
2025-09-22,0.015629098355508162,0.016832957466887587,0.015378599029791981,0.0051415375807241795,0.00642949366921429,0.005345414052992399,0.0337690283568731,0.040959044798801074,0.03740970392037747,0.008010902360258518,0.008734873663340244,0.008483200720393606,0.005623818520908597,0.006967222562804592,0.005766271273999104,0.00446059630995357,0.005533315753482376,0.00451245637452915,0.007214081032109501,0.006932839713502425,0.006766002472528997,0.04462468641837642,0.057641965538097986,0.04676706536888751
2025-09-23,0.014160363177109265,0.01685642295379889,0.014727594306874663,0.004763169619010331,0.006349083549166227,0.005184064198828034,0.02793022874385038,0.04101090067245491,0.035638230567939154,0.0078104944340071925,0.008328844112177235,0.00807035150958531,0.005875631615654136,0.007045051441903437,0.0062447034224130124,0.004542102832813116,0.00558559515605773,0.004890631176525229,0.00726130825305457,0.006927806790345358,0.006760090058991215,0.044393903190392756,0.05774593661899599,0.04532252115150484
2025-09-24,0.013992726625668812,0.016847039596402474,0.014554055263275115,0.00487817987358494,0.0063462535979564175,0.005183789235909067,0.02508574131108095,0.04099673260591037,0.03389872845586555,0.008457388736555757,0.008360167862852394,0.00869665079271076,0.006010474788338661,0.007043525061610978,0.0061945803493284116,0.004631005082295528,0.005596613159833094,0.0048696130069994445,0.007348762952468383,0.0068419856319943935,0.006576493444710186,0.044888776691566,0.05778873555897533,0.044388913659299596
2025-09-25,0.016393624174564737,0.01747412231453006,0.01789203603728637,0.004931507942956518,0.0062633944546645675,0.005094605424691339,0.02886890324470118,0.04185176414729304,0.03782879099745558,0.008433618204612447,0.008316011124927209,0.008277111708054393,0.006178573621854947,0.006966393154731493,0.0061703632057017845,0.004812691985553974,0.005643481595304157,0.004945798557828321,0.007331482712135097,0.006836387664004326,0.0062563239050036435,0.045300410699681604,0.057948006262078355,0.04320859342355326
2025-09-26,0.016203369764937987,0.017055358623600702,0.01727242478653298,0.005088591325710577,0.006303051127543642,0.005151367685404997,0.03083835375978646,0.04133849303531113,0.03930733019507154,0.00841598329517494,0.008317860589973495,0.007908073432397963,0.006115199211890791,0.006937466964793541,0.0059346790684769585,0.004897015489744666,0.005657839915391534,0.004951967025215931,0.00725142179712658,0.006782358303086639,0.005962012557341378,0.04938323874368217,0.05903651558646365,0.04984696139703372
2025-09-29,0.014577463463332798,0.0172334173860932,0.017840556100215777,0.005063026491191097,0.006239589362272167,0.004904334726563793,0.030377415002260103,0.041366699904684494,0.03799977383810392,0.008754360682660852,0.008445166875056389,0.008473888469010645,0.0052822620123170756,0.006861688944684692,0.005724749886152086,0.004612378895515825,0.005592907207466156,0.004738863000459606,0.007139281920552079,0.006786069432389609,0.006163920429384377,0.04877742678278621,0.059405887796793205,0.05034128147305563
2025-09-30,0.014088095232451503,0.01720118650674851,0.01698556053174325,0.0048378316247849225,0.006107354272338569,0.004667306028353199,0.03058227818998565,0.041416703608607025,0.03642081955255443,0.007661375587022494,0.0084802450264774,0.008139665608299426,0.004620799905813997,0.006765789977343128,0.005453131532659279,0.004117137338158986,0.005490318342232378,0.00457091873455787,0.006893342702612389,0.006670114511768955,0.005976962093355051,0.040781243605561575,0.05837161041257449,0.04792363420368645
2025-10-01,0.01665594932127136,0.01794961907967446,0.020348879762126747,0.004814480519869003,0.006079341960083556,0.004439524294659253,0.031976554213630784,0.041693028283769334,0.03813966353063117,0.007642760089812854,0.008310503449021034,0.00781615550747379,0.00450191851924572,0.0067785321985501575,0.005261696447408381,0.004056717595141066,0.005492224091396218,0.004386057767913795,0.006576643600125655,0.006668723167086417,0.005716875299848184,0.039324255138595256,0.05791889314428774,0.045596414291480376
2025-10-02,0.016750560809897258,0.01786659213073861,0.019811199899431028,0.004527040768574172,0.006058585988300882,0.004229015287349898,0.031717222279923525,0.041250655631285715,0.037377825143664944,0.0075904386754452385,0.008344519134367736,0.00784143008250712,0.004276550884742473,0.006747983991328118,0.005039872984365515,0.0037755898091135906,0.005457609002819573,0.004174904400774126,0.006437791307840225,0.006554089200223831,0.00547567077604234,0.03644441271152348,0.057553103272062166,0.04367631720892268
2025-10-03,0.01685010977845402,0.017113618372835405,0.019025367445208576,0.004419889132087106,0.006066407454929464,0.004200501158368221,0.031724963532450585,0.04049100244489199,0.03555666724031773,0.007340955731517768,0.00837456534643758,0.007556647167077311,0.004539460922893339,0.006777601565335718,0.005182676978546594,0.0036448404013985384,0.005455843781838681,0.004001593709399027,0.0055987057891761375,0.006562675150459715,0.0052801099287249935,0.03633503271977962,0.05753048511995775,0.04156351129494084
2025-10-06,0.016878314097925562,0.01707786113890077,0.018153528744741868,0.004458450903158528,0.005995932123283466,0.004093679150095261,0.03267840518340346,0.04070635722417756,0.03530356400605395,0.007908982790482808,0.008587403827870675,0.008403568529811325,0.004652722815047886,0.006805168005550336,0.005230353879571806,0.003664002038386926,0.00542925008073841,0.003859472235143287,0.005058324342962794,0.00638535551853175,0.005657897281274289,0.036611114110507784,0.057378265402855476,0.04007619485540812
2025-10-07,0.01814494423788517,0.01739991380380876,0.01980173250707555,0.004465880724084387,0.006004042294529444,0.004004817326817526,0.03494016044704526,0.041340221490339585,0.03788449473007355,0.007758757897281816,0.00855076699171672,0.00799547688979583,0.004964401252671979,0.006856463033754108,0.005466965039371253,0.0038675273005070337,0.0054668106412497815,0.004012188048763241,0.005077588380924341,0.006406282192971475,0.005664517945462502,0.03808935382987813,0.05744187261323235,0.04101311740150576
2025-10-08,0.01786887368695903,0.017377329061023444,0.019238841342946938,0.004277129215529299,0.005834250938484256,0.003815749636519165,0.03506793524848284,0.041086783178029496,0.03631642062258237,0.008191110903631976,0.008675446458294975,0.008269498514582202,0.005363905456140843,0.006977188897406206,0.005997392711492224,0.003982026954398124,0.005452707440120783,0.0040817399624090275,0.004910508665923037,0.006321952135716148,0.00538902102477181,0.04036984434846962,0.05788378315493175,0.043277787949217786
2025-10-09,0.018042189511456544,0.01743168604375942,0.01902425619796757,0.003514547461051187,0.005870676696652749,0.004108569462362022,0.03558909931736371,0.04037409617064213,0.03645191498950899,0.009673560122831593,0.009113555183796493,0.010927852776734021,0.005375847833661664,0.0069863101097677035,0.005812366186435572,0.0037904373944726765,0.00547398260501898,0.004113314780050939,0.004645016934149075,0.006325978526727049,0.005139986608212924,0.038926610291478744,0.05786519896945394,0.04120784862603268
2025-10-10,0.024051911256637564,0.019594751612590264,0.028247452531011123,0.00537799622538517,0.00633917950602556,0.006901781569863758,0.0420626464453431,0.04320703025260967,0.0501653369766706,0.009735015879981808,0.009135882659389697,0.010538282085841394,0.009836324706958926,0.008359658013585285,0.01239890345878161,0.007362411322117681,0.006544300776673305,0.009354124728175588,0.005849043317261099,0.006619405952388693,0.006820897020199977,0.07986752861581833,0.0706793998010762,0.10291489695111057
2025-10-13,0.024055192669062996,0.019558202749126598,0.026919461476924103,0.006117982958675755,0.006507622253000436,0.007851797640788924,0.04248497007346932,0.04319674549942523,0.048619639677208004,0.010609470294754286,0.00953712043103061,0.011604804477262805,0.010757247848101711,0.008758894429218112,0.013616149565852328,0.008063528988616536,0.006807732969245358,0.010242521431085743,0.005838578281301338,0.006623383210060694,0.006528458543155493,0.08534499219638372,0.07257805446347738,0.10830635556776877
2025-10-14,0.024084407514834746,0.019684137192168577,0.02597968291086156,0.0061423904984654314,0.006524813028085574,0.007594505955878321,0.04273509435101297,0.04335237731919762,0.046626322802190076,0.010581598658965201,0.009421209703456414,0.011039050990138875,0.010886989193635227,0.008801553207930485,0.013143892865933532,0.008061873563945752,0.006812561808160065,0.009750730050069855,0.005860349463342126,0.006551509157902286,0.006227841571992937,0.08702298429059373,0.0734664372406721,0.10551515192722895
2025-10-15,0.024382678900262463,0.01959337445523171,0.025130517098454118,0.006037241711949071,0.006516306150184948,0.007224268856646782,0.042534846939448284,0.043561204504879686,0.04488833362025472,0.010378765654337624,0.00956181957962129,0.010971245122374004,0.010957467032246327,0.00879707371554138,0.01267819717238585,0.0081032479715184,0.006826677596375247,0.009371720729418213,0.005851512132718633,0.006532944868040657,0.00604392508272504,0.0862755810709175,0.07346356351146295,0.10086108195530599
2025-10-16,0.024610520261860894,0.019757151524210825,0.02441642665819621,0.006204660279338266,0.006422701593288111,0.0071922515508865675,0.04253952930746384,0.04347126857414744,0.0428170024563494,0.010647335924230153,0.00967249378237651,0.011445623018260959,0.010844841806522875,0.008808760362710909,0.012133212180906038,0.008207305663021117,0.0068277764150104425,0.009175019022720271,0.005462922790936479,0.006528961225269616,0.006035360881616563,0.09796492920547546,0.07809036576861764,0.11399140125231852
2025-10-17,0.024671296893526738,0.01983251318054607,0.023331035564276913,0.006266695692082731,0.0063786838711381,0.007045884532265923,0.04243014411470674,0.04341596398875228,0.040733141003747246,0.01224219386687747,0.01003075873283684,0.013786066733196375,0.010838777456310202,0.008836180951079256,0.011693696285330894,0.008231623468334268,0.00685702924382731,0.00891000568059963,0.0054517324382253535,0.006527406741918416,0.005837492791720107,0.1080967288332527,0.08185388327070854,0.12711561935009336
2025-10-20,0.024915073163142624,0.02000026560755125,0.023623296188893656,0.006764530295238652,0.006511343436976593,0.007508750560496541,0.04119208664807774,0.04340765797860307,0.03893877281578042,0.01374513922573771,0.01072927661956753,0.01589225252675461,0.01111421155924863,0.008957556422469166,0.01166705921937106,0.00849351203340009,0.006954377435604512,0.009006338284303224,0.005345742961832034,0.006502702824926318,0.005591649532655424,0.11252405591037615,0.0834468862812701,0.12835715279389656
2025-10-21,0.025136395029174568,0.02007303439728611,0.02278152071887044,0.006811100151556851,0.006524410768914703,0.007221178599297654,0.04136758848839125,0.04343870985845151,0.03726036437287433,0.02121308440584976,0.013872856404745598,0.0268545009811913,0.010979217063638438,0.00895677893875237,0.01111886714454425,0.008384055135878556,0.006953757495416403,0.008575143111577302,0.005258550222755625,0.006441765640890823,0.005397994638950376,0.11261477693419437,0.08351622699209907,0.12235178022235911
2025-10-22,0.024837612826236595,0.020080203132258487,0.021670195528078202,0.006971580263457175,0.0065783977132310234,0.007367024425520779,0.041367129218043336,0.04348723925045058,0.0354600296020159,0.021002965772492638,0.01387987268945477,0.02555315612264583,0.011199147189242422,0.009060315248636257,0.01112303171222659,0.00844435956405908,0.006983925583039211,0.008376030714053804,0.005106640617027239,0.006110813747862614,0.00515420369670273,0.1124765743419979,0.08330705117849568,0.11690227106159677
2025-10-23,0.024374966907494286,0.0203299610040302,0.022491386138591023,0.006929808740380074,0.006557268704121076,0.007050125733550042,0.03931394085686294,0.04352086699163397,0.03468559935141465,0.021003313981397417,0.013607221030915453,0.024312017783816295,0.011252081140559651,0.009108659746721218,0.010830741227652416,0.008434901780011083,0.00700782615349797,0.008131891328140493,0.0054571342775693405,0.006143859250213825,0.005579953411324643,0.11382105707231355,0.08374623574354975,0.1136241657471902
2025-10-24,0.024433067122092943,0.02027528302245087,0.021786912818751097,0.0071678138804109936,0.006573662546088606,0.007304372874753762,0.03809562281229759,0.04345810432768619,0.03437892224386866,0.02108308567944116,0.013634635059513176,0.023189344895240733,0.01142742908863405,0.009146965879944749,0.010670607859238065,0.008523236203540252,0.00703914236703544,0.008027864731599745,0.005433736411019739,0.006144068188498755,0.005312072080466915,0.11262320772035889,0.08349837910633735,0.10929722675637361
2025-10-27,0.02383182941477446,0.020116689566902667,0.020724117024087867,0.007274244839035753,0.006349988712138416,0.007097827144409523,0.03759715902575541,0.04285816881626835,0.03270114899072911,0.022060948282565638,0.01405513309002017,0.023797463291191156,0.011966115036412173,0.008951036755889215,0.011169633711952556,0.008844161121943432,0.006779637548249484,0.008217364248985502,0.005228710391963428,0.005905288235298025,0.005099905534839973,0.11251325135177091,0.07866400495790224,0.10436947767732245
2025-10-28,0.023874148916017305,0.020113677600566454,0.01981321423038039,0.007294584934396168,0.006144528716973487,0.006766422230055694,0.03795720569126983,0.04225007934003524,0.03198586980472061,0.022105133642823478,0.014110275532907599,0.022711820731786618,0.012023155085082877,0.008723930206673412,0.010688802829243015,0.008833564038632285,0.006545385151540195,0.00781627519744282,0.005136082866269327,0.005904679093693494,0.004866840108196276,0.11278773135033784,0.07668171786922397,0.10030764034991439
2025-10-29,0.021894341013176524,0.020335316533268557,0.019925573466641453,0.007327448387252272,0.006145488132016864,0.00655164807978346,0.03531477857586865,0.04216802619484233,0.03053856330449936,0.022136350503890116,0.014133425283571983,0.021613365718570976,0.012020652216110763,0.008653116196210823,0.010167569894792554,0.00882596581603914,0.006490200909046649,0.007464096473065551,0.005760426727065807,0.0060644340506677595,0.0057890910058828555,0.11290915108894926,0.07674038147155123,0.0959491477199753
2025-10-30,0.02118015046105205,0.020372149421774344,0.019174646899188783,0.007385301538001688,0.006169090505246616,0.006404180455265042,0.033765174660113716,0.042183637638630186,0.029329429612630364,0.0224797852602448,0.014286782435340659,0.021548859524237778,0.01266600583704101,0.008830685940104478,0.01131343852404987,0.009254256522682016,0.006638993732448529,0.008176236506379816,0.005937130641655515,0.006065239128508534,0.005810134618173949,0.11287789235126569,0.07630341562052878,0.09126600695605357
2025-10-31,0.021095324855107074,0.02021493808978869,0.019089593057851174,0.0073239811378664876,0.006112053099610542,0.006091855528882104,0.033966121522275544,0.04136030278300918,0.028849834286834998,0.022502628437971104,0.014310036855573385,0.020568105860501982,0.012604042155439974,0.008837290295201194,0.010787058599745875,0.009267785960789574,0.006638183503427773,0.007802727848718411,0.00596577205779232,0.00607585281058996,0.0055874289734382555,0.11300485338672728,0.07636555647472798,0.0873253517792116
2025-11-03,0.02146313669603245,0.020692011949883567,0.02050103294687844,0.007411935470775033,0.0061419594252896895,0.006086572449240167,0.03422640030803025,0.042336631969911526,0.03425710895460102,0.022138483801677152,0.014305176106410031,0.019574312576822264,0.012558027325186988,0.008790379407179992,0.010281953310019501,0.009250472866139793,0.0065842368084009905,0.00742335978874559,0.005676332110184129,0.00605503663920876,0.005348420976212774,0.11298982386942705,0.07550710869535406,0.08324763593843733
2025-11-04,0.022636450125749,0.021439043024925962,0.022630537289524456,0.007520103071375643,0.006160538979570265,0.006101811313789898,0.03662476741628962,0.04361473212601362,0.03858950175100177,0.022483465946906204,0.014374841101926578,0.01934371029555482,0.013437559459553909,0.009219003414345374,0.012000393106281732,0.009635663660943265,0.006786228845358466,0.008115694925200409,0.005568076357858126,0.0060581207699549715,0.005163248765259824,0.11473056133101925,0.07614909756707167,0.08531159061043637
2025-11-05,0.023141721235291957,0.021613402376243318,0.023925703053884365,0.007575433678649128,0.0060539151634777565,0.005948778760842248,0.03830479533249841,0.0423550818586372,0.04147981050233506,0.022316224157243037,0.014410686303026728,0.01883196411514313,0.013284932824638343,0.009126852174618822,0.011552807512088438,0.009577137313876424,0.006676912242101585,0.007783274429931369,0.006133720205289738,0.006197475158250972,0.005837251132448693,0.11465940312312228,0.07542164493388305,0.08335757043506159
2025-11-06,0.023317793747424848,0.021421970157088754,0.023275809159376656,0.007709362338968113,0.006036894333188712,0.006257250711441364,0.038272393778250736,0.042105995910240786,0.039719772660962646,0.021917376107256487,0.014420839427381881,0.01791404998020281,0.013992495431202486,0.00948099718154176,0.012500298149417255,0.009873516468073449,0.006836134472757809,0.008136722750078144,0.006446579478455263,0.00621313317072574,0.006376508567871076,0.11577397968071454,0.07600612311675323,0.08265765560385593
2025-11-07,0.020221801282827925,0.021128469895580503,0.02399409365662432,0.0062323023034515125,0.006034406406415652,0.00596482557955333,0.032867792278199366,0.04223828137299827,0.04141923553937719,0.021841878664863396,0.014374869644021106,0.01715788729643713,0.011388272694476138,0.009493268174686504,0.011912613650271893,0.007554749788404626,0.0068357312484799895,0.007754038325607535,0.005310517375238529,0.006134566837408123,0.006086585118945853,0.0911744081208621,0.07606972235688252,0.079291052021993
2025-11-10,0.020643381991703427,0.02121449180839281,0.023569075123428408,0.005890844825493824,0.006113288074638262,0.006208972987894509,0.03199945618305859,0.04217985661861513,0.0395100904490787,0.02202879299190028,0.014705830925819244,0.01826940038662233,0.011471004438172935,0.009853026329021634,0.013293762498575687,0.007580243750133839,0.007087109988557543,0.008817136970582702,0.0053104955116943945,0.006049834173953525,0.005790539129484193,0.08865406758258776,0.07683197349137248,0.07983099458765834
2025-11-11,0.02102253039174042,0.021444608348091237,0.023447904700768147,0.0063040532537778395,0.0062650934034948385,0.006763722441041999,0.03246699160960709,0.042272412947891136,0.0386538422528124,0.02198783092734731,0.0146904086038969,0.017381828120410617,0.011350075706233765,0.009864143672472195,0.012699409684065058,0.0075570293873979295,0.007087033097196445,0.008394545434789282,0.005367869366944893,0.006049496702760634,0.005720620006783378,0.08591319802327105,0.07687695313020282,0.07615477874687293
2025-11-12,0.02085109404677319,0.021209679720690208,0.022360471641803888,0.006391492646195919,0.006309351020294851,0.006613973567044287,0.032390279549117,0.041786147409904086,0.03704818628946228,0.021939118907761828,0.014727037688697545,0.01701281785261334,0.01130143080864982,0.009673698281937464,0.01208984161502635,0.007529321764842565,0.007036012257460884,0.00798718697201018,0.005367591764268696,0.006016657224256258,0.005469630368821894,0.0860162421164943,0.07675899621665198,0.07256201598748521
2025-11-13,0.02070802853024043,0.021206927117597158,0.021533777211224615,0.007410377823718942,0.006717763107861445,0.00850262113521394,0.03345566640620395,0.04120507686679525,0.03709963175956259,0.021296471378996304,0.014786727715283525,0.016590736117373325,0.01228920740941354,0.010036603365768644,0.01314251211354049,0.008361213385891795,0.007385828456674509,0.009287239657903307,0.005345677583489011,0.0061263412589001075,0.00577496196182369,0.07555326164904844,0.07878464833917978,0.08114044704972201
2025-11-14,0.023044338322959625,0.02209549388534548,0.024384902905112013,0.007561898134385549,0.00676102967683313,0.008340146505514089,0.033869980128858,0.04135190634185776,0.03590005999832902,0.021264266717060623,0.015024764295097944,0.016996015863465455,0.012213355549783969,0.010006923872036423,0.012516377649683401,0.00828687147262016,0.0073587856438767415,0.008834680079505738,0.005452448354701795,0.006138854405223283,0.005697686954144672,0.06410835227964158,0.07852191568415737,0.07747800421988991
2025-11-17,0.022288171996880813,0.021445046655293714,0.023342629979635293,0.007666793373228721,0.0065066668441162885,0.008661133397799125,0.03365768316827555,0.036267553158473805,0.03415312403612768,0.01938655044304726,0.015116359957217721,0.01659046626590029,0.012022270168719736,0.00991407284336066,0.012114174172728915,0.008231854805580564,0.00723125242438442,0.008812032352687469,0.005395745251996466,0.006079835275761561,0.0055290709777468024,0.0634996407657433,0.0776056283751415,0.0816477006940427
2025-11-18,0.02267187784321799,0.021289125613000347,0.023305907085809888,0.007937524113406327,0.006580643391700831,0.00873020921805283,0.03546734854583847,0.03533628268995476,0.03617136177026513,0.013302249223437415,0.015108048202429931,0.015942911864246827,0.012297708882351025,0.010046922822080221,0.011937969062035746,0.00842300239774368,0.007296118836230394,0.008646550094763578,0.005208697314216209,0.006064188495183394,0.0052611571718799615,0.06614560261900945,0.07843853760511299,0.08133242787075846
2025-11-19,0.02270052253098355,0.021175858351873144,0.022200346917808946,0.007795172138902928,0.006571231076142158,0.008355863043726243,0.035655829034784,0.03455101936147491,0.034773784464388634,0.013309058830978193,0.015100328425767579,0.01516889589532384,0.012227595543206807,0.010060645618799156,0.01165846929845127,0.008418103391698807,0.0072934819224443476,0.008413219783199557,0.0051867169056230905,0.0060719156494744245,0.0050185601639640715,0.06723225836732706,0.07868500694831042,0.08037392493407988
2025-11-20,0.023231312695644053,0.022052587001388263,0.024382933803147294,0.00791924554879494,0.006644181581958717,0.008159837394919614,0.03644892890155285,0.03520436420421381,0.035912363270222764,0.013271869939354336,0.01510628432024446,0.01443079758430191,0.013086076015532761,0.010545922361913672,0.012872883799025518,0.008903429723878226,0.007567394228414689,0.009015003598599972,0.005169301418211735,0.0060825127187640925,0.004989933043079309,0.06789174149863886,0.07985904163140703,0.0814092313664674
2025-11-21,0.02260309579152318,0.021978124952250495,0.02319756435565135,0.007958143391360067,0.006788756562568246,0.008748862421461383,0.03518421425284255,0.03520877333023357,0.03416519811779171,0.013257139255990735,0.015107575377371656,0.013740007067681382,0.012943036634832034,0.01055890401701689,0.012728696478383015,0.009013094146839908,0.007659889048817754,0.009393489173206699,0.0052397378499667,0.006041363737529878,0.004859011659504545,0.07258793565243095,0.08133438471744085,0.08901556838315192
2025-11-24,0.02359859107460865,0.02181558803369223,0.024232609669886898,0.007847906362057731,0.006801301842310128,0.008464735477772819,0.03903577666977954,0.03607264530520327,0.03963931891329741,0.01203139994830022,0.015174876318528553,0.013883780507641308,0.013669451613142133,0.01092488503958576,0.014842361980617015,0.009257251820193487,0.007835093541460312,0.010191605963341087,0.0053631064845885285,0.005989363458787832,0.004940664842278461,0.07865083053347274,0.08287315249592778,0.09498341081572236
2025-11-25,0.023595563972728006,0.0216060424952217,0.023064031958559068,0.00853361123023434,0.006995971315070191,0.009250452554593176,0.03914922115220915,0.036068457560885135,0.03801296816600271,0.011857911662753108,0.014938342046508239,0.013221026216745023,0.013618029054364073,0.010872995908460751,0.014248138848669071,0.00952359939158401,0.007841645469231665,0.010100370995155974,0.005361132358519372,0.005893270057694697,0.004741963730241191,0.0822407083745278,0.08266020540388747,0.0952945082017971
2025-11-26,0.02600435086205241,0.022249910762234155,0.0264940895475916,0.008680336598625684,0.007035534838411701,0.008976435189208173,0.040196575709471376,0.03597912750958667,0.037780488556451254,0.011838693559766272,0.01493932729769228,0.012723832851225268,0.013758078512823107,0.010883609741796675,0.013789341483592446,0.009677540394129349,0.007858277635277243,0.009776736193135526,0.005004106191309915,0.0057648172126966496,0.0046519183709093645,0.08411446062183897,0.08300718090245054,0.09301768924751086
2025-11-28,0.02603189640945773,0.0222460969457531,0.025233324924386343,0.00875748372597135,0.006998929005069832,0.008648734073452813,0.040387248319888394,0.035890602709962686,0.036225959263415534,0.011399076623898406,0.014961595529110258,0.012489644930872675,0.01352820348513805,0.010872924353574596,0.013280505534473587,0.009436286410682327,0.007820990689445867,0.009377165015572387,0.0049443945086707925,0.0057414034997277505,0.004752455194697168,0.08494506801539428,0.08281650993470784,0.08920637820765853
2025-12-01,0.026545926713319276,0.022815961854980422,0.026488136783709627,0.00895131512608025,0.00706012485393377,0.00875191830753023,0.041449015862627954,0.036555187003358115,0.038404039133661465,0.011257742060451652,0.014901816418919559,0.011890574678314217,0.01348369133765471,0.010889570336289041,0.012729407425010147,0.009469053512499449,0.00783779913653948,0.009125762977283736,0.005647828840134467,0.005664385131846933,0.005963254043554584,0.0855241588784199,0.08305128055534622,0.08736774081009446
2025-12-02,0.030399093428361113,0.02422250304813869,0.03278427725542991,0.008934131478733856,0.00706913706383972,0.008380887511810093,0.04321372626825753,0.037993848034379274,0.04440390831986868,0.011449965414684814,0.014906119544286242,0.011685649772727416,0.013567685122353816,0.010912948000844207,0.012263876369245742,0.009468787675732886,0.007836161629179529,0.008682349610031604,0.0056306407852705735,0.005397625692488662,0.005683987087439144,0.08591832116281523,0.083228368241883,0.08358033417081599
2025-12-03,0.029879230140674205,0.024513493754010508,0.03235175949958677,0.009017867391390575,0.007132017955099923,0.008289184563114572,0.04237138422430232,0.03914966671673647,0.04717974287905935,0.010483085296467952,0.014899795768819156,0.011160067863357671,0.012769674884687362,0.010912122131783943,0.011666137849557768,0.009078637856547334,0.007841092285042255,0.00828444528009925,0.005646151588499288,0.005356833649947755,0.005506295995170327,0.08251898111486897,0.08334678107902774,0.07972468586383238
2025-12-04,0.029197787899769328,0.0242947231508344,0.03101254608383116,0.008982184843868174,0.0070999085967196176,0.00792387104777034,0.04127214630329456,0.03910440661494961,0.04525441740203781,0.01031501288997934,0.014901190715318889,0.010624015871468667,0.012691146163869993,0.010915170840722471,0.011132157027618444,0.00905497632311647,0.007836826610439475,0.007883454562640007,0.005220343360565354,0.005353469207864156,0.005455588339038762,0.0818529555837743,0.08337135126450071,0.07585379289071507
2025-12-05,0.029376322986743676,0.024364760885531092,0.03056978420725369,0.008740708015364695,0.006918461140701587,0.007537823168393835,0.041348565051594795,0.038992402835737155,0.0442919092000689,0.010327674842456575,0.014902562617168488,0.010167302744342379,0.011924928703486644,0.010905112139883953,0.010612238814285791,0.008659516468164683,0.0077772752016616676,0.0075000284864553644,0.004858225365807149,0.00531217478140608,0.005315721350281342,0.07937478526511181,0.08323603123703695,0.07221527465402197
2025-12-08,0.028747865352079138,0.024346894358627795,0.0291871526189279,0.00881620034060862,0.006895243096970849,0.007366109614887759,0.04062088312877726,0.038222954111670204,0.042775801980976226,0.010363452180234664,0.014917247623902384,0.009754226405992869,0.0119044270653547,0.010904304331660005,0.01016158848103255,0.008709814627396657,0.007791341118460257,0.007260060082606401,0.004883180010779387,0.005300363136097543,0.005096509950669259,0.08178740849678262,0.08382861143801175,0.07446154470393722
2025-12-09,0.029231543434357427,0.024617502694540046,0.028982494057397633,0.008690803506748765,0.00691736074612532,0.007152639131136905,0.043450785678512766,0.039339796657693646,0.045030560385595296,0.00857787468091434,0.014884978542131864,0.009354367751258063,0.01084553106603635,0.010860482806773871,0.009666195556171446,0.00800339178095895,0.007770399683339267,0.00692951878745224,0.004898373335380496,0.005292448289632333,0.004901025824175167,0.07999374111332311,0.08349989089125563,0.07112073708637687
2025-12-10,0.02883271753071678,0.024504611063724233,0.027606911494446912,0.008596025717979012,0.007012813284617079,0.007397751971827034,0.042418659546858924,0.03935825541918271,0.04284514045678541,0.008583544898812918,0.01488696018073706,0.00893493161080978,0.010856851213421463,0.01086504385567755,0.009226142663767029,0.008122580408775155,0.007804145237669446,0.006816548802696924,0.004860353969372364,0.005310373873465967,0.004899517494374728,0.08141031599126312,0.08387218551435473,0.07045224753793697
2025-12-11,0.028916771636901418,0.024546895576307026,0.026374027517758736,0.00898097412646241,0.007178244819528851,0.007900102542210415,0.04281192711908108,0.03924736412510267,0.04180715648786242,0.008169290416786363,0.01486577985881226,0.008916562440899129,0.010886337061655685,0.010872150407565038,0.00890572241734243,0.008134417095965388,0.0078022382329155865,0.006489693362489534,0.004825434305812973,0.0053036534446812625,0.00466506485798403,0.08229794582361648,0.0840710421166245,0.0686143677367673
2025-12-12,0.029056811905487954,0.024607965185901734,0.02596032994081963,0.008146578682136689,0.007216347181492345,0.007874864837983981,0.042478307233933005,0.039532562317814726,0.04238311042252568,0.007941514958582651,0.014844167659923255,0.008527054727771963,0.010758744901802869,0.011126651021941634,0.010471012128716034,0.007575740170113901,0.00792620900174821,0.007191463626916927,0.004948319369727687,0.005282239514375601,0.005185338018297326,0.07639524905452,0.08439674874855342,0.06896593927747782
2025-12-15,0.027109995511912007,0.024657473354815974,0.025144478226852243,0.00797172440645088,0.007210138437626483,0.007527806340821551,0.04212087296427148,0.03957693129601747,0.04120649494557077,0.006460355284685035,0.014810997537863467,0.008133976359269185,0.010828296764971622,0.011119681570257452,0.010047359340085637,0.007590225117928119,0.00790941356703925,0.0068629203257178015,0.004830985594763075,0.005278303184964899,0.004979219726677733,0.07746841593444104,0.08455459321308047,0.06768144871402745
2025-12-16,0.02716050472102794,0.02475000464613513,0.02482933927083672,0.007606909137517695,0.007272442773686528,0.007589152657832025,0.041834853157998085,0.039139750764856346,0.03923519057161457,0.005591900629988767,0.014688852329005311,0.007774217701201682,0.010635505461044609,0.011098080509472861,0.009600350064901418,0.007269946428084418,0.007899677593924948,0.006585651240116218,0.004978345082964355,0.005307045446745732,0.005166549138246102,0.07071431045707018,0.08441281663522096,0.0643781073661679
2025-12-17,0.027259658511075077,0.024809826160226634,0.02409217833203118,0.007182921572195804,0.007297173747826447,0.007406535287288628,0.042224949188350985,0.03940763819750822,0.03916774941582234,0.005650315058454223,0.014709091994686514,0.007617866397632416,0.011125292307892772,0.011328458584997442,0.010585876767689857,0.007468044688402254,0.008000506444642593,0.007070121128561697,0.0049790456726826375,0.005229035055104545,0.00491473814194218,0.06813743654618783,0.08475070743499337,0.06484982238875829
2025-12-18,0.02713244204694414,0.024698127664736755,0.02293231188963201,0.007179990102541513,0.007272250817623305,0.007051768485294746,0.04170948520416005,0.03941209596358468,0.037325283755318905,0.005753174144877672,0.01464227204170556,0.007394383460303503,0.01150633916499957,0.011468047978191453,0.011288049181866468,0.0075901969475022065,0.008042670650421361,0.0072181742870691505,0.005102206619749404,0.005243276883370546,0.004960917392417481,0.06815552142704767,0.08486794719251163,0.06332918514661509
2025-12-19,0.02554079519567362,0.02481827857213103,0.02438981450514861,0.006785775721852958,0.007259758453132982,0.0067665046013414675,0.04091279266173473,0.03947379552570168,0.04007776946890393,0.00571804947439329,0.014642006493195438,0.007047860476769112,0.010251973720417525,0.011564871696496757,0.011521323865842186,0.0067406531788453605,0.008091405183318827,0.007425422769136201,0.005064363077986652,0.005265948526280937,0.0048369452278991054,0.06434445861690413,0.08617145465290754,0.06974080427418307
2025-12-22,0.025179615291924192,0.02477803938070994,0.023199641409869718,0.006518749888062417,0.007244500472890881,0.006546110899321836,0.040435156773432165,0.038921343333615376,0.03814028615255315,0.0071317150803850106,0.014875308624258324,0.009134108193255372,0.010202181340336881,0.011568605431435184,0.011035561834603932,0.0065661491471523115,0.008096996470780165,0.007265909144705929,0.0050033465112738415,0.005272122317655071,0.00462697132882966,0.06147383780343974,0.08572604093071344,0.06771092912874138
2025-12-23,0.02507959201709571,0.024557406298972715,0.02228500699780095,0.006508083832713799,0.007244406467504071,0.006227644620648052,0.038899893345189535,0.03876778291936339,0.036461230650068295,0.0069331362500905476,0.014830637326589171,0.009084273102271265,0.008673339762436639,0.011568905998573714,0.01055876046482689,0.005896924220595817,0.008108131709468745,0.00698951893604321,0.004802039397855677,0.00516485777066322,0.004455211422166961,0.05676927173546169,0.08545635366954057,0.06446566914782637
2025-12-24,0.024960203648500382,0.02457801827900671,0.021252594381216402,0.0059034320207369895,0.007271629595111764,0.006076192444745305,0.03893230004707596,0.03875574628046226,0.034691397906718074,0.007115551865152026,0.014837473512873055,0.009094364387354649,0.008611359011803408,0.011569480733870326,0.010055977662567757,0.005626573490057041,0.008106587437877582,0.006677821611976209,0.004999441559213253,0.005213111043643656,0.004672316682022787,0.05398875958539241,0.0855951540428219,0.06173801776833591
2025-12-26,0.023504396685291418,0.023835661866403422,0.020236848420181766,0.0057968010389921045,0.0072724227676448355,0.0058005683893906914,0.038601155822103946,0.03805838281833685,0.0331685809654135,0.007268717691113261,0.014883241119513236,0.008924810249701551,0.00843062669217059,0.011557527619605022,0.00957549922075508,0.0054746166180710985,0.00809920554322187,0.006373371773358033,0.004866096311983482,0.005219043720390655,0.0045634346787441216,0.052364369503863216,0.08560367762265109,0.059241868516279876
2025-12-29,0.023546002864428008,0.02363058347033674,0.019330909548149127,0.0058653756589619995,0.007310899449910267,0.005857551922253355,0.03858867729833891,0.037682583836245315,0.03155723324721712,0.012694971031517666,0.01602131396626615,0.016922680354232774,0.008342756991993019,0.011569840559313163,0.009292378620339131,0.0054542135745591185,0.008116797350606107,0.006248945383205392,0.004915280722910788,0.005228481219934173,0.0045002153158083535,0.05288821805042316,0.08575017495399138,0.058989714922214664
2025-12-30,0.02140543982217725,0.023656083489309813,0.019122206385839172,0.005524399359788601,0.0072968995424916696,0.005642637951248969,0.03563533926877855,0.03773976154580334,0.030365889567825464,0.012670597174240602,0.016002981011637232,0.016096895707621905,0.008322444164033712,0.011559369924726294,0.008885196071856028,0.005341253157882881,0.008119686979276274,0.005981133320345694,0.00411108224150647,0.00523172317725682,0.00435041543526363,0.05111890876084485,0.08575690312416584,0.05635610654195084
2025-12-31,0.01687591983605315,0.023553024281398247,0.018411245009814746,0.0057192074792829645,0.007346488200998919,0.0057513239227055405,0.031917018878369584,0.03722488169494021,0.02888382078308973,0.012671489700254038,0.015883193448932683,0.015453410197836678,0.00833237759167296,0.011577326571413986,0.008845679201347479,0.00562579855599879,0.008173196288901168,0.006200734335649146,0.0044460490703286245,0.00523232344645525,0.004775581060591176,0.05183942507743606,0.08589643123272733,0.05567234685836139
2026-01-02,0.016202958749449378,0.023571802334585442,0.018125206801183364,0.005566382388714864,0.007377009504188942,0.005800627240417149,0.029779961295658658,0.03744873334708094,0.030320043182264503,0.012687100127480823,0.01588248096312233,0.014780893441280802,0.008307789247202099,0.011558322127038516,0.008426294111025457,0.00558759086521926,0.008158021719085798,0.005923856352635159,0.0043687453258379515,0.005178577537214651,0.00454717792001733,0.05180453859415295,0.08572387136213246,0.05360091083509179
2026-01-05,0.017171737674014136,0.023798637040744308,0.01911100536245262,0.006178652934529436,0.007537043646832449,0.006616023819076906,0.030175467257645094,0.03759022228330862,0.029760799374628773,0.013838794277101761,0.016088649069546865,0.016093904411803122,0.00853120866610842,0.011509636050982779,0.00841468072966846,0.0057763867967676455,0.008166528959162532,0.005963657432784892,0.0044264280012530095,0.005219731145947314,0.004665986152837966,0.05211839536416314,0.08548063983377281,0.05185346388539806
2026-01-06,0.01570027173414053,0.023789641529146494,0.018215575982448457,0.006474504756982763,0.007576334422542619,0.006755307467813349,0.029282821931809856,0.03763751044585829,0.028741522825856264,0.013905047418160656,0.015910350664982083,0.015498192266361621,0.008721243186996196,0.011560171738105763,0.00840722096564869,0.005901024798075131,0.008185071573702444,0.005881188902266968,0.0043345445460667344,0.005224984185271965,0.004469090190450462,0.051908050259570494,0.08549080519668013,0.04938962821807858
2026-01-07,0.016815228111508797,0.022441781558582327,0.019230024738197685,0.006828131057044146,0.007254803313366898,0.007358321769777607,0.03047266852309718,0.03488769428468766,0.030631303518304422,0.014148377359922902,0.015946795395736315,0.015261166610722491,0.008712794948782052,0.010599400322483925,0.007996914131200546,0.005908283064709367,0.007359074505156777,0.005756413379032824,0.004482052340989711,0.00483463535428998,0.004658448343693509,0.04936282021340096,0.07494061251704731,0.048898428727166036
2026-01-08,0.015936645298176438,0.02242823866527386,0.018304600503461013,0.00677603468755143,0.007117319392279288,0.00709578168788754,0.027010091215224925,0.0347560075864337,0.029883941318259045,0.01415156241192066,0.015680701557951603,0.01454867658536347,0.00880159951992224,0.01029533706435258,0.007872622135171887,0.005900823540399524,0.007114319800528036,0.005482997782185272,0.004621333982207524,0.0048722005583919,0.004692814485129004,0.0491950513804407,0.07331211417875247,0.046518244860246284
2026-01-09,0.015910456045238434,0.0223631184420248,0.017467573051427272,0.006523050585578436,0.00712276151726463,0.006822915716454983,0.0269952611198783,0.0346473673087949,0.028505760308014036,0.014179920988699522,0.01568131789894965,0.013908786871232705,0.009048790480527643,0.010320859861097365,0.008022021778423892,0.005899817559481744,0.007149767696837335,0.005504960600875561,0.0047868848384360115,0.004935173559859487,0.004937753141299777,0.04876926058312393,0.07266699727421345,0.0483046123109858
2026-01-12,0.015883991981131433,0.022305617586039765,0.016696059595843006,0.005881418233415956,0.0071213256480576,0.006490425964360883,0.02649586576054083,0.034474052148260985,0.027223175589064764,0.014509105973557165,0.01570606324984085,0.014046889776478126,0.009017277672862253,0.010288689695105956,0.0076318761163532665,0.005890815598791915,0.007134982900021151,0.005236804670540902,0.004823772069783321,0.004940939289072212,0.004797955691608274,0.04800456695353644,0.07291553780595564,0.0481135685627194
2026-01-13,0.01809534485202845,0.023094622573483957,0.021111844796655673,0.00607169812959522,0.007145477540934676,0.006870959840218437,0.02958142922831299,0.03594414431367364,0.03446386033812097,0.014544736148229194,0.015446083304880679,0.013481368534893307,0.007806681067962229,0.010276387300042366,0.007306577287503242,0.005298690999457427,0.0070746796133375625,0.005081952196323035,0.004278154850492059,0.0048402885881274746,0.004593171835860019,0.04781511780126626,0.06693946703692288,0.04880386778882382
2026-01-14,0.017614783064319718,0.02319311543656126,0.02048158752476792,0.00607481089524187,0.007130839517212874,0.006558204907577351,0.028463157397204463,0.035964521536797474,0.032802075420030455,0.014612654613924416,0.015263848456650192,0.012960711634273111,0.008136526881167694,0.010352965813433423,0.0077909911776327685,0.0054376247660057175,0.007085351136288913,0.0051543933632366085,0.004441475996298958,0.004905019342484773,0.004689222131912109,0.04781004513270759,0.06327985776759397,0.048132755182297295
2026-01-15,0.01779115030332487,0.02306815931931004,0.020303009005547382,0.005917966143149163,0.007032474547202423,0.006417016101613304,0.02867888426989884,0.0359716373635431,0.03164604367316806,0.014762273633961917,0.01459454625373714,0.012742006248913992,0.008156608474455181,0.010239238577145223,0.00749421990337155,0.005384281614829831,0.006975920020553096,0.004949969553467446,0.00430084387027061,0.0048743607248647475,0.004468887283193475,0.04943740400615237,0.06165683874033306,0.04971071729717697
2026-01-16,0.017065813955695917,0.02298547045862152,0.01933643178250205,0.0058040646423711,0.007024894527129814,0.00617760303831405,0.02639885833166795,0.03586265339775857,0.03028949195526111,0.014821481669432942,0.011854606327974021,0.012379343044623127,0.00677957090132965,0.010240089253555795,0.007135898845395591,0.004600662675310255,0.0069779287961780085,0.004730364205406384,0.0045139475093824155,0.0048719896850318405,0.004664683221811583,0.04663133107038601,0.0616051933201871,0.04729074402604062
2026-01-20,0.02019252035699538,0.02362151423892197,0.02348446803614431,0.007173704064641465,0.007334879866617911,0.00807395740681193,0.03256150075770842,0.0370926884770067,0.03802130635447763,0.016705454898303582,0.01272588724266687,0.015820718548459695,0.00787793696465923,0.010537256119986689,0.009358302313861687,0.0065390625764842536,0.007448881841106375,0.00773432163950324,0.005267152084591897,0.005129501805430359,0.005936144652460352,0.07554905098076899,0.07042121645561578,0.09111682649419692
2026-01-21,0.01915465884468033,0.02346699732522295,0.02273507338887062,0.00760959837767864,0.007476303996720685,0.008604226789719166,0.03046995939699567,0.03711155617288179,0.03661472697335589,0.016821091912939075,0.012819230665836566,0.015263432229407835,0.007920609019907068,0.010625468816390194,0.01003889170286276,0.006735343990996283,0.007554989484247257,0.008333638114761373,0.005527083982629487,0.005180754460113921,0.006246170175984359,0.07981223477822968,0.07288627789068013,0.10343376658448912
2026-01-22,0.019149703465625192,0.023414554764134326,0.021630677322343167,0.007641713226544572,0.007398708655440411,0.008340464334301042,0.030558968679745856,0.036961168551414854,0.03489869665893392,0.016596402237951488,0.012952840032458585,0.01493012475520891,0.008017702157572684,0.010577671967074495,0.00982605352096062,0.006692906315282215,0.007513121830822257,0.008094615434065294,0.005591961635057017,0.005218185057597673,0.006111715198364141,0.08072606428374751,0.07320546075222209,0.1016887811050882
2026-01-23,0.018915899132237977,0.023422671037456887,0.020576851094543526,0.007784490986503454,0.0074043259136107355,0.008182441780113334,0.030372768341830576,0.036969879648498474,0.03322127044315202,0.016609330273890843,0.012369775948962698,0.014306324882937772,0.007979519212513891,0.01032989569299184,0.009385760075992582,0.006618096189934516,0.007361658265562636,0.0076995395599671924,0.0056126117390799014,0.005210607654864187,0.0058695858700972305,0.0807818417053127,0.07312111137791406,0.09704403332065767
2026-01-26,0.019359816639428144,0.023613343982689338,0.0204758106854756,0.0078072381700598605,0.007430545116148558,0.007986514186303341,0.031498327305188305,0.037235171988002025,0.034035072141529135,0.016581958296598052,0.012363095878413225,0.01373066263031324,0.008013937639887222,0.010296691011433932,0.00900149587318373,0.006669347838521794,0.0073821196628156595,0.007463502694855496,0.0055499550613810665,0.005240016558765737,0.005743365095736534,0.08001887626084911,0.07295964011360968,0.09230829989652846
2026-01-27,0.019427489069502788,0.023500686975559237,0.019623210464365697,0.008055104341270033,0.0075109190111713724,0.008075011128775171,0.032178634229207796,0.03748528399985355,0.03373017305129962,0.017048959832128462,0.012593874554126118,0.013859921448914162,0.00825722543175182,0.01034815549060047,0.008904705799564878,0.006722277226534984,0.007398112248014253,0.007165348002298487,0.005684041153526986,0.005142212333896163,0.005850743989150647,0.08001698374061744,0.07287861843864406,0.08783065525786571
2026-01-28,0.019278060601881458,0.02344884349768916,0.01866980046817055,0.00795613742695626,0.007497754022377016,0.007680868833513987,0.03218482358282457,0.03737716030524153,0.03220942684774711,0.013898485935667646,0.01320815314517632,0.015678690992940413,0.00817482457948905,0.010160751995845473,0.008483672756401306,0.006659237666195661,0.007249018238582086,0.006824660254402729,0.005636696826138912,0.005099298181925657,0.005609784467824545,0.0796964682466098,0.07287830593617378,0.08356142679490075
2026-01-29,0.02258790203439523,0.02419458592062898,0.024075016055444085,0.00793219822464919,0.00749727394964461,0.00730597028289905,0.03541096614787726,0.03810151564753465,0.03652517013632556,0.013828773132773505,0.013141594790280979,0.015249338684982152,0.008293804997338387,0.010174316129417604,0.008409095901969586,0.006672208774988388,0.007246079828000741,0.006551634176850495,0.005614914729827146,0.005088120888151241,0.00533722872030793,0.0798540912540567,0.07288576646028874,0.07990482384018267
2026-01-30,0.02249539032483553,0.023807937422040525,0.022908788128961067,0.0077999520089149016,0.007476548936247291,0.00699135428945519,0.036622596848033755,0.03714976934075482,0.036597346623243404,0.028845021109240986,0.019142029249494343,0.03755326922602911,0.008548443680435681,0.010273304273209003,0.00892292423276572,0.006465196738653896,0.007256049545454544,0.006328462719002347,0.005463346556873228,0.005126262626028038,0.005337545755985031,0.07967181009083002,0.07295860500704816,0.07638861784726722
2026-02-02,0.022853151156468146,0.023358288266392215,0.023101821553407297,0.007987161015758816,0.0075344448235566555,0.007342230707963262,0.03619031262155242,0.0358563362882028,0.0368596763154019,0.030647916191036767,0.01976854225194133,0.0378306613032805,0.008634622590937465,0.009966468500688695,0.008745047447921971,0.006530576296265445,0.0071025032089934055,0.0061799550021812465,0.005491387933355925,0.00512486662270446,0.005120693162469805,0.08090684517005675,0.07215185978235586,0.07593684824560633
2026-02-03,0.023530527233795968,0.023585406187379514,0.024782660398733267,0.007560150517906869,0.0075384310253766235,0.007106061950380117,0.0370361103148432,0.03594779350188356,0.037821572202647695,0.033112429986715805,0.021239138263140857,0.0411395330132249,0.009213945463418645,0.010132489903042594,0.009598117274606788,0.006702327263051789,0.007186225400288519,0.006501740811543014,0.005398596428367095,0.004949753474937667,0.00496982957566459,0.0834645842729299,0.07299460463195041,0.0780704528696891
2026-02-04,0.024557772459060503,0.023765809706763154,0.025262271301894748,0.007307712446167027,0.007466698423045662,0.00689348960605943,0.037117408011299965,0.0360195180171282,0.03713181768284007,0.033121399980137405,0.021237250116115443,0.039153816464314525,0.009739793038873259,0.01009765280858933,0.010393116707981084,0.0066454356396386275,0.007071459849439197,0.006346641004671591,0.0054083099564586,0.004807895288031509,0.0047653118949106035,0.08343462371094006,0.07236762055630219,0.07458132444353549
2026-02-05,0.03907645216090651,0.0294746845432622,0.04697537429921278,0.007488894573577006,0.007646495914050275,0.007589926143397224,0.0484857737745668,0.04030177096294793,0.05500796823425396,0.033737588697377224,0.02159504662666069,0.03831576172244608,0.010141570290236617,0.010258460390420769,0.010509957661528051,0.007156912187112107,0.007265918013202511,0.007024999959878946,0.005806275462836758,0.005017198182531938,0.005721350557342322,0.09006319689855793,0.07540344204062881,0.0846162527131245
2026-02-06,0.0494953800774439,0.033952943201263346,0.06253854697620233,0.009279147701287498,0.008196744167314692,0.010455124564294484,0.05850005703136006,0.04413085371954069,0.07034718165617837,0.034248688402562254,0.02166343112203353,0.03757161535134469,0.011351999256993253,0.010222682123272502,0.012481653359592691,0.008446227454803647,0.007407564445347744,0.009175993835907295,0.0056843678009743485,0.005018478768147506,0.005442900318972612,0.09202739797743364,0.07517668798557109,0.08528661750478601
2026-02-09,0.04949571042757408,0.033809370408240884,0.05949916774055745,0.009228095012932267,0.008074082650024367,0.009957854870772638,0.058578542213316466,0.043860401237672,0.06707966348401707,0.03453232398421817,0.021850050041439903,0.03635208665574688,0.011248238411320907,0.010268902585975775,0.012176141940609926,0.00838293826632193,0.007426287902112496,0.008834073168657306,0.005486158182028089,0.004979473674176096,0.005180731429312525,0.09775315946591136,0.07767780177817928,0.095641523416266
2026-02-10,0.04956961041836172,0.033844863588781464,0.05673269061675389,0.009225941266652576,0.008034002399410017,0.009473275764384002,0.0590753947814082,0.04411058312333294,0.06456927222986919,0.0345955958670531,0.021857593265846298,0.034884364966004944,0.011269589712625703,0.010285159177092874,0.011650050580839892,0.008394895125998034,0.007436159260119715,0.008463622117578114,0.0060114486688554606,0.005201667174947696,0.005971187511492285,0.09754008669321934,0.0777177134030452,0.0911794648995223
2026-02-11,0.04831540476828327,0.03390865647847543,0.05427053261991717,0.009012790172377516,0.007709193884240447,0.00905585884392865,0.05619486476021526,0.04388795555313617,0.06202872334923247,0.03458565577927452,0.021830458146818672,0.0332555983309115,0.011302643770771812,0.009941676841937277,0.011132551575063496,0.008384090795986475,0.007098922971533842,0.008052779201528084,0.006152378744498075,0.005138019222537185,0.006029421592627046,0.09706389529255537,0.07555201077702778,0.08683474084000707
2026-02-12,0.047944546342578304,0.03331108733347485,0.05162759557815063,0.009560364308732033,0.007873966598804011,0.009706656380512982,0.056073359768558255,0.04364082162154095,0.05920298985664557,0.035723353164016716,0.022213387317005215,0.03378267402403746,0.011927095688471378,0.01028858589719112,0.012155560240886362,0.00901016821874791,0.007393519211286639,0.009016183871572495,0.006704381685674336,0.0053635810755186435,0.006863059912164971,0.10403368348954181,0.07898962998461884,0.09791470551591247
2026-02-13,0.04919881619748724,0.03368282978028066,0.051271222058994086,0.00947500087743224,0.007701123359409823,0.00923855406436348,0.057961201812121485,0.044145493835301836,0.05948147030704001,0.0359542913402331,0.022299292001866942,0.0329351346065264,0.011898661950739135,0.010233221569156861,0.011642758923760845,0.008981962356870633,0.007284849794023558,0.008594481647063518,0.006783372416148444,0.0053986233449613615,0.006614041060599059,0.10293415396025965,0.07728810032105363,0.09363890120109601
2026-02-17,0.04924362404223571,0.03371782389776892,0.04898101004123582,0.00946635380746657,0.007542031981831074,0.008791713757759365,0.057979154236917366,0.04391279111098839,0.05658316644563305,0.036808772700603946,0.022748704902626878,0.03299197685217369,0.011898125354298477,0.010108392584460914,0.011078130407717393,0.008997050874008292,0.0071922890095572544,0.008212303006475005,0.006593327626636201,0.005400712036027185,0.006294033641044476,0.10313855970611356,0.07614928532622242,0.08964179276008695
2026-02-18,0.048489360528028144,0.03371706554181234,0.04668610873118361,0.0085158476125385,0.007543076365439266,0.008383705113262366,0.055747979182041045,0.04379811163553457,0.05398764318648635,0.03621625207910864,0.022882289421390593,0.03210980775403979,0.011103938911588427,0.010124684817284664,0.010907361083391631,0.007770777333933638,0.00720280117339273,0.008002653928486845,0.00579802716759983,0.005418604367698451,0.006255484677341907,0.08519599169485911,0.07607772384495111,0.08650254226104723
2026-02-19,0.04841487579220263,0.03310130278589625,0.04463244595052447,0.008226098587691135,0.007495574546276601,0.008163851803668624,0.05552402037569478,0.04306105280685851,0.05136336816922667,0.03611374578172285,0.02287682666760965,0.03054331047433013,0.010650109146859606,0.009643161111250265,0.010410047322003986,0.007362603886900004,0.006908963412591316,0.007647761683714892,0.005637789666391295,0.005398640045590558,0.005953468885027617,0.0764360877706438,0.07463579325358684,0.08250794961201961
2026-02-20,0.04865208558645317,0.03311194040750135,0.042926329938029,0.008188099353783862,0.007401045299450901,0.007893566628792667,0.055676197174587674,0.04298999858838577,0.049118138369454965,0.03614411496786478,0.022959246650250238,0.029531085235535968,0.010720247417226336,0.009661000583010405,0.010359801082598047,0.007451362406418953,0.006856878419898348,0.00763072687479545,0.005659051116703678,0.005396766241025293,0.005786196371090076,0.07545648984795911,0.0735509067544502,0.08118870784123096
2026-02-23,0.04937906663883415,0.033493326365676486,0.042704807003084565,0.008910930719770732,0.0077286571237151925,0.00903641785225455,0.05654321388252445,0.04288728774952611,0.04888168884998428,0.036482255338969344,0.02310162211138397,0.02894623479291919,0.010958117616621674,0.009225250914229766,0.010480861982953497,0.007795848162985342,0.006755242543303499,0.007919697094656971,0.0056768738447475165,0.005368152011060215,0.005553588417198127,0.07793156997857154,0.07288155948314956,0.08229914629459188
2026-02-24,0.04893659878130458,0.033485492843379185,0.040621319962763615,0.008969207622115281,0.007574766237876232,0.009004294151405624,0.05541524082862541,0.04288389907647247,0.046553678285020515,0.036565763050218573,0.023212443057704545,0.028176584645287103,0.011231702163675564,0.009296087282612643,0.010621890008096775,0.0078926690807495,0.006712490014221749,0.00790549997472426,0.005617473393881877,0.00536321589155437,0.005283405699179781,0.08023598928276512,0.07236133284041132,0.0823244267818828
2026-02-25,0.05127683553440779,0.03409999882872785,0.043733746514251805,0.008868763288543628,0.0075676073852575425,0.00878397541437749,0.06095527467719513,0.04511827351428238,0.05662215422186227,0.036175211151054015,0.023221236756183535,0.026875594699721526,0.011557847436016731,0.009414788701123061,0.011038619622554717,0.00808226889336865,0.0067406643741625884,0.007931178296413743,0.005356645977417376,0.00533351159888498,0.005042691748055216,0.08302640264335401,0.07253414466978965,0.08285668583172928
2026-02-26,0.051240120159782,0.03410632190269745,0.04164450801362148,0.008868936302566218,0.007537533727567824,0.008355495146444776,0.060965066181848125,0.045136714804580494,0.05408351464587454,0.03510157764622755,0.023202331396219487,0.025609585082814267,0.011759028792020827,0.009485013754461891,0.011227172610516633,0.008172461999296072,0.006750486653316406,0.007787691844660011,0.005314084628794863,0.0053193151183536895,0.004862186602507653,0.0832914697639456,0.072352066995596,0.07975298165080955
2026-02-27,0.050337218769484306,0.03375538219183681,0.040147089020141594,0.009209755511650793,0.00759159926927071,0.008586330902581138,0.06033969188123516,0.0447927496526422,0.05348883168510919,0.035239053804559745,0.0232336746050569,0.02451510015205569,0.011724081070003521,0.009484144049573784,0.01071934778416534,0.00822514158126539,0.006753393072699195,0.007562316168426704,0.005389471390928779,0.005105570988020272,0.004817723594201359,0.0841074018556669,0.07250246460740294,0.07824618620375705
2026-03-02,0.05169191957452388,0.033427010950463916,0.041036629612604944,0.00919526703159217,0.007580882458893594,0.008167535014425048,0.06090149058980705,0.04422377060651295,0.05296316701826921,0.025836171158286046,0.02322236831853319,0.023444862621396518,0.011484912841319668,0.00942780554081135,0.01020947733914938,0.008208201452649522,0.006750138529614176,0.007197213014324575,0.0057959169282212975,0.005284613244245934,0.005851317035651813,0.08536797145707477,0.07291476967101998,0.0774494241248851
2026-03-03,0.05132943870629686,0.033261268182249816,0.03910952469799809,0.009021697115873768,0.007574074232739726,0.008027694947599055,0.06040057064334884,0.04343251186389132,0.050861582693245165,0.026272747043534755,0.024055755106169245,0.0269473283570352,0.011518944557502913,0.009515098278577015,0.010208896292793375,0.008313890957230473,0.006834791770691216,0.007325985940876803,0.005763222049304169,0.005283121213782229,0.005633678637771605,0.08539881652019515,0.07370871092750562,0.07790698751937172
2026-03-04,0.05295443537865872,0.03432498164307848,0.04194894641026844,0.009073793035333528,0.0075927884778347905,0.007845372242003091,0.06189330056908145,0.04446376464655274,0.053193182752448984,0.022391346716412443,0.024059286143761776,0.02571818850591652,0.011673151173684887,0.009730248785678778,0.010906750790365315,0.008311432846323633,0.0068949894317571194,0.007376494018769671,0.00586551240258796,0.005250081431850433,0.005476002669994839,0.08755248656778343,0.07502901660559264,0.08323883010826745
2026-03-05,0.05268716239270195,0.03426978103392865,0.041059167420361496,0.009636275853409223,0.007885183597554279,0.008779799350790974,0.06156522625166084,0.04436157408595849,0.051499647052705766,0.022608644052479986,0.024134216260251848,0.02479926964690469,0.010988433077973892,0.009719713413161963,0.010422961280839737,0.008334122855603636,0.006929198364980212,0.007199899559564983,0.00592975404238916,0.005241223203000829,0.005366854317828907,0.09092192685215147,0.0763705907663341,0.0860278124995079
2026-03-06,0.04206560071266581,0.03459958751219549,0.041011097309560623,0.009523589774922589,0.007967948775835522,0.008636304881884369,0.05168607164396178,0.044612940383953824,0.05106152853576721,0.0218005683302141,0.024173362974282613,0.024053371524564694,0.011034948248041531,0.009900937993232944,0.010901170986946077,0.008382600308399471,0.00712265086205662,0.0077980864724601865,0.005601011267744586,0.005246491437646918,0.005216490593219455,0.09858060652609013,0.0815420179902364,0.10525707768371008
2026-03-09,0.03235095733205879,0.03481749043643075,0.04060778199921981,0.007507618233261717,0.00798573380010772,0.008610950928356688,0.04274880561885348,0.04398753682793443,0.04943692746123429,0.02087323002118411,0.02418415675948488,0.022907460139655576,0.010378629317387601,0.010061327984897533,0.011284417994230618,0.007366164354363521,0.007215263535797994,0.008082839268320817,0.005877262524770502,0.0053568238122272205,0.005682640591872744,0.1029473205660434,0.08374773899194592,0.11358150892297217
2026-03-10,0.03268080422824189,0.03494288945556268,0.03906077181271506,0.007495452461092772,0.007872722400520884,0.008208638143233023,0.04299605816733561,0.04410480586302512,0.0474387014307659,0.020271843639507434,0.024204324580038915,0.02199399803401836,0.010217154103038605,0.010044229497756574,0.010733627811751611,0.007243691949820545,0.007164313100312754,0.007691365506294739,0.00643964033069335,0.005524317109898168,0.006344470965404432,0.09602191288835092,0.08322290125573954,0.10900784398864927
2026-03-11,0.032295012091905544,0.03493918987605697,0.03715508188206175,0.007487640030747423,0.007704523757604578,0.007902266638052713,0.04187167283800205,0.04400998039198332,0.0451371894976838,0.02013317734462815,0.024203525394525676,0.02099021482323876,0.01017032746895106,0.010037709857989364,0.010209776416793326,0.007235822200370313,0.007157996470381436,0.007316501607778374,0.006576765128177193,0.005775039801015028,0.007072613210572495,0.09667974972038182,0.08288691347608884,0.10474574367863951
2026-03-12,0.0315303887921252,0.034811116005807795,0.03534204384254747,0.007997787516993881,0.007925127937691718,0.008481305900114254,0.04063747933673274,0.0436368178176643,0.04298271584160168,0.020539303896785106,0.024385143790991368,0.020980165867121797,0.010815729986223719,0.009978963927665662,0.010997663848333897,0.007881986613623602,0.007290008522493897,0.008168405014339103,0.006492667411260807,0.005641298721884375,0.006727490122211904,0.09927735596094153,0.08398022840973339,0.10497215018665992
2026-03-13,0.03129056675131624,0.03472943636034415,0.03362267868135084,0.007652805486024802,0.007928361861697701,0.008077521232308716,0.0406349304243145,0.04347399243947545,0.04091249071308082,0.019122384422882936,0.02447130958585069,0.020316249265502795,0.009920241529771388,0.009986801753774472,0.010539558384627282,0.007275387972962037,0.007321178820860164,0.007833889934282077,0.005695403362901425,0.005678569548674742,0.006466848643963296,0.09263993428711519,0.08387338230334536,0.10027454447493123
2026-03-16,0.03074182958532139,0.034860338328801,0.03276030960546147,0.008008965314389743,0.007970387873452639,0.008471367338146291,0.04267439984255691,0.04469185557161759,0.04498495319104173,0.018293990152427123,0.024473755649246663,0.019325470769638534,0.010251186900636294,0.010094646693600738,0.010793771004642969,0.007713788852309044,0.0074396660215582,0.008393851045610983,0.005857581175225474,0.005722481791760098,0.006833327752444014,0.09862747230800548,0.0859841650077684,0.10678294058269165
2026-03-17,0.030479752158707223,0.03480684279678428,0.03171885119409817,0.008012005216157178,0.007953631768074825,0.008132711901745604,0.042900301168453565,0.044334793518584846,0.043503422754175874,0.016791056477031628,0.024471402150895563,0.018385072202378252,0.010307337668696449,0.009824351286954087,0.010408481709315258,0.00773464570798029,0.007310153001234613,0.008077333792198382,0.0058906821738574,0.005731349137420217,0.006607794379885495,0.09937506344481913,0.08594088245622253,0.10303066134120992
2026-03-18,0.031559298202923025,0.03510960146707806,0.032652702318814765,0.008530322713716555,0.008231912741684175,0.008919818645605777,0.04439558575500436,0.044814636839616354,0.0450148415704564,0.017550290643272137,0.024863091534444146,0.01969706516747766,0.010621556800324701,0.009806537533822513,0.010723540536805413,0.008127980001299768,0.007462256919475447,0.008610706886362039,0.005946777437751416,0.005745355440689272,0.00644807940657711,0.10187988607384116,0.08692746842229378,0.10426291289300857
2026-03-19,0.031974188532886846,0.03494771597589965,0.03163807865731246,0.008521525415861443,0.008227987114057622,0.008487484559558804,0.04509483148560466,0.04444084723176325,0.044021895849760614,0.019638052461465817,0.02548541313374042,0.021769423787669447,0.010612733749069065,0.009654284414492599,0.010211471930872837,0.008127146550385649,0.007364909298073888,0.008190616137825199,0.006154649340998316,0.00577828530945123,0.0065228880811316475,0.10263563550090539,0.08560670921934817,0.10058431378470556
2026-03-20,0.03187135761475713,0.034970451105609826,0.030224611575723776,0.008390132633568166,0.008267110276398051,0.00824563838047642,0.04507314294616184,0.04444471483490839,0.04188710169418433,0.019720556566307407,0.025653373828124968,0.021800991934566666,0.011052744768164934,0.009898641115280896,0.010947333730866291,0.008294395871755338,0.0075237058813183684,0.008593778909180963,0.007350357132862791,0.006277039865252717,0.008318506782785689,0.10354766357725952,0.08613292465879867,0.10064095555048677
2026-03-23,0.03109796288944346,0.03543903051179863,0.03177857437985898,0.00873027318980209,0.008463383746917089,0.00942841343881675,0.04401280304794196,0.04485494987766794,0.04230942426521134,0.018417644309026395,0.02576942676776841,0.02107714878153436,0.011193336372459527,0.010002896180938508,0.011325703372547109,0.008617696781332033,0.007634018812252496,0.00918931139794529,0.00748878409415178,0.006332330465956656,0.008349553223177333,0.1023045492835879,0.08623381567682115,0.09659152194471785
2026-03-24,0.03103125961962987,0.035445300840830335,0.030382064885653016,0.00839007522433392,0.008422082036752468,0.008970354753584058,0.04397893349892591,0.04484774260277938,0.040260978462689404,0.018472892068565457,0.02576388554454449,0.020344574685964508,0.01090902028778361,0.010019508788685048,0.010874900890122316,0.008349590755831703,0.007620701049216503,0.00874881844692315,0.007464647139831896,0.006304551076967356,0.00799035069521705,0.10034017685598492,0.08598858812404403,0.09199412536311544
2026-03-25,0.028459776154548422,0.035475196586932156,0.028990406818399598,0.008406443601189266,0.008473411231678317,0.00893116499375241,0.03726530673212736,0.04484316424682624,0.03829622520843032,0.020314428218727126,0.026013601688657375,0.022836053780313892,0.010415973166036012,0.010066932465192482,0.010689377568971536,0.008177032911743697,0.007665208805383949,0.008647246652037194,0.007899834332577554,0.006418986916131288,0.00834135779378226,0.09922531193126062,0.08653398403545587,0.09050570615637273
2026-03-26,0.0297633087759832,0.03575538526903571,0.03004864407218158,0.008526823682511108,0.008548200153404508,0.008909858147440823,0.03904202512441266,0.04530881858612325,0.040042479026238746,0.02115168423957425,0.025854854757008872,0.023673835634929474,0.011296743437300324,0.010483564382619949,0.012193398664226774,0.008852308009453731,0.00797011227432545,0.00958980629634887,0.007928784797340644,0.006488917867496947,0.00826878441605098,0.10011549799834905,0.0869123252963884,0.08892361233326229
2026-03-27,0.03047529932672528,0.03598560774687489,0.030591954466682593,0.008937993828377178,0.008807120043186702,0.009590695647353379,0.03820426696835207,0.04547127517322001,0.03937076087498286,0.02283779617880771,0.026239586870624863,0.02619020194463862,0.011896618246451383,0.010746008432352272,0.012546520759457747,0.009381638067803367,0.008235430799168381,0.010049757617120278,0.007713722152877312,0.006518237589840086,0.007959039200065717,0.1025985626245266,0.08820855699211701,0.09142027373172897
2026-03-30,0.02883429648730458,0.03599965984846525,0.029405493760366577,0.008997376383206855,0.008786304304211708,0.00925806574181443,0.037151158373104745,0.045558425221834724,0.038133251280889784,0.022405475773729165,0.02622192929024561,0.02495363992684172,0.011866963155297672,0.010739691176498518,0.01195750006142024,0.009327527267078193,0.008200601285873695,0.009564324511938777,0.008295545744899315,0.0066703640329983434,0.008832775128364861,0.10223391058767657,0.08822669837605643,0.08785242288363589
2026-03-31,0.029155538534451818,0.03608474972566407,0.02894086589733616,0.010955004445675627,0.009341312404979313,0.012167092330479872,0.037627112095245274,0.045539684592610805,0.038322990602716246,0.0229152508146644,0.026645445644796848,0.026969733317993093,0.014466478830378009,0.01166955954660375,0.01640465475482438,0.011803973008550489,0.009077537700828895,0.013551481256599067,0.008295689664314187,0.006668820643382593,0.008404133219185213,0.10957177252357582,0.09143612262523645,0.1027466881878892
2026-04-01,0.025279291653794105,0.03590158248893534,0.027543667788161506,0.010967380060410807,0.00920674987665931,0.011693111425420406,0.03428415482304242,0.04544684369789557,0.036668639390157735,0.023276502363596796,0.026531196175885747,0.02622462953183798,0.014299636002694422,0.01173999794139124,0.016164584570576613,0.011823894640920126,0.009090302678735647,0.013150039324544924,0.008287658439817793,0.006639359494778388,0.007995714688841802,0.10680383008296472,0.09157310696253261,0.098223745683049
2026-04-02,0.024910061893296222,0.03596336525242449,0.026752965975386806,0.010459149259174705,0.00910045673275625,0.011125167475440075,0.03493111505827846,0.045599039157276505,0.03715426128612655,0.023470180353825542,0.026635425001895988,0.02568675184018227,0.014315144648379352,0.01167501695223018,0.015381975764139421,0.011810227788497211,0.00905082897389993,0.012513255495540016,0.008429548213376955,0.006681060581291202,0.007862457417414445,0.10389269345430184,0.09167165697023376,0.09382799291800012
2026-04-06,0.02324816677157026,0.035820464710984094,0.025447699487523207,0.01033177252916174,0.009050427219407093,0.010644805636703898,0.03318360185761666,0.04533728791614255,0.03534149269830656,0.02300988991539798,0.026608054107222466,0.0244532436795538,0.014065433502724909,0.011707407071762807,0.014749939258665141,0.011574679804481219,0.009072978510546052,0.011993491422308761,0.008405716224624899,0.0066419080624272675,0.007497605296665606,0.08784502619229587,0.09158350087624866,0.08934658611713316
2026-04-07,0.023929074689015048,0.03630267189931661,0.02789077640180627,0.010225980296543667,0.009017768821942287,0.010145318922310739,0.03538289511400363,0.046035858116731256,0.03867468083643343,0.023234459094226338,0.026625464306957634,0.023487493406080858,0.013670899878459966,0.011691082727415087,0.014030197064519266,0.011360146092486105,0.009073824670284203,0.01140816783686697,0.00810685777829021,0.006609418456893214,0.007131710513089215,0.08373130595442627,0.09185284394139415,0.08732287374318295
2026-04-08,0.02362424832140788,0.03632462736637206,0.0268853281149858,0.012186815059647237,0.009754929454418446,0.01291398886368974,0.035714076253511036,0.04612350860065432,0.037817140342547566,0.023085588914262732,0.026622090605197744,0.022423417965765316,0.015350268268004364,0.012263864012031802,0.0160073571424216,0.012830599195311721,0.009639032989467689,0.013235025528824296,0.00784929271617637,0.0065665130415775135,0.006854095740942676,0.0936042394680376,0.09482798025423417,0.100895327385581
2026-04-09,0.023690574076083788,0.03634065429010348,0.025668001438846445,0.012146568750636435,0.009783292198332827,0.01231670796541582,0.03571370340218534,0.04611073721307271,0.03599065339150007,0.02324805347091231,0.026536953280951032,0.021440323433633328,0.015423585064420778,0.012298336700528125,0.015264326250426173,0.012886767627651525,0.009668394703444758,0.012622768738340213,0.007313440141898903,0.006563476862279173,0.006574531486714491,0.09476523446250412,0.09534383141812558,0.09776328437334977
2026-04-10,0.023955433347049457,0.035920362749265675,0.024799547160168398,0.011634678537624253,0.009755704839943475,0.011992492657843629,0.03603695358617108,0.04519816147167225,0.03490279655506359,0.02295344683732989,0.026537541729607737,0.020413851134419476,0.014860532115568044,0.012299616115416547,0.014532730429704478,0.012355915898382972,0.009665900541524733,0.012057133440989633,0.007320716324608382,0.006567129271369029,0.006296660628775807,0.08946725163729834,0.09517238576618231,0.09300063131785428
2026-04-13,0.026559212212230066,0.03651147321698348,0.027812969310164106,0.01164356384598547,0.009789713021297141,0.011464713695604195,0.04000645381936614,0.04641557589118861,0.04037220605134244,0.022837410589883617,0.026517013015624324,0.01947538577736432,0.014888732818383052,0.012298689040067605,0.013984206786704093,0.01238646096429065,0.009731665953719116,0.011667528751969832,0.0072566527072677805,0.006534675437022092,0.006067348431476367,0.08945662865591299,0.09503577401020982,0.088529605741351
2026-04-14,0.02595399138217947,0.03646849581929186,0.02672354154744922,0.011607198621024134,0.009802000616131987,0.010985595814209468,0.03658207011478218,0.04646624733342923,0.03962310208849032,0.023509846599957356,0.026646970825676238,0.019662791642912843,0.01518961687802423,0.012511904429124199,0.0139692222991857,0.012464320475591132,0.009852634482357677,0.01141410397530636,0.007145439763653124,0.006571661151618038,0.005980719748448213,0.08505063119320214,0.09489598213942187,0.0845073497992261
2026-04-15,0.02575419755617957,0.036484365825918984,0.02542143228012773,0.0116311274801909,0.009801494928507121,0.010539545617065755,0.03647834298322322,0.04650005851934594,0.037735599003303005,0.02359500675632091,0.026678045788323022,0.01910521727768773,0.01540112298013657,0.012635459381295375,0.013540967774912356,0.01253193309442861,0.00990217317631783,0.010914619830683668,0.007189741603429247,0.006553073963730927,0.005880574073146988,0.08453866297109267,0.09491931495100728,0.08041922912129293
2026-04-16,0.02403094437717973,0.035983217771980526,0.02419472012784675,0.010796314508443912,0.009543222724410565,0.010027133934059457,0.03435056662823847,0.04532805042238126,0.03615830131935979,0.022527747204491865,0.026238975553737418,0.018184486345347577,0.01488229936343057,0.012318237003715028,0.012886419152094621,0.01193181871416819,0.009526744831250314,0.010400544472808977,0.007220812165939359,0.0063794432342038476,0.005921424897464503,0.07894934240347179,0.08858506277071558,0.07650870000807126
2026-04-17,0.02378082044150785,0.03610353518215656,0.023725784403196032,0.011207791353337266,0.009699302034794905,0.010637068999156556,0.03366490378086979,0.045453757093421025,0.03504269897916584,0.020523439532186705,0.026227855858449466,0.017682096891419974,0.014921915935652109,0.012310859232820829,0.012439905513244356,0.012014085833465868,0.00953752921473842,0.01016499261929279,0.007391011714188225,0.006413055206834733,0.006338451293493807,0.07874175008269187,0.08612364785235672,0.07281897366359909
2026-04-20,0.024192943692712642,0.036259359378663404,0.02323471405347188,0.010838040634592098,0.009670773356237906,0.01018069565930696,0.033765608707953414,0.045500559350252906,0.033512959180893614,0.019211038586078387,0.026145149901034306,0.01713506869085445,0.014037922016633023,0.01229387672217445,0.012201213055070392,0.011326196233831333,0.009524804038742011,0.00990032350946084,0.005898145520201074,0.006389522559526367,0.006032267054064884,0.07623870712669344,0.08603330670952734,0.07523167427033972
2026-04-21,0.02258186854890648,0.036263823859854515,0.02213967201143773,0.010836597178664104,0.009675108578321245,0.010108167429823536,0.03255244450018579,0.04550183009245082,0.03193279266149938,0.019658416920996655,0.026333103044760817,0.018570103616189767,0.01410782221027688,0.012303901003780229,0.011958119358805943,0.01149152351264869,0.009568909544969216,0.00997695931348305,0.005910576016576224,0.006420163415470537,0.006004398247770671,0.07694135059122033,0.08605538957305026,0.07267310961486816
2026-04-22,0.02273114279884579,0.036307427669720276,0.021474354600583924,0.01080345542014194,0.009681317007435677,0.009698460895969471,0.03263660485715375,0.045310906178003124,0.03050859221282921,0.019768192384579636,0.026320041151551062,0.01821962961512941,0.014079565060069613,0.012469224862777049,0.011923556525413671,0.011454111961474316,0.00963232112410038,0.009706817871296984,0.005813661040640747,0.006394509276910388,0.0057483480460205315,0.07638021868610373,0.08618417077596784,0.06953664693918554
2026-04-23,0.02276991422396837,0.03629401886254669,0.02068189831368221,0.010895912284313894,0.009633538020205569,0.009440478143225354,0.03321584935864836,0.04521238458516077,0.030469043660276574,0.018980416239690018,0.02613318940098691,0.0175660558952124,0.014309539137741419,0.012449844966670525,0.011869029287119519,0.011594191241606327,0.009638028710873919,0.009533013726611665,0.00543841878267356,0.006350073439211299,0.005507666110018105,0.07598216414401017,0.08620062377378093,0.06666600799847515
2026-04-24,0.020916527063673498,0.03632779330072799,0.020662004062421278,0.010491978044764556,0.009636375364196845,0.009062917414517,0.030564727368708737,0.04521689056166741,0.029375992953245014,0.016548349097678005,0.02561424371479264,0.01681286951139878,0.012861776569361128,0.012673132504193024,0.012077755917626477,0.010425206305136629,0.00968430326612648,0.00916851848073101,0.00507055157239332,0.0063477016057655105,0.005275126731239973,0.07278002337404839,0.08633295636653378,0.06391744286584744
2026-04-27,0.01913809274604729,0.035728153373854515,0.021045932177630754,0.00936032717898236,0.009637158999945264,0.008663209637259316,0.030210716598220874,0.0446033248083196,0.029945071300621125,0.01502087104962977,0.025618125969158353,0.016141306910398282,0.011343313127489119,0.012641114223187042,0.0116161745575081,0.009080896603882338,0.009679817044862185,0.008740816035004434,0.00504052214638995,0.006380267768482512,0.0052345986452954525,0.06398189793548045,0.08643541197614991,0.061461161833334235
2026-04-28,0.01979333999596499,0.03577074187694497,0.020848435327073037,0.009412032107791391,0.009632182790973337,0.008278653118899353,0.030305703270439664,0.04425703298230809,0.028646702357278078,0.015701829522516576,0.022069429070174007,0.01622144606399875,0.01153419256367981,0.012609511284506941,0.012024199567847603,0.00916993603336418,0.009694645368691007,0.008686682847213986,0.004061508997556999,0.006339976496852618,0.005000148804729176,0.06401854215429342,0.08637578162058963,0.058461632064305366
2026-04-29,0.01977869695236939,0.03569156173356091,0.02015138344269563,0.008332615077317942,0.009569185525276294,0.008163846809541199,0.029832628835208198,0.0441278930095896,0.02784135319755918,0.013260124150789943,0.021498885164234,0.015608842510565157,0.009840439619409188,0.012603978123989418,0.011451924124091078,0.007471182927368851,0.009677682963219655,0.008307104992242359,0.0044121080921402135,0.006409364081201837,0.0052553839625265695,0.05566773535017395,0.08616621823176579,0.058938505826587884
2026-04-30,0.019662040800564374,0.03530161070373356,0.01920085978807527,0.008863528030477711,0.009788870984953953,0.009053540447686255,0.029750394897524277,0.04360570655060826,0.02648246771680559,0.013081070884613499,0.019913440937115723,0.015863769784946163,0.009775086090950933,0.012462360444713737,0.010994534400718957,0.007541386223371764,0.009681523626473409,0.008220362255447727,0.004411746760537001,0.006402279150597024,0.004998971722886024,0.059073443246064124,0.0863466814263972,0.0634069951122871
2026-05-01,0.01911181251015581,0.03508021853058997,0.01932597279941286,0.008938622924560496,0.009779611442973051,0.008776895677518734,0.028016794686311873,0.04332027184812853,0.025634805412177736,0.012404529150728713,0.01991342203775355,0.015090849566486972,0.009702961614329193,0.012254898866883641,0.010555394034752062,0.007503881062429608,0.009656405737365521,0.00781992056986576,0.004246635891747646,0.0064111288860895285,0.00495318115891524,0.0592279217935937,0.08623949933263614,0.06058296086121175
2026-05-04,0.01898390188551303,0.02953435371690572,0.01867012277868626,0.009484321889563446,0.009764113547174906,0.009200670797539372,0.027948346845214755,0.038340977957355256,0.024494623664090998,0.013126496955149633,0.01978684563571124,0.015372274713503336,0.009910702473701927,0.012078456575144312,0.010270614674172876,0.007736193181420977,0.00951505013944366,0.007712436188735098,0.004530739772663888,0.006324422659202309,0.005161662162630256,0.06243844687599322,0.08403957077925259,0.06340144420458195
2026-05-05,0.01720896343074205,0.02506782569038513,0.017888989785677666,0.009476850802570243,0.009259039848288343,0.008958570485008682,0.024764835534313818,0.03455964524869682,0.023312549509094612,0.013077642738005416,0.0193900261266323,0.015067268696763461,0.009874875531349206,0.011904957615510052,0.010088438255896521,0.00772126346421179,0.009260284946177706,0.007524830653103892,0.004745901206876535,0.006367817994167204,0.005318640720920778,0.06011704362245367,0.08387000931418549,0.06193499713490972
2026-05-06,0.016563445582445692,0.025056451160995398,0.017019127983168698,0.007701236638713927,0.0093989665923588,0.00916027916254579,0.02396960389669107,0.034574574650269044,0.0223155584116738,0.014821705777453438,0.01951502820340175,0.01738565183450327,0.008970881242757012,0.0121297997661924,0.01065323942927959,0.006405300924647427,0.009399070630803459,0.007875678833673709,0.005020401396137234,0.006447178809216994,0.005632337568687005,0.045706417097316716,0.08157132176936861,0.058960530224676407
2026-05-07,0.017636096549619344,0.025033554153532287,0.0178032713642209,0.007869426970320727,0.009432541233235852,0.009085525136442644,0.02498306482591905,0.03431138567093884,0.022898165819302287,0.01470880884570488,0.019484142057406197,0.01653926275839846,0.009154653597051282,0.012105141346741241,0.010420465602869095,0.006588456575701245,0.009402062551071452,0.007790031420887116,0.005107796755169911,0.00629394500426794,0.005578794226569555,0.04314894276120086,0.08156638387502822,0.05618420685276643
2026-05-08,0.01756682876733407,0.024715503032807392,0.016952936849273806,0.007702280678314509,0.00943178516813992,0.008647287538492964,0.024533142295465524,0.03384038403979226,0.021868705287713435,0.014755612574924038,0.019432935557327554,0.015777642199494547,0.009805382076117525,0.012411131631148473,0.011202674698736165,0.006580232699772744,0.009446759943431282,0.0075555064535106865,0.005223479629157275,0.0062972281922744995,0.005544972848777205,0.04319110429228599,0.08155629484013059,0.05361083214331188
2026-05-11,0.014175183703736334,0.02465760932227136,0.016382429377591767,0.007638292423605034,0.009273730246575596,0.008227387373822555,0.01678858480216873,0.033914746512176575,0.02119834238816911,0.01473652812813432,0.0189265157858788,0.01500942097009351,0.009839608592293148,0.012041065178688441,0.010755954070717763,0.006454528403441678,0.009192457100103826,0.007201715313276167,0.005336288702484011,0.006087737187419295,0.005597977529480041,0.0462417627421404,0.07869525761082828,0.0558417156409759
2026-05-12,0.014752330782712096,0.024355602236385564,0.01659897320497784,0.007532475007586275,0.00927447354640173,0.007825959144342,0.01734161652553685,0.03358295915246735,0.021787222203874364,0.01378182210376781,0.018636262391296326,0.014364774145190792,0.010091104774769181,0.012131078790686168,0.011280368391690608,0.006236731719550537,0.009199971507781938,0.007026127010803811,0.005323044776336405,0.006087252120742903,0.0056482973115402684,0.045604847575717734,0.07873370247741814,0.05353062390017419
2026-05-13,0.015309324156726766,0.024286603479746482,0.01657882349665057,0.007530885452790919,0.00927616872592731,0.00749604330851263,0.016971220099119406,0.03360276332612746,0.020770677058932135,0.013656260231760843,0.018220890547295827,0.013799927557084837,0.009975573371348512,0.01216157494151765,0.01082553398448734,0.006164137303269739,0.009215784293851097,0.006722670629659964,0.005275450022978456,0.006082335296680027,0.005385443536828179,0.04556844648145802,0.07871258071952374,0.05094400330579369
2026-05-14,0.01591237619350784,0.02426010034891732,0.017117012281023747,0.007651383474855573,0.009318910468666326,0.0073720354239787894,0.017169192389152616,0.033484810533344525,0.02018058887868397,0.013735166393761941,0.017990084253854077,0.013337116087255364,0.009976992676774684,0.012159413888882033,0.010300406349279936,0.0062599030742806865,0.009241818293763556,0.006535655615381889,0.005144835372536231,0.0060756480403154275,0.005179112371162578,0.04613580344256007,0.07872085529695144,0.049428642508677206
2026-05-15,0.016197127497464145,0.024543592548897014,0.01818290846802448,0.007033374857428275,0.009391529351423473,0.007893267844802388,0.016243655576059564,0.03368346542519312,0.020432182066134553,0.014102085931295534,0.01820901391231813,0.014407120983469763,0.010859302041028638,0.012351486469441434,0.011730026493128928,0.006766880476670051,0.00939187187724885,0.007840790906810826,0.0055335305262435245,0.006339710764794138,0.006476462259397654,0.04818536409402952,0.07910101311051528,0.05185538915432647
