Date,regime_confidence,model_uncertainty,gross_exposure,max_asset_weight,min_asset_weight,BTC-USD_weight,BTC-USD_score,DIA_weight,DIA_score,ETH-USD_weight,ETH-USD_score,GLD_weight,GLD_score,QQQ_weight,QQQ_score,SPY_weight,SPY_score,TLT_weight,TLT_score,VIX_weight,VIX_score,CASH_weight,CASH_score
2025-02-19,0.6988672364215792,0.3011327635784208,1.0,0.21905033216859648,0.0,0.10903846770913002,0.04796919935436282,0.2116903280041983,0.09312874399989,0.0,-0.028425263071567987,0.21905033216859648,0.0963666243042314,0.1390136209395436,0.061156142744130254,0.20075414574716327,0.08831759874184422,0.0,-0.0012868667065424211,0.0,-0.15917125240177,0.12045310543136832,0.0
2025-02-20,0.6988672364227956,0.3011327635772044,1.0,0.2181048600969735,0.0,0.10897309914912341,0.046561869894004564,0.21201752795954726,0.09234735479545171,0.0,-0.02765550692304035,0.2181048600969735,0.09004182506893924,0.1392415082505904,0.0606989523523329,0.2012098991124458,0.08820145704885263,0.0,-0.002428526627479652,0.0,-0.15826868408274597,0.12045310543131967,0.0
2025-02-21,0.698860681271274,0.301139318728726,1.0,0.21861241058744496,0.0,0.10951741427610112,0.04652774025101795,0.21136396980178818,0.08355990160951764,0.0,-0.0277190996544507,0.21861241058744496,0.0907570210866705,0.13885902921873933,0.055067648647122346,0.20119380847858973,0.08175722661128962,0.0,-0.0030317938895676275,0.0,-0.15701046938320515,0.12045336763733674,0.0
2025-02-24,0.5488847462702935,0.4511152537297065,1.0,0.21974360466343998,0.0,0.098565672848491,-0.00963656768354787,0.2125658870050594,0.0698756214632456,0.0,-0.07774209779968336,0.21974360466343998,0.07192175205341086,0.1360389841790862,0.034614684447271525,0.20245016434646784,0.06686461990732728,0.004183045934664321,0.01308482510781972,0.0,-0.28970726713794015,0.12645264102279133,0.0
2025-02-25,0.4883337698094139,0.5116662301905861,0.9999999999999999,0.22122723927948365,0.0,0.0887091055636419,-0.04225305587011582,0.214632449462957,0.05957362702625221,0.0,-0.11424767189463322,0.22122723927948365,0.05991805482589335,0.13012860801416665,0.019651333651482243,0.20331416008696668,0.05391811808249758,0.007714411464648399,0.010088524196971236,0.0,-0.34918058716317446,0.1342740261281356,0.0
2025-02-26,0.6710925616422593,0.3289074383577407,1.0,0.22498706985991565,0.0,0.08530383463626222,0.017270540220030058,0.21504919534173136,0.06913724416705987,0.0,-0.054918656745572586,0.22498706985991565,0.08178470023226807,0.128604962058574,0.03630406696393118,0.20278309627164637,0.06256592130828087,0.009268920782238826,0.007349628545987315,0.0,-0.1805051362523812,0.1340029210496317,0.0
2025-02-27,0.698866708555928,0.30113329144407197,1.0,0.23165492592155595,0.0,0.08080276985882875,0.010750244507657082,0.21539817524394803,0.05830632438977569,0.0,-0.059830643402926015,0.23165492592155595,0.07781655129053724,0.12796684713158457,0.03260938075310023,0.20296918414178322,0.05459912554242485,0.008560137099868205,0.0005819144046932956,0.0,-0.15384699168406535,0.13264796060243142,0.0
2025-02-28,0.6988672206610786,0.30113277933892135,0.9999999999999999,0.23701955185445628,0.0,0.07887370793627592,0.015199297864555816,0.21676683968828828,0.05660553849650507,0.0,-0.05803351101770052,0.23701955185445628,0.07049627839522353,0.12583267899409603,0.026346463869471027,0.20233003493525342,0.04857321463541764,0.007748710875884906,0.00011017310788551463,0.0,-0.1513272670211644,0.13142847571574512,0.0
2025-03-03,0.6988672363620646,0.3011327636379354,1.0,0.2369794767346436,0.0,0.07945644667370694,0.024809075325878414,0.21743770448820493,0.0654562988494501,0.0,-0.050641018672988244,0.2369794767346436,0.06930599453851705,0.12422729052244298,0.0321543702171682,0.20158792172495477,0.05708910415289131,0.009980221166358771,0.008805735249724134,0.0,-0.15232050351255166,0.13033093868968804,0.0
2025-03-04,0.6988672364240637,0.3011327635759363,1.0,0.24363360292582606,0.0,0.07487313061011583,0.008027323499128665,0.2181198898086232,0.05354039505076044,0.0,-0.07335381063703018,0.24363360292582606,0.07246344557372747,0.1220158711274886,0.02437878495180435,0.2003574227827788,0.045189971282206844,0.011656927381410859,0.006385726120465637,0.0,-0.15194519391103928,0.1293431553637567,0.0
2025-03-05,0.6988672364241985,0.30113276357580154,1.0,0.2523304277814155,0.0,0.07157903703437257,0.009604502006912895,0.21581691683585746,0.04468508840544723,0.0,-0.07182428112550981,0.2523304277814155,0.07572382407361898,0.12095182682487833,0.02551036325378736,0.19844003539759836,0.04149980141608989,0.012427605755464777,0.004435226989320111,0.0,-0.1468756290162879,0.1284541503704131,0.0
2025-03-06,0.6988672364241985,0.30113276357580154,1.0,0.2591049539806463,0.0,0.07036520287440393,0.015099928434452035,0.2134887876559982,0.048910500422050515,0.0,-0.0684102068278452,0.2591049539806463,0.0813099505960822,0.11950778860705738,0.027057476024687964,0.19579387719425762,0.043688289968284166,0.014085343811232621,0.0073682384495647665,0.0,-0.1479255098406331,0.12765404587640383,0.0
2025-03-07,0.6988672364241985,0.30113276357580154,1.0000000000000002,0.26612415876523604,0.0,0.07061075452420185,0.016910714952496415,0.2118572163577199,0.04578830984977285,0.0,-0.06640911636298204,0.26612415876523604,0.07647064984519021,0.11819824024829498,0.02471148559271437,0.19359886884264244,0.04037069211192053,0.01267680943010936,-0.005614167157595556,0.0,-0.1470623171318829,0.12693395183179554,0.0
2025-03-10,0.6988672364241985,0.30113276357580154,1.0,0.27318628190449207,0.0,0.0677200143850658,0.009016715215398263,0.21091829640791487,0.043775771277548454,0.0,-0.07124395847239297,0.27318628190449207,0.07280798916766043,0.11790540642352415,0.02492259737329527,0.19257500520025672,0.039644461976067025,0.011409128487098425,-0.016520015371214548,0.0,-0.151091340845138,0.12628586719164805,0.0
2025-03-11,0.6988672364241985,0.30113276357580154,0.9999999999999999,0.2808676537140428,0.0,0.06731295636187995,0.010831522486295563,0.21206674558161984,0.037847324691190835,0.0,-0.07550155138062663,0.2808676537140428,0.06853039270828742,0.11317633930549385,0.01201684041384703,0.19060549838305957,0.029419789040761986,0.01026821563838858,-0.011417356714984138,0.0,-0.1435972371904556,0.12570259101551529,0.0
2025-03-12,0.6988672364241985,0.30113276357580154,1.0,0.2873976944433702,0.0,0.07090053561872584,0.023107703017323032,0.20817963983069587,0.03878479548733816,0.0,-0.0659867409035887,0.2873976944433702,0.07751958261689686,0.11167642223770079,0.021985428442968157,0.18742667133796184,0.03556493682820548,0.009241394074549724,-0.012854424741462466,0.0,-0.14832637794194015,0.12517764245699584,0.0
2025-03-13,0.6988672364241985,0.30113276357580154,1.0,0.29365792499903315,0.0,0.07384516075504884,0.019620499135101013,0.2034939219367244,0.03154288542345686,0.0,-0.06921794411676499,0.29365792499903315,0.0762527007548312,0.11100340033332531,0.020519808864126545,0.1849771485544453,0.031857484853025,0.008317254667094752,-0.018837521855466926,0.0,-0.1466538038416246,0.12470518875432832,0.0
2025-03-14,0.6988672364241985,0.30113276357580154,1.0,0.29929213249912984,0.0,0.07634878596786776,0.012809089242129201,0.2016585820752552,0.02398308657226336,0.0,-0.07323235111647401,0.29929213249912984,0.07845567136236081,0.10777167442558053,0.010192995590136554,0.18316331540985392,0.02161228521196338,0.007485529200385277,-0.020047178720979688,0.0,-0.14539806505707792,0.12427998042192756,0.0
2025-03-17,0.6988672364241985,0.30113276357580154,1.0,0.3043629192492168,0.0,0.0796004032595336,0.018028055291737045,0.20023924558363215,0.03104427113048555,0.0,-0.06861549525536925,0.3043629192492168,0.08068899486302644,0.10418133473901472,0.011901398713120244,0.18098182796548914,0.02671932865064247,0.00673697628034675,-0.02046220263426199,0.0,-0.1476870444616344,0.12389729292276687,0.0
2025-03-18,0.6988672364241985,0.30113276357580154,1.0,0.3089266273242951,0.0,0.08284205106138143,0.01846375079342405,0.19953933809552568,0.03185179157305545,0.0,-0.06764380415200139,0.3089266273242951,0.0768966787368086,0.10029600286920934,0.010768021696796512,0.17877982782375415,0.026201689580769186,0.006063278652312075,-0.01649144083819038,0.0,-0.14876397145011538,0.12355287417352225,0.0
2025-03-19,0.6988672364241985,0.30113276357580154,1.0,0.31303396459186555,0.0,0.08509964195582123,0.011213819587446605,0.20251567786817173,0.024392043919980164,0.0,-0.07061631177260769,0.31303396459186555,0.076298176084383,0.09295003671560624,0.0028547117595607054,0.1777008307822523,0.017869895731231784,0.005456950787080868,-0.01846638088214894,0.0,-0.14569764622542752,0.12324289729920208,0.0
2025-03-20,0.6988672364241985,0.30113276357580154,1.0,0.31673056813267897,0.0,0.08958787818505082,0.019205863117065777,0.20064245974655323,0.027155456636412847,0.0,-0.06398007259860122,0.31673056813267897,0.07912273986925923,0.08977402715856828,0.00904129491289606,0.175389892956462,0.022842102592782874,0.004911255708372781,-0.01886197867796182,0.0,-0.15058643801480137,0.12296391811231394,0.0
2025-03-21,0.6988672364241985,0.30113276357580154,1.0,0.32005751131941107,0.0,0.08959758720203709,0.009445541854098446,0.20258501328083434,0.02317736736147535,0.0,-0.07026266998489286,0.32005751131941107,0.07770616705780811,0.08579645600572385,0.005265778553323063,0.17483046521034357,0.01788272463291989,0.004420130137535503,-0.020098838753039975,0.0,-0.15207692427191952,0.12271283684411462,0.0
2025-03-24,0.6988672302802174,0.30113276971978264,1.0,0.32305176018746995,0.0,0.08672316944370052,0.005992893817020908,0.20527357988414632,0.022598461185094218,0.0,-0.07260790498539148,0.32305176018746995,0.07570602157139328,0.08352028261801007,0.0062077112666194464,0.17496622679439675,0.01735114709560332,0.003978117123781953,-0.01920697154201543,0.0,-0.1545482022256566,0.12248686394849445,0.0
2025-03-25,0.6988672299336478,0.3011327700663522,1.0,0.32574658416872293,0.0,0.08373133341382241,0.005352227098108904,0.20864578756140037,0.022518498858518865,0.0,-0.07306349769527497,0.32574658416872293,0.06798915702154822,0.0804407441502859,0.0049678122636355355,0.17557175693806557,0.01705609689256658,0.003580305411403758,-0.022919715743790346,0.0,-0.15401056070952562,0.1222834883562991,0.0
2025-03-26,0.6988671845280291,0.3011328154719709,1.0,0.3281719257518506,0.0,0.08008916884079578,0.004452651495100775,0.210343165126274,0.02123466322946753,0.0,-0.07714219239905558,0.3281719257518506,0.06414892281759896,0.07926695197598237,0.006466111696941428,0.17680606129528587,0.0176859995999179,0.0032222748702633824,-0.02243979090009811,0.0,-0.15442784807748253,0.12210045213954802,0.0
2025-03-27,0.6988670371135922,0.3011329628864078,1.0,0.3303547331766655,0.0,0.07860190008612643,0.004119153663155198,0.2185648044482699,0.01847842374412084,0.0,-0.08228416746432449,0.3303547331766655,0.06262527767978715,0.07134025677838413,-0.000712237832901079,0.17630253268626747,0.010849254726244931,0.0029000473832370443,-0.024840887693278087,0.0,-0.15159074878928191,0.12193572544104954,0.0
2025-03-28,0.6988670374600446,0.30113296253995536,1.0,0.33231925985899896,0.0,0.07590428379629582,0.002692190230141639,0.22777302004087527,0.01619968560836854,0.0,-0.08276451557287438,0.33231925985899896,0.0626472914318045,0.06420623110054571,-0.0037940673431476335,0.17539969115982812,0.008723047247545693,0.00261004264491334,-0.025833107790364362,0.0,-0.1495691564780385,0.12178747139854279,0.0
2025-03-31,0.6762731678164272,0.3237268321835728,1.0,0.334087333873099,0.0,0.06831385541666625,-0.005909838164889013,0.23999571803678774,0.013130717147636226,0.0,-0.09059018282697306,0.334087333873099,0.06462455116874323,0.05778560799049114,-0.012033275570717029,0.17491064875650242,0.0026422122947578515,0.0023490383804220063,-0.012830841626148299,0.0,-0.16456305621020018,0.12255779754603144,0.0
2025-04-01,0.6172490217037095,0.38275097829629046,1.0,0.3356786004857891,0.0,0.061482469874999626,-0.02699399778924702,0.25099614623310895,0.0140610033957005,0.0,-0.10717696867983294,0.3356786004857891,0.058402594251931034,0.05200704719144203,-0.016396363500435846,0.17210954474900056,0.0033873178529104757,0.0021141345423798057,-0.007645563146583734,0.0,-0.2153138819191791,0.12561205692327992,0.0
2025-04-02,0.5022176424613333,0.49778235753866673,1.0,0.33711074043721023,0.0,0.05533422288749967,-0.06253115112097965,0.2608965316097981,0.00802696544526577,0.0,-0.1417378985059103,0.33711074043721023,0.041338513244730375,0.046806342472297834,-0.021794193379088875,0.16498729597255385,0.0001526387005635517,0.0019027210881418254,-0.007033474954958152,0.0,-0.325546489640227,0.13296214553249863,0.0
2025-04-03,0.5246335968549766,0.47536640314502343,1.0,0.3383996663934891,0.0,0.049800800598749695,-0.054777675656049754,0.26980687844881823,0.01001673402613126,0.0,-0.13754002745559005,0.3383996663934891,0.04767737586953173,0.042125708225068045,-0.019445171380959924,0.15947391024949753,0.0012979252154347413,0.0017124489793276425,-0.00600668901336171,0.0,-0.30387837588971767,0.13868058710504969,0.0
2025-04-04,0.5836577429998041,0.4163422570001959,1.0000000000000002,0.33955969975414024,0.002224384953332028,0.04704510549220676,-0.028110913056262704,0.2778261906039365,0.0022884303336215446,0.002224384953332028,-0.11218793066521475,0.33955969975414024,0.05852286230299775,0.040137522355893275,-0.022861338533166596,0.14575090417787984,-0.007952569998191373,0.0037655890347269064,-0.0004499216305500972,0.002224384953332028,-0.2564462713693497,0.14146621867455259,0.0
2025-04-07,0.6988672364241985,0.30113276357580154,0.9999999999999999,0.34060372977872616,0.002001946457998825,0.06937371534728325,0.013233362898801455,0.2500435715435428,-0.01555130701596629,0.002001946457998825,-0.0747949316575175,0.34060372977872616,0.07153244433336874,0.03612377012030394,-0.03225379361366044,0.13117581376009183,-0.02490373355971459,0.029310599183924972,0.012689231766444741,0.002001946457998825,-0.1511253687660269,0.13936490735012938,0.0
2025-04-08,0.6988672364241985,0.30113276357580154,1.0,0.3415433568008535,0.0018017518121989427,0.09743634381255492,0.013994977807979966,0.2250392143891885,-0.019075240841580583,0.0018017518121989427,-0.07591646763633181,0.3415433568008535,0.05946867053145287,0.03251139310827355,-0.03264940253599707,0.11805823238408264,-0.026429647514770026,0.04433422872250042,0.00034108759993523724,0.0018017518121989427,-0.1524592577629938,0.1374737271581485,0.0
2025-04-09,0.5161002848787659,0.4838997151212341,1.0,0.34238902112076813,0.0033955785301708224,0.08946671133049121,-0.051596090490985534,0.20430929484946142,-0.01615568654933674,0.0033955785301708224,-0.1350922571248148,0.34238902112076813,0.04239449871052223,0.03103425569663797,-0.04126035129835811,0.10802641104486616,-0.026558465286125155,0.07490080585025037,0.0038604555664453616,0.0033955785301708224,-0.3413223638665642,0.14308234304718304,0.0
2025-04-10,0.5161002848787659,0.4838997151212341,1.0000000000000002,0.34315011900869136,0.004830022576345515,0.08229404209663388,-0.04749328562403018,0.1856523672637071,-0.007885886055331408,0.004830022576345515,-0.13224836814132057,0.34315011900869136,0.048695976628273026,0.029704832026165952,-0.03573950781146135,0.09899777183957133,-0.020322913489488476,0.10241072526522534,0.009967129441110865,0.004830022576345515,-0.3654789512549373,0.1481300973473141,0.0
2025-04-11,0.6988672364241985,0.30113276357580154,1.0,0.3438351071078222,0.007339468561538954,0.10906463788697049,0.009369019967380494,0.1700795787801644,-0.009819973473904491,0.007339468561538954,-0.08320835325669623,0.3438351071078222,0.08267634641246124,0.029726797066377347,-0.028844745474165802,0.09209044289844219,-0.022360944211977568,0.09516210098153079,-0.008944059711028187,0.007339468561538954,-0.16665954160661145,0.14536239815561477,0.0
2025-04-14,0.6988672364241985,0.30113276357580154,0.9999999999999999,0.3444515963970399,0.009597969948213048,0.1331581740982734,0.01868689081282205,0.15606406914497592,-0.006051147705587439,0.009597969948213048,-0.07741539443472546,0.3444515963970399,0.09301597998285169,0.029746565602567596,-0.02527008211350832,0.08587384685142595,-0.01797961873585852,0.08863833912620568,-0.0014887421800047033,0.009597969948213048,-0.16849698752903428,0.14287146888308533,0.0
2025-04-15,0.6988672364241985,0.30113276357580154,1.0,0.34500643675733594,0.008638172953391744,0.15484235668844606,0.019745925597113634,0.14045766223047834,-0.00533659856719125,0.008638172953391744,-0.07720785781557227,0.34500643675733594,0.08580662270957726,0.026771909042310835,-0.025096933422928656,0.07728646216628335,-0.016942900831483393,0.09772919467055306,7.749223143647954e-05,0.008638172953391744,-0.176829733418454,0.14062963253780886,0.0
2025-04-16,0.6988672364241985,0.30113276357580154,1.0,0.34550579308160234,0.007774355658052569,0.17435812101960146,0.01371512220039961,0.12641189600743052,-0.011083795177770231,0.007774355658052569,-0.08149958193753667,0.34550579308160234,0.08194179972770782,0.024094718138079754,-0.026423223543421116,0.06955781594965502,-0.020548519431907507,0.1059109646604657,0.0006667366242180568,0.007774355658052569,-0.17710539005382273,0.13861197982706006,0.0
2025-04-17,0.6988672364241985,0.30113276357580154,1.0,0.34595521377344207,0.0069969200922473124,0.19192230891764134,0.008773997699181718,0.11377070640668747,-0.01855024660843225,0.0069969200922473124,-0.08741076501227919,0.34595521377344207,0.0888949124643961,0.021685246324271778,-0.03508084092794311,0.06260203435468951,-0.02879197584693015,0.11327455765138708,0.0014664622081150304,0.0069969200922473124,-0.17368777130831126,0.1367960923873861,0.0
2025-04-21,0.6988672364241985,0.30113276357580154,1.0,0.3463596923960979,0.009289676325850572,0.2077300780258772,0.007244390497200305,0.10538608400884672,-0.022440475884995252,0.009289676325850572,-0.08707571198670117,0.3463596923960979,0.08335441995910312,0.022509169934672592,-0.033932978645054436,0.05933427916204855,-0.028427949355364034,0.10493955012907637,-0.009831252977888966,0.009289676325850572,-0.17883862228046657,0.13516179369167955,0.0
2025-04-22,0.6988672364241985,0.30113276357580154,1.0,0.3467237231564881,0.011353156936093506,0.22195707022328948,0.010160572190407662,0.09783992385079004,-0.03010675603935104,0.011353156936093506,-0.08709510444721943,0.3467237231564881,0.09092657572552484,0.023250701184033322,-0.0378001850287358,0.05639329948867169,-0.03382839782457294,0.09743804335899672,-0.016030505070674342,0.011353156936093506,-0.17366881727432426,0.13369092486554365,0.0
2025-04-23,0.6988672364241985,0.30113276357580154,1.0,0.34705135084083927,0.013210289485312146,0.23476136320096053,0.018022389091863926,0.09104837970853903,-0.021075733897142696,0.013210289485312146,-0.07815348619429614,0.34705135084083927,0.08659515382921043,0.023918079308457983,-0.030943846457941293,0.053746417782632505,-0.025501648149800583,0.09068668726592505,-0.0033457370331712796,0.013210289485312146,-0.17627828331102122,0.13236714292202134,0.0
2025-04-24,0.6988672364241985,0.30113276357580154,1.0,0.34734621575675534,0.014881708779608923,0.2462852268808645,0.016533804441365686,0.08493598998051312,-0.018554327626465014,0.014881708779608923,-0.07756186381076025,0.34734621575675534,0.07292757394608475,0.024518719620440173,-0.028022950920543997,0.05136422424719724,-0.022936922396842262,0.08461046678216054,-6.965427483785272e-05,0.014881708779608923,-0.1768109939598543,0.13117573917285127,0.0
2025-04-25,0.6988672364241985,0.30113276357580154,0.9999999999999999,0.34761159418107973,0.013393537901648028,0.2544037093063017,0.020615948757594857,0.07644239098246179,-0.011949982791156336,0.013393537901648028,-0.07588905255470627,0.34761159418107973,0.07828401888145822,0.022066847658396154,-0.022569368077869766,0.04622780182247751,-0.017035016261723435,0.09635710444738875,0.012721791916234019,0.013393537901648028,-0.1798359690146358,0.13010347579859818,0.0
2025-04-28,0.6988672364241985,0.30113276357580154,1.0,0.3478504347629718,0.012054184111483228,0.2603313784190745,0.021549830242546877,0.06879815188421563,-0.012103071157247278,0.012054184111483228,-0.07363829160251538,0.3478504347629718,0.07076645305943877,0.019860162892556543,-0.020821858603819347,0.041605021640229764,-0.015434436225565814,0.10830804341621492,0.014830019016936792,0.012054184111483228,-0.18177540268589634,0.12913843876177045,0.0
2025-04-29,0.5161002848787659,0.4838997151212341,1.0000000000000002,0.34806539128667463,0.012622767599526682,0.23607224247635886,-0.04040195430582569,0.06369233859498587,-0.01289646709136873,0.012622767599526682,-0.13164164003767126,0.34806539128667463,0.05049130546123312,0.019648148502492666,-0.03788043564081675,0.03921852137539857,-0.025038846901779637,0.13247723907459344,0.021392344572999558,0.012622767599526682,-0.3809872607747009,0.1355805834904428,0.0
2025-04-30,0.3333548594831922,0.6666451405168078,0.9999999999999999,0.3482588521580071,0.012193824172907344,0.21329835156205623,-0.11120154812975128,0.0581564380688206,-0.0261281071707907,0.012193824172907344,-0.2071307186853209,0.3482588521580071,0.0162595086264909,0.018516666985576732,-0.06693975816864833,0.03613000257119204,-0.045835867416341436,0.15422951516713407,0.014500106578227069,0.012193824172907344,-0.609334731107026,0.1470225251413985,0.0
2025-05-01,0.5160571236178932,0.48394287638210676,1.0000000000000002,0.34843296694220643,0.012748155913069232,0.19374223056330325,-0.04130330083191817,0.05411450841939117,-0.01090992490703993,0.012748155913069232,-0.1301429568367333,0.34843296694220643,0.042535609692044445,0.018438714444471687,-0.03983810975449838,0.03429071647152546,-0.025605756154582972,0.1738065636504207,0.01892620208151581,0.012748155913069232,-0.3825200055157939,0.15167798768254295,0.0
2025-05-02,0.6988240749419454,0.30117592505805457,0.9999999999999998,0.3485896702479857,0.011473340321762308,0.20470238623103731,0.023885501349191034,0.048703057577452046,-0.0035674164352853047,0.011473340321762308,-0.06654027361734205,0.3485896702479857,0.06247530689879924,0.016594843000024517,-0.016417820896308465,0.03086164482437291,-0.010641578525792564,0.17904449155899196,0.01781003099152299,0.011473340321762308,-0.1844059630978333,0.1485572259166108,0.0
2025-05-05,0.6988672362395191,0.3011327637604809,1.0,0.34873070322318717,0.01032600628958608,0.21861265830010945,0.019496062497554673,0.04383275181970685,-0.0003952074756085333,0.01032600628958608,-0.06915276883055349,0.34873070322318717,0.05808025727052128,0.014935358700022067,-0.016543796741310818,0.027775480341935624,-0.0089991906080801,0.1797142211604977,0.010532808925887444,0.01032600628958608,-0.18663518792261408,0.145746813875369,0.0
2025-05-06,0.6988672362813989,0.3011327637186011,1.0,0.3488576329008684,0.009293405660627472,0.23175139247009852,0.0208587341023794,0.03944947663773617,-0.00022607759646433093,0.009293405660627472,-0.06919335388953678,0.3488576329008684,0.06364866106642102,0.013441822830019861,-0.016073327549609273,0.02499793230774206,-0.009482263779533484,0.17969748849570388,0.007434762920839333,0.009293405660627472,-0.1868622614515803,0.14321744303657616,0.0
2025-05-07,0.698867236343522,0.301132763656478,1.0,0.3489718696107815,0.008364065094564724,0.24357625322308868,0.028285958474970598,0.03717227142941319,0.0010081627078092834,0.008364065094564724,-0.0638391631935359,0.3489718696107815,0.07727294863069202,0.012097640547017875,-0.01173800921081267,0.022498139076967856,-0.0055485262964858825,0.17801468664442371,0.00984558049360549,0.008364065094564724,-0.18845924162839867,0.14094100927917766,0.0
2025-05-08,0.698867236422327,0.30113276357767305,1.0,0.34907468264970337,0.007527658585108252,0.2514796714503283,0.030179921807321222,0.03498976806127434,0.0014357205602551978,0.007527658585108252,-0.06376235861870819,0.34907468264970337,0.07351583447592892,0.010887876492316088,-0.012152533493584267,0.02024832516927107,-0.005259686717487267,0.1793721401125235,0.017923002738104887,0.007527658585108252,-0.18817510500068393,0.13889221889436681,0.0
2025-05-09,0.6988672364230517,0.3011327635769483,1.0,0.349167214384733,0.006774892726597427,0.26036036470077834,0.039552496032899766,0.03905494254193854,0.00879203178397215,0.006774892726597427,-0.051857430681092324,0.349167214384733,0.069899305244491,0.00979908884308448,-0.006892622603944659,0.018305313206578425,9.510239630819428e-05,0.17271498332168428,0.013111136708763814,0.006774892726597427,-0.18946289055417168,0.13704830754800806,0.0
2025-05-12,0.698867236424039,0.30113276357596097,1.0,0.3492504929462597,0.006097403453937685,0.2693243282307005,0.03676694796557471,0.04071152576979979,0.005514084089815421,0.006097403453937685,-0.04834124036498396,0.3492504929462597,0.07179714163686388,0.008819179958776032,-0.009112269420831307,0.016474781885920584,-0.0025468072833925576,0.1678360969644223,0.01228568007953017,0.006097403453937685,-0.18783034145321637,0.1353887873362457,0.0
2025-05-13,0.6988672364241347,0.30113276357586527,1.0000000000000002,0.34932544365163376,0.005487663108543917,0.27320598199239415,0.027246433745743766,0.03869477953658106,0.0018165473176739895,0.005487663108543917,-0.05629788309539331,0.34932544365163376,0.07039495527442025,0.00793726196289843,-0.008654219925887108,0.014827303697328528,-0.0029516588918199055,0.1711386837964207,0.017760618067022376,0.005487663108543917,-0.1855129559843245,0.13389521914565577,0.0
2025-05-14,0.6988672364241348,0.30113276357586516,1.0,0.3493928992864703,0.004938896797689525,0.2808853837931547,0.028709012703183955,0.035487439349128104,0.00046559691648810284,0.004938896797689525,-0.05554612507216367,0.3493928992864703,0.06806660530948416,0.007143535766608586,-0.008321797790486567,0.013344573327595673,-0.0026973969564886777,0.17131736710753884,0.012159642836222805,0.004938896797689525,-0.1833620311831336,0.13255100777412476,0.0
2025-05-15,0.6988672364241647,0.3011327635758353,1.0,0.34945360935782327,0.0044450071179205726,0.2877968454138392,0.026358681428711915,0.0319386954142153,-0.00288999316057419,0.0044450071179205726,-0.0598853549337903,0.34945360935782327,0.061420603051686534,0.006429182189947727,-0.008084444049547727,0.012010115994836106,-0.004214362029960828,0.17214031985375156,0.0029494594722357555,0.0044450071179205726,-0.18223751439889702,0.1313412175397457,0.0
2025-05-16,0.6988672364241649,0.30113276357583507,1.0,0.3495082484220409,0.004000506406128515,0.2940171608724553,0.01798972135815627,0.02874482587279377,-0.0053394910518746105,0.004000506406128515,-0.0667791883490352,0.3495082484220409,0.07186835947611026,0.005786263970952954,-0.00951207175362831,0.010809104395352495,-0.005420053181621438,0.172880977325343,0.004763932858880562,0.004000506406128515,-0.18405317594598578,0.13025240632880455,0.0
2025-05-19,0.6988672364241901,0.30113276357580987,1.0,0.3495574235798368,0.0036004557655156632,0.29494132887791297,0.019355576654302174,0.026356243555544973,0.00031012714729678967,0.0036004557655156632,-0.0634167648144151,0.3495574235798368,0.07171056221435818,0.005207637573857658,-0.007583319859287358,0.009728193955817244,-0.0023557795540280688,0.1777357846870425,0.014132768416255471,0.0036004557655156632,-0.18449089777899663,0.12927247623895646,0.0
2025-05-20,0.6988672364241953,0.30113276357580465,1.0,0.3496016812218532,0.003240410188964097,0.28689020275554916,0.01554809098773427,0.02775252808766571,0.0029234932827098443,0.003240410188964097,-0.06046407181650119,0.3496016812218532,0.08080527912686403,0.004686873816471892,-0.0058311769826959875,0.008755374560235521,-0.0006397157557300991,0.18744198002220336,0.01992528511037542,0.003240410188964097,-0.18116124902722203,0.128390539158093,0.0
2025-05-21,0.6988672364241881,0.30113276357581187,1.0000000000000002,0.3496415130996679,0.0029163691700676876,0.2854446541250923,0.023573371148053406,0.030569117436675,0.004838537918507194,0.0029163691700676876,-0.05645959016216548,0.3496415130996679,0.08771067820241199,0.004218186434824704,-0.004241980767564827,0.009188670425110552,0.0011325140219430561,0.18750832435317819,0.016276482736603315,0.0029163691700676876,-0.18174519924003457,0.1275967957853162,0.0
2025-05-22,0.6988672364241676,0.3011327635758324,1.0,0.34967736178970105,0.0026247322530609184,0.291900188712583,0.021945435702242208,0.028956075956580105,0.000830491428463212,0.0026247322530609184,-0.05673872549510212,0.34967736178970105,0.09033057244747571,0.0037963677913422323,-0.002094452511640192,0.008274506196206883,2.7049842975038207e-06,0.18526360829764707,0.009494058099590301,0.0026247322530609184,-0.18143065519615437,0.12688242674981787,0.0
2025-05-23,0.6988672363419346,0.3011327636580654,1.0,0.34970962561073093,0.0023622590277548264,0.2977101698413247,0.023130300802124602,0.0274193430234103,0.0008636667235617755,0.0023622590277548264,-0.05674967233373317,0.34970962561073093,0.08223562065983529,0.003416731012208009,-0.0032128808759434024,0.007447055576586195,-0.0010304185508434073,0.18333306225907156,0.010547884496793187,0.0023622590277548264,-0.18122218985634375,0.12623949462115872,0.0
2025-05-27,0.6988672363848148,0.30113276361518515,1.0,0.34973866304965784,0.002126033124979344,0.30140731137594473,0.01380278995539333,0.02467740872106927,-0.0007320880090339286,0.002126033124979344,-0.05911739496415927,0.34973866304965784,0.08415247230189551,0.0030750579109872084,-0.006944266633659272,0.006702350018927576,-0.004145315168813016,0.18448628696980449,0.008036548928349659,0.002126033124979344,-0.18022943344136086,0.12566085570365026,0.0
2025-05-28,0.6988672364037871,0.3011327635962129,1.0,0.349764796744692,0.0019134298124814095,0.29352507202547706,0.009639548545835243,0.025072401957415155,0.0012397724282563055,0.0019134298124814095,-0.05569828050859328,0.349764796744692,0.07437269385771914,0.0027675521198884875,-0.0038670814791539436,0.006032115017034818,-0.0012527501018639448,0.1938711218333959,0.012053917478184243,0.0019134298124814095,-0.1880721986744265,0.12514008067713375,0.0
2025-05-29,0.6988672364241589,0.30113276357584107,1.0,0.34978831707022273,0.0017220868312332683,0.2821272542798957,0.0018723029170699748,0.022565161761673638,-0.005631226646424296,0.0017220868312332683,-0.06182200617872767,0.34978831707022273,0.06877613019867945,0.0024907969078996383,-0.007076773474646837,0.0054289035153313354,-0.005793322915637257,0.20948400965005626,0.0071088881030419646,0.0017220868312332683,-0.18721968300920627,0.124671383152454,0.0
2025-05-30,0.698867236424094,0.301132763575906,1.0,0.34980948536320045,0.004542326390937236,0.2569069770947334,-0.0014175542235401323,0.02330109382833357,-0.0067604472547499635,0.004542326390937236,-0.062455746242316285,0.34980948536320045,0.06782547545371508,0.005234165459936969,-0.00647291973155591,0.007878461406625497,-0.004965589246094103,0.22353560868505065,0.011616641189221736,0.004542326390937236,-0.1836698230628148,0.12424955538024485,0.0
2025-06-02,0.6988672364240978,0.30113276357590224,1.0,0.3498285368268804,0.004088093751843513,0.26621627938526016,0.004399719381116204,0.020970984445500218,-0.009604932720281312,0.004088093751843513,-0.06730139756099204,0.3498285368268804,0.07708187811290847,0.004710748913943273,-0.007374603383538594,0.007090615265962949,-0.0063426360277294945,0.21913673727350955,0.0021948086703826655,0.004088093751843513,-0.18334052763261705,0.12386991038525648,0.0
2025-06-03,0.6988672364241012,0.3011327635758988,1.0,0.34984568314419234,0.003679284376659162,0.2745946514467341,0.00729852066419142,0.018873886000950198,-0.008168050346091422,0.003679284376659162,-0.06239243917573305,0.34984568314419234,0.0843992714566538,0.004239674022548946,-0.005733517535153117,0.006381553739366655,-0.00485674544962424,0.21517775300312264,0.0023294906718447396,0.003679284376659162,-0.1823573336883363,0.12352822988976679,0.0
2025-06-04,0.6988672364240847,0.30113276357591534,1.0,0.3498611148297731,0.0063038041818204785,0.2821351863020607,0.0003095915888304962,0.01997894564368241,-0.00861742730988224,0.0063038041818204785,-0.07010777696663102,0.3498611148297731,0.07782435764032408,0.006808154863121283,-0.004515696051734776,0.008735846608257221,-0.005047958767280078,0.19665242594563762,-0.005252587191350244,0.0063038041818204785,-0.1838955914329518,0.12322071744382673,0.0
2025-06-05,0.6988672364063127,0.30113276359368735,1.0,0.3498750033467958,0.013238379400245933,0.2614866233084622,-0.003157251800773836,0.025546006715921672,-0.010812623437165667,0.013238379400245933,-0.06994605394617692,0.3498750033467958,0.07720218169361133,0.013692295013416657,-0.005666651069743012,0.015427217584039001,-0.006552042101391438,0.18455213898768136,-0.0030538549906613636,0.013238379400245933,-0.18259816499709866,0.12294395624319156,0.0
2025-06-06,0.6988672364062065,0.3011327635937935,1.0,0.3498875030121162,0.019479497096828235,0.24290291661422286,-0.005944341068360504,0.030556361680936398,-0.011086712195684682,0.019479497096828235,-0.07565357687196415,0.3498875030121162,0.0780127318905196,0.019888021148681885,-0.009551415479578697,0.021449451462241996,-0.008497110274151256,0.1736618807255201,-0.004473252144061772,0.019479497096828235,-0.18083565490886594,0.12269487116262415,0.0
2025-06-09,0.6988672364235012,0.30113276357649876,1.0,0.34989875271090454,0.025096503023851132,0.22617758058950632,-0.00280955338035678,0.03506568114954848,-0.008072293924961137,0.025096503023851132,-0.07321594056733643,0.34989875271090454,0.07228975677917802,0.025464174670519417,-0.008532277923309496,0.02686946195272352,-0.006586502351575305,0.16386064828967384,-0.006797943606014491,0.025096503023851132,-0.18429597342665535,0.12247069458942168,0.0
2025-06-10,0.6988672364239302,0.3011327635760698,0.9999999999999999,0.349908877439814,0.030151808358174187,0.2111247781672638,-0.0013818601993091512,0.0391240686713018,-0.009923929252618572,0.030151808358174187,-0.07277796533763631,0.349908877439814,0.07280135426387357,0.030482712840175643,-0.010542682351775655,0.031747471394159336,-0.007764279168614812,0.1550395390974146,-0.010670118614691106,0.030151808358174187,-0.18394226137806433,0.12226893567352229,0.0
2025-06-11,0.6988672364240529,0.3011327635759471,1.0,0.34991798969583265,0.030129075765183793,0.22501230035053746,0.0026202453544138873,0.03820411004699865,-0.006243779605364017,0.030129075765183793,-0.06802487518446237,0.34991798969583265,0.07690403465075679,0.030426889798985102,-0.007733459302399787,0.03156517249757043,-0.004906795211681733,0.1425280334305002,-0.007232640036866033,0.030129075765183793,-0.18439150968456286,0.12208735264920796,0.0
2025-06-12,0.6988672364240864,0.30113276357591356,1.0000000000000002,0.3499261907262494,0.034681123825374485,0.2100760259521928,-0.00404255220859006,0.04194865467900786,-0.005985175465447381,0.034681123825374485,-0.073231278478157,0.3499261907262494,0.07764386560834423,0.03494915645579567,-0.010576736204379801,0.035973610884522465,-0.0065815552078195595,0.13584018572415926,-0.0076348173352350085,0.034681123825374485,-0.1818889615781398,0.12192392792732372,0.0
2025-06-13,0.698867236357922,0.30113276364207797,1.0,0.34993357165362443,0.03420545968522318,0.1920608715993596,-0.0017608730463599606,0.04074623745349321,-0.0037524480240834143,0.03420545968522318,-0.07024536863342523,0.34993357165362443,0.07861040247363904,0.034446689052602245,-0.008325698105300875,0.03536869803845636,-0.004182116464481061,0.15725616715174331,0.0016156644985368222,0.03420545968522318,-0.1832732934307678,0.12177684568027444,0.0
2025-06-16,0.6988672361730082,0.30113276382699183,1.0,0.34994021448826196,0.03078491371670086,0.19080947388634398,0.0005184958071277682,0.03667161370814389,-0.006282047058515643,0.03078491371670086,-0.07004697504442646,0.34994021448826196,0.08060588924326861,0.031002020147342022,-0.00890021047550248,0.031831828234610726,-0.0045930563468929535,0.17653055043656898,0.0022427223472264585,0.03078491371670086,-0.1797654355390023,0.12164447166532669,0.0
2025-06-17,0.6988671971144783,0.3011328028855217,1.0,0.3499461930394358,0.03527137775711351,0.17929348190979236,-0.004466216802767049,0.04056940774941224,-0.005537625979946743,0.03527137775711351,-0.07503531848678549,0.3499461930394358,0.0704870787058624,0.03546677354469056,-0.011152431378249474,0.03621360082323239,-0.006046650593755365,0.16644245080499487,-0.0013533391887423068,0.03527137775711351,-0.1816100902462566,0.1215253366142149,0.0
2025-06-18,0.6988671971626323,0.30113280283736765,1.0,0.3499515737354921,0.03473668796248637,0.1643565816998973,-0.0051871349430355485,0.03950491495555523,-0.004706110109642642,0.03473668796248637,-0.07666130771500941,0.3499515737354921,0.07748682934709422,0.03491254417130571,-0.010764912085704376,0.035584688721993364,-0.005606417948246841,0.18479820572449537,0.010998082144757625,0.03473668796248637,-0.17923349681458073,0.12141811506628808,0.0
2025-06-20,0.6988672360243632,0.3011327639756368,1.0000000000000002,0.34995641636194297,0.03425546740640017,0.15091337177007003,-0.007178960941345083,0.03854687170016214,-0.005221249349334319,0.03425546740640017,-0.07708815240350751,0.34995641636194297,0.07897589277697231,0.034413737994337563,-0.012892927490951875,0.035018668089956455,-0.006349314596145829,0.20131838515204586,0.014829634069590494,0.03425546740640017,-0.18152754020676562,0.12132161411868476,0.0
2025-06-23,0.6988672318622706,0.3011327681377294,0.9999999999999999,0.3499607747257486,0.03382236887817528,0.13881448280547815,-0.012519744159090851,0.03768463274256106,-0.006814787484525211,0.03382236887817528,-0.08266141861788003,0.3499607747257486,0.07560290596684943,0.03396481240731894,-0.018012198365221752,0.034509249493375936,-0.009781088413284192,0.21618654663684123,0.009355047766821955,0.03382236887817528,-0.1827984211128346,0.12123476343232545,0.0
2025-06-24,0.698867232201628,0.30113276779837195,1.0000000000000002,0.3499646972531738,0.033432580205035284,0.12792548273960788,-0.006559644153958724,0.03690861768298248,-0.0011301699352681133,0.033432580205035284,-0.07405321160118031,0.3499646972531738,0.07924892556258728,0.033560779381264574,-0.014245129110666502,0.034050772758715875,-0.005496715493779732,0.22956789197315713,0.011707094375298072,0.033432580205035284,-0.18604685637313426,0.12115659780102779,0.0
2025-06-25,0.6988672363489921,0.30113276365100794,1.0,0.3499682275278564,0.030089322184531756,0.1151329344656471,-0.00030248366307878555,0.05117244536864392,0.0015827283846407553,0.030089322184531756,-0.06911858780473248,0.3499682275278564,0.0715455138475462,0.030204701443138117,-0.009435829640668164,0.03064569548284429,-0.0024133744797586384,0.24161110277584144,0.007479509788247903,0.030089322184531756,-0.17868370453122942,0.12108624856696533,0.0
2025-06-26,0.6988672364236922,0.3011327635763078,1.0,0.3499714047750707,0.02708038996607858,0.11582818923927064,0.006932094042414488,0.052502549351245265,0.0036608469291420087,0.02708038996607858,-0.0640225567245786,0.3499714047750707,0.07515028375802188,0.027184231298824305,-0.006000575041125913,0.027918694516684273,0.00019167366298159655,0.2514112166334266,0.01928340661432716,0.02708038996607858,-0.17414507280939764,0.12102293425332111,0.0
2025-06-27,0.6988672364239111,0.30113276357608887,1.0,0.3499742642975636,0.024372350969470723,0.11457039211971964,0.007411656077251555,0.05523121513145925,0.005727543953920063,0.024372350969470723,-0.06459438920895946,0.3499742642975636,0.07487003621441146,0.024465808168941876,-0.003913812926521966,0.027376711318565308,0.0016150458023417476,0.25867095565377635,0.02325845315819953,0.024372350969470723,-0.16117067660283932,0.12096595137103257,0.0
2025-06-30,0.698867236422345,0.30113276357765495,0.9999999999999998,0.3499768378678072,0.02193511587252365,0.11331957655467101,0.008444148350779633,0.05991328002688569,0.008443290188660746,0.02193511587252365,-0.06743284404612515,0.3499768378678072,0.07017362390491835,0.022019227352047685,-0.004821599610325418,0.02672530006038303,0.0017260730786449845,0.2632608796161225,0.025198702293009235,0.02193511587252365,-0.15795186496816205,0.12091466677703548,0.0
2025-07-01,0.6988672364216897,0.3011327635783103,0.9999999999999998,0.3499791540810265,0.01974160428527128,0.105146987733615,0.0022901738036714622,0.06664662083491796,0.009223900309866796,0.01974160428527128,-0.0693044023381942,0.3499791540810265,0.07436071175135692,0.019817304616842914,-0.005140659010219935,0.02612342186608034,0.0015009809820592454,0.27193479165451023,0.02947251560027752,0.01974160428527128,-0.14941552016441514,0.12086851064246433,0.0
2025-07-02,0.6988672364222984,0.3011327635777016,1.0000000000000002,0.34998123867292386,0.01776744385674416,0.10116309195689087,0.006225551618529904,0.07212565068480746,0.011576092711679819,0.01776744385674416,-0.06785644017280751,0.34998123867292386,0.07516778914588425,0.017835574155158625,-0.006573118826638774,0.025182479220691202,0.0015932779053973965,0.2773501074747137,0.031084651689199244,0.01776744385674416,-0.1503005179983466,0.12082697012132598,0.0
2025-07-03,0.6988672364233702,0.30113276357662977,1.0,0.34998311480563143,0.015990699471069743,0.10144564747106705,0.013389073279998602,0.07642319250973066,0.014819854758779658,0.015990699471069743,-0.06252377224839949,0.34998311480563143,0.08036188584227234,0.016052016739642763,-0.0016131089598676457,0.027488109566059942,0.006210991432097888,0.2758369363134701,0.0337619674408593,0.015990699471069743,-0.15316040955563587,0.12078958365225859,0.0
2025-07-07,0.6988672364241807,0.3011327635758193,0.9999999999999999,0.34998480332506826,0.014391629523962765,0.10242470241906587,0.01555131061344251,0.08248219899856538,0.0191550572777546,0.014391629523962765,-0.06225700681075706,0.34998480332506826,0.0784170070235872,0.01630905620210081,0.0026034951880255716,0.032094722981330065,0.0102832074662766,0.2671653211958785,0.02643991932254134,0.014391629523962765,-0.1566333327553617,0.12075593583006548,0.0
2025-07-08,0.6988672364241814,0.30113276357581864,1.0,0.3499863229925615,0.012952466571566491,0.10238757123010638,0.013401108303437353,0.08744106331000594,0.017342840347582496,0.012952466571566491,-0.06238398505679672,0.3499863229925615,0.07758516557457257,0.017199430953112674,0.003310811247208764,0.03644967609784023,0.009933201014583955,0.2599053494831487,0.025549320005137863,0.012952466571566491,-0.15376818658399277,0.1207256527900917,0.0
2025-07-09,0.698867236424196,0.301132763575804,0.9999999999999999,0.34998769069330526,0.011657219914409841,0.10122233934333943,0.009798442691977438,0.09299337582748644,0.015438612572299403,0.011657219914409841,-0.06303274725761657,0.34998769069330526,0.06820615722901942,0.017700827903997955,0.0023988111098329906,0.04087514926231502,0.008715218106155827,0.25320777908662145,0.020834350772942038,0.011657219914409841,-0.15753450170652378,0.12069839805411467,0.0
2025-07-10,0.6988672364241976,0.30113276357580243,1.0000000000000002,0.34998892162397477,0.010491497922968858,0.10047513948274568,0.011585983702447115,0.09650339687018729,0.015830237960303244,0.010491497922968858,-0.06172442495167695,0.34998892162397477,0.07345044610251969,0.01719852669006839,0.0015667672850800396,0.04351452228246771,0.008313315290586657,0.2506626284128832,0.02814688926795168,0.010491497922968858,-0.15494019418990357,0.12067386879173532,0.0
2025-07-11,0.6988672364241983,0.30113276357580165,1.0,0.3499900294615772,0.009442348130671971,0.0997603772762446,0.012308306245772366,0.10035243191333076,0.017803370635218786,0.009442348130671971,-0.058038400362468136,0.3499900294615772,0.07529093699845288,0.015478674021061548,-0.0004087046491179705,0.045418887246071134,0.00825035487338785,0.24946311136477686,0.03147616313392477,0.009442348130671971,-0.15501910698970636,0.12065179245559383,0.0
2025-07-14,0.6988672364241983,0.30113276357580165,1.0,0.3499910265154195,0.008498113317604776,0.10389884572720305,0.024180322786107267,0.10117260610708818,0.018597001767422943,0.008498113317604776,-0.04901544361266165,0.3499910265154195,0.07793565424807432,0.01628265897076022,0.004029085275274985,0.047568839256996155,0.011464153755794678,0.24345787303425684,0.03244897473339711,0.008498113317604776,-0.15667121430256295,0.12063192375306653,0.0
2025-07-15,0.6988672364241962,0.30113276357580376,1.0,0.34999192386387756,0.007648301985844298,0.10871144263335371,0.029113097350029746,0.10163542400893573,0.02026109067359225,0.007648301985844298,-0.045992672505913365,0.34999192386387756,0.07684590331049278,0.017693703833485844,0.005820349141689565,0.04953323369748648,0.012871400742273355,0.2365236260703801,0.033343495246073745,0.007648301985844298,-0.154544576555392,0.12061404192079203,0.0
2025-07-16,0.6988672364241957,0.3011327635758043,1.0,0.34999273147748977,0.006883471787259869,0.10999197974397337,0.022352133945787216,0.10281227623664715,0.020859830992603048,0.006883471787259869,-0.04444082777192401,0.34999273147748977,0.07138588262468817,0.02050483450669833,0.008425498497229747,0.05251781552981435,0.014601199197508831,0.22981547065911234,0.031167636575526732,0.006883471787259869,-0.15741349319368098,0.12059794827174501,0.0
2025-07-17,0.6988672364241956,0.30113276357580443,1.0,0.34999345832974077,0.006195124608533882,0.11089057672847188,0.024653213898060973,0.10320779767384933,0.02212310594045571,0.006195124608533882,-0.03502776392141893,0.34999345832974077,0.07862981697051048,0.02369917831794064,0.010867715302962426,0.055409515508054445,0.016873966374248647,0.22382576023727252,0.03520848903132208,0.006195124608533882,-0.1569065707538041,0.1205834639876027,0.0
2025-07-18,0.6988672364241973,0.30113276357580265,1.0,0.34999411249676665,0.0055756121476804935,0.1105219383836634,0.02229698867984318,0.10356511036026146,0.022208954638735255,0.0055756121476804935,-0.0348852634829038,0.34999411249676665,0.07610976354130482,0.027318909482818426,0.012457641048212564,0.058401093086423966,0.017746479832748522,0.21847718376283057,0.035428361848636174,0.0055756121476804935,-0.15746898374351778,0.12057042813187453,0.0
2025-07-21,0.6988672364241973,0.30113276357580265,1.0000000000000002,0.34999470124709003,0.005018050932912445,0.10945687274325616,0.015066377412028008,0.10375608554225212,0.01591172206453495,0.005018050932912445,-0.0382452312341441,0.34999470124709003,0.07386364404332897,0.029546771440065546,0.007482181830846257,0.06113308775304937,0.012931700799927913,0.21551768354674283,0.02849437974575897,0.005018050932912445,-0.15097838556634402,0.1205586958617192,0.0
2025-07-22,0.6988672364241958,0.3011327635758042,1.0,0.349995231122381,0.0045162458396212,0.10825544689305681,0.016957893260702545,0.10344500300946571,0.01751524826381866,0.0045162458396212,-0.03388521945235513,0.349995231122381,0.07701332275760131,0.032750258040257905,0.010717023990909326,0.06347265016322376,0.014710492778335912,0.21250078227379304,0.03225614378478936,0.0045162458396212,-0.1513682037494275,0.12054813681857945,0.0
2025-07-23,0.6988672364241949,0.3011327635758051,1.0,0.3499957080101429,0.00406462125565908,0.10664079950374118,0.013706910007769087,0.10340670384051787,0.015336852299767459,0.00406462125565908,-0.038215286669301456,0.3499957080101429,0.08034142194827858,0.03331854160024681,0.005719301156970079,0.06491885463629214,0.01159760894733769,0.21305151621798735,0.03244219979874915,0.00406462125565908,-0.15027728626755893,0.12053863367975372,0.0
2025-07-24,0.6988672364241942,0.30113276357580576,1.0,0.34999613720912853,0.0036581591300931713,0.10142731897949372,0.005622025742199624,0.10550901994333105,0.01283432974429903,0.0036581591300931713,-0.04314711174649508,0.34999613720912853,0.06944224877928443,0.0336569374744882,0.0037856827405157584,0.06762067471143772,0.009482855951116042,0.2139435125671238,0.022895268490624038,0.0036581591300931713,-0.15115391504281653,0.12053008085481055,0.0
2025-07-25,0.6988672364241952,0.30113276357580476,1.0,0.3499965234882157,0.0032923432170838545,0.10014926143744442,0.009363267800191942,0.10496183046471991,0.010566371140130426,0.0032923432170838545,-0.03883200931465024,0.3499965234882157,0.06646789269628073,0.03228704360067891,0.0021080536004166386,0.06907610584622541,0.008679691662201849,0.21642216541618628,0.025215740777739637,0.0032923432170838545,-0.1511378460841636,0.1205223833123617,0.0
2025-07-28,0.6988672364241971,0.3011327635758029,1.0,0.34999687113939415,0.002963108895375469,0.09731744046864951,0.007456136460567843,0.1025081926540208,0.008348244012539256,0.002963108895375469,-0.0409603755110023,0.34999687113939415,0.0628965168928966,0.03053919512602995,0.00153714351818552,0.06954964321723182,0.007661706887536614,0.22364698407976524,0.029964277072343056,0.002963108895375469,-0.15227276943779058,0.12051545552415766,0.0
2025-07-29,0.6988672364241961,0.3011327635758039,1.0,0.3499971840254547,0.0026667980058379223,0.091926347127126,0.0039102072574557015,0.10145510778876837,0.008285635091383428,0.0026667980058379223,-0.04250363266043682,0.3499971840254547,0.05853064004451276,0.030845345702733274,0.003026866555421656,0.07140436671202757,0.007936069399383246,0.2285288321174402,0.024544624961710695,0.0026667980058379223,-0.15163153665031612,0.12050922051477406,0.0
2025-07-30,0.6988672364241356,0.3011327635758644,1.0000000000000002,0.3499974656229093,0.0024001182052541307,0.08708285760147665,0.004242350290340355,0.0955465401544831,0.004132903411245024,0.0024001182052541307,-0.04109324467980031,0.3499974656229093,0.06170022065098521,0.036604997877150706,0.008627014410962572,0.07450387082619722,0.00998849518593017,0.2309604225009437,0.024663603831154735,0.0024001182052541307,-0.15413595885604675,0.12050360900633125,0.0
2025-07-31,0.6988672333926099,0.3011327666073901,1.0,0.3499977190606183,0.0021601063847287174,0.0847506413596247,0.005578758297033436,0.08911132938410929,0.0027293648282297675,0.0021601063847287174,-0.037588690936712625,0.3499977190606183,0.053733636975825394,0.04027605895867269,0.006414767892994111,0.07635552622562593,0.008138845808876301,0.23468995347189792,0.02347110374976024,0.0021601063847287174,-0.15154995727980558,0.12049855876999371,0.0
2025-08-01,0.5161010645131315,0.48389893548686846,1.0,0.34999794715455645,0.003718102843010057,0.07804958432041645,-0.04434046256700876,0.08197420354245258,-0.010401030685621024,0.003718102843010057,-0.11687202652138479,0.34999794715455645,0.02720833231856644,0.03802246015955964,-0.02332661219335925,0.07049398069981755,-0.014031124222572529,0.24622095812470812,0.02236129050303217,0.003718102843010057,-0.30494748009485656,0.12780466031246906,0.0
2025-08-04,0.5160735303404573,0.48392646965954267,0.9999999999999998,0.34999815243910076,0.0051201160943121,0.07201844942397785,-0.04673331509371547,0.07555060672381037,-0.011821259177692035,0.0051201160943121,-0.12238016796032147,0.34999815243910076,0.029603524244745348,0.03599403767920672,-0.02563214280858589,0.06521840616543884,-0.016206340517000102,0.2565988623122373,0.027081238907149842,0.0051201160943121,-0.30454919805773756,0.13438125306760385,0.0
2025-08-05,0.5161115639016449,0.4838884360983551,1.0,0.34999833719519075,0.006382181577558525,0.06659068157425771,-0.043701825904398445,0.06976962314410698,-0.008678408966132763,0.006382181577558525,-0.12119061504790375,0.34999833719519075,0.029734689013935577,0.03416871100396369,-0.02376578700752552,0.0604706426415726,-0.013790034561519574,0.2659389760810136,0.02896963593944984,0.006382181577558525,-0.3117432850940716,0.1402986652047777,0.0
2025-08-06,0.6988645019138385,0.30113549808616147,1.0,0.34999850347567163,0.005743963419802673,0.05993161341683194,-0.008317123760851072,0.0637186357765018,0.0004913903321379538,0.005743963419802673,-0.050673061174187586,0.34999850347567163,0.05540834259373531,0.036252939556122146,0.002919287605694411,0.06595108385460854,0.00611734125712771,0.27434507847291223,0.027204661130042065,0.005743963419802673,-0.1546292183019351,0.1383142186077464,0.0
2025-08-07,0.6988670574861207,0.30113294251387934,1.0,0.34999865312810446,0.0051695670778224055,0.053938452075148746,-0.00011559588823145672,0.059863688861944125,0.0018851625379505861,0.0051695670778224055,-0.04355292574199611,0.34999865312810446,0.05375026575658621,0.03819897602508553,0.004172908685045433,0.0696691006452473,0.007724497801723008,0.2814638806612981,0.025880318803013395,0.0051695670778224055,-0.15365412070268222,0.13652811444752694,0.0
2025-08-08,0.6988672304813693,0.30113276951863066,1.0,0.349998787815294,0.004652610370040165,0.05634093477146441,0.006049878293532748,0.05417959528843987,0.0002345628449024681,0.004652610370040165,-0.04018029168790436,0.349998787815294,0.05617898130759816,0.041088800253097815,0.005206682037856104,0.07307070568497397,0.00804587175387492,0.2810953416631302,0.021555353775554103,0.004652610370040165,-0.15009613751180972,0.13492061378351947,0.0
2025-08-11,0.6988672355547102,0.3011327644452898,1.0000000000000002,0.3499989090337646,0.00418734933303615,0.05693537181840249,0.004973196570276367,0.05182854369318383,0.0024487856257098053,0.00418734933303615,-0.03488942880563201,0.3499989090337646,0.056928175533193424,0.044488007702853,0.005994864235784762,0.07706198591011935,0.00902121603152652,0.2778386201926255,0.019843833530651462,0.00418734933303615,-0.15331549550103557,0.13347386298297914,0.0
2025-08-12,0.6988672355508854,0.30113276444911463,0.9999999999999999,0.3499990181303881,0.003768614399732534,0.05584288635134241,0.004581396565135787,0.05115549856765281,0.004490543871205368,0.003768614399732534,-0.03303600675002596,0.3499990181303881,0.0520670128303673,0.04854346608051309,0.008467929957027887,0.08064404795906618,0.011240038523395595,0.2741060668489266,0.02394856432482247,0.003768614399732534,-0.15310048432841097,0.13217178726264578,0.0
2025-08-13,0.6988672354374861,0.3011327645625139,1.0,0.34999911631734926,0.0033917529597592808,0.05504519071980678,0.005079810641619165,0.052247694675102034,0.006588020745815992,0.0033917529597592808,-0.0285252730290246,0.34999911631734926,0.04766327749971472,0.05193591493509063,0.008751978561541321,0.08418643155359075,0.012317798303805482,0.26880222676066023,0.02346098532398862,0.0033917529597592808,-0.15550718585436532,0.13099991911888176,0.0
2025-08-14,0.6988672360467879,0.3011327639532121,1.0,0.34947572343996497,0.003052577663783353,0.05797996145469078,0.012580859567037951,0.05389093331138978,0.010238473548908902,0.003052577663783353,-0.023327324237588466,0.34947572343996497,0.05139582248449626,0.05379957681717108,0.01052059067518641,0.08536280362373434,0.01430375563088843,0.26344060826036025,0.03207882931023155,0.003052577663783353,-0.1564266416528507,0.12994523776512207,0.0
2025-08-15,0.6988672360452809,0.3011327639547191,1.0,0.34952815109596846,0.0027473198974050177,0.05304042329379565,0.0010660977545561348,0.056435568988074496,0.009852701975502628,0.0027473198974050177,-0.031777994768680914,0.34952815109596846,0.04715199753768062,0.055597818800264785,0.008914428757056107,0.0877489390776478,0.01356427825859293,0.26315843440264014,0.03236561331560908,0.0027473198974050177,-0.15550553300357506,0.12899602454679862,0.0
2025-08-18,0.6988672360866551,0.30113276391334487,1.0,0.3495753359863716,0.002472587907664516,0.04976610266589769,0.0018577406026462975,0.05954465634537294,0.008011020724278426,0.002472587907664516,-0.03192673304291296,0.3495753359863716,0.04456488616567319,0.05572592402168634,0.005205944639560693,0.09054326263233833,0.010588941826438159,0.2617578098843515,0.022804118309120047,0.002472587907664516,-0.15276110050231334,0.12814173264865256,0.0
2025-08-19,0.6988672354028754,0.30113276459712457,1.0,0.34961780238773443,0.0022253291168980644,0.04478949239930792,-0.001621980944689648,0.06410067824826839,0.007795223323421762,0.0022253291168980644,-0.03703469150399424,0.34961780238773443,0.04819577689825783,0.05508355439422645,0.003656556123224526,0.09474105421740114,0.009828584808065748,0.25984389015159326,0.017994086958983357,0.0022253291168980644,-0.15225600424281457,0.12737286996767228,0.0
2025-08-20,0.6988672349396768,0.30113276506032316,1.0,0.34965602214896097,0.002002796205208258,0.04031054315937713,-0.006953648295865485,0.06704027949386861,0.0065801496718579135,0.002002796205208258,-0.04036719860495149,0.34965602214896097,0.04069706348572873,0.049575198954803806,-0.0006625481399303718,0.09483095599482888,0.0067309974673121255,0.2679005142644261,0.02395752830144151,0.002002796205208258,-0.15244514834253137,0.12668089357331797,0.0
2025-08-21,0.6988672349432892,0.3011327650567108,1.0,0.34969041993406486,0.0018025165846874325,0.036279488843439414,-0.0062873363277268085,0.06988418720134086,0.0070440397773267605,0.0018025165846874325,-0.03711772772067191,0.34969041993406486,0.044323452594036625,0.04461767905932343,-0.0013175249584028784,0.0938667040243936,0.00628482171816162,0.2759983729498084,0.02573873928433417,0.0018025165846874325,-0.15183404976781956,0.1260581148182546,0.0
2025-08-22,0.6988672357341296,0.30113276426587043,1.0000000000000002,0.34972137794065844,0.0016222649262186894,0.032651539959095484,-0.011795120016955714,0.07548272659410016,0.008323029595259598,0.0016222649262186894,-0.040333341802853986,0.34972137794065844,0.04240063934855505,0.040155911153391094,-0.0018658649981950562,0.09321687321587387,0.005777168228973575,0.2800294273773798,0.020915684756397185,0.0016222649262186894,-0.15089961026711762,0.125497613907064,0.0
2025-08-25,0.6988672363284796,0.3011327636715204,1.0,0.34974924014659253,0.0014600384335968202,0.029386385963185928,-0.002528870641027761,0.08500047919105588,0.01920843259400998,0.0014600384335968202,-0.030716053154456698,0.34974924014659253,0.04633865927523632,0.04161913700676693,0.006166607915878017,0.09644413661572968,0.014124300792797879,0.26988738114625704,0.020103089117832894,0.0014600384335968202,-0.16201864879360767,0.1249931630632184,0.0
2025-08-26,0.6988672363057453,0.3011327636942547,1.0,0.34977431613193327,0.0013140345902371382,0.028140409677093574,0.001926900301084472,0.09152275788619847,0.01710118167167976,0.0013140345902371382,-0.027477575595817934,0.34977431613193327,0.04448728401651186,0.04487379671869409,0.008442911179283807,0.09957186829601171,0.01453961050354197,0.2589496248049279,0.018272186616793425,0.0013140345902371382,-0.16202830294828294,0.12453915730466675,0.0
2025-08-27,0.6988672362466668,0.3011327637533332,1.0,0.3497968845187399,0.0011826311312134244,0.03262075188132171,0.010063016275542604,0.09572875189967409,0.018428492617268238,0.0011826311312134244,-0.022820074864543696,0.3497968845187399,0.0525686665280915,0.049867631878751484,0.013079874873128318,0.10265483523259042,0.01798963346064412,0.24283533020216216,0.013492987373886652,0.0011826311312134244,-0.16313396391873541,0.12413055212433341,0.0
2025-08-28,0.6988672362468996,0.3011327637531004,1.0,0.34810434545536095,0.001064368018092082,0.04139559638333916,0.019777983689592223,0.09980341141659713,0.022424401407023765,0.001064368018092082,-0.017659044678886474,0.34810434545536095,0.05469444962878962,0.053557577274924446,0.01425678705782868,0.10455016297861854,0.019981551188133006,0.2266973629929516,0.013384061030531566,0.001064368018092082,-0.16164077376410096,0.12376280746202409,0.0
2025-08-29,0.698867232655232,0.301132767344768,1.0,0.3448796543484174,0.0009579312162828739,0.04785775148997713,0.02075339890080328,0.10205310839021077,0.023940925188415757,0.0009579312162828739,-0.01671200296174702,0.3448796543484174,0.06183070842105344,0.05937927343980628,0.021880437731433666,0.10673547516180266,0.0247440895661476,0.21374703732760772,0.019026243472808617,0.0009579312162828739,-0.16597293513365408,0.1234318374096124,0.0
2025-09-02,0.698853411659696,0.30114658834030394,1.0,0.34539168891357563,0.0008621380946545865,0.052495567606838225,0.014836547736038833,0.10475971974900379,0.02032859285248615,0.0008621380946545865,-0.01691431227673866,0.34539168891357563,0.06711810790391282,0.06399190471624092,0.016610850597986088,0.10889478326703507,0.02020411005160802,0.19960754235573397,0.011391147719873432,0.0008621380946545865,-0.16069666926195678,0.12313451720226332,0.0
2025-09-03,0.6988528433264506,0.3011471566735494,1.0,0.3423765160914318,0.0007759242851891278,0.06442461845076372,0.03986562390397971,0.10586741370335377,0.026881693789951415,0.002359144062634883,0.0036741071021413746,0.3423765160914318,0.07315632326968166,0.0673324504312596,0.022602568769106747,0.10926819921793829,0.02613729341025752,0.1847287820084499,0.011793555199346039,0.0007759242851891278,-0.1608928905819672,0.12286695174897896,0.0
2025-09-04,0.6988528495588784,0.3011471504411216,0.9999999999999999,0.33662163562579706,0.000698331856670215,0.0730297377269637,0.038478286129542294,0.10752248378843966,0.03130363080479305,0.004062420412091526,0.004958719687701771,0.33662163562579706,0.07283351450237788,0.07028719888719501,0.024773243146099085,0.11023623195499214,0.030416419781165934,0.1749158171561247,0.02214433143744525,0.000698331856670215,-0.1640533456849537,0.12262614259172591,0.0
2025-09-05,0.6988666543439983,0.3011333456560017,1.0,0.3324067676425366,0.0006284986710031935,0.07880935419910104,0.03064473346386793,0.10905309971949044,0.028771450905773172,0.003656178370882373,-0.001465336522519678,0.3324067676425366,0.06897751189725837,0.07297764936045592,0.022766239686397828,0.1113518814259733,0.02843510102721528,0.16870770845176372,0.02643047106922087,0.0006284986710031935,-0.1641284182314796,0.12240886215879339,0.0
2025-09-08,0.6988672132033888,0.30113278679661115,1.0,0.3272876043264422,0.0005656488039028741,0.0829662406296669,0.03156489178451871,0.109687338098936,0.03025834735538884,0.0033724237335202574,0.00021465702621170646,0.3272876043264422,0.07373863310437155,0.07691223461068503,0.029452829799234886,0.11247463269814321,0.032142071542038644,0.16452058968392505,0.03325835107269183,0.0005656488039028741,-0.1682345998201209,0.1222132874147785,0.0
2025-09-09,0.6988672244030054,0.3011327755969946,0.9999999999999999,0.32094471160057647,0.0005090839235125866,0.08853983265972579,0.04155977499864121,0.10931695826390214,0.031756189204046145,0.004283351896399868,0.0037399335596367544,0.32094471160057647,0.07906082484100818,0.07944612773582957,0.030637846000940806,0.1123541027325162,0.03333998846488338,0.16256856149035684,0.04344690900512267,0.0005090839235125866,-0.1655184894161474,0.12203726969718041,0.0
2025-09-10,0.6988672361287546,0.30113276387124543,1.0,0.31278305526636363,0.00045817553116132804,0.09317597689868358,0.0456977009799789,0.1100349188779447,0.0394631197028949,0.007548944050774143,0.012513149868067383,0.31278305526636363,0.08107222226928139,0.08373222762671559,0.0414314430985676,0.11335732081944284,0.041458257455617945,0.15703052764660205,0.03630992638025348,0.00045817553116132804,-0.17032825423631254,0.12187885328231221,0.0
2025-09-11,0.6988672364015064,0.3011327635984936,0.9999999999999999,0.304410802476795,0.00041235797804519515,0.09617110771176354,0.04264549724883841,0.11117622686095312,0.04206387149314633,0.009951879726984978,0.010937237348458598,0.304410802476795,0.07933578725028019,0.08757713418624351,0.04231785020444842,0.11492560924200255,0.04469345448427692,0.15363860331919135,0.04263995537423759,0.00041235797804519515,-0.1681152195379873,0.12173627849802071,0.0
2025-09-12,0.6988672364181588,0.30113276358184116,1.0,0.29539981578961494,0.0003711221802406756,0.09848074649696771,0.04418110145101941,0.11298536589678057,0.04788551720396353,0.012753217782770322,0.014063739733358144,0.29539981578961494,0.07938501041088317,0.09030508366793084,0.042547152971733795,0.11608520727773117,0.046868286781791044,0.15201147971647144,0.05088596487833655,0.0003711221802406756,-0.16497940199611835,0.1216079611914923,0.0
2025-09-15,0.6988672364239994,0.3011327635760006,1.0000000000000002,0.28514887744580136,0.0003340099622166081,0.10183058858228045,0.05292976605332669,0.11466093548773618,0.05203218194810538,0.016708052066538144,0.02097535106067809,0.28514887744580136,0.07735800780744556,0.09356969769141336,0.04930914210028457,0.11744836781595915,0.0520224569159827,0.14880699533267178,0.04811218390557399,0.0003340099622166081,-0.16527047435519074,0.12149247561538311,0.0
2025-09-16,0.6988672364230903,0.30113276357690966,0.9999999999999999,0.27720599919141575,0.00030060896599494723,0.1039475181722123,0.04862081126001632,0.11571969013063288,0.049509662757338785,0.019473460161910015,0.01753597497884092,0.27720599919141575,0.08131940894722128,0.09621773276761958,0.04745476609358493,0.11831698271506808,0.049859904835653134,0.14742946929822523,0.053376899731611575,0.00030060896599494723,-0.15727286323097545,0.12138853859692117,0.0
2025-09-17,0.6988672364228468,0.30113276357715324,1.0,0.27050712118947434,0.00027054806939545256,0.1060400094130236,0.04804757137463257,0.11626757216222498,0.04663394517202154,0.021549876125429683,0.015482359878493668,0.27050712118947434,0.08088596334197516,0.09862243959050937,0.04627467874919862,0.1189882539879759,0.04810808268793084,0.14645918418165155,0.05299351893892047,0.00027054806939545256,-0.1531017296252913,0.1212949952803152,0.0
2025-09-18,0.6988672364229268,0.3011327635770732,1.0,0.26266619646273554,0.0002434932624559073,0.10841720400388571,0.050171615825755925,0.11740184471748966,0.04932068711619933,0.023696791078815053,0.016626619815008875,0.26266619646273554,0.07424478513926538,0.10155228237370473,0.04944072062172488,0.12003410257811115,0.05003046204436187,0.14477727922743575,0.0501052080651267,0.0002434932624559073,-0.15690735087858562,0.12121080629536661,0.0
2025-09-19,0.6988672364239318,0.3011327635760682,1.0,0.2564455342523782,0.00021914393621031659,0.11009404925054087,0.044109361846746506,0.1188643940097711,0.04652003890728498,0.02470358951156799,0.011897071422270214,0.2564455342523782,0.07063224454265793,0.10496244045677496,0.04779785086165429,0.1215682889611105,0.04769993349084874,0.14200752341277348,0.04125322283459289,0.00021914393621031659,-0.15325329361537984,0.12113503620887267,0.0
2025-09-22,0.6988672364241877,0.3011327635758123,0.9999999999999999,0.25085872645563906,0.00019722954258928488,0.11221719519228088,0.04895886995166347,0.12000083290237419,0.048550004583182704,0.025813107315614533,0.01334597689959445,0.25085872645563906,0.07477637587014643,0.10804527676905121,0.050623556386843745,0.12291620869904983,0.05034644364303785,0.13888457999238302,0.04129867927475064,0.00019722954258928488,-0.15359900810877394,0.12106684313101787,0.0
2025-09-23,0.6988672364239074,0.30113276357609264,1.0,0.2476356544997274,0.0001775065883303564,0.11289836166383947,0.04489328779304111,0.12109127713690696,0.04937263282090747,0.025409894712577322,0.008214981324782114,0.2476356544997274,0.08245840580865609,0.1109227198129625,0.05160333801575616,0.12438916429233023,0.05191489635281815,0.1364699519323659,0.04327504690447134,0.0001775065883303564,-0.15089538360252486,0.1210054693609598,0.0
2025-09-24,0.6988672364237007,0.30113276357629926,1.0,0.2462844862526702,0.00015975592949732078,0.1128488590582924,0.04099472439088275,0.12142854949155728,0.045393380694506345,0.024155482910276912,0.004692289304485994,0.2462844862526702,0.08538757017028757,0.11244981221482685,0.046024200445282396,0.12475781614714097,0.04671060063120536,0.13696500502782227,0.051577594986812754,0.00015975592949732078,-0.14514185798971452,0.12095023296791578,0.0
2025-09-25,0.6988672364227948,0.3011327635772052,1.0,0.2445730100925076,0.00014378033654758872,0.11373948611311842,0.04277228600168054,0.12164870198595182,0.04343094963844367,0.023081202603707354,0.0047118423693134764,0.2445730100925076,0.0805067764896314,0.11361661175520622,0.04360228913985316,0.1250483382715779,0.04484771988497016,0.1372483486271707,0.04911085817308007,0.00014378033654758872,-0.1455961116079541,0.12090052021421241,0.0
2025-09-26,0.698867236423059,0.30113276357694096,1.0,0.24373980995223898,0.00012940230289282986,0.112563915139575,0.03489513006785386,0.12186650717237484,0.042369000589663544,0.020773082343336618,-0.0004710718816305498,0.24373980995223898,0.0808330601042163,0.11581403440543114,0.04639424136914545,0.12597472448698188,0.04595673812072273,0.13828274546129993,0.05050070982424803,0.00012940230289282986,-0.14681848240046463,0.12085577873586881,0.0
2025-09-29,0.6988672364241433,0.3011327635758567,1.0,0.24180218532193754,0.00011646207260354687,0.1113449535328548,0.03506453744161961,0.12242126280132812,0.044510549414921434,0.019521882151961385,0.002885907714508945,0.24180218532193754,0.07837867512719505,0.11803830142756538,0.04822842633213993,0.1269996822428803,0.04758829883439755,0.13893975904355282,0.050602587776389235,0.00011646207260354687,-0.15174187712529535,0.1208155114053162,0.0
2025-09-30,0.6988672364241102,0.3011327635758898,0.9999999999999999,0.23792185905192947,0.00010481586534319215,0.11167504861808583,0.046335227652469224,0.12315487927135488,0.0524426927863564,0.020175332194547105,0.01053093370424213,0.23792185905192947,0.08204393644354933,0.12047620907763848,0.05755933160774329,0.12805368117483562,0.0555879604009286,0.13765890393844515,0.05097712184098373,0.00010481586534319215,-0.15385775559980955,0.12077927080782014,0.0
2025-10-01,0.6988672364240383,0.30113276357596175,1.0,0.23496353007682919,9.433427880887294e-05,0.11219197741503512,0.044535702189861186,0.12363937138425515,0.04878765336409133,0.020189249366053038,0.007742957191381586,0.23496353007682919,0.07940910743323254,0.12344590832550072,0.057239136929796354,0.12936523766054764,0.053807242038933195,0.1353637372228936,0.04372113775970143,9.433427880887294e-05,-0.15473318826730667,0.12074665427007661,0.0
2025-10-02,0.6988672364238883,0.30113276357611174,1.0,0.23254133574427033,8.490085092798567e-05,0.11287024239172788,0.045753598112144536,0.12424217995746827,0.04986569709567711,0.02028976030276857,0.008150630051907817,0.23254133574427033,0.08104405194718449,0.12591155202929705,0.05695512858268717,0.13057570612148514,0.05440452407213484,0.13276702321594147,0.04207021328452115,8.490085092798567e-05,-0.15367683422931674,0.12071729938611343,0.0
2025-10-03,0.6988672364237952,0.3011327635762048,1.0,0.22880215870960613,7.64107658351871e-05,0.11520112046810216,0.05709345088884649,0.12404088877542527,0.05124497559065726,0.02248296720512447,0.01770162454703364,0.22880215870960613,0.08181702196004952,0.12719462378852872,0.05816809941282425,0.13070212182958438,0.055274245478684134,0.13080882846724354,0.04745317166142615,7.64107658351871e-05,-0.15204913702177691,0.12069087999055028,0.0
2025-10-06,0.6988672364238369,0.30113276357616314,0.9999999999999999,0.22395697793337704,6.876968925166839e-05,0.11589596877150221,0.05566148595209997,0.1260061119499109,0.0654784983327055,0.02377755108142069,0.016144301161471933,0.22395697793337704,0.0821825715180279,0.13031967431399677,0.0722007364048909,0.13309145201001885,0.07044649146741415,0.12621639171598004,0.03868039760681819,6.876968925166839e-05,-0.15594760104738017,0.12066710253454176,0.0
2025-10-07,0.698867236421334,0.30113276357866603,1.0000000000000002,0.21889442302452075,6.189272032650157e-05,0.11436892982657447,0.053151150238620555,0.13025935145186704,0.0890232440425681,0.02477340636069558,0.017819651201607126,0.21889442302452075,0.09155489963545176,0.1353321960677328,0.09531228164034862,0.1376083878021947,0.09415863395928216,0.11805570992185405,0.023563095723288845,6.189272032650157e-05,-0.16003574015179903,0.12064570282423424,0.0
2025-10-08,0.6988672364212225,0.3011327635787775,1.0,0.21551678896038637,5.5703448293851414e-05,0.11116309610656723,0.0452180443600455,0.1340092382090711,0.09215944567434532,0.02478287456421821,0.013661501981146837,0.21551678896038637,0.10169623852706766,0.13876484123598135,0.09320346282581157,0.14087517374820094,0.09354274652236849,0.11420584064231916,0.04370534356256022,5.5703448293851414e-05,-0.1593367414195922,0.12062644308496191,0.0
2025-10-09,0.6988672360850977,0.3011327639149023,1.0,0.21108876509296973,5.013310346446627e-05,0.10931892217855364,0.056889238637885045,0.1363054826002887,0.09631006047832394,0.02574886166337219,0.02113236516731938,0.21108876509296973,0.10506227805743262,0.14156095614753827,0.10229482156955755,0.1433524601804292,0.10163344336439731,0.11196530970032212,0.056324265590385295,5.013310346446627e-05,-0.16686924898443128,0.12060910933306182,0.0
2025-10-10,0.5161002845422804,0.4838997154577196,1.0,0.20251038735381147,4.511979311801964e-05,0.09838702996069826,-0.0010846574731299963,0.1401712978363515,0.07060929675244779,0.023173975497034968,-0.08026499804734441,0.20251038735381147,0.050568777124146376,0.146338381466761,0.07640916916789409,0.14908052373157324,0.0809686069635786,0.11238909734258712,0.04689560350280626,4.511979311801964e-05,-0.22840191260335468,0.1279041870180644,0.0
2025-10-13,0.6988671806709368,0.3011328193290632,1.0,0.1958198869490163,4.060781380621767e-05,0.09396979551937594,0.034082224672752556,0.1418264253887641,0.09852411579305946,0.021725722289558668,0.0054639019752128065,0.1958198869490163,0.08524873092951632,0.15146789681322892,0.12424291448679865,0.15507648469162377,0.13141370678258693,0.11291409944520553,0.07395418459151643,4.060781380621767e-05,-0.13723992892979667,0.1271590810894205,0.0
2025-10-14,0.698867180665962,0.301132819334038,1.0,0.19025513249635934,3.654703242559591e-05,0.08896452424311735,0.026441658448602842,0.1434565640843724,0.0952058138379139,0.0202597440829072,0.0042542711461655,0.19025513249635934,0.08439515945994593,0.15668414806758968,0.12260208092100967,0.16090561630028194,0.1284647831312193,0.11294923793910652,0.06819504083840669,3.654703242559591e-05,-0.14065215733462008,0.12648848575383997,0.0
2025-10-15,0.698867178901012,0.301132821098988,1.0,0.1863220156376501,3.2892329183036315e-05,0.08377296204750137,0.022466016329998582,0.1452659964806441,0.09796254854949787,0.01837707107342288,0.0008689627403156708,0.1863220156376501,0.0915185073909014,0.16094007815024075,0.12081887182055245,0.16598261162169742,0.12835756278390958,0.11342142263724489,0.07135435470980242,3.2892329183036315e-05,-0.12346131229397117,0.1258849500224155,0.0
2025-10-16,0.6988672346542737,0.3011327653457263,1.0,0.18312207887867749,2.9603096264732684e-05,0.07871539002369494,0.020381377157634925,0.1471171557607431,0.10055090830372235,0.016539363966080592,-0.0003862254692944961,0.18312207887867749,0.09474606691377441,0.16491602206012942,0.12321904873575604,0.17091488194632914,0.13218624762738213,0.11330373863407762,0.06891232666610082,2.9603096264732684e-05,-0.12244483960656155,0.125341765634003,0.0
2025-10-17,0.6988672343599611,0.3011327656400389,0.9999999999999999,0.1791886208392809,2.664278663825941e-05,0.07324950646323222,0.016082410902273934,0.14903938639372666,0.111202108664553,0.01488542756947253,-0.0013787591471675076,0.1791886208392809,0.09612555451450376,0.16980861985174014,0.1429587484505258,0.17595350501510565,0.14794535262668052,0.11299539138459933,0.07368501652111585,2.664278663825941e-05,-0.11911272973320146,0.12485289969620425,0.0
2025-10-20,0.6988660810124397,0.30113391898756026,1.0,0.18056621860413422,2.397850797443347e-05,0.06742649600517768,0.009942301591813134,0.15208045834185382,0.11878948890425937,0.013396884812525277,-0.0036453066412723417,0.17460391325328734,0.08826728689050944,0.17446019668516113,0.14319893200863146,0.18056621860413422,0.14700936341078677,0.11302888730379981,0.07502059893858769,2.397850797443347e-05,-0.12641418681267816,0.12441296648608624,0.0
2025-10-21,0.6988611143532154,0.3011388856467846,1.0000000000000002,0.18528777714132613,2.1580657176990127e-05,0.06165223869003464,0.007098025614738442,0.1558446025851747,0.13906047494556154,0.012057196331272751,-0.003909353159649562,0.16894075642924633,0.0864701980156877,0.17885797708613346,0.1601085167220832,0.18528777714132613,0.16695724486980404,0.1133206458162861,0.08498529404524915,2.1580657176990127e-05,-0.13983800362715007,0.12401722526334903,0.0
2025-10-22,0.6988610672848997,0.3011389327151003,0.9999999999999999,0.1908612029775428,1.942259145929111e-05,0.05548701482103116,-0.009305570232777404,0.16022358197574216,0.1277685561637174,0.010851476698145474,-0.013906196253083578,0.16075106502479958,0.05570916765816543,0.18414683647073338,0.1483207567652218,0.1908612029775428,0.1542571722169786,0.11399833939492797,0.07686398170785758,1.942259145929111e-05,-0.13586114619892561,0.12366106004561811,0.0
2025-10-23,0.6988274269344079,0.3011725730655921,1.0,0.19554438868405255,1.7480332313362e-05,0.04993831333892804,-0.011241603447526113,0.16359335680527412,0.11882447140398641,0.009766329028330927,-0.017434856558455822,0.15514212312465722,0.06413097902956483,0.18816839441106015,0.13747711730259238,0.19554438868405255,0.14564541289235075,0.1144877573117036,0.07285088572955079,1.7480332313362e-05,-0.1298583211470818,0.12334185696367998,0.0
2025-10-24,0.6986661452332715,0.30133385476672847,1.0,0.20021271015316747,1.5732299082025806e-05,0.044944482005035244,-0.0080507036216141,0.16681466467262634,0.11452528024067193,0.008789696125497836,-0.015155991271826486,0.15007702135468043,0.06111583157203687,0.19224577988233663,0.13390609545453397,0.20021271015316747,0.14167656997961825,0.11383888804959301,0.06316760283785734,1.5732299082025806e-05,-0.13003420703014698,0.12306102545798113,0.0
2025-10-27,0.6394435966062803,0.36055640339371975,1.0,0.20380052141693672,1.4159069173823226e-05,0.04045003380453172,-0.015841717988518404,0.17010163132680922,0.11060871119348659,0.007910726512948052,-0.04018959830456638,0.14460651143117437,0.05282820802984002,0.19469662378224328,0.12006402630797589,0.20380052141693672,0.13077491596204177,0.11324261360825112,0.05975451926323655,1.4159069173823226e-05,-0.1614071175981638,0.1251771790479318,0.0
2025-10-28,0.5852054494747936,0.4147945505252064,0.9999999999999998,0.20765911088425087,1.27431622564409e-05,0.03640503042407854,-0.0272920500161172,0.17331454762829543,0.10070580787268721,0.007119653861653245,-0.06600991912755674,0.13622766360852906,0.030285838450308307,0.19715192369021983,0.10918075295099058,0.20765911088425087,0.12070228932828188,0.11285808357656964,0.054477088170371876,1.27431622564409e-05,-0.19507259830752188,0.12925124316414685,0.0
2025-10-29,0.4667806204647198,0.5332193795352802,1.0000000000000002,0.2104731879759707,1.1468846030796812e-05,0.0327645273816707,-0.04587876375763439,0.17605975368477086,0.08430064903117034,0.0064076884754879215,-0.12322162900077809,0.12545132853609595,0.011951987792994057,0.19737347597332092,0.08371314975479421,0.2104731879759707,0.09901090254123011,0.11380367509750887,0.05135888669962263,1.1468846030796812e-05,-0.26686749240183677,0.1376548940291434,0.0
2025-10-30,0.5362749263872341,0.46372507361276594,0.9999999999999999,0.21337842783244595,1.0321961427717129e-05,0.02948807464350362,-0.038991164160461764,0.17822144058808564,0.09100900041014794,0.005766919627939128,-0.09217456926137806,0.11804874314758938,0.023675945993301507,0.1992256827677107,0.09939687037727925,0.21337842783244595,0.11027598460558688,0.11342198186055809,0.05063716374964222,1.0321961427717129e-05,-0.2217554409417994,0.1424384075707397,0.0
2025-10-31,0.6518555131724848,0.3481444868275152,1.0000000000000002,0.21575091645311684,9.289765284945419e-06,0.026539267179153263,-0.030914474439282948,0.18051791771065026,0.1019615315331062,0.005190227665145216,-0.04532660116222298,0.11652186242316992,0.05208905511520414,0.20165235221829217,0.11326633603440643,0.21575091645311684,0.12016438310091584,0.11169782029842112,0.048744381420344256,9.289765284945419e-06,-0.15329078930900106,0.14212034628676637,0.0
2025-11-03,0.6988672364214864,0.3011327635785136,1.0,0.21783732106897036,8.360788756450876e-06,0.023885340461237938,-0.023624050606942663,0.18220796292701086,0.10718125509130298,0.004671204898630695,-0.024332308183269237,0.11605565322965697,0.06073026842826086,0.2043382963940559,0.12406231951517699,0.21783732106897036,0.12846164560193574,0.11104223803045066,0.05708309350724883,8.360788756450876e-06,-0.12131186075548704,0.13995362220123028,0.0
2025-11-04,0.698867153581524,0.30113284641847604,1.0,0.22060255549985908,7.524709880805787e-06,0.02149680641511414,-0.034147143749718306,0.1832332642867094,0.10005567073120568,0.004204084408767625,-0.03439713338550102,0.11439236061891117,0.05168740088407976,0.20787622823976418,0.12462322063000156,0.22060255549985908,0.1276239660142131,0.11018360198314725,0.05326426029062288,7.524709880805787e-06,-0.12472114560287005,0.13800357383784628,0.0
2025-11-05,0.6988671532583988,0.30113284674160123,1.0,0.2238800275108683,6.7722388927252095e-06,0.01934712577360273,-0.04899945586468607,0.185668358213485,0.09885744499823694,0.003783675967890863,-0.04409218909778778,0.11072686499085983,0.0370207416657911,0.2110274171956688,0.11400336481922203,0.2238800275108683,0.1206653958177592,0.10931122778500611,0.04831804327066128,6.7722388927252095e-06,-0.12299237721887099,0.13624853032372572,0.0
2025-11-06,0.6988611319040067,0.30113886809599333,1.0,0.22671999370973206,6.095015003452689e-06,0.017412413196242458,-0.044645741297911504,0.18770999418624523,0.09989281412003394,0.003405308371101777,-0.04055227775764397,0.10917506972842617,0.04614940050197451,0.213957786848757,0.11649263230478814,0.22671999370973206,0.1222843128845591,0.1069441069292991,0.04151119310272135,6.095015003452689e-06,-0.12300118263245466,0.13466923201519287,0.0
2025-11-07,0.6988596245996113,0.30114037540038874,0.9999999999999998,0.22827946330678917,5.485513503107419e-06,0.01567117187661821,-0.06327144770476792,0.18847631888203215,0.08492039948189903,0.0030647775339915986,-0.05322214913418345,0.10949886489339435,0.04886113690131498,0.21494437463683103,0.09728658290677154,0.22827946330678917,0.10532384131768113,0.10681161952715118,0.04590816735689915,5.485513503107419e-06,-0.11749541541797848,0.1332479238296891,0.0
2025-11-10,0.6793469491119086,0.3206530508880914,1.0000000000000002,0.22984792171604704,4.936962152796678e-06,0.014104054688956391,-0.05980139942186831,0.1897334684977638,0.08448136925621812,0.0027582997805924393,-0.06133787226487464,0.10921679610242434,0.04482674163644004,0.2152488977321967,0.09160040043361314,0.22984792171604704,0.10251500007375693,0.10633637103762272,0.04288579528763988,4.936962152796678e-06,-0.12831594694835413,0.1327492534822439,0.0
2025-11-11,0.6793697354624562,0.32063026453754384,0.9999999999999999,0.22997778595980709,4.443265937517009e-06,0.012693649220060749,-0.054021316746876116,0.1891733514819237,0.08419178090723303,0.002482469802533195,-0.06056950174789717,0.11207713471362883,0.06301624804688061,0.21425789047996704,0.09388815291904076,0.22997778595980709,0.10568836136948037,0.10703373636062047,0.05180933939220626,4.443265937517009e-06,-0.12146028245349336,0.13229953871552122,0.0
2025-11-12,0.698866928244247,0.301133071755753,1.0,0.22954315760905802,3.9989393437653096e-06,0.011424284298054676,-0.06261162909027766,0.19038778421904246,0.0913865698914695,0.002234222822279876,-0.06535952955344751,0.11512867312709131,0.06472874744018167,0.21218074895323277,0.0878316568659331,0.22954315760905802,0.10242363803340293,0.10798222231769794,0.052892696117908734,3.9989393437653096e-06,-0.11134681126312819,0.13111490771419923,0.0
2025-11-13,0.5161446145402682,0.48385538545973183,0.9999999999999999,0.22808679604684043,3.599045409388778e-06,0.010281855868249206,-0.07575391493725654,0.19178830941061814,0.0690798031958748,0.002010800540051888,-0.12230796778074735,0.1136285417619496,0.03384057704657068,0.20654318716909517,0.0526582901142299,0.22808679604684043,0.07265778097155362,0.11029927779661744,0.04432640271149657,3.599045409388778e-06,-0.2237101250770134,0.13735763236116857,0.0
2025-11-14,0.5160110452436544,0.4839889547563456,1.0,0.226819109843584,3.239140868449901e-06,0.009253670281424287,-0.07814435581581922,0.19277998173715788,0.05933273566401729,0.0018097204860466995,-0.12467524360017246,0.11249075311394333,0.030077638722368537,0.2012036899635633,0.0450494588271234,0.226819109843584,0.0633641139475257,0.1126584081181066,0.03938471115798878,3.239140868449901e-06,-0.22096231895184532,0.14298142731530558,0.0
2025-11-17,0.6988667904247715,0.3011332095752285,1.0,0.22588842653732916,2.9152267816049104e-06,0.008328303253281856,-0.07765188371364702,0.1923945876582544,0.07259197547472582,0.0016287484374420292,-0.06967510010680708,0.1187321215460992,0.06720438627211285,0.19966507005530587,0.07139756209950823,0.22588842653732916,0.08357580449100908,0.11263121431872167,0.04318280233899193,2.9152267816049104e-06,-0.10277333633455915,0.14072861296678416,0.0
2025-11-18,0.6988669057805721,0.3011330942194279,1.0000000000000002,0.22494844996485006,2.6237041034444197e-06,0.007495472927953672,-0.0805218589473349,0.19091539722893514,0.06261536514777077,0.0014658735936978265,-0.07308568430043691,0.12370630018444888,0.05939693625686962,0.19852177230652815,0.06636285547791106,0.22494844996485006,0.07632495348769955,0.11424303465060007,0.04539172294691333,2.6237041034444197e-06,-0.10048838491717059,0.13870107543888288,0.0
2025-11-19,0.6988672364239729,0.30113276357602714,1.0,0.2239161956104779,2.3613336930999777e-06,0.006745925635158305,-0.07976968010140606,0.1888670552599482,0.060579691696396584,0.001319286234328044,-0.069494705248852,0.12778795693644032,0.05847931090427452,0.19679802975021315,0.06443714374304675,0.2239161956104779,0.07628833173675605,0.11768691080170543,0.05284863499442101,2.3613336930999777e-06,-0.09593581028005352,0.13687627843803568,0.0
2025-11-20,0.6988672364241905,0.30113276357580954,1.0,0.2237937464769173,2.12520032378998e-06,0.006071333071642475,-0.08993522384601965,0.1880841297609405,0.06828310614338962,0.0011873576108952396,-0.07472618387787659,0.1291791469040647,0.053445779473477575,0.1954020620373839,0.06896223120560563,0.2237937464769173,0.08399395738119819,0.12104613780056774,0.057058870267935664,2.12520032378998e-06,-0.10411786213993249,0.1352339611372645,0.0
2025-11-21,0.69886723642419,0.30113276357581,0.9999999999999998,0.22259885870739432,1.9126802914109818e-06,0.005464199764478227,-0.10328435147456161,0.1874689559957551,0.061109801876536626,0.0010686218498057154,-0.08533463706915373,0.13265668925109717,0.05507117889333356,0.19193618273726706,0.05399252551959037,0.22259885870739432,0.07115719091984195,0.12504870344734045,0.05410287481809108,1.9126802914109818e-06,-0.09825272158843909,0.1337558755665704,0.0
2025-11-24,0.6988515607376806,0.3011484392623194,1.0,0.22281564166819384,1.7214122622698837e-06,0.0049177797880304045,-0.10097722384431097,0.1882031834942527,0.06595661064161748,0.0009617596648251439,-0.08307362189791587,0.13322048414120796,0.046821969947567224,0.18991817640833802,0.05815091583126354,0.22281564166819384,0.07609853329190389,0.1275350278424834,0.05075520489927664,1.7214122622698837e-06,-0.11005490287820495,0.13242622558040615,0.0
2025-11-25,0.6727584846483556,0.32724151535164436,1.0,0.22249350083559147,1.5492710360428953e-06,0.0044260018092273645,-0.0961527302286471,0.18734346513662525,0.058851458369008944,0.0008655836983426296,-0.0886815811109025,0.1358348065657409,0.05221867116869282,0.1877846095924072,0.05523939328581283,0.22249350083559147,0.07195439399303455,0.1289772194545978,0.046515000510463915,1.5492710360428953e-06,-0.12343584673041368,0.13227326363643133,0.0
2025-11-26,0.4900329803137722,0.5099670196862278,0.9999999999999998,0.22458313928119458,1.3943439324386056e-06,0.003983401628304627,-0.10402362533349414,0.18926180580421215,0.03843519338477245,0.0007790253285083664,-0.14715480505331105,0.12836271866555854,0.011373462464268208,0.1821742594053671,0.024506200069748865,0.22458313928119458,0.045295497031370646,0.13140963748268475,0.028529793209372205,1.3943439324386056e-06,-0.24933098516711003,0.13944461806023728,0.0
2025-11-28,0.6987838473912105,0.30121615260878953,1.0,0.2245120827732547,1.254909539194745e-06,0.0035850614654741645,-0.0859840937940993,0.18974080127111476,0.07388356610386189,0.0007011227956575298,-0.07829399361719466,0.13104517969393997,0.05908626259793196,0.18140047670586304,0.06641519589144662,0.2245120827732547,0.08523758864409381,0.1314652180265914,0.05024472595227623,1.254909539194745e-06,-0.11879986969312552,0.13754880235856515,0.0
2025-12-01,0.6988610575422443,0.30113894245775574,1.0,0.2245043828028626,1.1294185852752706e-06,0.003226555318926748,-0.08318622279472018,0.19018943606481306,0.07858031193252794,0.0006310105160917768,-0.07349592100985136,0.13424647109465004,0.06596995280213343,0.18099710592477183,0.07175894864881616,0.2245043828028626,0.0908018210023534,0.13036442903827974,0.04873455878164377,1.1294185852752706e-06,-0.11957402954092657,0.13583947982101885,0.0
2025-12-02,0.6988567385479482,0.30114326145205184,1.0,0.22472907370793124,1.0164767267477435e-06,0.0029038997870340735,-0.09272998451052168,0.1902828465300228,0.06863682933447078,0.0005679094644825992,-0.0831910542941938,0.13721595026263622,0.058875052396599986,0.18085529531178268,0.06449092097573098,0.22472907370793124,0.08143156861757414,0.12914274616238458,0.042429502123241106,1.0164767267477435e-06,-0.11687269340019066,0.13430126229699904,0.0
2025-12-03,0.6988574611334553,0.30114253886654474,0.9999999999999998,0.22431664419540318,9.14829054072969e-07,0.002613509808330666,-0.08010760073887092,0.1902694686450451,0.07197126742966294,0.0005111185180343392,-0.07636286847520704,0.1398806456862562,0.06202197604943734,0.18059313556960083,0.06746130965726002,0.22431664419540318,0.08349872923033533,0.12889772512631453,0.047953021735864285,9.14829054072969e-07,-0.11657065457717028,0.1329168376219609,0.0
2025-12-04,0.698862870885895,0.30113712911410495,1.0,0.22447254790277799,8.233461486656722e-07,0.0023521588274975995,-0.07432225117019473,0.19179738521578485,0.07928043201138268,0.0004600066662309054,-0.07148599898930331,0.14163783606725547,0.0607296963304193,0.1803092878157073,0.06856025156821616,0.22447254790277799,0.0871206060225079,0.1272993151342682,0.04355096308225528,8.233461486656722e-07,-0.11785246565664063,0.13167063902432904,0.0
2025-12-05,0.6988672220921579,0.3011327779078421,1.0,0.22509251908957514,7.41011533799105e-07,0.0021169429447478396,-0.0715034704010668,0.19308156770950208,0.08067208917862764,0.0004140059996078149,-0.06538361069691576,0.14342883973543016,0.06289635407137961,0.18052720663615826,0.07193991122508281,0.22509251908957514,0.09093473874020697,0.12478929063523513,0.04028852776778272,7.41011533799105e-07,-0.12105734340186564,0.13054888623820982,0.0
2025-12-08,0.698867235224745,0.30113276477525497,1.0,0.2247119295508877,6.669103804191945e-07,0.0019052486502730557,-0.08195056926804545,0.1932428518784174,0.07538623040692446,0.0003726053996470334,-0.07125153621946613,0.14620904853858832,0.06630110342307834,0.1802465557532711,0.06881396088547392,0.2247119295508877,0.08568281160176652,0.12377178511313602,0.04437895872582448,6.669103804191945e-07,-0.11680423354925931,0.12953930820539902,0.0
2025-12-09,0.6988672363984363,0.3011327636015637,0.9999999999999999,0.22454758401041963,6.002193423772749e-07,0.0017147237852457497,-0.08957891428196518,0.1934191831056297,0.07158365579165411,0.00033534485968233,-0.07509193132832029,0.14877787032859863,0.0631007476398249,0.18026956726698293,0.0662501103168613,0.22454758401041963,0.08188488266927077,0.12230443849517687,0.04004825459752172,6.002193423772749e-07,-0.1146312845274468,0.12863068792892166,0.0
2025-12-10,0.6988672364233564,0.30113276357664365,1.0000000000000002,0.22411437216792587,5.401974081395476e-07,0.001543251406721175,-0.08503469467019219,0.1931813166743405,0.06928930782391793,0.00030181037371409706,-0.07388070104631331,0.15192454450776793,0.06537369397721894,0.1802266848364576,0.06522721293421802,0.22411437216792587,0.0798708948183611,0.12089455015656947,0.03924553839987559,5.401974081395476e-07,-0.11305329663888407,0.12781292967909527,0.0
2025-12-11,0.6988672364238999,0.3011327635761001,1.0,0.22421868113903465,4.861776673255928e-07,0.0013889262660490575,-0.08416682627977104,0.19350386367442737,0.07309355382789848,0.0002716293363426874,-0.07260852084450252,0.15403956461683058,0.06441044348719978,0.18034484408127746,0.06751179989752362,0.22421868113903465,0.0837932300517799,0.11915505745414118,0.03851778954612813,4.861776673255928e-07,-0.11807791965928316,0.12707694725422974,0.0
2025-12-12,0.6988672364241962,0.30113276357580376,1.0,0.22457558035512884,4.375599005930335e-07,0.0012500336394441517,-0.07941088954297665,0.1955332723766688,0.07607979714965982,0.00024446640270841863,-0.07112078620593033,0.15631191113669174,0.0629009558234123,0.1802192182031715,0.06372850252797774,0.22457558035512884,0.0810580266151785,0.11545051725444713,0.029218642699106886,4.375599005930335e-07,-0.1236234504636898,0.1264145630718389,0.0
2025-12-15,0.6988672364231336,0.30113276357686636,1.0,0.22484094812416525,3.9380391053373017e-07,0.0011250302754997365,-0.08525582774748236,0.19998464563662888,0.08158354431158796,0.00022001976243757676,-0.07392076593702995,0.15789316515547386,0.05849905439615617,0.17897066544609874,0.05700678908120926,0.22484094812416525,0.07722724240811243,0.11114671448805583,0.02461046141277936,3.9380391053373017e-07,-0.12679664197376636,0.12581841730772966,0.0
2025-12-16,0.6988672363204239,0.3011327636795761,1.0,0.22374186450658304,3.544235194803572e-07,0.0010125272479497628,-0.09026568037613303,0.20297446005734568,0.0789459046354524,0.0001980177861938191,-0.07646704029788896,0.1610254886792308,0.06498033154653682,0.175958233555656,0.05111652545803387,0.22374186450658304,0.07343999329234815,0.1098071676193817,0.03356954443728003,3.544235194803572e-07,-0.11944805799517448,0.12528188612413974,0.0
2025-12-17,0.6988671567203936,0.30113284327960643,1.0,0.2234938445693838,3.1898116753232147e-07,0.0009112745231547865,-0.08444521946121752,0.20546803183400303,0.07744229655465641,0.0001782160075744372,-0.07572155017177655,0.163663726762926,0.06367989330850068,0.17448801394769178,0.054793682294848406,0.2234938445693838,0.07518317808855539,0.10699756213118868,0.027764868970939684,3.1898116753232147e-07,-0.12471849398944038,0.12479901124291001,0.0
2025-12-18,0.6988671526729759,0.30113284732702406,1.0,0.22225147147318536,2.870830507790893e-07,0.0008201470708393079,-0.08787903066059762,0.20816237113607694,0.07633034886879701,0.00016039440681699349,-0.08041049996670466,0.16825691956555736,0.06883701806589634,0.17129551396359488,0.046821642306760926,0.22225147147318536,0.06932127117889704,0.10468847128917852,0.02755726898616765,2.870830507790893e-07,-0.1174549287811126,0.12436442401169998,0.0
2025-12-19,0.6988671526724075,0.3011328473275925,0.9999999999999999,0.22148055631271027,2.5837474570118034e-07,0.0007381323637553769,-0.08680832654283066,0.20953080647807681,0.07750348217435295,0.0001443549661352941,-0.07599375022628128,0.1710877558724093,0.068671258992945,0.16962558148584192,0.054009104785211814,0.22148055631271027,0.07495164464041731,0.10341925864269158,0.0321394741593051,2.5837474570118034e-07,-0.12101971036391446,0.12397329550363366,0.0
2025-12-22,0.6988672363179194,0.30113276368208064,1.0,0.22133190786931337,2.3253727113106232e-07,0.0006643191273798392,-0.090817215745083,0.2106289801555766,0.07073681395660146,0.0001299194695217647,-0.0789919439160817,0.1744636931741113,0.0657116054807167,0.1688472616120813,0.05191638693140604,0.22133190786931337,0.07057049682739419,0.10031240955419113,0.0232089418723868,2.3253727113106232e-07,-0.1267003950346344,0.12362127650055352,0.0
2025-12-23,0.6988672363989119,0.3011327636010881,1.0,0.2206996044792526,2.092835440179561e-07,0.0005978872146418554,-0.09135078789555053,0.21080857540136444,0.0692938481006134,0.00011692752256958823,-0.07956351904802735,0.18106655499029006,0.07844953737798509,0.16717496101338147,0.04962353021377728,0.2206996044792526,0.07013673992865244,0.09623082070041426,0.019407999047498802,2.092835440179561e-07,-0.12215633714043776,0.1233044593945417,0.0
2025-12-24,0.6988672363948067,0.30113276360519325,1.0,0.22014337002117987,1.8835518961616048e-07,0.0005380984931776698,-0.0954445925870325,0.2110174964374103,0.07231299411543793,0.00010523477031262941,-0.0796587848300454,0.18702214647081356,0.08172997751057934,0.16548769566837626,0.05105177512049423,0.22014337002117987,0.07307365529136102,0.09266644578424485,0.020579042341720435,1.8835518961616048e-07,-0.1200414111452502,0.12301932399929527,0.0
2025-12-26,0.6988672363876125,0.3011327636123875,0.9999999999999998,0.21954100190201192,1.695196706545444e-07,0.0004842886438599027,-0.09478637849903064,0.21120125217185998,0.06937555938169375,9.471129328136645e-05,-0.08031204916655975,0.19285210922032273,0.07995739351733816,0.1636077250137414,0.04780981761581034,0.21954100190201192,0.06978774016989525,0.0894560400913906,0.019739017372173567,1.695196706545444e-07,-0.12175302220243177,0.12276270214386123,0.0
2025-12-29,0.6988672363891225,0.3011327636108775,1.0000000000000002,0.21789099040332385,1.5256770358909e-07,0.0004358597794739126,-0.09443597536197118,0.20968384618854075,0.06608811703190204,8.524016395322982e-05,-0.07968519824574638,0.2006504949727666,0.09130896001281685,0.16130571269486366,0.04739735223361623,0.21789099040332385,0.06845269646838428,0.08741596075546428,0.02328111306014703,1.5256770358909e-07,-0.1202522157295326,0.12253174247391023,0.0
2025-12-30,0.6988672363328178,0.3011327636671822,0.9999999999999999,0.21829221892835962,1.37310933230181e-07,0.0003922738015265212,-0.09446369147405886,0.20945476221303966,0.05777068171683021,7.671614755790683e-05,-0.0799304589400838,0.20444889045094733,0.06647319058881038,0.16002941013311103,0.04137753940732779,0.21829221892835962,0.06181261234486017,0.08498171224131809,0.017569530174290783,1.37310933230181e-07,-0.11959046185190997,0.12232387877320647,0.0
2025-12-31,0.6988672322405819,0.3011327677594181,1.0000000000000002,0.21923501201612783,1.2357983990716291e-07,0.00035304642137386915,-0.08889657758343,0.20783126138564786,0.05343515617341725,6.904453280211616e-05,-0.07533272205223066,0.20753056166712702,0.06506298637460241,0.16041611221617355,0.04532575581051762,0.21923501201612783,0.0629762822933399,0.08242803657464536,0.016439574215848123,1.2357983990716291e-07,-0.1192696665948648,0.12213680160626257,0.0
2026-01-02,0.6988672323246613,0.3011327676753387,1.0,0.21972482083609746,1.1122185591644663e-07,0.00031774177923648227,-0.09720235623268014,0.20679442086133626,0.04673525851273594,6.214007952190455e-05,-0.08163594261348055,0.21198446797633874,0.05965951929626821,0.15993931830118177,0.036838612321275464,0.21972482083609746,0.05304753807615604,0.0792085467917817,0.01188911560919729,1.1122185591644663e-07,-0.11688902973621144,0.12196843215264987,0.0
2026-01-05,0.6988672364233135,0.3011327635766865,0.9999999999999999,0.21895893540809747,1.0009967032480194e-07,0.000285967601312834,-0.09578857899037403,0.2056913188653302,0.04688281418904179,5.592607156971408e-05,-0.0786207650530332,0.21741422147918243,0.06377111151156653,0.15767247769888976,0.03287461621668251,0.21895893540809747,0.050787068778412735,0.07810415329549486,0.01632454695785924,1.0009967032480194e-07,-0.11761046016355459,0.12181689948045232,0.0
2026-01-06,0.6988672364237144,0.3011327635762856,1.0,0.2192736693851331,9.008970329232175e-08,0.0002573708411815506,-0.088339875857158,0.20560884973301982,0.06198927469080876,5.033346441274268e-05,-0.0746270351370652,0.2192736693851331,0.07141235418686309,0.1556047762559073,0.04145257578484954,0.2175154228959563,0.06188554382318333,0.08000896725922738,0.02939668722868584,9.008970329232175e-08,-0.11969809012466563,0.12168052007545851,0.0
2026-01-07,0.6988672364240998,0.30113276357590024,1.0,0.2208813995291768,8.108073296308958e-08,0.00023163375706339556,-0.08894482892636027,0.20626573836045892,0.07142877509314859,4.530011797146841e-05,-0.07480994355187202,0.2208813995291768,0.07922995069787464,0.15378275541581563,0.04624995809287358,0.21584626013824482,0.06760651696595081,0.08138905298958733,0.031580697326282374,8.108073296308958e-08,-0.11679175770062813,0.12155777861094867,0.0
2026-01-08,0.6988672364239341,0.3011327635760659,1.0,0.2235127739257267,7.297265966678063e-08,0.000208470381357056,-0.0983391403993949,0.20588252567803472,0.0598473187115849,4.077010617432157e-05,-0.08421231532258117,0.2235127739257267,0.07308058392286831,0.1525331844649643,0.041769994627200935,0.21444688386327942,0.05967551856764208,0.0819280073149074,0.025655158089974272,7.297265966678063e-08,-0.11199124953511021,0.12144731129289645,0.0
2026-01-09,0.6988672364239278,0.3011327635760722,1.0,0.22780733497728992,6.567539370010257e-08,0.00018762334322135042,-0.10809928825296533,0.2061997360357144,0.056517533662558225,3.6693095556889417e-05,-0.09241298519416843,0.22780733497728992,0.07203653306322245,0.15105089094285123,0.037229712037758024,0.21312301364492836,0.05439626102422522,0.08024675157839448,0.01760384186471757,6.567539370010257e-08,-0.11156382321574707,0.1213478907066497,0.0
2026-01-12,0.6988672364240741,0.3011327635759259,1.0000000000000002,0.22897310158790005,5.910785433009232e-08,0.0001688610088992154,-0.1123310097792235,0.2063650911888796,0.060947484391634756,3.3023786001200485e-05,-0.09355605008158611,0.22897310158790005,0.07021678409172397,0.1496700195373919,0.04024264196956739,0.21145604509759164,0.05760474752433388,0.08207538650646046,0.028892228248832558,5.910785433009232e-08,-0.11738981255825627,0.12125841217902178,0.0
2026-01-13,0.6988672364221808,0.30113276357781915,0.9999999999999999,0.23175021336402968,5.319706889708308e-08,0.00015197490800929384,-0.11284218658315952,0.20612605449743662,0.0603363604706519,2.972140740108043e-05,-0.09568026037477356,0.23175021336402968,0.0759457419173463,0.14785363093935125,0.038899925010904196,0.20960845498092032,0.0570841292680217,0.0833020152015505,0.027906561645691483,5.319706889708308e-08,-0.11764852281855934,0.12117788150423234,0.0
2026-01-14,0.6988672358749881,0.3011327641250119,0.9999999999999998,0.23268475001692907,4.7877362007374754e-08,0.00013677741720836444,-0.09952542467523093,0.2056916880659066,0.06634884592331097,2.674926666097238e-05,-0.09230500224899357,0.23268475001692907,0.07927556745003636,0.14561241094193453,0.04124688070151257,0.20781564807804281,0.06302716695237937,0.0869265244171459,0.039308745423627015,4.7877362007374754e-08,-0.11511097762267065,0.12110540391880956,0.0
2026-01-15,0.6988672358687693,0.3011327641312307,1.0000000000000002,0.23479455357834733,4.3089625806637285e-08,0.00012309967548752802,-0.09802817520796833,0.2049719496235732,0.06294869180494585,2.407433999487515e-05,-0.09776015919987358,0.23479455357834733,0.08048238193706612,0.14237671945195976,0.03591682574636272,0.2053201370316788,0.05799074036050536,0.0913492491171549,0.04159292324512426,4.3089625806637285e-08,-0.11217804138982018,0.12104017409217786,0.0
2026-01-16,0.6988672358669269,0.3011327641330731,1.0,0.23740298069145432,3.878066322597356e-08,0.00011078970793877523,-0.10221196424733668,0.20459904685677482,0.059962893971365505,2.1666905995387635e-05,-0.10217778982528863,0.23740298069145432,0.07773217141459199,0.1389880690519032,0.032326042689233885,0.20278407177206345,0.05362122244841164,0.09511186898492392,0.038429878804574186,3.878066322597356e-08,-0.11350315681681711,0.12098146724828301,0.0
2026-01-20,0.5240803180352521,0.4759196819647479,1.0,0.23364691239732183,3.4902596903376204e-08,9.971073714489771e-05,-0.10790073482866447,0.2086473616662541,0.03091950490987581,1.9500215395848872e-05,-0.14839529440302535,0.23364691239732183,0.025212051441383,0.1291128111889302,0.005076098832497787,0.20276299111306442,0.02555658957046816,0.09779056997724728,0.015378730330263123,3.4902596903376204e-08,-0.22229167872486016,0.12792010780204463,0.0
2026-01-21,0.5240800660274822,0.47591993397251775,0.9999999999999999,0.23892546842868279,3.1412337213038575e-08,8.973966343040793e-05,-0.11296155264139941,0.21339640047020358,0.024926959376663428,1.755019385626398e-05,-0.1544636779503738,0.23892546842868279,0.02787519848060252,0.11620153007003715,-0.0013019317488595673,0.20061468388370107,0.017641902364676627,0.09658970149701059,0.008348170347652045,3.1412337213038575e-08,-0.22665792088474468,0.13416489438074086,0.0
2026-01-22,0.5240800662499082,0.4759199337500918,1.0,0.24488136133727312,2.827110349173472e-08,8.076569708736714e-05,-0.11521427340700541,0.2184636565965263,0.0234999138259254,1.5795174470637584e-05,-0.1540760242295275,0.24488136133727312,0.026562597792378212,0.10497505537113556,0.0003503405419102157,0.19993433572387964,0.01724756488725701,0.09186379953585341,0.0043900152659826636,2.827110349173472e-08,-0.23654931257301512,0.13978520229267044,0.0
2026-01-23,0.6988669833777162,0.30113301662228376,0.9999999999999998,0.2532560920296875,2.544399314256124e-08,7.268912737863041e-05,-0.10796549083140072,0.21545101992311078,0.05082362735110156,1.4215657023573822e-05,-0.10891877597935357,0.2532560920296875,0.08868185893941768,0.10512018217363285,0.02871960090635414,0.1958566871841078,0.04294943014678779,0.09237708573277077,0.026174966105941402,2.544399314256124e-08,-0.11870388811860208,0.1378520027282947,0.0
2026-01-26,0.6988672333473465,0.30113276665265354,0.9999999999999999,0.2610498397379885,2.2899593828305124e-08,6.542021464076738e-05,-0.10695835696810231,0.21232841617115322,0.05273314153135913,1.2794091321216444e-05,-0.1106062061724013,0.2610498397379885,0.0948018945445736,0.10505043929781722,0.02989029915004009,0.19165245796758124,0.044028318832035424,0.09372849649833262,0.030310630051482632,2.2899593828305124e-08,-0.11734136312421616,0.1361121131215714,0.0
2026-01-27,0.6988672332318465,0.3011327667681535,1.0,0.26800911691285545,2.060963444547461e-08,5.887819317669064e-05,-0.10121329718856037,0.20938414221436785,0.05725817731589515,1.15146821890948e-05,-0.10691303909535665,0.26800911691285545,0.10351818484811919,0.10513334157404138,0.03314893284888915,0.18777200726476048,0.047853912016530276,0.09508476606883424,0.03359091986705265,2.060963444547461e-08,-0.11527434493474029,0.1345462124801404,0.0
2026-01-28,0.698867205584284,0.30113279441571605,0.9999999999999999,0.27447334287937986,1.8548671000927148e-08,5.2990373859021567e-05,-0.09623208647090756,0.20513942493337498,0.05663802506068534,1.0363213970185319e-05,-0.101176351879534,0.27447334287937986,0.11286126177034123,0.10573653020795976,0.037715905511452374,0.18472180160699928,0.05335821921345234,0.09672862522703082,0.03783741101813615,1.8548671000927148e-08,-0.1146964334217165,0.13313690300875497,0.0
2026-01-29,0.6988546481494926,0.3011453518505074,1.0000000000000002,0.28202600859144195,1.6693803900834436e-08,4.769133647311942e-05,-0.096446607111743,0.20205831118081444,0.05793428321090594,9.326892573166789e-06,-0.10201917116774245,0.28202600859144195,0.11782937978558011,0.10682276419248588,0.03874914427360951,0.1823817347925957,0.05361163338963172,0.0947851195379122,0.025686866686621013,1.6693803900834436e-08,-0.1174991045434164,0.1318690267818998,0.0
2026-01-30,0.6988527745247856,0.30114722547521444,0.9999999999999999,0.2888234077322977,1.502442351075099e-08,4.292220282580747e-05,-0.10506920641911408,0.19980160404672276,0.059299901931384805,8.394203315850109e-06,-0.1087508596060739,0.2888234077322977,0.12451061583831435,0.1067663466740157,0.035105467615853474,0.1799704156242335,0.05228839632261033,0.09385888136944673,0.028254804925997287,1.502442351075099e-08,-0.11444617474710674,0.13072801312271837,0.0
2026-02-02,0.6988233802983481,0.3011766197016519,1.0,0.28623131501922544,1.352198115967589e-08,3.8629982543226724e-05,-0.10447944436271547,0.2031418869403237,0.05787224092355063,7.554782984265098e-06,-0.11073968811228016,0.28623131501922544,0.06524213756219648,0.10769657681485727,0.02880370960184386,0.18136863719986984,0.04813147532167894,0.09181310913970245,0.018215303661047517,1.352198115967589e-08,-0.11664045558371955,0.1297022765985126,0.0
2026-02-03,0.6386603665895717,0.3613396334104283,1.0,0.2738921907340057,1.2169783043708302e-08,3.476698428890405e-05,-0.10060622374917272,0.2126209376633116,0.0541111099765899,6.799304685838588e-06,-0.11743283228179507,0.2738921907340057,0.02957535745036198,0.1113175535112037,0.026136573755954857,0.1883103071319105,0.045548161900153636,0.0826317982257322,-0.0007139686893081771,1.2169783043708302e-08,-0.1622300265802391,0.13118563427507848,0.0
2026-02-04,0.459946403186303,0.540053596813697,0.9999999999999998,0.2479026143485138,0.0013996536407134257,0.0014309329737687,-0.11945188290473223,0.2263588438969804,0.019779029676923722,0.0014057620621259412,-0.1745798786408676,0.2479026143485138,-0.018109807298632985,0.101585440847992,-0.009175233142377875,0.2044792764187194,0.011956383737029001,0.07576826109106766,-0.006099040396188575,0.0013996536407134257,-0.2718666483398028,0.13966921472011848,0.0
2026-02-05,0.5820228087444285,0.41797719125557153,0.9999999999999999,0.24044545385906685,0.0012596882766420835,0.0012878396763918302,-0.11317752663423435,0.2387229595072824,0.0408377301840172,0.0012651858559133474,-0.14071111294578847,0.24044545385906685,0.01768488588715586,0.09493308065822759,0.0035773438508424384,0.21147297628618542,0.02799857063021076,0.06819143498196091,-0.004768773407387968,0.0012596882766420835,-0.18638333785343122,0.14242138089832954,0.0
2026-02-06,0.6953751635087281,0.3046248364912719,1.0,0.2470218953351663,0.001133719448977875,0.0011590557087526473,-0.13007997929487014,0.2470218953351663,0.04861651095948325,0.0011386672703220127,-0.13224351833385695,0.24621389868482593,0.04505278428051975,0.08911165032007036,0.005548866919904884,0.2096977874763398,0.029274736733030493,0.06415908948739762,0.004211352447361117,0.001133719448977875,-0.10614839281077015,0.14036423626814745,0.0
2026-02-09,0.6988672361419562,0.3011327638580438,1.0,0.2529148494979573,0.0010203475040800876,0.0010431501378773825,-0.1116445979198747,0.2529148494979573,0.06776336533945976,0.0010248005432898115,-0.12516859963655472,0.24513435056338576,0.05214142606759866,0.08757656437162355,0.01633683916223477,0.20894988973153503,0.04478824233831499,0.06396292445459668,0.013775741126671327,0.0010203475040800876,-0.10647852737578584,0.13837312319565448,0.0
2026-02-10,0.6988672361394754,0.30113276386052457,1.0,0.25702226575108766,0.0009183127536720789,0.0009388351240896443,-0.11138825459777532,0.25702226575108766,0.06393107374384258,0.0009223204889608304,-0.12687874254992038,0.24643062558360634,0.056125991472343595,0.08556068134841216,0.014660711647572655,0.20731616102320483,0.04188568279780477,0.06430967649645651,0.014663475733369492,0.0009183127536720789,-0.11138941226651965,0.13658112143051002,0.0
2026-02-11,0.698867236135376,0.30113276386462395,1.0,0.261173217547229,0.000826481478304871,0.0008449516116806799,-0.11381900271850028,0.261173217547229,0.06493164479390859,0.0008300884400647473,-0.13021397826196285,0.24771372666717856,0.056390258602680134,0.08271610278115742,0.012422677653773355,0.2046709459526026,0.039338517084756656,0.06625616567973826,0.01822124413646363,0.000826481478304871,-0.11347658688943302,0.13496831984204397,0.0
2026-02-12,0.6988672364176182,0.30113276358238183,0.9999999999999999,0.2648301244465587,0.0007438333304743837,0.0007604564505126117,-0.11963537742689273,0.2648301244465587,0.056555888027980956,0.0007470795960582724,-0.141309304162199,0.25334464027815545,0.057748878014406375,0.0780916388294083,0.0069277226843483045,0.2006850830086096,0.03130595598839861,0.06728034565908779,0.014530721920427253,0.0007438333304743837,-0.10845315531079894,0.1335167984011348,0.0
2026-02-13,0.6988672364200991,0.30113276357990093,1.0000000000000002,0.26774949853308655,0.0006694499974269454,0.0006844108054613506,-0.12460572629410945,0.26774949853308655,0.044148793857662814,0.0006723716364524453,-0.1440222145753638,0.2601912718617681,0.04832113048904545,0.07028247494646749,-0.0010100726810871215,0.19476489891388846,0.021244243155084427,0.0727751942012314,0.018353120625476962,0.0006694499974269454,-0.10221115288309945,0.1322104291042174,0.0
2026-02-17,0.6988672364241985,0.30113276357580154,0.9999999999999999,0.2669189848597306,0.0006025049976842508,0.0006159697249152155,-0.11240723849387674,0.2669189848597306,0.05050364836575903,0.0006051344728072006,-0.13472519701176838,0.26303319199726105,0.05618114709802106,0.06527032474811077,0.003924551230050099,0.18910818331810963,0.026901683917068604,0.08281100914455354,0.03370227607435514,0.0006025049976842508,-0.10335819053853909,0.1310346967368277,0.0
2026-02-18,0.6988672364241985,0.30113276357580154,1.0,0.26603821562395913,0.0005422544979158257,0.0005543727524236939,-0.11420770014235604,0.26603821562395913,0.049266158546642645,0.0005446210255264806,-0.13305863676826138,0.26177744861233543,0.04780875061060631,0.06106430877100156,0.004430165207291746,0.18480897481769928,0.027889437908643365,0.0946932662929616,0.03848615787122125,0.0005422544979158257,-0.10507658083396218,0.12997653760617697,0.0
2026-02-19,0.6988672364241985,0.30113276357580154,1.0,0.2644626663609848,0.00048802904812424316,0.0004989354771813246,-0.11477470413387578,0.2644626663609848,0.05173574930912579,0.0004901589229738325,-0.1314366554715558,0.2609378374775463,0.0523762614834076,0.058719360008284406,0.007775330768835225,0.1814251505211696,0.031207043948901062,0.10395366779514414,0.038716077068598,0.00048802904812424316,-0.10644691045517099,0.12902419438859133,0.0
2026-02-20,0.6988672364241927,0.3011327635758073,1.0,0.26115180008314165,0.00043922614331181887,0.00044904192946319213,-0.10912990364374803,0.26115180008314165,0.051079400093788,0.0004411430306764493,-0.12623622692039943,0.25980204377911686,0.055103397370487514,0.05901539074346793,0.01361792040748112,0.17929183481237385,0.03534584600983236,0.11124243398568383,0.03904384144218288,0.00043922614331181887,-0.10652233204760854,0.1281670854927645,0.0
2026-02-23,0.6988672364241806,0.3011327635758194,1.0,0.2589237260620429,0.00039530352898063697,0.00040413773651687293,-0.10932196670256399,0.2580071183864029,0.05109991763497498,0.0003970287276088044,-0.1311523636446975,0.2589237260620429,0.0558413806898085,0.06097671151670723,0.01749163144556288,0.17847512037055094,0.03806821021398929,0.11502516618466901,0.033161893786070235,0.00039530352898063697,-0.11026223845931298,0.12739568748652083,0.0
2026-02-24,0.6988672362785304,0.3011327637214696,1.0,0.26108301382191224,0.00035577317608257326,0.00036372396286518563,-0.11307110079029681,0.2518359084997572,0.0427840507279559,0.00035732585484792397,-0.13359786078102578,0.26108301382191224,0.06114081055345046,0.06147905480757066,0.01438525304438153,0.17641398065897648,0.03440764600322092,0.12140978993126034,0.03898643595890918,0.00035577317608257326,-0.10891381884929077,0.12670142928672753,0.0
2026-02-25,0.6313223141305931,0.36867768586940686,0.9999999999999998,0.26354862603415646,0.0003201958584743159,0.00032735156657866704,-0.12508826300614762,0.2479698375382114,0.023241921754304708,0.0003215932693631315,-0.15723319445463532,0.26354862603415646,0.03115337372508231,0.05567938258294703,0.0003796694049617473,0.1743876417553485,0.01702468134838174,0.12866697760208934,0.02114930227063156,0.0003201958584743159,-0.14935318271437648,0.12877839379283104,0.0
2026-02-26,0.5724481780274097,0.42755182197259034,1.0,0.25034362525169684,0.00028817627262688435,0.0002946164099208004,-0.12053470933818806,0.2483494977811435,0.027906777521762714,0.00028943394242681846,-0.154568241682085,0.25034362525169684,0.0145758214767093,0.05225481163750651,0.002375792212613942,0.17643723046864188,0.021601653040185416,0.13873998094358525,0.02542726247166095,0.00028817627262688435,-0.19573984487396404,0.13300262729245158,0.0
2026-02-27,0.572247188394438,0.427752811605562,0.9999999999999999,0.24933395152284366,0.00025935864536419585,0.0002651547689287203,-0.12326048455955883,0.24933395152284366,0.024529950434142873,0.0002604905481841366,-0.15894313197669052,0.23990445999461876,0.013866294985787397,0.04702933047375585,-0.003942610352987055,0.17517607698474202,0.01556440368790905,0.1509587000341337,0.024789614475279484,0.00025935864536419585,-0.19442300652247826,0.13681247702742888,0.0
2026-03-02,0.6988570196937158,0.30114298030628417,1.0,0.24488500390194612,0.00023342278082777627,0.0002386392920358483,-0.11301415695793424,0.24220612897038202,0.03561021629245373,0.00023444149336572292,-0.1371974947445493,0.24488500390194612,0.05794046841254245,0.04751131084988798,0.010369556352857474,0.1715502273034555,0.027782791308795487,0.15796387687116167,0.04420094068109912,0.00023342278082777627,-0.10586927749898893,0.13517694853693737,0.0
2026-03-03,0.6988658018934988,0.3011341981065012,1.0,0.24990275287715946,0.00021008050274499865,0.00021477536283226348,-0.10726032936926921,0.2368820125673357,0.03884636199107533,0.00021099734402915064,-0.13230373900041204,0.24990275287715946,0.0606572993153524,0.048545514330715356,0.01189316764907353,0.1694169410928184,0.03088084686834339,0.16091230431486103,0.03853454391712062,0.00021008050274499865,-0.1007147161061279,0.13370462160750368,0.0
2026-03-04,0.5636122942893692,0.4363877057106308,0.9999999999999998,0.23692125473041462,0.00018907245247049874,0.00019329782654903708,-0.11868072051277527,0.23692125473041462,0.020566868890786717,0.00018989760962623552,-0.1584560680022961,0.23086921842350264,0.005163283105679754,0.04369096289764381,-0.002605392379226922,0.17092352257434923,0.01599090380805735,0.17923310581026528,0.02982823460512178,0.00018907245247049874,-0.195487408053976,0.1377896676751785,0.0
2026-03-05,0.56350291327273,0.43649708672726995,1.0,0.23761686403013887,0.00017016520722344888,0.0001739680438941334,-0.11590703133883405,0.23761686403013887,0.0219683992533511,0.000170907848663612,-0.15540750358522198,0.210594407993299,0.0025331416313387964,0.04115336199083904,0.001649805616569893,0.174969681309977,0.019041508095927546,0.19368005919921344,0.02915903791207766,0.00017016520722344888,-0.2033117864075975,0.14147058437675147,0.0
2026-03-06,0.5635029266149181,0.4364970733850819,1.0000000000000002,0.2376964540744968,0.00015314868650110402,0.00015657123950472008,-0.11871454229326193,0.2376964540744968,0.015457756851427706,0.00015381706379725082,-0.15878931496494525,0.18953496719396914,-0.0002758282385451269,0.03703802579175514,-0.0008152319567429067,0.18117155379620428,0.015365406996158796,0.20931205327929214,0.023209993712080906,0.00015314868650110402,-0.19916358211588997,0.14478340887447963,0.0
2026-03-09,0.6988672360083154,0.30113276399168465,1.0,0.23047725221112725,0.0001378338178509936,0.00014091411555424804,-0.10382013738552645,0.23047725221112725,0.02707773675921656,0.0001384353574175257,-0.13023974979203048,0.19879493237231471,0.04615928825705184,0.04009820868554215,0.011066375205730065,0.17796347228636275,0.024392335860629288,0.20989857260713135,0.035204572151457995,0.0001378338178509936,-0.09424777373390189,0.14235037854669905,0.0
2026-03-10,0.698867216858501,0.30113278314149905,0.9999999999999999,0.22593268572344044,0.00012405043606589423,0.00012682270399882323,-0.09943074855842507,0.22593268572344044,0.03077476464942009,0.00012459182167577312,-0.1280674266781165,0.20463955646355936,0.0427847843713192,0.044569021409498845,0.014105132353213368,0.17742150081893923,0.02869776781759595,0.2069011186051324,0.029925267557917457,0.00012405043606589423,-0.10260476618731162,0.1401606520176891,0.0
2026-03-11,0.6988643829525679,0.3011356170474321,1.0,0.22399986120598958,0.0001116453924593048,0.0001141404335989409,-0.09778218393287967,0.22399986120598958,0.02876514865078344,0.0001121326395081958,-0.12623638341708499,0.21475794831797396,0.04257922867544719,0.048740477294757535,0.012013101004829947,0.17845167170996024,0.02613635030647988,0.19552211150793475,0.012963676478016273,0.0001116453924593048,-0.10354685687619397,0.13819001149781748,0.0
2026-03-12,0.698864383368451,0.301135616631549,1.0000000000000002,0.2282821534861766,0.00010048085321337434,0.00010272639023904683,-0.09689538758184196,0.2207864651923237,0.02270898333330021,0.00010091937555737624,-0.12577924727996959,0.2282821534861766,0.042013701466212895,0.05256806111982416,0.010299131051599273,0.18040376306052922,0.02343176204347018,0.18123899550883896,0.006236428323875928,0.00010048085321337434,-0.10482383095569625,0.13641643501329773,0.0
2026-03-13,0.698864402518265,0.301135597481735,0.9999999999999999,0.2404539381375589,9.04327678920369e-05,9.245375121514211e-05,-0.0990219769864922,0.2235290738219235,0.016828945149576433,9.082743800163861e-05,-0.1256140877948272,0.2404539381375589,0.03712622179883718,0.05273680297310275,0.0036785508454865307,0.1828274040999793,0.013874714368086807,0.16535885159908936,0.0015212784521687998,9.04327678920369e-05,-0.10156042827821239,0.13482021541123734,0.0
2026-03-16,0.6988667851873699,0.3011332148126301,1.0000000000000002,0.25140854432380305,8.138949110283322e-05,8.320837609362791e-05,-0.10022540815435882,0.23264385998992687,0.008251044340404535,8.174469420147477e-05,-0.1273061730727337,0.25140854432380305,0.034198608976512036,0.04746312267579248,-0.0015287477151457486,0.18603164154728055,0.005634032464408663,0.14882296643918047,-0.008243685834816479,8.138949110283322e-05,-0.09968689422156812,0.13338352246261884,0.0
2026-03-17,0.6988653286264448,0.3011346713735552,1.0,0.2612676898914227,7.325054199254989e-05,7.488753848426512e-05,-0.09766389882297517,0.24106637131434022,0.013760528304979184,7.357022478132727e-05,-0.1256631815608869,0.2612676898914227,0.03311040306315858,0.04271681040821323,-0.00023071652396152234,0.18869619321420417,0.009235836584414243,0.1339406697952624,-0.0019857296455315955,7.325054199254989e-05,-0.1083670193417744,0.13209055707129913,0.0
2026-03-18,0.6988653285669657,0.3011346714330343,1.0,0.2701409209022804,6.59254877932949e-05,6.739878463583861e-05,-0.10023618105454718,0.2519597341829062,0.009815700268384749,6.621320230319455e-05,-0.12598776057126998,0.2701409209022804,0.029268691110539043,0.0384451293673919,-0.004196372881364702,0.18778118703546237,0.004197629263396903,0.12054660281573616,-0.006848512486191433,6.59254877932949e-05,-0.11369262740004518,0.1309268882214906,0.0
2026-03-19,0.6988657797453487,0.3011342202546513,1.0,0.2781268288120524,0.007624280251844531,0.007625606219002821,-0.10696604163724535,0.23432870807744613,-0.0002649000235160192,0.007624539194903441,-0.13051148419654515,0.2781268288120524,0.02083086688398575,0.04216556374348328,-0.010935179715010863,0.1765680156447467,-0.00491277365442609,0.11605688984699311,-0.015614746550486787,0.007624280251844531,-0.11166599741733349,0.1298795682095276,0.0
2026-03-20,0.6988672363062752,0.30113276369372477,1.0000000000000002,0.2853141459308472,0.014426807862695937,0.014428001233138399,-0.10961279403632813,0.2184607929057374,-0.007717545004430306,0.014427040911448958,-0.1354836911838735,0.2853141459308472,0.012007509351427595,0.04551396300517082,-0.01335999858426211,0.1664761697163079,-0.008274972434539393,0.11201615649832967,-0.013575927290188092,0.014426807862695937,-0.11202048468848438,0.12893692193632386,0.0
2026-03-23,0.698867236424173,0.30113276357582697,0.9999999999999999,0.2917827313377624,0.0205490827131359,0.020550156746534116,-0.10904637826309356,0.20417966925187317,-0.012958279056988129,0.02054929245701362,-0.1349133511782467,0.2917827313377624,0.006615508675515677,0.04852752234136328,-0.022774586255302917,0.15739350838138666,-0.016990824930465206,0.10837949648520624,-0.01845842456039839,0.0205490827131359,-0.10807414292848563,0.12808854028572453,0.0
2026-03-24,0.698867236424173,0.30113276357582697,1.0,0.2976044582039862,0.026059130078531872,0.02606009670859027,-0.1010781073562313,0.19132665796339543,-0.00526809668517819,0.02605931884802182,-0.12780616699246644,0.2976044582039862,0.0013719405564154227,0.051239725743936516,-0.018890380061172135,0.1492191131799576,-0.011273442929086221,0.10510650247339519,-0.00875363434489988,0.026059130078531872,-0.10817098908517025,0.1273249968001852,0.0
2026-03-25,0.698867236420231,0.30113276357976904,0.9999999999999999,0.2788383485656887,0.03444755325277983,0.034448423219832394,-0.09886890542225077,0.18318832834915702,-0.006334061143174593,0.03444772314532079,-0.12242497278972021,0.2788383485656887,-0.0013578422523473355,0.05711008935164401,-0.023003971397742188,0.14529153804406297,-0.01462989040923552,0.1055901884081568,-0.008565567913179502,0.03444755325277983,-0.1085585627957136,0.12663780766335742,0.0
2026-03-26,0.6988672364202563,0.3011327635797437,1.0,0.2859545137091198,0.038567753564189025,0.03856853653453633,-0.0966740180348861,0.1724344511509285,-0.002456533589308637,0.03856790646747589,-0.1211214336792851,0.2859545137091198,0.0027843468799038026,0.05896403605316679,-0.018349902532383913,0.13832733987634388,-0.009322515325195447,0.10259612520402829,-0.006910973610964,0.038567753564189025,-0.11311355859109726,0.12601933744021143,0.0
2026-03-27,0.6988672364202564,0.3011327635797436,1.0,0.2683533985203091,0.04570531438987141,0.045706019063183986,-0.10292190211848294,0.16618534221793693,-0.007175735718338291,0.04570545200282959,-0.1257390450761694,0.2683533985203091,-0.0038562600980156098,0.0640619686299514,-0.02684653376506254,0.13548894207081078,-0.01810722331494223,0.10333084886572674,-0.011978146199758016,0.04570531438987141,-0.10884329737809975,0.12546271423938005,0.0
2026-03-30,0.6988672364241985,0.30113276357580154,1.0,0.27651805866827817,0.04869973858759398,0.048700372793575294,-0.10186829184280606,0.15713176363285294,-0.011044415995189783,0.048699862439256336,-0.12179622001003856,0.27651805866827817,0.0020068161285488606,0.06522072740366597,-0.030010672215756352,0.1295050035004394,-0.021094911138886743,0.10056271961586379,-0.011412297067424266,0.04869973858759398,-0.10588968598898643,0.1249617533584741,0.0
2026-03-31,0.6988672364241985,0.30113276357580154,1.0,0.2838662528014504,0.051394720365544294,0.051395291150927475,-0.10099263244979975,0.14898354290627736,-0.012277053233619956,0.05139483183204041,-0.123556891359314,0.2838662528014504,0.0013028844463719297,0.06626361030000907,-0.033343426983336144,0.12411945878710516,-0.024368664205674406,0.09807140329098712,-0.0013884716514339038,0.051394720365544294,-0.10167687337457068,0.12451088856565877,0.0
2026-04-01,0.6988672364238955,0.3011327635761045,1.0,0.29047962752130535,0.05382020396569783,0.05382071767254269,-0.10141063117446293,0.14165014425235758,-0.005234989852751417,0.05382030428554433,-0.1222329015447627,0.29047962752130535,0.0032244388203995777,0.06720220490671612,-0.02598892611692469,0.1192724685451026,-0.01570549087481506,0.09582921859859636,-0.011007323268025766,0.05382020396569783,-0.11532714538071327,0.12410511025213705,0.0
2026-04-02,0.6988672364210121,0.3011327635789879,1.0,0.2964316647691748,0.05600313920581955,0.05600360154197992,-0.10116249760073416,0.1350500854638133,-0.0031341323165539007,0.0560032294936814,-0.11915963905397385,0.2964316647691748,0.00486771356642976,0.06804694005273601,-0.022493645711410895,0.11491017732728384,-0.013516046544725671,0.09381125237542823,-0.008978689091550385,0.05600313920581955,-0.11704209038930224,0.12373990977008287,0.0
2026-04-06,0.6988672364160534,0.3011327635839466,1.0,0.27778283447433766,0.061397161467317864,0.061397577569862194,-0.10964518291450942,0.13253941309951225,-0.008912226338896358,0.06139724272639353,-0.12792903398188168,0.27778283447433766,-0.000914168872075953,0.07223658222954268,-0.02718670201290112,0.11441349577663573,-0.019351388408965477,0.09542446331996568,-0.013545836527969271,0.061397161467317864,-0.11882396582008542,0.12341122933643245,0.0
2026-04-07,0.6988668739421776,0.3011331260578224,1.0000000000000004,0.2609988853966148,0.06625177969029698,0.06625215418258688,-0.11239337519947165,0.13027980615927195,-0.009480252175046736,0.06625185282346509,-0.13104624823449934,0.2609988853966148,-0.0015592316604628592,0.07600725837629933,-0.02757697002480701,0.11396648056868307,-0.01914242408543024,0.09687635135768001,-0.01835146015190746,0.06625177969029698,-0.11929799739749075,0.12311543144510212,0.0
2026-04-08,0.5908009512334663,0.4091990487665337,1.0,0.24535300161312062,0.0700806064774346,0.07008094352049551,-0.12125613379363856,0.12770583029951207,-0.016346221935072066,0.0700806722972859,-0.1498607311167569,0.24535300161312062,-0.026927099592841754,0.07886053729483673,-0.03190728888125561,0.11302383726798207,-0.021598677796789176,0.09764272097807933,-0.015342502662398423,0.0700806064774346,-0.20056621048618165,0.12717185025125324,0.0
2026-04-09,0.4509655244255862,0.5490344755744139,1.0,0.2305725290739365,0.07282737345181907,0.07282767679057389,-0.14975398722483424,0.12469007489168879,-0.02811749668600458,0.07282743268968524,-0.19427799945626073,0.2305725290739365,-0.06640057665388673,0.08072931118748099,-0.04681130119509064,0.11147628116331179,-0.03363016850183221,0.09763327650239932,-0.026229968712512236,0.07282737345181907,-0.3308122272985474,0.13641604424910447,0.0
2026-04-10,0.6337321527030516,0.3662678472969484,1.0,0.2181839369300581,0.07621329687015242,0.07621356987503176,-0.1150190751874452,0.12288972816603518,-0.0057217442284661045,0.07621335018423198,-0.14083728125778527,0.2181839369300581,-0.019509739856037316,0.08332504083224815,-0.023444080625457768,0.11099731381049588,-0.013336336047841582,0.09853860961567465,-0.01987823100920297,0.07621329687015242,-0.18229224473627006,0.13742515371607197,0.0
2026-04-13,0.6988669608628176,0.30113303913718237,1.0,0.20735987804136638,0.07958630198745126,0.07958654769184267,-0.10675264941025261,0.12159509015374576,-0.0004726381075422746,0.07958634997012287,-0.12631329885900097,0.20735987804136638,-0.0061960420728182156,0.08598687155333742,-0.019246291279985846,0.11089191723376038,-0.009499041503711083,0.09967908345842127,-0.018492269603926505,0.07958630198745126,-0.13128543214973354,0.13572795990995207,0.0
2026-04-14,0.6988669754696459,0.30113302453035407,0.9999999999999999,0.18961633674036066,0.0746201182918371,0.07462033942578937,-0.0972181255993868,0.14443558113837116,0.009711603063686883,0.07462016147624155,-0.115223717993104,0.18961633674036066,-0.001351330679094473,0.08038063090113465,-0.011783927189399445,0.1348027255103843,0.0009032712061125339,0.09270362161571011,-0.008415227525662764,0.0746201182918371,-0.13136719211816722,0.134200484900171,0.0
2026-04-15,0.6988672153645901,0.30113278463540993,1.0,0.1706547030663246,0.06715810646265338,0.06715830548321043,-0.08929041129222395,0.16499202302453406,0.019974836555588925,0.0671581453286174,-0.10532275460373794,0.1706547030663246,-0.00013347613423608795,0.0902972564256048,0.005126075120549599,0.15632245295934588,0.01748414617886953,0.0834332594541391,-0.01776320001274322,0.06715810646265338,-0.13797610061139443,0.1328257477955703,0.0
2026-04-16,0.6988672291223731,0.3011327708776269,1.0,0.18349282072208065,0.06044229581638805,0.06044247493488939,-0.08804318612288434,0.18349282072208065,0.015134825344321597,0.06044233079575566,-0.10543307660114642,0.15358923275969213,-0.005509990619281584,0.09922221994793926,0.003927072852170848,0.1756902076634113,0.01574644711848963,0.07508993350872518,-0.018598425771040324,0.06044229581638805,-0.13146450762280307,0.13158848385111835,0.0
2026-04-17,0.6988672364201056,0.3011327635798944,1.0,0.19974508442739405,0.05439806623474924,0.05439822744140045,-0.08554389680999594,0.19974508442739405,0.012511010446133413,0.054398097716180094,-0.1035082144472792,0.13823030948372292,-0.00749699228121041,0.1076531416324281,0.006636014869603371,0.1931211868970702,0.015845391712884425,0.06758094015785267,-0.027085624194871996,0.05439806623474924,-0.1356389720246035,0.1304749460092023,0.0
2026-04-20,0.6988672364241983,0.30113276357580165,1.0,0.21477057598465465,0.04895825961127432,0.048958404697260406,-0.0788464475471212,0.21477057598465465,0.02282371670818362,0.048958287944562084,-0.09695716970999782,0.12440727853535063,-0.006883225799323156,0.11484251692615324,0.010823737348285269,0.2088090682073632,0.022067404294090903,0.0608228461420674,-0.015052769498545728,0.04895825961127432,-0.13616659162448627,0.12947276195131413,0.0
2026-04-21,0.6988672364241981,0.3011327635758019,0.9999999999999999,0.22829351838618914,0.04406243365014688,0.04406256422753436,-0.07309804914323169,0.22829351838618914,0.024228206871863636,0.04406245915010587,-0.09318166183352564,0.11196655068181555,-0.013002107076541678,0.12131295469050582,0.009618818510127074,0.22292816138662683,0.02248060906564181,0.054740561527860644,-0.022777951983466993,0.04406243365014688,-0.13894688673468508,0.12857079629921478,0.0
2026-04-22,0.6988672364241982,0.30113276357580177,1.0,0.24046416654757022,0.03965619028513219,0.039656307804780924,-0.06890737059456857,0.24046416654757022,0.024187434442885326,0.039656213235095286,-0.0901545017468954,0.10076989561363399,-0.012957163532215543,0.12713634867842316,0.009932606695734623,0.23563534524796415,0.021975497203374474,0.04926650537507458,-0.018056010542943333,0.03965619028513219,-0.1254380056672936,0.12775902721232538,0.0
2026-04-23,0.6988672364241982,0.30113276357580177,1.0,0.25141774989281324,0.03569057125661898,0.03569067702430284,-0.06750253570512048,0.25141774989281324,0.024732321498015252,0.035690591911585766,-0.0877606884657543,0.09069290605227061,-0.015518625953189855,0.13277603368251775,0.0128058149800024,0.24667318030819882,0.024142702249640918,0.044339854837567125,-0.015925386271475984,0.03569057125661898,-0.11926616347929261,0.12702843503412495,0.0
2026-04-24,0.6988672364241985,0.30113276357580154,1.0,0.2606024595379681,0.03212151413095708,0.03212160932187256,-0.0643065266892299,0.2606024595379681,0.0234123948450718,0.03212153272042719,-0.08655766506328921,0.08162361544704355,-0.0022183553132818223,0.13812663513679768,0.0127053757821288,0.2570058622773789,0.024698888016657476,0.039905869353810415,-0.017116514251771492,0.03212151413095708,-0.11706371786941028,0.12637090207374452,0.0
2026-04-27,0.6988672364241985,0.30113276357580154,1.0,0.26546752949888963,0.028909362717861375,0.028909448389685302,-0.06477581011744091,0.2638935388691244,0.025860010646412277,0.028909379448384474,-0.08557187432962864,0.0734612539023392,-0.0014088734082769103,0.1487550823458842,0.02153386183978874,0.26546752949888963,0.03009868308590124,0.035915282418429374,-0.016706155181115158,0.028909362717861375,-0.12049927313823966,0.12577912240940212,0.0
2026-04-28,0.6988672364241979,0.3011327635758021,0.9999999999999999,0.2739207765490006,0.026018426446075233,0.026018503550716766,-0.07000688741631803,0.26701137953321147,0.022392953850154513,0.02601844150354602,-0.08974107196295344,0.06611512851210526,-0.004331402357281189,0.15732706901726418,0.017794259309321506,0.2739207765490006,0.026617886035375314,0.03232375417658643,-0.018005355153022318,0.026018426446075233,-0.1187164366063916,0.12524652071149397,0.0
2026-04-29,0.6988672364241918,0.3011327635758082,1.0,0.28152869889410054,0.02341658380146771,0.02341665319564509,-0.073176865334681,0.27317272534826487,0.01610335077728909,0.023416597353191418,-0.09241472642145561,0.05950361566089473,-0.00799336352349455,0.16168656780413093,0.009845629392268618,0.28152869889410054,0.01940774758419119,0.029091378758927786,-0.019886252187965088,0.02341658380146771,-0.11648713536694755,0.12476717918337692,0.0
2026-04-30,0.6988672364241917,0.3011327635758083,1.0,0.28837582900469044,0.021074925421320938,0.02107498787608058,-0.0734034561566966,0.27866154131516296,0.011863655918748984,0.021074937617872276,-0.09279601783049055,0.053553254094805255,-0.0039003254226557746,0.16566651197896093,0.00728633250393795,0.28837582900469044,0.015634088678998605,0.02618224088303501,-0.025400390551697224,0.021074925421320938,-0.11214031336394809,0.12433577180807155,0.0
2026-05-01,0.6988672364241921,0.30113276357580787,1.0,0.29453824610422136,0.018967432879188846,0.01896748908847252,-0.07159867122193944,0.28579538718364667,0.015606699659903387,0.01896744385608505,-0.08971942287787027,0.04819792868532473,-0.0004002325187698122,0.16705455023803253,0.006898652876224355,0.29453824610422136,0.01745011484390638,0.02356401679473151,-0.029465736458057983,0.018967432879188846,-0.12010819250796873,0.12394750517029672,0.0
2026-05-04,0.6988672364241926,0.3011327635758074,1.0,0.3000844214937992,0.017070689591269964,0.01707074017962527,-0.06477572961172047,0.28935289375386253,0.0168606336614437,0.017070699470476545,-0.0858895268909581,0.04517544920493642,0.0009429567136676059,0.1693694259944723,0.009978976801551628,0.3000844214937992,0.020473116523677656,0.02120761511525836,-0.017567455543245913,0.017070689591269964,-0.12098172530926893,0.12359806519629934,0.0
2026-05-05,0.6988672364241912,0.30113276357580876,1.0,0.30507597934441927,0.015363620632142968,0.015363666161662744,-0.059979444760534247,0.2859509511918146,0.015728436933673845,0.01536362952342889,-0.08192509510997835,0.040657904284442783,-0.005272777317225443,0.17985382603865444,0.016891434623121263,0.30507597934441927,0.026871613598008527,0.019086853603732527,-0.01462453831658468,0.015363620632142968,-0.11757720922334619,0.12328356921970177,0.0
2026-05-06,0.6988672364241912,0.30113276357580876,1.0000000000000002,0.3095683814099774,0.013827258568928674,0.013827299545496472,-0.0600023965954261,0.2826815318518569,0.017030960739497437,0.013827266571086004,-0.08257708608673155,0.03659211385599851,-0.0031289995240075877,0.18949745711253294,0.018579904888568304,0.3095683814099774,0.027797807769483554,0.017178168243359278,-0.010590484264676136,0.013827258568928674,-0.12174505553405501,0.12300052284076395,0.0
2026-05-07,0.6988672364241948,0.3011327635758052,1.0,0.3114787858291238,0.012444532712035807,0.012444569590946825,-0.0528554004955251,0.2797936807654698,0.029095757830586363,0.012444539913977403,-0.073570011918509,0.03611362155677482,0.003646348727610521,0.1940260468146767,0.02691535974608505,0.3114787858291238,0.03767872133146777,0.01850844171727519,0.003494304237138833,0.012444532712035807,-0.12039388181990009,0.12274578109971976,0.0
2026-05-08,0.6988672364241956,0.30113276357580443,1.0,0.3132787676326755,0.011200079440832225,0.011200112631852142,-0.04869793970463739,0.2742761325318103,0.028787978013287824,0.011200085922579662,-0.06660026390259485,0.03832649412110613,0.0074645750983944395,0.20134421664081636,0.03424642679905557,0.3132787676326755,0.04222731225808235,0.01665759754554767,-0.001082441146504071,0.011200079440832225,-0.12523548047588975,0.12251651353277994,0.0
2026-05-11,0.6988672364241979,0.3011327635758021,1.0,0.3125304321736229,0.010080071496749003,0.010080101368666928,-0.050938081542049575,0.26574384408355356,0.027742001010567313,0.010080077330321697,-0.06932386402816464,0.038997772175887034,0.006612638926718199,0.20793191794811777,0.039233258498071265,0.3125304321736229,0.04489669664440661,0.022245610700547,0.010649945288838449,0.010080071496749003,-0.12205649368008875,0.12231017272253403,0.0
2026-05-12,0.6988672364241977,0.3011327635758023,1.0,0.31310035993361235,0.009072064347074103,0.009072091231800236,-0.04785012003909922,0.2595345921772006,0.033716274629860515,0.009072069597289527,-0.0668860073975586,0.03980794279294643,0.007797734420323471,0.216349551081,0.04836109931178049,0.31310035993361235,0.05268573768940484,0.021866862845764005,0.003055906720734934,0.009072064347074103,-0.12234454842330851,0.12212446599331273,0.0
2026-05-13,0.6988672364241977,0.3011327635758023,1.0,0.31503895542052746,0.008164857912366694,0.008164882108620214,-0.053178618402278374,0.2547903392517154,0.031007028493971422,0.008164862637560574,-0.07361739891488894,0.03906931116879479,0.004739914754231765,0.22496928500221375,0.04423116979873204,0.31503895542052746,0.048608196341224395,0.019680176561187604,-0.004348007566554379,0.008164857912366694,-0.12264320440329754,0.12195732993701355,0.0
2026-05-14,0.6988672364241977,0.3011327635758023,1.0,0.31852762328702827,0.007348372121130024,0.007348393897758192,-0.05681468087837692,0.25004370595922754,0.02627670369651979,0.007348376373804517,-0.07410033670428161,0.03516238005191531,-0.001118589361441387,0.23470208191772304,0.040848667743486625,0.31852762328702827,0.04435034980072255,0.017712158905068845,-0.006598591943487074,0.007348372121130024,-0.11864606138854976,0.12180690748634429,0.0
2026-05-15,0.6988672364241906,0.3011327635758094,1.0,0.3216748609583254,0.006613534909017022,0.006613554507982373,-0.049732194144831,0.24454774885293554,0.02657042504119817,0.006613538736424065,-0.0682329178622871,0.03164614204672378,-0.002464041712120703,0.2446781496932876,0.04555376935032214,0.3216748609583254,0.048700655820034716,0.015940943014561962,-0.0056637236145873696,0.006613534909017022,-0.11929293899204034,0.12167152728074224,0.0
