Date,view_confidence,cash_weight,gross_exposure,max_asset_weight,BTC-USD_weight,BTC-USD_posterior_return,DIA_weight,DIA_posterior_return,ETH-USD_weight,ETH-USD_posterior_return,GLD_weight,GLD_posterior_return,QQQ_weight,QQQ_posterior_return,SPY_weight,SPY_posterior_return,TLT_weight,TLT_posterior_return,VIX_weight,VIX_posterior_return,CASH_weight
2025-02-19,0.6214790045895062,0.15140839816419752,0.8485916018358025,0.2854531292050454,0.013228232097883678,6.475631984997202e-05,0.11110009548247864,0.00014411880080031055,0.0,-0.00014890710224585142,0.2854531292050454,0.0004755118016016776,0.12273714266796108,0.00024236373350432818,0.15970897710313087,0.00022061746107722733,0.0713402089975971,0.0001057230147564839,0.08502381628170573,0.0015471749450256802,0.15140839816419752
2025-02-20,0.6214790045905879,0.15140839816415425,0.8485916018358458,0.2864747210305302,0.01610363004615129,0.00020190832830896242,0.10516221595402112,6.599797743068908e-05,0.0,-0.00017075883327385938,0.2864747210305302,0.0004748429748086915,0.12136725885348507,0.00021186221409258074,0.15848243607770085,0.00020040998104715773,0.07593500841119254,0.00017089616000023604,0.08506633146276475,0.0015293874683388318,0.15140839816415425
2025-02-21,0.62147317531597,0.15140863133510002,0.8485913686648999,0.29282724892747714,0.018708572036070577,0.00013196536226423315,0.094645994358619,-6.967152506824964e-05,0.0,-0.00018409783828991755,0.29282724892747714,0.0003899206844542147,0.11006287813917731,1.0486578622716033e-05,0.1432223165331503,5.185736828970449e-06,0.09647786650398409,0.00026672364339946794,0.0926464921664216,0.0018742936988582054,0.15140863133510002
2025-02-24,0.488104647018609,0.15674358232084568,0.8432564176791544,0.2936896610625897,0.019042938777329658,7.83779146213019e-05,0.08518139492275711,-0.00010658637968122251,0.0005614028447004939,2.625502370573186e-05,0.2936896610625897,0.00035653597470141,0.09905659032525958,-0.00010661731168393234,0.12890008487983526,-6.0710505316380515e-05,0.11430768081380786,0.0002963024710433378,0.10251666405287473,0.0025412103144681958,0.15674358232084568
2025-02-25,0.4342587108855696,0.1636988756533383,0.8363011243466616,0.2835427934210229,0.02142740099399707,0.00015092209040999078,0.07666325543048139,-8.662641454256611e-05,0.0039198121132853455,0.00016197380718640646,0.2835427934210229,0.0002229363018579204,0.08915093129273362,-0.00016173215794175832,0.11601007639185171,-9.827372755249748e-05,0.13200666082606508,0.00030806001039487753,0.11358019387722454,0.0027755322176985986,0.1636988756533383
2025-02-26,0.5967799253723538,0.16345779107311034,0.8365422089268899,0.28717850058192307,0.019284660894597367,-0.00010563513290248245,0.06899692988743326,-2.395743459597112e-05,0.0035278309019568114,-0.00011889837035198149,0.28717850058192307,0.0003521939058605888,0.08023583816346028,-9.76347406388024e-05,0.10440906875266655,-3.706005963162102e-05,0.1538059947434586,0.0004466096827700157,0.11910338500139389,0.0020794266778475295,0.16345779107311034
2025-02-27,0.6214785351764298,0.16225287055874205,0.8377471294412577,0.2892664769668028,0.017356194805137625,-0.0001144891876726726,0.062097236898689914,-4.238886627911089e-05,0.003175047811761129,-0.00015645996827519046,0.2892664769668028,0.0003102633115316041,0.07221225434711423,-0.00018751357357951374,0.09396816187739986,-0.00010310261602894798,0.17342539526911266,0.00047156683102214474,0.12624636146523954,0.0021497922455998367,0.16225287055874205
2025-02-28,0.621478990574226,0.16116842387989883,0.8388315761201013,0.2865219001281118,0.015620575324623867,-8.220210553020976e-05,0.06030266716096425,3.241869512156115e-05,0.002857543030585017,-0.00016015652663784136,0.2865219001281118,0.0002383806148352118,0.06499102891240283,-0.00011915308834128016,0.08457134568965989,-2.3543042614975284e-05,0.19108285574220146,0.00045929029279017015,0.1328836601315521,0.0019477279343136351,0.16116842387989883
2025-03-03,0.6214790045365819,0.16019242131044567,0.8398075786895544,0.28458453225260383,0.01405851779216148,-1.0882589049623025e-07,0.05427240044486783,-0.00013038148516643575,0.0025717887275265154,-0.00017397925889855689,0.28458453225260383,0.00022192950555698318,0.058491926021162544,-0.00026520835801562703,0.0761142111206939,-0.0001847333937002328,0.20697457016798132,0.0004440398566145478,0.142739632162557,0.002133088725453741,0.16019242131044567
2025-03-04,0.6214790045917156,0.15931401899573247,0.8406859810042675,0.2829953885229654,0.015112737358072772,6.808539891580559e-05,0.04884516040038103,-0.00015933314186664175,0.0023146098547738633,-0.00011302960910064644,0.2829953885229654,0.00024339908630919657,0.052642733419046274,-0.00023176319823824327,0.0685027900086245,-0.0001926621426605346,0.22127711315118315,0.0003949733984905007,0.14899544828922048,0.0020657425387050196,0.15931401899573247
2025-03-05,0.6214790045918355,0.15852345691248582,0.8414765430875142,0.2791921910671142,0.018745468411405564,0.0001436091606330708,0.04396064436034293,-0.0001784807044539294,0.002083148869296477,-4.8470207114187456e-05,0.2791921910671142,0.00022414630256111076,0.047378460077141644,-0.00026975709174583307,0.06165251100776205,-0.00022794567911215352,0.23414940183606484,0.0003000809441663892,0.15431471745838649,0.002045143425954217,0.15852345691248582
2025-03-06,0.6214790045918354,0.15781195103756382,0.8421880489624363,0.2753657754025742,0.021379534310481927,0.00011305587934255004,0.03956457992430864,-0.00014849438589721107,0.00265511408287627,2.686636022308607e-05,0.2753657754025742,0.00019621722605606465,0.04264061406942748,-0.00026202434423999396,0.055487259906985845,-0.00020736386497104657,0.24372527718608222,0.0002487106770877644,0.16136989407969965,0.002033280776366791,0.15781195103756382
2025-03-07,0.6214790045918354,0.157171595750134,0.8428284042498662,0.27514161104580476,0.021813813540954793,6.485093323028114e-05,0.035608121931877776,-9.378147077822503e-05,0.002480933835711713,3.16087058974693e-06,0.27514161104580476,0.00022472385872476848,0.03837655266248473,-0.0002060018953891661,0.04993853391628726,-0.00015410778207499174,0.2535860944157226,0.00025682788551064853,0.16588274290102245,0.0017963849202821591,0.157171595750134
2025-03-10,0.6214790045918354,0.15659527599144715,0.8434047240085527,0.27010115257658335,0.022002032396423687,5.251786875648339e-05,0.032047309738689994,-0.00012024628273749066,0.0033311812857979694,3.3230902026913645e-05,0.27010115257658335,0.00016137786910553882,0.03453889739623625,-0.00022867433686522888,0.04494468052465853,-0.0001763833711393128,0.26322748497415027,0.0003079924485787336,0.1732119851160127,0.001818617418365894,0.15659527599144715
2025-03-11,0.6214790045918354,0.15607658820862902,0.8439234117913709,0.27190473647673524,0.021875835819331467,5.2230519676862584e-05,0.028842578764820995,-0.000130048273965815,0.0029980631572181725,-2.6469837272756274e-05,0.27048293006969054,0.00022436784390941886,0.031085007656612627,-0.00022484360723699077,0.04045021247219268,-0.00018390926470315157,0.27190473647673524,0.0003333325698806992,0.1762840473747692,0.0017860279144692858,0.15607658820862902
2025-03-12,0.6214790045918355,0.1556097692040927,0.8443902307959072,0.27971426282906175,0.0226235216852748,8.298928126400452e-05,0.025958320888338896,-0.0001309585656068506,0.0026982568414963552,-7.355150559073479e-05,0.2723196794132235,0.00026504447647367955,0.027976506890951363,-0.00021336480803135907,0.03640519122497341,-0.0001773746511964593,0.27971426282906175,0.00034623702272493223,0.1766944910225872,0.001758038548971922,0.1556097692040927
2025-03-13,0.6214790045918354,0.15518963210001002,0.8448103678999899,0.28674283654615557,0.022507615836264525,6.803031071149336e-05,0.023362488799505008,-0.00011516928132323861,0.00242843115734672,-7.441272788196384e-05,0.27686735848149374,0.0003288663030742751,0.025178856201856226,-0.000217785220494896,0.03276467210247607,-0.0001709267024223334,0.28674283654615557,0.0003664814295558519,0.1749581087748921,0.001745851245000682,0.15518963210001002
2025-03-14,0.6214790045918355,0.15481150870633562,0.8451884912936645,0.29265465328724405,0.02559147676372994,0.00018716861759352998,0.021026239919554508,-9.197532667660295e-05,0.002185588041612048,-7.183847242667082e-05,0.28107784285528614,0.0003675882474155399,0.022660970581670603,-0.00019089567775190574,0.029488204892228465,-0.00013732531055993757,0.29265465328724405,0.0003575732831474758,0.17050351495233868,0.0015725120892636911,0.15481150870633562
2025-03-17,0.6214790045918355,0.15447119765202863,0.8455288023479715,0.29565454657108287,0.0275090059820965,0.00014777193380271806,0.018923615927599058,-6.750853726436579e-05,0.001967029237450843,-6.882640984731171e-05,0.2879700585697575,0.00042881247543549695,0.020394873523503543,-0.00014747159045232195,0.026539384403005618,-0.00010146707903280769,0.29565454657108287,0.00031277680088618004,0.16657028813347546,0.0014866444439186259,0.15447119765202863
2025-03-18,0.6214790045918355,0.15416491770315235,0.8458350822968477,0.295389894525294,0.030244992446674845,0.0001657026711009278,0.017031254334839152,-9.85461217796339e-05,0.0017703263137057589,-3.6931582538233827e-06,0.2941730527127817,0.00042865712333111934,0.01835538617115319,-0.00022704895139969987,0.023885445962705056,-0.00016206481504449122,0.295389894525294,0.00025994853844785084,0.16498472982969392,0.0015634570063980833,0.15416491770315235
2025-03-19,0.6214790045918354,0.1538892657491637,0.8461107342508363,0.2997557474415036,0.03576383048207418,0.0002623886621367347,0.015328128901355237,-7.237475633119034e-05,0.004175846319324407,0.00010842047775738706,0.2997557474415036,0.0004275904850216573,0.016519847554037872,-0.0001578556598966588,0.02149690136643455,-0.00011063103581093227,0.2919047086237371,0.00023619027089765855,0.1611657235623694,0.0013454225328045515,0.1538892657491637
2025-03-20,0.6214790045918355,0.15364117899057392,0.8463588210094262,0.3047801726973532,0.039329390810827605,0.0002050215819958171,0.013795316011219713,-8.339958017728785e-05,0.006351258995613425,0.0001019687501983851,0.3047801726973532,0.0004277693639705586,0.014867862798634085,-0.0001725825227557605,0.019347211229791095,-0.00013076491953174573,0.28859390110426475,0.00021673621285786334,0.15929370736172221,0.0014050856586111614,0.15364117899057392
2025-03-21,0.6214790045918354,0.1534179009078431,0.8465820990921569,0.30930215542761785,0.042936919180115024,0.00020997114606236006,0.012415784410097741,-7.394054340555164e-05,0.008610627231392515,0.00011060709536753568,0.30930215542761785,0.00042993683431346707,0.013381076518770676,-0.000152766237950304,0.017412490106811986,-0.00012224251968152454,0.28467997737067524,0.00020235584909841805,0.15784306884667584,0.0013843931231701874,0.1534179009078431
2025-03-24,0.6214789991282008,0.15321695085193077,0.8467830491480692,0.31337193988485607,0.04516139198042621,0.00022297918181152698,0.020439548658303556,8.954942466990523e-05,0.01019047454261715,0.00011474698154592851,0.31337193988485607,0.0004318886382234014,0.012042968866893608,-5.72093978344567e-06,0.019711581901056967,4.180026054140714e-05,0.27430763363879185,0.0001795043363788743,0.1515575096751238,0.0011175832626352065,0.15321695085193077
2025-03-25,0.6214789988200082,0.15303609581393737,0.8469639041860626,0.31703474589637043,0.04688365945899008,0.00018783466045178116,0.022261043231745804,3.297637732586077e-05,0.011724875233891482,0.00010563393980477247,0.31703474589637043,0.00043288620713753835,0.010838671980204247,-2.419887862424423e-05,0.018600109025465186,7.844904195765253e-06,0.27190879852813893,0.0002197456977284288,0.14771200083125643,0.001170918063910414,0.15303609581393737
2025-03-26,0.6214789584423266,0.15287332789485059,0.8471266721051495,0.3203312713067334,0.049692312202777526,0.00021847871619821654,0.026939296732649234,5.7005437842024566e-05,0.01290744184697055,9.391967284198973e-05,0.3203312713067334,0.000432145617187975,0.009754804782183822,-3.0711835565997826e-05,0.017574120250601944,7.366361256419998e-06,0.2652177186848464,0.00017406975768036092,0.1447097062983866,0.0011793464350581678,0.15287332789485059
2025-03-27,0.6214788273516519,0.15272684201129946,0.8472731579887005,0.32329814417606,0.05783083819199366,0.00030836809046063724,0.024498262848701786,1.6867813987267536e-06,0.015731277270202258,0.00013245899334071785,0.32329814417606,0.0004318058667025221,0.00877932430396544,-8.813268778903074e-05,0.01581670822554175,-3.7784406516348716e-05,0.25583914334229185,0.00011771708724744616,0.1454794596299438,0.00123453308814408,0.15272684201129946
2025-03-28,0.6214788276597405,0.1525950047037799,0.84740499529622,0.32596832975845397,0.05815523522262829,0.0001771773787922096,0.022048436563831608,-6.867898266099811e-05,0.014158149543182032,-5.733313844861023e-06,0.32596832975845397,0.0004321268608613494,0.007901391873568895,-0.00015545937405736458,0.014235037402987576,-0.00010201657021437999,0.25905633505748193,0.00024411771455480017,0.14588207987408575,0.00149372009327299,0.1525950047037799
2025-03-31,0.6013868632863095,0.15328002970194954,0.8467199702980505,0.3283714967826086,0.05758956497827686,0.00015769076432916934,0.021255375904914855,1.2164062890171167e-05,0.014688280836115479,8.01325399248892e-05,0.3283714967826086,0.0004164333864034246,0.007111252686212006,-0.00011438661915626644,0.012811533662688819,-3.8175231217558954e-05,0.25951565537474597,0.00023236282898407844,0.14537681007248793,0.0014646149303167754,0.15328002970194954
2025-04-01,0.5488986857596279,0.15599607930136947,0.8440039206986305,0.32841951170188993,0.05848550514403327,0.0002381454624162547,0.01940410724565213,2.8380916689466396e-06,0.017235027639824946,0.0001976345030965806,0.32841951170188993,0.0003781135936067713,0.006400127417590805,-0.0001502657138101054,0.011530380296419937,-6.491220792672344e-05,0.25850135221650444,0.00026432465088178323,0.14402790903671508,0.001641090587507865,0.15599607930136947
2025-04-02,0.4466051694200162,0.16253226459443187,0.8374677354055681,0.3183656284147444,0.06039210549035427,0.00031861021222345613,0.026988133096622173,0.00011266620959622687,0.01974623303323293,0.00023927500454675566,0.3183656284147444,0.0002986550473305371,0.005760114675831725,-2.2775716636799563e-05,0.013922015708054613,4.529489657176525e-05,0.2495778832845847,0.00020576597027568532,0.1427156217021433,0.001856821522875677,0.16253226459443187
2025-04-03,0.4665389197769747,0.1676174813439097,0.8323825186560903,0.3060058872594035,0.06317241097562339,0.00026914801409221706,0.024289319786959956,-0.0001484035506465373,0.02528348013059758,0.0003178382337726938,0.3060058872594035,0.00018907725532694484,0.005184103208248553,-0.000245773652769431,0.012529814137249152,-0.0002033293066992276,0.24647714669816545,0.00019740184510257225,0.14944035645984277,0.0022149187453411844,0.1676174813439097
2025-04-04,0.5190270973322106,0.1700946493162303,0.8299053506837697,0.29108305144332736,0.06395841537647218,0.00021040968193394296,0.02186038780826396,-0.00024204924391730152,0.029284694820332153,0.0002683319310296872,0.29108305144332736,0.00014877361609521398,0.004665692887423698,-0.00032079813483115575,0.011276832723524236,-0.000286392593153635,0.25113301980269,0.00025860337303188445,0.1566432558217362,0.002401395142015781,0.1700946493162303
2025-04-07,0.6214790045918354,0.16822602420093383,0.8317739757990661,0.28102067647408707,0.06049015863650776,6.944894649315556e-05,0.019674349027437563,-0.00032606192080675885,0.02745043893661305,3.591508620241307e-05,0.28102067647408707,0.00014876517827154344,0.0041991235986813275,-0.00038792026892230623,0.010149149451171811,-0.00035980827729096827,0.26101971782242095,0.0002805906001980228,0.16777036185214655,0.0025246365541516727,0.16822602420093383
2025-04-08,0.6214790045918354,0.16654426159716704,0.8334557384028329,0.2744342925777128,0.055758539280291036,3.155209502982235e-05,0.017706914124693808,-0.00030195955975210906,0.025495061555688918,2.616492885740751e-05,0.2744342925777128,0.00017332327398718648,0.0037792112388131947,-0.00036973174829065946,0.00913423450605463,-0.00034054634095472084,0.2696950468722368,0.0002594071796980384,0.17745243824734175,0.0025126807194035547,0.16654426159716704
2025-04-09,0.4589505339485281,0.1715318140795092,0.8284681859204908,0.2714451475819217,0.05568643286044433,0.00017470228711509434,0.01593622271222443,-0.00027502438439613104,0.025480416674015946,0.00011113595550085606,0.2714451475819217,0.00025960025125325905,0.003401290114931875,-0.00031033992042129417,0.008220811055449168,-0.00028513172734046275,0.2637714682335156,0.00020880227111898865,0.18452639668798773,0.003108748208809518,0.1715318140795092
2025-04-10,0.4589505339485281,0.17602061131361718,0.8239793886863829,0.27105488031300284,0.0566275101198791,0.00021969324936536747,0.014342600441001985,-0.00023321856971706645,0.027915953303647302,0.00023563713242946076,0.27105488031300284,0.00030886932163667923,0.003061161103438688,-0.00026198258416033026,0.007398729949904251,-0.000253737170244917,0.2566483486143623,0.000197320951832798,0.18693020484114636,0.0027874309842926713,0.17602061131361718
2025-04-11,0.6214790045918355,0.17355938999858206,0.8264406100014179,0.27894939228170257,0.05175149367098633,2.155523437266855e-05,0.012908340396901787,-0.0003296440957392452,0.025124357973282573,-9.225409897518471e-05,0.27894939228170257,0.0004889136456144597,0.0027550449930948194,-0.0003544371688184672,0.006658856954913826,-0.00034780159526743844,0.2605045167165,0.00025248842411624564,0.18778860701403613,0.002128842729101668,0.17355938999858206
2025-04-14,0.6214790045918355,0.17134429081505043,0.8286557091849497,0.2860544530535323,0.0485507441996699,6.334723028396264e-05,0.011617506357211609,-0.00030177085812053153,0.022611922175954317,-8.637181605017266e-05,0.2860544530535323,0.0005180644892177073,0.0024795404937853374,-0.0004000128241476449,0.005992971259422444,-0.00036614163881937007,0.26599456011304523,0.0003144894643102344,0.18535401153232853,0.002077687687436266,0.17134429081505043
2025-04-15,0.6214790045918354,0.16935070154987197,0.8306492984501281,0.29244900774817906,0.04369566977970291,-4.374205730054434e-06,0.010455755721490448,-0.0003353706241782992,0.020350729958358887,-0.00010282959797362117,0.29244900774817906,0.0005045708257770809,0.0022315864444068037,-0.00037647084103131426,0.0053936741334802,-0.000353861058460018,0.27425997109257433,0.0003850285937851948,0.18181290357193547,0.0021274057672214875,0.16935070154987197
2025-04-16,0.6214790045918355,0.16755647121121137,0.8324435287887887,0.29820410697336114,0.03943283390179115,3.8320539870709985e-06,0.009410180149341403,-0.00036022748832494723,0.018315656962523,-5.9403392498373294e-05,0.29820410697336114,0.0005408696599064506,0.0020084277999661234,-0.000425882193208287,0.0048543067201321805,-0.0003889135784228914,0.2818339739833169,0.0004244941413176463,0.17838404229835683,0.0021273002762280703,0.16755647121121137
2025-04-17,0.6214790045918354,0.1659416639064168,0.834058336093583,0.30338369627602496,0.03816133075810723,8.702143686954296e-05,0.00846916213440726,-0.00032959340731389234,0.016484091266270696,-7.738350524798265e-05,0.30338369627602496,0.0005442161345677556,0.0018075850199695106,-0.0003512105659707264,0.004368876048118962,-0.00031792944631320227,0.2851396991705424,0.00032432013939338107,0.1762438954201421,0.002075907190878755,0.1659416639064168
2025-04-21,0.6214790045918355,0.16448833733210172,0.8355116626678983,0.3080453266484225,0.04089962851907289,0.00016469367504428988,0.007622245920966535,-0.00045023660851593444,0.014835682139643628,-3.8704036219014035e-05,0.3080453266484225,0.0005383273445054683,0.0016268265179725599,-0.0004392068719351437,0.003931988443307066,-0.0004141744918851819,0.2773069260920442,0.00016376783185008908,0.18124303838646896,0.002314494577590751,0.16448833733210172
2025-04-22,0.6214790045918354,0.16318034341521814,0.836819656584782,0.31224079398358023,0.04842046018260984,0.00029207453184397627,0.006860021328869882,-0.0005174372561176116,0.014986618431297047,5.8027325604513395e-05,0.31224079398358023,0.0005105307437447903,0.001464143866175304,-0.0005533292866940416,0.00353878959897636,-0.0005241101603756009,0.26332693210146213,0.00011003580889845906,0.18598189709181112,0.002344185262549359,0.16318034341521814
2025-04-23,0.6214790045918355,0.1620031488900229,0.8379968511099771,0.3160167145852222,0.06664110155018746,0.0005443367839585153,0.006174019195982894,-0.0003940975582400623,0.01643029874700691,9.903394736830365e-05,0.3160167145852222,0.0005564756044837907,0.0013177294795577736,-0.00031943392959711027,0.003184910639078724,-0.00033380863293738555,0.24146009717549846,3.2650853810362324e-05,0.18677197973744272,0.001837336451506132,0.1620031488900229
2025-04-24,0.6214790045918355,0.1609436738173472,0.8390563261826527,0.31941504312669994,0.07260451827685319,0.000330131487666522,0.005556617276384605,-0.00013344984796357759,0.015975683934509072,4.4357992825478916e-05,0.31941504312669994,0.0005584819575168072,0.0011859565316019963,-8.341870668269764e-05,0.0028664195751708517,-9.502194550636497e-05,0.2387386272609215,0.00017438406780363969,0.18271346020051168,0.001536097653006448,0.1609436738173472
2025-04-25,0.6214790045918354,0.15999014625193908,0.840009853748061,0.32247353881402996,0.07776968282592031,0.00035518014683409406,0.005000955548746145,-0.0001508620921990685,0.014968780704166513,2.4152613930872335e-05,0.32247353881402996,0.0005566195042133599,0.001067360878441797,-6.417341289565408e-05,0.0025797776176537672,-8.510608573791742e-05,0.23882674232433973,0.00021222764213550514,0.1773230150347628,0.0014872320720762985,0.15999014625193908
2025-04-28,0.6214790045918354,0.15913197144307173,0.8408680285569281,0.3252261849326269,0.08127337496094687,0.00041841960149966253,0.0045008599938715305,-0.00016958951273655855,0.016012366889312582,0.00013474755378892146,0.3252261849326269,0.0005588718438004222,0.0009606247905976171,-0.0001038371275620969,0.00232179985588839,-0.00012158983438701596,0.24147597963598305,0.0003056827470635736,0.1690968374977012,0.0014260172703171293,0.15913197144307173
2025-04-29,0.4589505339485281,0.16486075294082345,0.8351392470591765,0.31626953420412235,0.08743110135209751,0.0006460724374200309,0.004050773994484377,-0.00017264856849892634,0.02165424484149178,0.00046717984649693014,0.31626953420412235,0.00040521221401115196,0.0008645623115378554,-0.0001487522602516047,0.002089619870299551,-0.00015548989221207422,0.23829045371099858,0.00029524350749534424,0.1644889567741445,0.002251203604626837,0.16486075294082345
2025-04-30,0.29644120578248934,0.1733746776467411,0.8266253223532589,0.29342722711860514,0.09561531397070759,0.0007327428470304166,0.00415685670223957,9.738034922347777e-06,0.03170660409927217,0.0007552074772741044,0.29342722711860514,0.00014519492184139472,0.0007781060803840699,-6.868130562402404e-05,0.0018806578832695961,-3.1379515331173864e-05,0.23394889457126075,0.00026344128576279673,0.16511166192752003,0.0029961240465498106,0.1733746776467411
2025-05-01,0.4589121520985199,0.17768072379812622,0.8223192762018738,0.26408450440674464,0.1109843778140593,0.000903170701610861,0.004969104213633462,1.9623457063412575e-05,0.039682851988430426,0.000576474554362825,0.26408450440674464,-6.0014045554877265e-05,0.007026298989254106,0.00014485038847714062,0.007219319835609214,0.00010558975339796452,0.22530868891650224,0.00016767886196963298,0.16304413003764046,0.0021260115638423484,0.17768072379812622
2025-05-02,0.6214406225449611,0.17505502651651514,0.824944973483485,0.24768110713833968,0.12511814625695786,0.0007859987529438297,0.011934536415239075,0.000102542548679035,0.044626502772324286,0.0003967519788821702,0.24768110713833968,0.00012150103624320199,0.017175802980212596,0.00021427678610510316,0.018522011221631444,0.00019786081903075056,0.20375487605203305,9.56462468708536e-06,0.15613199064674696,0.0011895655946285422,0.17505502651651514
2025-05-05,0.6214790044276063,0.17269036368775936,0.8273096363122407,0.24699306216954056,0.13361151621771847,0.000705765300315862,0.014168331925551324,5.130016620144909e-05,0.04956544367453551,0.00045330053923808877,0.24699306216954056,0.0003164032006270355,0.02468277595613395,0.00019787675091375575,0.02567113094663659,0.00016124212152756693,0.18337938844682974,-0.00014248198808131107,0.14923798697529456,0.0012001033166168227,0.17269036368775936
2025-05-06,0.6214790044648486,0.17056216714038944,0.8294378328596105,0.25729375595258647,0.14246416580085666,0.0007718024531810715,0.012751498732996188,-3.3555382915721456e-05,0.0511388226929947,0.0003256801914777339,0.25729375595258647,0.0005639145265168326,0.02847086276368312,0.00013879721355047566,0.02877091308648268,0.00010504884818783126,0.16504144960214676,-0.00017196044108757177,0.14350636422786392,0.001308531948297375,0.17056216714038944
2025-05-07,0.6214790045200926,0.1686467902455468,0.8313532097544534,0.262934891376657,0.15125766689260042,0.0009106608409470273,0.015823457004143143,7.686028429609631e-05,0.050659739904172434,0.00026230815905807785,0.262934891376657,0.0005035838609053505,0.033142422765488865,0.00018929830952050763,0.03211587095356632,0.00013104679330086148,0.1485373046419321,-6.882369955468457e-05,0.13688185621589305,0.0012506347265849216,0.1686467902455468
2025-05-08,0.6214790045901711,0.16692295103738525,0.8330770489626147,0.23972580640294014,0.17113190020334035,0.0009055684190450923,0.014241111303728826,-5.6689399921056787e-05,0.07600969816849962,0.0009163796780372064,0.23972580640294014,2.653444618703357e-05,0.03215234384175956,3.11373307300717e-05,0.028904283858209683,-1.730450484417817e-05,0.13368357417773888,-0.0002122829993657927,0.13722833100639764,0.0012091337667683051,0.16692295103738525
2025-05-09,0.6214790045908156,0.16537149575001414,0.8346285042499859,0.21575322576264616,0.18850051354072864,0.0007833184086639723,0.012817000173355944,-2.3079977853713967e-05,0.09943266322675418,0.0010924236069225486,0.21575322576264616,-6.729660918416149e-06,0.033836127873114734,7.001399052784164e-05,0.02781322748287471,2.151347352506128e-05,0.12031521675996501,-0.0001679548710831759,0.1361605294305466,0.0011626974648014114,0.16537149575001414
2025-05-12,0.6214790045916936,0.16397518599134495,0.8360248140086549,0.1941779031863815,0.18893896853799483,0.0005435262008395538,0.022813242216390923,0.00014024986541196743,0.11210946243334467,0.0009955724236892789,0.1941779031863815,-0.0001291835466933761,0.041208947303370734,0.0001905678676797729,0.03577036999180199,0.0001590779541405541,0.10828369508396848,-8.386091099853415e-05,0.13272222525540178,0.001159827580482076,0.16397518599134495
2025-05-13,0.6214790045917787,0.16271850720853934,0.8372814927914608,0.19016163553325202,0.19016163553325202,0.0005222099191527711,0.026867760978541412,7.42290369489171e-05,0.1269827060646423,0.0010625802457387215,0.1747601128677434,-8.136709631403839e-05,0.048285086332152484,0.00019063987041502306,0.04217391751668486,0.00014171516688126233,0.09745532557557166,-0.00012589258783943453,0.13059494792287266,0.0012026443100826264,0.16271850720853934
2025-05-14,0.6214790045917788,0.16158749630401423,0.8384125036959856,0.19032988908983386,0.19032988908983386,0.0005561168090002879,0.031160583479085308,9.135952421488726e-05,0.13821804951594982,0.0010912470334213332,0.15728410158096903,-0.00016596794693334764,0.05687957007511152,0.00025506393800111936,0.04928757508743134,0.00017954904459914852,0.08770979301801447,-0.00018330883733881672,0.12754294184959034,0.0012037736982525606,0.16158749630401423
2025-05-15,0.6214790045918054,0.16056958648994057,0.8394304135100594,0.1900121609187134,0.1900121609187134,0.0005485076579023733,0.03866875155293417,0.00014042734315164492,0.1448657198420302,0.0009437797901095675,0.14155569142287214,-8.13752484712639e-05,0.06401219974024756,0.00024629434344099503,0.05669123278062006,0.00019744299888874837,0.07893881371621303,-0.00014102524396527357,0.12468584353642881,0.0012030275025498415,0.16056958648994057
2025-05-16,0.6214790045918056,0.1596534676572743,0.8403465323427258,0.18925110121359717,0.18925110121359717,0.0005128660833630205,0.04646533890293258,0.00015512137193325317,0.1502492141096942,0.0009172862917439686,0.12740012228058495,-0.0001063562158108037,0.07012288373447766,0.00024182806322870938,0.06365481241194676,0.00020355435034025761,0.07104493234459175,-0.00012304700500900346,0.12215812734490075,0.0012165231174385458,0.1596534676572743
2025-05-19,0.621479004591828,0.15882896070787375,0.8411710392921261,0.19300315933299247,0.19300315933299247,0.0006630256334789141,0.05503850512992885,0.0001829306460060021,0.15255352804186328,0.0008299332514547632,0.11466011005252642,-1.9423421400450583e-05,0.07338490478696674,0.000206628582239129,0.06909140325787685,0.00019794059004461974,0.06394043911013256,-0.00022686775481213116,0.11949898957983895,0.001217092743463346,0.15882896070787375
2025-05-20,0.6214790045918327,0.15808690445341309,0.841913095546587,0.20122261073785547,0.20122261073785547,0.0008808725664701943,0.05796111523634915,0.0001280775863052606,0.15537993416958357,0.0009505976586140438,0.10922389689501545,8.521426953255813e-05,0.0741942570075274,0.00017993534659501939,0.07014347619178384,0.00014662502394268198,0.05754639519911931,-0.0005085940080724793,0.11624141010935278,0.0012152689720810067,0.15808690445341309
2025-05-21,0.6214790045918261,0.15741905382439875,0.8425809461756013,0.21434672487679451,0.21434672487679451,0.0008046021918271258,0.052165003712714236,-0.00010697970357102636,0.16775091142745813,0.0011142972462771417,0.10371316069734036,5.8686536146539485e-05,0.07040787482082617,6.112423805231521e-05,0.06312912857260546,-2.4716137294854452e-05,0.05179175567920738,-0.0005881299366067672,0.1192763863886551,0.0015620634455063747,0.15741905382439875
2025-05-22,0.621479004591808,0.15681798825828655,0.8431820117417135,0.22791205238911502,0.22791205238911502,0.0007385782120900683,0.0469485033414428,-0.00016660296005227055,0.18351851751931653,0.0011357685322779133,0.09334184462760632,-2.449829876347061e-05,0.06336708733874354,-1.5563546578919874e-05,0.0568162157153449,-0.00010022970637845588,0.04661258011128663,-0.00042652720119701115,0.12466521069885766,0.0016161941926950525,0.15681798825828655
2025-05-23,0.6214790045186809,0.15627702925171066,0.8437229707482894,0.23166243510947795,0.23166243510947795,0.000628495555859572,0.04225365300729852,-0.00024626909999158047,0.19407487140740504,0.0011345028549414446,0.09562470550142567,0.00012331824615548952,0.05703037860486918,-4.950824694635382e-05,0.051134594143810407,-0.00015438314010706198,0.04195132210015797,-0.0005532776708985238,0.12999101087384457,0.0018667955470634133,0.15627702925171066
2025-05-27,0.6214790045568129,0.15579016614426708,0.8442098338557329,0.22856945567072462,0.22856945567072462,0.0004753720485909087,0.04254697480542834,5.1437128833252215e-05,0.20156329739260423,0.0010509190068552594,0.08606223495128311,-8.412292222920985e-05,0.06328918704290241,0.00019546441722502334,0.05571150662717143,0.00013288112328368085,0.03775618989014218,-0.00012008003379276113,0.12871098747547657,0.001222047695238572,0.15579016614426708
2025-05-28,0.6214790045736842,0.155351989346893,0.8446480106531069,0.22654581828459772,0.22654581828459772,0.0004805658494670172,0.039469464900500566,1.3166941449009898e-05,0.21002556944932163,0.0010933961704843748,0.0774560114561548,-9.09117546562568e-05,0.07016333993061144,0.00021171448965201975,0.0590765109206052,0.00012034385826049636,0.03398057090112796,-0.00016683415658799575,0.12793072481018763,0.0012376934803802254,0.155351989346893
2025-05-29,0.6214790045918003,0.1549576302285317,0.8450423697714683,0.21976820288659618,0.21976820288659618,0.00038527534731874194,0.04118027980313874,6.699161854589057e-05,0.2118684670375286,0.0009105514601208767,0.06971041031053932,-7.90925571271504e-05,0.07902828299744526,0.0002701501860549217,0.06624679102445703,0.00018682843927488128,0.030582513811015163,-9.72872338059136e-05,0.12665742190074797,0.001250616087048777,0.1549576302285317
2025-05-30,0.6214790045917425,0.15460270702200885,0.8453972929779912,0.20980570064875945,0.20980570064875945,0.0003287348131053808,0.04950465898818016,0.00016536652877164812,0.2036668245476851,0.0005823990486756836,0.06273936927948538,-1.062745436337376e-05,0.08930020185686634,0.0003477088124110498,0.07616793331760854,0.00026586051472162885,0.030074018347820666,2.3220386299311967e-05,0.12413858599158556,0.001235358078284085,0.15460270702200885
2025-06-02,0.6214790045917459,0.1542832761361381,0.8457167238638617,0.20059855335537202,0.20059855335537202,0.0004429755163987637,0.050431280839096676,0.0001085626760155884,0.18787623520432717,0.0002867017897830841,0.09146543235153683,0.0005958045961871971,0.09087556379321213,0.00027999401135086425,0.07741360097022941,0.00019835083231473823,0.027066616513038592,-0.00013855175923057847,0.1199894408370489,0.0014013836288017567,0.1542832761361381
2025-06-03,0.621479004591749,0.15399578833885433,0.8460042116611455,0.19295982732507885,0.19295982732507885,0.0004313343266267289,0.05584083403668189,0.0001783865304684638,0.1778682709027053,0.0005082966191431789,0.1094337501757784,0.0004306869176965985,0.09079280490241495,0.00022183250621720405,0.07890898459250928,0.00019102674393634646,0.024359954861734735,-6.23654242534655e-05,0.11583978486424215,0.001229301823100066,0.15399578833885433
2025-06-04,0.6214790045917342,0.15373704932129953,0.8462629506787005,0.18419921964994265,0.18419921964994265,0.00032007861472552613,0.05025675063301371,-3.5623767975661554e-05,0.17451312268920485,0.0007233798727776375,0.13349037515820056,0.0005132817779530271,0.09339770243150275,0.0002540601080334657,0.07523446971710394,7.700535828084633e-05,0.021923959375561262,-3.127400930263254e-05,0.11324735102417066,0.0012438035356242285,0.15373704932129953
2025-06-05,0.6214790045759302,0.1535041842061324,0.8464958157938678,0.1703075606419506,0.1703075606419506,0.00012448139566246494,0.04523107556971234,-6.126751310651837e-06,0.1617678225384811,0.00021369717171961335,0.15514133764238053,0.0005881165389545536,0.09378969041980395,0.00019156258879054482,0.07190214354059865,6.930150326690803e-05,0.032598425497457305,0.00011767900471689298,0.11575775994348322,0.0017326261500053525,0.1535041842061324
2025-06-06,0.6214790045758358,0.1532946056024857,0.8467053943975142,0.16835233339306468,0.16498341140675565,0.00040371816969617466,0.04701049782987504,0.00010745777311319343,0.1550004438371894,0.0005393214389148904,0.16835233339306468,0.0004561794982405066,0.09666438507837527,0.0003011817577738134,0.07329237340593944,0.0001773062890662127,0.029338582947711567,-0.0001496484333230597,0.11206336649860318,0.001233453840815618,0.1532946056024857
2025-06-09,0.6214790045912153,0.15310598485858853,0.8468940151414115,0.17635503919470535,0.17635503919470535,0.0006400696803939741,0.04230944804688754,-1.40482213262502e-05,0.1637063897154272,0.0009216758800929814,0.1515171000537582,-5.941814574007205e-05,0.10006182517998495,0.00021323860337355222,0.07375760046772539,0.00010703864939551783,0.02640472465294041,-9.160118069640442e-05,0.1127818878299824,0.0012416442128170761,0.15310598485858853
2025-06-10,0.6214790045915969,0.15293622618906583,0.8470637738109343,0.17353330978515302,0.17353330978515302,0.0003992538286254726,0.048591713131491264,0.0001390633204626681,0.1674324630544907,0.0008951024471621417,0.1363653900483824,-7.434725942867247e-05,0.09990055045824385,0.00018734296907845624,0.07729441720000188,0.0001748810854154586,0.03222511625343608,7.471707076746045e-05,0.11172081387973513,0.0012422312192640812,0.15293622618906583
2025-06-11,0.621479004591706,0.152783443386491,0.8472165566135089,0.16952863786374692,0.16571756462691556,0.00027236971028011023,0.055392137824997856,0.00016388329485036957,0.16952863786374692,0.0008960178226320161,0.12417074570860756,1.8934055345922803e-05,0.09968185546273364,0.0001977074789842006,0.08059202539021741,0.00018791622394938952,0.041988253690800066,0.00012204998868216409,0.11014533604548996,0.0012403498060608055,0.152783443386491
2025-06-12,0.6214790045917358,0.15264593886417246,0.8473540611358276,0.16790119965801203,0.15552331616229245,0.00021412693013066886,0.062483024826003174,0.00020956707766919702,0.16790119965801203,0.0008566166224049501,0.11183183524948062,1.2122417295806895e-06,0.1009254297937408,0.0002676839850468499,0.08549122712125351,0.0002607709650229289,0.05590856458134433,0.00020117053387406366,0.1072894637437006,0.0012437252885472527,0.15264593886417246
2025-06-13,0.621479004532898,0.1525221847964393,0.8474778152035607,0.16214347429273873,0.14198950673266303,8.108392824993397e-05,0.06141300597848508,0.0001032258761456639,0.16214347429273873,0.0007363600604854603,0.11041590067852977,0.0001822653524057454,0.10537895049429194,0.00041709708113149026,0.09319701395598057,0.00039304379825181554,0.06954204012487637,0.00025749868008039737,0.10339792294599522,0.0012495580927010886,0.1525221847964393
2025-06-16,0.6214790043684604,0.152410806142057,0.8475891938579431,0.1487468013891355,0.13092597273569212,0.00010945471925492668,0.0628448078447975,0.00013215869165002128,0.1487468013891355,0.00016358860842728554,0.11894691453637456,0.00031756460611337775,0.11519472734012345,0.0005083011319938482,0.10474280996232746,0.00043947412390410445,0.06258783611238873,-2.8435111555357208e-05,0.10359932393710375,0.001684584467416102,0.152410806142057
2025-06-17,0.6214789696350304,0.15231056674245008,0.84768943325755,0.13506238146241828,0.11783337546212291,-0.00011710365758332646,0.059256188761078965,5.5721449153688435e-05,0.13506238146241828,8.122637775309215e-05,0.12382169009918007,0.00032347285602535986,0.1208802452897303,0.0005074875207976314,0.11311681942720811,0.0004697423634096426,0.07289666460162327,0.00022910562646130943,0.10482206815418812,0.002192557113461263,0.15231056674245008
2025-06-18,0.6214789696778521,0.15222035128109096,0.8477796487189089,0.12758732052477198,0.11065907154289906,0.00017329915242566152,0.058333556929628175,9.506209492063253e-05,0.12461996983639409,0.0001920646631037305,0.11645069971441252,8.81883813844663e-05,0.12758732052477198,0.000509624988618484,0.1196566951225952,0.00040902579972731034,0.0867782623052519,0.00026916387668245504,0.10369407274295597,0.0016328998529018086,0.15222035128109096
2025-06-20,0.6214790042362754,0.15213915598353087,0.8478608440164692,0.1328725331500113,0.10087331944862965,5.040207195077445e-05,0.06030663269413346,0.00015544643218318003,0.11236532025403692,1.3622033845895243e-05,0.11641960660441715,0.00021341303371945052,0.1328725331500113,0.0005124583904889449,0.12652077813140644,0.0004521694739866717,0.09473608933858987,0.00022058867231759065,0.1037665643952444,0.001913207694217147,0.15213915598353087
2025-06-23,0.6214790005350672,0.15206608036377509,0.847933919636225,0.1319277486407105,0.09738122033215932,0.00033934459597279894,0.06408811561080999,0.0002553369670442309,0.10112878822863323,-0.00012538241503105239,0.10979188680392017,0.00012043995582436839,0.1319277486407105,0.0004572014459889082,0.12986480699963004,0.0005019446835671431,0.11292451784918729,0.00047923072895009156,0.10082683517117445,0.0017796275466238562,0.15206608036377509
2025-06-24,0.6214790008368463,0.15200031229392372,0.8479996877060761,0.1345405743488797,0.09734144611079,0.0004593213759989122,0.07535537315236998,0.0004192957824891138,0.09419772858336278,0.0002532412777958777,0.09881269812352812,-0.00021807902928850926,0.13323305644186667,0.0004894649391790688,0.1345405743488797,0.0005052564552639791,0.11787453518966973,0.0002562860916884594,0.09664427575560917,0.0012846317276567114,0.15200031229392372
2025-06-25,0.621479004524957,0.1519411208835331,0.848058879116467,0.13375344060830657,0.10807349480011375,0.0005427490430121489,0.07713769925067157,0.00012471683284058356,0.09889701633617183,0.0006359674118073921,0.08893142831117533,-3.811780122292725e-05,0.13188116651808449,0.00022806566024629335,0.13375344060830657,0.00020447886671008414,0.11627441492792312,9.135328708451071e-05,0.09311021836402034,0.0006488124809472626,0.1519411208835331
2025-06-26,0.6214790045913852,0.15188784861152438,0.8481121513884757,0.13251624181365684,0.111467840152562,0.0004562865222299435,0.07766608561694756,0.00013419548560579037,0.09786778449831803,0.0004824850615965924,0.0800382854800578,-3.1253027250473315e-05,0.1314914171718972,0.0002964804118917769,0.13251624181365684,0.0002383181547870372,0.1285199849310691,0.0002573285166216074,0.0885445117239672,0.0006075166573837155,0.15188784861152438
2025-06-27,0.6214790045915799,0.15183990356670873,0.8481600964332914,0.13334328930091915,0.11348145923760958,0.0004174855292414796,0.08381400484062568,0.00022332398404988857,0.09769399971969032,0.0005164961386368271,0.07203445693205202,-0.00012001081964654428,0.13147233568032546,0.0003002868457652149,0.13334328930091915,0.0002725258071317661,0.13234999824170512,0.0001774396637839092,0.08397055248036399,0.0005293486245875993,0.15183990356670873
2025-06-30,0.6214790045901872,0.15179675302643036,0.8482032469735696,0.1383544243890439,0.10742170260952176,0.00018718329726252961,0.09491586387254321,0.00034964504031654436,0.09493551851884398,0.0004189407967130841,0.06483101123884681,-8.146939882425203e-05,0.13256617685517486,0.00036318745248249354,0.13523333748871436,0.0003288534398052711,0.1383544243890439,0.00022786596732803435,0.07994521200088078,0.0006015804647734094,0.15179675302643036
2025-07-01,0.6214790045896044,0.15175791754020318,0.8482420824597969,0.14379235705545745,0.10279146501140837,0.00019099621243064095,0.10853591799705728,0.0003689258096578457,0.09141956589035936,0.00031767047667333095,0.06097144085414152,3.9329192298630127e-05,0.12763152925774157,0.00018863606573831185,0.13525967167374875,0.0002601404452009548,0.14379235705545745,0.00020400331674886088,0.07784013471988255,0.0007148180899936663,0.15175791754020318
2025-07-02,0.6214790045901457,0.15172296560257703,0.848277034397423,0.13686135607489539,0.10879894866339722,0.00042190087133832756,0.1176176591411296,0.00026613044696354837,0.09666421115919638,0.0006367268666945526,0.05487429676872737,-7.983854506371038e-06,0.12621022293750092,0.00021478023669107882,0.13686135607489539,0.00024242903516125635,0.13216819162847118,2.434685708537902e-05,0.07508214802410494,0.0005090490249009082,0.15172296560257703
2025-07-03,0.6214790045910988,0.15169150885867538,0.8483084911413247,0.13718532035276454,0.11475414152583975,0.0004096533884438505,0.12625460814884276,0.0002548733121540714,0.10437523418353094,0.0007276533247182436,0.049386867091854636,-3.8573463554195854e-05,0.124524422169944,0.00019375313133377563,0.13718532035276454,0.00021008228146527434,0.11895137246562407,-8.182296385435394e-06,0.072876525202924,0.0005022167646027617,0.15169150885867538
2025-07-07,0.6214790045918196,0.15166319778913506,0.8483368022108649,0.14223614529200412,0.11620513879685879,0.0003915687488254033,0.13693743209323056,0.00036235922340600765,0.10422997395541042,0.0005369648566941723,0.04444818038266917,-5.335680107987935e-05,0.12741666523483874,0.0003382874952563789,0.14223614529200412,0.0003501361952859995,0.10705623521906166,-9.53063249490535e-06,0.06980703123679151,0.0004963398266473425,0.15166319778913506
2025-07-08,0.6214790045918201,0.15163771782654872,0.8483622821734511,0.14588507267317435,0.11918970095944119,0.0004130846451729141,0.14271842785503397,0.0002831198050139555,0.10732287236469214,0.0006581341045963128,0.04000336234440225,-0.00010007567232751024,0.12953264727360692,0.0003056058273036266,0.14588507267317435,0.00031136056127096466,0.09635061169715546,-1.776700595626423e-05,0.06735958700594484,0.0004990717734744009,0.15163771782654872
2025-07-09,0.6214790045918331,0.15161478586022056,0.8483852141397795,0.14438845152487748,0.12616687685091152,0.0004392309879604794,0.14327833331799944,0.00017777242237145157,0.11439763756652363,0.0007148765255217992,0.03600302610996203,-4.35543557397158e-05,0.12725122948122958,0.0001809741828653824,0.14438845152487748,0.00018802971718424427,0.09073663554411485,3.1957462456164555e-05,0.06616302374416101,0.0005033677494393812,0.15161478586022056
2025-07-10,0.6214790045918346,0.1515941470905251,0.8484058529094748,0.14201934993010049,0.13656896501686133,0.0004912505151331186,0.14201934993010049,0.00014346457002377497,0.1249406231157239,0.0008114007657889908,0.03240272349896582,-6.11547551512168e-05,0.123012620430851,0.00013161388764919513,0.1418078366104826,0.0001558362115189887,0.08219571641022429,3.900076596654197e-06,0.06545801789626537,0.0004908596041382066,0.1515941470905251
2025-07-11,0.6214790045918354,0.1515755721977992,0.848424427802201,0.15087543002213785,0.15087543002213785,0.0005731460878672251,0.1360688802427612,8.688515144251988e-05,0.13830378958996525,0.0009225534722378956,0.029162451149069242,-4.9407152863466713e-05,0.117727910063438,0.00010420747082629284,0.1373025267602044,0.00012187821700844939,0.07397614476920188,-9.146833631793066e-05,0.06500729520542309,0.000485319968641958,0.1515755721977992
2025-07-14,0.6214790045918352,0.1515588547943459,0.8484411452056542,0.17078788701992406,0.17078788701992406,0.0006854675697492667,0.12665335073231718,4.253773476218503e-05,0.15372472380223862,0.0009908452308510242,0.02624620603416232,-0.00010706829574386729,0.10825148805433948,3.272553957919674e-05,0.12903052035680437,6.609709480688732e-05,0.0665785302922817,-0.00027211283468109434,0.06716843891358652,0.0006616720157639957,0.1515588547943459
2025-07-15,0.6214790045918334,0.15154380913123794,0.848456190868762,0.1858461402227369,0.1858461402227369,0.0004679863431056021,0.11398801565908544,-3.6240598796134915e-05,0.17335225142201474,0.0009904735587438426,0.02362158543074608,-8.145433337222316e-05,0.09963174172374828,2.3645108753222175e-05,0.11717493427299067,9.542135956859328e-06,0.059920677263053515,-0.00024217421455533685,0.07492084487438641,0.0008320874648126225,0.15154380913123794
2025-07-16,0.6214790045918329,0.15153026803444083,0.8484697319655592,0.2010855329556238,0.2010855329556238,0.0004169113763824252,0.1025892140931769,-2.460926217310187e-05,0.19101702627981326,0.000980490399560693,0.021259426887671472,-4.670779765867961e-05,0.08966856755137345,-1.3952323424863014e-05,0.1054574408456916,-4.968123393843622e-06,0.05392860953674816,-0.00015354892707845796,0.08346391381546052,0.0007775324621083178,0.15153026803444083
2025-07-17,0.6214790045918328,0.15151808104732345,0.8484819189526766,0.21508752641951662,0.21508752641951662,0.00040159022444957737,0.09233029268385921,-2.3013462910625513e-05,0.20691532365183193,0.0009835327495457667,0.019133484198904326,-1.1198596968232622e-05,0.08070171079623611,-1.8478784478969003e-06,0.09496045771852468,3.578490251464491e-07,0.04853574858307335,-0.00013276404590867552,0.09081737490073036,0.0007269891582663646,0.15151808104732345
2025-07-18,0.6214790045918345,0.15150711275891773,0.8484928872410823,0.22616746123046083,0.22616746123046083,0.00037160789396701574,0.0830972634154733,-2.9782178215724347e-05,0.22122379128664874,0.0009824590156004552,0.017907988665587873,3.847296471106276e-06,0.0726315397166125,-2.507025098401759e-07,0.08596161707059234,3.5431829007811935e-06,0.043682173724766016,-0.0001096023696708932,0.09782105213094074,0.0007231813819123784,0.15150711275891773
2025-07-21,0.6214790045918344,0.15149724129935258,0.8485027587006473,0.2341014121579838,0.2328824373848294,0.000344552743641507,0.07478753707392596,-4.4005552970477306e-05,0.2341014121579838,0.0009769906595940236,0.018635679195474274,1.461819362884127e-05,0.06790926489761569,2.201592845468716e-05,0.07751159714326304,1.0763766317065974e-06,0.03931395635228941,-6.663494320352254e-05,0.10336087449526576,0.0007096178291966856,0.15149724129935258
2025-07-22,0.621479004591833,0.151488356985744,0.848511643014256,0.24569127094218543,0.23877454943507306,0.0003757720489459309,0.06730878336653337,-5.751089385783071e-05,0.24569127094218543,0.0009736632620696577,0.023281516700224807,4.161502929676864e-05,0.06111833840785412,-2.990152336608952e-05,0.06976043742893674,-2.532502220723581e-05,0.03538256071706047,-4.8029373458243744e-05,0.10719418601638796,0.0007196987043945808,0.151488356985744
2025-07-23,0.6214790045918323,0.15148036110349633,0.8485196388965036,0.2554589145013954,0.2403508591089902,0.0004033580460663514,0.06452802726489701,3.315612500910834e-05,0.2554589145013954,0.0009651191943580654,0.025582514283381343,3.6805546268698825e-05,0.05697054243764345,2.3141146029913497e-05,0.0680803016089449,5.312488539056401e-05,0.03184430464535442,-3.924840758724595e-05,0.10570417504589694,0.0005825400382823431,0.15148036110349633
2025-07-24,0.6214790045918317,0.15147316480947345,0.8485268351905266,0.26491302305125586,0.24528893197416266,0.00039212260970130877,0.058075224538407307,-3.091374239659649e-06,0.26491302305125586,0.0009825086336224195,0.024830743627178214,1.2378487494322544e-05,0.05370114049295927,2.463715691392852e-05,0.06620184068487175,4.259118964459801e-05,0.02865987418081898,-3.0893108822311877e-05,0.10685605664087257,0.0006377766048266053,0.15147316480947345
2025-07-25,0.6214790045918325,0.1514666881448528,0.8485333118551472,0.27173256441585486,0.2451391040364908,0.0003980849447351748,0.05628722899454253,3.523711882945931e-05,0.27173256441585486,0.0009782695634389027,0.022347669264460395,-1.733151941261974e-05,0.05338832716823134,6.207407539614242e-05,0.06810044352982678,8.913098391505648e-05,0.02659281046499974,4.663598392892821e-06,0.1049451639807408,0.0005783769161338885,0.1514666881448528
2025-07-28,0.6214790045918342,0.1514608591466942,0.8485391408533062,0.2795593079742694,0.24605287534536474,0.0003552426540801932,0.05065850609508829,-1.2790636114140059e-05,0.2795593079742694,0.000977799719002504,0.020112902338014358,-6.96600113218205e-05,0.053748624070068626,5.982347448046747e-05,0.06782292867725635,5.844190379529157e-05,0.02393352941849977,-4.1467594947912924e-05,0.10665046693474446,0.0006880061353174079,0.1514608591466942
2025-07-29,0.6214790045918334,0.1514556130483514,0.8485443869516487,0.2866033771768424,0.2505998195918664,0.0003301343073117506,0.045592655485579454,-6.796849847157929e-05,0.2866033771768424,0.0009816090843531827,0.01810161210421292,-0.00010587385323277337,0.04995371683687337,1.3422299609460649e-05,0.06171473018533609,4.881804895438917e-06,0.02154017647664979,-1.0264480628311109e-05,0.11443829909428815,0.0008424708306123065,0.1514556130483514
2025-07-30,0.6214790045917795,0.15145089155984512,0.8485491084401551,0.2929430394591582,0.2517833105645873,0.0003191617182398239,0.04103338993702152,-9.178312000859797e-05,0.2929430394591582,0.000976955644064497,0.01629145089379163,-0.0001279407079575578,0.051862986881627555,6.235026053060653e-05,0.05588817068086692,2.6744821040079145e-06,0.019386158828984815,-2.0650226510096863e-05,0.11936060119411711,0.0007905102079141032,0.15145089155984512
2025-07-31,0.6214790018959462,0.15144664232802274,0.8485533576719771,0.29864873551324234,0.24392166000881377,0.00022071773168227016,0.03693005094331936,-9.671716047271074e-05,0.29864873551324234,0.0009635530853899811,0.014662305804412464,-0.00010715313574174333,0.05334278449095194,6.297580496187518e-05,0.053690289396373374,2.7544239825609864e-05,0.02340034791671769,2.734631657200166e-05,0.12395718359814628,0.000835129913456136,0.15144664232802274
2025-08-01,0.45895122725100995,0.15794392900518006,0.8420560709948199,0.2963103902337706,0.2299884084908689,0.0002319751935394056,0.03323704584898742,-0.00024447890735942686,0.2963103902337706,0.0010960892088219504,0.015025139059253059,2.0812298219690272e-05,0.04800850604185675,-0.00014760073558508038,0.048321260456736036,-0.00015924376629497587,0.042217681392598225,0.00016919705416758088,0.12894763947074891,0.0015329075505703719,0.15794392900518006
2025-08-04,0.4589267420421835,0.1637924664229747,0.8362075335770253,0.28996645987990066,0.21707903516215718,0.0002601161269390975,0.02991334126408868,-0.0001334907708118383,0.28996645987990066,0.0010786902587027296,0.02200815676401814,0.00011237911366126633,0.04320765543767107,-9.685489889416596e-05,0.04348913441106243,-7.42187741365371e-05,0.06180676444411354,0.00022277281810401776,0.1287369862140136,0.0013194602598094547,0.1637924664229747
2025-08-05,0.45896056400222973,0.16905479722058805,0.830945202779412,0.28032877345399543,0.20149313096072755,0.00017513126323824178,0.026922007137679813,-0.00014197640174325863,0.28032877345399543,0.0010057603394855571,0.028721464307326455,0.00013151436175703194,0.038886889893903966,-0.00011289633923858666,0.03914022096995619,-9.442089408620005e-05,0.08738545606375286,0.00033019974467768154,0.12806725999206975,0.001425269052354467,0.16905479722058805
2025-08-06,0.6214765728842264,0.1672902545831602,0.8327097454168398,0.2771479977966842,0.18471896920798214,6.95968852537433e-05,0.024229806423911832,-9.63784066555285e-05,0.2771479977966842,0.0009403485901142551,0.0327054285753824,7.350147398326883e-05,0.03849967481793278,5.450437688529252e-05,0.038480454619726545,4.347088924049103e-05,0.11364691045737757,0.00031342915585564837,0.12328050351784237,0.0006763849674099673,0.1672902545831602
2025-08-07,0.6214788454682527,0.16570207530611405,0.8342979246938858,0.27723765743574763,0.17865110520140415,0.00022082936741618333,0.021806825781520645,-0.0001485050868169333,0.27723765743574763,0.0009113695726267499,0.03654583401182929,6.629675130784983e-05,0.03546165588434503,1.1008276984136053e-05,0.03463240915775388,-2.7264550734239034e-05,0.12970962599102295,0.00018027939372852343,0.12025281123026224,0.0006825054221427333,0.16570207530611405
2025-08-08,0.6214789993070784,0.16427270780321956,0.8357272921967804,0.2741656555223764,0.17103870754976833,0.00020719490288246308,0.019626143203368585,-6.530011481142399e-05,0.2741656555223764,0.0009221941866329392,0.041420864085796115,9.021776552706545e-05,0.038700012040416544,0.00010427582963850831,0.036348408826525465,6.831452353824488e-05,0.14003206254045622,0.00017122722249775327,0.11439543842807287,0.0005115929881196912,0.16427270780321956
2025-08-11,0.6214790038186289,0.16298627687015244,0.8370137231298476,0.2817490899701387,0.17164978656078342,0.00024666854871814895,0.017663528883031722,-0.00012326657669975305,0.2817490899701387,0.0009145718767481938,0.0372787776772165,-8.178333033790984e-05,0.038922343755585655,4.3344072924163124e-05,0.03346076163596779,6.792176460422709e-06,0.14059890463479216,7.383119649112726e-05,0.11569053001233154,0.0007297156715601274,0.16298627687015244
2025-08-12,0.6214790038152276,0.1618284890305281,0.8381715109694718,0.2885741809731248,0.1769508290163762,0.00028235658436704433,0.01589717599472855,-9.131187076322225e-05,0.2885741809731248,0.0009143024118067784,0.03355089990949485,-3.311868652044069e-05,0.03916035415870778,3.939648516487711e-05,0.03065376619406646,4.4156688224853004e-06,0.13606103031349157,4.344896980005839e-05,0.1173232744094816,0.0006828307851270028,0.1618284890305281
2025-08-13,0.6214790037143855,0.1607864799788999,0.8392135200211002,0.29471676287581233,0.18487171000161415,0.0003250717672833434,0.014307458395255695,-6.350606619154897e-05,0.29471676287581233,0.0009175458782589164,0.030195809918545365,-4.4283825461973375e-05,0.035244318742837004,-4.419948852637554e-06,0.027588389574659814,-2.301116922876237e-05,0.13381739808114873,5.2378938002940625e-05,0.11847167243122697,0.0006744543686277427,0.1607864799788999
2025-08-14,0.6214790042562169,0.1598486718107612,0.8401513281892388,0.30024508658823107,0.19169350077873049,0.0002607697097231448,0.012876712555730125,-5.252264832565989e-05,0.30024508658823107,0.0009186683327707909,0.02717622892669083,-5.017910765696357e-05,0.035279532636783094,2.77841023697531e-05,0.024866367520210125,2.4705223685755955e-07,0.12472937970768386,1.6066743844706477e-05,0.12328451947517913,0.0007072757561232539,0.1598486718107612
2025-08-15,0.6214790042548768,0.15900464445949006,0.8409953555405101,0.305220577929408,0.19520928794303014,0.00019672385302733837,0.011589041300157114,-2.0482728428855508e-05,0.305220577929408,0.0009277179730809522,0.024458606034021748,-4.228079068916337e-05,0.03602805737211906,2.7835290784071633e-05,0.02402475104544317,9.202671206730297e-06,0.11225644173691549,-1.9159567075930678e-05,0.13220859217941533,0.0007524369047297811,0.15900464445949006
2025-08-18,0.6214790042916695,0.15824501984187428,0.8417549801581259,0.3030962427664039,0.18209964115185254,0.00011305648330869642,0.019463456742514113,8.649740246690165e-05,0.3030962427664039,0.0009265649877813077,0.03015990503609632,7.427746198162401e-05,0.04366208559152026,0.00014856604550401943,0.03440601574767973,0.00014532734372396796,0.10103079756322395,-7.481911740128019e-05,0.12783683555883504,0.0006368684376877379,0.15824501984187428
2025-08-19,0.6214790036836073,0.15756135771034255,0.8424386422896575,0.295120721653574,0.16388967703666726,-9.962054091431152e-05,0.032114662947962495,0.0001660320927574697,0.295120721653574,0.0008681030693634225,0.04813105327622004,0.00022590385226912754,0.039295877032368226,-1.0568052069857253e-05,0.0391058168419403,0.00010995068879156163,0.1006152027815073,7.166293642697654e-05,0.12416563071941786,0.0007790166967110516,0.15756135771034255
2025-08-20,0.6214790032717005,0.15694606180844028,0.8430539381915598,0.2941090111330387,0.15448009429692566,0.00012532990630448082,0.0410130000958726,0.00011725352147011557,0.2941090111330387,0.0009477100573614606,0.06083788976790752,0.0001597391131359572,0.035366289329131405,-0.00010332439298532853,0.035653068315187546,5.266803365168836e-06,0.10016909413889771,6.0207138586751736e-05,0.12142549111459862,0.0007041967451481314,0.15694606180844028
2025-08-21,0.6214790032749129,0.15639229549659975,0.8436077045034004,0.29558100824653744,0.149989355497333,0.00018293299189998474,0.05502770781994894,0.00016304196650928471,0.29558100824653744,0.0009609772149522606,0.059240929782791635,3.8106442488942125e-05,0.03332089416437915,1.858792202020341e-05,0.04159907761484935,0.00010171767668119407,0.09015218472500794,-3.486887635280656e-05,0.11869654665255291,0.000636778697416106,0.15639229549659975
2025-08-22,0.6214790039781805,0.15589390578781254,0.8441060942121874,0.29938286267710523,0.1536077821841756,0.00028731725852664344,0.06113420658737936,9.637309556139882e-05,0.29938286267710523,0.0009608573157563417,0.05996435503380811,5.220387093461466e-05,0.03032441573401083,3.866320085777355e-06,0.042974531692226134,5.4707760031885846e-05,0.08113696625250713,-4.857858563178737e-06,0.11558097405097502,0.0005477949052176509,0.15589390578781254
2025-08-25,0.6214790045067158,0.15544535502876267,0.8445546449712373,0.2964141404360656,0.1462607501055994,0.00015348449575111083,0.07068486632950972,0.00016060904820075698,0.2964141404360656,0.0009913427319214758,0.0633741170347385,9.133138941129134e-05,0.03425760770440508,9.870759778652955e-05,0.05069911522160962,0.0001463494208303095,0.07302326962725642,-1.5444059412261545e-05,0.10984077851205298,0.0004484767177197482,0.15544535502876267
2025-08-26,0.6214790044864991,0.15504165934642644,0.8449583406535737,0.29799247673186907,0.14522232503957005,0.00022049072922683172,0.07555708573973141,0.00010510557231650635,0.29799247673186907,0.0009750565402982041,0.06811555156504191,9.218948837879576e-05,0.032411186335484884,1.914903961762288e-05,0.05313961500037372,7.83629807861716e-05,0.06572094266453078,-2.858304736806217e-05,0.10679915757697181,0.0005247396704314695,0.15504165934642644
2025-08-27,0.6214790044339625,0.1546783332344253,0.8453216667655747,0.2904284216461631,0.13070009253561304,-3.070046440829349e-05,0.09397741856259506,0.0003219875571737075,0.2904284216461631,0.0009815653906613102,0.07169876673562439,0.00012128791614660054,0.033818128651169226,7.920082567980605e-05,0.06361730354125099,0.0002319664037254669,0.05914884839807771,-2.497734070951896e-05,0.10193268669508126,0.0005408548459886084,0.1546783332344253
2025-08-28,0.6214790044341696,0.15435133973361598,0.8456486602663842,0.2810728723417586,0.11763008328205174,-2.8225139378626365e-05,0.11018415724636035,0.00034358298508336535,0.2810728723417586,0.0009338536501203888,0.07787070173610608,0.000168577498887925,0.0335434775999618,5.733104430110542e-05,0.07153425935320559,0.00022713107401814395,0.05704104039352278,3.2264048614265365e-05,0.09677206831341723,0.0005069723493584728,0.15435133973361598
2025-08-29,0.6214790012402209,0.15405704571064555,0.8459429542893546,0.27019686837388235,0.10586707495384656,-9.576457250358314e-05,0.12384977085271409,0.00028251162890396465,0.27019686837388235,0.0006971962251935066,0.09483268929752506,0.0002652244050854258,0.03018912983996562,-6.212698262489848e-05,0.07322739166838213,0.00011955027174493792,0.0513369363541705,-6.469924530727049e-06,0.09644309294886831,0.000800425186219851,0.15405704571064555
2025-09-02,0.62146671069618,0.15379267271173377,0.8462073272882662,0.26465934963861215,0.09528036745846188,-3.6236041296140806e-05,0.1206862516996407,7.092202933936471e-05,0.26465934963861215,0.0005867002868075195,0.12034942036777253,0.00044598704807120523,0.027170216855969053,-0.00016772826443544621,0.06590465250154391,-5.1291325070624336e-05,0.046203242718753444,-4.163730366579417e-05,0.10595382604751252,0.001105917701683461,0.15379267271173377
2025-09-03,0.6214662052966401,0.1535547572286948,0.8464452427713053,0.2625301026281591,0.09149613876649394,7.44511336248945e-05,0.10861762652967663,-4.839451810499408e-05,0.2625301026281591,0.000618748412389393,0.14331447833099528,0.0004634699439732225,0.024453195170372147,-0.00018431776823846934,0.059314187251389525,-0.00010434179659935615,0.043322136329648916,8.230521737592451e-06,0.11339737776456962,0.0010101368010339918,0.1535547572286948
2025-09-04,0.6214662108389275,0.15334063307226822,0.8466593669277318,0.2479583666135312,0.08699198309148731,9.895870959300329e-05,0.10240861036454028,5.679170824946654e-05,0.2479583666135312,0.000488930073861009,0.16398303049789575,0.00046312516400763115,0.022007875653334934,-3.8814992087595883e-05,0.05543430236519917,2.969588274849507e-05,0.05766721050882118,0.00014523853357424933,0.11020798783292195,0.0007511662028634202,0.15334063307226822
2025-09-05,0.6214784869675936,0.15314743028633768,0.8468525697136624,0.2344917990991364,0.08290998696374649,0.0001072331208499454,0.09247767925176362,4.156537947951029e-06,0.2344917990991364,0.0005227703498339205,0.1825847274481062,0.0004709324013132349,0.01980708808800144,-4.0668040483688787e-05,0.04989087212867925,-1.0630015341106686e-05,0.0782598091431554,0.00022551638797275672,0.10643060759107359,0.0007343838749229801,0.15314743028633768
2025-09-08,0.6214789839423546,0.15297352790000973,0.8470264720999904,0.22471838539746042,0.07983143637777222,0.0001282699138904893,0.08403172926910914,1.13749441241287e-05,0.22471838539746042,0.0006683424183475625,0.19862269612207883,0.00046937831122154984,0.018533362441152595,1.3669969918077224e-05,0.04532864946423748,7.162491578874181e-06,0.09480816958532928,0.00022393512142231657,0.10115204344285039,0.0005724976125562335,0.15297352790000973
2025-09-09,0.6214789939017948,0.15281701535393694,0.847182984646063,0.21378973330884446,0.07597115109988886,0.00010149624598036207,0.07769216544726217,2.9614676548485588e-05,0.21378973330884446,0.0005695184508202527,0.21193704371421146,0.00046058722745883013,0.020151812262925062,6.791953272929599e-05,0.04239839541293193,2.7206824267094822e-05,0.10885927243760508,0.00022081120729193474,0.09638341096239389,0.0005765762246043458,0.15281701535393694
2025-09-10,0.6214790043291072,0.15267615364537895,0.8473238463546209,0.2219127994555133,0.07933353005024293,0.00028684715784852967,0.06992294890253595,-5.416658198531924e-05,0.2049633093045013,0.0006531819097752844,0.2219127994555133,0.0004617924142894928,0.020370011529740426,4.576047018377792e-05,0.04077579732293313,4.690483913169742e-05,0.11879833333736187,0.00020820113872336418,0.09124711645179204,0.0005113071670232225,0.15267615364537895
2025-09-11,0.6214790045716562,0.15254937809797486,0.8474506219020252,0.22840286319392325,0.07735871818717609,0.00016665836469952202,0.06596887714624845,5.0156480201432294e-05,0.19333747611554902,0.0005024552834195535,0.22840286319392325,0.0004619875883895295,0.021810861575273052,7.764396119958824e-05,0.04220530720216779,0.00010738932434137114,0.13144160614097805,0.0002668845605092312,0.08692491234070955,0.000594251491519144,0.15254937809797486
2025-09-12,0.6214790045864645,0.15243528010471877,0.8475647198952811,0.2398910557224483,0.07644064180587613,0.00015756699144943027,0.0593719894316236,-7.306011085766973e-05,0.18737076289855717,0.0006255162724595319,0.2398910557224483,0.0004567205937561549,0.023108698095080767,6.408150615826268e-05,0.040436622645853175,3.950874253120189e-05,0.1364280229938938,0.00016299338399806832,0.08451692630194821,0.0006399303176893626,0.15243528010471877
2025-09-15,0.6214790045916584,0.15233259191058057,0.8476674080894195,0.2509019501502035,0.07521320131042923,0.00012770814622476112,0.053434790488461247,-0.00010403155870579014,0.1830027059380126,0.0005866793081349992,0.2509019501502035,0.00046134324971002953,0.02624650299263979,8.687339853073376e-05,0.038616164366820825,3.105259140683026e-05,0.13552304037148377,9.933828773677849e-05,0.08472905247136858,0.0007674976253944253,0.15233259191058057
2025-09-16,0.62147900459085,0.1522401725358885,0.8477598274641116,0.2608117551351831,0.07680635932792235,0.00018212312300564199,0.04809131143961512,-0.00017552401594128706,0.17657055774498132,0.0004914361204270922,0.2608117551351831,0.0004620589152346225,0.024616999600497028,1.598001687375268e-05,0.03475454793013874,-3.2319562842535376e-05,0.1395602635392518,0.00013880533913264635,0.08654803274652209,0.0009197937252082883,0.1522401725358885
2025-09-17,0.6214790045906333,0.15215699509867434,0.8478430049013257,0.2697305796216648,0.07690037853971071,0.00015139349569254782,0.04328218029565361,-0.00010259034437760546,0.17078210027671992,0.00047955696991920627,0.2697305796216648,0.0004627024021740208,0.022155299640447327,-1.2582150891350815e-06,0.03127909313712487,-3.3174877407288444e-05,0.14533553790543768,0.0001517707968964107,0.0883778354845668,0.0009135446697448889,0.15215699509867434
2025-09-18,0.6214790045907046,0.15208213540517873,0.8479178645948213,0.2706045927148065,0.09050569597306676,0.0005719562449239166,0.03895396226608825,-0.0001955204673277995,0.165572817117891,0.0006635271615248765,0.2706045927148065,0.0004385324828096743,0.035697426607963906,0.0003398748403487243,0.03186608865932479,7.031154796054282e-05,0.1308019841148939,-1.6185517976769697e-05,0.08391529714078617,0.0005269993657497967,0.15208213540517873
2025-09-19,0.6214790045915983,0.1520147616809969,0.8479852383190031,0.2761059441251276,0.0946955017323231,0.00031562788244788616,0.03505856603947942,-3.7060607633530224e-05,0.15736517329309588,0.00041993361967811686,0.2761059441251276,0.0004646382939007955,0.04861189951756861,0.00032160800326186455,0.036940234134689935,0.0001413843238339792,0.11834957372988816,6.0792669499869745e-06,0.08085834574683026,0.0005800161844435551,0.1520147616809969
2025-09-22,0.6214790045918258,0.1519541253292242,0.8480458746707759,0.27597845486778316,0.0869746029468933,4.4681584275867625e-05,0.03695770786417936,8.505464071048418e-05,0.14799033317604654,0.0003452485237410766,0.27597845486778316,0.00042472798136747504,0.05962933484219431,0.0003348522052246506,0.04583849205773294,0.00023294078540686295,0.11666945923885173,0.0001063162171786037,0.07800748967709452,0.0006153406843276334,0.1519541253292242
2025-09-23,0.6214790045915766,0.15189955261263868,0.848100447387361,0.28041013631002343,0.07839366737884654,2.75564083738653e-06,0.03806906219334936,6.961994347075989e-05,0.13752707456398994,0.00021823147723658146,0.28041013631002343,0.0004572967888705222,0.06614702569540763,0.00024227127426611629,0.05024366068648995,0.000153062201721242,0.11945153104984485,0.00013904833249688215,0.07785828950940944,0.0008280050640543599,0.15189955261263868
2025-09-24,0.6214790045913928,0.15185043716771912,0.8481495628322808,0.28736912267902115,0.07550444765865892,9.462208444415698e-05,0.03426215597401443,-2.867536950546657e-05,0.12955161102491455,0.00023502321180148803,0.28736912267902115,0.00045580462376600383,0.07256662264240606,0.00020380816552974351,0.051580309425394544,8.72932414853672e-05,0.11678660331613436,7.202563396751149e-05,0.08052869011173693,0.0009122047965378679,0.15185043716771912
2025-09-25,0.6214790045905871,0.15180623326732373,0.8481937667326764,0.2936322104111191,0.06795400289279303,-9.610527241295881e-06,0.03608288979969188,6.539169558499676e-05,0.11932951062027755,0.0001186437752999303,0.2936322104111191,0.0004350279380670951,0.07645877337215162,0.00018606662278639345,0.055307924204682876,0.0001301752990274592,0.1160616658619402,9.080565955111996e-05,0.08336678957002015,0.0010141803474102836,0.15180623326732373
2025-09-26,0.6214790045908221,0.15176644975695847,0.8482335502430415,0.29826734740785493,0.06366086871012962,5.683663862550187e-05,0.03968470618477287,9.858194179391476e-05,0.11298586019462874,0.00026862976242733995,0.29826734740785493,0.0004608035315369831,0.07941117614262684,0.00019306650647485867,0.05933234175508838,0.00015319571094917273,0.11259260392903797,7.381990599444814e-05,0.08229864591890215,0.0007415216297736796,0.15176644975695847
2025-09-29,0.6214790045917864,0.1517306445975912,0.848269355402409,0.30344061266706945,0.07041888609235282,0.00019603839951349514,0.03571623556629559,-2.557606492943224e-05,0.11554531565386854,0.00043904033341655703,0.30344061266706945,0.00046140062864466274,0.07874458172770286,8.70737518822295e-05,0.05755839892881731,4.385041654802941e-05,0.10133334353613418,-2.6230769218500946e-05,0.08551198123016815,0.0007702876789206362,0.1517306445975912
2025-09-30,0.6214790045917569,0.15169841995416178,0.8483015800458381,0.30809655140036246,0.07257562068421451,0.00019507126410780543,0.03764792062314733,7.025781248644515e-05,0.1137951879557594,0.00044144224205503835,0.30809655140036246,0.0004690701411283874,0.08097376318826595,0.00017116524021354698,0.05980748369045841,0.00011977782912939042,0.09120000918252076,-7.224620126518757e-05,0.08420504332110935,0.0006912441091947455,0.15169841995416178
2025-10-01,0.6214790045916929,0.15166941777507792,0.8483305822249222,0.31228689626032624,0.0809817454637642,0.00030009387392918924,0.0338831285608326,-7.215095977256654e-05,0.11397209870317344,0.0004704960629751188,0.31228689626032624,0.00046597442601914137,0.08202834999678656,0.00014001966193991284,0.05720722414454531,4.5665464624926394e-05,0.0820800082642687,-0.0001875300018225464,0.08589113083122515,0.0008707052847806223,0.15166941777507792
2025-10-02,0.6214790045915595,0.15164331581390775,0.8483566841860923,0.3160582066342936,0.08779426098859124,0.0003224465656292588,0.03246969709134452,2.5511958479753723e-05,0.1112301947754353,0.00039598394221919273,0.3160582066342936,0.000468418666414004,0.08407614052215553,0.00017603281898644844,0.05627376982555137,7.261994222821197e-05,0.07387200743784184,-0.00018511253719339504,0.08658240691087898,0.0008975491111161293,0.15164331581390775
2025-10-03,0.6214790045914768,0.15161982404885788,0.8483801759511421,0.31945238597086417,0.09886442651928166,0.00034451705651167546,0.03205608465582517,2.9625356795998727e-05,0.11131846193798758,0.00041225377443087144,0.31945238597086417,0.00046321690523060816,0.0790230463383566,4.663839405058604e-05,0.05134493342999805,8.578084410691082e-06,0.06648480669405764,-0.0002152530034361703,0.08983603040477117,0.0009330792891740696,0.15161982404885788
2025-10-06,0.6214790045915138,0.15159868146031155,0.8484013185396885,0.3223080759383237,0.1085254500279929,0.0003763980105712565,0.032072353707273425,3.5733433490808345e-05,0.1150386883447272,0.0006054272890193665,0.3223080759383237,0.00040365322760078416,0.07550418614165798,6.450237801420143e-05,0.04843803240997278,2.8834609101374246e-05,0.05983632602465187,-0.00021964881902873917,0.08667820594508853,0.00046868139416554036,0.15159868146031155
2025-10-07,0.6214790045892882,0.15157965313070887,0.848420346869291,0.32507726834449135,0.11415207124953332,0.00023584885504926746,0.0322352363504898,2.526614595942072e-05,0.11692394304291073,0.00040631156051302143,0.32507726834449135,0.0003567964830639236,0.07323469676624522,5.3797143723423516e-05,0.04798644931708111,3.894551179642862e-05,0.05385269342218669,-7.991455112571907e-05,0.08495798837635289,0.00035304786670497406,0.15157965313070887
2025-10-08,0.6214790045891889,0.15156252763407044,0.8484374723659295,0.3275695415100422,0.12020871192923611,0.0002703984533808681,0.03043749108491579,1.143376636328692e-05,0.11876464108541981,0.00044364539097695285,0.3275695415100422,0.000354385059933253,0.07355370519602716,8.37002728153331e-05,0.04877921530562405,5.326107889030396e-05,0.04846742407996802,-3.5943905944388306e-05,0.0806567421746964,0.0002291459542715754,0.15156252763407044
2025-10-09,0.6214790042902846,0.15154711469905202,0.848452885300948,0.32981258735903796,0.12497833716574926,0.000260850871316004,0.02739374197642421,-1.1468744292724042e-05,0.11823687545571934,0.00037574965891159806,0.32981258735903796,0.00035359059213417327,0.07615583457424001,0.00011022073015147702,0.05043828032121021,6.288286963121898e-05,0.043620681671971216,-1.7333515841829428e-05,0.07781654677659575,0.0002879548386353167,0.15154711469905202
2025-10-10,0.45895053364930294,0.15803438188317473,0.8419656181168254,0.32481687758412314,0.12471175210909222,0.0002256202332399719,0.024654367778781792,-7.56833852501541e-05,0.11838594951730798,0.00048565163833118015,0.32481687758412314,0.00031948624842459314,0.06854025111681601,-5.710763701237985e-05,0.04539445228908919,-6.529513777831087e-05,0.05247879425821298,9.511857214711558e-05,0.082983173463402,0.0008127376976508423,0.15803438188317473
2025-10-13,0.6214789550123448,0.15737178549436345,0.8426282145056365,0.3273351898257108,0.12009746197549451,0.00011087698874589992,0.022188931000903613,-0.00010678230903992684,0.1162376054212487,0.000294067235919519,0.3273351898257108,0.0003635965839396616,0.06168622600513441,-8.117494238138771e-05,0.040855007060180276,-9.667597429339635e-05,0.06560711768252897,9.368155323120111e-05,0.0886206755344353,0.0006770122710113607,0.15737178549436345
2025-10-14,0.6214789550079209,0.15677544874461027,0.8432245512553898,0.3296016708431397,0.11234353302161225,5.998777564212036e-05,0.019970037900813253,-9.062027424707817e-05,0.11303955393137755,0.0002605059008537245,0.3296016708431397,0.00036251293452105044,0.05551760340462097,-0.00010285297432007568,0.03676950635416225,-0.00010232855885022865,0.0811142385243046,0.00011450836694685891,0.09486840727535917,0.0007536252729954681,0.15677544874461027
2025-10-15,0.6214789534384105,0.15623874573261284,0.8437612542673871,0.3316415037588257,0.10887787672781445,9.299837014044185e-05,0.01797303411073193,-6.0266909163596284e-05,0.11501517624319992,0.00034829960138093343,0.3316415037588257,0.0003500372579481497,0.04996584306415887,-5.3802046100086284e-05,0.033092555718746024,-5.7539025245579775e-05,0.08831732289953483,6.706638682826309e-05,0.09887794174437546,0.0005595151431486262,0.15623874573261284
2025-10-16,0.6214790030179012,0.15575571103863553,0.8442442889613646,0.33347735338294315,0.10161436950590483,4.919974255948207e-05,0.01617573069965874,-0.00012127284974671962,0.11288036862067438,0.0002780920061702188,0.33347735338294315,0.00033878606098520326,0.04496925875774299,-0.00010447227588735461,0.029783300146871427,-0.00011610697244288422,0.10068891005567623,0.00010490644103444555,0.10465499779189284,0.0007334938342975755,0.15575571103863553
2025-10-17,0.621479002756179,0.1553209798245248,0.844679020175475,0.33512961804464875,0.09358220087229663,3.059653647519733e-05,0.014558157629692862,-5.979420334132489e-05,0.10900541197749876,0.000231895594353698,0.33512961804464875,0.0003704895224574377,0.040472332881968685,-3.7257855745204406e-05,0.02680497013218428,-5.374957361217019e-05,0.11719545406925592,0.00013857752170811545,0.10793087456792924,0.0007017737498537385,0.1553209798245248
2025-10-20,0.621477977123223,0.15492976275714346,0.8450702372428567,0.3366166562401839,0.09056858755401657,9.520048158356256e-05,0.013102341866723578,-5.009378692106165e-05,0.10721545110762534,0.0002972734596101067,0.3366166562401839,0.0004019859514959761,0.036425099593771826,-2.542668969077725e-05,0.024124473118965855,-4.817588369018247e-05,0.12810650795254833,0.00012219582179048472,0.10891111980902128,0.000638077691264115,0.15492976275714346
2025-10-21,0.6214735604410979,0.1545778440637852,0.8454221559362147,0.33270559329716287,0.0815117287986149,-2.912835199735082e-05,0.015986843645729835,3.2867264827879504e-05,0.09966079283944988,0.0001429798576455582,0.33270559329716287,0.0003722379909630168,0.03597647806763205,3.1296740906363896e-05,0.02211425644013108,3.2056506346639476e-06,0.15029585715729346,0.00030347409964238763,0.10717060569020066,0.0006834865862781072,0.1545778440637852
2025-10-22,0.6214735185848361,0.15426111891401323,0.8457388810859867,0.33376201166929265,0.07336055591875341,-2.904097998524544e-05,0.014388159281156852,-1.2088080904825852e-05,0.09278451401290522,0.00010998649512845762,0.33376201166929265,0.0003830502936349124,0.032378830260868845,-2.0862835582528927e-05,0.019902830796117973,-2.4439134385154783e-05,0.17026627144156412,0.00030260228713274083,0.10889570770532764,0.0007443162806278238,0.15426111891401323
2025-10-23,0.6214436033585269,0.15397726288827085,0.8460227371117292,0.3302039171893697,0.06602450032687808,-1.7886785602204002e-06,0.013619210720649833,5.023397248712138e-06,0.08606492353851959,0.00011325051969433809,0.3302039171893697,0.00040741084543721544,0.033938225306013335,4.537522682618272e-05,0.02085085654589426,2.2328729000039697e-05,0.18823964429740772,0.00026728963286790883,0.10708145918699663,0.0006732009588973756,0.15397726288827085
2025-10-24,0.6213001809946541,0.1537275293596576,0.8462724706403424,0.32384232737939517,0.05942205029419027,-9.153106732196213e-06,0.017168424545001365,4.177585709892251e-05,0.08002647649189218,0.00013010489043082605,0.32384232737939517,0.0004157283888370027,0.03793765208907802,7.764675560753416e-05,0.02416109273505802,4.571611851986161e-05,0.20024338577563566,0.0002551239676940521,0.10347106133009178,0.000603138275663714,0.1537275293596576
2025-10-27,0.5686355708200346,0.15560935359089045,0.8443906464091095,0.30767829784147577,0.05508032414471377,4.361929908960473e-05,0.021751536509137904,6.426410945040395e-05,0.07588000010094695,0.00023289916697469138,0.30767829784147577,0.0003004740024998342,0.04520805036934143,0.00013840137664374806,0.029892653145775404,8.233518765150905e-05,0.20980335673234027,0.00029058934786432524,0.09909642756537813,0.0006043179018755565,0.15560935359089045
2025-10-28,0.5204034203723323,0.1592322814169081,0.8407677185830918,0.28899366219539435,0.05277415889181073,7.674139836301186e-05,0.02569862709843973,5.5112426428483585e-05,0.07341612652825297,0.00027271407783998014,0.28899366219539435,0.0002003803959032505,0.05126897468175455,0.00011798254700918575,0.03289082983351487,5.370431255587123e-05,0.21759632837163556,0.0002484113857367493,0.09812901098228909,0.000797601473360719,0.1592322814169081
2025-10-29,0.41509222388713024,0.16670536431973212,0.8332946356802681,0.2742517101215339,0.05315333015663057,0.00011719503265240539,0.026241315025700224,2.415287280934005e-05,0.07561450660896961,0.00044003041816482276,0.2742517101215339,0.00020260143155325844,0.05504378696231845,8.57915562007265e-05,0.033310767530735946,2.8698324116321762e-05,0.21370302711859612,0.00013260577604779774,0.10197619215578323,0.0010528103114977412,0.16670536431973212
2025-10-30,0.4768911605356779,0.17095918146633177,0.8290408185336682,0.26061802728830313,0.05123197236502542,9.533635013664514e-05,0.03756126618032241,0.00014573679937616968,0.07393470123474113,0.00036562335978509346,0.26061802728830313,0.0002653676023804257,0.06388642007536645,0.00018612071629630595,0.04185359215133603,0.00012367367930793668,0.20043020709617143,8.116173917244973e-05,0.09952463214240216,0.0008039433167150601,0.17095918146633177
2025-10-31,0.5796730685744145,0.170676340576722,0.829323659423278,0.24710279121459194,0.04763923383356276,4.171994203607614e-05,0.05201827253155272,0.00018562240887561032,0.07020481825357473,0.00022202318352658484,0.24710279121459194,0.0002341697683226523,0.07685221442211944,0.0002468542466780047,0.054207930212605435,0.0001694901022593067,0.18555584967298422,5.0493570843867055e-05,0.09574254928228673,0.0006237293191721906,0.170676340576722
2025-11-03,0.6214790045894236,0.16874954633547287,0.8312504536645271,0.23738925211268128,0.04536192180349206,6.040381170059015e-05,0.06103449173626522,0.00012740891867660365,0.06543319952059545,0.00012130756184485414,0.23738925211268128,0.0002494076164845005,0.08748629337942666,0.00020637292067138786,0.06567914794503044,0.0001520342278910538,0.17623738479278084,7.95478545363527e-05,0.09262876237425521,0.0005789132087197492,0.16874954633547287
2025-11-04,0.6214789309226458,0.16701543446501974,0.8329845655349803,0.22339451157955453,0.04317242371886834,5.110533148424849e-05,0.07135709285599096,0.0001303923253397545,0.061800739550145284,0.00014086779137316804,0.22339451157955453,0.0001406663849714584,0.09268668453143424,0.00013854192021486042,0.07375985825285108,0.00011608761268440702,0.17461203646299964,0.00012153082313554042,0.09220121858313624,0.000699168761627606,0.16701543446501974
2025-11-05,0.6214789306353015,0.1654547337931057,0.8345452662068944,0.21189790865824104,0.04241576366591705,9.894953038237865e-05,0.08502911156921537,0.00020615585173245442,0.058259105249487575,0.0001629586215829965,0.21189790865824104,0.00019488209143907794,0.0990864611155957,0.00019897617977301184,0.08441747789948198,0.00018058157005267469,0.1651337957913335,7.610712678002652e-05,0.08830564225762216,0.0005327964652284988,0.1654547337931057
2025-11-06,0.6214735760484231,0.1640503173718582,0.8359496826281416,0.20070116689456416,0.042046862133435316,8.459251701314411e-05,0.09648500396520227,0.00015434065565837665,0.055854850332693565,0.0001656637606490963,0.20070116689456416,0.0001398693302503996,0.10091612208292615,0.00011662245594075379,0.09056191935938979,0.00011415188935895201,0.16149484406918907,9.685960869790732e-05,0.08788891379074139,0.0006583339009317524,0.1640503173718582
2025-11-07,0.6214722356535864,0.16278639620852892,0.837213603791471,0.19258735973751812,0.04150346955557044,7.4147478172896e-05,0.10837924746166339,0.0001610993284061801,0.052105850379870866,7.739777273878061e-05,0.19258735973751812,0.00015944110274609835,0.10111261167483904,0.00010009626950841095,0.09691950867182011,0.00011724129018367751,0.1569087278700459,8.337123044808173e-05,0.08769682844014315,0.0006500793944260273,0.16278639620852892
2025-11-10,0.6041202730675764,0.16234294566497298,0.837657054335027,0.19670522469533652,0.040838338075909586,8.475919029148963e-05,0.11314375909208788,0.00013916516821815041,0.048893379688862544,9.997803069360041e-05,0.19670522469533652,0.0003723370760773939,0.1051930399815992,0.00016510905339178186,0.10606276902550722,0.00017107381449202184,0.1412178550830413,-5.296825885009716e-05,0.08560268869268271,0.0006030063249865503,0.16234294566497298
2025-11-11,0.6041405361987099,0.1619430296505273,0.8380569703494727,0.19349234369883522,0.03916370250345501,6.759338956166465e-05,0.1255244719167529,0.00022970386954780775,0.04609528625812819,0.00012063601675562551,0.19349234369883522,0.0003004148713072263,0.10821156010795062,0.0001720512045758562,0.11359059966938517,0.0001779734620393523,0.13042863001947064,3.2846347603837536e-05,0.08155037617549495,0.0004622331748991961,0.1619430296505273
2025-11-12,0.6214787305378242,0.1608895774639616,0.8391104225360384,0.19347550232636557,0.03524733225310951,-1.550709985930702e-05,0.13817681664177928,0.00021873086105383445,0.04314361086618145,8.441951918838821e-05,0.19347550232636557,0.0003142161441565308,0.1082772697950549,0.0001221326918803177,0.11738605858487204,0.0001321234248533965,0.12404234078544411,5.839674177459466e-05,0.07936149128323154,0.000544849446366686,0.1608895774639616
2025-11-13,0.4589899548177125,0.16644102152485696,0.8335589784751432,0.20363294163188955,0.039485828873338166,0.00011670663274955352,0.1279471319681557,1.865112406063644e-05,0.04869798948017247,0.0002998909328201548,0.20363294163188955,0.00028423917476714383,0.09744954281554942,-1.261657787786954e-05,0.10564745272638484,-8.804076916134146e-06,0.12146684260475886,5.1321567829121205e-05,0.08923124837489413,0.0009719086103932642,0.16644102152485696
2025-11-14,0.45887117615822304,0.17144207232604236,0.8285579276739578,0.21037030785155394,0.04171355188597522,9.503308501234353e-05,0.11771256302707783,1.3905356312316738e-05,0.05343362104831693,0.00029950580078715223,0.21037030785155394,0.00026580702572679457,0.0882945736329812,4.133781892531999e-06,0.09612387048419554,5.680756528003783e-06,0.12386541259964144,7.755642659915146e-05,0.09704402714421566,0.0009448660871090872,0.17144207232604236
2025-11-17,0.6214786079796243,0.16943872077425312,0.8305612792257469,0.22418884178771115,0.03754219669737769,-1.4038141342447556e-05,0.10594130672437002,-2.1781731579898556e-05,0.05264280235749284,0.00011412110105049616,0.22418884178771115,0.0002751814690668585,0.07946511626968307,-4.1286536241453284e-05,0.08651148343577598,-3.312354910399902e-05,0.13831570523653758,0.0001149155781893758,0.10595382671679847,0.0008407627862200169,0.16943872077425312
2025-11-18,0.6214787105616376,0.1676357002743623,0.8323642997256377,0.23389372594029811,0.034839855771210675,1.3403531434897872e-05,0.09534717605193302,-5.626397727899721e-05,0.053875026418686155,0.00016355667877036585,0.23389372594029811,0.0002548971564581164,0.07151860464271477,-7.503870251989338e-05,0.07786033509219839,-6.273322879015092e-05,0.15122276904939994,0.00011483126094789343,0.11380680675919659,0.0008447241379084845,0.1676357002743623
2025-11-19,0.6214790045916347,0.16601297006326068,0.8339870299367393,0.24253842238201456,0.03185280826425928,6.389571009769263e-06,0.08581245844673972,-5.7386682593870386e-05,0.05438736151462342,0.00015035637627607476,0.24253842238201456,0.0002549651011754942,0.06436674417844329,-6.408923454793029e-05,0.07007430158297856,-5.0195091962315966e-05,0.16363423205893585,0.00011876913018855513,0.1213207015087446,0.0008797733765380135,0.16601297006326068
2025-11-20,0.6214790045918284,0.1645525128732615,0.8354474871267386,0.2476484203324805,0.02873276113281377,9.035875035347956e-07,0.07723121260206575,-5.253676022514534e-05,0.05462327255152556,0.0001571889177953788,0.2476484203324805,0.00025327601731485206,0.057930069760598966,-7.710881964818565e-05,0.0630668714246807,-5.974220479453826e-05,0.1802021845047268,0.00014991915306678875,0.1260126948178465,0.0008367277820339545,0.1645525128732615
2025-11-21,0.6214790045918279,0.16323810140226225,0.8367618985977379,0.25379249759236844,0.025859485019532395,-4.802402171144148e-05,0.06950809134185917,-2.2563082962886175e-05,0.052750168903581224,0.0001068916119508238,0.25379249759236844,0.0002845202956692449,0.05213706278453907,-6.733112771816526e-05,0.05676018428221263,-3.546783294447497e-05,0.19718196605425414,0.00018484347182800822,0.1287724426193908,0.0008248525684150311,0.16323810140226225
2025-11-24,0.6214650647338114,0.16205568867268355,0.8379443113273164,0.2626040632816529,0.02327353651757915,-6.164834097954305e-05,0.06372958033167966,7.5265327913041195e-06,0.05167348286584681,0.00015613151300302455,0.2626040632816529,0.0003909389577675506,0.04692335650608515,-1.0271179006769855e-05,0.05368377034223376,1.692939309007041e-05,0.21018867222653756,0.00019999834385763427,0.12586784925570138,0.000674440439146145,0.16205568867268355
2025-11-25,0.5982613743766778,0.1619196648303481,0.8380803351696519,0.26169334404268496,0.020946182865821235,-5.8176537117410505e-05,0.0637104280370879,4.939232648550691e-05,0.05025730394338101,0.0001736950661387612,0.26169334404268496,0.00035819665292891116,0.04292722191058392,7.393198896780322e-06,0.05415984647431054,4.6439237265590456e-05,0.2233724737483349,0.00025568043465834316,0.12101353414744742,0.0006453412854786319,0.1619196648303481
2025-11-26,0.435769761336645,0.1682969078938475,0.8317030921061526,0.25639278840438784,0.023655634622598815,0.00013724413007205362,0.06358934218820392,6.007855396988712e-05,0.05281734496240523,0.00042900836163452423,0.25639278840438784,0.0003600933027265932,0.04212088469186804,4.520646746882197e-05,0.055690965719147945,6.755043117676076e-05,0.22082160704457618,0.00018033114631155173,0.11661452447296458,0.0007908207877178214,0.1682969078938475
2025-11-28,0.6214048495441894,0.16661102312269518,0.8333889768773048,0.25115782774592493,0.021290071160338934,-1.2288062500564757e-05,0.07212587827862613,0.00015823810396179067,0.050227632899632585,0.00016793475859999763,0.25115782774592493,0.0003882954398927698,0.04768323136677554,0.00014006329861720668,0.06497095767170824,0.00015948144429418619,0.21736397608040597,0.00018602872847466568,0.10856940167389252,0.00041099443701096163,0.16661102312269518
2025-12-01,0.621473509921022,0.16509098041358478,0.8349090195864153,0.25179193329825433,0.01916106404430504,-3.748674508883225e-05,0.07495004730895052,7.184923197793588e-05,0.04758015344708369,9.929223897473286e-05,0.25179193329825433,0.0003298506889194904,0.05166539751642773,8.446214741851216e-05,0.07098438372270528,9.045078984368814e-05,0.21272633631642088,0.00011515297410230583,0.10604970393226783,0.00063786238493969,0.16509098041358478
2025-12-02,0.6214696691854201,0.16372309560480947,0.8362769043951904,0.2495708803389692,0.017244957639874534,-1.4934862678579183e-05,0.07788705597797246,9.304121435518956e-05,0.0448746011293212,0.0001069993497449874,0.2495708803389692,0.00035809594325808373,0.0629357658878367,0.00019613774510992622,0.08108389099350792,0.00015402957285565817,0.20179853348161444,8.679367490342695e-05,0.10088121894609392,0.0005156482298882401,0.16372309560480947
2025-12-03,0.6214703117562809,0.16249197357407733,0.8375080264259227,0.23879766786978165,0.016776404761730188,4.423404252749025e-05,0.08717952703312881,0.0001928262040982552,0.045357510520509174,0.00033229807738867183,0.23879766786978165,0.0002799113108975167,0.07184187481802268,0.00022976571246915287,0.09157271647579913,0.00021064664682951518,0.1928563472853834,0.0001193803008165495,0.09312597766156769,0.0002803273038057155,0.16249197357407733
2025-12-04,0.6214751224662214,0.16138377131802073,0.8386162286819793,0.23408192412150677,0.01797179275215816,9.210525184588983e-05,0.09548346414702011,0.0001746293870673543,0.04664859986957265,0.0003561188584515268,0.23408192412150677,0.00034221660833796703,0.07700217032134853,0.0001689100812420346,0.09877182434350111,0.00016775055219375192,0.18232597819555443,8.224528121399683e-05,0.08633047493131754,0.0002740002703026336,0.16138377131802073
2025-12-05,0.6214789918468363,0.1603862345123452,0.8396137654876549,0.22790004439967862,0.016750230598785117,2.1054688814198935e-05,0.10516536929082097,0.00022615860127123298,0.045495460443900654,0.00024323362502625122,0.22790004439967862,0.00035242577571664843,0.08365174506206424,0.00022445509769641046,0.10714848965158465,0.0002141107084981182,0.17351558761765917,0.00010186807443949844,0.07998683842316144,0.00028548500981876286,0.1603862345123452
2025-12-08,0.621479003525202,0.1594884509201026,0.8405115490798974,0.22125144061183716,0.015075207538906605,-2.099891442253676e-05,0.11654913722713645,0.00026206622814337516,0.0435902244962342,0.00018799008458578225,0.22125144061183716,0.0003364004106523256,0.08966144365045768,0.00022976783877903635,0.11628409961940657,0.00023699797276399972,0.16294695261546902,7.406596459236389e-05,0.07515304332044977,0.00040202227151440973,0.1594884509201026
2025-12-09,0.621479004568926,0.15868044564533532,0.8413195543546648,0.2160513189735203,0.016125829979331388,8.00598932527081e-05,0.12501537138241983,0.00020513267225818192,0.04636245254695731,0.0004267381251918289,0.2160513189735203,0.00030004458805041084,0.0951984911132408,0.000197221661412691,0.1230642676830222,0.00018715576449314492,0.14916673528853683,2.337901754138298e-05,0.07033508738763611,0.0002926075626201171,0.15868044564533532
2025-12-10,0.6214790045910865,0.15795324089715834,0.8420467591028418,0.20806635795051273,0.02119258646209359,0.00017553859402334523,0.12957763924590057,0.00014548159764925976,0.05133969985993373,0.00048218604932783246,0.20806635795051273,0.0002016841022088521,0.09933878235093263,0.00015492170546061007,0.128634753953903,0.00015155891752855835,0.13736173471970084,2.4106731201563266e-05,0.0665352045598647,0.00029293270470172404,0.15795324089715834
2025-12-11,0.62147900459157,0.1572987566237797,0.8427012433762202,0.20372048963360181,0.027804106333397645,0.00021559862432187976,0.1348755226466246,0.0001474619880004222,0.055383367843885575,0.0004327793535862443,0.20372048963360181,0.0002292240878045621,0.09976526721877915,0.00011044228699686986,0.1312255751061926,0.0001233937592691433,0.12654296365949133,2.127001656340671e-05,0.06338395093424752,0.00029946857913474006,0.1572987566237797
2025-12-12,0.6214790045918334,0.1567097207777284,0.8432902792222716,0.20776212871064265,0.030504932948392308,0.00015205668832107223,0.14683928596825924,0.00023488530175516233,0.056426837932600234,0.00034911957619851675,0.20776212871064265,0.00038320455138554166,0.09459813920406636,5.78939730582335e-05,0.1325218544565652,0.00012980818915508187,0.1138886672935422,-1.1101164532637898e-05,0.06074843270820339,0.00035766614481891703,0.1567097207777284
2025-12-15,0.6214790045908885,0.15617958851632,0.8438204114836798,0.20987779298025833,0.031403145388582056,0.00011444942546112361,0.15755844395606053,0.00023753627556229962,0.055703520478306096,0.0002724696990953337,0.20987779298025833,0.00037268706147768017,0.09201046447800451,8.698066008467018e-05,0.13412117035290846,0.00013899062470378428,0.10483239138478419,1.9693559270557812e-05,0.05831348246477564,0.00036028480735824693,0.15617958851632
2025-12-16,0.6214790044995522,0.15570246948470592,0.8442975305152942,0.21796829456577196,0.031950449703865645,8.333432634482975e-05,0.16487600933962002,0.0001673943530197653,0.05616745133070296,0.00026095782076122063,0.21796829456577196,0.00036607985277383446,0.08859946589522316,5.6761647902145624e-05,0.13155374317203056,7.86284463211082e-05,0.09469293344351179,2.235408863812715e-06,0.058489183064568025,0.0004615504574844409,0.15570246948470592
2025-12-17,0.6214789337139366,0.15527306518767786,0.8447269348123221,0.22915225368849731,0.032045661244366676,6.469108793479472e-05,0.16913554470029996,0.00013076610634121726,0.05630871149100364,0.00021652703863661831,0.22915225368849731,0.000361166477978113,0.08041710469687334,5.745703439746532e-06,0.12430063829813967,3.6974153354468734e-05,0.0922485959823015,3.9250810843629495e-05,0.06111842471084013,0.0005593370744593176,0.15527306518767786
2025-12-18,0.621478930114705,0.1548866014643219,0.8451133985356782,0.23506436916034132,0.030572439202529163,3.8621483178075914e-05,0.17114676465612574,0.00013535016614895422,0.054993543751012015,0.0001845487667664891,0.23506436916034132,0.0003572192842076357,0.07649874692282972,4.0293600446585026e-05,0.11955329385971698,5.5152060018004025e-05,0.09500917936061605,7.579855384634114e-05,0.06227506162250724,0.0005427970266403982,0.1548866014643219
2025-12-19,0.6214789301141994,0.1545387841133217,0.8454612158866783,0.23586598667372927,0.032595817301853604,0.00013439761968059213,0.17132490802552383,0.0001467660307456085,0.055630219370612626,0.0003098990656730503,0.23586598667372927,0.0003575525174688612,0.07753595660960735,0.00010143348290214925,0.12002832696469014,0.00010617386017076112,0.09323856512333166,5.811276600808706e-05,0.05924143581732976,0.0002833584319896777,0.1545387841133217
2025-12-22,0.6214790044973251,0.15422574552209656,0.8457742544779036,0.2366999207084171,0.03429342336912936,0.0001276030235924458,0.17218009144898694,0.000149310943230482,0.057122866250390744,0.00034638956929462854,0.2366999207084171,0.0003532232472574573,0.07673648281288008,8.005275350762164e-05,0.12128655808025987,0.00011125469696583885,0.0911741192164922,5.371024471572918e-05,0.05628079259134726,0.00026097246840239526,0.15422574552209656
2025-12-23,0.621479004569349,0.15394401078711292,0.8460559892128872,0.2383929452626005,0.03561502224260375,0.00011436971516855348,0.16970712032337254,0.00011348038472431087,0.057869957835279144,0.000296599377371088,0.2383929452626005,0.00034434629100995397,0.07646384953673495,7.904459144698409e-05,0.12236906686986035,0.00010305697825866241,0.09110063107938579,6.231059094738841e-05,0.05453739606305015,0.00031735551406950134,0.15394401078711292
2025-12-24,0.6214790045656984,0.1536904495257737,0.8463095504742264,0.23719384017738032,0.03644604839137518,0.00011769066978292515,0.16897560148485707,0.00013915517914536263,0.057518065272110584,0.00027815244610108667,0.23719384017738032,0.0003436674626710449,0.076071381870499,8.63756443260638e-05,0.123364339307073,0.00011514638504769567,0.09447479222148435,9.585995043570844e-05,0.052265481749446924,0.000289276396664318,0.1536904495257737
2025-12-26,0.6214790045593007,0.1534622443908243,0.8465377556091758,0.24044485801913634,0.0388947282890575,0.00013753692196043248,0.1655197532290363,9.659463409913318e-05,0.05844489721177709,0.00028789725761885427,0.24044485801913634,0.00034511456548687753,0.0733274991565115,4.863181267736372e-05,0.12141372600499192,7.586241299860602e-05,0.09707985662362624,7.80405084740754e-05,0.051412437075038765,0.000335258889656834,0.1534622443908243
2025-12-29,0.6214790045606435,0.15325685976931613,0.846743140230684,0.23007978778340715,0.036534705428565226,5.439673226662468e-05,0.17026861253795325,0.00023969884305236711,0.05490455417564468,0.00015653141918070312,0.23007978778340715,0.0002731625557811315,0.07270111386159121,0.0001056533268525451,0.1254168826803185,0.00018558977376114026,0.10768645290879193,0.0002065609336107426,0.04915103085441202,0.00034779789146712175,0.15325685976931613
2025-12-30,0.6214790045105737,0.15307201361196157,0.8469279863880383,0.224242034510231,0.03576799528591136,9.382432283558167e-05,0.1734194346345567,0.0002077380111524335,0.05154562341692862,0.00013238420877783138,0.224242034510231,0.0003310302363079648,0.06994947358694367,6.509604525598937e-05,0.1282005516659124,0.00016114563208188565,0.11625635172554588,0.00017818891076026633,0.04754652156200875,0.0003658977289929916,0.15307201361196157
2025-12-31,0.6214790008714866,0.152905652215906,0.8470943477840942,0.22602261768625148,0.03275005418593587,1.2664297782302952e-05,0.16169952034062948,4.003618332451324e-05,0.04942331587686154,0.00013081731289351988,0.22602261768625148,0.00032445973330128724,0.06776200571072252,4.8036421369237285e-05,0.1306757629807127,0.00011197687298449489,0.1284618083963982,0.0001528682560358316,0.05029926260658239,0.0005775730478476148,0.152905652215906
2026-01-02,0.6214790009462556,0.15275592695646514,0.8472440730435349,0.21842653930125766,0.03576285207136298,0.00016638579375392558,0.15658017976622954,9.312329919963938e-05,0.05235763214951999,0.0003955855852174024,0.21842653930125766,0.0002373949037421383,0.0667500242402798,6.802196127660509e-05,0.13744567174319422,0.00017193257848363788,0.13195150227849198,0.000123799315560576,0.047969671493198675,0.0002450922142972571,0.15275592695646514
2026-01-05,0.6214790045910485,0.15262117407717668,0.8473788259228233,0.21602532312998046,0.050087250920290635,0.0003153118854526415,0.1580540927690304,9.58192264579431e-05,0.06174603348142042,0.0004902584792270637,0.21602532312998046,0.0002040417896259295,0.06204798170027575,1.5422788944790596e-05,0.13346987588849157,5.6036351377596565e-05,0.11875635205064278,-6.1328192136522925e-06,0.04719191598269129,0.00024258180012249323,0.15262117407717668
2026-01-06,0.6214790045914049,0.15249989648580284,0.8475001035141971,0.21047832373480252,0.05880058844910197,0.0002703483850523085,0.1590202226970689,0.00010453762800685231,0.06941720415468039,0.0005160958929617445,0.21047832373480252,0.00018979254898140102,0.06388485587704945,6.971002165081803e-05,0.13294057002662218,8.137374663014886e-05,0.1068807168455785,-1.1532403966904907e-05,0.04607762172929328,0.00024028914657062665,0.15249989648580284
2026-01-07,0.6214790045917477,0.15239074665355265,0.8476092533464473,0.20649567234755234,0.0630627084671681,0.00025270283735543124,0.15940778630553648,0.00012917133887920608,0.07284329061723838,0.0004886194953252087,0.20649567234755234,0.00025467349747868457,0.07030060897250892,0.00014085409951111413,0.13504684953945462,0.00012397319357085348,0.09619264516102065,-3.7184477645243624e-05,0.044259691935967876,0.0002347657212731584,0.15239074665355265
2026-01-08,0.6214790045916003,0.15229251180453338,0.8477074881954667,0.2078952089410624,0.06517545545397223,0.00021923527644352757,0.1728678377918938,0.000245763129090554,0.0731149682182765,0.00037036702306702434,0.2078952089410624,0.00034531281741471715,0.06327054807525803,-2.3437800187456768e-05,0.13377884442779772,0.00010293281604697797,0.08657338064491858,-0.00019330994570907687,0.0450312446422874,0.00045695684921468843,0.15229251180453338
2026-01-09,0.6214790045915948,0.1522041004404162,0.8477958995595837,0.2062652886807969,0.06397598254294488,0.00014653894543399751,0.1794445080509597,0.00021513142360239348,0.07182415670566145,0.0003146063042587964,0.2062652886807969,0.00032350901885865084,0.0658620133397787,0.0001105967152168288,0.13691245631179405,0.0001496717386496051,0.08038764108688645,1.9347931755472382e-05,0.04312385284076149,0.00024595963265464847,0.1522041004404162
2026-01-12,0.6214790045917249,0.15212453021270564,0.8478754697872946,0.20250668799349406,0.06888559749958333,0.00027185243135714705,0.19213410251171856,0.00024075422628302276,0.07184708772265264,0.00032934930843409385,0.20250668799349406,0.000248954638366065,0.060822061499510215,1.6826232010783792e-05,0.13554471435428067,9.782713087258956e-05,0.07234887697819782,-9.327997442293337e-05,0.04378634122785714,0.0004132102067433487,0.15212453021270564
2026-01-13,0.6214790045900411,0.1520529170078334,0.8479470829921665,0.20465323948813377,0.08967391836432942,0.00037456835562821517,0.17292069226054668,-3.4720291031286384e-05,0.08872165607122351,0.0006189296201810962,0.20465323948813377,0.00018717832236862233,0.05473985534955918,-7.053773038570152e-05,0.12199024291885258,-5.096758545548482e-05,0.06511398928037802,-0.00013122637861909392,0.050133489259143335,0.0005014647041753364,0.1520529170078334
2026-01-14,0.6214790041034411,0.15198846514291242,0.8480115348570875,0.21124548220164613,0.10630427945863562,0.0004301939934337548,0.15562862303449201,-4.756145208341613e-05,0.10073656476433619,0.0006607771922927774,0.21124548220164613,0.0002751138669551432,0.049265869814603264,-0.00022764984230451115,0.10979121862696732,-0.0001431384761514332,0.05860259035234022,-9.715792888598395e-05,0.056436906604066764,0.0006456894834250593,0.15198846514291242
2026-01-15,0.621479004097911,0.15193045846470477,0.8480695415352953,0.2068365018807311,0.12523182599951518,0.00042586394302472023,0.14300115340597636,1.3462018378329174e-05,0.11502272959491912,0.0006495807826576942,0.2068365018807311,0.00014554193866192914,0.044339282833142944,-0.00017342550183872837,0.09881209676427061,-9.590008566327713e-05,0.052742331317106206,-5.3405827985377744e-05,0.06208361973963385,0.0005517558529645485,0.15193045846470477
2026-01-16,0.6214790040962727,0.15187825245438338,0.8481217475456169,0.20055224724914442,0.1433346766092025,0.0004775287782405202,0.13450829141698595,2.878891772081253e-05,0.12624369838520744,0.0006535008129529205,0.20055224724914442,0.00013577585042584097,0.03990535454982865,-0.00017690824830028217,0.08893088708784355,-8.854191830082878e-05,0.04746809818539559,-0.00011941874810570099,0.06717849406200868,0.0005981815728971252,0.15187825245438338
2026-01-20,0.46604690762899725,0.15804855090378514,0.8419514490962148,0.21164636779020668,0.1438341733711087,0.00027161081763138977,0.12105746227528733,-1.2124000093336788e-05,0.12786861728018578,0.00048079735655880476,0.21164636779020668,0.00034556571699625776,0.03591481909484578,-5.836024428206889e-05,0.08003779837905918,-5.401748660663222e-05,0.047652417701312066,2.474229446538485e-05,0.07393979320420926,0.0008380829474756515,0.15804855090378514
2026-01-21,0.46604668352700795,0.1636018284723263,0.8363981715276736,0.22199584930288999,0.14340642900955042,0.0002631057173658117,0.11042031063714275,8.905027839688258e-06,0.12824029042170837,0.0004565814446862306,0.22199584930288999,0.00036345183243857075,0.0323233371853612,-3.267211052389449e-05,0.07203401854115327,-2.9883942820640226e-05,0.04855900239186022,2.9203175576644015e-05,0.0794189340380074,0.0008536270564837592,0.1636018284723263
2026-01-22,0.4660466837248038,0.16859977827610154,0.8314002217238985,0.23025712240952864,0.14230264600827383,0.0002569413468052963,0.10085064563107209,9.318246491578933e-06,0.12734116564633355,0.00042785230515770607,0.23025712240952864,0.0003637359129057231,0.029091003466825083,-1.2811060368913905e-05,0.06483061668703796,-1.8629418034243595e-05,0.05297190844621701,4.942275393629067e-05,0.08375511342861035,0.0008564785327171451,0.16859977827610154
2026-01-23,0.6214787795661543,0.16688064926584523,0.8331193507341548,0.24223141016857577,0.14088302655359078,0.00015745039966763184,0.09459831091262694,1.5242673815191253e-05,0.1257188040011571,0.0002520039454043868,0.24223141016857577,0.0003809755958375375,0.026181903120142576,-3.3719483722086204e-06,0.05834755501833417,-9.283344634071543e-06,0.056212880491167225,2.8774499007593208e-05,0.0889454604685603,0.0005997085796513065,0.16688064926584523
2026-01-26,0.6214790018556949,0.16533342426503292,0.8346665757349672,0.2530082691517182,0.13598799285180194,0.000129765770287897,0.08788952233505105,1.2544414394250773e-05,0.12258260859201153,0.00024535185745187555,0.2530082691517182,0.0003830918364192522,0.024551825738320463,6.29597300894945e-06,0.053376080457610275,4.053081532494189e-06,0.06546928838074213,5.7584407339168577e-05,0.0918009882277116,0.0005967481247905257,0.16533342426503292
2026-01-27,0.6214790017529848,0.1639409217684102,0.8360590782315898,0.26270744223654635,0.13698651300611134,0.00014326627299045047,0.07910057010154593,-3.9606476568795664e-05,0.12740549090356995,0.0003088426733755472,0.26270744223654635,0.00038730263156715763,0.022096643164488415,-1.2170271596096552e-05,0.048038472411849234,-1.970905247666368e-05,0.058922359542667904,-6.644588017191575e-06,0.10080158686481058,0.0006387039838071299,0.1639409217684102
2026-01-28,0.6214789771669421,0.16268767050489152,0.8373123294951085,0.2714366980128917,0.13876061823097843,0.000155204330572085,0.07119051309139134,-4.0688243954955806e-05,0.13193470363765633,0.0003196957570333329,0.2714366980128917,0.0003913551475060883,0.019886978848039576,-3.754980625059011e-06,0.043234625170664315,-2.1915957468059365e-05,0.05303012358840112,-4.721337332665674e-06,0.1078380689150856,0.0006142905643775476,0.16268767050489152
2026-01-29,0.6214678102647502,0.1615601910438124,0.8384398089561877,0.2792930282116026,0.1363441187991185,0.00011236008101774395,0.06407146178225222,-2.8118814655216503e-05,0.13332154843462524,0.0002638071863221547,0.2792930282116026,0.0003913179452585125,0.017898280963235622,-1.2857378283976527e-05,0.03891116265359789,-1.884868647219507e-05,0.052576368604578046,1.2531244461769108e-05,0.11602383950717765,0.0006638066667510218,0.1615601910438124
2026-01-30,0.6214661441136455,0.16054552617488532,0.8394544738251148,0.28636372539044236,0.12908255037645153,5.980504321979492e-05,0.057664315604026996,-7.525724115582462e-06,0.12912362540165662,0.00015639937184428178,0.28636372539044236,0.00039049875213162714,0.016108452866912062,-1.6151972841646035e-05,0.040265752551186536,1.5978771136761554e-05,0.051889044089539524,1.1038227048165879e-05,0.12895700754489922,0.0008051797212083305,0.16054552617488532
2026-02-02,0.621440004821896,0.15963337336452094,0.840366626635479,0.272821925235478,0.11832369354622463,5.267496132485466e-05,0.06840273179181312,0.0001274716102101604,0.11851523480196768,0.00010338846904770367,0.272821925235478,0.0002789679435066663,0.023075587325944193,9.367380280491447e-05,0.049954139958782465,0.00010922758856519931,0.06547761432204655,0.00011913678517836305,0.12379569965322243,0.0006616939651688407,0.15963337336452094
2026-02-03,0.5679390708472486,0.1609524731941789,0.8390475268058211,0.26535039681700234,0.11077793854938595,9.241134338337963e-05,0.07269633907836127,7.479502191497117e-05,0.11201615009850571,0.00020995768798326013,0.26535039681700234,0.00032845689683113667,0.025924206404431577,4.8585747066397795e-05,0.053716064024439666,5.981786843373538e-05,0.07733727141507708,0.00010002874649069684,0.1212291604186175,0.0007146781898082636,0.1609524731941789
2026-02-04,0.4090147855268967,0.16849663445368515,0.8315033655463149,0.25943742066709935,0.1091759592877047,0.00021678352785977855,0.0701156407398645,3.2684967804644104e-05,0.11169276005510101,0.00044594263435156976,0.25943742066709935,0.00037740774148329145,0.023601160453296736,2.6627549467655738e-06,0.05037411160111438,1.4427428526489019e-05,0.08562368363872955,9.147903922467126e-05,0.12148262910340465,0.0009402497030657021,0.16849663445368515
2026-02-05,0.5175732055761701,0.17094404278526984,0.8290559572147302,0.2554556044672769,0.10311983583553966,9.72408599006962e-05,0.06493884699804765,1.1105753129639923e-05,0.1085089281715855,0.000284396267703563,0.2554556044672769,0.0003487570603842895,0.021241044407967064,-2.149928607293472e-05,0.04533670044100294,-9.200689368376338e-06,0.10791257677992908,0.0001527965832045364,0.12254242011338143,0.0008711056052571714,0.17094404278526984
2026-02-06,0.6183736222153874,0.16911469361812737,0.8308853063818726,0.25515713725001127,0.09559099728521453,6.0010915207290314e-05,0.0666361983335049,4.753263075198172e-05,0.10279645936086199,0.0001818246148681221,0.25515713725001127,0.00038313934078333103,0.019116939967170357,-3.069625821552113e-05,0.04102786712082639,1.324411015030933e-06,0.1296399069529793,0.00015387678171308915,0.12091980011130395,0.0006739492767012567,0.16911469361812737
2026-02-09,0.6214790043408469,0.16734406408268077,0.8326559359173193,0.2456321837430541,0.0880878216292578,9.769990807600597e-05,0.07490303541498705,0.0001820992405318273,0.09562138606366828,0.000228313738451952,0.2456321837430541,0.000492987295318009,0.02349437785923305,0.00010605007659855614,0.0493007576345456,0.0001508189379509657,0.14385871445380494,0.000258836739975181,0.11175765911876853,0.00037508018589015897,0.16734406408268077
2026-02-10,0.6214790043386409,0.16575049750086704,0.8342495024991329,0.23730413044787732,0.08230770192912072,0.00013075207573471273,0.08099575920807095,0.00015033465583903834,0.08941260953668467,0.00022370682744177732,0.23730413044787732,0.0004573806732438357,0.02428505262446657,4.8053397996503276e-05,0.05349967732353171,0.00010081164641334716,0.1617947917076338,0.0002788818308592126,0.10464977972174713,0.0004781299410370253,0.16575049750086704
2026-02-11,0.6214790043349954,0.16431628757738057,0.8356837124226195,0.2304164040045379,0.07705630160111744,0.00011933413671298833,0.08624703469632249,0.00013661605396111834,0.0841326167788898,0.0002269431819702149,0.2304164040045379,0.000438973274018703,0.02648151778076968,6.56271220114565e-05,0.058004238634687975,0.00010087748376778073,0.1745183319197697,0.00023483887308380926,0.09882726700652456,0.0005041454861819375,0.16431628757738057
2026-02-12,0.6214790045859837,0.16302549863620316,0.8369745013637969,0.22773336746439704,0.07398613565944707,0.00012036785712571477,0.08598506877671983,5.503576536074796e-05,0.0813830687950824,0.00022376704948502576,0.22773336746439704,0.00034376408418252465,0.023833366002692712,-2.36932929112985e-05,0.053392317251763764,7.817049397422357e-06,0.19206649872779274,0.0002738846115982424,0.0985946786859014,0.0006741350410485586,0.16302549863620316
2026-02-13,0.6214790045881899,0.16186378858905523,0.8381362114109447,0.22983734589250895,0.07035326277094361,9.383168633304834e-05,0.08241150133858025,3.215171782168728e-05,0.07895448603167927,0.00021664915784592472,0.22983734589250895,0.0004119778631768745,0.021450029402423437,-5.9275220772283915e-05,0.04805308552658737,-2.554560347605605e-05,0.20785984885501343,0.00033442944014268214,0.09921665159320837,0.0007206960313446698,0.16186378858905523
2026-02-17,0.6214790045918354,0.16081824954647628,0.8391817504535237,0.22210768597005145,0.06926337057252831,0.00015827088295743692,0.0868334848456607,8.627729756493008e-05,0.07774168565240254,0.0002711973204789661,0.22210768597005145,0.00027020179933974486,0.019305026462181095,-5.879153861740466e-05,0.0434938474485197,1.6942490017637203e-06,0.2220738639695121,0.00034696814552464346,0.09836278553266778,0.0006639912684006396,0.16081824954647628
2026-02-18,0.6214790045918355,0.15987726440815522,0.8401227355918447,0.23486647757256088,0.06586192202171617,0.0001205997070531472,0.09219493810665606,0.00012283863453546977,0.07416298777770812,0.0002184073588530284,0.2131209451273642,0.00030479506507781376,0.018670077960555906,1.5862046779727605e-05,0.04601446509301409,6.068915018587231e-05,0.23486647757256088,0.00029869336274851487,0.09523092193226931,0.0006303345068163035,0.15987726440815522
2026-02-19,0.6214790045918354,0.15903037778366627,0.8409696222163336,0.2463798298153048,0.06339423485988645,0.00012840150567973362,0.09357002519755811,8.438168670924123e-05,0.07131574515095279,0.00021626810732795098,0.20922095676957153,0.0003669339036538596,0.01749273231479073,7.705326971629817e-06,0.046305840624541905,3.942415937151455e-05,0.2463798298153048,0.00028183717611220745,0.09329025748372738,0.0006498415935906417,0.15903037778366627
2026-02-20,0.6214790045918304,0.15826817982162644,0.8417318201783736,0.2567418468337743,0.060032796895685234,0.00010175497740411355,0.09596955031108437,0.00010319898816283385,0.06824374076998735,0.00020995647699357454,0.20814116997077212,0.00045909687582626555,0.015743459083311657,-5.936660442441142e-06,0.04662952136153457,4.378033100997205e-05,0.2567418468337743,0.0003247268867093589,0.09022973495222396,0.0005901824061981624,0.15826817982162644
2026-02-23,0.6214790045918195,0.157582201655791,0.8424177983442089,0.2660676621503969,0.058099331737275495,9.740787717037273e-05,0.08637259527997593,-2.2219246730588212e-05,0.06701330956197922,0.0002004821134580229,0.2159840316182278,0.0004653385904344602,0.014169113174980492,-5.954774529589522e-05,0.04196656922538112,-2.7861596346015026e-05,0.2660676621503969,0.0002940525567578942,0.09274518559599206,0.0007624607336966107,0.157582201655791
2026-02-24,0.6214790044622978,0.15696482131172002,0.84303517868828,0.2744608959353572,0.05471884867178417,8.077701186535362e-05,0.0821414043287694,3.8156662495797986e-05,0.06437923342843815,0.00020173356782796108,0.2148039230533355,0.0004595081707215481,0.017907557841544512,6.1032442420966034e-05,0.044541216220904685,5.830872315830453e-05,0.2744608959353572,0.00034216388937013216,0.09008209920814642,0.000604731045124923,0.15696482131172002
2026-02-25,0.5614135888956515,0.15881179562472195,0.8411882043752781,0.2802373294742327,0.056100324667308424,0.00031888917843585603,0.076051383495281,2.5405113755009293e-05,0.06613816913171837,0.0005443590823533359,0.20862901578797224,0.000488087173986239,0.022842424530244432,0.00011197971357188037,0.047112638466750546,8.436007550154544e-05,0.2802373294742327,0.00031179330752647595,0.08407691882177043,0.00038382839910045056,0.15881179562472195
2026-02-26,0.5090588101985973,0.16256826365430585,0.8374317363456941,0.2872135965268094,0.05817430470058721,0.00030177997219793084,0.0684462451457529,-1.5792734092023054e-05,0.06962941159513548,0.0005659942903899863,0.20567477495918596,0.00047356804057258875,0.022542976400458496,2.760043971091221e-05,0.04426961355194898,1.865329539330707e-05,0.2872135965268094,0.0002864689391800599,0.08148081346581579,0.0006186462092624281,0.16256826365430585
2026-02-27,0.5088800769134721,0.16595623421233638,0.8340437657876636,0.29349223687412845,0.060632886979756266,0.0002986841854097633,0.0616016206311776,-5.341054921252063e-05,0.07118722912600112,0.0004358584582105542,0.20477825515104886,0.0004788785598288783,0.02130259932508911,1.3055552657170019e-05,0.03984265219675408,-4.589711327856289e-06,0.29349223687412845,0.00026640540943586146,0.0812062855037081,0.0007720026196664664,0.16595623421233638
2026-03-02,0.6214699191988458,0.16450181402314895,0.8354981859768513,0.2989361537472965,0.06191853639581792,0.0001988228622871222,0.05544145856805985,-0.0001504080209515879,0.07136780859238767,0.00028041390497669696,0.20794941217859242,0.0004311819675284274,0.019172339392580205,-7.8207734979949e-05,0.03585838697707868,-9.037263294772056e-05,0.2989361537472965,0.00018715333548293583,0.08485409012503801,0.000865475635102816,0.16450181402314895
2026-03-03,0.6214777289121858,0.16319252346434662,0.8368074765356535,0.3040425383725668,0.06647740217352723,0.00026851518405116226,0.049897312711253854,-0.00011919094422890074,0.07400801785701049,0.00034508996079168994,0.20298350415421867,0.0002637095169011691,0.01725510545332218,-7.613539428511836e-05,0.03227254827937081,-8.268967109273708e-05,0.3040425383725668,0.00018553501180512558,0.0898710475343834,0.0009092680254220535,0.16319252346434662
2026-03-04,0.5012013575323324,0.16682521681661866,0.8331747831833815,0.27596362950717174,0.08414469670480265,0.000753883693762518,0.04490758144012847,-0.0002844017223592632,0.083429975181352,0.0007402057226668757,0.204883685782538,0.0004729039988628789,0.019915835327170506,4.807779823483125e-05,0.02904529345143373,-4.907573471711437e-05,0.27596362950717174,1.4294110223344177e-05,0.09088408578878432,0.0008434260168414899,0.16682521681661866
2026-03-05,0.5011040886924166,0.1700985315872601,0.8299014684127397,0.2533575793879785,0.09551455322320944,0.0004699432879477173,0.040416823296115616,-0.00014489533284437926,0.09248686006940081,0.0005831759409170544,0.20209749343803873,0.00028200476527846276,0.022992951105946065,4.193906435048644e-05,0.026140764106290352,-1.5742186391079918e-05,0.2533575793879785,2.2890531094482587e-05,0.09689444378576029,0.0009556255166948313,0.1700985315872601
2026-03-06,0.5011041005571732,0.17304451440624719,0.8269554855937529,0.2409879528551375,0.10267774597570173,0.0004054269942883294,0.03637514096650406,-0.00010022807256226631,0.09929606531080452,0.0005474958569846466,0.2012847153892157,0.0003155452487048431,0.02069365599535146,-1.310841206719488e-05,0.023526687695661318,-4.81086347447038e-05,0.2409879528551375,5.990313273110596e-05,0.10211352140537651,0.0009685459782780147,0.17304451440624719
2026-03-09,0.6214790042220046,0.1708809027967423,0.8291190972032576,0.24116384518877998,0.10222041020825218,0.0002217805128429171,0.03273762686985365,-0.000161500683888737,0.09882334378067545,0.0002993745706969938,0.20662852392886916,0.0003844983240134035,0.019569118992077014,7.420490123227148e-06,0.021174018926095186,-5.420663635438278e-05,0.24116384518877998,0.00010345162481977096,0.1068022093086551,0.0009261326359226165,0.1708809027967423
2026-03-10,0.6214789871927221,0.1689336530293592,0.8310663469706409,0.23035998581554853,0.10499223826863893,0.00026633008559024177,0.02946386418286829,-0.00016742369511987912,0.10061741097388721,0.0003335417616440634,0.21623792001561737,0.00041090161454583314,0.017612207092869314,-2.2974959408084483e-05,0.019056617033485667,-9.144723231890853e-05,0.23035998581554853,5.002369987519855e-05,0.11272610358772556,0.0009403104052155399,0.1689336530293592
2026-03-11,0.6214764670959905,0.16718122904258365,0.8328187709574162,0.2284268640750003,0.10866486205561862,0.00031919116914534294,0.026517477764581455,-0.00021990725012904587,0.1026290353055937,0.0003787053602559691,0.2284268640750003,0.0005031284330559563,0.021177569368320756,4.1505463571605944e-05,0.017150955330137097,-6.619807163987196e-05,0.21276877982741993,2.2254059805556348e-05,0.11548322723074436,0.0008713852301060854,0.16718122904258365
2026-03-12,0.6214764674658213,0.16560404743969245,0.8343959525603075,0.22742457158835636,0.11136779122403256,0.00031974178078027465,0.023865729988123315,-0.0002272239055208934,0.10470676918742741,0.0004049986786996209,0.22742457158835636,0.000339971882047109,0.019059812431488684,-7.510136190596139e-05,0.01543585979712339,-0.00014671944902705668,0.2140863081340058,9.838409295348035e-05,0.11844911020975006,0.0009435494851628178,0.16560404743969245
2026-03-13,0.6214764844951034,0.16418458331591906,0.835815416684081,0.2245239020605683,0.11560216116951441,0.0003406759951583701,0.021479156989310983,-0.00021424945286887338,0.10803083539916156,0.00042695290843837495,0.2245239020605683,0.0002928043484335581,0.017153831188339817,-9.081897245785038e-05,0.01389227381741105,-0.00015768588769545977,0.21295388479251784,8.293065103102302e-05,0.12217937126725703,0.000962773345199137,0.16418458331591906
2026-03-16,0.6214786033221802,0.16290698085143995,0.8370930191485602,0.21533561457475633,0.12320577872926834,0.0004436546867754554,0.019331241290379886,-0.00032138213753379435,0.1187547680459406,0.0006953312840359922,0.21533561457475633,0.00020511290591476808,0.015438448069505836,-0.00017122442397128306,0.012503046435669945,-0.0002407183717827687,0.20758376039544768,6.788456424681196e-05,0.12494036160759149,0.0009666446303235723,0.16290698085143995
2026-03-17,0.6214773080517959,0.16175719044422412,0.838242809555776,0.21474485761425902,0.12438385386809686,0.0003580345811127217,0.0173981171613419,-0.00026400773217336184,0.12073096236950863,0.0005144456764366172,0.21046564587126226,0.00029401693867733315,0.013894603262555252,-9.888214624473695e-05,0.011252741792102951,-0.00017549810601175545,0.21474485761425902,0.00013658133996559123,0.12537202761664912,0.0009630543948943959,0.16175719044422412
2026-03-18,0.6214773079989031,0.16072237907984557,0.8392776209201542,0.22554336799018776,0.12456739725112227,0.00029712424555911114,0.015658305445207705,-0.0002157183885209792,0.12301642695660102,0.0004730204430565213,0.20045674189693857,0.00017272414509249848,0.012505142936299724,-4.9771536843603997e-05,0.010127467612892654,-0.0001238791241273035,0.22554336799018776,0.00014011026564393877,0.12740277083090465,0.0009628901288729816,0.16072237907984557
2026-03-19,0.6214777092165847,0.15979103280319765,0.8402089671968025,0.23798903119116901,0.12758110552959023,0.0003133409870860876,0.014092474900686937,-0.00020291696436506248,0.12786086416785733,0.0004863543745860354,0.18108528719649453,9.150608280445821e-06,0.011254628642669753,-2.268666675383058e-05,0.009114720851603392,-9.938306028191971e-05,0.23798903119116901,0.00021573063658215195,0.1312308547167313,0.0009450635660726238,0.15979103280319765
2026-03-20,0.6214790044869702,0.15895276934339905,0.841047230656601,0.248267871356855,0.13070161923978177,0.00031432332814015045,0.01268322741061824,-0.00011692294061829895,0.13162263361318963,0.00045826785208676995,0.16403063611842691,1.4213739406183045e-05,0.010129165778402777,-4.492017110262956e-05,0.008203248766443051,-7.741739606467586e-05,0.248267871356855,0.00012475436050296554,0.13540882837288357,0.0009635977529833039,0.15895276934339905
2026-03-23,0.6214790045918128,0.15819833222538665,0.8418016677746134,0.25384520952530576,0.13627282283403847,0.0003592642410228227,0.011414904669556417,-9.79124748853385e-05,0.13643194795107355,0.00048448510906764185,0.14762757250658423,-0.00010795599044334883,0.009116249200562499,-3.0767700284666944e-05,0.007382923889798746,-7.189605187731708e-05,0.25384520952530576,0.00011187569402549403,0.13971003719769373,0.0009733122172585304,0.15819833222538665
2026-03-24,0.6214790045918128,0.1575193388191755,0.8424806611808247,0.25274702342250593,0.14021565870119673,0.0003012240722290975,0.010273414202600776,-8.301036850095671e-05,0.14157118009319203,0.00044834436346791813,0.1369723233696127,4.818313701865866e-05,0.008204624280506249,-6.980504508126343e-05,0.006644631500818872,-7.947505433760747e-05,0.25274702342250593,7.908408744515729e-05,0.1458518056103913,0.0009663822666712972,0.1575193388191755
2026-03-25,0.6214790045883072,0.15690824475372567,0.8430917552462744,0.2624723210802553,0.14218641217869424,0.0003462566707786968,0.009246072782340698,-7.637286432742907e-05,0.14535274640416546,0.0005384399401861527,0.12327509103265144,-9.245475764290613e-05,0.0073841618524556245,-0.00011322565096097845,0.005980168350736986,-0.000122782384256639,0.2624723210802553,0.0002959935443532978,0.14719478156497465,0.0009677093704408531,0.15690824475372567
2026-03-26,0.6214790045883297,0.1563582600948199,0.8436417399051801,0.2712250889722298,0.1458380690845729,0.00040370697604309247,0.009971189307152592,9.60136560315728e-06,0.14744813441388524,0.000520504112731217,0.1109475819293863,-0.00017707203107034165,0.006645745667210062,-0.00010673640489963363,0.005382151515663287,-7.435633134034092e-05,0.2712250889722298,0.00023500433329613754,0.14618377901508,0.000870142267736786,0.1563582600948199
2026-03-27,0.6214790045883298,0.1558632739018047,0.8441367260981953,0.2765152894105829,0.14626115478810928,0.00032812190430220756,0.008974070376437333,-0.00011032419059270536,0.14838604868240265,0.0004755926885389537,0.10620937691669037,9.657896491178683e-05,0.005981171100489056,-0.00013865443692014678,0.004843936364096958,-0.0001353356993968474,0.2765152894105829,0.00013596082162017694,0.1469656784593868,0.0009450799822911394,0.1558632739018047
2026-03-30,0.6214790045918354,0.15541778632795084,0.8445822136720493,0.2838637604695246,0.14355334271819675,0.0002700398523571029,0.0080766633387936,-9.07794400732719e-05,0.1470834497985735,0.000422423450733487,0.10503154038912249,0.00015027237715704283,0.0053830539904401505,-0.00013686692216723456,0.004359542727687263,-0.00012149343265167203,0.2838637604695246,0.00015899118926888218,0.14723086023971088,0.0009597417281625956,0.15541778632795084
2026-03-31,0.6214790045918355,0.15501684751148234,0.8449831524885177,0.29047738442257215,0.1371757148256338,0.00017130491269867762,0.00726899700491424,-7.6252314972435e-05,0.1502818525826306,0.0005273020788371214,0.1033663979733996,0.0001332044442507363,0.0048447485913961355,-0.00024256492883579085,0.003923588454918536,-0.00017212606076564795,0.29047738442257215,0.0003571226917362396,0.1476444686330527,0.0009153865731678142,0.15501684751148234
2026-04-01,0.621479004591566,0.15465600257667145,0.8453439974233287,0.2964296459803149,0.12929002622468772,0.00015559403021664643,0.02077509046546319,0.00010337686130172919,0.15253165820256576,0.0006339339828468065,0.09903152710247036,0.00011340906546419851,0.004360273732256522,-7.138714443981178e-05,0.003531229609426683,-2.410230506868557e-05,0.2964296459803149,0.000347529927098606,0.13939454610614346,0.0004976308199752637,0.15465600257667145
2026-04-02,0.6214790045890018,0.15433124213544425,0.8456687578645558,0.3017866813822834,0.12204955723000915,0.00017610583331682523,0.03071594317455919,0.00010141676100292613,0.1481789130990861,0.0004643382967556576,0.09521734683910289,0.00013373929835913055,0.006593325784276587,3.1209571875484094e-05,0.00995360011293316,5.869498087407998e-05,0.3017866813822834,0.0003475100505405043,0.13117339024230532,0.0005071819300952779,0.15433124213544425
2026-04-06,0.6214790045845924,0.1540389577385161,0.8459610422614838,0.306608013244055,0.12466457953975417,0.00023696677725006698,0.0316604493712601,1.7636005438974817e-05,0.1441109109922565,0.00023733161463519595,0.08569561215519259,-6.241998015493755e-05,0.005933993205848927,-3.09007602980322e-05,0.008958240101639842,-1.0957504218185344e-05,0.306608013244055,0.0003231452701655239,0.13832924365147664,0.00093628858826599,0.1540389577385161
2026-04-07,0.6214786822488299,0.15377591467471136,0.8462240853252887,0.29882467222514747,0.13344444937707498,0.00041076867958323246,0.029438849747411355,5.027178416194221e-06,0.15283835988446426,0.0006169750677607762,0.07712605093967334,-0.00012342179929133364,0.005340593885264035,-0.0002352404267750644,0.00806241609147586,-0.00013092626678869732,0.29882467222514747,8.720832050617456e-05,0.14114869317477746,0.0009315945851490215,0.15377591467471136
2026-04-08,0.5253793109019336,0.15738315077116286,0.8426168492288371,0.27650800420973115,0.13353249912558396,0.0005505224400984657,0.04312793252017547,0.00018574309084922944,0.15098053136227857,0.0007600281609385506,0.0773121371909659,0.00023069300016296848,0.01226929018808189,0.00011549130842959112,0.017831015098008888,0.00012138748556365674,0.27650800420973115,6.056020890672992e-05,0.13105543953401125,0.0004735021412625191,0.15738315077116286
2026-04-09,0.4010283936892596,0.16560369994647617,0.8343963000535237,0.2589056637221799,0.1352190998130757,0.0006428954107900897,0.045071805511085694,7.627956515417146e-05,0.150850885582626,0.0008811602720277874,0.08027664423651426,0.0003252181961334817,0.017026780807087014,9.908019278942607e-05,0.02247619916559329,7.968627926811884e-05,0.2589056637221799,8.342756168251582e-05,0.12456922121536192,0.0008285768341847211,0.16560369994647617
2026-04-10,0.5635565768612935,0.16650106687737684,0.8334989331226232,0.240565887020359,0.13661336632458052,0.0005619139899303508,0.05242858031832543,0.00012784495601839079,0.1502147436265088,0.0007472220129408236,0.07950195215295869,0.00019471475066510526,0.025371159256563424,0.0001468995783025307,0.032600950448580204,0.0001354979649518264,0.240565887020359,5.516627433569228e-05,0.11620229397474718,0.00045283325847383633,0.16650106687737684
2026-04-13,0.6214787595444161,0.1649918098078625,0.8350081901921373,0.21947938638037506,0.1398707216115435,0.0004955357814486142,0.05643577995025066,7.762470017249815e-05,0.15348589267501536,0.0007361011735122671,0.08169995838301586,0.00021138803968633152,0.03362282059694296,0.0001221634268332774,0.04217354429986508,0.00010905899914209165,0.21947938638037506,1.687753117396294e-05,0.10824008629512888,0.0003143092279474596,0.1649918098078625
2026-04-14,0.6214787725337747,0.16363347792572527,0.8363665220742746,0.1981858971414331,0.14075396845020988,0.00047928032201501617,0.05975502193036078,8.168011757757301e-05,0.1542835565146287,0.0007160822889307042,0.08268401416799873,0.00020643456486982,0.045688812943579314,0.00019031521470427225,0.0543283535940825,0.00015176808413190084,0.1981858971414331,4.043317229662727e-06,0.10068689733198166,0.0003052599341573473,0.16363347792572527
2026-04-15,0.6214789858642378,0.16241097069858326,0.8375890293014169,0.17836730742728982,0.1415463440424646,0.0004938647473685564,0.05996712908171305,5.823398053779258e-05,0.15531319201179528,0.0007435001236825361,0.08196035673553483,0.00017940851705888035,0.059835548124609776,0.0002360782280458982,0.0672044472048742,0.00017262634274374503,0.17836730742728982,-2.185769621846252e-05,0.09339470467313529,0.0002584797443779814,0.16241097069858326
2026-04-16,0.621478998098569,0.16131071370478217,0.838689286295218,0.16053057668456083,0.14235638620266505,0.0005264806974620053,0.06335409489355358,9.273750986290238e-05,0.15503101763970292,0.000729011448966761,0.07910120732849238,0.0001339132337011244,0.07238744432384087,0.00024562395149483414,0.07930505082749491,0.0001861352769459185,0.16053057668456083,-3.4301762238611675e-05,0.08662350839490737,0.00025092017691202823,0.16131071370478217
2026-04-17,0.6214790045881957,0.16032048215077616,0.839679517849224,0.15602317955377357,0.14457793212689402,0.0005476839273042256,0.0670806605500881,9.408834368795324e-05,0.15602317955377357,0.0007455346899185695,0.07721372829445312,0.00014305966503018702,0.08158290239864176,0.00020598903069989988,0.08813997966337558,0.00015700608865891843,0.14447751901610476,-2.8572092197383737e-05,0.08058361624589305,0.00024147604103656555,0.16032048215077616
2026-04-20,0.6214790045918352,0.1594292737520251,0.8405707262479749,0.1499525032167652,0.14265033271419164,0.0006054155074394293,0.0768900745580875,0.0002276774133161567,0.1499525032167652,0.000624451081985665,0.07165092140406283,7.422263530235849e-05,0.09416433917641451,0.0003780221868914405,0.10095769442006182,0.0002954799794770757,0.13002976711449427,-7.549747073411934e-05,0.07427509364389709,0.0002335621516223825,0.1594292737520251
2026-04-21,0.6214790045918351,0.1586271861931492,0.8413728138068508,0.1467133618315598,0.14322587518289992,0.0006777913606374249,0.08332720537438969,0.00018321511347592486,0.1467133618315598,0.0007271381422083373,0.06448582926365655,-0.00015807288673408805,0.10623623145307284,0.00036960722442829825,0.11160624285389183,0.0002667144117394285,0.11702679040304484,-6.800429619248194e-05,0.06875127744433536,0.00023351833462646239,0.1586271861931492
2026-04-22,0.6214790045918352,0.15790530739016084,0.8420946926098389,0.14554013219787726,0.14554013219787726,0.0006854980631534632,0.08620626017883354,0.00013145339243389068,0.14523429960094747,0.0007363971296714532,0.05803724633729088,-7.040080866137075e-05,0.11820545479089575,0.0003506686225478299,0.12035795243722562,0.00023145986755604628,0.10532411136274034,-0.00012847578133046777,0.06318923570402814,0.00014255752253861017,0.15790530739016084
2026-04-23,0.6214790045918352,0.1572556164674714,0.8427443835325288,0.1489928806122223,0.1489928806122223,0.0007658891026848927,0.08833839716053583,0.00012943191450686179,0.14379757653672362,0.0007540150304246424,0.052233521703561804,-0.0001196264281497582,0.1284778773950199,0.00035480694290087575,0.1281253501729772,0.00023724581584787504,0.09479170022646632,-0.00015067860485994139,0.057987079725021734,0.00012381347873793722,0.1572556164674714
2026-04-24,0.6214790045918355,0.15667089463705083,0.8433291053629491,0.15191311733443835,0.15191311733443835,0.0006824667710898757,0.08790073080362663,9.113041847126998e-05,0.14341705359871448,0.0007267944754491247,0.04701016953320561,-6.811622902100757e-05,0.1396259016868913,0.0003479136275618164,0.13486909471550826,0.00021149274407422888,0.08531253020381968,-0.00010697201571238896,0.053280507486744774,0.00010916801805282408,0.15667089463705083
2026-04-27,0.6214790045918355,0.15614464498967234,0.8438553550103276,0.15060947320076834,0.15060947320076834,0.0005324390968739551,0.09118012172855774,0.00013069337709786696,0.14028411357061296,0.0005820691665469538,0.044973910981279806,6.92615512576319e-05,0.14809911527950323,0.00032790607787990564,0.1430976221709676,0.00023528025834621216,0.07678127718343772,-2.986965249616495e-06,0.04882972089520025,8.774950989232349e-05,0.15614464498967234
2026-04-28,0.6214790045918349,0.15567102030703173,0.8443289796929683,0.15399758052662868,0.15008472733403105,0.0005462660112892778,0.09514470997511161,0.00013900041348549635,0.13924988669899907,0.0006631324269593772,0.04148194854591229,2.5667929564506122e-05,0.15399758052662868,0.000296536093088672,0.15041683625474994,0.00022966264539574964,0.06910314946509395,-1.8257542087305882e-07,0.04485014089244174,8.847588091735276e-05,0.15567102030703173
2026-04-29,0.6214790045918295,0.1552447580926554,0.8447552419073446,0.162736606134128,0.14896668123029144,0.0005362076012740361,0.09521541303591699,0.00010401179196355862,0.13703746412611895,0.0006131933634486466,0.03733375369132107,-0.00014441545661540652,0.162736606134128,0.00035516943386985835,0.1580857480720947,0.0002472627439360531,0.06219283451858456,-6.737340930301452e-05,0.043186741098888995,0.0002832414728736188,0.1552447580926554
2026-04-30,0.6214790045918294,0.1548611220997167,0.8451388779002833,0.16741690073580975,0.14694334017484226,0.0005386291387661567,0.10204370556443548,0.00019222627289986987,0.13409703580513463,0.0006108759788912939,0.03458754504726634,2.795983340903526e-05,0.16741690073580975,0.00033137111996910324,0.16441113454953704,0.000259265565599391,0.05597355106672611,-2.936242260981389e-05,0.039665664956531815,8.68272505618936e-05,0.1548611220997167
2026-05-01,0.6214790045918298,0.15451584970607182,0.8454841502939283,0.17334088643360118,0.14596192513182796,0.000561611128136809,0.10591765151114395,0.0001642289992048826,0.13127922854527826,0.000587023028166578,0.03177648075430705,1.797702148467379e-05,0.17334088643360118,0.00035115201781641737,0.17022938160219944,0.0002564680998174606,0.0503761959600535,-1.0934685324490883e-05,0.036602400355516956,9.688128917559655e-05,0.15451584970607182
2026-05-04,0.6214790045918301,0.15420510455179143,0.8457948954482086,0.18027604107408937,0.14972273927886035,0.0007159651252212693,0.10294431103526448,8.465827392269528e-05,0.1310017759503165,0.0006781013142302589,0.028598832678876338,-0.000132491660700349,0.18027604107408937,0.0003587232591950728,0.17318903463038854,0.00021927259635958916,0.045338576364048144,-0.00012680067357156462,0.03472358443636483,0.0001818218467661614,0.15420510455179143
2026-05-05,0.621479004591829,0.15392543391293914,0.846074566087061,0.18707030189749727,0.1540842211195174,0.0007375708639013954,0.09967352967125463,7.681833513460553e-05,0.13053628162672018,0.0006512389930291398,0.02573894941098871,-0.00011971298066464292,0.18707030189749727,0.00035601272145011043,0.17508420636483701,0.0002048345443862476,0.04080471872764334,-9.250158864089841e-05,0.033082357268602466,0.00018338742021041933,0.15392543391293914
2026-05-06,0.621479004591829,0.15367373033797202,0.846326269662028,0.19500057655354358,0.15767049606681888,0.0006697029892672218,0.09537978469180197,5.746483965353571e-05,0.12958753554578475,0.0005763448688766114,0.023662931260321426,1.1899190403522866e-05,0.19500057655354358,0.0003544797913125977,0.17628937144420825,0.00018483613285788525,0.036724246854878996,-9.447959151460473e-05,0.03201132724467007,0.00020728765327793992,0.15367373033797202
2026-05-07,0.6214790045918321,0.15344719712050153,0.8465528028794984,0.2023514501151741,0.15790869218997114,0.0005495206747348795,0.09094817906771088,5.0972130468876275e-05,0.12632151941229836,0.00044524165373428906,0.025745560297450027,0.0001049870462742961,0.2023514501151741,0.00035414291073445616,0.17851400589172028,0.00019396278786817106,0.0330518221693911,-5.6246881440855055e-05,0.03171157373578256,0.00026324308502262894,0.15344719712050153
2026-05-08,0.6214790045918329,0.15324331722477808,0.846756682775222,0.2113922483293413,0.15895761148851048,0.0005270954298022042,0.08327665816916481,1.3069217396043483e-05,0.12536202771506974,0.00048455275177754583,0.026797825325865835,7.841189311785919e-05,0.2113922483293413,0.00035012689949057705,0.17907394048886682,0.0001640456096892448,0.02974663995245199,-5.338710580997066e-05,0.03214973130595094,0.00029904184759521927,0.15324331722477808
2026-05-11,0.6214790045918349,0.15305982531862686,0.846940174681373,0.21718280152619185,0.15864236763251482,0.0005263942976114768,0.07822150497629762,3.2480792663169356e-05,0.12417210068026444,0.0005074901641652532,0.028880594357239497,0.00011130716751863229,0.21718280152619185,0.0003535599662705018,0.18088586266004866,0.00019062105428763968,0.026771975957206786,-8.43296826657165e-05,0.03218296689160931,0.00029061069439234946,0.15305982531862686
2026-05-12,0.6214790045918347,0.1528946826030908,0.8471053173969092,0.22076579604686247,0.15645310433598505,0.0004973859975088629,0.07788320836529332,7.987683996577884e-05,0.12085080531477124,0.00043811726180442343,0.030195856030780475,0.00010603934997456523,0.22076579604686247,0.00035429349283137406,0.18455601135095687,0.00022538207005770767,0.024094778361486116,-8.554426905507457e-05,0.03230575759077375,0.00032226430906993176,0.1528946826030908
2026-05-13,0.6214790045918347,0.1527460541591083,0.8472539458408916,0.22309482989291726,0.1523813582906804,0.0004417407430417406,0.07911693593341375,0.00010114483207302434,0.11782557697678839,0.0004575461509770775,0.03151634711566105,0.00011501109862609695,0.22309482989291726,0.00035980093885047156,0.18951109903337424,0.0002547811929146657,0.0216853005253375,-6.852907598702775e-05,0.03212249807271901,0.00030872184809169705,0.1527460541591083
2026-05-14,0.6214790045918347,0.1526122885595241,0.847387711440476,0.2236690056165275,0.14999714988848095,0.0005288939118885015,0.08349059048036919,0.00014797594505798302,0.11449182728110438,0.00045992048303328324,0.030041624255362123,4.760546883166719e-05,0.2236690056165275,0.0003596368049257775,0.19500679693282655,0.0002835306618280604,0.019516770472803754,-8.825554898380687e-05,0.03117394651300152,0.000246136285304086,0.1526122885595241
2026-05-15,0.6214790045918284,0.15249189951989855,0.8475081004801015,0.22589570011533894,0.14713756551830634,0.0004599011161975553,0.08679256433115273,0.00012879630782424266,0.11104514566574328,0.0003997671777217455,0.027838901324275613,2.0987226935097105e-05,0.22589570011533894,0.0003565119350589271,0.19929373255467028,0.0002550284537993541,0.017565093425523377,-9.510249549986028e-05,0.03193939754509096,0.00038941772508711316,0.15249189951989855
