Date,Close,High,Low,Open,Volume,daily_return,log_return,volatility_7d,volatility_21d,volatility_63d,momentum_7d,momentum_21d,momentum_63d,rolling_max,drawdown
2024-07-20,67163.6484375,67610.734375,66299.6171875,66709.921875,19029581250,0.0067979482134701286,0.006774946348331885,0.028675966565799654,0.027963941227903546,0.022755645761082625,0.13390906249134438,0.10307997558761306,0.0033289673023846333,71448.1953125,-0.05996718120395139
2024-07-21,68154.5234375,68372.90625,65842.296875,67164.9140625,26652190004,0.014753144342986024,0.014645375370143716,0.028482944822644258,0.027504622924110274,0.022789304601646913,0.12118766135393533,0.08737044691820706,0.02830721892548138,71448.1953125,-0.04609874134110936
2024-07-22,67585.25,68480.0625,66611.296875,68152.9765625,42649109453,-0.00835268752223095,-0.008387766690112852,0.018937833425352584,0.027643430861245787,0.020551757398462094,0.0418543437644876,0.07530820025000451,-0.05406638048174983,71448.1953125,-0.05406638048174983
2024-07-23,65927.671875,67779.015625,65484.4609375,67584.8046875,35605668666,-0.02452573786440093,-0.024831503546284737,0.022236073890494857,0.02810205213434511,0.020651797183274506,0.012758215335613166,0.0628521379989253,-0.06000951715159142,71448.1953125,-0.07726610047117832
2024-07-24,65372.1328125,67113.984375,65146.99609375,65927.859375,27470942309,-0.008426492953570563,-0.008462196557576013,0.02152075321322158,0.027210420222405537,0.020601223207370848,0.019547152803716106,0.08638644076246682,-0.05425457739725281,71448.1953125,-0.08504151117357872
2024-07-25,65777.2265625,66112.421875,63473.47265625,65375.875,38315761670,0.00619673448871394,0.006177613679945953,0.02141577936564588,0.023819154672898735,0.02050848688176637,0.02818579867659987,0.15443801618670472,-0.031684819661542796,71448.1953125,-0.0793717563501265
2024-07-26,67912.0625,68207.6015625,65743.765625,65771.8125,30488630457,0.032455548053117234,0.03193999219319689,0.0184702138995458,0.02424809311625715,0.020890973713179835,0.01801684057665498,0.19853893346334317,-0.008960659493229106,71448.1953125,-0.04949226214929103
2024-07-27,67813.3359375,69398.5078125,66705.21875,67911.8125,34691905492,-0.0014537411892032726,-0.001454798896138238,0.018428340312468938,0.023898002016631052,0.02084650149639458,0.009673201428367584,0.16310839835649982,-0.020971479829610562,71448.1953125,-0.050874054398461155
2024-07-28,68255.8671875,68301.8515625,67085.828125,67808.65625,18043166945,0.006525726007755361,0.006504525639670648,0.017691379222346745,0.021037791350172457,0.020817665074094327,0.0014869702682747121,0.22214781849419607,-0.0038271140971430917,71448.1953125,-0.044680318530613716
2024-07-29,66819.9140625,69987.5390625,66532.59375,68259.0546875,40780682628,-0.021037797689324123,-0.021262245664086656,0.019306786338523892,0.022033590299981615,0.0209224153182316,-0.011324008382006423,0.1783757867337903,-0.03710147916640161,71448.1953125,-0.06477814071799615
2024-07-30,66201.015625,66987.671875,65323.19140625,66819.0546875,31380492109,-0.009262185475442442,-0.009305346230673276,0.016991542514441477,0.02206555875353441,0.020860517761473307,0.004146115617706947,0.14121527811914625,-0.030678171695998957,71448.1953125,-0.07344033903935421
2024-07-31,64619.25,66810.2109375,64532.046875,66201.2734375,31292785994,-0.023893373992326827,-0.024183450577486682,0.01923570251459194,0.022936943086490722,0.021033756457218507,-0.011516876994963843,0.11909346445787494,-0.04378406648974176,71448.1953125,-0.09557897554489059
2024-08-01,65357.5,65593.2421875,62248.94140625,64625.83984375,40975554494,0.011424614182306447,0.011359846111043197,0.019680484741488292,0.022785386152392822,0.021031730077254812,-0.006381031618917343,0.1397261826701337,-0.0439916994249272,71448.1953125,-0.0852463142821247
2024-08-02,61415.06640625,65523.22265625,61184.89453125,65353.5,43060875727,-0.06032105869640059,-0.06221701386487153,0.024292048801188258,0.027022042766274842,0.022294559979860754,-0.0956677776315511,0.06071906833659613,-0.09003141719068197,71448.1953125,-0.14042522505106136
2024-08-03,60680.09375,62148.37109375,59836.52734375,61414.80859375,31753030589,-0.011967302150066583,-0.012039486792085179,0.023704784437651526,0.02681418307110986,0.02232760848345976,-0.10518937151350782,0.02444863875995984,-0.10378321645400079,71448.1953125,-0.15071201610345086
2024-08-04,58116.9765625,61062.98828125,57210.8046875,60676.09375,31758917219,-0.04223983565450573,-0.04315788272420938,0.023313887612162652,0.02779848883940236,0.02290757160677155,-0.14854240437892763,-0.04393672274996108,-0.1422051254554061,71448.1953125,-0.1865858009665876
2024-08-05,53991.45703125,58268.828125,49121.23828125,58110.296875,108991085584,-0.07098647891315102,-0.07363198582120066,0.02959874016071467,0.027005605408859493,0.024375251249468852,-0.19198553621680658,-0.1676995493220561,-0.21529498313389372,71448.1953125,-0.2443272108539305
2024-08-06,56034.31640625,57059.91796875,53973.2734375,53991.34765625,49300484106,0.03783671505322772,0.03713846509911699,0.038889393034109855,0.028742525803278348,0.024657923463094242,-0.15357316081583905,-0.13922010792763462,-0.20595025349082674,71448.1953125,-0.21573503485753276
2024-08-07,55027.4609375,57726.8828125,54620.5078125,56040.6328125,41637562185,-0.017968550940289485,-0.018131945621423673,0.03892806930408515,0.02879215816162528,0.02468735648558699,-0.1484354749165303,-0.14178888295169412,-0.22586835052993315,71448.1953125,-0.22982713983437952
2024-08-08,61710.13671875,62673.765625,54766.7265625,55030.02734375,45298472567,0.12144256099404904,0.11461585743295792,0.06686898942432407,0.04018083280282375,0.029294981791262293,-0.055806346345101954,-0.035388241121387054,-0.12786023102563493,71448.1953125,-0.13629537528775493
2024-08-09,60880.11328125,61751.86328125,59587.859375,61728.20703125,33425553115,-0.013450358103773374,-0.013541633552667406,0.0627816027610231,0.03897620787351185,0.029240835044700098,-0.008710454230585363,-0.08739363384042442,-0.1220386079036252,71448.1953125,-0.14791251178601983
2024-08-10,60945.8125,61464.51171875,60287.56640625,60881.23046875,15745822278,0.001079157301276501,0.0010785754296191252,0.06254714212860772,0.03891956516867026,0.029242531849903438,0.004379010208763967,-0.09257739986067148,-0.12062430765654786,71448.1953125,-0.14699297535178735
2024-08-11,58719.484375,61778.66015625,58348.82421875,60944.890625,22759754812,-0.036529632368097475,-0.03721354652343721,0.061904208665992076,0.039296847325377075,0.02955745133989139,0.010367156864260707,-0.1384359920167625,-0.15691059381983707,71448.1953125,-0.17815300836959125
2024-08-12,59354.515625,60680.33203125,57688.8984375,58719.39453125,37078637820,0.010814659848586317,0.01075659964060797,0.052621355300110854,0.03947033983117779,0.029603478138210352,0.09933161445607741,-0.12178299813938698,-0.1461290788093651,71448.1953125,-0.16926501270752448
2024-08-13,60609.56640625,61572.3984375,58506.25390625,59356.20703125,30327698167,0.021144992390795814,0.02092453927711503,0.051771965402235824,0.03962419090505795,0.029504687514679783,0.08165085778559944,-0.08066575563040079,-0.09984051749144285,71448.1953125,-0.15169912772245708
2024-08-14,58737.26953125,61687.7578125,58472.875,60611.05078125,29961696180,-0.0308911115194338,-0.0313783013916643,0.053243227019441515,0.040071155719094254,0.029676396105836333,0.06741740452032818,-0.10149375576103781,-0.13926952793355185,71448.1953125,-0.17790408457001572
2024-08-15,57560.09765625,59838.6484375,56161.59375,58733.26171875,35682112440,-0.020041310813293967,-0.02024486209713598,0.021518810502116698,0.04013528641816475,0.02965869875134363,-0.06725052451940283,-0.12492361468664648,-0.13775909121070906,71448.1953125,-0.19437996432948745
2024-08-16,58894.10546875,59847.359375,57110.01953125,57560.2734375,29350938673,0.023175912946963972,0.022911430101342656,0.02467522013802481,0.03974468564571878,0.02980134068459901,-0.03262161821751497,-0.13278873736532448,-0.10781503345791787,71448.1953125,-0.1757089845144575
2024-08-17,59478.97265625,59694.66796875,58814.83203125,58893.53125,13589684021,0.00993082725079053,0.009881840637262366,0.0252272622092702,0.03988759237620829,0.029831155284217516,-0.024067934835555804,-0.12290153796491221,-0.10140392717665547,71448.1953125,-0.16752309283529188
2024-08-18,58483.96484375,60262.71875,58445.40234375,59468.1328125,17740625837,-0.016728732324455264,-0.01687023792647201,0.02173559066592356,0.03986022434301705,0.029875963050709938,-0.004010926420026095,-0.1431657489151288,-0.12237693084877277,71448.1953125,-0.18144937618154067
2024-08-19,59493.453125,59612.66015625,57864.7109375,58480.7109375,25911207712,0.01726094125025579,0.017113663556006083,0.022414434674396855,0.040042050701010294,0.029970489973762483,0.0023408075786146565,-0.10964487219554331,-0.10523104992528276,71448.1953125,-0.16732042195344987
2024-08-20,59012.79296875,61396.328125,58610.8828125,59493.453125,31613400008,-0.008079210921579816,-0.008112024604757306,0.02058622444848633,0.04003624666675679,0.02988517021172692,-0.026345237759947793,-0.10858175797435132,-0.09407250442266513,71448.1953125,-0.17404781589458007
2024-08-21,61175.19140625,61834.3515625,58823.4453125,59014.98828125,32731154072,0.03664287570061453,0.035987487774751865,0.021483418499906246,0.040759056888355016,0.030260527149218362,0.04150553633929044,-0.05329771846237774,-0.05826798291937452,71448.1953125,-0.1437825526777542
2024-08-22,60381.9140625,61408.109375,59815.25390625,61168.31640625,27625734377,-0.012967304646127387,-0.013052114105543453,0.020179847982974147,0.04070994363120029,0.03030075057405435,0.049023829373986416,-0.07612876773897415,-0.06859223134830905,71448.1953125,-0.1548853851605113
2024-08-23,64094.35546875,64947.0625,60372.05078125,60380.953125,42530509233,0.061482671821355916,0.05966667778992524,0.028687552075849894,0.04081053056968681,0.0312616414411303,0.08829831030813984,0.043625924700251284,-2.8765356175131096e-05,71448.1953125,-0.10292548064490348
2024-08-24,64178.9921875,64513.7890625,63619.91796875,64103.87109375,21430585163,0.0013205019089592707,0.0013196308130850045,0.02899927236080304,0.04067277440472376,0.031260824141521905,0.07901985056825156,0.05766138813027122,-0.0011452604649861975,71448.1953125,-0.10174089202961634
2024-08-25,64333.54296875,64996.421875,63833.51953125,64176.3671875,18827683555,0.0024081210374646833,0.0024052261605437084,0.026732643632335074,0.03930963223203643,0.031184463396321176,0.10002020452320837,0.10696644550262513,0.018245197128973434,71448.1953125,-0.09957777537461854
2024-08-26,62880.66015625,64489.70703125,62849.55859375,64342.2265625,27682040631,-0.022583597070127692,-0.022842512079134417,0.029970858020874666,0.03586463850725498,0.030755889583301766,0.05693411381136748,0.16464091939313596,0.04318775339384606,71448.1953125,-0.11991254808854623
2024-08-27,59504.1328125,63210.796875,58116.75,62879.70703125,39103882198,-0.05369739018896724,-0.05519287756090793,0.03801149045108866,0.03756279558811283,0.03135855309533644,0.008325988637924553,0.06192306123793423,-0.037222250452977224,71448.1953125,-0.16717094739424954
2024-08-28,59027.625,60236.44921875,57890.67578125,59507.92578125,40289564698,-0.00800797843742207,-0.00804021450926693,0.034801033931416425,0.03734021314246166,0.031308821999701385,-0.03510518491047321,0.07269396033088582,-0.02933094685164217,71448.1953125,-0.17384022448957503
2024-08-29,59388.1796875,61184.08203125,58786.2265625,59027.46875,32224990582,0.006108236397788236,0.006089656742738993,0.03478145838678744,0.02594329187989164,0.03127436921566626,-0.01645748384145962,-0.03762683336503603,-0.03598130447042447,71448.1953125,-0.16879384527841357
2024-08-30,59119.4765625,59896.88671875,57768.53125,59388.6015625,32292756405,-0.004524521990973862,-0.004534788620027655,0.020943721958391177,0.02581058144238268,0.03116713745030594,-0.07761805029267455,-0.028919734603914504,-0.01990479832378733,71448.1953125,-0.17255465580448426
2024-08-31,58969.8984375,59432.59375,58768.78515625,59117.48046875,12403470760,-0.002530098940268344,-0.0025333050495830443,0.020605373902624888,0.025807500986686813,0.03114626111767481,-0.08116509113732329,-0.03242083387599437,-0.0314922485282606,71448.1953125,-0.1746481743929632
2024-09-01,57325.48828125,59062.0703125,57217.82421875,58969.80078125,24592449997,-0.027885585694078285,-0.028281771257721453,0.02029489254501931,0.025280249119279893,0.031108977516942252,-0.10893313758429501,-0.023739923955181985,-0.08540125191617443,71448.1953125,-0.19766359345369222
2024-09-02,59112.48046875,59403.0703125,57136.02734375,57326.96875,27036454524,0.031172733823612075,0.030696731082648924,0.026638365198656797,0.02612573629665583,0.03136843196538603,-0.05992589260571657,-0.004077788415950856,-0.05949693187248539,71448.1953125,-0.1726525742154308
2024-09-03,57431.0234375,59815.05859375,57425.16796875,59106.19140625,26666961053,-0.02844504270361159,-0.028857442236703133,0.020496103243993452,0.026371188659120033,0.03152709627027332,-0.03483975443407361,-0.0524429253864821,-0.07412647357322943,71448.1953125,-0.196186507072596
2024-09-04,57971.5390625,58511.5703125,55673.1640625,57430.34765625,35627680312,0.00941156177702851,0.009367548966836616,0.02110063086500578,0.025637569029270946,0.031328937582631125,-0.01789138454240702,-0.013036534977891812,-0.036600287032562684,71448.1953125,-0.1886213667267007
2024-09-05,56160.48828125,58300.58203125,55712.453125,57971.703125,31030280656,-0.031240343288065575,-0.031738730145491646,0.023211585094194957,0.026179206742262193,0.030849584415135987,-0.054349054361222726,-0.024315618492492752,-0.014342713007527874,71448.1953125,-0.21396911376675998
2024-09-06,53948.75390625,56976.109375,52598.69921875,56160.19140625,49361693566,-0.03938239218868078,-0.04017885990554018,0.02598514828898472,0.026859452038308564,0.031243855393381533,-0.08746225367512528,-0.08397022967135603,-0.04789105810954797,71448.1953125,-0.24492489040081378
2024-09-07,54139.6875,54838.14453125,53740.0703125,53949.0859375,19061486526,0.003539165966313096,0.003532917856170691,0.026477624159681204,0.026731685995734125,0.031023117958208186,-0.08190977202749228,-0.08976760891798885,-0.07141678926276585,71448.1953125,-0.2422525542709102
2024-09-08,54841.56640625,55300.859375,53653.7578125,54147.93359375,18268287531,0.012964221602682846,0.012880905395702242,0.026848974802155905,0.026817109912782244,0.03061117140750029,-0.04333014771393473,-0.06228029250806255,-0.018040448272591658,71448.1953125,-0.23242894846561135
2024-09-09,57019.53515625,58041.125,54598.43359375,54851.88671875,34618096173,0.039713831911113884,0.03894551366544674,0.02893290203704858,0.028071646025898726,0.030958218713021103,-0.03540614935971842,-0.04158302869984909,0.005545136380967763,71448.1953125,-0.20194576074513781
2024-09-10,57648.7109375,58029.9765625,56419.4140625,57020.09765625,28857630507,0.011034389872275785,0.010973955159393974,0.02735519418007676,0.02816236877244596,0.030854829585838163,0.003790416520034645,-0.02311502239814922,-0.006214797996170085,71448.1953125,-0.19313971912997718
2024-09-11,57343.171875,57991.3203125,55567.33984375,57650.2890625,37049062672,-0.005300015516934153,-0.005314110423381013,0.02715334149994763,0.026834882845925254,0.030856776395382833,-0.010839235901992317,-0.06264009058512732,-0.006915603684705007,71448.1953125,-0.19741609113858605
2024-09-12,58127.01171875,58534.359375,57330.1015625,57343.171875,33835707949,0.013669279499548104,0.013576697629400721,0.024006426891599583,0.026956229911409654,0.03088767845065639,0.03501613852877683,-0.03734400240138136,0.013638483360487674,71448.1953125,-0.18644534736651963
2024-09-13,60571.30078125,60648.0234375,57650.11328125,58130.32421875,32490528356,0.04205082955798245,0.0411907229072504,0.017723170445177325,0.024945931984737185,0.031306306664688296,0.1227562528415096,-0.05496669186754999,0.04614612492033099,71448.1953125,-0.15223469933252554
2024-09-14,60005.12109375,60656.72265625,59517.8828125,60569.1171875,16428405496,-0.00934732588201681,-0.009391286288541528,0.019870574806748337,0.024975181204349616,0.031207805872547765,0.1083388889850907,-0.06503484943415694,0.013053224281129872,71448.1953125,-0.1601590378693304
2024-09-15,59182.8359375,60381.91796875,58696.30859375,60000.7265625,18120960867,-0.013703582981947293,-0.013798343779418605,0.022677291183353848,0.02505136381585155,0.031085247005173205,0.07916020303087556,-0.08006254270423063,-0.026402620540526667,71448.1953125,-0.17166786818552648
2024-09-16,58192.5078125,59205.51171875,57501.33984375,59185.2265625,32032822113,-0.016733367188517922,-0.016874951656180977,0.020788820094798016,0.024862286793977225,0.029939605948241046,0.020571417375391032,-0.07455634740634987,-0.10293862878361759,71448.1953125,-0.18552865390122586
2024-09-17,60308.5390625,61316.08984375,57628.0703125,58192.5078125,38075570118,0.0363626062794542,0.035717088660707746,0.0243072923599844,0.023479126970242535,0.030308385241243907,0.046138553347422784,0.013518493791594643,-0.07356096987255223,71448.1953125,-0.15591235301713902
2024-09-18,61649.6796875,61664.06640625,59218.25390625,60309.0,40990702891,0.02223798894564699,0.02199433056839477,0.024267215792335314,0.023830344460183738,0.030389100659445317,0.07510062090544234,0.04442080614796895,-0.038508417999281286,71448.1953125,-0.13714154125437694
2024-09-19,62940.45703125,63872.44140625,61609.8671875,61651.15625,42710252573,0.020937291974474137,0.020721119053916288,0.024571598773325178,0.02416490072074046,0.030503754913123397,0.08280909632495925,0.05981455169096028,-0.016156693376912168,71448.1953125,-0.11907562177097497
2024-09-20,63192.9765625,64119.53125,62364.60546875,62941.42578125,35177164222,0.004012038411551844,0.0040040116474054175,0.020626710215579484,0.02410287313196124,0.030018207646247845,0.04328247449593392,0.06890284279992853,-0.05272330159622429,71448.1953125,-0.11554131932784784
2024-09-21,63394.83984375,63543.359375,62783.10546875,63184.33984375,14408616220,0.003194394254405042,0.0031893030164782386,0.019563147506523278,0.024064148717381818,0.030007659332049637,0.05649049094833125,0.07503729060920517,-0.05611381575342966,71448.1953125,-0.11271600960005002
2024-09-22,63648.7109375,63993.421875,62440.7265625,63396.8046875,20183348802,0.004004601863112578,0.003996604788029707,0.01729578892463385,0.022949914892187943,0.029950157300660363,0.0754589557809664,0.11030386039150741,-0.066111716034989,71448.1953125,-0.10916279047898447
2024-09-23,63329.80078125,64733.55859375,62628.078125,63643.1015625,31400285425,-0.005010473135318549,-0.005023067643079772,0.014562653474997812,0.022253743846088747,0.02993925140729155,0.08828100320581966,0.07134399164199334,-0.06296417071402416,71448.1953125,-0.11362630638523175
2024-09-24,64301.96875,64695.21484375,62737.41796875,63326.83984375,29938335243,0.01535087678718594,0.015234244172186632,0.010307627991754553,0.021132017886493788,0.029846582949378236,0.06621665438390845,0.11963821818319831,-0.024658888730097472,71448.1953125,-0.10001969302714853
2024-09-25,63143.14453125,64804.50390625,62945.375,64302.58984375,25078377700,-0.018021597802944433,-0.01818596455888868,0.012784885633223738,0.02172474513477867,0.029914865835782907,0.024225021951781667,0.08920938709552662,-0.03409691844754659,71448.1953125,-0.11623877614998368
2024-09-26,65181.01953125,65790.796875,62669.26953125,63138.546875,36873129847,0.032273891570151925,0.03176403065562404,0.015739251165580094,0.020936116556322867,0.030182836559235746,0.03559812886149771,0.16062059868186074,-0.009064034201616833,71448.1953125,-0.08771636223754342
2024-09-27,65790.6640625,66480.6953125,64852.9921875,65180.6640625,32058813449,0.00935309904070647,0.009309629648678252,0.015806200166817524,0.017994095467043645,0.029925074162491287,0.04110721857564026,0.21950294119542413,-0.03123743204677376,71448.1953125,-0.07918368302033518
2024-09-28,65887.6484375,66255.53125,65458.03515625,65792.1796875,15243637984,0.0014741358273548943,0.0014730503557602514,0.01586812692739632,0.018034737989027504,0.02992516254607527,0.039321947967595694,0.21699351215316853,-0.02839688496927517,71448.1953125,-0.07782627469706249
2024-09-29,65635.3046875,66069.34375,65450.015625,65888.8984375,14788214575,-0.003829909793174213,-0.0038372626776130244,0.016273171738517594,0.01824680431460426,0.0299170534208184,0.031211845781931702,0.19681673935593302,-0.03839321963050113,71448.1953125,-0.08135811687860817
2024-09-30,63329.5,65635.0546875,62873.6171875,65634.65625,37112957475,-0.035130555094979754,-0.03576247704956806,0.022136698248125884,0.01918166081638493,0.03012742041073465,-4.749442541918114e-06,0.11066321088831876,-0.05223613516226977,71448.1953125,-0.11363051616616016
2024-10-01,60837.0078125,64110.98046875,60189.27734375,63335.60546875,50220923500,-0.039357521968434894,-0.04015297041725014,0.0253277498411726,0.021433141653817236,0.03050625094341554,-0.05388576749448282,0.05530560567879128,-0.08102606526287714,71448.1953125,-0.14851582259830087
2024-10-02,60632.78515625,62357.6875,59996.94921875,60836.32421875,40762722398,-0.0033568819965540397,-0.0033625289659382266,0.024925900098462586,0.021400661615205565,0.030365863544607973,-0.039756641732620834,0.05736713149424122,-0.0616915987689427,71448.1953125,-0.15137415450377123
2024-10-03,60759.40234375,61469.0390625,59878.8046875,60632.484375,36106447279,0.0020882627636797935,0.0020860853737759526,0.0192687760276315,0.02125740181046412,0.03032917947439385,-0.06783596235987266,0.04528687347178506,-0.0703530223195502,71448.1953125,-0.14960200075032515
2024-10-04,62067.4765625,62465.9921875,60459.94140625,60754.625,29585472513,0.021528753876634443,0.021300283559387175,0.02168617196389813,0.019758766098759997,0.0294755510930063,-0.056591426048884896,0.024701067369402585,0.010622965901142534,71448.1953125,-0.13129399152729648
2024-10-05,62089.94921875,62371.0234375,61689.58203125,62067.609375,13305410749,0.0003620681473552878,0.0003620026165009027,0.021608420903836387,0.01960899327647793,0.02943173889672817,-0.057639015943214855,0.03474416994747398,0.023234233529014547,71448.1953125,-0.13097946075221245
2024-10-06,62818.953125,62959.5703125,61833.1484375,62084.98828125,14776233667,0.011741093613744757,0.011672701783517451,0.022901135192890137,0.01938725656070993,0.028940653232495124,-0.04290909558368161,0.06143871157745662,0.08090538841853578,71448.1953125,-0.12077620924863719
2024-10-07,62236.66015625,64443.70703125,62152.55078125,62819.109375,34253562610,-0.009269383518558882,-0.00931261159307203,0.019210460235340558,0.01907282313437831,0.02744866483554327,-0.017256410420893875,0.06949610002683704,0.15271310644992808,71448.1953125,-0.12892607176375281
2024-10-08,62131.96875,63174.3046875,61843.5625,62221.64453125,28134475157,-0.001682150134457161,-0.0016835665376192953,0.010330839078008316,0.017527368748250765,0.02707998220548452,0.021285743399660273,0.030235016729725617,0.10881996488619383,71448.1953125,-0.13039134888925752
2024-10-09,60582.1015625,62508.8359375,60314.61328125,62131.7265625,27670982363,-0.024944762232405493,-0.025261155468464205,0.014814521530739961,0.017767548245029758,0.02717701576266739,-0.0008359106978079733,-0.01731684788001353,0.10094306606857506,71448.1953125,-0.1520835299264579
2024-10-10,60274.5,61236.72265625,58895.20703125,60581.9296875,30452813570,-0.005077433013489285,-0.005090366975952731,0.014891518208778569,0.017078512539807977,0.022465893790416275,-0.007980696403276588,-0.042356810817664514,-0.023264196047612984,71448.1953125,-0.15638876900429055
2024-10-11,62445.08984375,63400.87109375,60046.125,60275.4609375,30327141594,0.036011743668549645,0.03537847936044716,0.01899261893054603,0.01895825702367405,0.02285364599423959,0.006083915476566171,-0.011834965836912459,0.025705874679802676,71448.1953125,-0.12600885759776337
2024-10-12,63193.0234375,63448.78515625,62443.26953125,62444.6171875,16744110886,0.011977460447594401,0.01190629833225701,0.01942795536583189,0.019137441144804646,0.02289807631703082,0.017765745223333074,-0.003183483178558655,0.03687227793542003,71448.1953125,-0.11554066325809276
2024-10-13,62851.375,63272.65234375,62035.63671875,63192.9453125,18177529690,-0.005406426515387475,-0.005421094129359057,0.019174364025454495,0.01914972998616477,0.02240951997873293,0.0005161161303577355,-0.012527134104615922,0.0703666026529206,71448.1953125,-0.12032242766803614
2024-10-14,66046.125,66482.4921875,62442.15234375,62848.3984375,43706958056,0.050830232433260125,0.049580549288290116,0.026331553159845044,0.022126719436530867,0.023234683698654002,0.061209339225241965,0.0428917221472489,0.11273968466489359,71448.1953125,-0.0756082122000763
2024-10-15,67041.109375,67881.6796875,64809.1953125,66050.3671875,48863870879,0.015064992457922477,0.014952642422039789,0.02597720852680569,0.022118332109912302,0.023166245289929808,0.07901150927235023,0.04259808335961712,0.10611432072688087,71448.1953125,-0.0616822568887051
2024-10-16,67612.71875,68375.2890625,66758.7265625,67042.4609375,38195189534,0.008526251733136592,0.008490108547449185,0.020772656170628987,0.02165741726239356,0.022796634710314553,0.11605106138892873,0.07078478989176684,0.15110421866014723,71448.1953125,-0.053681923605269466
2024-10-17,67399.8359375,67912.2109375,66647.390625,67617.078125,32790898511,-0.0031485616380424464,-0.0031535287872272158,0.020457018027832768,0.0206595028782848,0.02262603994487521,0.11821476640204409,0.034040836154553,0.17094721311998295,71448.1953125,-0.05666146439799202
2024-10-18,68418.7890625,68969.75,67177.8203125,67419.109375,36857165014,0.015118035686984221,0.01500489704966544,0.01852907370310633,0.020802721378419205,0.0225313414050569,0.09566323362969587,0.03994677721299977,0.1617255838753493,71448.1953125,-0.0424000387518535
2024-10-19,68362.734375,68668.0078125,68024.640625,68418.9765625,14443497908,-0.0008192879217548965,-0.000819623721527923,0.01929449911420969,0.020812036900581542,0.022515869363476004,0.081808254397149,0.03756524927199112,0.14935970347188743,71448.1953125,-0.04318458883397702
2024-10-20,69001.703125,69359.0078125,68105.71875,68364.1796875,18975847518,0.009346740674458287,0.009303330181939204,0.017901549428623962,0.02082727516415108,0.022396783717724026,0.09785510857956559,0.05128944633574806,0.17983969297139746,71448.1953125,-0.03424148331248311
2024-10-21,67367.8515625,69462.734375,66829.8515625,69002.0,37498611780,-0.023678423698328066,-0.023963262921302488,0.0137071252615908,0.019920389681222304,0.02256591460477115,0.020012174257006077,0.0637673053237433,0.1323573943666596,71448.1953125,-0.057109122660878975
2024-10-22,67361.40625,67801.578125,66581.3671875,67360.703125,31808472566,-9.567341618454961e-05,-9.56779931777652e-05,0.012622328007422398,0.017418069445872295,0.022529505222707406,0.0047776189562793725,0.107243907484869,0.14147124481417062,71448.1953125,-0.057199332252203305
2024-10-23,66432.1953125,67402.7421875,65188.03515625,67362.375,32263980353,-0.01379441121005398,-0.013890438213698968,0.013139189423703063,0.017813061952946702,0.022184808259679435,-0.017460079395195116,0.09564809106665617,0.0859335914674868,71448.1953125,-0.0702047123522298
2024-10-24,68161.0546875,68798.9609375,66454.1015625,66653.703125,31414428647,0.02602442034118191,0.02569154796745315,0.016950419747951775,0.018406380068144403,0.022316753784419496,0.011294074227508277,0.12181904459617132,0.12883229599094825,71448.1953125,-0.04600732895523407
2024-10-25,66642.4140625,68722.15625,65521.79296875,68165.296875,41469984306,-0.022280180844656217,-0.02253213347279499,0.01789438447567095,0.018989892441875173,0.021192941025786546,-0.025963262787029096,0.073709094575372,0.03975480485161187,71448.1953125,-0.06726245819058807
2024-10-26,67014.6953125,67317.921875,66360.59375,66628.734375,19588098156,0.00558625096700216,0.00557070573324996,0.018221893648676244,0.01898009028192373,0.02120131326697938,-0.019718916670380726,0.07931631698392216,0.044184288789008264,71448.1953125,-0.062051952195696036
2024-10-27,67929.296875,68221.3125,66847.2265625,67023.4765625,16721307878,0.01364777618155344,0.013555484057566741,0.018760316512821302,0.019024430730956682,0.021261346887122567,-0.015541735948999436,0.0813503488323215,0.05589236563570954,71448.1953125,-0.049251047169337814
2024-10-28,69907.7578125,70212.265625,67535.1328125,67922.671875,38799856657,0.029125296867722028,0.028709215102556977,0.019240204275095853,0.01953346932556331,0.021330829595753723,0.03770205210780131,0.12325689773505055,0.11175292432981143,71448.1953125,-0.02156020167146888
2024-10-29,72720.4921875,73577.2109375,69729.9140625,69910.046875,58541874402,0.04023493905417541,0.03944659057776213,0.02297554248054046,0.020836390156245492,0.020653590592419523,0.07955721585755948,0.17041989253720535,0.22210825954972413,72720.4921875,0.0
2024-10-30,72339.5390625,72905.296875,71411.734375,72715.3671875,40646637831,-0.005238593875544262,-0.00525236341818716,0.02160999161802658,0.019704450563921498,0.020631858547162724,0.08892290435701544,0.19407444107679805,0.22552006899311983,72720.4921875,-0.005238593875544262
2024-10-31,70215.1875,72662.3125,69590.5,72335.046875,40627912076,-0.029366396164960396,-0.029806220896924952,0.02558384159829093,0.021206984988123966,0.021038010115376343,0.03013645874345161,0.16492359953214053,0.18230913743225674,72720.4921875,-0.034451151417408066
2024-11-01,69482.46875,71559.015625,68779.703125,70216.8984375,49989795365,-0.010435331387529279,-0.010490161236778449,0.023847897188128717,0.020495714087328327,0.02108468768116357,0.04261632366493329,0.11269707392300843,0.17528897057375725,72720.4921875,-0.04452697362321467
2024-11-02,69289.2734375,69867.3515625,69033.71875,69486.0234375,18184612091,-0.0027804900426771084,-0.00278436278553029,0.024093475520560508,0.020508177365980484,0.021085729323946693,0.03394148275080999,0.09647030112476562,0.17499394222184605,72720.4921875,-0.04718365685910186
2024-11-03,68741.1171875,69361.65625,67482.5234375,69296.3828125,34868307655,-0.00791112711687536,-0.00794258611024876,0.02418553837609861,0.020576412040188636,0.020764905268264675,0.011950960040023162,0.09370904276159431,0.19913705488634825,72720.4921875,-0.05472150806872589
2024-11-04,67811.5078125,69433.1796875,66803.6484375,68742.1328125,41184819348,-0.013523338185854272,-0.013615611362265724,0.02141051476663562,0.01795213768287051,0.02055269456343356,-0.029985942413177757,0.026729544125412286,0.147160587320452,72720.4921875,-0.06750482879492681
2024-11-05,69359.5625,70522.7890625,67458.8671875,67811.171875,46046889204,0.02282879023690776,0.022572112490931908,0.01562667951976419,0.018323517197894823,0.02032596067208528,-0.046217092134556714,0.034582559068817575,0.20770201101293928,72720.4921875,-0.046217092134556714
2024-11-06,75639.078125,76460.15625,69322.03125,69358.5,118592653963,0.09053568676993895,0.08666903126846402,0.03998845029643896,0.02667107561957101,0.02310530967762978,0.04561183420935633,0.11871079174729982,0.30476229108653397,75639.078125,0.0
2024-11-07,75904.859375,76943.1171875,74480.421875,75637.0859375,63467654989,0.003513808689745934,0.0035076496874788744,0.03680213857755955,0.026600281683734253,0.0226488399490159,0.08103192596331099,0.12618759851858874,0.35157050264361667,75904.859375,0.0
2024-11-08,76545.4765625,77252.75,75648.7421875,75902.8359375,55176858003,0.008439738809541852,0.008404323339316332,0.03557709118872237,0.026525661304367915,0.02192577791854141,0.1016516531373246,0.11877859300573612,0.41885532139477566,76545.4765625,0.0
2024-11-09,76778.8671875,76932.765625,75773.7890625,76556.1875,29009480361,0.0030490452928257916,0.0030444063813357424,0.035172650051310345,0.026491652662291476,0.0219266803322227,0.10809167679836817,0.123109950025313,0.418162363561851,76778.8671875,0.0
2024-11-10,80474.1875,81474.421875,76565.4296875,76775.546875,82570594495,0.048129393514959595,0.04700704537184314,0.035392410268536796,0.028052140274177583,0.022550881000487518,0.1706848941732586,0.1662637856085527,0.4673940365574385,80474.1875,0.0
2024-11-11,88701.484375,89604.5,80283.25,80471.4140625,117966845037,0.10223522760015435,0.09734014312496264,0.041794042978191843,0.0338615264584219,0.025256181394255946,0.3080594612386609,0.31667378902098253,0.5556332427462325,88701.484375,0.0
2024-11-12,87955.8125,89956.8828125,85155.109375,88705.5625,133673285375,-0.008406532091926988,-0.008442066269106777,0.045420438308914755,0.03407882519219451,0.025329023230100205,0.2681137153943265,0.30573005221368876,0.5257203685847811,88701.484375,-0.008406532091926988
2024-11-13,90584.1640625,93434.3515625,86256.9296875,87929.96875,123559027869,0.029882636380625716,0.02944485048776148,0.03837922851987315,0.03367198767569229,0.025440279249552458,0.19758418938953715,0.36355819097032804,0.579685272031353,90584.1640625,0.0
2024-11-14,87250.4296875,91765.21875,86682.8125,90574.8828125,87616705248,-0.03680261786927608,-0.03749692231881138,0.04490716191426404,0.03542574935888822,0.02603365202516645,0.14947093514063958,0.2800627878708688,0.501030710294637,90584.1640625,-0.03680261786927608
2024-11-15,91066.0078125,91868.7421875,87124.8984375,87284.1796875,78243109518,0.04373133907381366,0.04280211829142622,0.04525062635394148,0.035121723321288385,0.02607119517695928,0.18969809715854158,0.36648723029592767,0.5034514140843698,91066.0078125,0.0
2024-11-16,90558.4765625,91763.9453125,90094.2265625,91064.3671875,44333192814,-0.005573223886622736,-0.00558881224411838,0.046088266054181246,0.0353635503822388,0.026037763256254405,0.17947138164137155,0.35132266348763763,0.5091791319113323,91066.0078125,-0.005573223886622736
2024-11-17,89845.8515625,91433.0390625,88741.6640625,90558.4609375,46350159305,-0.007869224693816235,-0.007900350440318173,0.046212099928752255,0.03571511425718782,0.025973672526241876,0.11645552883028487,0.3226377379973433,0.5181065614595026,91066.0078125,-0.013398591629406154
2024-11-18,90542.640625,92596.7890625,89393.59375,89843.71875,75535775084,0.007755383808848215,0.007725465406075372,0.026801454701541102,0.03556645398807966,0.025795826172086735,0.02075676932548509,0.295173003085651,0.5559157704069777,91066.0078125,-0.0057471190411420014
2024-11-19,92343.7890625,94002.8671875,90426.984375,90536.8125,74521048295,0.019892819836786257,0.019697543183651734,0.02688515578952627,0.03506024186619554,0.025579716144030967,0.04988842053502718,0.2698454903798502,0.5311892892447729,92343.7890625,0.0
2024-11-20,94339.4921875,94902.0234375,91619.5,92341.890625,71730956426,0.02161166598491282,0.021381444998432572,0.025889989529587487,0.03488916266631746,0.02557385846399938,0.041456784018108817,0.30412072581762595,0.5302511329451098,94339.4921875,0.0
2024-11-21,98504.7265625,99014.21875,94132.6015625,94334.640625,106024505582,0.044151545428309014,0.04320463738221239,0.021180739501592754,0.034074649048947116,0.02594121138886797,0.12898844069088122,0.40289772155774695,0.5650462549643118,98504.7265625,0.0
2024-11-22,98997.6640625,99655.5,97222.6640625,98496.4296875,78473580551,0.005004201495724558,0.004991722095061175,0.018068524929346956,0.03362154618985769,0.025939387037846075,0.08709788032358734,0.42478622080479833,0.5665928311604052,98997.6640625,0.0
2024-11-23,97777.28125,99014.6796875,97232.890625,99006.7421875,44414644677,-0.012327389984975179,-0.012404002529793906,0.019309731057606465,0.03397246018668865,0.02605414485429437,0.07971429027428334,0.4111460028253382,0.5423539438066696,98997.6640625,-0.012327389984975179
2024-11-24,98013.8203125,98647.1796875,95788.078125,97778.09375,51712020623,0.002419161787646784,0.0024162403264788948,0.01796326141883059,0.03366614761660376,0.026058072861073388,0.09091091695333398,0.42583979316418485,0.5399183874869815,98997.6640625,-0.009938050148121436
2024-11-25,93102.296875,98935.03125,92642.9140625,98033.4453125,80909462490,-0.05011051933125821,-0.05140963729329047,0.029921958937074295,0.03620586000011472,0.027001405548856664,0.028270174498237877,0.3729571849726372,0.4701182654369682,98997.6640625,-0.05955056862531716
2024-11-26,91985.3203125,94991.75,90770.8125,93087.28125,91656519855,-0.011997304040733403,-0.012069852534281012,0.02959183083807142,0.03666318457924426,0.027076317656405096,-0.003881893450975671,0.3262096385411888,0.43052105714103805,98997.6640625,-0.07083342638845413
2024-11-27,95962.53125,97361.1796875,91778.6640625,91978.140625,71133452438,0.04323745271515378,0.04232881330495687,0.033159655064645875,0.033006875410348566,0.027296920559875683,0.01720423785273506,0.2686898575285881,0.5197616774138869,98997.6640625,-0.030658630597423353
2024-11-28,95652.46875,96650.203125,94677.3515625,95954.9453125,52260008261,-0.0032310787967048116,-0.003236310003132818,0.027729618501804887,0.03312519755246033,0.02713323304008204,-0.028955542663125722,0.2601626501597085,0.46748960721826305,98997.6640625,-0.03379064894286887
2024-11-29,97461.5234375,98693.171875,95407.8828125,95653.953125,54968682476,0.018912786163713058,0.018736162907207532,0.02894224975851062,0.033154349695388864,0.02717636707835474,-0.01551693809694532,0.27324993996114033,0.48138835237949906,98997.6640625,-0.01551693809694532
2024-11-30,96449.0546875,97499.34375,96144.21875,97468.8125,31634227866,-0.010388394458550332,-0.010442730465097628,0.02883457323743809,0.03346558624755178,0.027253527312590266,-0.013584204280582823,0.2561927288138266,0.4638412050627376,98997.6640625,-0.025744136481755664
2024-12-01,97279.7890625,97888.125,95770.1875,96461.3359375,36590695296,0.008613193542348574,0.008576311620290235,0.02907231205611205,0.032393282588538304,0.02722308877714815,-0.007489058661928172,0.2088321992999309,0.4821259614115354,98997.6640625,-0.01735268216950514
2024-12-02,95865.3046875,98152.6015625,94482.8671875,97276.0078125,72680784305,-0.01454037255458307,-0.014647119798360832,0.02098115662967706,0.024828467855614544,0.026834573226684935,0.029677117592594282,0.08076325174236976,0.5137543275645631,98997.6640625,-0.031640740260522215
2024-12-03,96002.1640625,96297.203125,93629.5625,95854.59375,67067810961,0.0014276215513644441,0.0014266034685602644,0.019816714951477087,0.024675066801718017,0.02618349949804063,0.043668312904207474,0.09148174900322825,0.5780224490721044,98997.6640625,-0.030258289711854736
2024-12-04,98768.53125,99207.328125,94660.5234375,95988.53125,77199817112,0.02881567529768403,0.028408310872006196,0.015646071866550038,0.02462115644734421,0.02628000201891216,0.029240579249518284,0.09035097107981338,0.6289624663533864,98997.6640625,-0.0023145274655707038
2024-12-05,96593.5703125,103900.46875,91998.78125,98741.5390625,149218945580,-0.022020788503929523,-0.022266865312221884,0.018492315355409437,0.023572819050259142,0.026543266718298715,0.009838758735644326,0.10708417893715594,0.5897715676335331,98997.6640625,-0.024284348249694387
2024-12-06,99920.7109375,102039.8828125,96514.875,97074.2265625,94534772658,0.03444474217316973,0.03386480176780916,0.021594996942084103,0.02288946201804171,0.026701025959083673,0.025232393392424557,0.09723390030703172,0.6098722949833957,99920.7109375,0.0
2024-12-07,99923.3359375,100563.3828125,99030.8828125,99916.7109375,44177510897,2.627082989481444e-05,2.62704848226063e-05,0.020801593409986368,0.022796504903577146,0.026702594264472225,0.03602193159131373,0.10341228927958745,0.6093318998451529,99923.3359375,0.0
2024-12-08,101236.015625,101399.9921875,98771.515625,99921.9140625,44125751925,0.013136868131795154,0.013051327819741106,0.02099279578968336,0.022666647294676392,0.0267063916653681,0.0406685355779115,0.12677451283965624,0.6115520967621983,101236.015625,0.0
2024-12-09,97432.71875,101272.5078125,94355.9140625,101237.0625,110676473908,-0.03756861480096407,-0.03829250346621322,0.02594890387829098,0.024564022040540666,0.027233405005045654,0.016350170352135596,0.07609760525470644,0.5655197194931016,101236.015625,-0.03756861480096407
2024-12-10,96675.4296875,98270.15625,94321.2578125,97441.234375,104823780634,-0.007772430783165474,-0.007802793553987951,0.026249943930024368,0.02439831406300906,0.02727728575627495,0.007013025503900927,0.046907763575396055,0.5559691996320333,101236.015625,-0.045049046125969605
2024-12-11,101173.03125,101913.359375,95747.2265625,96656.0625,85391409936,0.04652269534294651,0.04547294957076326,0.02993810157257529,0.025932895825434128,0.027396283351812992,0.02434479858684746,0.07243561422737277,0.6700152130844133,101236.015625,-0.0006221538314319375
2024-12-12,100043.0,102524.9140625,99339.953125,101167.8046875,72073983533,-0.011169293200355757,-0.011232138149604486,0.028629125220400148,0.024376586905587437,0.027455786708383854,0.03571075876313912,0.015616239861586667,0.6597897950211118,101236.015625,-0.011784498013228673
2024-12-13,101459.2578125,101888.8046875,99233.28125,100046.6484375,56894751583,0.014156490833941326,0.014057223472297039,0.026111925926943433,0.024532684227921188,0.027238976886546525,0.015397677424076273,0.02486517003518318,0.6247755919059639,101459.2578125,0.0
2024-12-14,101372.96875,102618.8828125,100634.0546875,101451.4375,40422968793,-0.0008504799301751742,-0.0008508417934171539,0.026127732816740523,0.024337322972296262,0.027257391933478446,0.014507450125631483,0.03677426344885193,0.6041797533276949,101459.2578125,-0.0008504799301751742
2024-12-15,104298.6953125,105047.5390625,101227.03125,101373.53125,51145914137,0.02886101293644905,0.02845237769652882,0.027830088774158643,0.02503396678460552,0.02732965416954032,0.030252866715387405,0.06412233478872431,0.6594496987933836,104298.6953125,0.0
2024-12-16,106029.71875,107780.578125,103322.984375,104293.578125,91020417816,0.016596788984881483,0.016460567443030164,0.020792649916008234,0.021967316470470382,0.02680839690436222,0.08823524695086071,0.13885180397167285,0.6053889421975929,106029.71875,0.0
2024-12-17,106140.6015625,108268.4453125,105291.734375,106030.6875,68589364868,0.001045771070669721,0.0010452246330361938,0.019604572319179607,0.021601338015896417,0.02680604155689584,0.09790669568882016,0.15388630709672513,0.5832166644020425,106140.6015625,0.0
2024-12-18,100041.5390625,106470.609375,100041.5390625,106147.296875,93865656139,-0.057462106019896764,-0.059179154653770175,0.028065885644469955,0.02419063326523961,0.028032994228832087,-0.011183733189767397,0.04250625488268378,0.47962603652142,106140.6015625,-0.057462106019896764
2024-12-19,97490.953125,102748.1484375,95587.6796875,100070.6875,97221662392,-0.025495268879325628,-0.025825905125142587,0.029399521750268866,0.024920410904394848,0.02829868012675059,-0.025509499665144042,0.019220459221027664,0.44645683136979075,106140.6015625,-0.08149236305587293
2024-12-20,97755.9296875,98098.9140625,92175.1796875,97484.6953125,105634083408,0.002717960528709318,0.002714273553183173,0.02857338633016967,0.024593446280212768,0.028279211802265496,-0.03650064276878384,0.003020743362264433,0.4287877793072421,106140.6015625,-0.07899589555334074
2024-12-21,97224.7265625,99507.1015625,96426.5234375,97756.1953125,51765334294,-0.005433973434635808,-0.00544879117211963,0.028516488778666305,0.024508059774646075,0.02830329976024246,-0.040920594894780615,0.008042296293242268,0.4221889667136358,106140.6015625,-0.0840006073900944
2024-12-22,95104.9375,97360.265625,94202.1875,97218.3203125,43147981314,-0.021802983021374844,-0.022044180382015402,0.02445356649240141,0.024910573283099098,0.028515051621219024,-0.08814834917113434,-0.022356664045629304,0.3782984070366018,106140.6015625,-0.10397212659475785
2024-12-23,94686.2421875,96416.2109375,92403.1328125,95099.390625,65239002919,-0.004402456102765462,-0.0044121754491209825,0.021329989612716073,0.024728119977711,0.02829953706423412,-0.10698393522334981,-0.01229915769676515,0.4055107887722318,106140.6015625,-0.10791684997427864
2024-12-24,98676.09375,99404.0625,93448.015625,94684.34375,47114953674,0.04213760595334648,0.041273994068279446,0.030453005538227617,0.02640867273410901,0.02865550457881155,-0.07032660172087479,0.027852806377981265,0.46487579822459546,106140.6015625,-0.07032660172087479
2024-12-25,99299.1953125,99478.75,97593.46875,98675.9140625,33700394629,0.0063146152104343045,0.006294761562737073,0.022331016626556784,0.02569793609240901,0.028537843664458926,-0.00742035515403483,0.005372805040066764,0.49474505313865014,106140.6015625,-0.0644560719393652
2024-12-26,95795.515625,99884.5703125,95137.8828125,99297.6953125,47054980873,-0.03528406928650052,-0.035921593296803764,0.02434691102582829,0.026433395316006636,0.028914331178514833,-0.0173907162219058,-0.00826198560544067,0.40542889285085937,106140.6015625,-0.09746586871762153
2024-12-27,94164.859375,97294.84375,93310.7421875,95704.9765625,52419934565,-0.017022260795415023,-0.01716880486495554,0.024814259525674197,0.025441492461578043,0.028839403362066352,-0.03673506378569269,-0.057604189446773035,0.4129869198118832,106140.6015625,-0.1128290400770735
2024-12-28,95163.9296875,95525.8984375,94014.2890625,94160.1875,24107436185,0.010609799867287384,0.010553910906912645,0.025506381016851622,0.02559862452221843,0.028845454718565873,-0.02119622186517789,-0.0476305780361147,0.42004569660036095,106140.6015625,-0.1034163337442221
2024-12-29,93530.2265625,95174.875,92881.7890625,95174.0546875,29635885267,-0.017167251608511402,-0.017316317368601404,0.024984956747241858,0.025556317776719278,0.028974376313176967,-0.016557614976614676,-0.07611707172518423,0.3768761177465081,106140.6015625,-0.11880821113091666
2024-12-30,92643.2109375,94903.3203125,91317.1328125,93527.1953125,56188003691,-0.00948373223930199,-0.00952898919172895,0.025135806365497965,0.024389877948084917,0.028874640789208553,-0.021576854279995006,-0.049157078586601566,0.325220745685749,106140.6015625,-0.12716519810802251
2024-12-31,93429.203125,96090.6015625,91914.03125,92643.25,43625106843,0.008484077565384274,0.00844829005287248,0.01700078889203762,0.02445917384116453,0.028522575781559534,-0.053172865134824,-0.03357861012868846,0.2847713253109643,106140.6015625,-0.11975999994700426
2025-01-01,94419.7578125,94929.8671875,92788.125,93425.1015625,24519888919,0.010602195613021781,0.010546386456946345,0.017652504393783332,0.02208552059239796,0.028506252294381047,-0.049138741604543124,-0.06674973907634107,0.3052302936423621,106140.6015625,-0.11042752328003602
2025-01-02,96886.875,97739.8203125,94201.5703125,94416.2890625,46009564411,0.026129247147606893,0.02579371069354611,0.01649751732296918,0.02288520759935004,0.028295461499442433,0.011392593566406761,-0.03154768449566692,0.37985638790753073,106140.6015625,-0.08718366418011136
2025-01-03,98107.4296875,98956.9140625,96034.6171875,96881.7265625,35611391163,0.012597729955682757,0.01251903875349227,0.014570391330300218,0.022835131289479154,0.02823484701057223,0.04186880688473393,-0.03303619795045498,0.4119738612122932,106140.6015625,-0.07568425048231642
2025-01-04,98236.2265625,98734.4296875,97562.9765625,98106.9921875,22342608078,0.0013128146911018934,0.001311953703357832,0.014500253512627573,0.022842366266445455,0.028219311637068832,0.032284258175222735,-0.030942589786786767,0.4177696155395625,106140.6015625,-0.07447079518713273
2025-01-05,98314.9609375,98813.3046875,97291.765625,98233.90625,20525254825,0.0008014800420892421,0.0008011590284728617,0.011214739796029521,0.021789675452826104,0.02817164119681795,0.051157091678834865,-0.05737113352253853,0.43022058645531813,106140.6015625,-0.07372900200110455
2025-01-06,102078.0859375,102482.875,97926.1484375,98314.953125,51823432705,0.03827621924594227,0.03756185651681786,0.013635431555387538,0.023210934150586515,0.0283456713839863,0.1018409757663199,-0.03726910586094523,0.5053209879914142,106140.6015625,-0.038274850200541
2025-01-07,96922.703125,102712.484375,96132.875,102248.8515625,58685738547,-0.05050430525956884,-0.05182428297869528,0.028143306678083072,0.025532642524934306,0.029174649462039993,0.0373919490175465,-0.08684611074181747,0.39739496086065995,106140.6015625,-0.08684611074181747
2025-01-08,95043.5234375,97258.3203125,92525.84375,96924.1640625,63875859171,-0.019388436629511285,-0.019578857696565647,0.029505126454461638,0.022746610556988397,0.027244607331054955,0.006606304013601516,-0.049959403582121364,0.25653994989775675,106140.6015625,-0.10455073705669149
2025-01-09,92484.0390625,95349.71875,91220.84375,95043.484375,62777261693,-0.026929603222076492,-0.027298849179035745,0.028877464373116238,0.022822115127466392,0.02752180537992589,-0.04544305859281761,-0.051357730148358316,0.21842053096485303,106140.6015625,-0.1286648304132556
2025-01-10,94701.453125,95770.609375,92250.09375,92494.4921875,62058693684,0.023976181025154863,0.02369326562915915,0.03039630077733697,0.023514853082910823,0.027636068645403584,-0.03471680558087198,-0.031245946637348365,0.23719202463486533,106140.6015625,-0.10777354065365985
2025-01-11,94566.59375,94977.6875,93840.046875,94700.8359375,18860894100,-0.001424047578467369,-0.0014250624978636736,0.030324538837575337,0.023495422362684277,0.02764365868402899,-0.03735518902657875,-0.0273400903914216,0.2316747721617327,106140.6015625,-0.10904411358253652
2025-01-12,94488.4375,95367.5390625,93712.5078125,94565.7265625,20885130965,-0.0008264678561502592,-0.0008268095689983134,0.03027859251793888,0.02301015226212293,0.027055987967104653,-0.03892106960132513,-0.006482313286836461,0.17414590237397554,106140.6015625,-0.1097804599839084
2025-01-13,94516.5234375,95837.0,89260.1015625,94488.890625,72978998252,0.00029724205673309356,0.000297197889065057,0.023910168750222713,0.022988616787165995,0.023881954241974226,-0.07407625672595164,-0.001792433051297171,0.06555740417957345,106140.6015625,-0.10951584929689007
2025-01-14,96534.046875,97352.6640625,94322.15625,94519.0078125,53769675818,0.021345722040169157,0.02112109307155958,0.018855453264583783,0.021489479677360143,0.023981087646240618,-0.004009960901510956,-0.021707860471523732,0.09752890833678562,106140.6015625,-0.09050782213480546
2025-01-15,100504.4921875,100697.234375,96501.640625,96534.046875,57805923627,0.041129999632577796,0.04030666140622702,0.022273754022374286,0.023331677281080217,0.024234340556554403,0.05745755789021323,0.01213803265179414,0.10951503750871194,106140.6015625,-0.05310040919337755
2025-01-16,99756.90625,100781.5859375,97364.4453125,100505.296875,54103781805,-0.0074383335632930425,-0.007466135920999606,0.01794424266716593,0.02192519968055551,0.02375481359255489,0.07863916045648756,0.04135256853261504,0.14333999966869793,106140.6015625,-0.060143764200742855
2025-01-17,104462.0390625,105884.2265625,99948.90625,100025.765625,71888972663,0.04716598568833419,0.046087453886957834,0.022339609643732702,0.023532486945925486,0.023854915697347216,0.10306690779725036,0.1093526795010944,0.14710243231021725,106140.6015625,-0.015814518433943436
2025-01-18,104408.0703125,104913.203125,102226.6171875,104124.953125,50445655726,-0.000516635042589142,-0.0005167685444558994,0.022235404998118564,0.02353026357732337,0.02383594645793142,0.1040692719515448,0.09713912251581003,0.15293536591730916,106140.6015625,-0.016322983142127878
2025-01-19,101089.609375,106299.796875,99570.53125,104411.2890625,76789928525,-0.03178356737719257,-0.032299629277246486,0.028088586485561638,0.024408815094534513,0.0241921695122121,0.0698622185915605,0.08082288571650764,0.1251449857390292,106140.6015625,-0.04758774788482578
2025-01-20,102016.6640625,109114.8828125,99471.359375,101083.75,126279678351,0.009170622908047932,0.009128828074566006,0.02777468953886458,0.02423269669087508,0.0241981037328542,0.07935269254755806,0.10117798196053052,0.12672508067245247,106140.6015625,-0.038853534267672796
2025-01-21,106146.265625,107180.921875,100103.953125,102052.578125,88733878242,0.040479676535688514,0.03968183425876291,0.029796474495973505,0.02544609656214554,0.024577137047516656,0.09957335324858674,0.13611442755201164,0.1494683800895178,106146.265625,0.0
2025-01-22,103653.0703125,106294.34375,103360.265625,106136.3828125,53878181052,-0.023488299826845638,-0.023768546993042258,0.03001012916626389,0.026239880839682827,0.02466846316899737,0.03132773527302679,0.09779004642582989,0.09872406464187056,106146.265625,-0.023488299826845638
2025-01-23,103960.171875,106820.328125,101257.8046875,103657.671875,104104515428,0.002962783076025932,0.002958402684215798,0.0295573518216775,0.02578040877918929,0.02406624475525508,0.04213508400577526,0.07300572833007557,0.055382574043678856,106146.265625,-0.020595107488031283
2025-01-24,104819.484375,107098.546875,102772.125,103965.671875,52388229265,0.008265785680243276,0.00823181116278129,0.023658213654048642,0.025722726684784605,0.024078193811771172,0.0034217723079876805,0.06841535558397349,0.05880765336871496,106146.265625,-0.012499556552345692
2025-01-25,104714.6484375,105243.7890625,104120.375,104824.03125,23888996502,-0.0010001569662844156,-0.0010006574570037008,0.023663155863464146,0.025737376251704056,0.024017820844754817,0.002936345093654147,0.06594738114129717,0.07095070653235203,106146.265625,-0.01348721200006886
2025-01-26,102682.5,105438.6484375,102507.7109375,104713.2109375,22543395879,-0.019406534499448846,-0.019597313563924395,0.021165666058328547,0.026211253969704654,0.0241594776452208,0.015757214167195333,0.04442395156192447,0.04763287128911742,106146.265625,-0.03263200645453701
2025-01-27,102087.6875,103214.109375,97795.9375,102680.3046875,89006608428,-0.005792734886665207,-0.005809577851448121,0.021126571722333246,0.024927879002034973,0.023275530461975124,0.0006961944712924328,9.406095747022114e-05,0.09651094469843069,106146.265625,-0.03823571277899118
2025-01-28,101332.4765625,103730.8203125,100238.1875,102095.4140625,47180685494,-0.007397669160641884,-0.007425167615395995,0.011505721562431796,0.0221559200711189,0.023238962133587723,-0.04535052678637275,0.045497837919489026,0.10161573844875549,106146.265625,-0.04535052678637275
2025-01-29,103703.2109375,104750.8046875,101283.8203125,101317.5234375,47432049818,0.023395602825692086,0.023126120746530303,0.013479614311153814,0.02202348556711315,0.02279863956523306,0.00048373506784549214,0.0911128626843738,0.08066356302476119,106146.265625,-0.023015926873310555
2025-01-30,104735.3046875,106418.765625,103321.6484375,103709.3359375,41915744521,0.009952379879751394,0.009903181107726793,0.01397283963739997,0.02083979511629416,0.022815123881289257,0.007456055511643411,0.13246897247557166,0.09495662847175601,106146.265625,-0.013292610241086855
2025-01-31,102405.0234375,106026.3515625,101543.8828125,104737.5625,45732764360,-0.022249243050878498,-0.022500491172309005,0.01599488061548705,0.02129855692472118,0.022903378856776593,-0.023034466844561785,0.08134585118067594,0.05072258082616732,106146.265625,-0.035246102775930765
2025-02-01,100655.90625,102755.7265625,100297.7109375,102402.796875,27757944848,-0.017080384621634526,-0.017227936971828707,0.01676033024195641,0.021764804084039094,0.02297266822619736,-0.03876002305372306,0.06439179268841966,0.04361734364458436,106146.265625,-0.0517244704057388
2025-02-02,97688.9765625,101430.6640625,96216.078125,100661.5390625,63091816853,-0.02947596219670423,-0.029919108206548826,0.018494126227482817,0.02289816125260246,0.02326673511302716,-0.04863071543349651,0.033872282653631514,0.0042062950993562165,106146.265625,-0.0796758040681188
2025-02-03,101405.421875,102514.171875,91242.890625,97681.1015625,115400897748,0.03804365081173988,0.03733783666464687,0.025168572612442368,0.024215042496859112,0.023664360654792885,-0.006683133311252587,0.07288565202099662,0.05779063870458212,106146.265625,-0.044663311724491006
2025-02-04,97871.8203125,101745.6171875,96208.109375,101398.71875,73002130211,-0.034846278405663456,-0.03546789334061943,0.028328173864993353,0.025242687782196096,0.024095299842698776,-0.03415150174352577,0.013858047816355024,0.0194751469225507,106146.265625,-0.07795323993528391
2025-02-05,96615.4453125,99113.2109375,96174.828125,97878.0078125,49125911241,-0.012836943218062724,-0.012920048753753386,0.025530504691639117,0.023644818743221756,0.023878857960916215,-0.0683466361448698,-0.03869525421554931,-0.021799311078648853,106146.265625,-0.08978950183863332
2025-02-06,96593.296875,99168.609375,95707.3515625,96610.640625,45302471947,-0.00022924323774897726,-0.00022926951799646017,0.024487362208107124,0.02360832137829775,0.02371300448705119,-0.0777389041526485,-0.03171318652436661,-2.8308043601432686e-06,106146.265625,-0.08999816144026496
2025-02-07,96529.0859375,100154.140625,95653.8828125,96581.3203125,55741290456,-0.0006647556256734743,-0.0006649766736617645,0.02422748979044476,0.020847601055217425,0.023306122324999658,-0.05737938728744307,-0.07594101356047323,-0.03394316321589674,106146.265625,-0.09060309028182079
2025-02-08,96482.453125,96877.8046875,95702.4921875,96533.2578125,22447526395,-0.00048309597099249757,-0.00048321269944663663,0.024019761477751318,0.020847846138805207,0.023306102495368554,-0.04146257562506428,-0.07591000546009641,-0.03443522756938577,106146.265625,-0.0910424162649387
2025-02-09,96500.09375,97325.28125,94745.2578125,96481.3125,27732901800,0.00018283765004545316,0.00018282093727943363,0.021642409973133308,0.019824900059038225,0.023242801970741973,-0.012170081562266843,-0.04540046848904944,-0.046780998301462984,106146.265625,-0.09087622459633748
2025-02-10,97437.5546875,98333.21875,95320.84375,96499.4609375,40078962391,0.009714611676219231,0.009667728227994938,0.014463061368536437,0.019840607683027613,0.022785238081064613,-0.039128747892702376,-0.04488589601591586,4.9633609346511065e-05,106146.265625,-0.08204444015267254
2025-02-11,95747.4296875,98492.8984375,94875.0390625,97438.1328125,37488783272,-0.017345724709743937,-0.01749792436938306,0.009071564313257759,0.01752853190007695,0.022871405136200475,-0.021705845648082644,-0.09796704458956329,-0.009599129820262786,106146.265625,-0.09796704458956329
2025-02-12,97885.859375,98151.0234375,94101.203125,95745.6953125,49340445530,0.02233406885677658,0.022088315919347463,0.012032944113727557,0.0179270110399026,0.022274851292769474,0.013149181876571436,-0.05563955722790115,-0.03249059392989173,106146.265625,-0.07782097845234492
2025-02-13,96623.8671875,98111.0859375,95269.7109375,97888.75,37147280860,-0.012892487184132717,-0.012976316589520155,0.013297125636810968,0.018016027916320433,0.02228949196273745,0.00031648482336787964,-0.0705684163000524,-0.03417663217316558,106146.265625,-0.08971015966912399
2025-02-14,97508.96875,98819.46875,96342.8046875,96623.3671875,32697987277,0.009160278803397981,0.009118577917229297,0.013712443269831027,0.01804583321291401,0.022246047143506986,0.010151166386620947,-0.06974386173133662,-0.038934732499229074,106146.265625,-0.0813716509397926
2025-02-15,97580.3515625,97975.0390625,97240.1953125,97508.3828125,17047266288,0.0007320640697474623,0.0007317962415499838,0.013690468227991644,0.01806073676350465,0.02224640810183308,0.011379255003783895,-0.06813083920401242,-0.03741250980676247,106146.265625,-0.08069915613199419
2025-02-16,96175.03125,97725.59375,96060.9765625,97580.4921875,16536755396,-0.014401672980240199,-0.014506383627455663,0.015006048574634343,0.017868170431987948,0.021996132521703734,-0.0033685200435362717,-0.06337466218683807,-0.0778884533326123,106146.265625,-0.09393862625584004
2025-02-17,95773.3828125,97032.234375,95243.546875,96179.0078125,27336550690,-0.004176223623530095,-0.004184968400662239,0.01435200226709402,0.017858840748898354,0.021882770587529913,-0.017079368220367375,-0.06185177509775608,-0.09673076622680377,106146.265625,-0.09772254116923862
2025-02-18,95539.546875,96695.375,93388.8359375,95773.8125,37325720482,-0.0024415545387781457,-0.0024445399934847232,0.012779396457253768,0.017828932702053688,0.02188095204965483,-0.0021711581520097445,-0.05716755263478657,-0.09987746942679288,106146.265625,-0.09992550079408413
2025-02-19,96635.609375,96855.59375,95011.96875,95532.53125,28990872862,0.011472343504350446,0.01140703518992484,0.009921334161675243,0.017134412557537924,0.020727097740752754,-0.012772529229276075,-0.06815219604684675,-0.03404515483685411,106146.265625,-0.08959953695968759
2025-02-20,98333.9375,98767.1953125,96442.671875,96632.6796875,31668022771,0.017574558032842136,0.01742191135803241,0.010877058858762372,0.017504046687918814,0.02059383681658757,0.017698218486552397,-0.06111947835163922,0.00864679591263351,106146.265625,-0.07359965118885925
2025-02-21,96125.546875,99497.96875,94852.9609375,98340.671875,49608706470,-0.02245807176184722,-0.02271409470424543,0.013840662720483751,0.017515672415251045,0.020790373809994916,-0.014187637226960259,-0.06132000512975322,-0.016678096333510473,106146.265625,-0.0944048167026601
2025-02-22,96577.7578125,96950.15625,95765.34375,96134.203125,18353824477,0.0047043783073406065,0.00469334730219672,0.014049151085130517,0.017274978342167516,0.020787302578772208,-0.010274545376666722,-0.040515739109944215,-0.00665436430499089,106146.265625,-0.09014455436712399
2025-02-23,96273.921875,96671.875,95270.453125,96577.8046875,16999478976,-0.0031460239332733453,-0.0031509830703417255,0.012909565331509382,0.016082093917258875,0.020602217015903992,0.0010282359539135477,-0.014485305684359018,0.01229152140497436,106146.265625,-0.09300698137490415
2025-02-24,91418.171875,96503.453125,91371.7421875,96277.9609375,44046480529,-0.05043681513571874,-0.05175320553649131,0.023241009168523133,0.017022455739503322,0.021569045976006503,-0.04547412662687711,-0.09848832355641735,-0.034514732415174776,106146.265625,-0.13875282058468552
2025-02-25,88736.171875,92511.078125,86008.234375,91437.1171875,92139104128,-0.029337712021491935,-0.029776669354997204,0.024659419672212055,0.01657255196608604,0.0211755159296553,-0.07121004047571267,-0.09334299094806164,-0.10073282694168262,106146.265625,-0.16401984231369415
2025-02-26,84347.0234375,89286.25,82131.8984375,88638.890625,64597492134,-0.04946290046952739,-0.05072808622097089,0.026413397079021243,0.019208866129585292,0.02199526066376995,-0.1271641583985199,-0.1269819937725084,-0.15057696920850872,106146.265625,-0.20536984564783178
2025-02-27,84704.2265625,87000.78125,83144.9609375,84076.859375,52659591954,0.004234922709094535,0.00422598066095089,0.023679860971478468,0.019303490814926556,0.021600798660784706,-0.13860637826589628,-0.12308380288422571,-0.11578087961776651,106146.265625,-0.2020046483618344
2025-02-28,84373.0078125,85036.3203125,78248.9140625,84705.625,83610570576,-0.003910297790814532,-0.003917962993897036,0.02449280035632009,0.01927114960293745,0.021513984898132336,-0.12226238959953906,-0.12593176457581645,-0.10398626013452805,106146.265625,-0.20512504782242547
2025-03-01,86031.9140625,86522.3046875,83794.234375,84373.8671875,29190628396,0.019661575342751147,0.019470783362415745,0.027313359416254474,0.02005580740464583,0.02162618417977029,-0.10919536743101999,-0.10831543689048384,-0.09596089248297945,106146.265625,-0.1894965540621204
2025-03-02,94248.3515625,95043.4375,85040.2109375,86036.2578125,58398341092,0.09550452979612856,0.09121501495686515,0.050604798833635875,0.029777407574772655,0.024734179540267676,-0.02103965718909795,-0.023334093263510436,0.007677999149506176,106146.265625,-0.11208980355968123
2025-03-03,86065.671875,94429.75,85081.3046875,94248.421875,70072228536,-0.08682040111941614,-0.09082270482945609,0.057773946262081884,0.0350687822721412,0.02704479012167491,-0.05854962848435319,-0.11670944379681636,-0.07099860848883377,106146.265625,-0.18917852297264937
2025-03-04,87222.1953125,88911.2734375,81529.2421875,86064.0703125,68095241474,0.013437685575495406,0.013348200634372372,0.05729764677949279,0.035183596799973176,0.02707942102976712,-0.017061549202648685,-0.08903878049598424,-0.066435414248322,106146.265625,-0.17828295890649715
2025-03-05,90623.5625,90998.2421875,86379.7734375,87222.953125,50498988027,0.03899657851208138,0.03825541905303624,0.05452873321618458,0.035982234077112006,0.02750403566808158,0.0744132846270602,-0.07419148098989659,-0.04020551842590547,106146.265625,-0.14623880579877913
2025-03-06,89961.7265625,92804.9375,87852.140625,90622.359375,47749810486,-0.007303133084179958,-0.007329931515325766,0.05496066461864963,0.035926401494076915,0.02730811700279941,0.06206892162719524,-0.06894922361234024,-0.07147664157296851,106146.265625,-0.1524739374221391
2025-03-07,86742.671875,91191.046875,84717.6796875,89963.28125,65945677657,-0.0357824911826653,-0.0364383782693103,0.057557972596058535,0.03651327400434606,0.027603659507135208,0.028085570538934013,-0.11041340107496522,-0.11583993025502737,106146.265625,-0.18280053128341034
2025-03-08,86154.59375,86847.265625,85247.484375,86742.65625,18206118081,-0.006779571257010009,-0.006802656950121629,0.05733206806325018,0.0364919040337099,0.027608820159475477,0.0014259788223573988,-0.11709076294095766,-0.12298551395205926,106146.265625,-0.1883407933127652
2025-03-09,80601.0390625,86471.1328125,80052.484375,86154.3046875,30899345977,-0.0644603432710168,-0.06663174322153219,0.0439973455950934,0.03868656640549924,0.0287153757196018,-0.14480160420577648,-0.16193384067655292,-0.18017524195794532,106146.265625,-0.24066062439490554
2025-03-10,78532.0,83955.9296875,77420.59375,80597.1484375,54061099422,-0.02567012890361897,-0.026005355987276976,0.03366450971827316,0.038873574471876775,0.02837019448307988,-0.08753399248357407,-0.18002269843860752,-0.2306673927243964,106146.265625,-0.2601529640482818
2025-03-11,82862.2109375,83577.7578125,76624.25,78523.875,54702837196,0.05513944554449135,0.05367293406512474,0.041742113292344216,0.04129164468264892,0.028682956691557442,-0.049987097428344174,-0.13269202494843835,-0.14506912966889052,106146.265625,-0.2193582086981687
2025-03-12,83722.359375,84358.578125,80635.25,82857.375,40353484454,0.010380466895202334,0.010326959815815329,0.037748095008208686,0.04126929789844051,0.028638392638738765,-0.07615241483140767,-0.13362827723152648,-0.1191155762438113,106146.265625,-0.2112547824265485
2025-03-13,81066.703125,84301.6953125,79931.8515625,83724.921875,31412940153,-0.0317197970748182,-0.032233767760911476,0.03850886736941755,0.04126345057485555,0.028712968654272513,-0.09887564164656482,-0.17559791475857456,-0.12345196050298202,106146.265625,-0.23627362067171165
2025-03-14,83969.1015625,85263.2890625,80797.5625,81066.9921875,29588112414,0.03580259620308812,0.03517658147592443,0.04121005284317522,0.042214660476482334,0.02892133793454163,-0.03197469310718071,-0.12646425125994898,-0.1133282669732002,106146.265625,-0.20893023350297446
2025-03-15,84343.109375,84672.671875,83639.59375,83968.40625,13650491277,0.004454112352525463,0.00444422215127116,0.041297912734763485,0.04221165019300076,0.028931053797994162,-0.021025975472143688,-0.12668184388017012,-0.10810883600214272,106146.265625,-0.20540671988431058
2025-03-16,82579.6875,85051.6015625,82017.90625,84333.3203125,21330270174,-0.020907717157540473,-0.021129378542194648,0.032772296830621446,0.04233816032105429,0.029035040034403888,0.024548671586798188,-0.14224240696021817,-0.12603393933781581,106146.265625,-0.22201985144025171
2025-03-17,84075.6875,84725.328125,82492.15625,82576.3359375,25092785558,0.018115835083536647,0.017953698574085318,0.030264698313779672,0.04140783751487519,0.029141612064617135,0.07059144679875717,-0.08031755858167555,-0.11046572131278298,106146.265625,-0.20792609137067797
2025-03-18,82718.5,84075.71875,81179.9921875,84075.71875,24095774594,-0.016142449028442418,-0.01627415768219446,0.023949458477710163,0.041089684970025325,0.029051471446788293,-0.0017343362658811534,-0.06781531981655597,-0.14311579512344985,106146.265625,-0.22071210406748587
2025-03-19,86854.2265625,87021.1875,82569.7265625,82718.8046875,34931960257,0.049997601050550955,0.048787879453061046,0.030576244911345498,0.0411421869697546,0.029284521049907888,0.037407775066061966,0.02972485599160235,-0.13581746773601144,106146.265625,-0.1817495787431288
2025-03-20,84167.1953125,87443.265625,83647.1953125,86872.953125,29028988961,-0.030937253791171848,-0.0314259156183106,0.030417832549578014,0.04176644358292863,0.029505116435793,0.0382461857702443,-0.0063400761897488556,-0.15627700901660635,106146.265625,-0.20706399969028588
2025-03-21,84043.2421875,84782.2734375,83171.0703125,84164.5390625,19030452299,-0.0014727011460912154,-0.0014737866362900664,0.027396462919715252,0.04175688254396202,0.028819177935184435,0.0008829512716033161,-0.0039084256156047825,-0.19546619095558115,106146.265625,-0.20823175744671896
2025-03-22,83832.484375,84513.875,83674.78125,84046.2578125,9863214091,-0.0025077306278807887,-0.0025108802510379665,0.02735295158571398,0.04153164088753661,0.028817460133101304,-0.00605414009257943,-0.025565276693741423,-0.19706892269836962,106146.265625,-0.21021729891875318
2025-03-23,86054.375,86094.78125,83794.9140625,83831.8984375,12594615537,0.026503933905394295,0.02615878981767563,0.027342027317557093,0.035913202472615154,0.028816385549928537,0.042076781896274396,-0.08694026395852916,-0.1487317486728591,106146.265625,-0.18928495040967208
2025-03-24,87498.9140625,88758.7265625,85541.1953125,86070.9296875,34582604933,0.016786352378946434,0.016647018673748026,0.02725010611820832,0.030654893328306287,0.028880519692264905,0.04071601035079264,0.01665289024387806,-0.14230763310497752,106146.265625,-0.17567600190833377
2025-03-25,87471.703125,88542.3984375,86346.078125,87512.8203125,30005840049,-0.0003109860024155253,-0.0003110343685901033,0.025716774603692805,0.030527797286737716,0.02836491598129829,0.057462395050683845,0.0028606000067534776,-0.1759323551331955,106146.265625,-0.1759323551331955
2025-03-26,86900.8828125,88292.15625,85861.453125,87460.234375,26704046038,-0.00652577110204744,-0.006547157036869115,0.018221584268253346,0.029253134680611526,0.028244374846868543,0.0005371788092134455,-0.041078496417529364,-0.16161786090363184,106146.265625,-0.18131003195619955
2025-03-27,87177.1015625,87786.7265625,85837.9375,86896.2578125,24413471941,0.003178549412391707,0.0031735085032361422,0.01199934821705924,0.02924015651987741,0.028245048889915986,0.035761037763283765,-0.030953441051016384,-0.16143750062937268,106146.265625,-0.17870778543934296
2025-03-28,84353.1484375,87489.859375,83557.640625,87185.234375,34198619509,-0.032393289916566204,-0.032929565500329085,0.018661199058036634,0.029047809541063174,0.02846114427227713,0.003687461858130181,-0.02754726579028377,-0.19525316366068035,106146.265625,-0.20531214225182493
2025-03-29,82597.5859375,84567.3359375,81634.140625,84352.0703125,16969396135,-0.020812056603918605,-0.02103168000812764,0.0203845266540426,0.029349010633639348,0.0285475241749199,-0.014730548029282309,-0.04128633956329231,-0.21121268924663195,106146.265625,-0.2218512309297268
2025-03-30,82334.5234375,83505.0,81573.25,82596.984375,14763760943,-0.0031848691098436133,-0.0031899515997126566,0.016123508348597045,0.025591998056055443,0.028473499212261364,-0.04322675706493717,0.021506973051002687,-0.19816401589852217,106146.265625,-0.2243295329072016
2025-03-31,82548.9140625,83870.125,81293.890625,82336.0625,29004228247,0.0026038970780313253,0.002600512811616096,0.013421162806341737,0.02483342020932949,0.028480345159939923,-0.05657213067197886,0.05115002880991182,-0.19139206613432203,106146.265625,-0.2223097668444235
2025-04-01,85169.171875,85487.3671875,82429.359375,82551.921875,28175650319,0.0317418810684309,0.03124852053156838,0.02027938726841483,0.022803496697188255,0.028807157945929054,-0.026323155577634094,0.027840929072482146,-0.159507644891426,106146.265625,-0.19762441595551894
2025-04-02,82485.7109375,88466.953125,82343.5390625,85180.609375,47584398470,-0.031507420800550134,-0.03201445832298525,0.022902920516259792,0.02380299807665155,0.028846298733907975,-0.05080698529296079,-0.014770826416404925,-0.20459829361298554,106146.265625,-0.22290520112209555
2025-04-03,83102.828125,83909.296875,81282.1015625,82487.4765625,36852112080,0.007481504135517403,0.007453656492041082,0.023282386083415606,0.02274070198948602,0.028829778790157665,-0.046735591852397396,0.025116662223951813,-0.20654426534629444,106146.265625,-0.2170913631706014
2025-04-04,83843.8046875,84696.1484375,81670.75,83100.25,45157640207,0.008916382019940938,0.008876865806506007,0.020746754746906883,0.021427517145950422,0.02876594423542836,-0.0060382304565358424,-0.0014921783449920456,-0.18125301012531203,106146.265625,-0.21011065067791923
2025-04-05,83504.796875,84207.015625,82377.734375,83844.703125,14380803631,-0.004043325726492686,-0.004051522069073574,0.018922704495931746,0.021422338327461165,0.02870811406943021,0.010983504265929422,-0.009939312247462473,-0.17039347231549062,106146.265625,-0.21330443060511584
2025-04-06,78214.484375,83704.71875,77097.7421875,83504.5078125,36294853736,-0.06335339642726368,-0.06544922522509501,0.031201425093587726,0.02514672049729952,0.029526134979879798,-0.05004023695634208,-0.05286049459802089,-0.19935199316005225,106146.265625,-0.2631442668805618
2025-04-07,79235.3359375,81119.0625,74436.6796875,78221.3359375,91262424987,0.013051950296130821,0.012967507560798076,0.031971129658252134,0.024964991124838205,0.029129763674756722,-0.0401407839537562,-0.05757135869391494,-0.21862821067722127,106146.265625,-0.25352686247646783
2025-04-08,76271.953125,80823.890625,76198.0234375,79218.4765625,48314590749,-0.03739976334343409,-0.03811707626174969,0.02914382778253887,0.02595621891358895,0.029175837601103087,-0.10446524903468779,-0.07793355627822074,-0.2206954679961266,106146.265625,-0.2814447811620787
2025-04-09,82573.953125,83541.0,74589.671875,76273.5625,84213627038,0.0826253916648998,0.07938900944238107,0.04574195477865928,0.029984608647780454,0.031100181316858513,0.0010697875607432739,-0.049281118569629245,-0.14533382464970457,106146.265625,-0.22207387477273766
2025-04-10,79626.140625,82700.9296875,78456.1328125,82565.9765625,44718000633,-0.0356990599146636,-0.0363518545774045,0.04760224561218377,0.030231537726971555,0.03138707155543847,-0.04183597091028601,-0.05395278612575549,-0.17565562827777748,106146.265625,-0.24984510612640787
2025-04-11,83404.8359375,84247.4765625,78936.3203125,79625.046875,41656778779,0.04745546227457886,0.04636385379527456,0.05156145615049204,0.032117453773665594,0.032013632123880184,-0.005235553797160231,-0.007596163991100191,-0.13596161066414325,106146.265625,-0.2142461588600989
2025-04-12,85287.109375,85856.1875,82769.375,83404.515625,24258059104,0.022567917271733462,0.022317029488567466,0.05215880856524547,0.03247881554415389,0.032160478430736716,0.02134383372811488,0.017351567364903175,-0.11603502385553588,106146.265625,-0.19651333117730674
2025-04-13,83684.9765625,86015.1875,83027.0078125,85279.46875,28796984817,-0.01878516957885823,-0.018963852136872177,0.04473304647935583,0.032225476382854654,0.03223366772990363,0.06994218821761544,-0.027533735937307124,-0.13279901282479323,106146.265625,-0.211606964505493
2025-04-14,84542.390625,85785.0,83690.640625,83694.5234375,34090769777,0.010245734631468162,0.010193602875445013,0.04471941012557095,0.032077886416672495,0.032236783677139745,0.0669783831255053,-0.03378925863454918,-0.13234285388069456,106146.265625,-0.20352929867851866
2025-04-15,83668.9921875,86429.3515625,83598.8203125,84539.6953125,28040322885,-0.01033089354397465,-0.010384627625774925,0.04093301730292736,0.03213924650352857,0.032194100791835975,0.09698242616623687,-0.04347361262722638,-0.12614894769939566,106146.265625,-0.2117575527047657
2025-04-16,84033.8671875,85428.28125,83100.6171875,83674.5078125,29617804112,0.004360934564412222,0.004351453244225117,0.02757797210169378,0.03214407893670747,0.032057669043842,0.017680079580179253,-0.03299178940662728,-0.14151167774329,106146.265625,-0.20832007897121907
2025-04-17,84895.75,85449.0703125,83749.75,84030.671875,21276866029,0.01025637449930672,0.010204134780153822,0.02172619347604253,0.032228274121634495,0.03206247762840252,0.06617938950246582,-0.026169160497546806,-0.12137909120053558,106146.265625,-0.20020031321756637
2025-04-18,84450.8046875,85095.046875,84298.8828125,84900.1875,12728372364,-0.005241078764249063,-0.005254861395886236,0.01414895743887203,0.031431009068017456,0.032036233228506926,0.012540864546317199,0.0011577072321415915,-0.13391756912104558,106146.265625,-0.20439212637161486
2025-04-19,85063.4140625,85597.703125,84353.4609375,84450.8671875,15259300427,0.007254038339443714,0.007227854353502602,0.011314954296152141,0.031073192797835228,0.03205500026997059,-0.0026228502072502824,0.029853513235433393,-0.12827313387965122,106146.265625,-0.19862075635315124
2025-04-20,85174.3046875,85306.3828125,83976.84375,85066.0703125,14664050812,0.0013036230231544543,0.0013027740444132617,0.00787603731028499,0.031052201454278047,0.032015453109380546,0.01779683984123115,0.034490771688934,-0.11438235495764393,106146.265625,-0.19757605992085503
2025-04-21,87518.90625,88460.09375,85143.8359375,85171.5390625,41396190190,0.027527099529631727,0.027155041278542923,0.012207685799765182,0.03154591954815095,0.03221998669288411,0.0352073747027426,0.060206633169481716,-0.08618758490195733,106146.265625,-0.1754876562573371
2025-04-22,93441.890625,93817.3828125,87084.53125,87521.875,55899038456,0.06767662701452015,0.06548491099549585,0.02488399340869367,0.034043944550194424,0.0333575495905881,0.11680430446203038,0.09713278370419753,-0.02195589490019756,106146.265625,-0.11968744190099712
2025-04-23,93699.109375,94535.734375,91962.9609375,93427.5859375,41719568821,0.0027527134594511615,0.0027489316822658697,0.025018175953595945,0.03301382076179299,0.03332807213112623,0.11501603473673883,0.1359435265823976,-0.03038734912515262,106146.265625,-0.11726419367379415
2025-04-24,93943.796875,94016.1953125,91696.7109375,93692.3984375,31483175315,0.0026114175645013393,0.0026080137382399186,0.025470055655402,0.03302443053858044,0.03325444054797478,0.10657832547565693,0.13045246467055782,-0.04464522357807543,106146.265625,-0.11495900188433972
2025-04-25,94720.5,95768.390625,92898.59375,93954.25,40915232364,0.008267742531563593,0.008233751969906927,0.024173678407459345,0.03302223230406827,0.03314762144169681,0.12160565373535248,0.12972568877377744,-0.014616789403831376,106146.265625,-0.10764171078204143
2025-04-26,94646.9296875,95251.359375,93927.25,94714.6484375,17612825123,-0.0007767095032226168,-0.0007770112983303527,0.024880809422071205,0.032978548777714,0.03314308099388425,0.11266319052229146,0.1334310510230794,-0.01999247206327348,106146.265625,-0.10833481394555655
2025-04-27,93754.84375,95301.203125,93665.3984375,94660.90625,18090367764,-0.00942540809771053,-0.009470108357138424,0.026205172228477052,0.02914445997803494,0.03316279721961816,0.10074093465137812,0.1986890215946655,-0.026165737054637872,106146.265625,-0.11673912221064064
2025-04-28,94978.75,95598.4921875,92860.8046875,93755.3046875,32363449569,0.013054325526514532,0.012969852186459676,0.02553061776453244,0.029144476241984813,0.03256094575764441,0.08523693987549108,0.1986918320750004,0.03894825341583652,106146.265625,-0.10520874718714346
2025-04-29,94284.7890625,95485.4140625,93796.6328125,94981.859375,25806129921,-0.007306486319308303,-0.0073333094254447225,0.007999600457071423,0.02743548768308884,0.03234608747566785,0.009020562746131722,0.23616591944327503,0.06252937297448624,106146.265625,-0.11174652723445733
2025-04-30,94207.3125,95249.3203125,92979.640625,94286.46875,28344679831,-0.0008217291810309613,-0.0008220669855229902,0.008006320569865728,0.02196337851255531,0.031684348393372704,0.005423777540574992,0.14088412792093763,0.11690144667412405,106146.265625,-0.11247643103318072
2025-05-01,96492.3359375,97437.9609375,94153.6328125,94212.859375,32875889623,0.02425526614507767,0.023965778896188162,0.012003704178761083,0.020010704634890283,0.03180476875972815,0.027128337870897967,0.21181731501883894,0.13916790050968708,106146.265625,-0.09094931065786138
2025-05-02,96910.0703125,97905.8984375,96375.9453125,96494.96875,26421924677,0.0043291974532626565,0.004319853436324106,0.01185583443214392,0.018021444356113546,0.031794648466598185,0.02311611860684848,0.16192387675362419,0.1485909158040306,106146.265625,-0.08701385072867462
2025-05-03,95891.796875,96943.8828125,95821.2890625,96904.6328125,15775154889,-0.010507405827035687,-0.010562998380901132,0.012938590013093885,0.018067716167422608,0.0317621858873468,0.013152747707825707,0.12434103556461396,0.11460727010370886,106146.265625,-0.09660696671353108
2025-05-04,94315.9765625,96318.921875,94173.4296875,95877.1875,18198688416,-0.016433317174712747,-0.016569841900567834,0.014176439604636982,0.01791468688714021,0.02951062539530295,0.005985107436115911,0.1270359440449893,0.0007175191807482495,106146.265625,-0.1114527109629534
2025-05-05,94748.0546875,95193.1875,93566.265625,94319.5625,25816260327,0.0045811763897039,0.004570714740087168,0.01330444179443749,0.01788796886691683,0.027316659210129057,-0.00242891502046505,0.12071653033528107,0.10088090435301678,106146.265625,-0.10738211910128137
2025-05-06,96802.4765625,96889.1796875,93399.859375,94748.3828125,26551275827,0.02168299794413664,0.021451265529472022,0.015135639029367388,0.01782736896522601,0.02739251715792001,0.026703008248033067,0.15696955385297584,0.10983765331376638,106146.265625,-0.08802748742485489
2025-05-07,97032.3203125,97625.8046875,95829.3359375,96800.1953125,76983822462,0.0023743581586117557,0.002371543824223951,0.015018290158913596,0.017847969060846198,0.026980713723271453,0.029987139400670104,0.1546811251230089,0.07071844932712734,106146.265625,-0.0858621380491924
2025-05-08,103241.4609375,103969.5390625,96913.875,97034.25,69895404397,0.06399043746457878,0.062026403533745514,0.026740748400325972,0.021758550362391892,0.02808073548938866,0.06994467420056605,0.21609692991109686,0.147615379144308,106146.265625,-0.027366056360025648
2025-05-09,102970.8515625,104297.4921875,102343.09375,103239.125,58198593958,-0.002621130818400763,-0.002624571996284568,0.027112956078548293,0.0216766860882549,0.027657790237755664,0.06254026264201618,0.21929982720154295,0.1870841575053801,106146.265625,-0.02991545716472299
2025-05-10,104696.328125,104961.765625,102830.484375,102973.7109375,42276713994,0.016756941758927724,0.016618093181868365,0.02576687366983498,0.021722142562939382,0.02768115069665126,0.09181735598799112,0.2308032692888955,0.21521469219393774,106146.265625,-0.013659806979196332
2025-05-11,104106.359375,104937.9921875,103364.7421875,104701.0703125,46285517406,-0.005635047193781384,-0.005650983970075977,0.02397895104243901,0.021915435999352445,0.026310911268874384,0.10380407614199116,0.22227424992737776,0.2916255247562429,106146.265625,-0.019217880515992047
2025-05-12,102812.953125,105747.453125,100814.40625,104106.9609375,63250475404,-0.01242389281274392,-0.012501714607270616,0.025927283533593793,0.02203565565493929,0.026118910301883663,0.08511940919631344,0.17475134836937012,0.3091854673890897,106146.265625,-0.031403012441117095
2025-05-13,104169.8125,104997.421875,101515.09375,102812.4921875,52608876410,0.013197358248725033,0.013111031807523908,0.025596331339753392,0.01735999369625563,0.025333074434956537,0.07610689518613012,0.11480848475180339,0.2571449798578458,106146.265625,-0.018620090997666705
2025-05-14,103539.4140625,104303.5625,102618.296875,104167.328125,45956071155,-0.006051642240404331,-0.006070027639406428,0.026248717194023833,0.017530791373658584,0.025350395921822255,0.06706109602494714,0.10502025849698748,0.23669966823005573,106146.265625,-0.024559051108869356
2025-05-15,103744.640625,104153.6171875,101440.8125,103538.828125,50408241840,0.00198211052629782,0.0019801487371228356,0.010681946254280615,0.017535453271316385,0.02494343879571128,0.004873814094946027,0.10432667271305673,0.27974416900897014,106146.265625,-0.02262561933629026
2025-05-16,103489.2890625,104533.484375,103137.4765625,103735.65625,44386499364,-0.0024613470244020386,-0.002464381118651062,0.010673725546881882,0.01758801910773771,0.024625974568069555,0.00503479860691769,0.0925754093622817,0.23246869546973437,106146.265625,-0.025031276859863616
2025-05-17,103191.0859375,103716.9453125,102659.1796875,103489.2890625,37898552742,-0.0028814878109744146,-0.0028856472892223486,0.008021668124959391,0.01762476499099053,0.024639295267147147,-0.014377220428426596,0.09027399280896509,0.2234678885111947,106146.265625,-0.027840637351673192
2025-05-18,106446.0078125,106597.171875,103142.6015625,103186.953125,49887082058,0.03154266519659865,0.031055414958406476,0.014739036026983716,0.01828810182760164,0.02468731060351564,0.022473636111626893,0.13536542278648933,0.2890095740856369,106446.0078125,0.0
2025-05-19,105606.1796875,107068.71875,102112.6875,106430.53125,61761126647,-0.007889709931436006,-0.007920998372646527,0.014016187948063604,0.018466926982571803,0.02467056039873029,0.027168041356656625,0.11189270955345276,0.256084640253462,106446.0078125,-0.007889709931436006
2025-05-20,106791.0859375,107307.1171875,104206.515625,105605.40625,36515726122,0.011220046530480143,0.011157568710076757,0.013816552594708686,0.018280073545406287,0.024552218435694054,0.025163465063354984,0.13264384424416287,0.29101816325852137,106791.0859375,0.0
2025-05-21,109678.078125,110724.4609375,106127.234375,106791.3125,78086364051,0.027034018449719976,0.026675054496876065,0.015505578806103084,0.01875682166053925,0.024028561750483485,0.05928818622437326,0.16422043272914721,0.26278342995865644,109678.078125,0.0
2025-05-22,111673.28125,111970.171875,109285.0703125,109673.4921875,70157575642,0.018191448638679386,0.01802796394236439,0.015603745848050438,0.018530167458147423,0.02367127452628514,0.07642458036612432,0.1573279905083136,0.3268029288058618,111673.28125,0.0
2025-05-23,107287.796875,111798.90625,106841.3046875,111679.359375,67548133399,-0.03927066820202352,-0.04006256233899459,0.024459588329833148,0.02112229526493333,0.02430266252835724,0.036704357010376,0.10708615244045916,0.27657850985379095,111673.28125,-0.03927066820202352
2025-05-24,107791.15625,109454.5234375,106895.2890625,107278.5078125,45903627163,0.004691674073487251,0.004680702474076876,0.024197236799578862,0.020820239471863764,0.02428767403821985,0.04457817524360719,0.12409152568609638,0.28579222068414345,111673.28125,-0.03476323930438818
2025-05-25,109035.390625,109313.3046875,106683.375,107802.2734375,47518041841,0.011543009819045436,0.011476897551184374,0.021810948606935693,0.020213402930466518,0.024139612831523313,0.0243257860554158,0.15606490648745974,0.2670522634671393,111673.28125,-0.023621501897975294
2025-05-26,109440.3671875,110376.8828125,108735.640625,109023.78125,45950461571,0.003714175371671846,0.0037072948540294247,0.021221091757913226,0.020219735573089672,0.024084468138211117,0.03630646910385149,0.15506716785329777,0.2507625764284038,111673.28125,-0.019995060926894737
2025-05-27,108994.640625,110744.2109375,107609.5546875,109440.40625,57450176272,-0.004072780217708405,-0.00408109657520394,0.02129751146122499,0.020070274047717263,0.024099584124503737,0.020634256765491132,0.12594888576665908,0.24605600132471417,111673.28125,-0.02398640565600829
2025-05-28,107802.328125,109298.2890625,106812.9296875,108992.171875,49155377493,-0.010939184653144474,-0.010999457493792041,0.01889087307172128,0.020393352182120683,0.02413641242505678,-0.01710232374661247,0.11099402526719304,0.2405205175832057,111673.28125,-0.03466319858851641
2025-05-29,105641.7578125,108910.046875,105374.3984375,107795.5703125,56022752042,-0.020041963379443528,-0.020245528009254558,0.017448869455904743,0.01607124051505735,0.024321253204444768,-0.05401044341123451,0.023249350146769876,0.21180626470773523,111673.28125,-0.05401044341123451
2025-05-30,103998.5703125,106308.9453125,103685.7890625,105646.2109375,57655287183,-0.015554336978341854,-0.015676574887611795,0.0116521341264394,0.01646862286930643,0.024012770671863203,-0.030657974702679835,0.009980676418667844,0.23289494510754305,111673.28125,-0.06872468375240837
2025-05-31,104638.09375,104927.1015625,103136.1171875,103994.71875,38997843858,0.006149348357177731,0.006130518270315466,0.011852577020975821,0.01610706840878262,0.023809912386932686,-0.029251588068014645,-0.0005562217514493151,0.2668420337269617,111673.28125,-0.06299794741636111
2025-06-01,105652.1015625,105884.546875,103826.953125,104637.296875,37397056873,0.009690618169351017,0.009643965283822335,0.011457334972976936,0.016181377736724477,0.023802180611553436,-0.031029274468653778,0.014847721088123933,0.283205357260619,111673.28125,-0.05391781830087494
2025-06-02,105881.53125,105958.3125,103727.546875,105649.8125,45819706290,0.0021715582000447764,0.0021692037754339633,0.01128802260871234,0.01589467491643828,0.023802722658200444,-0.0325184941256893,0.029846221042490795,0.2826520185333299,111673.28125,-0.05186334578129004
2025-06-03,105432.46875,106813.578125,104920.84375,105888.4765625,46196508367,-0.004241178746647534,-0.004250198055930138,0.011286750186321907,0.015708656551400118,0.023562527152778193,-0.03268208284897034,0.012121133941755069,0.23791820947536957,111673.28125,-0.05588456280807996
2025-06-04,104731.984375,105997.6953125,104232.703125,105434.3671875,44544857105,-0.0066439151364365845,-0.006666084188030525,0.011002989256265134,0.015721895133428813,0.023168871524221712,-0.028481237867514775,0.011518032271074397,0.2696985112288861,111673.28125,-0.06215718565178274
2025-06-05,101575.953125,105936.6875,100436.8828125,104750.78125,57479298400,-0.030134359325224014,-0.030597731847037197,0.01376074715207939,0.017089782721878277,0.0235606044508898,-0.03848671937773185,-0.02090409188305964,0.22229237460142093,111673.28125,-0.0904184780099313
2025-06-06,104390.34375,105376.7734375,101169.5703125,101574.3671875,48856653697,0.027707252931573167,0.02733035306445883,0.017659672071378592,0.018182063244046642,0.023748971421913158,0.003767104070015348,0.008706743428837704,0.24505733177401012,111673.28125,-0.06521647271826714
2025-06-07,105615.625,105972.7578125,103987.3125,104390.6484375,38365033776,0.011737496074678777,0.011669145986995247,0.018070115167478747,0.018322594232293217,0.02374857084481586,0.009342020816391239,0.023495625038469692,0.26478512555510014,111673.28125,-0.05424445473612338
2025-06-08,105793.6484375,106497.0625,105075.328125,105617.5078125,36626232328,0.0016855786016509722,0.0016841596083658347,0.017712905477443027,0.01696386398573832,0.02213162107581625,0.0013397450018186596,-0.006128547123618766,0.35260942116899296,111673.28125,-0.052650309426633735
2025-06-09,110294.1015625,110561.421875,105400.234375,105793.0234375,55903193732,0.04253991795791734,0.041659964564867834,0.0239035746244993,0.01923196119255459,0.022610397469919094,0.041674598585860645,0.04439060184614263,0.3919812449523634,111673.28125,-0.012350131312184431
2025-06-10,110257.234375,110380.125,108367.7109375,110295.6875,54700101509,-0.0003342625487465778,-0.00033431842692466013,0.023666500211844792,0.01912739732173632,0.02194838341900423,0.04576166793969727,0.032457282432061696,0.44558031960060673,111673.28125,-0.012680265674561264
2025-06-11,108686.625,110384.21875,108086.328125,110261.796875,50842662052,-0.014244955298426398,-0.01434738860972619,0.024536549011752753,0.01850423474536201,0.019787537215102707,0.03775962661836085,-0.009039665372965744,0.31623376242470536,111673.28125,-0.026744591155281383
2025-06-12,105929.0546875,108780.6953125,105785.6875,108685.9140625,54843867968,-0.025371753999169577,-0.02569916684533185,0.023422387089208994,0.018771118660433836,0.019489160978496293,0.04285563096949763,-0.051437787966850834,0.3303301385203863,111673.28125,-0.051437787966850834
2025-06-13,106090.96875,106182.546875,102822.0234375,105924.59375,69550440846,0.0015285141831733462,0.0015273471943905203,0.021429708502910608,0.01676190559120421,0.018708339655413665,0.01629101829641222,-0.011155305261738357,0.27200020907061084,111673.28125,-0.04998789717213581
2025-06-14,105472.40625,106203.7578125,104379.3671875,106108.0859375,38007870453,-0.0058304915798971235,-0.005847555254663668,0.021195805634589844,0.016759330085122173,0.01859541753910101,-0.0013560375181229656,-0.02151150503128585,0.23667465133853938,111673.28125,-0.05552693473847403
2025-06-15,105552.0234375,106157.1015625,104519.8828125,105464.84375,36744307742,0.0007548627203146641,0.0007545779547483326,0.021186358244079224,0.0165224514185575,0.01837865165833552,-0.002283927282673792,-0.03194712439266778,0.2613019417967888,111673.28125,-0.054813987231166816
2025-06-16,106796.7578125,108915.375,104997.625,105555.59375,50366626945,0.011792615001237072,0.011723623976989297,0.012104528649441192,0.016740466583116446,0.018388357828361318,-0.031709254624266325,-0.024155706371770558,0.263233237467964,111673.28125,-0.043667772478029554
2025-06-17,104601.1171875,107750.1953125,103396.53125,106794.1171875,55964092176,-0.020559056941174436,-0.020773336361813687,0.013291825113112174,0.017268488093856775,0.018560197335987013,-0.05129928407475526,-0.04030953643506263,0.2501778072465801,111673.28125,-0.06332906119833381
2025-06-18,104883.328125,105581.8515625,103602.265625,104602.0703125,47318089133,0.0026979724986506692,0.0026943395038619066,0.013383901703175927,0.017164357636591878,0.01856044982408601,-0.03499323743836924,-0.027077337296605775,0.2481078359868858,111673.28125,-0.06080194876516176
2025-06-19,104684.2890625,105250.890625,103940.7734375,104886.7734375,37333806920,-0.0018977187896134229,-0.0018995217392710328,0.009921233092944428,0.016614579690604567,0.018554272020696972,-0.011750936781907195,-0.009063354963284254,0.23309222266721252,111673.28125,-0.06258428255415838
2025-06-20,103309.6015625,106539.3828125,102372.2109375,104681.03125,50951862476,-0.013131746055793259,-0.013218729770939191,0.01065960544216836,0.0165114772066454,0.018640647612639893,-0.026216813931204674,-0.006624790590195162,0.22331103824036602,111673.28125,-0.0748941877043664
2025-06-21,102257.40625,104015.78125,100973.0625,103315.078125,38360555118,-0.010184874363913243,-0.010237095073649533,0.01092572441200888,0.01658262683712385,0.01871142976876634,-0.03048190625687941,-0.02275163293482685,0.20213146129858828,111673.28125,-0.08431627417592336
2025-06-22,100987.140625,103351.6328125,98286.203125,102212.03125,65536997201,-0.012422235919953284,-0.012500036871865046,0.011032010263881672,0.016574235228166367,0.018812274580280938,-0.04324770538579947,-0.0441539814969073,0.18565265657895824,111673.28125,-0.09569111344617176
2025-06-23,105577.7734375,106116.859375,99705.75,100987.4765625,65237759656,0.04545759771084712,0.0444546821160779,0.022045537581970993,0.01954644980001799,0.019319988082073306,-0.011414057879361228,-0.002868846048162954,0.2063424688594071,111673.28125,-0.05458340387486371
2025-06-24,106045.6328125,106316.828125,104740.2421875,105571.515625,48822986421,0.004431419225533917,0.004421629398587352,0.020393899110034832,0.019543022474400755,0.017468088902446076,0.013809753316598616,0.005815704305984992,0.13488321033744066,111673.28125,-0.050393866594656056
2025-06-25,107361.2578125,108168.3984375,105881.390625,106047.40625,51624120283,0.012406215749838134,0.012329889288552448,0.020765228782883793,0.019638875645351078,0.01751565789573582,0.02362558217590882,0.02510478010314121,0.14580873317399123,111673.28125,-0.03861284802625964
2025-06-26,106960.0,108305.546875,106666.3515625,107375.0703125,43891990613,-0.003737454466123835,-0.00374445620028651,0.020856708016920862,0.01832272686363244,0.017532164075829654,0.021738801093078353,0.053005132704729396,0.13855308767559338,111673.28125,-0.04220598873107795
2025-06-27,107088.4296875,107772.46875,106449.9921875,106954.921875,45353692675,0.0012007263229245613,0.00120000602760066,0.019647831175425685,0.017397766916522246,0.017515388696835606,0.03657770495527357,0.025846125614467974,0.13057289274760997,111673.28125,-0.041055940249807965
2025-06-28,107327.703125,107567.8828125,106883.9765625,107090.546875,30037708335,0.002234353778444831,0.002231861322037002,0.018545548511469282,0.0172371398433645,0.017511522531908207,0.04958366401944603,0.01621046246708291,0.13397976542259404,111673.28125,-0.038913319966587756
2025-06-29,108385.5703125,108526.3046875,107230.109375,107327.8203125,35534874438,0.009856422495764683,0.009808164803266642,0.01643179033249221,0.01734749453051455,0.017474464556368766,0.07326110672816166,0.024499787211055946,0.1560530205939359,111673.28125,-0.029440443593126697
2025-06-30,107135.3359375,108798.7890625,106759.6484375,108383.4375,42064804590,-0.011535062936840146,-0.011602107852204922,0.008089393718234864,0.014735822948349844,0.017508434719285957,0.014752750027656525,-0.02863947917659071,0.12799269244436262,111673.28125,-0.04063590916023163
2025-07-01,105698.28125,107550.6796875,105270.2265625,107144.3828125,44110692247,-0.013413452013053329,-0.013504224993731051,0.009858740693862802,0.01496839793253783,0.017577911826520447,-0.003275491439747924,-0.04134833556131445,0.12105337776101055,111673.28125,-0.05350429335575735
2025-07-02,108859.3203125,109763.65625,105157.3984375,105703.1015625,56248657737,0.02990624847553991,0.02946777720135706,0.014690298594194004,0.01619839411292771,0.017922260455285843,0.013953473818425932,0.001588928835539738,0.15552941086712346,111673.28125,-0.025198157571822977
2025-07-03,109647.9765625,110541.4609375,108605.796875,108845.015625,50494742270,0.007244728772290987,0.007218611789243165,0.01455210418551837,0.015153987468928326,0.017715450330706914,0.025130670928384502,0.03510766603148818,0.13633871019063282,111673.28125,-0.01813598261670135
2025-07-04,108034.3359375,109751.984375,107296.3828125,109635.65625,42616442656,-0.014716556343200904,-0.014825919147368482,0.0161527333182763,0.01557477942491368,0.017840310532362687,0.008832945377575285,0.01831793234049428,0.11478957335525863,111673.28125,-0.032585639749884265
2025-07-05,108231.1796875,108381.34375,107842.2734375,108015.8359375,30615537520,0.0018220480395592098,0.0018203901235928528,0.01614979952343354,0.01549682430489414,0.0177697042926897,0.008417925066818599,0.026156352505705804,0.12868027521254022,111673.28125,-0.03082296431134912
2025-07-06,109232.0703125,109731.625,107847.015625,108231.1875,36746020463,0.009247710575546852,0.009205212306969758,0.01609766105512309,0.01559123447254217,0.01763226242099741,0.007810080230784777,0.03486476862453558,0.15815023385900706,111673.28125,-0.021860295588834067
2025-07-07,108299.8515625,109710.25,107527.0546875,109235.328125,45415696597,-0.008534295352390808,-0.008570920982479692,0.015737232886076907,0.015567389121279411,0.017684457079002826,0.010869575521556651,0.014074338779449969,0.14302981649276925,111673.28125,-0.030208028722179203
2025-07-08,108950.2734375,109198.96875,107499.5546875,108298.2265625,44282204127,0.006005750382996888,0.005987787747688724,0.014283557431604076,0.014807495894751473,0.017516475900155558,0.03076674614801278,0.041578487562460964,0.125490558778802,111673.28125,-0.02438370021925007
2025-07-09,111326.5546875,111925.375,108357.6796875,108950.2734375,57927418065,0.021810695604753683,0.021576245274881944,0.012025856621495048,0.015424190572938678,0.017692958700998195,0.022664429356322957,0.06143232368466567,0.14731415603547693,111673.28125,-0.003104830077695908
2025-07-10,115987.203125,116608.78125,110660.75,111329.1953125,95911605728,0.041864660687494615,0.04101205071842649,0.019019090762981607,0.017546149375592207,0.01663750273697052,0.057814350626767874,0.1079714459898733,0.12345565504168898,115987.203125,0.0
2025-07-11,117516.9921875,118856.4765625,115245.6875,115986.234375,86928361085,0.013189291760499877,0.013103070357299034,0.016114351206337665,0.0171181531674219,0.016686077692897063,0.08777446695730062,0.13752246074054253,0.1412646433847442,117516.9921875,0.0
2025-07-12,117435.2265625,118219.8984375,116977.0234375,117530.7109375,45524560304,-0.0006957770402219454,-0.000696019205401959,0.01641001548563294,0.016783437497216298,0.01658567946120991,0.0850406223195126,0.14842758944416312,0.12167473936899342,117516.9921875,-0.0006957770402219454
2025-07-13,119116.1171875,119449.5703125,117265.4375,117432.203125,49021091807,0.014313342548076147,0.014211873752884076,0.01638826649795787,0.01626282665077274,0.016628730735689802,0.0904866752659994,0.1795176737384725,0.14417714635888457,119116.1171875,0.0
2025-07-14,119849.703125,123091.609375,118959.1953125,119115.7890625,181746419401,0.006158578325259345,0.00613969178492453,0.01400285185037138,0.013816129262158526,0.01652829490881992,0.10664697500378906,0.13517930169221382,0.16570626056511295,119849.703125,0.0
2025-07-15,117777.1875,119935.5625,115765.6875,119853.8515625,98321661181,-0.01729262210051885,-0.017443885857792257,0.018462506987607565,0.014733722333037047,0.016657986068904593,0.08101782385671208,0.11062741931336895,0.13062685506897687,119849.703125,-0.01729262210051885
2025-07-16,118738.5078125,120065.515625,117064.8203125,117777.1875,72162029070,0.00816219450392297,0.008129063950949825,0.017883475557566114,0.014657566698506111,0.016642236010772814,0.06657848296667201,0.10597165338608172,0.14679524592272952,119849.703125,-0.009271573341663175
2025-07-17,119289.84375,120999.609375,117508.21875,118738.5078125,72363841798,0.004643278306736054,0.0046325315439855776,0.010712910017599886,0.01452385630392376,0.01664476233993365,0.028474181082207117,0.11527527814136129,0.14984102341431194,119849.703125,-0.004671345530293691
2025-07-18,118003.2265625,120851.9140625,116925.984375,119284.109375,77945799785,-0.01078563897020779,-0.010844225617985717,0.011135027572018662,0.014923382418724089,0.016716492267222917,0.004137566542072646,0.10192321343072264,0.14024579385442149,119849.703125,-0.015406601054106739
2025-07-19,117939.9765625,118541.3984375,117388.4140625,117998.125,47564562765,-0.0005360022928398989,-0.000536145993420385,0.01113198845846366,0.014958818551815778,0.01670755207951301,0.004298114073389758,0.09887729941579337,0.1429279524583451,119849.703125,-0.015934345373456726
2025-07-20,117300.7890625,118865.03125,116550.1328125,117944.109375,57515447231,-0.00541960002562214,-0.005434339336073631,0.009475327090049685,0.015061778321883042,0.016306829486316368,-0.015239987399375154,0.0822546647519169,0.10197452655171646,119849.703125,-0.02126758762048453
2025-07-21,117439.5390625,119671.5625,116584.3984375,117306.46875,69820091744,0.0011828564931994912,0.0011821574696331473,0.008918159413339313,0.014661412971043885,0.016261017217972823,-0.02010988763139665,0.09617931408747538,0.11205177017117918,119849.703125,-0.02010988763139665
2025-07-22,119995.4140625,120269.96875,116233.2265625,117426.5,79217583118,0.02176332622218302,0.021529885923986695,0.010468877388757366,0.014523248304052973,0.01641290045423009,0.018834093508133698,0.13526362627112265,0.1236463512762469,119995.4140625,0.0
2025-07-23,118754.9609375,120113.3515625,117391.390625,119997.4453125,66608604537,-0.010337504434577038,-0.010391307548023082,0.011175998527733919,0.013873639501681207,0.016166427327208657,0.00013856604148987373,0.09090301681650059,0.0827593167903169,119995.4140625,-0.010337504434577038
2025-07-24,118368.0,119535.453125,117247.96875,118770.984375,72627318560,-0.0032584822936673197,-0.0032638027078905844,0.0110356139960129,0.013949110315186366,0.01603220466285102,-0.007727763915358454,0.0795274451100294,0.059949154131261784,119995.4140625,-0.013562302153083627
2025-07-25,117635.8828125,118486.9765625,114759.8203125,118368.0,104857024569,-0.006185093838706357,-0.0062043007703418435,0.010482728320039391,0.013501689151863902,0.015210964928483233,-0.0031129975060930626,0.08887495620424501,0.09645165842632086,119995.4140625,-0.01966351188030424
2025-07-26,117947.3671875,118335.6875,117181.2265625,117644.84375,48508954046,0.002647868724685587,0.002644369296284202,0.010544665126189116,0.013495775676610252,0.01520639036866322,6.266429089962777e-05,0.08977253623266335,0.09422118929631584,119995.4140625,-0.017067709553744037
2025-07-27,119448.4921875,119815.59375,117859.6875,117944.7265625,54683390892,0.012727075099638885,0.012646766556765231,0.01118528423039281,0.013582081995896153,0.015219675376466672,0.018309366391863424,0.09352950874017152,0.09550203381499567,119995.4140625,-0.004557856475374433
2025-07-28,117924.4765625,119819.7890625,117441.4375,119457.5234375,64822943193,-0.012758768211219684,-0.012840860304521964,0.01263681455040524,0.013811849668583375,0.015323251950926736,0.004129252412528039,0.08887015874112825,0.07752266913052752,119995.4140625,-0.017258472052284812
2025-07-29,117922.1484375,119273.8671875,116987.3671875,117938.5859375,68463107433,-1.9742508661990676e-05,-1.9742703547879838e-05,0.0086151596226,0.013833991198923883,0.015308830797999521,-0.017277873835412905,0.08234834770879917,0.08190776868759464,119995.4140625,-0.017277873835412905
2025-07-30,117831.1875,118780.7265625,115800.828125,117921.9921875,68896148592,-0.0007713643170961237,-0.0007716619716275345,0.007884083502959533,0.013233990415948162,0.015230421307579367,-0.007778819766411038,0.058428403095369896,0.09303008153377945,119995.4140625,-0.018035910617157036
2025-07-31,115758.203125,118919.984375,115505.21875,117833.6328125,69370346018,-0.017592832754910526,-0.01774942596736902,0.010093624276317416,0.01054293338608416,0.01517751555926817,-0.02204816229893214,-0.0019743557377894794,0.09576180406289092,119995.4140625,-0.0353114406129974
2025-08-01,113320.0859375,116060.7734375,112724.4453125,115738.953125,91294530181,-0.021062154747402473,-0.0212871264623786,0.01219095140072406,0.011031856862706855,0.015293139341815528,-0.036687758631258394,-0.03571318642417076,0.08963119009223153,119995.4140625,-0.0556298603338552
2025-08-02,112526.9140625,114021.6015625,112005.765625,113320.390625,56870866000,-0.006999393518263508,-0.0070240041801152295,0.01168249311183687,0.011089567658334442,0.015318055147940279,-0.04595654192418852,-0.04179591289320461,0.075391475797981,119995.4140625,-0.062239878568276064
2025-08-03,114217.671875,114747.421875,111943.8046875,112525.8046875,48099615826,0.015025363723748075,0.014913601071925728,0.012331746415892809,0.011142810811434145,0.015379982129559459,-0.04379143023663379,-0.04112327893285328,0.08107335477309863,119995.4140625,-0.048149691658138205
2025-08-04,115071.8828125,115729.46875,114130.40625,114223.921875,35783028986,0.007478798363486527,0.007450970809323143,0.012926195243218953,0.011194383653199491,0.015399058366165863,-0.02419000561336493,-0.03986509926951476,0.08679843834899215,119995.4140625,-0.041030995129826886
2025-08-05,114141.4453125,115117.4375,112701.109375,115072.1875,61039182286,-0.008085706753543476,-0.008118573366820805,0.012932058999718315,0.010731098640443859,0.015429513546999903,-0.032061009531248574,-0.03086966385149925,0.08260241523083933,119995.4140625,-0.04878493728894462
2025-08-06,115028.0,115737.8359375,113372.25,114140.9140625,56379133510,0.007767158415357134,0.007737149330479471,0.013728508835512236,0.010713762075794999,0.015415505584684509,-0.023789860388193085,-0.031249405781309525,0.09830822634024017,119995.4140625,-0.04139669920979405
2025-08-07,117496.8984375,117676.90625,114279.7109375,115030.0546875,64051649681,0.021463456180234486,0.021236359971131914,0.014865940312069512,0.01176928804997808,0.015068772796824977,0.015020061348244074,-0.0150301589484646,0.15673931499227556,119995.4140625,-0.020821759269055384
2025-08-08,116688.7265625,117689.203125,115917.4609375,117505.5,59713005166,-0.0068782400705657,-0.006902004196733544,0.011816395786503252,0.011631197644042872,0.014759657538883891,0.02972677435894222,-0.011139525912062909,0.11781149836955107,119995.4140625,-0.02755678228067704
2025-08-09,116500.359375,117906.609375,116363.8359375,116678.2734375,54004312429,-0.0016142706587778388,-0.0016155749975506003,0.01111626659026684,0.011633887925310957,0.01471154569668211,0.03531106620673041,-0.012206354702276045,0.10305988697221657,119995.4140625,-0.029126568834368816
2025-08-10,119306.7578125,119320.7109375,116485.1640625,116497.71875,64755458694,0.02408918266480664,0.02380361527108938,0.01286581855601588,0.012741875801509426,0.01498040406202165,0.04455602932503733,0.01710106782769527,0.12773081914254214,119995.4140625,-0.00573902140661231
2025-08-11,118731.4453125,122321.09375,118159.03125,119306.8125,90528784177,-0.004822128356753663,-0.004833792329587668,0.013504905635420316,0.012802092515565463,0.014075167480958065,0.031802403945740076,0.011000607293872866,0.07649859448937835,119995.4140625,-0.010533475465501208
2025-08-12,120172.90625,120302.46875,118228.71875,118717.6640625,72803657984,0.012140515376580119,0.012067410412961721,0.012472673301077519,0.012162930626123902,0.014139871935110168,0.052841988473046664,0.0014791580902213664,0.08993216573232221,120172.90625,0.0
2025-08-13,123344.0625,123682.453125,118939.6328125,120168.9765625,90904808795,0.026388279596092357,0.02604611531030144,0.014390107559743686,0.013178876838047042,0.014337047921147166,0.07229598445595853,0.038643451408444385,0.1348596250918639,123344.0625,0.0
2025-08-14,118359.578125,124457.1171875,117254.8828125,123339.3984375,104055627395,-0.040411222672351976,-0.04125044324166835,0.02279971621215267,0.016079141095226186,0.014915561705403,0.007342148592619058,-7.114993072454556e-05,0.11734762926159537,123344.0625,-0.040411222672351976
2025-08-15,117398.3515625,119332.3125,116864.5703125,118365.78125,68665353159,-0.008121240187970669,-0.008154397097906272,0.02287846134927184,0.016122596163655786,0.014968595497304595,0.006081350109000683,-0.0020192074418194927,0.10658195457848518,123344.0625,-0.04820427361471091
2025-08-16,117491.3515625,117996.0625,117271.953125,117398.421875,48036922378,0.0007921746665282559,0.000791861061786004,0.022849066926653228,0.01611260201883222,0.014937948932348906,0.008506344468089733,-0.0038662637062095717,0.11395345702089732,123344.0625,-0.04745028515255856
2025-08-17,117453.0625,118595.7734375,117279.5234375,117492.7890625,45852169525,-0.00032588834829794244,-0.000325941461445338,0.020564066701836022,0.015844179792305853,0.01493981651570334,-0.015537219739163666,-0.016705356852623532,0.11275045873039935,123344.0625,-0.04776071000580184
2025-08-18,116252.3125,117614.171875,114723.6796875,117453.90625,72787808090,-0.01022323279139703,-0.01027584894774574,0.02078549165739636,0.01575696728194035,0.014959935231447535,-0.02088017042136514,-0.014179957471456395,0.08853784404298914,123344.0625,-0.057495673940527126
2025-08-19,112831.1796875,116764.5,112730.3984375,116241.859375,71657600353,-0.029428514056440758,-0.029870220205219213,0.021715264445959,0.01696686776192172,0.015210108204924978,-0.061093026636359626,-0.043172286270702354,0.07868044549894648,123344.0625,-0.08523217574822461
2025-08-20,114274.7421875,114625.796875,112387.9609375,112828.0234375,67993811526,0.012794003430595335,0.012712851606869349,0.0184031323745657,0.017269970125425506,0.015277936369616166,-0.07352863306654911,-0.030182546641142838,0.08954153372504825,123344.0625,-0.07352863306654911
2025-08-21,112419.03125,114802.6484375,111986.234375,114275.6875,57817883700,-0.01623902974513114,-0.016372327846506683,0.013519555483566321,0.01720858843186517,0.015435056290306604,-0.05019067294009927,-0.02884609284574191,0.07388637069390702,123344.0625,-0.08857362915219369
2025-08-22,116874.0859375,117377.3984375,111678.9453125,112433.734375,82528088240,0.03962900798880531,0.03886392642477823,0.02224053946823519,0.018743010689021976,0.016060868567838338,-0.004465698351146741,0.03136248945275377,0.1312993581413997,123344.0625,-0.052454706220658176
2025-08-23,115374.328125,116996.25,114536.109375,116866.3671875,55377142586,-0.012832252765613172,-0.012915297318543016,0.02270714662675106,0.01891981004330525,0.016096915711405042,-0.018018546976828698,0.02530429352144581,0.12827356331463768,123344.0625,-0.06461384693730188
2025-08-24,113458.4296875,115615.0859375,111060.546875,115387.390625,73961489632,-0.016605933647771742,-0.01674535783150271,0.02328855443730739,0.019036348263783438,0.016166041433759507,-0.03401046109376671,-0.006647326766832662,0.12349383283174831,123344.0625,-0.0801468073301056
2025-08-25,110124.3515625,113637.84375,109324.28125,113456.8984375,85706860190,-0.029385900493979156,-0.029826315528831894,0.025101584751624287,0.01997478935987861,0.015661448043563217,-0.052712593889261306,-0.04299513598870708,0.04306378110627129,123344.0625,-0.1071775217189721
2025-08-26,111802.65625,112397.015625,108762.0390625,110124.1015625,69396320317,0.015240086898922645,0.01512512333952803,0.02424267287587147,0.02026015346408974,0.01576087071583645,-0.009115595887135286,-0.020490270261575794,0.054288170901662935,123344.0625,-0.09357082956465779
2025-08-27,111222.0625,112619.4140625,110398.265625,111795.7109375,62137056409,-0.005193022862549412,-0.00520655346926939,0.02347081616356,0.02018371502311982,0.015710634664488517,-0.02671351191929372,-0.03308705271759915,0.03596087421258298,123344.0625,-0.0982779369700102
2025-08-28,112544.8046875,113450.078125,110900.921875,111219.0546875,58860155962,0.01189280397942638,0.011822640333317674,0.0233595213287971,0.01974476495450272,0.015763044206610833,0.001118791330093405,-0.04214659123648412,0.05221395556750186,123344.0625,-0.08755393323047067
2025-08-29,108410.8359375,112619.0546875,107559.625,112550.5234375,77843379644,-0.036731759955323295,-0.03742335971466304,0.019492118599037666,0.021148730755673622,0.016461523962793115,-0.0724134005593493,-0.07093993454942926,0.012348731360231735,123344.0625,-0.12106968312722799
2025-08-30,108808.0703125,108929.3515625,107444.4453125,108409.40625,51486264208,0.003664157476186425,0.0036574608046354446,0.02015155404078111,0.02120087330504933,0.01646517973879312,-0.056912641826056154,-0.06602802861525503,0.013792964392202345,123344.0625,-0.11784914403561175
2025-08-31,108236.7109375,109491.0,108104.65625,108818.4609375,47986191770,-0.00525107534173741,-0.005264910692760397,0.01981253162788269,0.02027049996307746,0.016434490332814525,-0.04602318897222746,-0.092786419461649,-0.0013734242904365201,123344.0625,-0.12248138464305891
2025-09-01,109250.59375,109890.5859375,107271.1796875,108228.75,66870372995,0.009367272930950854,0.00932367209897638,0.017661687644454124,0.02049205578549049,0.01640655232295541,-0.007934283381492713,-0.07985122675418033,0.019743792223081202,123344.0625,-0.11426142827102037
2025-09-02,111200.5859375,111748.015625,108454.03125,109243.0703125,74776999491,0.017848801737061493,0.017691382281182146,0.018083991848687888,0.02074968007763183,0.01645340961365461,-0.005385116353172514,-0.0746617569007989,0.05205670917662153,123344.0625,-0.09845205611336172
2025-09-03,111723.2109375,112600.2265625,110582.9609375,111190.6953125,61119643565,0.004699840343410866,0.004688830576405435,0.018054404125121045,0.019701868276285728,0.016038897645071302,0.004505836578061917,-0.09421492471516413,0.0263081802897418,123344.0625,-0.09421492471516413
2025-09-04,110723.6015625,112208.328125,109347.2265625,111718.1484375,60131132901,-0.008947195185422974,-0.00898746169776838,0.017630599277492966,0.017954461046515293,0.016059427034583077,-0.01618202750501796,-0.06451507079921848,0.009809802549223479,123344.0625,-0.10231916057978063
2025-09-05,110650.984375,113357.4921875,110233.3984375,110723.015625,60241647677,-0.0006558419928113235,-0.0006560571512495267,0.009023393757737051,0.01792222257672709,0.015944920746076202,0.02066351041506098,-0.05747412206131253,0.02422052595402424,123344.0625,-0.10290789737041461
2025-09-06,110224.6953125,111275.015625,110024.0859375,110650.5703125,21500719036,-0.0038525555367432407,-0.0038599957441809024,0.009366483835672635,0.01790612280335136,0.015953386692105272,0.013019484638698398,-0.06184843525384487,0.018419051060479585,123344.0625,-0.10636399451736889
2025-09-07,111167.6171875,111591.078125,110211.625,110221.328125,24618007520,0.008554542812086785,0.008518160055379413,0.009061468605712728,0.01807360254482949,0.01594743463373318,0.0270786706711037,-0.05351452894214659,0.01771958427101694,123344.0625,-0.09871934705004548
2025-09-08,112071.4296875,112869.234375,110630.609375,111163.015625,40212813407,0.008130177859939192,0.008097306013038336,0.00894748753787963,0.018123104797286994,0.01593498652870447,0.025819868255864797,-0.03596386792305739,0.03482533051140346,123344.0625,-0.0913917750398403
2025-09-09,111530.546875,113225.4375,110776.703125,112077.578125,45984480722,-0.004826232823193166,-0.004837916692699648,0.00681432744029613,0.016993235587065857,0.015934907129055206,0.002967258982659038,-0.011527246423393422,0.023683037739048896,123344.0625,-0.09577692987856634
2025-09-10,113955.359375,114275.25,110940.078125,111531.25,56377473784,0.02174124101370767,0.02150827089182057,0.010587801418342126,0.017447059373570432,0.015933411061697562,0.01997927215633566,-0.002794867933072709,0.023613455881026812,123344.0625,-0.07611799818090148
2025-09-11,115507.5390625,115522.546875,113453.8359375,113961.4296875,45685065332,0.013620945043858246,0.013529013824572132,0.009793167195222295,0.01727232015440091,0.015127611613808316,0.04320612256547318,0.027473175832939845,-0.004135491240210953,123344.0625,-0.06353385220711372
2025-09-12,116101.578125,116769.3828125,114794.484375,115507.7890625,54785725894,0.005142859655061782,0.005129680319349263,0.009362047111981657,0.014941389107592509,0.015048625301044324,0.04925933357743806,-0.006609744207224044,-0.012044335343791679,123344.0625,-0.058717738237298644
2025-09-13,115950.5078125,116334.6328125,115248.2734375,116093.5625,34549454947,-0.0013011908618274504,-0.0013020381457220277,0.008911097199745102,0.01466357036589922,0.015049217775271243,0.05194673012038398,0.0049940025382053665,-0.012642873807628963,123344.0625,-0.05994252611470452
2025-09-14,115407.65625,116181.5,115222.3984375,115950.2890625,32798036057,-0.004681752350561785,-0.0046927460797969575,0.00994370418774341,0.014198018926598785,0.014945917804055195,0.038140954801150206,0.017180094664352108,-0.031133158342145584,123344.0625,-0.06434364240273016
2025-09-15,115444.875,116747.8828125,114461.0625,115399.6328125,52937859416,0.0003224981011604733,0.00032244610982561805,0.010024471941941168,0.012394042886710805,0.014922731997894885,0.03010085016231634,0.0483137776705127,-0.03675293313330852,123344.0625,-0.06404189500406632
2025-09-16,116843.1875,117005.2734375,114813.09375,115423.7578125,45781744593,0.012112382641498831,0.012039614740681204,0.009487644525214417,0.012249003024806276,0.014848203033798187,0.047633951180695355,0.0450841815307943,-0.007930228423904229,123344.0625,-0.052705212299943516
2025-09-17,116468.5078125,117328.609375,114794.9765625,116840.5078125,60528025996,-0.0032066883445814875,-0.003211840787451935,0.0073426600707086655,0.012196827155299227,0.014816237805867506,0.022053797656236718,0.04717090471595964,-0.019117639608412063,123344.0625,-0.05574289145454403
2025-09-18,117137.203125,117911.7890625,116188.796875,116461.265625,49457272032,0.005741425944741474,0.005725006775122414,0.005938588669048445,0.01202681739645648,0.014822669948959354,0.014108724640200299,0.0408050682592731,-0.01804546436921628,123344.0625,-0.050321509193034686
2025-09-19,115688.859375,117479.7578125,115141.8203125,117137.671875,38828473971,-0.012364506846338497,-0.012441583362179643,0.00779875640417566,0.008865611607224717,0.014842211404835224,-0.0035548074080065106,0.0671337267586043,-0.01961274496400489,123344.0625,-0.06206381539443784
2025-09-20,115721.9609375,116191.1484375,115473.5234375,115691.125,22864449614,0.0002861257573012477,0.0002860848311332532,0.007794061316446237,0.008886174176755014,0.0148422777159256,-0.0019710726525629108,0.06354207555692426,-0.01880630885003276,123344.0625,-0.06179544769331724
2025-09-21,115306.09375,115901.0859375,115252.578125,115730.2265625,22495852193,-0.003593675600818802,-0.0036001483649767967,0.007701380326548007,0.008816544806436639,0.01483368653278618,-0.0008800326018231219,0.06531409492461515,-0.01700496073762292,123344.0625,-0.06516705050151883
2025-09-22,112748.5078125,115431.3125,112037.6484375,115309.21875,70684158591,-0.02218083931492132,-0.02243053331974822,0.011335004421534739,0.010257163211772787,0.015089331194910884,-0.023356317788035152,0.03201734601556794,-0.03994422395938979,123344.0625,-0.08590242994063857
2025-09-23,112014.5,113351.9140625,111535.5703125,112757.4765625,47211853279,-0.00651013327573835,-0.006531416615244119,0.009069656183288534,0.009683339454966081,0.01483374362411209,-0.04132622195025282,0.0073193324984588415,-0.0665101589494338,123344.0625,-0.09185332694875359
2025-09-24,113328.6328125,113986.2734375,111229.640625,112007.6640625,48044595085,0.011731809832655538,0.011663525697123141,0.011310421270013674,0.009957461391693574,0.014869821321399806,-0.02695900427482778,0.01436963600963903,-0.04569348583134847,123344.0625,-0.08119912288035758
2025-09-25,109049.2890625,113541.0859375,108713.3984375,113330.1640625,75528654284,-0.03776048156409062,-0.038491879643615556,0.01610322049024555,0.01290576121298993,0.015586171037120794,-0.06904650142507829,-0.015121550205851153,-0.07872660632518924,123344.0625,-0.11589348646190412
2025-09-26,109712.828125,110359.1953125,108728.9765625,109041.296875,57738288949,0.0060847628462732395,0.00606632543055882,0.01713889644166489,0.012989038786488159,0.01559928288072326,-0.05165606508945664,-0.00847851698111024,-0.06735236305514503,123344.0625,-0.11051390799617944
2025-09-27,109681.9453125,109778.5,109144.296875,109707.140625,26308042910,-0.0002814877077529365,-0.00028152733285390487,0.017097651838059107,0.0129638887093763,0.01559264130291876,-0.05219420390103946,-0.004924032663109146,-0.07007720538484363,123344.0625,-0.11076428739729571
2025-09-28,112122.640625,112375.484375,109236.9453125,109681.9453125,33371048505,0.02225248016477188,0.022008506441889,0.02052872420915902,0.013745054416860384,0.015773349542448266,-0.0276087153893374,0.008590842024518874,-0.0613306323783519,123344.0625,-0.09097658734079717
2025-09-29,114400.3828125,114473.5703125,111589.953125,112117.875,60000147466,0.02031473906432546,0.020111147409077906,0.020473683029278978,0.014328139688342876,0.01592134765087227,0.014650969951168324,0.02078097095302578,-0.029884328111749014,123344.0625,-0.07251001390926293
2025-09-30,114056.0859375,114836.6171875,112740.5625,114396.5234375,58986330258,-0.003009577997342028,-0.0030141158842399056,0.020265410386332165,0.014296156522682256,0.015924784195771258,0.0182260862432988,0.0226443708317019,-0.032784871639690794,123344.0625,-0.07530136736415671
2025-10-01,118648.9296875,118648.9296875,113981.3984375,114057.59375,71328680132,0.04026829179914837,0.03947865276779501,0.024745595314921102,0.016088737392025244,0.016728602453829372,0.046945743039204624,0.04118779790825444,0.006939946926190377,123344.0625,-0.03806533299890291
2025-10-02,120681.2578125,121086.40625,118383.15625,118652.3828125,71415163912,0.017128920845327356,0.016983874858595087,0.015058198298910924,0.016232484753094852,0.016703298221667513,0.1066670755032002,0.04479117806501409,0.042528775970925414,123344.0625,-0.021588430229464883
2025-10-03,122266.53125,123944.703125,119344.3125,120656.984375,83941392228,0.013136036748664148,0.013050507216426515,0.01461678591466207,0.01639746928036065,0.016536248455419338,0.11442329342469493,0.05309964967368952,0.07894845153430508,123344.0625,-0.008735979893641055
2025-10-04,122425.4296875,122857.640625,121577.5703125,122267.46875,36769171735,0.001299606980548873,0.0012987632223538373,0.014338466655256118,0.016376380957066547,0.01650174964368703,0.11618579829790532,0.0558421174443704,0.08796576096899034,123344.0625,-0.0074477262535438404
2025-10-05,123513.4765625,125559.2109375,122191.9609375,122419.671875,73689317763,0.008887425412982486,0.008848164694084894,0.014243125327555558,0.016337440697355477,0.01643844568352888,0.1015926477828617,0.07023641737373909,0.08138674633180543,123513.4765625,0.0
2025-10-06,124752.53125,126198.0703125,123196.046875,123510.453125,72568881188,0.010031736794915869,0.009981752928713129,0.014012137092808997,0.016384358941957746,0.01645686873981482,0.0904905052150653,0.08062424815306879,0.08412696656118679,124752.53125,0.0
2025-10-07,121451.3828125,125184.0234375,120681.96875,124752.140625,76149412513,-0.026461574802715715,-0.02681798376519831,0.019910427870687267,0.017531179025698333,0.016787527130319804,0.06483912554260751,0.039439144130675174,0.06404279777592281,124752.53125,-0.026461574802715715
2025-10-08,123354.8671875,124167.09375,121119.1796875,121448.3515625,65354305286,0.01567280940669602,0.015551259305387295,0.015099777993871797,0.01773425702224395,0.01686733650700375,0.03966270502729863,0.05912636389302928,0.07238991539016593,124752.53125,-0.011203492614503596
2025-10-09,121705.5859375,123739.34375,119812.03125,123337.0703125,74653009425,-0.013370216251727518,-0.01346040236705057,0.015633301191194045,0.0180678153656982,0.01676467520572776,0.008487880749399102,0.03900027225018321,0.035819562524356474,124752.53125,-0.024423915747200486
2025-10-10,113214.3671875,122509.6640625,104582.4140625,121704.7421875,153125018868,-0.06976852117831744,-0.07232182184699049,0.029992867338268902,0.023784440449258416,0.018952678712076728,-0.07403632024197138,-0.021389200315987678,-0.029774593290630258,124752.53125,-0.09248841644245198
2025-10-11,110807.8828125,113429.7265625,109760.5625,113236.4296875,110236934340,-0.02125599811033263,-0.021485160033407134,0.029720556327848383,0.0241982727140589,0.019135308043632143,-0.09489488339681262,-0.04246452518769561,-0.04886230903525912,124752.53125,-0.11177848094765608
2025-10-12,115169.765625,115805.0625,109715.5390625,110811.515625,93710414091,0.03936437283871608,0.038609346343899696,0.03529869023617516,0.025800036861360034,0.019545726766321533,-0.06755304092892189,-0.0011823150066602173,-0.034675254473025,124752.53125,-0.07681419790830901
2025-10-13,115271.078125,116020.484375,113821.1875,115161.6796875,71582026739,0.000879679657679322,0.0008792929662890047,0.03462208314498681,0.02528246114443417,0.01953797895159922,-0.07600209013795056,0.022373425258053192,-0.029144488036782046,124752.53125,-0.07600209013795056
2025-10-14,113118.6640625,115502.8828125,110029.484375,115264.8828125,92212917403,-0.01867262888064536,-0.01884916344559421,0.03415330241877025,0.025609047667807666,0.0196076002544658,-0.06860950083099737,0.00985733152850754,-0.058700770478370634,124752.53125,-0.09325556019529668
2025-10-15,110783.1640625,113622.3828125,110235.8359375,113113.96875,72574132855,-0.02064646024028005,-0.020862578290898413,0.03238844979801251,0.025890133483490146,0.019451719616483176,-0.10191493381360417,-0.022460949954381193,-0.10183626339938334,124752.53125,-0.11197662321981938
2025-10-16,108186.0390625,111990.8125,107537.03125,110782.171875,87306423067,-0.023443318504017374,-0.02372248478317967,0.03253872619237917,0.025041608389198868,0.019017088070118638,-0.11108402930612205,-0.007916145143369469,-0.08595450595266307,124752.53125,-0.13279483808069026
2025-10-17,106467.7890625,109235.8046875,103598.4296875,108179.1328125,99703051669,-0.01588236351834038,-0.016009839805348834,0.022621927012911113,0.025229511648624334,0.019087352787968016,-0.059591183456660146,-0.029577571902556388,-0.09310660971402851,124752.53125,-0.14656810570727397
2025-10-18,107198.265625,107490.984375,106387.453125,106483.734375,37779905278,0.006861009972426446,0.006837580349705927,0.022479900589120073,0.02528947785148712,0.01911373257671892,-0.032575454885352295,-0.022644380352879745,-0.08760717959759401,124752.53125,-0.14071270096974486
2025-10-19,108666.7109375,109488.9921875,106157.7890625,107204.3125,47657008953,0.013698405510000455,0.013605430464268035,0.014970956158722522,0.024966749048780816,0.01920638127826068,-0.05646494678711389,-0.030822763968416877,-0.07480734325254401,124752.53125,-0.12894183509803536
2025-10-20,110588.9296875,111711.03125,107485.015625,108667.4453125,63507793085,0.01768912239467313,0.01753449073833947,0.01775427004125525,0.02486002407227295,0.019313010432118076,-0.040618588059206595,-0.03331678645907066,-0.048716302417640134,124752.53125,-0.11353358060620511
2025-10-21,108476.890625,113996.34375,107534.75,110587.6328125,101194375480,-0.019098105646452646,-0.019282830173496076,0.017806452842699248,0.02516097253734454,0.019107116493606607,-0.04103454965606157,-0.048916243851794716,-0.03859118618239876,124752.53125,-0.1304634099358204
2025-10-22,107688.5859375,109115.1328125,106778.0,108491.53125,80807013218,-0.007267028792566799,-0.007293562270818725,0.016630434739627203,0.023224351339843127,0.019050032314760677,-0.027933649947515016,-0.09237625471099975,-0.057634400427642674,124752.53125,-0.13678235737200728
2025-10-23,110069.7265625,111288.59375,107548.4296875,107679.4375,54944076060,0.022111355667553845,0.021870444424777702,0.016630635065930252,0.023478739330791656,0.0191598996380515,0.017411558056134924,-0.08793023409224754,-0.02089774890761653,124752.53125,-0.1176954450573523
2025-10-24,111033.921875,111842.53125,109770.1484375,110069.3515625,48160816980,0.008759859251149305,0.008721714285261932,0.014546950325553686,0.023337042398556995,0.018509814945895257,0.04288745781899861,-0.09186986217865734,-0.04996970898769726,124752.53125,-0.10996658133940673
2025-10-25,111641.7265625,111947.703125,110704.40625,111032.6171875,24707667305,0.005474045023684315,0.005459116892619,0.014544426766370161,0.023404936536765536,0.018458994501923537,0.041450865940724,-0.08808384951170845,-0.032352097933397994,124752.53125,-0.10509449833307494
2025-10-26,114472.4453125,115260.90625,111268.484375,111639.0546875,41708524143,0.025355383127430242,0.025039267744803344,0.016162206010786117,0.024127143502975682,0.01861940235741697,0.05342698168475146,-0.07319874317864483,0.008937331741615928,124752.53125,-0.08240382647546485
2025-10-27,114119.328125,116273.3125,113882.2890625,114479.8515625,61761358733,-0.0030847352525406047,-0.0030895028553826285,0.015900646008857065,0.02393289027074219,0.018233606288278793,0.031923615207020584,-0.0852343677395323,0.03627695878175219,124752.53125,-0.0852343677395323
2025-10-28,112956.1640625,116078.984375,112291.6796875,114129.0859375,64528066504,-0.01019252462848308,-0.010244824086811922,0.013920864040301337,0.02342591297567008,0.018188682976158485,0.04129242100960151,-0.06994748477351764,0.010317356055661753,124752.53125,-0.09455813897563703
2025-10-29,110055.3046875,113642.7265625,109368.71875,112921.328125,62192043469,-0.025681284408657135,-0.02601680546576632,0.01797012879654538,0.02349975519436538,0.018469970085008884,0.02197743362860738,-0.10781546608764614,-0.010490345047323713,124752.53125,-0.11781104892410754
2025-10-30,108305.546875,111612.3515625,106376.6875,110059.1953125,69673964814,-0.015898895718551742,-0.01602663895461955,0.017039169607755884,0.02355040062952292,0.018513235568562804,-0.01602783746808223,-0.11010208742087957,-0.03766729014520953,124752.53125,-0.1318368790613217
2025-10-31,109556.1640625,111031.8203125,108288.2734375,108304.4140625,60090359560,0.011547120379193476,0.01148096119628519,0.01736687354000872,0.018574898609138434,0.017978194305415935,-0.013309066162353833,-0.03231218100562683,0.010564701536480037,124752.53125,-0.12181209499506651
2025-11-01,110064.015625,110574.8984375,109372.953125,109558.625,25871668762,0.004635536182247879,0.004624825172493095,0.01731127892028028,0.018042643658277804,0.017981518302183138,-0.014131910944755521,-0.006713125173221757,0.011542758812769005,124752.53125,-0.11774122318660363
2025-11-02,110639.625,111167.3125,109523.453125,110064.4296875,34284209459,0.005229768982454308,0.005216141233319792,0.013216690847980866,0.01568709927323604,0.017977411600331672,-0.03348247084297651,-0.03933446074510927,0.02220054583779385,124752.53125,-0.11312721360112687
2025-11-03,106547.5234375,110764.9140625,105336.359375,110646.90625,72852006359,-0.03698585893164408,-0.03768718290100999,0.017881043678793757,0.017442644275027123,0.018548512511706222,-0.06634988841860567,-0.07567860758654632,-0.024741927889979975,124752.53125,-0.14592896536918964
2025-11-04,101590.5234375,107264.8828125,98962.0625,106541.421875,110967184773,-0.046523840630681046,-0.04764085753760775,0.022698479870228407,0.019574905690947195,0.01929478103461458,-0.10061992383798779,-0.10191192338189659,-0.0864209699884253,124752.53125,-0.18566363007163433
2025-11-05,103891.8359375,104534.703125,98989.9140625,101579.234375,77584934804,0.02265282648549194,0.022400061321748738,0.02595819240432491,0.020108821934335337,0.019515360780666027,-0.0560033772792784,-0.06220555427638941,-0.07009622203197341,124752.53125,-0.16721660958282158
2025-11-06,101301.2890625,104147.3046875,100336.8671875,103893.6640625,63932752861,-0.02493503798083263,-0.025251182491850755,0.02663769337365205,0.020187651015680687,0.019723697133612883,-0.06467127506021375,-0.06363806328118382,-0.08509759768500125,124752.53125,-0.1879820950526806
2025-11-07,103372.40625,104052.9140625,99257.0546875,101286.2421875,92168030081,0.020445121741957006,0.02023892596873405,0.02797149651096716,0.02057502564392479,0.01991164733260987,-0.056443723321421446,-0.029073420606892775,-0.06577960572255415,124752.53125,-0.1713802901293836
2025-11-08,102282.1171875,103373.5625,101458.0390625,103371.703125,51446691095,-0.010547196317199026,-0.010603212214200236,0.027418295754156406,0.020584679006667703,0.019945590620132892,-0.07070338469217563,-0.045860335601861535,-0.07205806378037027,124752.53125,-0.1801199048816895
2025-11-09,104719.640625,105418.3671875,101468.875,102278.984375,59679243013,0.02383137448193029,0.023551839699680072,0.029936856995461485,0.021084479145511686,0.020155242873142933,-0.053506909256064494,-0.03632271813923005,-0.05800229172515747,124752.53125,-0.1605810353046444
2025-11-10,105996.59375,106564.6953125,104350.6484375,104723.7734375,69585887229,0.012194017448672767,0.01212026933646231,0.027519877884510355,0.020866787672568714,0.0201905802891425,-0.005170741371789522,-0.04152618124144014,-0.054205036506084325,124752.53125,-0.15034514580240232
2025-11-11,102997.46875,107428.2578125,102457.328125,105996.859375,71130078574,-0.028294541304540788,-0.028702546476841843,0.022904574750489088,0.021338942655402617,0.02048266597871216,0.013849178692002528,-0.05051234270663352,-0.07650888804986866,124752.53125,-0.1743857401690998
2025-11-12,101663.1875,105297.234375,100836.6171875,103011.4375,64347179408,-0.012954505253314763,-0.013039146642676998,0.021515066612262657,0.021441695190203443,0.02032571627524614,-0.021451622424313754,-0.05595206200401781,-0.10786830862907804,124752.53125,-0.18508116443529077
2025-11-13,99697.4921875,104005.4921875,97988.71875,101674.1484375,101546815416,-0.01933536967351135,-0.019524742976585432,0.020645519236922396,0.02096354722783359,0.020351617050685115,-0.015831949325052497,-0.09423330736731161,-0.13687458847552225,124752.53125,-0.2008379213748418
2025-11-14,94397.7890625,99804.4296875,94000.734375,99694.703125,114346441890,-0.053157837862490065,-0.054622871136591485,0.02543930515982631,0.02323761333077855,0.021318223812569394,-0.08681830590066197,-0.14982928218304903,-0.18693793325645203,124752.53125,-0.24331964957624863
2025-11-15,95549.1484375,96728.46875,94420.46875,94420.46875,38500716654,0.012196889211437911,0.01212310649874722,0.02714202892389453,0.023469562649029118,0.021403773968716802,-0.0658274284414484,-0.14414483384033794,-0.17594885749004574,124752.53125,-0.2340905031736581
2025-11-16,94177.078125,96564.1875,92971.1640625,95556.8671875,71086235862,-0.01435983820826503,-0.014463938461922525,0.022858633602069606,0.022292515301459526,0.021451890979212955,-0.10067416615525648,-0.1772947815703192,-0.1839616089162195,124752.53125,-0.24508883963025796
2025-11-17,92093.875,95928.3671875,91214.7578125,94180.875,94186165724,-0.02212006537551514,-0.02236838271634354,0.01953932382542898,0.022426122470216518,0.021581901094966383,-0.13116193887126681,-0.1930037048664932,-0.20226969798356143,124752.53125,-0.26178752385034276
2025-11-18,92948.875,93745.078125,89300.4609375,92094.53125,101333569062,0.009284005043766586,0.009241173563305538,0.02181943754369497,0.022813541130259265,0.02155214125641632,-0.09756156022038165,-0.17712436703701917,-0.2044989785989877,124752.53125,-0.2549339554983979
2025-11-19,91465.9921875,92946.1640625,88526.828125,92946.1640625,80350354656,-0.015953746750565823,-0.016082377699808928,0.021816925658271747,0.02255496679544445,0.021610115393400138,-0.10030371428694385,-0.1689088277278774,-0.21467189796276076,124752.53125,-0.26682055048482234
2025-11-20,86631.8984375,93025.0703125,86040.796875,91459.3515625,97970645638,-0.05285126891851111,-0.05429914313161118,0.02621767967142381,0.024515161963735148,0.022446431992315528,-0.1310523811915718,-0.20011577488745314,-0.26042370718845864,124752.53125,-0.3055700147366749
2025-11-21,85090.6875,87380.8046875,80659.8125,86528.7734375,129157506112,-0.017790340109098413,-0.017950490472289502,0.02168042936360839,0.02404008958809134,0.022487364287033126,-0.09859448674521232,-0.22331446862764237,-0.2644867625137306,124752.53125,-0.31792416035646576
2025-11-22,84648.359375,85503.0078125,83490.8984375,85098.5625,40793099246,-0.0051983141515926645,-0.00521187239368071,0.0189312219389622,0.02380091656851477,0.022478710155106406,-0.11408567465810915,-0.23091703592383805,-0.26851948680062954,124752.53125,-0.3214698048461442
2025-11-23,86805.0078125,88038.46875,84641.7734375,84648.609375,58083435576,0.025477734635657168,0.025158586579000386,0.024902800543859724,0.024923869669418924,0.022797898581220857,-0.07827881751348398,-0.21542568666063355,-0.24717762097894325,124752.53125,-0.3041823925917335
2025-11-24,88270.5625,89206.3359375,85272.1953125,86798.7734375,74433896110,0.01688329653360121,0.016742357810839485,0.026398792557412693,0.02490798543895595,0.022833217268360937,-0.04151538308057945,-0.1715381113313359,-0.21710216647129965,124752.53125,-0.2924346975925589
2025-11-25,87341.890625,88457.3359375,86131.4296875,88269.9609375,64837343545,-0.010520742688141405,-0.01057647695675446,0.02556904760975961,0.023359652369297483,0.02284699845424585,-0.06032331617784503,-0.14025553103155308,-0.22026263898870235,124752.53125,-0.29987881007424444
2025-11-26,90518.3671875,90581.15625,86316.8984375,87345.5859375,66496301869,0.03636830551491177,0.03572258791333639,0.030265370850703344,0.024396195007041876,0.02332099478423708,-0.010360408030751223,-0.12872492462300222,-0.20127539756646617,124752.53125,-0.27441658874156105
2025-11-27,91285.375,91897.578125,90089.515625,90517.765625,57040622845,0.008473504729832548,0.008437806108495432,0.019878649143299575,0.024205648790805834,0.022943172246485365,0.05371550948819648,-0.09887252329356311,-0.16289802726103852,124752.53125,-0.2682683542743747
2025-11-28,90919.265625,92969.0859375,90257.1171875,91285.3828125,60895830289,-0.004010602738938163,-0.004018666774419681,0.017473943797699693,0.023515719440230363,0.02291708568309261,0.0684984255768295,-0.1204687118812231,-0.17129776728194246,124752.53125,-0.2712030392168896
2025-11-29,90851.7578125,91187.6171875,90260.1875,90918.7421875,37921773455,-0.0007425028351905061,-0.00074277862694653,0.016915601415029295,0.023514668180523203,0.022916369157129104,0.07328433159606051,-0.1117532535432979,-0.17167991911841118,124752.53125,-0.2717441730265493
2025-11-30,90394.3125,91965.046875,90394.3125,90838.2109375,38497902869,-0.005035073877646679,-0.005047792573132774,0.016264127005897328,0.0225466466721383,0.02269347548542872,0.041349050912511176,-0.13679695651648438,-0.19379072775918227,124752.53125,-0.27541099491718735
2025-12-01,86321.5703125,90398.15625,83862.25,90389.109375,87962894424,-0.045055292472078956,-0.04610183805407602,0.024210674426297388,0.023580740642655147,0.02309388931233518,-0.022079752663862307,-0.18561939342980072,-0.24544334389178246,124752.53125,-0.30805756446324606
2025-12-02,91350.203125,92316.6328125,86202.1953125,86322.5390625,78546798211,0.05825464938016567,0.05662099387030378,0.03298333960834138,0.027381706187471107,0.02439766723238583,0.04589221130109933,-0.11308302782926405,-0.19907646861511874,124752.53125,-0.2677487004897947
2025-12-03,93527.8046875,94060.7734375,91056.390625,91345.09375,77650204986,0.023837949867722363,0.023558262011831657,0.03142005459382609,0.028039340664963535,0.02401001256787303,0.033246705541718935,-0.08002289729996903,-0.2117265201309826,124752.53125,-0.25029333072149584
2025-12-04,92141.625,94038.2421875,90976.1015625,93454.2578125,64538402681,-0.014821043775501641,-0.014931972865932171,0.03222684604857047,0.02792966751313053,0.023904816482256477,0.009379925316623794,-0.07578793630324987,-0.2364876976741611,124752.53125,-0.2614047660856581
2025-12-05,89387.7578125,92702.640625,88152.140625,92133.6484375,63256398633,-0.029887330373216225,-0.030343059975675362,0.03441126883965435,0.026267885275466796,0.024021920866121607,-0.016844700647019817,-0.05307360797065808,-0.2689106585535852,124752.53125,-0.283479405853739
2025-12-06,89272.375,90267.4609375,88951.6640625,89389.359375,37994042405,-0.0012908122468182626,-0.0012916460625568118,0.03440876248228609,0.02606066938122281,0.02401374816981312,-0.017384174511620665,-0.06569156858164704,-0.27080202840313183,124752.53125,-0.2844042994117605
2025-12-07,90405.640625,91740.84375,87799.5625,89277.8125,47394898960,0.012694471554050235,0.012614572226014349,0.03479840213623047,0.026134824690714153,0.0240532856713405,0.00012531900167944698,-0.040046236038393745,-0.26805039303340195,124752.53125,-0.2753201901464424
2025-12-08,90640.203125,92267.1171875,89644.890625,90424.5859375,57394099056,0.0025945560296725123,0.002591195979813834,0.028481427815821265,0.02571863645861627,0.023998235707306997,0.050029590482028485,-0.015784674876586524,-0.27343996777620494,124752.53125,-0.27343996777620494
2025-12-09,92691.7109375,94601.5703125,89586.9765625,90639.703125,66861721440,0.022633530616329445,0.022381192698197744,0.01969559797237767,0.02613271165659877,0.02407953986824225,0.014685329277969172,-0.0027667259286354717,-0.23679987175938522,124752.53125,-0.2569953490422664
2025-12-10,92020.9453125,94477.15625,91640.1328125,92695.234375,65420694513,-0.007236522211271801,-0.007262832846635849,0.017385858253438337,0.02593186031384868,0.02395040836141811,-0.01611135191331392,0.0060673165154363495,-0.25401447538646604,124752.53125,-0.2623721187020003
2025-12-11,92511.3359375,93554.265625,89335.296875,92011.3046875,64532834621,0.005329119618741718,0.0053149701081481185,0.016595687868432765,0.02286086001396445,0.023952766425372102,0.0040124204180249645,0.06786688974894939,-0.2398760071291407,124752.53125,-0.25844121148844423
2025-12-12,90270.4140625,92747.9296875,89532.6015625,92513.6640625,80275884583,-0.024223213861206738,-0.024521421452147512,0.014908620013014013,0.023199298281147116,0.022585870507701448,0.009874464597841914,0.06087301342464757,-0.20265937702943093,124752.53125,-0.27640414861321705
2025-12-13,90298.7109375,90647.5703125,89800.9921875,90257.796875,64237748110,0.00031346787642294593,0.0003134187556330964,0.014870848094978257,0.02313212743064611,0.022473053181316968,0.011496680104007506,0.06675086917477535,-0.18508766122446307,124752.53125,-0.27617732455829425
2025-12-14,88175.1796875,90498.109375,87634.9375,90296.4375,50465972205,-0.023516739363752315,-0.02379767101791624,0.016616566898447357,0.023257606799661074,0.021951758149032084,-0.0246717010363533,0.015784479600066348,-0.2343895187335543,124752.53125,-0.29319927376223076
2025-12-15,86419.78125,89983.921875,85304.078125,88171.078125,45559514323,-0.019908078936967,-0.020108914713088392,0.017411391275135163,0.023386841732224557,0.02203342808953017,-0.04656236117630608,-0.020967140092712055,-0.25029085651227834,124752.53125,-0.3072703184128779
2025-12-16,87843.984375,88170.09375,85381.6875,86424.40625,41262178223,0.01648005936140917,0.016345736935078115,0.015763363131038308,0.02356435273353825,0.022109129494418008,-0.05229946144557318,0.005748601803866604,-0.22343509709003728,124752.53125,-0.295854092138912
2025-12-17,86143.7578125,90264.5703125,85316.265625,87847.6171875,44243392914,-0.01935507109105894,-0.019544833040854463,0.016378279640751312,0.022438130757646498,0.022093818171546927,-0.06386793224130949,-0.04832841677245925,-0.22241110784757245,124752.53125,-0.30948288624404163
2025-12-18,85462.5078125,89412.6640625,84436.3125,86144.3671875,52667115348,-0.007908292107279613,-0.007939728497768105,0.015128403691654958,0.022336039829795325,0.02195667270561718,-0.07619420964542267,-0.06378751456627085,-0.21004125344558022,124752.53125,-0.3149436972846994
2025-12-19,88103.3828125,89339.1171875,85107.6640625,85476.1328125,46733310561,0.03090097713717843,0.030433154968407768,0.02056517939381888,0.023517068397584624,0.022319170071071367,-0.02400599656604685,-0.030971244577735813,-0.1724879084247678,124752.53125,-0.2937747881368139
2025-12-20,88344.0,88497.203125,87924.875,88101.671875,14688196659,0.002731077738661547,0.002727355122150639,0.020655781881234632,0.023532918250542257,0.02229652604576345,-0.02164716325632765,-0.027602743996164802,-0.17588218909208686,124752.53125,-0.2918460321822127
2025-12-21,88621.75,89027.953125,87613.203125,88344.703125,19845522660,0.0031439599746445612,0.0031390280669266876,0.01858318468647415,0.023531694650616292,0.02220989175546826,0.005064580691331422,-0.01960922596761827,-0.18446275556300695,124752.53125,-0.2896196244515079
2025-12-22,88490.015625,90501.9296875,87908.0703125,88621.3984375,38047472118,-0.0014864790528285043,-0.0014875849588890807,0.016316565540476502,0.021231980627393236,0.022052798147550446,0.023955561389482183,0.02512054987704504,-0.19982935113800881,124752.53125,-0.2906755899993011
2025-12-23,87414.0,88898.3828125,86606.9765625,88490.03125,43683011533,-0.01215974047919599,-0.012234274952953525,0.016109011533622524,0.0169269728113769,0.021989823702671926,-0.00489486420793972,-0.04308915569255889,-0.19416938025826647,124752.53125,-0.29930079074046845
2025-12-24,87611.9609375,87956.8828125,86411.796875,87404.3203125,25550297986,0.0022646365284737513,0.002262076104062497,0.013821911969665812,0.01590699898292602,0.021994052964604154,0.017043639171113067,-0.06325224642838911,-0.1864322465117335,124752.53125,-0.29771396171570663
2025-12-25,87234.7421875,88501.7890625,86949.2578125,87608.3203125,19953216347,-0.004305562231041726,-0.0043148578556266,0.01343139770117536,0.015679702312924555,0.02175753940645686,0.02073698069904739,-0.053253703877047975,-0.2074592632156108,124752.53125,-0.30073769795753147
2025-12-26,87301.4296875,89459.4296875,86628.140625,87235.5078125,42455674908,0.0007644603322913834,0.0007641682813230021,0.005476750078394065,0.014373610080963868,0.021708434841069227,-0.009102410139082862,-0.02334019977742685,-0.21374091616990365,124752.53125,-0.3002031396657533
2025-12-27,87802.15625,87874.78125,87182.9765625,87301.4296875,13741199310,0.005735605525503784,0.00571921956587603,0.005942563506371494,0.014448715610398273,0.021710218673357085,-0.006133339558996642,-0.01646891045522203,-0.21353638148147036,124752.53125,-0.29618938092688996
2025-12-28,87835.8359375,87986.890625,87394.953125,87799.34375,15156557929,0.00038358610925337544,0.0003835125589097617,0.005719738046385113,0.014124572990931405,0.021399279060884426,-0.008868184869966989,-0.02842526937184675,-0.2326901404288546,124752.53125,-0.29591940894986846
2025-12-29,87138.140625,90299.15625,86717.9140625,87835.7890625,48411625849,-0.007943173820266769,-0.007974888882579774,0.006258072552062995,0.014167259232428628,0.02140479463004081,-0.015277147262906299,-0.038636966591639066,-0.23642960349754516,124752.53125,-0.30151204346805593
2025-12-30,88430.1328125,89297.9375,86735.546875,87134.3515625,35586356225,0.014826942349620564,0.01471809780879094,0.007309616956196665,0.01358511279339963,0.02152070354137889,0.011624371525156052,-0.04597582763224095,-0.21712875480110538,124752.53125,-0.29115560280465247
2025-12-31,87508.828125,89080.2890625,87130.5625,88429.5859375,33830210616,-0.01041844740246467,-0.010473099349299821,0.008597597799912765,0.0136621968007466,0.021353940388019608,-0.0011771544820640134,-0.049033588735444944,-0.20486496881291005,124752.53125,-0.29854066087336406
2026-01-01,88731.984375,88803.2265625,87399.40625,87508.046875,18849043990,0.013977518339667538,0.013880733660550057,0.00981146646977007,0.014029160412046505,0.0214037290515561,0.017163370349417395,-0.040852848185581325,-0.18072539278704414,124752.53125,-0.2887360000961904
2026-01-02,89944.6953125,90884.4609375,88298.6171875,88733.0625,46398906171,0.013667122921255048,0.013574570130194885,0.010615544776597418,0.013437406746837818,0.02142851316293161,0.0302774609128591,-0.0036082558541770116,-0.17900835537480098,124752.53125,-0.2790150675800416
2026-01-03,90603.1875,90679.5703125,89328.0703125,89945.0546875,20774828592,0.007321078638514056,0.007294409627148249,0.010667607424570716,0.01353449103039806,0.02144640669425235,0.03190162257547069,0.003371881606490934,-0.1768137207650604,124752.53125,-0.2737366801926113
2026-01-04,91413.4921875,91712.5859375,90595.1015625,90603.0,26770491368,0.008943445698309516,0.008903689947606831,0.010601490823964933,0.012498722449090277,0.0214740759652241,0.040731168683197705,0.03672589623833877,-0.17377257752364939,124752.53125,-0.26724138362924
2026-01-05,93882.5546875,94762.0703125,91414.625,91414.625,53376407252,0.027009825802690735,0.02665149838136465,0.011277213919169459,0.012618394665643764,0.021343965971125152,0.07739910461854649,0.08635492163433356,-0.11886685247479434,124752.53125,-0.24744970104564512
2026-01-06,93729.03125,94395.296875,91286.546875,93876.9453125,52430605257,-0.0016352711961346023,-0.00163660971149983,0.011982461750447487,0.012340673925149637,0.020561151504592277,0.05992186451574533,0.06699430720124377,-0.07738410947686969,124752.53125,-0.2486803248731676
2026-01-07,91308.0546875,93738.7890625,90601.8046875,93727.46875,43461295053,-0.025829527204251357,-0.026168967250151644,0.016559798438220877,0.012994947764962704,0.02056627122321606,0.04341535184396572,0.0599497515100349,-0.12112387019101523,124752.53125,-0.2680865568609454
2026-01-08,91027.125,91485.8515625,89233.875,91309.640625,42386697030,-0.003076724046541912,-0.003081466892755565,0.016480512880326342,0.012836637787374686,0.020353620915014917,0.02586599005044521,0.06511179381382615,-0.10142184919444741,124752.53125,-0.27033845255143873
2026-01-09,90513.1015625,91910.671875,89625.3828125,91026.2734375,38305906684,-0.005646925984974294,-0.005662930149506993,0.01616134192616841,0.011257445852768189,0.020164635563951212,0.0063195083159173215,0.027351035488935915,-0.1243978461370101,124752.53125,-0.2744587973039625
2026-01-10,90386.6484375,90713.03125,90283.3984375,90510.1015625,12385895282,-0.001397069847536736,-0.0013980466595052143,0.015928379820343695,0.01126808941947025,0.02013431950490483,-0.0023899717932108766,0.02312152990016303,-0.11630057215371914,124752.53125,-0.2754724290413947
2026-01-11,90827.4609375,91155.2265625,90212.0234375,90385.359375,17165568977,0.004876964768804504,0.004865110901100388,0.015608867746898328,0.011289751837876057,0.01988581993209634,-0.006410774120717111,0.024889047412175902,-0.13266068909888407,124752.53125,-0.27193893360380217
2026-01-12,91192.9921875,92395.5234375,90055.0234375,90825.859375,41346275358,0.004024457429802286,0.004016380962680633,0.01029227715766705,0.011287451597580798,0.019817882256223565,-0.028648160554988644,0.030545554132960895,-0.13966110644475305,124752.53125,-0.26900888283579416
2026-01-13,95321.78125,96011.625,90941.9296875,91185.3359375,54980674354,0.04527528885126264,0.044280285031478225,0.02141979378418937,0.014355090863675962,0.02041352521590877,0.016993134131000565,0.09046355560894126,-0.07452306928659347,124752.53125,-0.23591304885847753
2026-01-14,96929.328125,97860.6015625,94583.046875,95322.90625,60592490863,0.016864423365986925,0.016723797821879046,0.01773584945157515,0.01460651371478144,0.020478014697142288,0.06156382869768384,0.10634811831396807,-0.0465641447156081,124752.53125,-0.22302716302600067
2026-01-15,95551.1875,97150.171875,95103.2421875,96931.2890625,53086363027,-0.01421799419905967,-0.014320038274756287,0.019391741327112688,0.015072442308898568,0.02041234234778585,0.04970015805728245,0.09533409630104539,-0.04158885641478416,124752.53125,-0.23407415831492395
2026-01-16,95525.1171875,95801.890625,94259.2734375,95554.1015625,33248170537,-0.00027284132392391136,-0.00027287855188963723,0.018902667837638186,0.015086826412809548,0.019265817737750296,0.05537337179346524,0.09419877233897678,0.011942314922795516,124752.53125,-0.2342831345355968
2026-01-17,95099.921875,95598.4765625,95005.6171875,95525.15625,16021715122,-0.004451136256293897,-0.004461072057980408,0.019185583224160786,0.015205147529701039,0.019215098940646904,0.05214568212205695,0.08311601829254611,-0.004701523455165502,124752.53125,-0.23769144463752112
2026-01-18,93634.4296875,95491.5078125,93588.8671875,95101.1796875,20809781232,-0.01541002514624834,-0.015529993658124637,0.021076806478009698,0.01576885858941083,0.01922830231813491,0.03090440623383195,0.06601626418317474,-0.005762001203517331,124752.53125,-0.24943863864485716
2026-01-19,92553.59375,93660.828125,92089.25,93655.671875,39195241508,-0.011543146480490485,-0.011610285761608208,0.021944300987002948,0.015914563770794997,0.01907683214163799,0.01492002323712005,0.062147907749207754,0.004991849349373023,124752.53125,-0.25810247838157596
2026-01-20,88310.90625,92798.4296875,87814.9296875,92553.6015625,53072968031,-0.04584033237499219,-0.046924255054821146,0.01905118424757051,0.0188879037679069,0.019902466610068267,-0.0735495592724249,-0.0013482571913897567,-0.04989806224120519,124752.53125,-0.2921113073607474
2026-01-21,89376.9609375,90430.40625,87231.5703125,88326.5078125,56330422434,0.012071608510981546,0.011999327760148783,0.017949895562242562,0.018898935837307253,0.01986731776440515,-0.07791622343405158,0.021347935431514475,-0.022839431356275086,124752.53125,-0.28356595219385583
2026-01-22,89462.453125,90258.9609375,88438.4453125,89378.5234375,35549685694,0.000956534957143873,0.0009560777691027553,0.018459189057552186,0.018670176041789634,0.01868771175101766,-0.0637222261104814,0.008232304902738186,0.03267335402492755,124752.53125,-0.28288065798264117
2026-01-23,89503.875,91100.25,88486.359375,89462.046875,38997586037,0.00046300848627667257,0.00046290133092210693,0.018520578483067998,0.01842733235639027,0.01853759869029999,-0.06303307826025795,-0.00490101512900154,0.0518645180766697,124752.53125,-0.282548625641614
2026-01-24,89110.734375,89811.609375,89044.2890625,89506.1484375,14558687712,-0.00439244250598092,-0.004402117623558332,0.01852305110027311,0.01836954530000153,0.01853355028565976,-0.06297783827700965,-0.01647241301527058,0.05271661533605476,124752.53125,-0.2856999895543202
2026-01-25,86572.21875,89193.1484375,86003.7109375,89104.765625,36124986722,-0.028487203509257375,-0.028900838361794735,0.019875683861114747,0.019191752843517942,0.018630074370944077,-0.07542322798429768,-0.05296016289991379,-0.0026817469218231027,124752.53125,-0.3060483993185509
2026-01-26,88267.140625,88743.0703125,86429.2890625,86566.5234375,45329286974,0.019578126787931138,0.01938894055131375,0.022965895598989223,0.01868388979741614,0.018672212341779737,-0.046313200291047574,-0.05981317914911477,-3.876575500472157e-05,124752.53125,-0.2924621268957218
2026-01-27,89102.5703125,89427.125,87228.921875,88257.4765625,38744942267,0.009464787027023913,0.00942027656458104,0.015477064870277132,0.018873533886084926,0.018657411878408046,0.008964510682959892,-0.049359956843680663,0.020158479223439718,124752.53125,-0.2857654316132363
2026-01-28,89184.5703125,90439.2890625,88721.4609375,89104.046875,39807419296,0.0009202877056453396,0.0009198645005418251,0.0147498910762008,0.018088015878084486,0.018083568426367585,-0.0021525751489194223,-0.023256265641268814,-0.014735096494142064,124752.53125,-0.285108130321003
2026-01-29,84561.5859375,89200.78125,83250.6015625,89169.8515625,64653083162,-0.05183614563372574,-0.053227949504083015,0.02439499818320078,0.021229509542805163,0.01918641902144605,-0.05478127433698177,-0.07102870778902437,-0.07365680496465066,124752.53125,-0.3221653693900499
2026-01-30,84128.65625,84602.1640625,81071.4765625,84562.7265625,72083816087,-0.005119696877728619,-0.005132847429550004,0.024171764167848064,0.02122688911740144,0.01918970438016996,-0.060055709878482966,-0.07053614562187427,-0.07468834386551393,124752.53125,-0.32563567723200004
2026-01-31,78621.1171875,84136.921875,75815.8828125,84126.5,70479259159,-0.06546567255435032,-0.06770691927198588,0.032131283326214954,0.02518149029922952,0.020834978787598712,-0.11771440625050955,-0.13016890717145635,-0.1346219480996902,124752.53125,-0.3697833911686662
2026-02-01,76974.4453125,79322.609375,75698.8984375,78626.125,53372509744,-0.02094439679701987,-0.021166842147211495,0.03181766722482961,0.025238205372836987,0.020967399695814876,-0.11086435782841708,-0.1525201242224805,-0.14845919855300627,124752.53125,-0.38298289789210194
2026-02-02,78688.765625,79258.609375,74551.3359375,76968.875,75140589684,0.022271291537603544,0.022026908157821636,0.03233449016427582,0.025960066581281586,0.02046435667571356,-0.10851575039338146,-0.13711828357150868,-0.08842291283473924,124752.53125,-0.3692411301273697
2026-02-03,75633.546875,79118.8515625,72897.140625,78693.5078125,68249110822,-0.03882661934945053,-0.03960046937497693,0.03117255304882939,0.023955223498586503,0.01954498889446013,-0.15116313020220995,-0.2065449692275867,-0.17204839959133922,124752.53125,-0.3937313646692039
2026-02-04,73019.703125,76864.65625,71779.9296875,75640.09375,67215363944,-0.03455931736640505,-0.035170615941758965,0.029530327728694288,0.023625159272966635,0.019645694015944456,-0.18125183684642754,-0.24667069773934847,-0.21927277809013845,124752.53125,-0.4146835948468981
2026-02-05,62702.09765625,73161.5546875,62353.53515625,73016.375,125509410908,-0.14129892381358544,-0.1523344080304475,0.05227522387957945,0.03662041694468334,0.026174853850335914,-0.2585037643145256,-0.34378526006021637,-0.3195030187903676,124752.53125,-0.497388172985468
2026-02-06,70555.390625,71681.3046875,60074.203125,62704.453125,114674259489,0.1252476912623226,0.118003181433477,0.08185891107167266,0.04825558436940067,0.03076163596823886,-0.16133938458098218,-0.2613943567688962,-0.21068172698774734,124752.53125,-0.43443720205076
2026-02-07,69281.96875,71611.1484375,67364.4453125,70553.796875,62347107663,-0.018048541205989532,-0.018213402812750957,0.07958715823937862,0.04822353559364278,0.030816612011416573,-0.11878676838472646,-0.2714823799638374,-0.22392600454507905,124752.53125,-0.44464478551412157
2026-02-08,70264.7265625,72206.90625,68852.8984375,69283.7265625,39721722619,0.014184900201757111,0.01408523588474713,0.08026669368869471,0.048606511223151044,0.030829845458472255,-0.08716813382363409,-0.24958450863635484,-0.22278382104545813,124752.53125,-0.436767127220114
2026-02-09,70120.78125,71369.96875,68291.03125,70243.328125,52081598792,-0.00204861414171964,-0.0020507154219692207,0.07914816627056472,0.048659382536143124,0.030820549352108335,-0.10888446790272044,-0.24237646093564036,-0.2263832291582809,124752.53125,-0.43792097404837227
2026-02-10,68793.9609375,70464.265625,67913.09375,70137.390625,40593063077,-0.018921927121284043,-0.01910323758989731,0.07844614306890954,0.04807400860158167,0.03069468633202144,-0.0904305856342269,-0.22100266140684066,-0.25781970964063583,124752.53125,-0.4485565924138313
2026-02-11,66991.96875,69242.6796875,65757.3046875,68791.859375,49671946030,-0.02619404614799148,-0.026543221212374526,0.07808637071013463,0.047892413851728995,0.030817118525556617,-0.08254942319720637,-0.25045595590516323,-0.2719921695816365,124752.53125,-0.4630011264801491
2026-02-12,66221.84375,68339.4921875,65092.109375,66992.1953125,44651071271,-0.011495780977477277,-0.01156236827483507,0.05296606680802046,0.047794116754186565,0.030803017675618074,0.05613442333374885,-0.2597805958051187,-0.2841759004027462,124752.53125,-0.46917434791528534
2026-02-13,68857.84375,69382.8359375,65835.78125,66213.375,40820775886,0.039805596623848194,0.03903376935715579,0.023159704985941148,0.04910622446219138,0.031206081365071952,-0.02405977573028284,-0.23067192621548505,-0.23720474238297728,124752.53125,-0.44804451613081
2026-02-14,69767.625,70481.1640625,68706.6171875,68856.984375,36012397645,0.013212456278809848,0.013125933067848304,0.022841329461244023,0.04937859498191843,0.031275753277010473,0.007009850596949141,-0.2170682298902331,-0.22736853853551164,124752.53125,-0.44075182843233895
2026-02-15,68788.1875,70939.2890625,68052.546875,69764.953125,40191152750,-0.014038567315427408,-0.014138040068878806,0.02266171219361532,0.04921447275183108,0.031201093176949957,-0.02101394447449567,-0.20542422854329356,-0.21986904088212889,124752.53125,-0.4486028715349213
2026-02-16,68843.15625,70067.234375,67301.5859375,68782.3984375,33618145426,0.000799101589935125,0.0007987824782500607,0.02270321364882278,0.04882457230063351,0.031133877382973043,-0.018220347480797594,-0.22005906430709188,-0.20338659443204732,124752.53125,-0.44816224921287917
2026-02-17,67494.21875,69201.8671875,66615.28125,68843.09375,34866936040,-0.019594358734823403,-0.019788873300286218,0.022786020529195303,0.048638493180015875,0.031099345138134397,-0.01889325995752489,-0.2425109790516179,-0.2316580443132934,124752.53125,-0.4589751560652201
2026-02-18,66425.3203125,68434.4296875,65845.8984375,67488.0234375,33094301643,-0.015836888807606253,-0.015963632260214883,0.02127742681112898,0.048553349234011736,0.03107391087101682,-0.008458453275415945,-0.2551926854640022,-0.2289015246225854,124752.53125,-0.4675433063607677
2026-02-19,66957.5234375,67277.125,65637.4296875,66425.625,31492987019,0.008012052068341324,0.007980125994704771,0.020951894498003786,0.047899264759027914,0.03110331420092142,0.011109320517823873,-0.2081803729770545,-0.21652751421241823,124752.53125,-0.46327723560719336
2026-02-20,68005.421875,68269.03125,66452.484375,66958.578125,47507867304,0.015650197075734784,0.015528995656632263,0.014698517800252229,0.04821727373659493,0.03089081239959221,-0.012379444789105798,-0.19164973141954822,-0.22811792573586087,124752.53125,-0.4548774185694128
2026-02-21,68003.765625,68657.703125,67533.0703125,68000.25,18357635642,-2.435467576455963e-05,-2.4354972344490844e-05,0.013241776245460479,0.04646541657844959,0.03088361957143559,-0.025281918009965265,-0.13504452674183132,-0.23023900179978263,124752.53125,-0.4548906948531355
2026-02-22,67659.390625,68235.2265625,67185.6015625,67998.828125,17893536012,-0.005064057803784272,-0.005076923598302017,0.012472055130724982,0.04633635878523188,0.030871732239153335,-0.01640974876682133,-0.12101489851187419,-0.23653741180917776,124752.53125,-0.4576511598837799
2026-02-23,64616.73828125,67668.4296875,63924.4375,67668.4296875,50953457309,-0.04497014110892317,-0.04601267313564273,0.02018965965553359,0.046673557700473725,0.03130231581539999,-0.06139198431579751,-0.1788314663723638,-0.2697849828043807,124752.53125,-0.48204066375406707
2026-02-24,64080.04296875,64992.15625,62553.1875,64616.015625,40849331086,-0.008305824880296298,-0.00834051043874472,0.019629865277515406,0.04614723433345957,0.03129084498038317,-0.050584714431560096,-0.1527563413804266,-0.26693615474923926,124752.53125,-0.4863427432960403
2026-02-25,67960.125,69953.53125,63942.484375,64077.76953125,53629234355,0.060550552894326426,0.05878816281087323,0.031614838238605295,0.047923037071740913,0.03233609034047501,0.0231057175227678,-0.06929058745060457,-0.22430539993870346,124752.53125,-0.45524051240443264
2026-02-26,67453.7734375,68843.3515625,66523.734375,67954.8671875,42988597523,-0.007450715585058165,-0.007478610812400483,0.031802379482233585,0.0359068797588497,0.03233977919312341,0.007411415096067797,0.07578176741869114,-0.22675562802126836,124752.53125,-0.4592993604087693
2026-02-27,65881.796875,68220.40625,64946.03515625,67456.515625,40283655942,-0.023304501473983996,-0.023580345399758597,0.032314417321084754,0.023238488924251777,0.03243001327500111,-0.031227289552050896,-0.06624006625999745,-0.24535260062948205,124752.53125,-0.4719001192611072
2026-02-28,66995.859375,67714.5234375,63062.21875,65878.9296875,42041497112,0.016910019957618205,0.016768637200983844,0.03328798144901202,0.023358703140070755,0.032514199913231644,-0.014821329976901554,-0.032997176844804965,-0.23696794889362416,124752.53125,-0.46296993973819667
2026-03-01,65738.1015625,68162.8203125,65076.73046875,67005.8828125,40733141929,-0.018773664883674046,-0.018952127255243773,0.03391882525414927,0.023370719697027635,0.03256440220152518,-0.02839648783047255,-0.06442243813435466,-0.2515799404553256,124752.53125,-0.47305196212201106
2026-03-02,68775.8515625,70044.0,65303.13671875,65734.078125,56698092052,0.04620988327616793,0.04517399874225875,0.032884974901035945,0.02571459761917006,0.03316935177225672,0.06436588091381368,-0.019180186865074278,-0.21072619786004299,124752.53125,-0.4487017547990635
2026-03-03,68293.6484375,69232.890625,66237.6171875,68785.078125,47947999049,-0.007011227255569463,-0.007035921401254354,0.03277221623447607,0.02542018997320047,0.03309193404376065,0.06575534711805453,-0.007272622381120586,-0.2277106652965879,124752.53125,-0.45256703208176385
2026-03-04,72710.578125,74051.8046875,67437.40625,68290.5625,75073101274,0.06467555605177866,0.06267011054362281,0.033860296955724664,0.028315392414628986,0.03417515737797278,0.06990059428230899,0.08536261109657262,-0.16910579557598204,124752.53125,-0.41716150048057643
2026-03-05,70841.125,73555.7890625,70654.8828125,72712.65625,51172841727,-0.025710882421896564,-0.026047184090688055,0.036075785795041795,0.028875843158848252,0.034234974691122334,0.05021737687719696,0.0697546457244329,-0.20162807696703222,124752.53125,-0.43214679261267497
2026-03-06,68136.4921875,71378.5703125,67757.8203125,70842.15625,43776962871,-0.03817885179689062,-0.03892676222985379,0.038550641883469024,0.029002031247300827,0.03445068562000198,0.03422334270538974,-0.010475953402185989,-0.24246236033409763,124752.53125,-0.4538267760599046
2026-03-07,67272.59375,68515.1640625,66969.2578125,68136.6875,23258701211,-0.01267893913767526,-0.012760002816373808,0.03870598441953514,0.028957802762278908,0.03443862196547247,0.0041306190797705256,-0.03576202070802903,-0.2575030127941139,124752.53125,-0.460751673124869
2026-03-08,65969.78125,68177.7890625,65639.1953125,67272.5,33195080116,-0.01936617019467901,-0.019556151272463178,0.038757604887443335,0.029097617302910214,0.03445003417831455,0.0035242832085702336,-0.04097224178206471,-0.27833649419400697,124752.53125,-0.4711948480003286
2026-03-09,68402.3828125,69474.9453125,65858.0078125,65969.5859375,49499875378,0.03687448277691541,0.036210883133673905,0.03707202936709424,0.030286559583687003,0.0346179185991701,-0.005430230837063621,-0.006402574511536918,-0.2714047562916666,124752.53125,-0.4516954315305727
2026-03-10,69926.921875,71770.8984375,68402.71875,68402.71875,54003996096,0.022287806357257578,0.022043063053682945,0.03782118945516752,0.030302122514836168,0.03477977200537463,0.023915451507832586,0.03604313332391884,-0.25394596591437624,124752.53125,-0.43947492548372635
2026-03-11,70204.8828125,71337.6640625,68998.8671875,69931.25,45236859848,0.003975020350486469,0.003967140831024369,0.026997174247372035,0.0300222594270218,0.03468115260435473,-0.03446122114711214,0.056899424529967435,-0.23112059442318844,124752.53125,-0.43724682690556627
2026-03-12,70493.4609375,70775.828125,69230.15625,70209.765625,40871848129,0.004110513591636167,0.004102088510358853,0.025434013737259092,0.030002161843278516,0.03469460575750879,-0.0049076586869561956,0.05280866612846791,-0.2255774206040233,124752.53125,-0.43493362233882527
2026-03-13,70968.265625,73927.328125,70410.7265625,70497.046875,61167226505,0.006735442992662266,0.006712861238543366,0.019231409689281175,0.02987518406736262,0.034717034939606,0.04156030559523738,0.04356775780975175,-0.21593377754273657,124752.53125,-0.4311276499650183
2026-03-14,71214.625,71291.203125,70339.5859375,70965.3828125,22283546496,0.0034714019404360474,0.0034653905327112298,0.017509983772036473,0.029870435277022555,0.034726654612871395,0.05859787812923445,0.04721590555302435,-0.21211123289693556,124752.53125,-0.42915286538524644
2026-03-15,72789.9140625,73173.0078125,70882.421875,71213.6796875,27991268669,0.022120302711697182,0.021879197879022205,0.01303483777445957,0.030108947136166173,0.03485886530693964,0.10338268042233345,0.07582869709743267,-0.198591336681887,124752.53125,-0.4165255539654631
2026-03-16,74861.0859375,74901.859375,72300.6328125,72798.171875,55572438409,0.028454105238008953,0.028056806108927662,0.010791827963769679,0.028361046213586538,0.03507240704227565,0.09442219495049109,0.15854015428108714,-0.17909168082148585,124752.53125,-0.3999233106743074
2026-03-17,73922.4765625,75988.3984375,73444.2265625,74855.296875,49500721728,-0.01253801442025071,-0.012617278563279094,0.013496813420089406,0.028493030485694102,0.03455428369210068,0.0571390042685187,0.15359592687148904,-0.22449543437901298,124752.53125,-0.40744708085832926
2026-03-18,71245.578125,74658.9765625,70503.859375,73936.8515625,46229011155,-0.0362122396594321,-0.03688417423341743,0.021620067631081666,0.027231444927027386,0.03469813935066986,0.014823688478754926,0.04834383581548729,-0.2649739815268115,124752.53125,-0.4289047491771836
2026-03-19,69912.7890625,71598.84375,68805.5234375,71250.3515625,44631433398,-0.01870697238447039,-0.01888416104762736,0.022979964813797885,0.027548110491872488,0.03472348357113714,-0.008237244522790954,0.0364548267604099,-0.2683210864072202,124752.53125,-0.4395882122632281
2026-03-20,70522.5859375,71346.796875,69398.8828125,69911.53125,38299078407,0.008722250723753211,0.008684431647448684,0.023102705203366825,0.026953569922636894,0.034758984834435194,-0.006279985618572015,0.07044114281377523,-0.26173777102962525,124752.53125,-0.43470016014204116
2026-03-21,68711.5234375,71051.2734375,68602.9140625,70522.46875,21109354718,-0.025680602546325204,-0.026016105631017767,0.02479714459394092,0.027497984410124923,0.034864156314226125,-0.035148701021735396,0.025608508921376893,-0.27748075831424024,124752.53125,-0.4492174006489348
2026-03-22,67845.2109375,69561.7734375,67372.875,68737.4453125,30108051508,-0.012607965253281006,-0.012688120086084904,0.02179818683572736,0.027302229478882542,0.0348518531960185,-0.06793115761552215,0.03205309135671763,-0.27542452958885066,124752.53125,-0.4561616485236647
2026-03-23,70914.859375,71782.2578125,67458.84375,67843.0,51508669357,0.04524488014825101,0.04425119303469704,0.02700958352018151,0.027224543565226755,0.035396801107360217,-0.0527139903606878,0.03110114617128623,-0.23379680354119148,124752.53125,-0.4315557474910955
2026-03-24,70517.859375,71371.3046875,68920.6953125,70912.671875,40181522399,-0.005598262529164066,-0.005613991531695598,0.026916631627643496,0.027203393842433466,0.034982854712884925,-0.04605658990092765,0.03256834256754515,-0.2014818738767048,124752.53125,-0.4347380476498348
2026-03-25,71309.8828125,71985.7421875,70383.59375,70520.046875,35409791747,0.011231529778693128,0.011168924480813245,0.023972554676079436,0.02324672653290012,0.03497719330735664,0.000902577945078642,-0.019263982609132868,-0.20214469070652386,124752.53125,-0.42838929119925173
2026-03-26,68791.625,71410.390625,68118.3515625,71310.1171875,38962070215,-0.03531428903229905,-0.03595291880741613,0.026827249675639663,0.023850589511832356,0.03520924897459416,-0.016036609002935243,-0.028930935244182,-0.23105590561124023,124752.53125,-0.4485753169837987
2026-03-27,66338.375,69117.53125,65532.5703125,68790.8359375,46483453594,-0.035662044616623034,-0.03631346968520713,0.029025619979386377,0.023660660781966297,0.03543633079123889,-0.059331501842661005,-0.02638992894661918,-0.2588211962889875,124752.53125,-0.4682402486322297
2026-03-28,66319.6953125,67232.859375,65906.7421875,66338.5,20924883455,-0.0002815819275042708,-0.0002816215791388498,0.028068522412706427,0.02350904054923146,0.035439605368995576,-0.034809708842733045,-0.014164734617505337,-0.2557608712614765,124752.53125,-0.468389982567989
2026-03-29,65954.921875,67052.953125,64971.70703125,66319.6953125,21645889785,-0.005500227885263609,-0.005515409833700628,0.02786310938431233,0.02314205106133997,0.035302064707954536,-0.02786179063163885,-0.00022524517617683593,-0.23815142054448035,124752.53125,-0.47131395880995397
2026-03-30,66691.4453125,68087.2890625,65759.8046875,65958.3515625,37694994180,0.011167073154841889,0.011105181731209317,0.019654689712351427,0.021745281699000148,0.03522847706732349,-0.05955612264795529,-0.025012834782231264,-0.24443632318581177,124752.53125,-0.465410083112041
2026-03-31,68233.3125,68495.2734375,65950.4375,66694.5859375,42997691338,0.02311941479563351,0.022856210162579323,0.02307650167152955,0.021790483841033107,0.03535333206799945,-0.03239671333259331,-0.024219704365472605,-0.23421611452180857,124752.53125,-0.4530506770779451
2026-04-01,68078.5546875,69230.359375,67555.359375,68232.890625,36465393617,-0.002268068291422898,-0.002270644254019965,0.022089281883129124,0.021762637650556596,0.03534902926527845,-0.04531388914908685,-0.030287467763159714,-0.23665546126471393,124752.53125,-0.45429119549427976
2026-04-02,66888.5703125,68633.1484375,65725.2578125,68077.8984375,39323384518,-0.017479577533077273,-0.017634149228875802,0.019011367061986258,0.022005957129764955,0.03485533291261382,-0.027664046132069076,-0.051137943534877994,-0.20899579199073015,124752.53125,-0.4638299548531205
2026-04-03,66931.1015625,67296.234375,66281.5390625,66889.015625,22815543346,0.0006358522809097877,0.0006356502125007872,0.012832400247771837,0.02192129965595923,0.03485752777530075,0.008934897222007576,-0.05688689200652841,-0.20441970018390732,124752.53125,-0.4634890299069583
2026-04-04,67290.515625,67515.015625,66769.640625,66938.6484375,15878814963,0.005369911059425414,0.005355544495529739,0.012890888639088141,0.02195129574884457,0.033941188381445386,0.014638491747066551,-0.055102577244491524,-0.14411651688283889,124752.53125,-0.4606080137151526
2026-04-05,68981.8984375,69087.65625,66610.6328125,67291.1953125,22972648674,0.02513553056906015,0.024824828794848448,0.014904302363831085,0.02212929342893098,0.03402049253818023,0.045894627367413676,-0.05231515484041238,-0.10383377031886287,124752.53125,-0.4470501099551838
2026-04-06,68859.828125,70305.421875,68347.078125,68982.9140625,39542143229,-0.0017695992030517527,-0.0017711667933321205,0.015034358855376276,0.020980621245560764,0.03388794984389646,0.03251365752143287,-0.080165251910857,-0.12490903144727017,124752.53125,-0.4480286096399346
2026-04-07,71940.703125,72732.4296875,67740.5078125,68859.375,44650511480,0.04474125312086663,0.043769250088650125,0.020633304575806786,0.023369845299514556,0.03404035041887524,0.05433402672631504,-0.026808807410888758,-0.04882547364998213,124752.53125,-0.42333271794835825
2026-04-08,71123.359375,72825.1875,70707.46875,71950.1484375,42444631703,-0.011361353371537541,-0.011426386592901714,0.02163241663974474,0.022093811928939194,0.033787429266058856,0.04472487263392311,-0.0017154573408831864,-0.025970302108099697,124752.53125,-0.4298844387175511
2026-04-09,71767.828125,73107.265625,70486.359375,71120.5703125,38799581473,0.009061281070850802,0.00902047398791368,0.018887414301966696,0.02173691803602836,0.028537411766011073,0.07294606223012923,0.026533615485453632,0.144584165564138,124752.53125,-0.424718461373905
2026-04-10,72979.046875,73440.1171875,71434.828125,71774.3671875,37722595732,0.016876904061948084,0.01673607145352826,0.018501878703737172,0.0219447665525061,0.02391271468235639,0.09036076160874851,0.03483225841543902,0.03435111376367628,124752.53125,-0.41500949003790255
2026-04-11,73054.2734375,73784.234375,72556.3359375,72976.125,23287073965,0.0010307967248304184,0.0010302658186926742,0.01885302175902716,0.02102341799922677,0.02379046490506605,0.08565483202150759,0.06320264466192738,0.054448578115788626,124752.53125,-0.4144064837361767
2026-04-12,70753.40625,73154.03125,70540.5703125,73056.046875,29882740487,-0.031495312720733026,-0.03200195641601119,0.023766762164421168,0.02210655802912173,0.024080140412481302,0.02568076339773473,0.042865152489231395,0.006954836536157583,124752.53125,-0.4328499346581395
2026-04-13,74484.640625,74896.3125,70588.5234375,70757.6171875,52278211554,0.05273575609654846,0.05139225778223328,0.02977946728295138,0.02288213165514399,0.02496354825982349,0.08168496281735371,0.05033897382666841,0.062233467699705614,124752.53125,-0.40294084714212963
2026-04-14,74181.609375,76061.7578125,73877.203125,74478.3984375,53540826530,-0.004068372317531099,-0.004076670658997154,0.026246094002324964,0.022857182670402477,0.02483967645373179,0.031149351516711388,0.05195492365298415,0.07831571789266123,124752.53125,-0.4053699060715451
2026-04-15,74805.078125,75409.2734375,73549.203125,74182.0234375,38090174312,0.008404626904874313,0.00836950468372944,0.02527768400856302,0.02281247153210044,0.02459885626291366,0.051765253811874024,0.04901417832490562,0.11662755283632409,124752.53125,-0.4003722619856661
2026-04-16,75152.1328125,75506.5703125,73346.265625,74810.875,41312783855,0.004639453579876829,0.004628724487070657,0.025287603908425344,0.021100498027011142,0.02453950134303473,0.047156292393375265,0.09246049664475864,0.13485412904257887,124752.53125,-0.39759031692994207
2026-04-17,77126.875,78320.6796875,74558.6015625,75164.0390625,54137194839,0.02627659540184779,0.025937296578403095,0.026142374101186805,0.019483103483157415,0.02426367164756454,0.05683587690730585,0.16262834294629624,0.12008844308314548,124752.53125,-0.3817610414217547
2026-04-18,75726.2109375,77416.703125,75504.9453125,77136.046875,26014416776,-0.01816051878803593,-0.018327445076503752,0.027964513251849576,0.020211638397708644,0.02435346805243857,0.03657469131201374,0.14183592944262302,0.0854061742462926,124752.53125,-0.39298858164451067
2026-04-19,73856.3515625,76243.09375,73802.3828125,75723.6953125,30931515195,-0.024692366775663332,-0.025002336494923415,0.026547832665931508,0.0211928123483914,0.024500293475268574,0.04385577284485853,0.11980045556683483,0.07367782531702849,124752.53125,-0.4079771302235601
2026-04-20,75872.5234375,76575.359375,73775.5703125,73854.25,39674447916,0.027298557704868998,0.02693259727225901,0.020118283720949294,0.0216906541598818,0.02471595866128339,0.01863314101879654,0.13766500458911457,0.10210698594313805,124752.53125,-0.39181575975036576
2026-04-21,76352.7734375,76881.4765625,74852.671875,75872.828125,36453522626,0.0063296958930805225,0.006309747501944813,0.019908203884273064,0.021349638988146995,0.024568671357211466,0.029268225383523472,0.1189955556898985,0.1312490884635953,124752.53125,-0.3879661384626214
2026-04-22,78203.1015625,79468.0,76159.578125,76354.21875,48336654537,0.024233934691509473,0.02394495237334366,0.02130240944928642,0.021643612443103224,0.02461142793692108,0.04542503694497668,0.14871859312340807,0.17730861055078173,124752.53125,-0.3731341498331321
2026-04-23,78268.953125,78676.9375,77014.453125,78203.875,40354900916,0.0008420581944230676,0.0008417038623198857,0.021407584427831014,0.02097294443094013,0.024603935991718548,0.04147347780902333,0.1701394238108458,0.168934409559792,124752.53125,-0.3726062923071952
2026-04-24,77455.3125,78554.09375,77318.4453125,78263.8203125,32784213526,-0.010395445352393673,-0.010449855400701123,0.020069044274454946,0.021294857735240258,0.02460294362283864,0.004258405387227215,0.157239470019368,0.1389579001858079,124752.53125,-0.37912832930995133
2026-04-25,77612.015625,77882.640625,77184.6640625,77457.2109375,16702933134,0.0020231423764509593,0.0020210985800430967,0.01826302167953924,0.021321683174575688,0.02460109200541112,0.02490293207798855,0.1533871438512997,0.1412899699258383,124752.53125,-0.37787221752264044
2026-04-26,78657.5390625,78923.5625,77334.890625,77613.1171875,21482934750,0.013471154293320797,0.01338122502813899,0.013449606216110644,0.020975635459880425,0.02462127322169097,0.06500710363328821,0.14026347265241568,0.16255169217318088,124752.53125,-0.3694914381747264
2026-04-27,77366.625,79488.171875,76481.34375,78661.015625,38135631927,-0.01641182876919478,-0.016547994707933746,0.013743861353100814,0.02150027415172893,0.02398431195578814,0.019692261372205033,0.12353787551658946,0.1973155417293737,124752.53125,-0.37983923672891406
2026-04-28,76350.671875,77483.8671875,75673.6015625,77368.1171875,32056900880,-0.013131671764148978,-0.013218654490737211,0.014851234654239988,0.01990655497065237,0.02402912986400418,-2.75243767238198e-05,0.061300050714509835,0.1914890867385035,124752.53125,-0.387982984313194
2026-04-29,75776.1328125,77884.96875,74958.5703125,76350.6875,41460907886,-0.007525003361340765,-0.0075534590417408835,0.010442987199412303,0.01978517087510215,0.022906849635210193,-0.031034175135117414,0.065418358727519,0.11500873214256147,124752.53125,-0.39258841441343495
2026-04-30,76304.3203125,76611.484375,75318.984375,75778.6328125,29497862305,0.00697036758667724,0.006946186875134918,0.011190400698424521,0.019759480210470564,0.022883076509557718,-0.02510104880746733,0.06321066564253086,0.13120906991512582,124752.53125,-0.3883545323854902
2026-05-01,78179.0,78894.9765625,76294.6953125,76305.0546875,39164328894,0.024568460603834108,0.02427150989403538,0.014843574233334957,0.020095900086873713,0.02281676761282366,0.009343290687775507,0.07125268618411229,0.18665555143148183,124752.53125,-0.37332734481088936
2026-05-02,78657.25,79119.7890625,78031.9609375,78177.75,16761531851,0.006117371672699878,0.006098736514783506,0.014951411424782566,0.020095639979633463,0.022750868877148805,0.013467429837801026,0.07669608222568258,0.17406136340048994,124752.53125,-0.3694937552619799
2026-05-03,78538.2265625,79402.359375,78073.078125,78656.7265625,20544392639,-0.00151319093281288,-0.0015143369624661424,0.01408426724626754,0.018468096819299406,0.022590205715956234,-0.0015168603216176857,0.11002749867607964,0.19471394359982197,124752.53125,-0.3704478315945994
2026-05-04,79827.90625,80742.359375,78217.9609375,78540.2890625,54325085296,0.016421044171065935,0.01628767686490818,0.013198385787625942,0.015199953370949251,0.021976234345531316,0.03181321726261155,0.07173647587159859,0.16069673346692714,124752.53125,-0.360109927629224
2026-05-05,80927.0546875,81751.453125,79787.578125,79823.53125,39700107376,0.013768974900303155,0.013675043806522565,0.010906523106377517,0.01525918306422439,0.02198553465838595,0.05993899857217211,0.09093150403896866,0.18498654763717393,124752.53125,-0.3512992972837976
2026-05-06,81427.53125,82792.2109375,80751.0234375,80930.734375,41751540000,0.006184292316489204,0.006165248057273942,0.008545334191101202,0.015236731136846827,0.0205225189221097,0.07458019072421895,0.08852945937619117,0.11988562530770008,124752.53125,-0.34728754251228866
2026-05-07,80009.9921875,81684.953125,79522.65625,81428.8515625,36931193154,-0.017408596831308243,-0.017561908350902416,0.0136187265182649,0.015945048249556813,0.020367744488100605,0.048564378266179764,0.06464033944479075,0.12942859373704185,124752.53125,-0.35865035053146466
2026-05-08,80186.765625,80447.265625,79205.515625,80009.625,33789351540,0.0022093920105095144,0.0022069548930199264,0.011181790739704786,0.01503550852665075,0.01970308604543405,0.025681648844318783,0.03967346823010787,0.17685491358051864,124752.53125,-0.35723335773998577
2026-05-09,80664.3671875,81030.0625,80119.9296875,80187.7421875,18102086996,0.0059561145630133705,0.005938447031188693,0.011176103640572012,0.01432598462653783,0.019606935732040774,0.025517256038063874,0.06521066073245985,0.19906729755755848,124752.53125,-0.3534049659814017
2026-05-10,82138.9296875,82430.171875,80274.1328125,80665.609375,26965971077,0.01828022150812214,0.018115146956791082,0.012113789759702615,0.01317929988366231,0.019485290125056367,0.045846504085938156,0.11214442562859306,0.24509931867479096,124752.53125,-0.3415850655334899
2026-05-11,81728.296875,82326.234375,80451.421875,82139.046875,32409774919,-0.004999247178679611,-0.005011785219488408,0.011889631482845383,0.0123229085362025,0.019043612628680536,0.02380609381196197,0.0771791047957393,0.19481651829334812,124752.53125,-0.34487664453702216
2026-05-12,80477.4921875,81753.03125,79832.1015625,81725.3515625,32186688600,-0.015304426194186482,-0.015422747705667463,0.012723704688364344,0.012972136105510852,0.019018664735515466,-0.005555157069980887,0.054021858857247196,0.15087994765964385,124752.53125,-0.35490293157879316
2026-05-13,79277.1171875,81276.671875,78725.5078125,80476.7890625,34075428359,-0.014915661104390687,-0.015028018231235505,0.01330004796107856,0.012510808699304383,0.019142113378076742,-0.026408931100929123,0.01373367044965157,0.1292251195579901,124752.53125,-0.36452498083079976
2026-05-14,81051.25,82005.9609375,78909.6796875,79276.9453125,43731663431,0.022378876470797504,0.022132143698821827,0.014891769901391702,0.013373914607931966,0.019310528403299564,0.01301409716501234,0.03554789944049097,0.1497697647709566,124752.53125,-0.3503037638765346
2026-05-15,79065.6796875,81634.84375,78635.3671875,81046.8671875,38183347368,-0.024497713637975926,-0.02480277513696735,0.017924685860889463,0.014333849234698326,0.019596253533195107,-0.013980934743556661,0.020790919764218874,0.11409908345917819,124752.53125,-0.36621983622075804
2026-05-16,78131.4375,79173.5,77630.734375,79066.0,25895799905,-0.0118160267665125,-0.011886390842574117,0.017889755791336708,0.014603822365662418,0.01967104792891955,-0.031400849914465234,0.006692544586262228,0.09712629252769367,124752.53125,-0.3737085996000582
2026-05-18,76817.296875,77414.9140625,76821.0234375,77414.9140625,22576887808,-0.01681961406380117,-0.016962670139838345,0.015184273008077788,0.014745444995681695,0.019629580209855974,-0.06478819279416359,-0.0233956237308387,0.05532885791075315,124752.53125,-0.3842425792462628
