Date,Close,High,Low,Open,Volume,daily_return,log_return,volatility_7d,volatility_21d,volatility_63d,momentum_7d,momentum_21d,momentum_63d,rolling_max,drawdown
2024-08-16,395.8914184570313,396.5046198453378,393.8085119974199,394.2270359056372,2789200,0.0029266203391418166,0.0029223461231447203,0.007436377338952562,0.010886086604400332,0.008132185749721976,0.04976655615955772,0.0013331997457721734,0.02397319663486619,400.4288330078125,-0.01133138819374846
2024-08-19,398.1982727050781,398.4026930070416,396.397639356484,396.4949484104265,2012400,0.005826987250791227,0.005810076023118241,0.005850645987266888,0.01075412598215934,0.008152616718195114,0.03781800978581584,0.016105794558372022,0.026504461872217888,400.4288330078125,-0.005570428797495808
2024-08-20,397.6629638671875,398.4319014561128,396.9037690653432,397.7213611824356,1999600,-0.0013443273730298078,-0.0013452317917201507,0.006255216946275855,0.010752051234659155,0.008130130034538764,0.0347701156727418,0.011727090479658475,0.02988842168059347,400.4288330078125,-0.006907267690613672
2024-08-21,398.0814514160156,399.0547795191995,396.7187980122815,398.4026663240915,1439000,0.0010523674238063219,0.001051814073393583,0.005417254821619673,0.010739995187872237,0.00812897823894308,0.03948963668676786,0.01444844429156733,0.029214214534083904,400.4288330078125,-0.005862169250312355
2024-08-22,396.6117248535156,399.5511648737802,395.19064451267246,398.77251431454647,2353500,-0.003692024728286225,-0.003698857073559377,0.005950867969995488,0.01039819157513228,0.008112827394251922,0.025185496863231238,0.02292257430828304,0.030894781914240443,400.4288330078125,-0.009532550704765108
2024-08-23,400.845703125,401.32265409813664,397.6629308934148,398.3734711081748,3818300,0.01067537343493341,0.010618793951161073,0.006514127188119422,0.010604574209957777,0.00796027852580587,0.030173340080419164,0.031720573478673186,0.057902402674743225,400.845703125,0.0
2024-08-26,401.71197509765625,403.46395379829227,400.6705069005503,401.6341219191549,3145000,0.0021611107862771206,0.002158778945335241,0.004715514829683069,0.010061419662693473,0.007960782754853232,0.017672055395113073,0.01744653676397956,0.06024253012295655,401.71197509765625,0.0
2024-08-27,401.8774108886719,402.0526027992428,400.38819053798,401.2934081498225,1710200,0.0004118268841137862,0.00041174210669749425,0.004774371282074938,0.010051667935503108,0.007921755692080779,0.01512028842395896,0.019019997407707656,0.06624779644977008,401.8774108886719,0.0
2024-08-28,400.3687438964844,402.88965990205065,397.808886453134,401.6535440108343,2732600,-0.0037540477551385454,-0.0037611118773223594,0.004917733518377883,0.01006339470048898,0.007811607751555928,0.005450729800161147,0.010460454716651357,0.07334856666182055,401.8774108886719,-0.0037540477551385454
2024-08-29,402.87017822265625,405.1964165938715,400.3297768091571,403.3179007658386,5024800,0.006247826195989514,0.006228389446180396,0.00519848553324928,0.010131424937290133,0.007747109998000369,0.013094541932770598,0.01408523193850919,0.08883122478862382,402.87017822265625,0.0
2024-08-30,405.10882568359375,405.4397536286392,401.12791785459007,403.45418595836674,2283800,0.005556746520215983,0.005541364759659164,0.005356531805442652,0.009683563583002987,0.0075426088017826525,0.01765310652526275,0.0330222060842027,0.07778869355954443,405.10882568359375,0.0
2024-09-03,399.3078308105469,404.10633094772686,397.72130134323066,403.1427456874907,3754700,-0.014319596378227772,-0.014423111180201953,0.008174161906992453,0.00961514476911871,0.007773050050614304,0.006797847335519469,0.03386998834137378,0.06590361400634981,405.10882568359375,-0.014319596378227772
2024-09-04,399.4732360839844,401.5463994888336,398.3149735464288,399.0352266625658,2131200,0.00041422997666162864,0.000414144207109575,0.006982470525382492,0.007261395314604264,0.007768093878532828,-0.0034239285348847126,0.06189299329884812,0.06285005097075858,405.10882568359375,-0.013911298007639572
2024-09-05,397.5655517578125,400.6802132799558,395.1517172965844,400.3687411870187,2234700,-0.0047754997177603675,-0.004786938849447652,0.007039012744021323,0.007340774919541007,0.007798957473875329,-0.010321881340071504,0.048285196304608036,0.054997521116668446,405.10882568359375,-0.018620364325690697
2024-09-06,393.6820373535156,400.0378689741327,393.01043855486085,398.0522712344744,3351000,-0.009768236677262787,-0.009816258885251465,0.007615869081357176,0.00761471096995571,0.007911659271197385,-0.02039272005120618,0.04390804474922905,0.0425452989959616,405.10882568359375,-0.028206712877203333
2024-09-09,398.1398315429688,399.9307813147156,395.2782446668194,396.4949047432905,3038200,0.011323336516494864,0.011259707420148736,0.00928737468965851,0.007100633252187604,0.008014965199700111,-0.005567148753479745,0.037665695487368867,0.05663004221338053,405.10882568359375,-0.01720277046264107
2024-09-10,397.3709106445313,399.1910293062738,394.1686531119494,399.1618306535469,1970500,-0.0019312835278439966,-0.0019331508604963227,0.00875818308729978,0.007146925765501694,0.008021473609688193,-0.013650222516807031,0.0340101556703023,0.05242232807921665,405.10882568359375,-0.019100830563257287
2024-09-11,398.3539733886719,398.9963734871642,390.1196261327532,396.29052260760807,3134600,0.002473917234017131,0.0024708621384417354,0.008388768180529598,0.007051551435908447,0.008005559953414055,-0.016674167203154622,0.040201259309067705,0.05861561365339263,405.10882568359375,-0.016674167203154622
2024-09-12,400.9819641113281,401.0111627651325,396.61173060479706,398.77252009716153,3131600,0.006597124412493605,0.006575458622973951,0.007039208045825459,0.006880781732292964,0.00803416687053314,0.004192588202898362,0.03648195035710233,0.06636877803357955,405.10882568359375,-0.0101870443461749
2024-09-13,403.872802734375,405.2062576060562,401.35188627922224,401.5854755403579,5210300,0.007209398132042244,0.007183534653675269,0.007462089119951155,0.006929685764447014,0.008060890537467495,0.011013420307000699,0.03795298519332557,0.07630533324051081,405.10882568359375,-0.003051088672612945
2024-09-16,406.2476501464844,407.3864272857869,404.563781993479,405.3424622247591,3881100,0.005880186524150011,0.005862965702157718,0.007020992603559411,0.006375492533440057,0.008076792309437364,0.02183815562058755,0.029162451588612415,0.0838109364255557,406.2476501464844,0.0
2024-09-17,406.1308898925781,408.3013925312691,404.71955227523137,407.13341664096953,2561700,-0.00028741151823064026,-0.00028745282883666504,0.004629245115139924,0.006375316480396375,0.008061392508761575,0.031621591431370666,0.025864342994487366,0.07758804064132385,406.2476501464844,-0.00028741151823064026
2024-09-18,405.0894165039063,409.7711221983391,404.4664722741827,406.3644739140299,3173600,-0.0025643786636059263,-0.002567672314554853,0.004152166632837905,0.006336037497987779,0.008075394719890185,0.01745513613647942,0.017305810374351083,0.07327812010796864,406.2476501464844,-0.002851053149871552
2024-09-19,410.170166015625,411.503620655463,408.1943113157368,410.7249701179794,4073000,0.01254229141696106,0.012464288426946486,0.005086490088182443,0.006804388346961719,0.008163429380108786,0.03220984482818201,0.031451765150084965,0.07861799054507834,410.170166015625,0.0
2024-09-20,410.5684814453125,411.2811023343917,408.5477007218074,409.4067783120034,2902200,0.0009710980044128625,0.0009706267937822364,0.005218725172180056,0.006804677441365094,0.008162750099014461,0.03066244815568342,0.03136802778647252,0.07926822713562753,410.5684814453125,0.0
2024-09-23,411.0956115722656,411.6716070590278,410.0120226695805,411.1053832966712,2318700,0.0012839030533895457,0.0012830795546506283,0.005221344964781409,0.0067009100238844665,0.0081323236394303,0.02522220041330736,0.0365190583412518,0.0734126247361444,411.0956115722656,0.0
2024-09-24,412.0914306640625,412.59905394147705,410.3830470018722,411.64237815743246,2790700,0.002422353982296954,0.0024194248122600035,0.004973840135678184,0.0063846463799062695,0.008057454178915908,0.02034954538667666,0.02805500333766986,0.08415823618786167,412.0914306640625,0.0
2024-09-25,409.1529846191406,412.88214909752367,408.4305919475648,412.3940394995734,2048000,-0.007130568185285346,-0.00715611218787302,0.005997073415452743,0.0066415336017837485,0.008127043578801996,0.007151633914949773,0.0185232454662958,0.07582234003259924,412.0914306640625,-0.007130568185285346
2024-09-26,411.5935363769531,412.081645979372,410.2073217895173,411.2225683124194,2703700,0.005964888072573338,0.005947168556088059,0.006228612385742796,0.0067312589123364195,0.008149049516856506,0.013450458018152478,0.0241768390684014,0.08135487250815898,412.0914306640625,-0.001208213153831017
2024-09-27,412.891845703125,416.0645575125724,412.1987087500132,412.5403913647832,3667700,0.0031543481892359893,0.0031493836701281157,0.005908110779203254,0.0066473915027719975,0.008146685931947135,0.01926100480865922,0.03127891973974495,0.08595859907452685,412.891845703125,0.0
2024-09-30,413.057861328125,413.2335736333124,409.11392743568246,412.37452576622536,3819800,0.0004020801736039914,0.0004019993610323516,0.004038540193525209,0.006559960218749199,0.008147312238940023,0.00704023732528114,0.02528775684120821,0.08547919713669372,413.057861328125,0.0
2024-10-01,411.4763793945313,413.08713506368537,409.318943374535,412.3745141376831,5101300,-0.0038287176728913908,-0.0038360659747796078,0.0044342744582784805,0.006568749484193441,0.008161524949658612,0.0022113191592856296,0.01571813129519639,0.0762918507914303,413.057861328125,-0.0038287176728913908
2024-10-02,411.8766174316406,412.4525831443239,409.6020101713413,411.798503217672,2599600,0.0009726877584037563,0.0009722150042027286,0.004424596232338852,0.005587385388934873,0.008155951301662459,0.001899815608315425,0.03147643409742451,0.07860034853748021,413.057861328125,-0.0028597540612984584
2024-10-03,409.9925537109375,411.1054281163248,408.3329691405585,410.34397832574007,2534400,-0.004574340083813633,-0.004584834392669168,0.004644674471673767,0.005739461618101993,0.00818758123132262,-0.005093231251479202,0.02633297221629527,0.07129380312905997,413.057861328125,-0.007421012657479631
2024-10-04,413.3409423828125,413.5361683322774,409.6801206721085,412.32566615332775,2520900,0.008166949964256487,0.008133780899416866,0.004723844963655554,0.00575448504711188,0.008232105840916114,0.010235676925515413,0.039679973667864354,0.08070165247897387,413.3409423828125,0.0
2024-10-07,409.63134765625,412.8724027357876,408.3134754943011,412.0718957959293,2632600,-0.008974660736915108,-0.009015175591467231,0.005638466865222711,0.005676307604351052,0.008326827952931814,-0.004767297217481259,0.04051317761397466,0.07242007343346679,413.3409423828125,-0.008974660736915108
2024-10-08,410.7930603027344,411.261656281282,408.752765586552,410.50997816221945,1872900,0.002835995470393593,0.0028319816222854644,0.005603666919025323,0.005259258236093015,0.008234107658178896,-0.0050831359888363625,0.03178086631204091,0.06376656427189986,413.3409423828125,-0.006164117363719579
2024-10-09,414.9419250488281,415.53743420380033,410.04131579137874,410.88087972635657,3935100,0.010099646627516723,0.010048986013831964,0.006960204579379129,0.005515365995381048,0.008313242832586044,0.0045612585961811725,0.044218169809654206,0.07351010077882436,414.9419250488281,0.0
2024-10-10,414.5613098144531,414.9615633201448,412.9798392453325,414.893220816084,2179000,-0.0009172735059977954,-0.0009176944587791072,0.006729666210012632,0.0055526825828007735,0.008286009597240802,0.007497223593881941,0.04068576569705207,0.06531858874908147,414.9419250488281,-0.0009172735059977954
2024-10-11,418.534423828125,418.8663347458033,414.9028875986807,415.1664560295846,3753500,0.009583899702193976,0.009538265473012173,0.00745342634789942,0.005714488577482694,0.00834056593867247,0.016164565102046335,0.043773688813404155,0.0700754188767223,418.534423828125,0.0
2024-10-14,420.6431274414063,421.1605224528582,417.0311042952982,418.1342368158281,2180600,0.005038303884287609,0.005025654102444149,0.006831697583606794,0.0056357221378581296,0.008067874231964282,0.025977480893416338,0.04152377826258591,0.05630239742716414,420.6431274414063,0.0
2024-10-15,417.3727111816406,419.901115007928,416.87482992058045,419.12012187373153,3291200,-0.00777480017243648,-0.007805181506281871,0.007693487702181535,0.005939664886332316,0.008118642810777218,0.009754099788871429,0.027384924026378377,0.042314330980000925,420.6431274414063,-0.00777480017243648
2024-10-16,420.4771118164063,420.828536408931,416.76749097781794,417.02128769736,2583700,0.00743795785301038,0.007410432647778019,0.006390782567025776,0.006073884960507232,0.007979590962141044,0.026476890067646197,0.03532413387128175,0.06351810664640833,420.6431274414063,-0.0003946709554243366
2024-10-17,422.166015625,422.5955544672022,420.9457415941633,422.25387178019866,3462800,0.0040166367232161715,0.0040085915736995745,0.006377970507346307,0.0060138582775272715,0.007888404032561988,0.02768536380308939,0.04215513520069725,0.0772656843237789,422.166015625,0.0
2024-10-18,422.4970703125,423.0439391176896,420.2411992384494,422.1259743799539,2303700,0.0007841812823561334,0.0007838739728614093,0.0058229091770238784,0.005507905720194673,0.007885328198124084,0.01820771729148074,0.03005314700632189,0.07490958556101979,422.4970703125,0.0
2024-10-21,419.3036804199219,422.8876526465316,418.7079957986837,422.2919382231812,2702600,-0.0075583716834205505,-0.0075870809295959275,0.006926992279352677,0.005847131128110202,0.007954431764085777,0.011439491561794135,0.021275863514556903,0.06852998243114095,422.4970703125,-0.0075583716834205505
2024-10-22,419.2450256347656,420.3290177014757,417.1454373387275,417.6141946921843,2306100,-0.00013988616817650623,-0.0001398959531590629,0.005980345231165827,0.005852161938886616,0.007779668356321349,0.0016978335978701242,0.019823646453758004,0.08129733443117382,422.4970703125,-0.007697200539944604
2024-10-23,415.1923828125,417.7314333350031,413.0049078033832,417.0185370176586,4006500,-0.0096665257175792,-0.009713549862754446,0.006574362843977646,0.006279234559239207,0.007899854905134585,-0.012958121203740736,0.007524912962738606,0.06864691316326388,422.4970703125,-0.017289321070551034
2024-10-24,413.84478759765625,414.7139365055858,412.0479286240656,414.3721360383987,1936600,-0.0032457127602274483,-0.0032509915111894293,0.00609896447373081,0.0061017481883561915,0.007675827299713826,-0.008452693454721438,0.0114671117036651,0.048176235713907056,422.4970703125,-0.02047891766076415
2024-10-25,411.2666931152344,416.0127396427631,410.6123876653066,415.4756459138358,2518800,-0.006229616899097734,-0.006249101927443737,0.00495464904071485,0.006141870817952086,0.007722986924902862,-0.021904685040724625,-0.000794092309115868,0.04282792014965642,422.4970703125,-0.02658095874832711
2024-10-28,414.12799072265625,414.86040751157697,413.3467282665382,413.62016267565065,2912000,0.006957280167154689,0.006933189963813568,0.005727759576861555,0.006294314127689035,0.0077471875344276965,-0.019039962016942025,0.002993871233824441,0.04518637929613578,422.4970703125,-0.019808609758296236
2024-10-29,412.5947570800781,415.0068506981693,411.8721154445904,412.3310977865628,2697700,-0.0037023183096187573,-0.0037091888532536266,0.005516314178810664,0.0063499392265480015,0.007763130805346202,-0.0234375902893188,-0.0011211607171882632,0.03856346919508469,422.4970703125,-0.0234375902893188
2024-10-30,411.8623046875,414.6943098322202,411.569349942295,412.12596395818457,2933600,-0.001775234367401235,-0.001776811963275581,0.00520885992386949,0.006304231495298883,0.007575309616714959,-0.017746984059308857,0.0009379038805010786,0.05024348919889721,422.4970703125,-0.0251712174409493
2024-10-31,407.8780517578125,410.0850474794863,407.2432666808879,409.40147633819896,4297100,-0.009673749902192497,-0.00972084458836976,0.005699097432307062,0.006646269504564606,0.007419836647817635,-0.027112960636188177,-0.009708163815567383,0.05605962136922282,422.4970703125,-0.034601467280884424
2024-11-01,410.56341552734375,413.37586991642354,409.4794235860271,409.8309990109772,3856400,0.00658374177761778,0.0065621636080045835,0.0062446832588305265,0.006744796406847206,0.006606902300471622,-0.01114896967473189,0.0013923711814745054,0.09137327578479248,422.4970703125,-0.02824553262897067
2024-11-04,408.2490539550781,410.4463040405244,406.6768137545056,409.9970968120911,3125400,-0.005637037993979521,-0.005652986054104979,0.006413877596700171,0.006588916218803588,0.006608506489401053,-0.013521334109488303,-0.012318858128064547,0.07645503433147938,422.4970703125,-0.033723349482360554
2024-11-05,412.3994445800781,412.7119495447576,407.9170576629877,408.4639264501198,3093100,0.010166320251795868,0.010114990812602436,0.007484456099894536,0.006691178344531918,0.006645315865735037,0.0027542990565645464,0.006757531960544849,0.09354010851319061,422.4970703125,-0.02389987160136553
2024-11-06,426.9794616699219,427.526330480609,423.54196651461393,424.4697063553056,7271800,0.035354114273091986,0.03474350759528839,0.015268333269422367,0.010160480600100132,0.007649543437716279,0.03103260642884753,0.03940281112650479,0.11282997819002416,426.9794616699219,0.0
2024-11-07,427.1356506347656,427.9754741112372,426.1981358397747,427.2723529160493,4267900,0.0003657997137214153,0.00036573282531747816,0.01497996118542515,0.009987820388712822,0.007651453303241101,0.03524255532860621,0.029386583639391395,0.1114618326963539,427.1356506347656,0.0
2024-11-08,429.7918090820313,431.3445584888756,427.1453521307206,428.0242460840669,5014300,0.0062185360630009345,0.006199280752947114,0.014674075230641086,0.010025390489438622,0.0076428194414139665,0.04353276371853276,0.036738834297862955,0.12229326406554386,429.7918090820313,0.0
2024-11-11,432.6239318847656,434.4403111048802,431.4618282667774,431.52041922212857,4065100,0.006589522515059842,0.006567906519004457,0.012925848402842405,0.009929486221047305,0.007592493402789412,0.06066980074143968,0.03366391688351689,0.11827198433938779,432.6239318847656,0.0
2024-11-12,429.08880615234375,433.80555688161,428.7567510017743,433.18054695361286,3483000,-0.008171359631032882,-0.008204928182347762,0.014411916792392803,0.010118998722588477,0.007677622780120475,0.04512187380652333,0.020078014259519605,0.10275810662047857,432.6239318847656,-0.008171359631032882
2024-11-13,429.4989929199219,431.1981904313541,428.161116276818,429.59665445782286,2631000,0.0009559484230228232,0.0009554917953142713,0.01369060534007873,0.009918017196330774,0.0074983930059838175,0.052051410184485114,0.02905384423420987,0.08806595274808915,432.6239318847656,-0.0072232226063631
2024-11-14,427.4384460449219,430.602477007587,426.8525066586948,430.2606765487783,2528300,-0.004797559270142915,-0.00480910449836339,0.01433156668982982,0.009905638395289646,0.007535555040732434,0.036467074974257274,0.016555798241772335,0.0796860606649259,432.6239318847656,-0.011986128037930532
2024-11-15,424.5812377929688,426.5355367883912,423.6138395124741,425.8808335040208,3486900,-0.006684490546862931,-0.006706931815336481,0.00596169933041648,0.010008140021633836,0.007577613178408972,-0.0056167195198888464,0.005721024617278081,0.066255850153903,432.6239318847656,-0.018590497425230446
2024-11-18,424.2685546875,425.3824896395874,423.29140516240295,424.24902243228337,2243000,-0.0007364505956367617,-0.000736721908590571,0.005940631245562123,0.010010104946725155,0.007574905804054757,-0.006712378006857644,0.004192891500264695,0.06690487482560314,432.6239318847656,-0.01931325703796516
2024-11-19,422.9493408203125,424.20009085389256,419.8224806464788,420.88756990927305,3202500,-0.003109384027197515,-0.003114228205926044,0.005044071914783148,0.009882937098255757,0.007593067816984328,-0.015920424999101956,0.00869455855178658,0.06246934971684648,432.6239318847656,-0.02236258873221575
2024-11-20,424.3663024902344,424.9721304629395,421.0733131532645,423.643191518088,3956000,0.0033501924064325284,0.0033445930143943523,0.0041671999353381705,0.009901704104134577,0.007574836915400156,-0.019087315300742036,0.012215474346331856,0.06997921618925829,432.6239318847656,-0.019087315300742036
2024-11-21,428.9393005371094,430.4734323493421,423.721325988334,425.9003502036952,7558000,0.010776063085216947,0.010718415093225355,0.0058617710178081265,0.009844106789981355,0.007576899713122806,-0.0003484258109061056,0.033109754161403826,0.07008581405037195,432.6239318847656,-0.008516938329333312
2024-11-22,433.0335388183594,433.4341736573894,429.2812886389543,429.5451082460178,5492800,0.009545029509124614,0.009499763530405322,0.006909171578997896,0.009924807322500746,0.007650272815886739,0.008229462598755122,0.04636702405288862,0.07797020169261537,433.0335388183594,0.0
2024-11-25,437.3330078125,438.15380977649386,435.2223614107008,436.4047039019049,2976100,0.00992872054638716,0.009879754646277826,0.007022552068842232,0.009864213271876957,0.007727605452141808,0.02314850678298197,0.06338056335128983,0.08822490631017343,437.3330078125,0.0
2024-11-26,438.6228637695313,439.0625631438068,434.499291767212,436.3558698169252,4126500,0.002949367950713544,0.0029450270981456685,0.005525019235763649,0.009822021681148931,0.007701991736549107,0.03307170625238354,0.05914807401482647,0.09554721854845272,438.6228637695313,0.0
2024-11-27,437.5088806152344,440.3426378467231,437.147340093761,438.9159781941062,2985900,-0.0025397288794372086,-0.002542959461855946,0.005851608592000331,0.009786838308709501,0.007693793161211439,0.03120741752234424,0.06038400417754408,0.085979812517754,438.6228637695313,-0.0025397288794372086
2024-11-29,439.8052062988281,440.96801656676814,437.997473795038,438.0561003782757,3474100,0.005248637879909035,0.00523491178802048,0.0048228336973445245,0.009741107924337791,0.007691166372348392,0.039853154625619114,0.0678452514185044,0.08564706176590109,439.8052062988281,0.0
2024-12-02,438.4860229492188,440.694390189762,437.694534301459,440.3132876007194,2661200,-0.002999471881451554,-0.0030039793127675566,0.0058136852784014285,0.009403966092516494,0.007447945468032267,0.033272482702156436,0.07504196673367591,0.09811526124880876,439.8052062988281,-0.002999471881451554
2024-12-03,437.6554565429688,439.3263736576185,436.4046766907947,438.886644502074,1697400,-0.0018941684860641628,-0.0018959646917601713,0.005574582117391691,0.009446535563363277,0.007459112187596256,0.02032025509190971,0.06598746987923154,0.09558142325949737,439.8052062988281,-0.004887958862403008
2024-12-04,440.6358337402344,441.23188066998085,438.525187070206,439.5707442770687,3694400,0.006809870990316158,0.006786788551895519,0.005106688294250859,0.009260272772578142,0.007445272510367044,0.017555903273958284,0.07933093652366408,0.10833504510637093,440.6358337402344,0.0
2024-12-05,438.4176635742188,441.1634511851983,438.10496858856817,440.1863017202167,1917600,-0.005034021285076018,-0.005046734654420017,0.004583950309236148,0.009321958852245455,0.0073513533325145295,0.0024801598377952594,0.06308984974660548,0.11363390242906068,440.6358337402344,-0.005034021285076018
2024-12-06,436.932373046875,439.67816063111127,436.57083251959074,439.2188991942336,1973900,-0.003387843717871486,-0.003393595454731072,0.00461369380366902,0.005732769834688438,0.007275163808161943,-0.003854087103732362,0.0233100471344152,0.09743446505607811,440.6358337402344,-0.00840481052556119
2024-12-09,434.9096374511719,438.03652742777456,434.6360368147366,437.420918540737,1998600,-0.004629401986394166,-0.004640150854487147,0.00482713702452309,0.005867395235857329,0.007303591082090361,-0.0059410066383278615,0.018200276199969112,0.09446772725701824,440.6358337402344,-0.012995303265413094
2024-12-10,433.5514526367188,435.61322371377366,432.82837156821387,434.3527223624993,2461000,-0.0031229126639107374,-0.003127799131657239,0.004039813296665232,0.005795742721104458,0.007325065189737039,-0.014219371604846764,0.008747592381338043,0.08835729426427719,440.6358337402344,-0.016077632732184877
2024-12-11,432.39837646484375,434.5774004709821,432.27134227574055,433.9617915977787,2084300,-0.002659606293237915,-0.0026631493295040916,0.004028341925662461,0.005654023228601772,0.00731137210557296,-0.013883330746622402,-0.0005213660255437569,0.07834869187481264,440.6358337402344,-0.018694478852227858
2024-12-12,430.2095336914063,432.99441530361406,429.9945596415459,432.3788064417308,3585300,-0.005062097576158275,-0.005074953395385589,0.004190682834207865,0.005467233825318235,0.00731280855522871,-0.01701320694223185,0.0026118778280705968,0.0652104592800542,440.6358337402344,-0.023661943152300746
2024-12-13,429.3302307128906,431.4408775046607,428.8905312689221,430.7861741277648,2548400,-0.002043894683064873,-0.002045986286299714,0.0012078948511397894,0.0054839698027387305,0.00729615631076607,-0.025657475315565614,-0.00039292806226143284,0.05681898851127665,440.6358337402344,-0.025657475315565614
2024-12-16,428.35302734375,430.6004891163228,427.9426412475256,429.60377752787593,1987500,-0.002276111252445534,-0.0022787055309875914,0.0011508452909037641,0.0054007509873056775,0.007305687875429844,-0.022956730685566917,0.002139679542845885,0.05471668864451473,440.6358337402344,-0.027875187299736037
2024-12-17,425.6169738769531,426.848161850606,424.50300924053545,426.2130207008293,3130300,-0.006387379782893943,-0.006407866376836935,0.0016388709620136486,0.005382404276073631,0.007350431649083768,-0.025897369634151457,0.0024394297057690473,0.050674138935073554,440.6358337402344,-0.03408451767482723
2024-12-18,414.5263977050781,428.0306121124176,414.2918913474015,426.017686355056,6135700,-0.026057645377369987,-0.026403161256731394,0.008639033423677228,0.007854632110781731,0.007941786303381304,-0.04686775824410705,-0.022962241426536023,0.01062054739809426,440.6358337402344,-0.05925400077776788
2024-12-19,414.8292236328125,419.1677692503011,414.751064803591,417.7411395102071,4948000,0.0007305347244732641,0.000730268013867768,0.009026578356916622,0.007849622949138449,0.00794146671570365,-0.04318340739038884,-0.01919879381240075,0.010377665066984676,440.6358337402344,-0.05856675315842674
2024-12-20,419.9574890136719,423.4265706720557,413.2740683438991,413.6072554570911,6069600,0.012362353201515797,0.012286563301571213,0.011476011494557915,0.008325161267770933,0.00808728882439171,-0.02877181813883012,-0.01038916957046554,0.021556730823550696,440.6358337402344,-0.046928422845321505
2024-12-23,420.3004150390625,420.8393879452997,416.4687190194293,418.7422324643888,2602700,0.0008165731874338888,0.0008162399729323511,0.011608622107544488,0.007926991640102656,0.008083247584974975,-0.02303323816959324,-0.020140111869510258,0.019920298662293723,440.6358337402344,-0.04615017014971168
2024-12-24,423.8380737304688,423.9654749307157,419.70258890151376,420.3003876319683,1431700,0.008416976440714485,0.008381751216412192,0.012435882157828242,0.007855903678556233,0.008088664581325485,-0.012792383553569597,-0.02123499512989846,0.035891438321042024,440.6358337402344,-0.03812163860388229
2024-12-26,424.5339050292969,424.984713940225,422.2897893958735,422.33877606139697,1867400,0.001641738536379167,0.0016403923568500578,0.01249735484620654,0.0074790015793297394,0.008060636534007235,-0.008915828932354652,-0.02926626290392087,0.03143967897613553,440.6358337402344,-0.03654248583066888
2024-12-27,421.3881530761719,423.6322983582028,418.8696167046724,421.9565239377905,2429100,-0.00740989568997541,-0.007437485342501136,0.012573685156186615,0.007520235776400941,0.008114722993585604,-0.009935742840001982,-0.03929277772992512,0.020577561561135438,440.6358337402344,-0.043681605512386645
2024-12-30,417.2428588867188,419.0950211705816,414.057948427146,416.9488791145433,3858300,-0.00983723476607501,-0.009885940040036748,0.007882402145109105,0.0077182482517026444,0.00821569027795887,0.006553168137613641,-0.04632139512235056,0.01013174654305704,440.6358337402344,-0.053089134070077204
2024-12-31,416.9783630371094,419.1734922054967,415.5476113403135,418.3601280639077,2442700,-0.0006339134247022038,-0.0006341144327695099,0.007905862117937,0.0075379956665186315,0.008200310893833095,0.0051807811066830745,-0.051902166993013976,0.01337132316239864,440.6358337402344,-0.05368939357998659
2025-01-02,415.3123474121094,420.36900926980775,413.1466164885456,419.7614310845319,4231500,-0.003995448619600772,-0.004003451748944309,0.0061231975297295965,0.007544376337937903,0.0082170596570675,-0.011060980511318541,-0.05284929125276405,0.008341648530312495,440.6358337402344,-0.05747032898612103
2025-01-03,418.6051025390625,419.2028714744709,415.7043919951328,417.3213408159616,2203200,0.007928382451114047,0.00789711796942523,0.007097912694447373,0.007884228289015516,0.008251659928475747,-0.004033573223672482,-0.04352819945256625,0.021006598169090784,440.6358337402344,-0.0499975932828004
2025-01-06,418.5757141113281,422.4857953338097,417.5467249063021,420.271047620629,3463300,-7.020561277470971e-05,-7.020807730409213e-05,0.005940256330864898,0.0076350428450391375,0.008191054196703943,-0.012415967194318589,-0.050064288783901345,0.01266453716957816,440.6358337402344,-0.050064288783901345
2025-01-07,416.8117980957031,420.7219097185952,415.3712369517734,420.31030800330313,2053900,-0.004214090679794835,-0.004222994984426374,0.005790470220629438,0.007623066043078595,0.008126448333265842,-0.018189611812184592,-0.04928146667808253,0.017529055040677033,440.6358337402344,-0.054067404010941345
2025-01-08,417.5957336425781,418.0171146879077,414.7832170331408,416.8901521661793,2020200,0.0018807902042519142,0.0018790237329168976,0.005565888680667858,0.007674616839684015,0.008122546190010025,-0.008999824522613498,-0.04425545140877529,0.016559854576974953,440.6358337402344,-0.05228830325052258
2025-01-10,410.9319152832031,415.831778498833,410.4125309786021,415.78279182923336,3415500,-0.015957582471564646,-0.016086275614629313,0.0073344005610984945,0.00823697471164225,0.008277089722481493,-0.015125348389075977,-0.05513265309201332,-0.009664026514440871,440.6358337402344,-0.06741149081066888
2025-01-13,414.4892578125,414.7636489808465,410.12839710462254,410.3733902873031,2608100,0.00865676866895404,0.008619513697779633,0.008415752958012274,0.008597395163528579,0.0083497971530818,-0.00596938701202554,-0.043967549199267486,-0.00017380300632818813,440.6358337402344,-0.0593382878232922
2025-01-14,416.6353149414063,416.98812060335297,413.1074078538798,416.3707331247373,2643300,0.005177594083456638,0.005164236430374964,0.008552764012414319,0.008740945118035543,0.00828670717437883,0.0031854760339793398,-0.03645495076163652,-0.004537521356901775,440.6358337402344,-0.05446792330779204
2025-01-15,423.5833435058594,424.6025233751116,421.8782007661872,422.9169693209749,4059800,0.01667652336535652,0.016538997017678685,0.010285188616298091,0.009574142994734974,0.008527922553735691,0.011892451708307439,-0.015402239296491205,0.006989811250066369,440.6358337402344,-0.03869973553814021
2025-01-16,422.9169921875,424.23996123922745,422.133026034235,423.4363764929762,2532500,-0.0015731291812473014,-0.001574367848183591,0.010344684286834422,0.009571377460518546,0.008470615235670501,0.010371547917892965,-0.01493777532213747,0.013283764983490931,440.6358337402344,-0.0402119850361059
2025-01-17,426.1736450195313,427.81082690150265,425.4383896071575,425.9971909007901,2771000,0.0077004539713256825,0.0076709568065749896,0.010223260171204313,0.009734018476689766,0.008474274387778416,0.02246060924042892,-0.0050878181899010055,0.013547784274194452,440.6358337402344,-0.03282118160464653
2025-01-21,431.4478759765625,431.7713751897648,427.73237696733287,427.7715989657152,2113800,0.012375779259624187,0.012299825320884562,0.010749619420650587,0.009995076481795772,0.008598747033244005,0.03317117781150625,0.013699881483803633,0.02198628029738736,440.6358337402344,-0.020851590043601376
2025-01-22,432.6047058105469,433.3105522507371,431.69299621794073,432.8105689629628,3724100,0.002681273679621121,0.0026776854778847677,0.006058093091311882,0.00789584358664888,0.008603500436604229,0.05274058723914754,0.04361195862448031,0.023923563518607915,440.6358337402344,-0.018226225183542444
2025-01-23,436.6241455078125,436.6927765370037,432.8400148507715,432.8400148507715,2352500,0.009291252830305297,0.00924835465453359,0.006084978743754051,0.008043145586173538,0.008613637519658315,0.05340280182924673,0.05253950453184997,0.0413076867594977,440.6358337402344,-0.009104316819559588
2025-01-24,435.3888549804688,436.7221337306501,434.624190522354,436.05547939674926,2022000,-0.002829185101311804,-0.002833194810071813,0.007233169629421187,0.007788266554010603,0.00862441855464512,0.04501188297420233,0.036745066751969535,0.03850690731812567,440.6358337402344,-0.011907744123367814
2025-01-27,438.329833984375,438.5161010704095,431.8792067403738,431.9772467726473,3822400,0.006754832996444415,0.006732121330349098,0.005671806145730864,0.007860199840185508,0.008555890530198486,0.03481366938667563,0.042896505214340186,0.055727060826941566,440.6358337402344,-0.0052333459498412616
2025-01-28,439.5945739746094,440.898413933246,437.40840345769936,438.4083701123762,2233500,0.0028853614154848994,0.0028812067501246784,0.005036614750825215,0.007727071281477376,0.008542867926172613,0.03943464579383793,0.037175754658984594,0.06222087881408167,440.6358337402344,-0.0023630846288339447
2025-01-29,438.388671875,440.7708921872895,437.00638813490616,439.3984214261527,2225100,-0.0027432142501354617,-0.0027469837576358826,0.005785118424893974,0.0077896501094259565,0.008506532090368751,0.028662088794601193,0.03263524227763859,0.06594742344517113,440.6358337402344,-0.0050998164315413375
2025-01-30,439.9964599609375,441.2610777502435,437.5750175664956,437.76128466742347,2322600,0.0036674945980263995,0.0036607857378486777,0.004490068396554635,0.00752239297473372,0.008479737679815018,0.019813712062032307,0.04415953972346709,0.06246491378943153,440.6358337402344,-0.0014510253827286768
2025-01-31,436.63385009765625,441.5061134435037,436.290724954502,441.1826142567457,3085400,-0.0076423566307324275,-0.007671709081732104,0.005987287673608246,0.007361971416267203,0.008529343254231537,0.009313685757440293,0.04647411165448401,0.058263205251811945,440.6358337402344,-0.009082292760005939
2025-02-03,435.5359497070313,437.13390982636986,430.0754747744071,430.9675584791633,4527700,-0.0025144646718970876,-0.0025176312474655548,0.004946776193011257,0.007409340267732959,0.008533639162348243,-0.002492294143549012,0.044504915158560365,0.05747951378433047,440.6358337402344,-0.01157392032761817
2025-02-04,436.7711486816406,437.2319099628354,434.5555693400288,435.4967178618018,1890500,0.002836043673180466,0.0028320296887548893,0.004936210252617701,0.007277044114911309,0.008427973245737424,0.003174848610292935,0.0516690664345647,0.07083758687016606,440.6358337402344,-0.00877070079795661
2025-02-05,439.8494873046875,440.02594145538086,434.6928855051771,436.95747019194977,2273400,0.007047944060267319,0.007023223387841704,0.004999314227201811,0.007246235347070047,0.0084330268872635,0.003466917381595991,0.05075041999432517,0.07133142084695376,440.6358337402344,-0.0017845721462826925
2025-02-06,438.5651550292969,440.88858737454245,436.6339127744934,440.5160531609346,1867200,-0.0029199358245493023,-0.002924207153857037,0.005020149798274252,0.007320815917289034,0.008404765474571464,-0.0023417462504256026,0.04775585454212994,0.07425883974627556,440.6358337402344,-0.004699297134690639
2025-02-07,434.4085083007813,439.672932371338,434.0947921383625,438.9768989440375,2259200,-0.009477831699232664,-0.009523032174477863,0.0060919513039132105,0.007636488603866526,0.008430064594474049,-0.009079074870241066,0.04221739952053327,0.05336831562203903,440.6358337402344,-0.014132589686576047
2025-02-10,436.0359191894531,437.4966172046789,434.3889540547207,437.055481856602,1858100,0.0037462684491091913,0.0037392686620701917,0.006102690384523972,0.007645891830423518,0.007194025829460367,-0.009001301446461607,0.04415798357427203,0.021210522595422665,440.6358337402344,-0.010439265712313794
2025-02-11,437.3397521972656,437.76132141337416,434.5163962613219,434.62421937216254,1436200,0.002990196335742601,0.0029857345907955963,0.005552078478855697,0.006431495437623116,0.007201661615937948,0.001616691192062758,0.06426329017512056,0.023889604034071477,440.6358337402344,-0.007480284830651995
2025-02-12,434.9084777832031,436.0456763977202,432.3988083986203,433.6438301118909,2444500,-0.0055592349011206466,-0.005574744956868277,0.005911819758514369,0.006552225221587014,0.007201062076520945,-0.0014406891652692932,0.049263568562589954,0.011904993517908746,440.6358337402344,-0.012997935071271671
2025-02-13,438.4671630859375,439.0455604719268,434.9771528099742,436.5750829182386,2961500,0.008182607340453618,0.008149311317880988,0.0066654284495872955,0.00664999952940008,0.007226565218430929,0.0038830733426789,0.05240037836831357,0.013506490904733992,440.6358337402344,-0.00492168472974297
2025-02-14,437.0260314941406,439.2317977787448,436.5946792495195,438.3102752486561,2005400,-0.0032867491869953414,-0.0032921624116333606,0.006113911542032224,0.005900124254367842,0.007160782310429355,-0.006419140847130356,0.03173563879311336,0.018497861580147656,440.6358337402344,-0.008192257573454209
2025-02-18,437.1535034179688,437.2319175039918,434.9085150161824,436.5260710592984,2451200,0.0002916803911940935,0.0002916378607387888,0.006057620497272606,0.0058654049327241265,0.007160314255787555,-0.003218795645618,0.03366266074302593,0.017821952144772668,440.6358337402344,-0.007902966703153935
2025-02-19,437.8887023925781,438.0161215262245,434.830014915094,436.0358444951873,2239400,0.0016817867610827708,0.0016803741413229298,0.0045698756865025,0.005696735357563344,0.007132309349645557,0.00801133961535383,0.02748892971199557,0.024448564335642242,440.6358337402344,-0.006234471046845824
2025-02-20,433.69287109375,436.8005338892504,431.32043379451846,436.51622675228015,2960000,-0.009581958328457763,-0.009628160667298406,0.005892741422099997,0.005577519624833066,0.0071879107416925395,-0.005373520833005241,0.00520339823693905,0.021460282484795368,440.6358337402344,-0.015756690933532713
2025-02-21,426.2498168945313,431.3944855976157,425.4643863864933,431.1097543044943,3842200,-0.017162039533755058,-0.017311014268002845,0.008221049573345312,0.006712555695583838,0.007518705335979268,-0.025357711589254595,-0.014689828452302156,0.004669830429668842,440.6358337402344,-0.03264831351456532
2025-02-24,426.6229553222656,428.9498241778896,425.464434704553,427.8992875333378,3629300,0.0008753984469784815,0.0008750155092237771,0.008328861746719422,0.006327477662102822,0.007508008539401871,-0.019051186362634476,-0.0229057194578991,0.008685708068082443,440.6358337402344,-0.031801495350534004
2025-02-25,428.1938171386719,429.5781631903047,424.7771313540725,427.6145568695072,2953100,0.0036820846061123014,0.0036753223270280704,0.007477725892412481,0.006396820910161102,0.00751039551828406,-0.0234301375614121,-0.016525544371409517,0.009019365171025973,440.6358337402344,-0.02823650654090326
2025-02-26,426.4364013671875,430.5403315818359,425.1207886651724,428.4981940945044,2427800,-0.004104253030153493,-0.004112698593026867,0.007482825888958109,0.006193490827588061,0.007404719174774987,-0.0242311198048053,-0.027133522966204193,-0.005835089409591987,440.6358337402344,-0.03222486980352535
2025-02-27,424.4826049804688,430.7661392529034,424.23715418887167,426.5345700027499,3296900,-0.004581682943704313,-0.004592211022857818,0.007298525833919166,0.006155981779409649,0.007322423130033814,-0.02898500947248539,-0.03437705988384976,-0.019746585590631027,440.6358337402344,-0.03665890861088772
2025-02-28,430.3930358886719,430.8348592847266,423.1767768473872,425.1796636340456,3249900,0.013923847146751767,0.013827800915553922,0.00992763293857338,0.00702111181394352,0.007428874435177215,-0.017117743533803687,-0.01823869205408657,-0.01586885005214045,440.6358337402344,-0.02324549450420066
2025-03-03,424.227294921875,432.67080751537895,421.6648032306459,431.5417399507119,3925200,-0.014325838135521685,-0.014429443635462119,0.01063466136594157,0.007521964563321672,0.0076259639612004885,-0.02182552862352416,-0.03583929979905398,-0.032819923530525874,440.6358337402344,-0.03723832144807504
2025-03-04,417.8259887695313,423.2455315661111,416.1372860922828,421.8611854793328,3586900,-0.015089331188655741,-0.015204333484863596,0.010197720807261317,0.007977405595327048,0.007840956508819635,-0.019762655117067984,-0.04307467532331366,-0.04498855387352263,440.6358337402344,-0.05176575127149108
2025-03-05,422.6368103027344,423.7462526748952,416.7263660265226,417.4725160587664,3018300,0.011513935615567128,0.011448154708778557,0.01154146879571597,0.008507549978150414,0.007956503326159188,-0.009343484615168318,-0.029616704230669644,-0.0390363637133222,440.6358337402344,-0.040847843183155375
2025-03-06,418.1499328613281,422.29314312758754,416.3237934834817,418.4150388732594,2824100,-0.010616390555740485,-0.010673146482753863,0.011779116594382225,0.008677714725778178,0.008050855662161599,-0.02345639725594406,-0.04263380462862343,-0.04637796651102333,440.6358337402344,-0.05103057708230385
2025-03-07,420.4669494628906,421.507658213969,414.30122801061975,416.3826455127767,3719500,0.005541114369450151,0.005525818871942659,0.012228442385201745,0.00860476386127326,0.008087801335713171,-0.01399845764845209,-0.04406629631551762,-0.039274060960760804,440.6358337402344,-0.04577222897680577
2025-03-10,411.8565979003906,418.29722423144506,409.0388276258361,415.6856541932638,3442800,-0.02047806985423939,-0.020690652725396726,0.014127657467657173,0.00949459093899851,0.008408711621519798,-0.029744462863582233,-0.0608998613378714,-0.06531297192867391,440.6358337402344,-0.06531297192867391
2025-03-11,407.1929626464844,411.4049058646879,404.7482827883328,410.8550985870494,3893400,-0.011323444319408904,-0.011388042628227783,0.011745992206447268,0.009566360932325798,0.008493840578140116,-0.053904388100249334,-0.06264966070934574,-0.07122135698907228,440.6358337402344,-0.07589684844711331
2025-03-12,406.41741943359375,409.9715419858446,403.08909242639226,409.372626493542,2960500,-0.0019046085861850193,-0.0019064246594237915,0.011536679734413777,0.009444856755169068,0.008489554032381046,-0.0419819179516987,-0.06792674284934408,-0.06983907692737512,440.6358337402344,-0.07765690324408159
2025-03-13,401.3414916992188,406.6530503526095,399.8393340735652,405.82833929953046,2557200,-0.012489444329057187,-0.012568092976959442,0.011235110350982515,0.009532915688693536,0.008599114582495246,-0.03945301994942485,-0.08231188753637353,-0.07718418462437915,440.6358337402344,-0.08917645600330482
2025-03-14,407.8017578125,408.3417675432887,402.4509484149029,403.35419056905897,2422700,0.01609668137208886,0.01596850345977194,0.0124696590810156,0.010484070097769173,0.008867881780872564,-0.03510118411031926,-0.06232741221525584,-0.059392477334852756,440.6358337402344,-0.07451521962939323
2025-03-17,411.5817260742188,413.12316434530624,407.2912507279013,407.3894370439289,2141000,0.009269131849737544,0.009226437073334112,0.013225717430059951,0.010544560671666094,0.00895731139470472,-0.01570777912641097,-0.06131687678160125,-0.04814229544711868,440.6358337402344,-0.06593677917521268
2025-03-18,408.9504089355469,411.0514817710482,407.3304399520741,410.8060310171205,1844100,-0.0063931826220036125,-0.006413706536207264,0.012827109814719028,0.010571193940856932,0.00896922484631289,-0.027389882943368304,-0.06424244904269549,-0.049415745330992134,440.6358337402344,-0.07190841592644237
2025-03-19,412.7696533203125,414.8019628716393,409.215501095041,410.0107591721366,1813800,0.009339138196992502,0.009295798076478524,0.011254517048356779,0.010895865791568543,0.009057256043134766,0.0022169255623840645,-0.05577869079626829,-0.03857305218195273,440.6358337402344,-0.0632408403633139
2025-03-20,412.4751281738281,415.4401928165913,410.0402755755106,410.31517925474816,1646500,-0.0007135339144126451,-0.0007137886008949886,0.010069160208652969,0.010860481779348572,0.00905468587566369,0.012972143459978325,-0.05803660628806562,-0.0370673210094532,440.6358337402344,-0.06390924979335133
2025-03-21,412.7712707519531,413.1549198723971,407.4299023637997,409.2595304227059,2485700,0.0007179646914374782,0.0007177070780858885,0.009952715928424645,0.010770464965971718,0.009025119694961914,0.015633806560787722,-0.04824059083340182,-0.03018136943174099,440.6358337402344,-0.06323716968672155
2025-03-24,418.54541015625,419.273352754805,415.8894958702193,416.4403535007808,2474900,0.013988714364199906,0.013891775288711244,0.008308115783256334,0.01076583109528041,0.008592035852334748,0.0428660350670258,-0.018074862282433823,0.009695431879422234,440.6358337402344,-0.05013306202646972
2025-03-25,418.8700256347656,419.8733669925112,417.4338332750952,419.36186493121727,3997600,0.0007755800700202098,0.0007752794632174254,0.007156597525794433,0.010765070408518386,0.008592083472759532,0.027141295029323054,-0.01817279072956479,0.00974088075706514,440.6358337402344,-0.04939636416020632
2025-03-26,417.3059997558594,421.15218683600494,416.2337936418786,419.3717008818007,2442100,-0.003733916926941916,-0.003740905396417362,0.007204414984033537,0.010731664010839031,0.008462639228980507,0.013907987937754829,-0.025427311061071323,-0.006313708713803101,440.6358337402344,-0.052945839166881115
2025-03-27,416.03704833984375,418.1519514217909,414.5811931388503,416.7649609305955,1646000,-0.003040817569740173,-0.003045450249292312,0.006643277865300345,0.01071963221291233,0.008470107358971057,0.01732884782470956,-0.02438664474703056,-0.010143617628411095,440.6358337402344,-0.05582565809863804
2025-03-28,408.8364562988281,415.4861326127513,408.4233281367773,415.0926672138266,2600600,-0.017307574096462996,-0.01745910107854836,0.009198362649020983,0.011270642714882715,0.00866932335662144,-0.009528794061883672,-0.036859340048482236,-0.03539469047601573,440.6358337402344,-0.07216702548107512
2025-03-31,413.0269165039063,414.4827414119402,404.7246679016362,405.4722731373191,2985300,0.010249722451403098,0.01019755024382039,0.010199754828993478,0.011041747422298418,0.0087714132289664,0.0013377493390234196,-0.04034944326854206,-0.02710499300308289,440.6358337402344,-0.06265699501099631
2025-04-01,412.74163818359375,414.40405716948055,408.2265576900349,411.580904814597,2384800,-0.0006907015231049085,-0.0006909401672961831,0.010202549218989852,0.01066921475488336,0.008725510730083442,-7.178931882878548e-05,-0.027074299263078805,-0.0205191219294083,440.6358337402344,-0.06330441925221397
2025-04-02,415.1418151855469,416.73536947193935,409.3872902473089,409.5741915544274,2299800,0.0058152044279222714,0.005798361392238226,0.008695818963000406,0.010281782677389025,0.008672001199539571,-0.008131961044400171,-0.006424142241341024,-0.005035541427306667,440.6358337402344,-0.057857342963434144
2025-04-03,398.6062622070313,404.8919531460055,398.3898517040914,404.21324249807,7440100,-0.03983109475764335,-0.04064606703561442,0.016891953659672318,0.013069769733718943,0.010016900837711016,-0.04837721056078459,-0.05685862544365217,-0.04406008190991684,440.6358337402344,-0.09538391641107546
2025-04-04,376.96533203125,390.17612904621967,376.4341371567973,388.4842005738248,8667200,-0.054291495712983195,-0.05582089241675678,0.024424546263955266,0.01721109228097053,0.012078711271228313,-0.09666927326281016,-0.09849242483015352,-0.09233295282407794,440.6358337402344,-0.14449687663513922
2025-04-07,373.3748474121094,385.80852777431954,360.34110756768416,365.3185182689776,12718200,-0.009524707749101413,-0.009570357878635449,0.02405285050122839,0.01707275158354629,0.012059960466322241,-0.10254423517803002,-0.11199953316411015,-0.10804993740546298,440.6358337402344,-0.152645293863633
2025-04-08,370.3354187011719,387.9235710590291,364.9743570412722,387.0579589003873,7283000,-0.0081404217022224,-0.008173735852301276,0.024160857468944173,0.016740554069701125,0.012084766147116423,-0.09417222217950871,-0.10081465104818066,-0.11524867254320881,440.6358337402344,-0.15954311850294567
2025-04-09,399.4522399902344,401.1343522094942,365.9678380943999,365.9678380943999,9861100,0.07862283707883,0.07568507658654673,0.04241577939194565,0.02465407370219686,0.01577004454929289,-0.03286632413348667,-0.01900996177817127,-0.04164843266140672,440.6358337402344,-0.09346401403722138
2025-04-10,389.2219848632813,393.65838545270327,378.03756273096553,393.0780186160004,6624200,-0.025610709123081055,-0.025944372566252715,0.04313092197327846,0.02525095586673121,0.016078922991109808,-0.056983960774634856,-0.042309787297692525,-0.06794549487323553,440.6358337402344,-0.11668104348331954
2025-04-11,395.3502807617188,397.49469296488746,386.28076261582834,388.00220021387,3789900,0.015744989072470128,0.015622322644360224,0.04380242341697924,0.025402142463563867,0.016099018846841364,-0.04767415302402689,-0.014927962997631106,-0.037917800837508286,440.6358337402344,-0.10277319616545877
2025-04-14,398.8029479980469,401.2030959039878,395.153479173547,400.8293232928679,2286200,0.008733185239367502,0.008695271555403507,0.041355794949886886,0.025212981169220886,0.016099721748486197,0.0004934337707755976,-0.02206662831156947,-0.03784491279035518,440.6358337402344,-0.094937548285846
2025-04-15,397.1209106445313,401.36056334466736,396.9438556871893,399.1669791054523,2387300,-0.00421771544558347,-0.004226635096574968,0.033898540906300886,0.025116249514994124,0.01608992709016653,0.05346799002622982,-0.03513473634414921,-0.04683809460467703,440.6358337402344,-0.09875484416765834
2025-04-16,390.2941589355469,397.6914414402652,387.6087354900641,395.7437469472589,3004400,-0.017190612546452266,-0.017340086637194052,0.03467194616634618,0.025333049671685388,0.016067958243680014,0.04531454553167302,-0.045619834562729,-0.07858945607914825,440.6358337402344,-0.11424780045093919
2025-04-17,385.1637268066406,388.17530658501926,383.34304120297344,385.2818521197258,4537500,-0.01314503948226775,-0.013232200176898131,0.03508171855234353,0.025308554121906315,0.016138598931780216,0.0400402104596802,-0.06687973859417773,-0.08926873613089892,440.6358337402344,-0.1258910480855171
2025-04-21,375.5779113769531,382.5458325161484,372.3596951941157,382.30961194631686,2881800,-0.024887638068004647,-0.02520257161708037,0.016131799211084253,0.025745828975917318,0.01636431088868128,-0.05976766737837025,-0.08945319190573231,-0.11872093507860959,440.6358337402344,-0.14764555531276757
2025-04-22,385.6655883789063,386.4430888614592,379.1012101014793,379.95743074336986,3308100,0.02685907955813871,0.026504705911378615,0.018893097034494745,0.026609976344164916,0.016666660559108357,-0.009137193228240248,-0.06566756044738264,-0.10611313705978986,440.6358337402344,-0.12475209947118004
2025-04-23,389.64166259765625,397.3575302938471,388.6476440563772,392.9681527341653,4049200,0.010309642183693013,0.01025686028771836,0.01818091276852856,0.02650515532579467,0.016726191874989183,-0.014439393221281627,-0.06905761443615754,-0.0993124731095868,440.6358337402344,-0.11572860679469943
2025-04-24,394.63134765625,395.3202466284559,387.5650048177908,389.24795223936223,4010500,0.012805830427189413,0.012724529132110538,0.018638575954685294,0.026721586613037872,0.016768647865475623,-0.010460304676126131,-0.057866823823890856,-0.09617607794622329,440.6358337402344,-0.10440477728169772
2025-04-25,394.6707763671875,395.0152409434983,390.8522323121189,393.5488412160766,1790800,9.991276965615192e-05,9.990777870781862e-05,0.01859934901818566,0.02672582146620604,0.01676886986707122,-0.006169743802629801,-0.05424130830113727,-0.0935211780170806,440.6358337402344,-0.1043152958825051
2025-04-28,395.9009704589844,397.77091236359297,392.4071885445048,395.4384106248553,1534700,0.0031170133829527824,0.003112165567928561,0.017130739825325144,0.026751241578387576,0.016746513823247683,0.014365604493618456,-0.04839972296027595,-0.09679665912702418,440.6358337402344,-0.10152343467286484
2025-04-29,398.79443359375,399.8868749430475,395.8321103671104,396.028925811587,1888100,0.007308552771192023,0.007281974718888282,0.015774694352671974,0.026586817136033843,0.016774350805384856,0.03538938336722519,-0.024562444347522083,-0.09281311189072128,440.6358337402344,-0.0949568712814921
2025-04-30,399.906494140625,401.3236973032146,391.1178883034985,396.05839680666,2487400,0.002788555840295137,0.0027846750313521803,0.009040634653114214,0.026480701639861454,0.016781723863925107,0.06477639399632906,-0.031766506828029506,-0.08778095832126709,440.6358337402344,-0.09243310797918514
2025-05-01,400.9694213867188,404.4238279003506,400.57573047178863,402.08150511475634,1917600,0.002657939447515023,0.002654413373141188,0.00465471418939691,0.02649403847893164,0.016777366068268212,0.03968161399138603,-0.02852199949751244,-0.08869852856926053,440.6358337402344,-0.09002085013562444
2025-05-02,406.5004577636719,407.3173033829431,403.8333428361973,405.2603973919959,2277700,0.013794160057952753,0.013699886591653804,0.005374929733691259,0.026654091844993354,0.016864553278708876,0.04326743463114724,-0.02081543488461346,-0.06901295519631567,440.6358337402344,-0.07746845209299558
2025-05-05,405.7327880859375,407.8782654191732,403.9612690677356,404.315584885136,3866000,-0.0018884841654487339,-0.0018902695998675029,0.0051769242669839205,0.02510765830073173,0.01686382840324469,0.02813116721623854,0.01787860993313939,-0.06842870638150833,440.6358337402344,-0.07921063831334485
2025-05-06,401.7763671875,405.2209520365956,401.0579444267023,402.00273643282327,1745600,-0.009751296948669275,-0.009799152199392615,0.007308472536098087,0.02186249185540216,0.016892360318921676,0.01800384331902416,0.06581781678054477,-0.08012155015222411,440.6358337402344,-0.08818952880632713
2025-05-07,404.5419616699219,406.2642544662884,401.6878824713951,403.3708001656405,2420600,0.006883417513532386,0.006859834952426133,0.007491364082948581,0.02167509159300973,0.01689107957391073,0.021826143040062806,0.0834740595780199,-0.08027183537514915,440.6358337402344,-0.0819131566398904
2025-05-08,407.3271484375,411.13587091008566,405.0537244804621,406.5594991797262,2001000,0.006884790779381866,0.006861198829205819,0.007453427929830476,0.021500111179415006,0.016920010440646234,0.021396273681297817,0.09988709658412986,-0.07122774400467391,440.6358337402344,-0.07559232080605283
2025-05-09,405.8902587890625,408.59671864874025,405.0537106437366,407.8782657645145,1789200,-0.0035276058911107855,-0.003533842564108308,0.007861863454577659,0.013297310802174804,0.016888686278025446,0.014962909420354054,0.01611711777854974,-0.0656484598408763,440.6358337402344,-0.07885326678096549
2025-05-12,417.5132446289063,417.582113503886,414.4229453334759,416.2633331150993,2398600,0.02863578415141066,0.028233442934387933,0.012751885783269936,0.013169180416814584,0.017286464849757432,0.041259563347678885,0.07268669516590287,-0.0424796989087014,440.6358337402344,-0.05247550775672816
2025-05-13,414.8363342285156,417.2770497104246,414.7477627829044,415.9877930558614,3018000,-0.006411558039961074,-0.006432200358464174,0.012942446330643611,0.013019857883183465,0.017296050804990727,0.020506438075624578,0.04928807291916715,-0.05145523098618221,440.6358337402344,-0.05855061603303058
2025-05-14,413.89154052734375,415.968149120769,412.96642087482667,415.39731527505313,3064800,-0.0022775095217465458,-0.002280106991147653,0.01296762163584396,0.01297259087369208,0.017286095297715732,0.02010868404275512,0.0378347066014435,-0.048324965664008235,440.6358337402344,-0.060694775969257764
2025-05-15,416.775146484375,416.9719619083708,411.864131617318,411.913357999117,3927000,0.00696705700570055,0.00694289920498562,0.011725059484636927,0.012940585848690244,0.017276764523850838,0.03733116360693112,0.04949181801568869,-0.04947238568310064,440.6358337402344,-0.054150582927683155
2025-05-16,420.1159973144531,420.3425388633452,416.1270986872182,417.348385169185,2430300,0.008015955025771682,0.007983997922492112,0.011758192113218303,0.012181029882708626,0.017307699503241014,0.03849794859411548,0.07640862077013821,-0.0386934254737048,440.6358337402344,-0.0465686965392792
2025-05-19,421.5834655761719,422.1941087051465,417.2399822803095,417.30893361609736,3121500,0.0034930073386858496,0.00348692095761637,0.011760037628814158,0.011564072568401168,0.017314699830765806,0.0349996733420761,0.09455651255502229,-0.035616866203883935,440.6358337402344,-0.04323835399935794
2025-05-20,420.5296325683594,421.7410902039234,418.6188929109272,420.9531392817968,1971000,-0.0024997019424665146,-0.002502831413618325,0.011641851479074232,0.009595947061055578,0.017314491650477853,0.03606731982918765,0.11968680752976968,-0.03964265286902957,440.6358337402344,-0.04562997294434323
2025-05-21,412.43359375,418.1658123443376,411.7835455535775,416.70812577745806,3624800,-0.019252005545752682,-0.019439738804841424,0.009378424740385914,0.009724764248168666,0.017438757940202554,-0.012166442488360296,0.06940729527778045,-0.049019199439767736,440.6358337402344,-0.06400350999791882
2025-05-22,412.5025634765625,414.7974047380057,411.0744231250686,411.5668811694108,2638600,0.00016722625801501856,0.00016721227726294456,0.009155650913464784,0.009607533449110622,0.01731028929329492,-0.005625762642737953,0.05867160284271855,-0.032251634776350735,440.6358337402344,-0.06384698680738055
2025-05-23,410.0501403808594,411.862412604154,407.5878499285376,407.69620633821313,3117800,-0.005945231164223963,-0.005962974411110724,0.00935902929367737,0.009498169566495067,0.01732367303755347,-0.009281175792068663,0.039071383497998546,-0.038846514784670605,440.6358337402344,-0.0694126328758955
2025-05-27,417.4566955566406,417.46652427872107,412.8669829176112,414.35421584892816,3126600,0.018062559785742227,0.017901369860706548,0.011650315426534124,0.010119344901489035,0.017473521328094516,0.0016352920226043732,0.05773399135144963,-0.02507537743954391,440.6358337402344,-0.05260384292135989
2025-05-28,415.0633850097656,418.42192269441273,414.39361917158175,417.3385389547233,1790900,-0.005733075004782817,-0.005749572162466023,0.01128426206983321,0.010285126311325334,0.01748051375824029,-0.012026707711645823,0.04840203985498048,-0.026669900414127645,440.6358337402344,-0.0580353361491347
2025-05-29,416.0876770019531,416.6392276528905,412.26619745098986,416.0876770019531,2751400,0.002467796556334223,0.00246475654680201,0.011212470313506818,0.010221390824946256,0.01747509457477313,-0.013036062898500345,0.043363803382019395,-0.019776848049879336,440.6358337402344,-0.05571075899549516
2025-05-30,416.4718017578125,417.8703658645216,413.1821854101063,415.7922072069272,2957500,0.0009231822452111516,0.0009227563745662062,0.01125239871741682,0.010222966193924994,0.017382519046696163,-0.00964933383115929,0.04142295226484216,-0.03234539820588622,440.6358337402344,-0.054839007933855766
2025-06-02,417.31884765625,417.4567503560194,412.7586806993588,414.9550547142347,2636100,0.002033861343943011,0.002031795848107084,0.008011309821473356,0.010221816483824241,0.01729270252369551,0.011844946629665731,0.04077474589705132,-0.0162847778733739,440.6358337402344,-0.052916681528289655
2025-06-03,419.5841674804688,419.9387228913231,416.09755565411297,416.6885113961278,2332600,0.0054282710616626595,0.005413591098886095,0.008088760871278805,0.009895114157997506,0.017199085613043747,0.017167418171229576,0.03218621152058687,0.004207920900552997,440.6358337402344,-0.04777565655764626
2025-06-04,418.5302429199219,420.7167578275447,418.4514328011812,419.948524484718,2163300,-0.002511831099051176,-0.00251499103938629,0.007582198889922563,0.00990689150522955,0.01714109628132857,0.020680647813426045,0.03154158404194285,-0.009716539787130607,440.6358337402344,-0.050167483276778335
2025-06-05,417.5749206542969,420.3819378232316,416.4816480473982,419.5250655422136,3018800,-0.0022825644783996957,-0.002285173499627609,0.003762034029492029,0.009611442120876846,0.017090017243495268,0.0002832032613553359,0.03932175896105927,-0.001375134041267323,440.6358337402344,-0.052335537239879715
2025-06-06,421.91839599609375,423.6025942398726,420.1159825631803,421.3274402794458,3081100,0.010401667166675344,0.010347942059389676,0.004500977030190006,0.009732876168201274,0.017125815930181528,0.016515576256303177,0.0429533545900731,0.0034519872133997875,440.6358337402344,-0.042478246912562745
2025-06-09,421.898681640625,423.2381832790188,419.997800621545,422.0562718367453,2680200,-4.6725517673151806e-05,-4.672660934415878e-05,0.0045896147572376976,0.0096780787711423,0.01692018391373802,0.013965817686652171,0.035773537951057754,0.024382476307112766,440.6358337402344,-0.04252298761215911
2025-06-10,423.1297912597656,423.6124205876599,421.4160468642236,421.8100072927414,2022600,0.002918021962887485,0.0029137728008912915,0.004574075185809671,0.009605286823619968,0.0168543791534148,0.015986651374358507,0.04247338313103577,0.039138271225765964,440.6358337402344,-0.039729048661051425
2025-06-11,423.1199645996094,425.542849801192,421.7115417835993,423.376022347904,3025000,-2.3223749211820355e-05,-2.322401888725934e-05,0.004657634968216185,0.007423814329016022,0.016851269487447453,0.013900922462380283,0.013428843378816557,0.041097020864148126,440.6358337402344,-0.0397513497528007
2025-06-12,423.99652099609375,424.0556135573358,420.5296271551271,421.7410847750968,2587700,0.002071649815233556,0.002069506907813882,0.004410069864623348,0.007248416680255616,0.01676600301525138,0.010516015277984403,0.022081447577666058,0.05644826105807543,440.6358337402344,-0.03776205081393791
2025-06-13,416.432373046875,420.4803938399722,415.2406329841656,419.6825841478111,4826100,-0.017840117960044366,-0.018001171212235895,0.008575067495197127,0.008323186769959155,0.01681853392718771,-0.005012469011584142,0.006138884878618134,0.021163751918752638,440.6358337402344,-0.0549284893330485
2025-06-16,419.85009765625,421.7411500805815,418.4712209183305,418.63863984868937,3177100,0.008207153983656124,0.008173658439329969,0.009147026609760698,0.00837689694587409,0.016810103125221267,0.00544854800759631,0.0073779619485785375,0.020089258240148844,440.6358337402344,-0.047172141919438304
2025-06-17,416.7278442382813,419.9879442413695,415.9891571498188,418.0574870089645,2450200,-0.0074365909056546275,-0.00746438020529192,0.008491672692747445,0.008351588069105086,0.01681747010343063,-0.012302264625267734,-0.008064803763318307,0.019018040165256878,440.6358337402344,-0.05425793290349468
2025-06-18,416.4619445800781,419.7811072228849,415.8611601512701,417.27944182316014,2786700,-0.0006380654949735831,-0.0006382691453943332,0.008474995124340867,0.00830500970769859,0.016779221900342558,-0.01288635707370589,-0.012148296634675315,0.008945161617538666,440.6358337402344,-0.054861378283654005
2025-06-20,416.5794677734375,418.9400953677266,415.5522338107768,418.1696774314125,3810500,0.0002821943154442952,0.000282154506117595,0.008285833568939194,0.008294517817295328,0.016778741136985454,-0.015480648306105182,-0.009393309029845254,0.009950514150466994,440.6358337402344,-0.05459466553729875
2025-06-23,420.4908752441406,420.727917674407,414.4657956187834,416.8165668613597,4315000,0.009389342906430453,0.009345537018508867,0.00938781353296936,0.007342662448560805,0.016817792327822444,-0.0062135790684247905,0.019535948613886633,0.018701893855462837,440.6358337402344,-0.045717930666459794
2025-06-24,425.4985961914063,426.42705254206726,422.42678078203295,423.2663462237238,4958200,0.011909226197496237,0.011838869408914343,0.01056143318732583,0.0077177756825721954,0.016792778224469628,0.003542659245844071,0.03150533806460132,0.016612739899741324,440.6358337402344,-0.03435316964655177
2025-06-25,424.5799560546875,425.6170768459703,423.2465624044656,425.4590385308397,3265500,-0.0021589733666372846,-0.00216130730952164,0.007108367224324767,0.0075779469891609,0.016795786925534673,0.0195652008228846,0.03543424143284679,0.013631747488421775,440.6358337402344,-0.0364379754348626
2025-06-26,428.5999450683594,428.8567610827974,425.5083866523006,425.52816027970334,2444800,0.00946815542360202,0.009423613373354907,0.007282279851283192,0.00684606842465395,0.016826310242691316,0.020840408186050485,0.026693186695353477,0.027063941853477713,440.6358337402344,-0.02731482042599931
2025-06-27,432.6199951171875,434.1608310445429,429.75562218262826,429.8049959697289,3621000,0.00937949268329219,0.009335778374562429,0.00592248989330633,0.006866545020883047,0.016856150674092733,0.03813556281067498,0.04229862411739549,0.03985930302004692,440.6358337402344,-0.018191526901038202
2025-06-30,435.2374572753906,435.8399802742785,433.2719102389468,435.0399319758904,2827800,0.006050257010183024,0.006032027696308303,0.005297037445591946,0.006923089013687028,0.016708589641440404,0.04508338142214652,0.04602342566696005,0.0645759461266473,440.6358337402344,-0.012251333304014067
2025-07-01,439.4253540039063,440.4920749151686,434.5954042472861,434.7830728559928,4520300,0.009622096302859928,0.009576098760696618,0.004656997238355552,0.007102805151511432,0.016703250675129434,0.05484160405834948,0.05511430101441017,0.06391456935410256,440.6358337402344,-0.002747120510043888
2025-07-02,439.24755859375,439.9290856420175,437.9240216117785,439.2179282935091,3141700,-0.0004046089023682642,-0.0004046907786361914,0.005455589837530379,0.007132087173883049,0.016702789320178536,0.04460663584844515,0.05254665841395911,0.06421915784122079,440.6358337402344,-0.0031506179029978654
2025-07-03,442.5860595703125,443.3465907275769,440.0970238479428,440.19580156592286,2807100,0.00760049978934596,0.007571761515792081,0.004930652049810692,0.007192693986898221,0.016712387469339157,0.04015868332317507,0.05482068646194671,0.0661081186738548,442.5860595703125,0.0
2025-07-07,438.54632568359375,442.3391551534595,436.1362939148151,441.8848137965443,3657500,-0.009127566942891852,-0.009169478410124846,0.007027811955155011,0.007561787674436578,0.01592719072879208,0.03289455714934242,0.04782469869806172,0.10019928752604002,442.5860595703125,-0.009127566942891852
2025-07-08,436.9461975097656,438.9216312666575,436.6202340599513,438.2401042091117,3563200,-0.0036487095663927382,-0.003655382343437891,0.007275066516452112,0.007608502803210584,0.014248244324774562,0.019473293306360606,0.04638994321094758,0.1591150707554807,442.5860595703125,-0.012742972668462249
2025-07-09,439.0599060058594,440.126657138927,436.8474297931677,438.9315281286134,3251900,0.004837457124332811,0.0048257942260082455,0.006773811090929285,0.007402302639353299,0.014168327260498789,0.014885837366179544,0.040627548294728255,0.17592255892173325,442.5860595703125,-0.007967159128049572
2025-07-10,441.015625,442.3095318131057,438.2500295542923,438.9216698564314,2262600,0.004454332922201543,0.004444441742837514,0.006645627793147678,0.0074075393613169385,0.014102001623780508,0.0132758971637712,0.045311692572812756,0.19085456785828203,442.5860595703125,-0.003548314585048562
2025-07-11,438.1216125488281,439.000664955701,437.3215642347582,438.2203902718786,3345500,-0.006562154007971666,-0.006583779599475774,0.00632059907558914,0.007642807053203967,0.010290427482232365,-0.0029669236042001446,0.03543078648380682,0.09680599753186803,442.5860595703125,-0.01008718400624442
2025-07-14,439.119140625,439.2969525651416,437.0449593696986,437.6671956606535,2244700,0.002276829189887808,0.0022742411419254954,0.006401522621523098,0.007633544550265935,0.009686636708563422,-0.0002923589812567906,0.037812387417195836,0.12819716691811656,442.5860595703125,-0.007833321611345756
2025-07-15,434.7434997558594,439.70185688438784,434.7336430859037,439.1190775054183,3810700,-0.00996458697498992,-0.010014565760925416,0.006357103674382578,0.008052251483986235,0.009638069358142662,-0.017719852771836297,0.025346855994284434,0.0996413077492746,442.5860595703125,-0.017719852771836297
2025-07-16,436.9264221191406,437.1733513377565,432.264427408691,436.4325636819089,4230300,0.005021173092886189,0.005008609043232669,0.006157237441911232,0.006792950778820216,0.009604764462759692,-0.0036938026146452474,0.049213390693712444,0.09559476506497755,442.5860595703125,-0.012787654126898085
2025-07-17,439.7512817382813,440.1364756220529,436.5510889022015,436.6202061708053,3790800,0.006465298219869187,0.006444487828098674,0.006476941989144232,0.006727692747576952,0.009596570607507678,0.006419747430009393,0.047400689420168396,0.10734859321449597,442.5860595703125,-0.00640503190449182
2025-07-18,437.9934387207031,440.4834866143088,436.866969097772,440.4340927487354,3901900,-0.003997357348521358,-0.004005368136521929,0.006449948955830433,0.006519262308707959,0.009318383081225793,-0.0024289789857104838,0.05102993422791857,0.1222136654959094,442.5860595703125,-0.010376786051662257
2025-07-21,438.17132568359375,440.7107977882068,437.8749021579526,438.92230548853456,2548800,0.0004061407024960051,0.0004060582496850994,0.0061227183057571,0.006498937675065925,0.009120389980254018,-0.006449429805137297,0.052128126917827755,0.13762354860473125,442.5860595703125,-0.009974859784342982
2025-07-22,439.6732177734375,440.15741636415225,437.578411290298,437.59816280533306,3091600,0.0034276366384784485,0.0034217756810189124,0.005737217266322479,0.006482879178796837,0.008441969073091093,0.0035414943708955704,0.055436601624734516,0.17065781680689507,442.5860595703125,-0.00658141334072504
2025-07-23,444.8608703613281,444.9004035490708,441.046747006295,441.93604772309146,5486500,0.011798882393068144,0.011729818302117825,0.007172646714723457,0.006628868839504876,0.007940530887668372,0.013075562427444787,0.05795606171724432,0.15348862788417628,444.8608703613281,0.0
2025-07-24,441.7976684570313,443.7936872183707,441.4419602550014,441.6988807264573,5078300,-0.0068857526215079234,-0.006909568807298067,0.006375390760575274,0.006593057570028296,0.007956289443725542,0.016226047554784406,0.03830581912964304,0.13385633741438818,444.8608703613281,-0.0068857526215079234
2025-07-25,443.68499755859375,444.0703782823337,441.10602251812907,442.2127105119677,3710600,0.004271930877665975,0.0042628320846933975,0.006328589831948562,0.0065485778140079295,0.007841638008484366,0.015468452117574527,0.04499751161462151,0.12430246657716792,444.8608703613281,-0.002643237203081683
2025-07-28,443.0131530761719,444.1396229162097,442.0645675274495,443.3293583107429,2864200,-0.001514237547175945,-0.001515385163506048,0.0061510268781344605,0.006368336872235266,0.00785021894528093,0.007417536851733075,0.03362858108979383,0.12248785469742596,444.8608703613281,-0.004153472261238633
2025-07-29,441.1751708984375,443.5170069832016,440.3550156340361,443.2996197010092,3146200,-0.004148820785504603,-0.004157451020930876,0.0061720639270281905,0.006224178491462146,0.00788483990856976,0.007264337536716514,0.019775266695504,0.11435738686612673,444.8608703613281,-0.008285061034693841
2025-07-30,439.4756774902344,442.06454362897256,437.3511981862417,441.4024908395676,3765000,-0.0038521964070239445,-0.0038596352256085207,0.006449803029956337,0.006193601836927733,0.00788333137995522,0.002976807769439649,0.00973771936215062,0.10201056100478612,444.8608703613281,-0.012105341759367949
2025-07-31,436.0863952636719,440.8985584715278,435.2662700434761,439.9795851992748,4223300,-0.007712104219095961,-0.007741996281150207,0.006945723044097872,0.006068081574981904,0.00796778307442325,-0.008157928126552139,-0.007598466291967143,0.09047090170614824,444.8608703613281,-0.019724088321207867
2025-08-01,430.5430603027344,432.5588307964316,428.2506177926465,432.5489399603143,5980000,-0.012711552162928186,-0.01279303519580094,0.005317976152733633,0.006641282936453528,0.008161791183471082,-0.03218491670657486,-0.019816839321504798,0.07375534726248612,444.8608703613281,-0.03218491670657486
2025-08-04,436.5606384277344,436.6495654754309,432.3907770908332,432.67733990340014,5065800,0.013976716105396747,0.013879942484637735,0.008655248509586023,0.007175160975293523,0.00816637916354943,-0.011853910518783706,-0.013614123202226325,0.0739487006470696,444.8608703613281,-0.018658040044861823
2025-08-05,435.8986511230469,437.7365372338792,433.99155931843694,436.55078285883576,4081600,-0.0015163696550188899,-0.0015175205070427444,0.008260450323888373,0.0069117549901093174,0.008164268735065695,-0.017549266886173198,-0.006037388539100741,0.07434908866847612,444.8608703613281,-0.020146117214134618
2025-08-06,436.7187805175781,437.6871476050749,434.9006459052266,436.8571014415138,2975300,0.0018814680715764087,0.0018797003274796456,0.008425830483873444,0.006881697475165681,0.008043903328582305,-0.014208094082279965,-0.0005204690954712099,0.08696980754413386,444.8608703613281,-0.018302553418862777
2025-08-07,434.4955139160156,439.722669776484,432.7761971940225,438.99144150386553,5205100,-0.005090842667511586,-0.005103845154894814,0.00847304077717045,0.006873617438896736,0.00805266273957933,-0.015140600430479823,-0.010395829879722207,0.07404312799208146,444.8608703613281,-0.023300220666505167
2025-08-08,436.66937255859375,437.61795794421386,435.07848597725547,435.5725452632013,3684500,0.005003178566760358,0.004990704259032962,0.008829485955583565,0.006894309742510104,0.008034580105865075,-0.006385575073612593,-0.009855098538529727,0.07203601388625835,444.8608703613281,-0.018413617264384285
2025-08-11,434.7820739746094,437.6080786906196,434.0113426743351,437.07448620428,3538100,-0.0043220310435926335,-0.004331398019079366,0.008478367286182445,0.006811829446539013,0.008042637507912762,-0.002990969916119135,-0.007622400900952009,0.07118134658304687,444.8608703613281,-0.02265606408253551
2025-08-12,439.3966064453125,439.8610234301187,435.8986880371869,436.4421412480288,5012600,0.010613437735642828,0.01055751057694193,0.007338920612882374,0.007203741839970418,0.007337923434671615,0.020563671694888708,0.0006318691094120421,0.05241357513306322,444.8608703613281,-0.012283085072367417
2025-08-13,444.0802612304688,444.3075092024971,440.7502763176346,441.13565703452974,6203200,0.010659287569484865,0.010602877867833347,0.006574344025968966,0.007175277120839207,0.007380972274480885,0.01722469261043824,0.02147648321332629,0.07049509550878441,444.8608703613281,-0.001754726438909504
2025-08-14,443.8233947753906,444.2977026027676,441.6693032666584,442.4202529662686,4553200,-0.0005784234912095121,-0.0005785908426135375,0.006488767756712765,0.0071236690473166315,0.007371497815017381,0.018180243577094135,0.01578520388581439,0.07231811070579108,444.8608703613281,-0.002332134955126186
2025-08-15,444.4521789550781,446.94370257110097,443.8985070404064,446.7954029819668,5584400,0.0014167441083310361,0.0014157414732699494,0.006499655006432205,0.007006081011398385,0.00733375060696684,0.017707959406588314,0.010689899977584627,0.06640758861023088,444.8608703613281,-0.0009186948852526466
2025-08-18,443.9776306152344,444.8872517996982,443.5623917277633,444.27425999343006,3809100,-0.0010677151835759568,-0.0010682855974951252,0.005859993211964358,0.006940286871377143,0.00728366259172094,0.02182327871180645,0.013662743241108721,0.05679772599309296,444.8608703613281,-0.001985429164350516
2025-08-19,444.21490478515625,447.0425842270957,443.1470873852433,444.7685767062752,5794900,0.0005344282089010388,0.0005342854530053915,0.005861962520979102,0.006940100107651649,0.00727623058210639,0.017279737716319854,0.013792730713571677,0.053681989586698675,444.8608703613281,-0.001452062024801637
2025-08-20,444.28411865234375,445.431019180771,442.6132362613855,444.709284402944,4731400,0.0001558116723276992,0.0001557995349498295,0.005205426932866825,0.006911892952719939,0.007264156720050043,0.02185472963701196,0.010487108817444968,0.05648706831645911,444.8608703613281,-0.0012964766006862138
2025-08-21,442.8900451660156,443.99738900912206,440.84342029195824,442.6626323446126,3780700,-0.003137797251355323,-0.0031427304594581072,0.004437628893186699,0.006445990803951247,0.006812866314710818,0.007950536416211351,-0.004430205771327467,0.0738457096549634,444.8608703613281,-0.004430205771327467
2025-08-22,451.48187255859375,452.69795933905095,445.20359524077935,445.3321316065184,8534700,0.019399459270658337,0.019213688484835213,0.00763792666688487,0.007540279797872172,0.0071884512738746974,0.016667282863724653,0.02191999820955215,0.09449470750803224,451.48187255859375,0.0
2025-08-25,447.9521789550781,451.0369309547249,447.9126223422261,450.4931557626435,3898200,-0.007818018436737018,-0.007848739365488045,0.008543191792645767,0.007741638071876436,0.0072233544502236765,0.009302763730553165,0.009617592255687812,0.09243269259465414,451.48187255859375,-0.007818018436737018
2025-08-26,449.3561401367188,449.6132128714094,447.428185145107,447.67536118296925,3190500,0.0031341764759704738,0.0031292751832198715,0.00856988982142701,0.0077480897610319515,0.00690685309019121,0.011033720642724898,0.014317830106178153,0.07641378116487796,451.48187255859375,-0.004708345010239756
2025-08-27,450.8787536621094,451.481878885293,449.0793048622579,449.1485213944498,2943900,0.0033884337820049293,0.0033827059754725623,0.008503946824057848,0.007686299367467332,0.006854732591941348,0.015543853047983225,0.02199485239368948,0.08628891380409542,451.48187255859375,-0.0013358651435249058
2025-08-28,451.6301879882813,452.0355603202729,449.652779640726,451.3731152477849,3576500,0.0016665995460389826,0.001665212310112858,0.008476899690985544,0.007603687936992803,0.00685334526489202,0.016693008548894772,0.0276568445549914,0.08542072488765706,451.6301879882813,0.0
2025-08-29,450.9380798339844,451.67960795911546,449.14852770582985,450.9677397520753,3605900,-0.0015324665460911824,-0.001533641973971379,0.008574790873993956,0.0073517665715486305,0.006862644493039361,0.014976815290684398,0.034056748230663514,0.08275777118810734,451.6301879882813,-0.0015324665460911824
2025-09-02,448.486083984375,448.5750939117718,445.07507270224585,446.88438805694045,6009200,-0.005437544441826869,-0.005452381696535883,0.008851081116936914,0.006792795752850474,0.006913878386136564,0.012635277941868583,0.04167532898805537,0.07468446849014065,451.6301879882813,-0.006961678132968108
2025-09-03,448.14007568359375,448.61463438932094,445.44090235333954,447.7643632596546,3948200,-0.0007715028696259063,-0.0007718006311239106,0.00428084562754204,0.006228082476928478,0.0068963535829793905,-0.007401840645476443,0.02652423566531903,0.06805763995957781,451.6301879882813,-0.0077278100479371
2025-09-04,451.88720703125,452.0948566213903,447.4479351774055,448.4267426031757,4524200,0.008361518085478803,0.0083267542443598,0.004385993015416248,0.006378652110790545,0.0069412072016786786,0.008784482498446433,0.036679526002226126,0.07970024789274399,451.88720703125,0.0
2025-09-05,449.85052490234375,453.4889793754471,447.8632499310616,451.9564697256225,5828200,-0.004507058613777981,-0.004517246024146969,0.004774991752482425,0.0065221029007516175,0.006965040635088962,0.0011002069883245813,0.03006910847571631,0.07729296624776771,451.88720703125,-0.004507058613777981
2025-09-08,451.0468444824219,451.135824235018,448.5058675800374,450.2360998394044,4395200,0.002659371310810066,0.002655841439699394,0.004700379607214501,0.00635160187806402,0.006867802829078639,0.00037280714371035195,0.038093213937314685,0.06903810965046864,451.88720703125,-0.001859673245341531
2025-09-09,452.83636474609375,453.3702432241433,450.0778719180888,450.8095032810222,5979400,0.0039674820599295835,0.003959632358498017,0.0049071365501454295,0.006329476424862073,0.006875765300304076,0.0026707177462719223,0.03702341680794352,0.0733296510554673,452.83636474609375,0.0
2025-09-10,450.7798767089844,452.7276250950324,449.5736564368198,452.5397688923534,5412200,-0.004541349143332263,-0.004551692396114298,0.005225216841909585,0.006340171026842372,0.006908924574194957,-0.00035083114971845575,0.03679499154169186,0.06534658164081852,452.83636474609375,-0.004541349143332263
2025-09-11,456.7022399902344,457.097715620639,451.4423266045693,451.6895026451792,6352100,0.013138038291521603,0.01305248280589105,0.006570051177521569,0.0065376726243964525,0.007073622040080192,0.018319756842545942,0.03938499590363986,0.07936821280083839,456.7022399902344,0.0
2025-09-12,454.1316223144531,456.474846450749,453.8844462634032,456.0398141870725,3784600,-0.005628651341487267,-0.00564455189329493,0.007212427132367127,0.006406591283288158,0.007125317422787264,0.013369807691757662,0.022634109104813005,0.0710739353416463,456.7022399902344,-0.005628651341487267
2025-09-15,454.8731384277344,455.7036463165367,453.6471247294345,454.8138185908812,4862200,0.00163282202085413,0.0016314904162966714,0.006636440009725526,0.006396034114877403,0.006699405055785653,0.006607691808982574,0.02489671293225948,0.09230974311531814,456.7022399902344,-0.0040050199064911585
2025-09-16,453.5976867675781,455.59485827970906,452.6089826218558,454.9126500053322,4526100,-0.0028039722560114777,-0.0028079107502262724,0.0064306310883103825,0.006454635155572221,0.0066631352036729515,0.008329793248652573,0.020577034483217904,0.08038009113185618,456.7022399902344,-0.00679776219780015
2025-09-17,456.0496826171875,458.6104227265997,452.786940841848,454.59628632018536,5998000,0.005405662156442448,0.005391104005498943,0.006615384260752203,0.006505818356055167,0.0065891391476004335,0.01109161541858561,0.02719067621768345,0.09435855780354885,456.7022399902344,-0.0014288464472187457
2025-09-18,457.4042053222656,459.1245408863724,455.4564569416394,456.07934538322456,6681000,0.0029701209247745552,0.0029657188299692483,0.006566346899420252,0.006513225641378797,0.0065863459702329395,0.010087177028578642,0.02969126068268313,0.09830972859589826,457.4042053222656,0.0
2025-09-19,459.0184326171875,459.85131333691214,456.9659603476535,458.8002950292313,5871400,0.0035291046215557564,0.0035228919443421147,0.006024547046315897,0.006522226002328386,0.006589279587053658,0.01827622822995223,0.03316416983244341,0.10187483572001454,459.0184326171875,0.0
2025-09-22,459.74224853515625,460.3569916520324,456.2619721849576,457.25350115,4074900,0.0015768776731726053,0.0015756357070222365,0.003847415392141325,0.006432417738713212,0.006512672107132288,0.006656434496548291,0.038050535461513046,0.09334655185615137,459.74224853515625,0.0
2025-09-23,458.9490356445313,463.0440553653367,458.11615489337726,460.2876058820898,5904600,-0.0017253426091518032,-0.0017268327269337417,0.002900639101980733,0.005044476005310219,0.0063843853244875785,0.010607967147336028,0.016539231228975826,0.0786146881623968,459.74224853515625,-0.0017253426091518032
2025-09-24,457.1146545410156,460.48587709644175,456.8965169669476,459.5240928279229,4588800,-0.0039969167838854736,-0.004004925803821613,0.003565813320123343,0.004780319226354927,0.006404252165508809,0.004927782988085605,0.02045413777718519,0.07662796611655764,459.74224853515625,-0.005715363342204793
2025-09-25,455.5381164550781,457.1741330925407,453.8326855322597,456.0041362496582,4767200,-0.003448889836009439,-0.0034548509666951156,0.003678233926629466,0.004847064383969958,0.006341505036643306,0.0042778650423194176,0.013757409248883024,0.06285155118818841,459.74224853515625,-0.009144541519674254
2025-09-26,458.364013671875,459.4844462558554,456.4206253520591,457.36255972352734,4167200,0.006203426485554164,0.006184264441529087,0.0038592809611596793,0.004963754612158455,0.006286098790335488,0.005074734492535926,0.01660149197310612,0.059507232317623115,459.74224853515625,-0.0029978425251815377
2025-09-29,459.1175842285156,459.8513059857922,457.4022282115966,459.8314862995906,3752700,0.0016440438912381783,0.0016426939304739854,0.0037623088351297095,0.004963559259715609,0.006252717679625222,0.003745874843985808,0.016578600012514322,0.054866892897077024,459.74224853515625,-0.0013587272186338373
2025-09-30,459.8116149902344,460.15865616654656,456.936187153333,458.7011074332845,4253300,0.0015116623400190932,0.0015105209286449162,0.0035674238270426866,0.0049365661560209426,0.006152245652917293,0.001727996778962515,0.019677945937758956,0.046393001224382724,459.8116149902344,0.0
2025-10-01,460.32720947265625,461.1997597322229,458.63167329411016,458.6515232375932,4551600,0.0011213167862949014,0.0011206885801954619,0.0035433024032500123,0.004715430463740477,0.006150675616942661,0.0012723671565182393,0.02640243680045562,0.04799036549319191,460.32720947265625,0.0
2025-10-02,461.1700134277344,461.8244261630088,458.7011160357473,460.376802374769,5458300,0.0018308801603181823,0.0018292061422103734,0.003477744954553801,0.0046937314795557,0.006089877169569176,0.004839268874558211,0.029075591430346215,0.04198946951800564,461.1700134277344,0.0
2025-10-03,463.5496826171875,466.3953656996783,461.73516779726657,461.8442517102475,9693900,0.005160069215614849,0.005146801679823184,0.0031227931905072723,0.00450364976671632,0.0059842002651169825,0.01407749240206102,0.025808377410274863,0.05701417494404781,463.5496826171875,0.0
2025-10-06,462.8854370117188,464.5016342708024,460.2975606096768,464.3529109590298,7405400,-0.0014329545038589409,-0.0014339821650091087,0.002582384702165086,0.004355589201035455,0.005963522100207007,0.01612888206549279,0.02897609625376063,0.059364836334051097,463.5496826171875,-0.0014329545038589409
2025-10-07,462.0227355957031,464.64035622980737,460.4561332041108,463.5893379872954,7368700,-0.0018637471543392348,-0.0018654860920295756,0.0023335736205949893,0.004400254400382791,0.005952514518522339,0.007982131700346118,0.024334259839188466,0.05229999204148994,463.5496826171875,-0.0032940309933193745
2025-10-08,462.1218872070313,464.1644343447126,460.9915297231756,463.3612983468408,4621200,0.00021460331643718966,0.00021458029243943535,0.0023445052303270753,0.004356297135100828,0.005934782417895125,0.006543646076122345,0.02050524910061924,0.04785830934455282,463.5496826171875,-0.0030801345868578522
2025-10-09,459.5736083984375,462.8258217199994,458.6911332236589,462.2210036637151,5411000,-0.005514300186029053,-0.005529560063518077,0.0033462112293231104,0.004422580390723852,0.0059153683879778485,-0.0005176176156445056,0.019507817770512803,0.048963564533622606,463.5496826171875,-0.008577449986161612
2025-10-10,451.0167846679688,462.5482716075888,450.8680613719976,461.17995676652777,9309100,-0.01861904942776904,-0.0187945659770886,0.0076832610821804875,0.005367823020054071,0.006396158405300708,-0.020225666901926842,-0.012448932421236125,0.027094341699691826,463.5496826171875,-0.0270367954486741
2025-10-13,456.7775268554688,457.6500771298079,454.1797259762702,454.3482992034287,6272500,0.012772788914587663,0.012691904861406676,0.009661870328635625,0.005970960712569239,0.006440674294507477,-0.009524657814625859,0.005826294428762813,0.050682821277335144,463.5496826171875,-0.014609341815279175
2025-10-14,458.7903442382813,461.2790915436749,450.7093894839879,453.1584671595137,7827400,0.004406559571065394,0.004396879115356761,0.009581425928138959,0.006032426154652917,0.006434648361360465,-0.010267159179217056,0.008611644609498592,0.05004028370062463,463.5496826171875,-0.010267159179217056
2025-10-15,458.7903442382813,462.9845225192523,456.35119153498783,460.7337627340041,6187100,0.0,0.0,0.00959674056433136,0.00598823325957074,0.0063941967823744755,-0.00884688185455662,0.011447715943410097,0.043295069942129505,463.5496826171875,-0.010267159179217056
2025-10-16,455.6670837402344,460.3371770516159,453.96165257905614,459.4448069663741,8149500,-0.00680759858456137,-0.006830875986092098,0.009830315046615794,0.006086297728832653,0.0064371041948614914,-0.01375614524093527,-0.0008389412196440071,0.04035139218329986,463.5496826171875,-0.017004863065482434
2025-10-17,458.022705078125,459.3418701549083,455.1859901258333,455.5628728125782,8439900,0.005169610494036636,0.005156293932281236,0.010182997621646756,0.006158860215987098,0.006462139220951235,-0.008870348369952596,0.0013521951671249255,0.045305062725318646,463.5496826171875,-0.01192316108999869
2025-10-20,463.2200927734375,463.7259528576003,459.6593063492716,459.6791629921157,4556600,0.01134744552549205,0.01128354620717466,0.010964289441064843,0.006598259538401164,0.0065913239369864715,0.007934494732427355,0.009153576104326211,0.05355539989277602,463.5496826171875,-0.0007110129854671632
2025-10-21,465.4022521972656,467.4157341489825,463.1110496408042,463.2697514534119,5951600,0.004710847948677932,0.004699786629671512,0.0066324766601591045,0.006660059516150994,0.006460614987856508,0.03189563674417828,0.012311254143258399,0.0461748452257742,465.4022521972656,0.0
2025-10-22,461.9901428222656,465.421981782042,460.70073248323257,465.39222709019566,7604700,-0.007331527423622641,-0.007358535157063444,0.006810731732679516,0.006867234607856418,0.006469336765013277,0.011411717215339623,0.0066262415683333575,0.04570525334766051,465.4022521972656,-0.007331527423622641
2025-10-23,463.4879150390625,464.1623749713882,461.07766366884,461.7620519225822,5144200,0.0032420003761273186,0.003236756423781465,0.00674586681406681,0.006820330673799082,0.006461539046216981,0.01023903589030506,0.013942367488625429,0.04463283092607506,465.4022521972656,-0.00411329586216036
2025-10-24,468.3678283691406,469.389446505588,465.4616757431352,466.1956450054556,7228900,0.010528674366119928,0.010473633872711123,0.007494222063916559,0.007074368940645106,0.006571758148229804,0.02087551373113694,0.028163860389776252,0.05723233072632783,468.3678283691406,0.0
2025-10-27,471.4823303222656,471.75012257574826,469.8556596200892,470.8971344777331,4720200,0.006649692324021794,0.006627680646724968,0.006174957574585268,0.007090337696044018,0.006578637800740925,0.03470789781920525,0.028619865999736982,0.06869643040452322,471.4823303222656,0.0
2025-10-28,473.2676696777344,475.5092909056669,472.9403680365758,474.9042384220715,9435500,0.0037866516741962286,0.003779500356093923,0.006187094793074839,0.007109888129040563,0.006556692405528604,0.03328429885808615,0.03082017752161681,0.07689160952087248,473.2676696777344,0.0
2025-10-29,472.4940185546875,476.4813292637118,470.6293103004155,474.7554661617408,10006500,-0.0016347009792020417,-0.0016360385607437293,0.005797549492203673,0.007142059541701328,0.006467593304688311,0.0200205602605108,0.027581738153183544,0.08348717980298925,473.2676696777344,-0.0016347009792020417
2025-10-30,471.1450805664063,476.2432431054202,470.0540246862994,470.2424811687392,9338300,-0.0028549313542792776,-0.0028590144439436006,0.006090692635680771,0.007200085140286254,0.0062384843925789675,0.01233949415162372,0.023500394656537527,0.09430420324304567,473.2676696777344,-0.004484965374400907
2025-10-31,471.7997131347656,473.2775800284258,469.56802031287936,471.9881393475511,7990900,0.0013894500767626106,0.0013884856842182075,0.004637375184636859,0.007198585370363152,0.006028887015198039,0.02123328920520695,0.02304941647880354,0.08071977087523097,473.2676696777344,-0.0031017469331220404
2025-11-03,469.6175842285156,472.42454444572064,467.4652272448658,472.28569930411714,4858700,-0.004625117068748019,-0.0046358460172418355,0.005454567368987705,0.007239925924698386,0.006064517921431883,0.01322508956665347,0.013090078235128866,0.07735498382157302,473.2676696777344,-0.007712518059186713
2025-11-04,467.0685424804688,468.8638130953404,464.9856229589519,466.59246734590965,6013300,-0.005427909502652817,-0.005442694127443854,0.004492772362444642,0.007348907622707539,0.00612095466829057,-0.0027740715949597927,0.009037021116402366,0.06949497781368952,473.2676696777344,-0.013098564711776728
2025-11-05,469.2605590820313,470.6987733662672,466.5726172826788,466.9693566568313,7030200,0.004693136878628712,0.004682158447202072,0.00401770049361188,0.007384702170258207,0.0060857410405995085,-0.004712310721624924,0.015665513682992627,0.08001243753401677,473.2676696777344,-0.00846690119025384
2025-11-06,465.4617004394531,469.5878562173184,464.0433429040447,468.2488344431525,7125200,-0.008095414304601922,-0.008128360098020482,0.004320759054119696,0.007634189287133016,0.0061781760525989405,-0.016493772421844577,0.0072271262731289365,0.06593622014787837,473.2676696777344,-0.016493772421844577
2025-11-07,466.0369873046875,466.1262816600427,461.0776696160788,464.46985623356727,8604400,0.0012359488754740688,0.0012351857194125375,0.004532666890547975,0.007515189659255143,0.006140042867228161,-0.013665847601100678,0.014063860039252862,0.07188638906925893,473.2676696777344,-0.015278209005847643
2025-11-10,469.9647521972656,470.3416651554019,465.6303137172397,468.0603610343084,5636600,0.008428011079751885,0.00839269369251302,0.005945313721998656,0.006251574217059363,0.006091530638034424,-0.0025052333513101432,0.042011668242559974,0.0695684611659777,473.2676696777344,-0.006978962840875735
2025-11-11,475.5092468261719,475.95556720455977,470.1432620802432,470.4011562561581,4839100,0.01179768185376373,0.011728631761949073,0.00753881140268448,0.006170499357962384,0.006121997822049158,0.007862517903538091,0.04100840971677244,0.07077321002428438,475.5092468261719,0.0
2025-11-12,478.8320617675781,480.45870226546594,476.5805121147209,476.5805121147209,7066900,0.00698790815022976,0.006963605869127279,0.007332690267826355,0.006247454400145543,0.006162535028663788,0.01962123618986711,0.04368382591523723,0.07887972424235246,478.8320617675781,0.0
2025-11-13,470.8772583007813,478.4848645026492,470.3615001886756,477.4830727027637,8722300,-0.01661292988074392,-0.01675247223060129,0.010115690886891465,0.007455853780723573,0.006559334268509056,0.008154511541465626,0.02634517969764083,0.05945539384648635,478.8320617675781,-0.01661292988074392
2025-11-14,467.9612121582031,470.1929051522648,465.055059212784,467.5446464167714,10940200,-0.006192794600234253,-0.0062120494882527,0.010324665952862295,0.00742370617206143,0.006616150215361011,-0.0027689242121050617,0.02698050584882128,0.05401979714548655,478.8320617675781,-0.02270284401851863
2025-11-17,462.5257873535156,468.5166210059794,460.7602715618885,467.0387541002513,7599500,-0.011615118226614762,-0.011683100640888783,0.010837684646503582,0.007875487336134912,0.006800213111067276,-0.006307528810996943,0.009831569975603083,0.04122077483468378,478.8320617675781,-0.034054266027777946
2025-11-18,457.5466003417969,460.3238361813532,455.79101292085954,458.4095469750751,12817500,-0.01076520952530824,-0.01082357363925304,0.011387450966034723,0.0078301461721864,0.006950908494102173,-0.01821826849408359,-0.012247941141049656,0.029851352170053858,478.8320617675781,-0.04445287424406652
2025-11-19,458.0029296875,459.6295701948836,455.6819725765629,457.75496379612713,5833400,0.0009973396051075056,0.0009968425923964045,0.01050367648687935,0.00774670832888692,0.00693559843053422,-0.025452595016625224,-0.015898768162018517,0.03412333306299398,478.8320617675781,-0.043499869251003576
2025-11-20,454.3727111816406,465.213772825652,453.98586985692987,462.8432346140147,13414200,-0.007926190577724701,-0.007957769805601932,0.008029841048514591,0.007773071801122467,0.006583702811356602,-0.04445031465867155,-0.016488299066492296,0.006403000427601224,478.8320617675781,-0.05108127157493869
2025-11-21,459.3839416503906,462.6115564691727,454.69645060897193,456.37481273932906,11821400,0.01102889840307042,0.010968523609118352,0.00921452871296051,0.008150237784556615,0.006644973378809085,-0.04061574332636786,-0.008854542385050124,0.02552005154206194,478.8320617675781,-0.04061574332636786
2025-11-24,461.2410278320313,462.6611709896027,457.83466029496,460.5557779965135,6206800,0.004042557898234156,0.004034408716031687,0.008478600886419047,0.007832405476677778,0.006651935630506052,-0.02046442103303847,-0.015216246944041556,0.026448704343277507,478.8320617675781,-0.03673737692211054
2025-11-25,467.93463134765625,468.64967339319446,460.2578929097021,462.37319658317904,7203600,0.014512159829074278,0.014407866243516327,0.010513410394522795,0.008370750776241033,0.006875439003282654,-5.680131142560274e-05,-0.00752456401109336,0.037828080269953546,478.8320617675781,-0.022758355778630834
2025-11-26,471.082763671875,472.5128476205698,468.6794188863974,468.947578568889,5689100,0.006727718175404407,0.0067051880738121915,0.00934556999211097,0.008467053174889834,0.006917390352694221,0.01850053889388681,-0.004616639051949534,0.043071911933616036,478.8320617675781,-0.016183749407040704
2025-11-28,473.893310546875,474.3203415535487,471.5495801133697,471.5495801133697,2281800,0.005966142452534351,0.005948415497401635,0.00724286162966678,0.008563939987598877,0.0069429430230056495,0.03572687501746663,0.0029615020238094036,0.05090550507808467,478.8320617675781,-0.010314161508884867
2025-12-01,470.0598754882813,473.6648776365802,469.6924288221248,471.0728390253108,4413900,-0.008089236486942375,-0.008122131879590745,0.00874805745516851,0.008731099482095842,0.0069893247491026435,0.02632504077868636,-0.0023033352631430803,0.04810359178203161,478.8320617675781,-0.01831996430421734
2025-12-02,471.9865112304688,473.17822767937577,469.8612365868137,470.9437252418737,5233500,0.004098702830540812,0.00409032602963831,0.007097663439786341,0.008773708888177955,0.006998925712882101,0.0387650922147631,0.0003959266835116271,0.0532120130307463,478.8320617675781,-0.014296349563225563
2025-12-03,476.1079406738281,476.872626184853,471.4005983737853,471.5594696610427,5994200,0.008732091585869073,0.00869418736970674,0.006846473842922388,0.008900667012401916,0.007005495312484641,0.03640527564667284,0.013820514101861914,0.05359906911660617,478.8320617675781,-0.005689095011086054
2025-12-04,475.7702941894531,477.91542029223706,474.2111006788946,476.40587027136274,4003800,-0.0007091805356095326,-0.0007094321230799,0.0072000225192109454,0.008797417227139621,0.006974898440728004,0.03150037720129473,0.018630566860212472,0.05761862630422887,478.8320617675781,-0.00639424095124852
2025-12-05,476.7236328125,478.6105398703026,475.98873950651057,476.17743324302864,4596600,0.0020037792075082717,0.0020017743197402603,0.005682479363242098,0.008759179985409114,0.006972740487859346,0.018782541141550757,0.015903901544736643,0.05692709891262471,478.8320617675781,-0.004403274390806233
2025-12-08,474.8565979003906,477.2102689926292,473.5556233278252,477.1804768385773,4427600,-0.003916388413753524,-0.003924077545173108,0.005839453152442299,0.008593158130360459,0.006987588243682506,0.008010979215415048,0.020184039743909254,0.04862735166298693,478.8320617675781,-0.00830241787175301
2025-12-09,473.1385192871094,476.9719177637358,472.8107752947765,474.7771483266382,4266900,-0.0036180999082203735,-0.0036246610624151143,0.005643737452616661,0.008651221226204391,0.006977212686801212,-0.001592745124202266,0.015238129538801992,0.049599912803027335,478.8320617675781,-0.011890478802633608
2025-12-10,478.0345458984375,479.4248968656764,472.0857834308489,472.8504991933638,5476200,0.010347977202754599,0.010294803399602722,0.005658133451569725,0.008745978999225796,0.0069060808002798955,0.016965222572703942,0.017171061581623848,0.04670944006900268,478.8320617675781,-0.001665544003458419
2025-12-11,484.5096435546875,485.01614047441103,478.6403468231931,478.8787143599108,6972300,0.013545250467370318,0.013454333636346107,0.00707454164547793,0.008862911140196477,0.007041676285148003,0.026532818261205904,0.018927911052391888,0.0668925477715352,484.5096435546875,0.0
2025-12-12,482.0566711425781,486.28733894742777,480.8351624944704,485.33395969118703,7089900,-0.005062793784892938,-0.005075653146572626,0.007376620325946701,0.00884121496782966,0.007083185727823671,0.012494499588330488,0.0067343221819704535,0.05976069021970254,484.5096435546875,-0.005062793784892938
2025-12-15,481.8282775878906,484.3706424912198,480.37831189987264,484.2216514096953,4891300,-0.0004737898433107013,-0.0004739021171827275,0.0073638080987709145,0.007948753000662568,0.007069356248274879,0.012733000509748571,0.023256632368756636,0.06223706964091669,484.5096435546875,-0.005534184927929564
2025-12-16,478.6602478027344,482.1361406387903,477.0215883626894,481.12314675841634,5373200,-0.006575018388326859,-0.006596729039343134,0.008015542504829293,0.007966765387181092,0.0071095067240742405,0.004062343162660076,0.0228630821669773,0.049579170970559305,484.5096435546875,-0.012072815948590887
2025-12-17,476.4952087402344,481.45085909520265,476.1873463910281,479.48448608094265,6381600,-0.004523122762833398,-0.004533383033262329,0.008075660285613623,0.007539346247011016,0.00713513503196116,0.0034507488094068783,0.030202470367434175,0.04173770856461223,484.5096435546875,-0.016541331882795718
2025-12-18,477.2003784179688,481.29199605141,476.1079488781226,478.8588589084518,6422800,0.001479909272537716,0.0014788152860111096,0.007867463466021843,0.007002172328144762,0.007126576771460606,0.008584925904953966,0.04295470245323685,0.03961049166830444,484.5096435546875,-0.01508590228069151
2025-12-19,478.87640380859375,480.5186009476933,478.1598048276483,478.3489094457709,6439100,0.003512204655372164,0.003506051268362127,0.006916504886417172,0.007005168130933927,0.007134838847322782,0.0017610817405968593,0.045574979477393196,0.04161931024264853,484.5096435546875,-0.011626682401540078
2025-12-22,481.1754455566406,482.14086312544,479.58300013538593,479.58300013538593,4162000,0.0048009083967432975,0.004789420788656927,0.004480203005979542,0.006630566710611813,0.007146830036848718,-0.006881592641964751,0.05898843331787429,0.048428928237958635,484.5096435546875,-0.006881592641964751
2025-12-23,481.94183349609375,482.82761210146174,479.90150232935525,479.90150232935525,3677800,0.0015927411644343081,0.001591474097453936,0.004163738120280306,0.006355784111962475,0.007121270116891579,-0.000238224369371709,0.04910465908899919,0.05431280469449584,484.5096435546875,-0.005299812073408017
2025-12-24,484.7086791992188,485.2660305298647,481.3048267975022,481.9019976155856,1544000,0.0057410365957524245,0.005724619648715596,0.0046827371322458716,0.006389723769917176,0.007125604421200764,0.005978066762183376,0.050879366645878,0.06403539394494828,484.7086791992188,0.0
2025-12-26,484.7286071777344,485.31581557110337,483.4347622938192,484.53950256607993,2711500,4.1113310676577086e-05,4.111246554758365e-05,0.0034324324949648087,0.00576643845559959,0.007095404945941009,0.012677801014093992,0.035889576673800105,0.057518899214310304,484.7286071777344,0.0
2025-12-29,482.3001708984375,484.60921552876897,481.4641437819466,483.5940462530386,3390100,-0.005009888509440619,-0.005022480073371356,0.0035836349709945973,0.005822942146029592,0.007133765503217959,0.012182624403612285,0.023811967007937085,0.0504937895351516,484.7286071777344,-0.005009888509440619
2025-12-30,481.3048706054688,482.3797842505304,480.5385200494204,482.33000229336017,3042700,-0.0020636532040091415,-0.0020657854702928165,0.003865201287155688,0.005753224826648207,0.0071422877596358705,0.008601192231044275,0.015639722894676078,0.04674361176302799,484.7286071777344,-0.007063203040975408
2025-12-31,478.2991638183594,481.5238440860893,478.0901342651746,481.36459649129887,3441900,-0.00624491246749348,-0.0062644934971338335,0.0045955919762181874,0.005624092265699005,0.007196211367902759,-0.0012054049555240143,0.017528167707399733,0.03904169463780227,484.7286071777344,-0.013264006423737928
2026-01-02,481.34466552734375,481.66316069283647,476.1194738136268,479.5730779326755,7021100,0.006367357376650062,0.006347171398912071,0.00490530627073753,0.0057108799995144,0.007230997584203204,0.00035168039488664427,0.0198271647053605,0.04374666936745819,484.7286071777344,-0.006981105716234004
2026-01-05,487.4556579589844,489.714950869956,481.9617527852424,482.1210003752109,7574400,0.012695668757325196,0.012615754421238008,0.006880652297800989,0.006037085745063859,0.007366918397492134,0.011440850492044463,0.02383433737546148,0.051571549368396585,487.4556579589844,0.0
2026-01-06,492.2727661132813,492.7803658898821,486.6494705747397,487.0177173250694,6061400,0.009882146356586574,0.009833637269079779,0.00744613573622153,0.006311105271271956,0.007448455613466398,0.015605429072487409,0.03468579717012954,0.06348726218582357,492.2727661132813,0.0
2026-01-07,487.6447448730469,493.9050307446106,487.1869270518628,493.3078598972477,5603700,-0.009401335110968634,-0.009445806609009571,0.0086658838523157,0.006753795769528488,0.007555051828915593,0.006016021444022579,0.022908686099986753,0.055456165472697716,492.2727661132813,-0.009401335110968634
2026-01-08,490.20263671875,491.1879489320552,485.504939016196,485.504939016196,6544800,0.005245400207007256,0.005231691014578283,0.008363962287178072,0.0067092591466495505,0.007574411716400225,0.016384953390316426,0.032317206681370614,0.06076481181497995,492.2727661132813,-0.004205248669098438
2026-01-09,492.6808471679688,493.357657014912,489.58555758028814,490.5310502754143,6004600,0.005055481679590912,0.005042745638597425,0.008167739407247005,0.006642678903343905,0.007545584904534536,0.023635697989486948,0.04130360789543075,0.07203903393170541,492.6808471679688,0.0
2026-01-12,493.55670166015625,493.994624943834,487.7343387791725,490.0035638066966,5722400,0.0017777319683158765,0.0017761536730873675,0.00708453021002857,0.0063581126431376325,0.007109397580715596,0.031899570386016984,0.03247078248821067,0.09432003073567352,493.55670166015625,0.0
2026-01-13,489.6154174804688,493.61641066953206,488.3116101089069,493.20834441511903,5966400,-0.007985473941353294,-0.008017528600193974,0.008412455897042198,0.006054472306889221,0.0070573168266484755,0.017182598136958438,0.01053802332668119,0.0718903376246669,493.55670166015625,-0.007985473941353294
2026-01-14,489.2571105957031,489.6154252722882,486.2414295501743,488.341474905245,6767800,-0.0007318129126927531,-0.0007320808184749263,0.007123539044179995,0.005927339644741651,0.007048491054381242,0.00369562360658926,0.014936914857040406,0.06640672965339989,493.55670166015625,-0.008711442981101825
2026-01-15,492.1434326171875,493.4870291308008,489.8841396641943,490.0433872571248,8519900,0.005899397186011512,0.005882063879729097,0.006373394674210288,0.006025346075046853,0.007073520254799752,-0.0002627273028222854,0.0214083637451421,0.07269788651346087,493.55670166015625,-0.0028634380572991613
2026-01-16,491.2662963867188,493.8350216382129,490.1212916863094,492.341568951807,5845500,-0.0017822776295197684,-0.001783867775963286,0.0050087523314716635,0.005809941965107291,0.007010514854759197,0.007426618561458653,0.026336109258815243,0.07812548660367735,493.55670166015625,-0.004640612245225939
2026-01-20,482.7635498046875,486.9252972102244,482.1362948332346,484.04792758507335,7416300,-0.01730781583139185,-0.017459347071040226,0.00814552395814459,0.006994672679602364,0.007369013290492501,-0.015175534272637181,0.013155097783722702,0.054016633787494106,493.55670166015625,-0.021868109214532527
2026-01-21,488.65765380859375,490.7584594926968,483.4405360465825,483.5500716982391,6718600,0.012209090778064757,0.012135160964845031,0.009531543439966022,0.007436528144323096,0.007389558904535301,-0.00816592198073296,0.02400935939868387,0.05491463222774717,493.55670166015625,-0.009926008167012612
2026-01-22,491.53509521484375,493.8449759403388,490.3104531028094,491.3160542773508,5087200,0.005888460732832668,0.005871191507539451,0.009861582891466802,0.007492031579476757,0.007400897007312118,-0.004095996343505215,0.026434151496238067,0.05615108842769723,493.55670166015625,-0.004095996343505215
2026-01-23,488.7870788574219,489.9818530004134,487.4230637812005,489.6732085839415,4915700,-0.005590681894689031,-0.005606368248977194,0.00959844380099752,0.00758969566988574,0.0073728852425344335,-0.0016918148274609468,0.01581883151160346,0.0580032636009411,493.55670166015625,-0.009663778825595881
2026-01-26,491.9034729003906,492.6900331335372,489.3247816489165,489.7628635217293,3722800,0.00637577010066126,0.006355530860083642,0.009904154080063395,0.007686608062263577,0.0073993129029519145,0.0054089398955599055,0.020669796045786892,0.0613080879550727,493.55670166015625,-0.003349622757030213
2026-01-27,487.9208984375,489.44421881198855,486.4274458984183,488.54815336541344,5971400,-0.008096251972787072,-0.008129204603178475,0.010116637418020845,0.00785145122158967,0.007383375030121467,-0.008579885252623098,0.006627113101395299,0.04174725265918311,493.55670166015625,-0.011418755339962616
2026-01-28,487.9906311035156,489.2451410388357,486.7958568427945,488.13997029001285,4726500,0.00014291797346444035,0.00014290776166382574,0.010123899508155634,0.007851286297494965,0.007343872145736073,-0.006667799739766056,0.006729588222106342,0.035013614974640284,493.55670166015625,-0.011277469311870902
2026-01-29,488.0702209472656,490.7982814868648,483.7691008737117,487.9407835367996,9706500,0.00016309707333928003,0.00016308377445760025,0.007114082457255796,0.007755315410414602,0.007332477670274125,0.010992277989349208,0.011963607721887426,0.03127733462040805,493.55670166015625,-0.011116211560771028
2026-01-30,486.8953857421875,488.3390686545562,482.444896050236,486.9750231735408,8112100,-0.0024071028197498734,-0.0024100045491849595,0.005419051773695503,0.007761562400262115,0.007336775325895649,-0.0036063449588298324,0.011615330486238307,0.030479469838692097,493.55670166015625,-0.013496556516327973
2026-02-02,491.8735961914063,492.6501903365911,484.8543810477886,486.7361155446563,5584500,0.010224394387370106,0.010172478837239892,0.006425737961033405,0.007868911206123267,0.007424743322092024,0.0006886608501770475,0.02838063162117921,0.043996035361507646,493.55670166015625,-0.0034101562456523293
2026-02-03,490.1611022949219,494.3527174611926,486.1486941502503,490.9874964240255,8799100,-0.0034815731312767273,-0.0034876479109691993,0.00615739935713849,0.007849215062778697,0.007442902213327136,0.0028110878886402624,0.01831626565949196,0.03891776245084633,493.55670166015625,-0.006879856668570716
2026-02-04,492.5904541015625,494.3328154854488,488.96632783858087,491.7640903571855,8797100,0.0049562313191855445,0.004943989636486415,0.005948278799787697,0.00743832796986626,0.007431599279409796,0.0013965772535031729,0.010533873304656938,0.0489182488998714,493.55670166015625,-0.001957723510477405
2026-02-05,486.7759399414063,491.2861655395914,486.0989153940921,490.360232227732,7767500,-0.011803952171101861,-0.011874171942077138,0.006900520280017236,0.0075784200695047646,0.007559890703247998,-0.0023466067958152204,-0.011166220336085164,0.042193801698305444,493.55670166015625,-0.013738566806897334
2026-02-06,498.843017578125,499.4802385814554,489.9818718931042,490.2208145771682,10635300,0.02478979885113297,0.024487517268186106,0.011754219257850194,0.009093432630858711,0.00813397109514593,0.022238923829476676,0.02296399750599898,0.06304058145002212,498.843017578125,0.0
2026-02-09,499.0321960449219,499.9680954134229,496.1348944319287,497.9270253504706,6414800,0.0003792344688220428,0.00037916257760604855,0.011745174626357553,0.009044949424800571,0.00805072040783392,0.02245983185858136,0.018012060043727907,0.07212300297483987,499.0321960449219,0.0
2026-02-10,499.709228515625,503.0943816290567,499.07203787967546,500.1473103710025,8163100,0.0013566909631661517,0.0013557714895151582,0.011527885106382989,0.008995643067064407,0.008050758505248405,0.026317445489661084,0.014265586714110823,0.07225229354794349,499.709228515625,0.0
2026-02-11,499.1417236328125,502.9151891113685,496.9513446771424,502.0091575381864,5743800,-0.0011356702066485092,-0.0011363155687162288,0.011265163006100578,0.009000867797531285,0.00800112875678721,0.014776413081904582,0.011315866958892862,0.06208331858747562,499.709228515625,-0.0011356702066485092
2026-02-12,492.51080322265625,502.3377162980733,492.1623248785156,500.9338672323893,9160300,-0.013284644613348773,-0.013373674873987806,0.012611096700511568,0.009321418704799925,0.00807823825534909,0.004793731931671319,0.005913591849470157,0.03575441804752022,499.709228515625,-0.014405227844903945
2026-02-13,493.1181335449219,495.6072212062463,489.0559558507636,492.8791908524334,8378100,0.0012331309654360911,0.0012323712839075423,0.012482037503089563,0.009320172934634979,0.00803715647872542,0.0010712335957094865,0.007891603137903713,0.029835244792522086,499.709228515625,-0.013189860411987664
2026-02-17,493.6856384277344,495.3981319041629,489.96194273360646,493.1678887632795,6779400,0.0011508497542624951,0.001150188034328874,0.011307397116324294,0.009237715017765973,0.007733004808200323,0.014194823366084686,0.00313365110318653,0.04843805837907711,499.709228515625,-0.012054190205339155
2026-02-18,494.8306274414063,497.160409848024,492.490878961137,494.611586511671,4454300,0.0023192674134058233,0.0023165820639658658,0.005460162157170306,0.009237300527228475,0.0076834048054611895,-0.008043392400677085,0.007255395049290625,0.05741803932698475,499.709228515625,-0.00976287968247147
2026-02-19,492.2220458984375,494.3228212054971,490.2606436942631,493.3968879294292,4625400,-0.005271665491800359,-0.005285609748222143,0.005613661288965309,0.008422061329990353,0.007557069845744871,-0.013646714982436414,0.01959239900687737,0.06420454676665321,499.709228515625,-0.014983078538349237
2026-02-20,494.5278015136719,495.4449363106715,489.8525040466701,490.9988997263509,6086800,0.00468438103178781,0.00467344346282217,0.006063015733461982,0.008072250389839533,0.00741798162912669,-0.010368883955464314,0.012012802131157185,0.08082499387876396,499.709228515625,-0.010368883955464314
2026-02-23,486.4830627441406,495.4349455219512,485.625737800685,492.9527462818096,8269200,-0.016267515688516587,-0.016401284429128422,0.008232488635427884,0.008764641379707564,0.00773982708625189,-0.025360855022378503,-0.010278070721470911,0.06218329886246132,499.709228515625,-0.026467723661562914
2026-02-24,490.2512817382813,491.3079627458471,485.9248645064925,486.8619258410649,5335000,0.007745838000782657,0.007715993014828634,0.007956288099211405,0.008856630749038188,0.007700470565703252,-0.004587760247268036,0.0029955842619286965,0.07896286390821095,499.709228515625,-0.018926900360512255
2026-02-25,493.2717895507813,493.5808171733925,490.36091240820224,492.0855104489792,4446200,0.006161142102046435,0.006142239865889067,0.00835651555773849,0.008849243826902465,0.007624675007505698,0.0003116008019312666,0.0027816771496300685,0.07376802893598033,499.709228515625,-0.012882369581138087
2026-02-26,493.3116455078125,496.651169963831,490.6998479474096,495.4449643836184,6467000,8.079918186165713e-05,8.079591778358442e-05,0.0083433236341571,0.008644895120008076,0.00761684208073464,-0.000757552763967273,0.011048403721946709,0.06953114692880313,499.709228515625,-0.012802611284199017
2026-02-27,488.1278991699219,489.413871387858,485.2369791076141,488.0979942542532,7198400,-0.010508055881296885,-0.010563655338293796,0.00910305166582843,0.008976595613849517,0.007558094301726646,-0.013545500015109901,0.000281292421733248,0.04315403577655452,499.709228515625,-0.023176136610694953
2026-03-02,487.6494140625,489.4438003570796,482.6351534750174,482.82456142425787,7218500,-0.000980245358307874,-0.0009807261129864881,0.008982689585989806,0.008979352753708881,0.007521224883800084,-0.009289774552034169,-0.000862185125633963,0.035167175851426924,499.709228515625,-0.02413366366866665
2026-03-03,484.0008544921875,485.8650290383016,475.2383792646596,478.657639899742,11570700,-0.007481931619515603,-0.007510061669134439,0.008807638273039068,0.009114565112977964,0.007556548551132449,-0.02128686595427609,-0.005944873035894083,0.021328733114312826,499.709228515625,-0.031435028866884984
2026-03-04,486.2138977050781,487.4998699346628,482.4357781623153,485.03759711533286,7590700,0.004572395259947459,0.004561973616580828,0.006906595932701869,0.008870146616192256,0.007496256734228248,-0.0005532875852741759,-0.011506408414989955,0.03436588200602442,499.709228515625,-0.02700636698392478
2026-03-05,478.3386535644531,483.9709695316878,474.6601965518183,482.3062117315538,8758600,-0.016197077413451222,-0.016329683913225625,0.008204204527572713,0.009494876265718792,0.007772910358614908,-0.02429902504607362,-0.024119516369447425,0.013458313284047563,499.709228515625,-0.04276602018068121
2026-03-06,473.7430725097656,474.7399436280826,468.9879778052543,472.2377873860373,8206100,-0.009607379668029048,-0.009653828279110398,0.0072221620790429986,0.0095605829995506,0.00779320618142084,-0.039590176155827494,-0.03826176783342805,-0.0049670840623148305,499.709228515625,-0.0519625304559439
2026-03-09,476.384765625,477.8800722733975,465.2197971481287,469.4066679324784,10305600,0.005576214763921339,0.005560725233661373,0.008192747580851967,0.009403398674464575,0.007824789123335046,-0.03431275145630919,-0.02134693493202866,0.0012915296374140794,499.709228515625,-0.046676069921521735
2026-03-10,476.205322265625,481.35912866069737,473.5237366537955,476.24517520451616,6265600,-0.000376677367378786,-0.00037674832811842955,0.007937434346813144,0.007329221211583267,0.007820951845020555,-0.024425108510641613,-0.04538039927351423,-0.0010872348488728534,499.709228515625,-0.04703516546976294
2026-03-11,473.3244018554688,476.2751320258024,470.981748501448,475.9062945572724,6701700,-0.0060497442499166665,-0.0060681180948504165,0.007900479819472358,0.007351065598496326,0.007842826573158298,-0.029375637074374072,-0.0515153018045732,-0.0032266500069632054,499.709228515625,-0.052800358997835084
2026-03-12,466.0173034667969,470.0047877871088,465.9475151898896,468.86834015321614,8000200,-0.015437823108268911,-0.015558227090465329,0.008949930354136887,0.0078108813021481776,0.008068393286930473,-0.03715603156167757,-0.06742305950384231,-0.015051016837610787,499.709228515625,-0.06742305950384231
2026-03-13,464.9506530761719,470.62285206496847,464.32261941607686,468.4696068398249,7471700,-0.002288864346216224,-0.0022914878001318245,0.008006887344496245,0.00779902832258911,0.0079580411211167,-0.0437322847604078,-0.06849972450268027,-0.02737018262492985,499.709228515625,-0.06955760161304747
2026-03-16,468.8284606933594,471.2209756431295,467.5126139774954,468.5991998131718,7059900,0.008340256307914462,0.008305668551041041,0.008336739558440026,0.007848379819519982,0.007836928402475435,-0.019881715182802573,-0.04808491991309771,-0.03236505830158598,499.709228515625,-0.0617974735307496
2026-03-17,469.4266052246094,473.6433810222564,469.157460973646,471.8988565589079,6189400,0.0012758281149685136,0.0012750149378550385,0.007864662357669517,0.007849350266824427,0.007817964570397094,-0.009111409824504091,-0.04804432591030294,-0.026200375752570282,499.709228515625,-0.06060048836994558
2026-03-18,461.5513305664063,468.2802106556573,461.31209123163575,467.3032660018572,7090700,-0.016776370513628902,-0.01691868777422062,0.009063344332840405,0.008408789885632206,0.008085951476740409,-0.03113750927600034,-0.06509062723328918,-0.04208334787446255,499.709228515625,-0.07636020263737353
2026-03-19,459.6174011230469,461.9201710013782,456.72648092820725,458.5308152411493,7882800,-0.004190063629512575,-0.0041988665445770795,0.008888995357860877,0.008315939657239195,0.008063315921627012,-0.03483354840231179,-0.0711621802806236,-0.039783639370728485,499.709228515625,-0.08023031215907295
2026-03-20,455.4454650878906,460.1208941877642,453.0977505330974,458.2826920755358,10543300,-0.009076975817195687,-0.009118422560216286,0.009020221559375973,0.008398076619636615,0.008119159107902903,-0.03777311437460518,-0.07471542795979347,-0.044176191630542094,499.709228515625,-0.08857903937299472
2026-03-23,461.51953125,466.58459477690553,460.47056730699785,462.8482209436573,9978100,0.013336538900298844,0.013248390133469942,0.010190814889384921,0.009017191369291713,0.008305418457862262,-0.009651513330807715,-0.06674704670321618,-0.03286008954970765,499.709228515625,-0.07642383827704491
2026-03-24,460.7203369140625,463.4876249737124,456.993962977602,457.97301837724655,8188000,-0.001731658752930576,-0.0017331598070748687,0.010184341674968676,0.008511298758572178,0.008290862164770684,-0.00909841965834668,-0.05295708690197032,-0.037913889158314396,499.709228515625,-0.07802315702149054
2026-03-25,463.68743896484375,466.7843918129744,461.3496938330367,465.27588492212334,7019700,0.00644013691832046,0.006419487844382788,0.009907362353473283,0.008436744895690448,0.00831056880138662,-0.010965677554883202,-0.054184137324945425,-0.036344345401013056,499.709228515625,-0.07208549991718816
2026-03-26,458.8621520996094,464.9761799789035,458.4925177423312,461.0899887368072,8284000,-0.010406335086424967,-0.010460859588077381,0.010330485257052444,0.00834919096030704,0.008397629967330516,-0.022505015709420984,-0.06975796747368934,-0.04788893553618323,499.709228515625,-0.0817416891366024
2026-03-27,450.9498901367188,457.0539179920315,450.0507432848373,456.9140398638465,6938500,-0.017243222014904802,-0.01739361774633721,0.010433727647281477,0.008829675870845634,0.008607984104697706,-0.022969147151363667,-0.0858721981466436,-0.06964758526352877,499.709228515625,-0.09757542105785144
2026-03-30,451.61920166015625,455.67524038522976,450.000786172237,455.1557584038671,9181600,0.00148422593746389,0.0014831255628156696,0.010569631555753198,0.008790995248493881,0.008613012017343083,-0.01740186390538634,-0.07479330227149461,-0.06830503714305847,499.709228515625,-0.09623601909118051
2026-03-31,462.73834228515625,463.3677328453316,454.2266611787123,456.3645585944832,11656300,0.024620610868904436,0.02432240833557753,0.014127048174587965,0.010739957144635883,0.009185274683633112,0.016012624466154923,-0.051083977667101266,-0.040559447816162164,499.709228515625,-0.07398479779989242
2026-04-01,465.026123046875,467.4437462401139,464.0470676658505,465.5456050210685,7790300,0.004944005181029443,0.004931823721050193,0.013376124767035789,0.010790406263005198,0.009209853303470312,0.007597927193628395,-0.03920392137576023,-0.03382211266242863,499.709228515625,-0.06940657384250315
2026-04-02,464.6065368652344,467.0641296847886,458.43257004370514,459.7113207493405,3955900,-0.0009022851853816016,-0.0009026924896810021,0.013349907905233301,0.010693248702997545,0.0091806926676167,0.008435051895477219,-0.044440031315086115,-0.02862774595676476,499.709228515625,-0.07024623450453849
2026-04-06,466.3148498535156,466.5646060829376,463.00807981499474,463.7074094525046,2905300,0.0036769026105560876,0.0036701593286912254,0.013211923557230661,0.010254422165831582,0.009154834377933477,0.0056663404437640175,-0.025136592289457083,-0.03122464369135991,499.709228515625,-0.06682762045701385
2026-04-07,465.4257507324219,465.85532414582747,461.6594071413306,465.29587261027086,3943200,-0.0019066498126170117,-0.0019084697831031844,0.01236499882889491,0.010073387813709388,0.008999869141734737,0.014304074988053639,-0.017556608761117642,-0.0451936640120324,499.709228515625,-0.06860685339960881
2026-04-08,478.6927795410156,479.7317739840203,475.09628376739977,478.4130537857244,4697500,0.028505145638624274,0.028106433150011774,0.012528556037680348,0.011879240919794892,0.009636191399290369,0.06152100269031169,0.00484485248596811,-0.027586304803099093,499.709228515625,-0.04205735610894812
2026-04-09,481.43011474609375,482.7987740422606,476.5448986202519,477.0244110814947,4213700,0.005718354907510381,0.005702067179261015,0.012224485704942164,0.011936279855524664,0.009596551767432793,0.06600895837987464,0.010971722146260188,-0.012744175329052365,499.709228515625,-0.03657950009014033
2026-04-10,478.7826843261719,481.9296066701882,478.1632937649279,481.72981998246274,2659000,-0.005499096003410808,-0.005514271692455735,0.011161695807183365,0.01192156664303398,0.009594442169622993,0.03467260128430971,0.011531800281807003,-0.023296391200625544,499.709228515625,-0.041877441910798674
2026-04-13,481.6598815917969,481.80972922975445,474.6866767899065,475.6357626433386,3768700,0.006009401258264546,0.005991416821023171,0.011169119994925694,0.011384295195241131,0.009603824829034012,0.03576951427144914,0.0335665178280542,-0.02236938098877339,499.709228515625,-0.03611969900464573
2026-04-14,485.0166015625,485.49614450259054,481.39013620310703,481.939618205094,4217900,0.006969066968188775,0.006944895258846812,0.010857648386033213,0.01140399538649536,0.00964424592664165,0.04392978375847911,0.04315715733179282,-0.017303179288074233,499.709228515625,-0.029402352637691198
2026-04-15,484.2473754882813,486.60505973858426,482.38917322567687,486.0356386872354,3474500,-0.0015859788546218612,-0.0015872378504220748,0.011237880351126365,0.011336868504712612,0.00959483287898807,0.03845583223523508,0.03288817997977045,-0.010963792806629957,499.709228515625,-0.030941699982753534
2026-04-16,485.1564636230469,486.305336152332,482.8786880867197,485.3462807917258,4111500,0.0018773217590470903,0.0018755617928911837,0.01091079617109727,0.011336760590629134,0.009597823014979056,0.04239282605136396,0.03350866402408337,-0.008381374299626265,499.709228515625,-0.02912246575034605
2026-04-17,493.9476318359375,496.7660850270616,490.0897432585796,490.399600475304,10238700,0.018120274328079722,0.017958058819464096,0.007519625854361033,0.011057753468815322,0.009841207051014742,0.031867730090996194,0.07019002898285476,0.0036660028340831374,499.709228515625,-0.011529898490772683
2026-04-20,494.05755615234375,494.5073203529464,492.0386803757204,493.1780667501753,3764000,0.00022254245049757593,0.00022251769159964163,0.007658739427662064,0.01094983946189822,0.009838244925871528,0.02622902269607641,0.07493222611925576,0.005681765238435332,499.709228515625,-0.0113099219321392
2026-04-21,491.0892028808594,498.1053537653133,490.0497979726708,496.9659673649878,4322200,-0.006008112282709588,-0.0060262336090770524,0.007762686983609212,0.010792900332588546,0.0096155541637969,0.02570376698565746,0.07826126402661693,0.017245819572625498,499.709228515625,-0.0172500829339719
2026-04-22,494.4873352050781,495.86657953283856,492.9581796462044,495.0470241350738,4022400,0.00691958264259207,0.006895752198612347,0.007816080939740113,0.01059393429551677,0.009532775754394129,0.026631766737327034,0.07143317177885544,0.011929990968212456,499.709228515625,-0.010449863665833004
2026-04-23,492.7283020019531,494.8571330144563,488.24078625309113,492.2785378018504,4077300,-0.0035572866641679912,-0.00356362885349768,0.008109127550390274,0.010645035587651818,0.009516656634907581,0.01589986902429641,0.06947374040894805,0.002427510870994576,499.709228515625,-0.01396997716934023
2026-04-24,491.938720703125,493.2180140391408,490.4995118875124,492.7782540954392,3372300,-0.0016024679232349293,-0.0016037532482690428,0.008110441388836138,0.01066943949931257,0.009491538960944181,0.015883091172333774,0.06092742516672578,0.0064478828963121515,499.709228515625,-0.01555005865227288
2026-04-27,491.5589294433594,493.27798273773567,490.01980012803824,491.3290757213456,2132100,-0.0007720296121899173,-0.0007723277805240325,0.008193844662169622,0.010269477075953772,0.009458535790613433,0.013196703126451714,0.07125620885082773,-0.0007004289988028489,499.709228515625,-0.016310083158711963
2026-04-28,491.1492004394531,493.5478717412096,490.4995342424946,493.1880542705279,3057100,-0.0008335297750978743,-0.0008338773541993038,0.004000215284346097,0.009193485993636959,0.009401951226932378,-0.005665441468122756,0.08914363032785455,0.006616445436732343,499.709228515625,-0.0171300179938626
2026-04-29,488.4006958007813,491.21911845136407,486.7316027570299,490.6794380187099,3322300,-0.005596068641082197,-0.005611785294941294,0.004341243549284186,0.009421757507133671,0.00942976259393987,-0.011449800293749868,0.08144360116978189,0.0008403126435816421,499.709228515625,-0.022630225878428223
2026-04-30,496.3762817382813,497.3057618794697,490.1197524700015,490.709423650995,5352300,0.016330005272460202,0.016198104756516923,0.0075877371341045805,0.00864650564782322,0.009650104210444632,0.010766025452008554,0.0726932185628053,0.017018167539283535,499.709228515625,-0.006669772313879663
2026-05-01,494.7471923828125,499.65449023003305,494.6372676422031,498.56509456956,4402600,-0.00328196454061791,-0.003287361998987698,0.007362087386193212,0.008757833934648102,0.009654710776871883,0.0005255082572066527,0.0639126876167806,0.0161262703869256,499.709228515625,-0.009929846898269479
2026-05-04,489.2901916503906,494.05755183159175,488.7305027171965,493.22802268085167,3310400,-0.011029877109842157,-0.011091157229127896,0.008442894751488851,0.009248050177061696,0.009673642426999545,-0.006977700159689348,0.053128083284622596,-0.005252171616893175,499.709228515625,-0.020850199017104165
2026-05-05,492.6883239746094,493.3179816652721,489.7599460013229,491.6189368261728,3386200,0.006945024409250378,0.006921018809456564,0.008939569371615632,0.009296070533075022,0.009702920450387478,0.001523773673300255,0.056557225508427456,0.005155900106832423,499.709228515625,-0.01404997974896538
2026-05-06,498.7749633789063,499.8043945300743,496.6261543352945,496.7061273280462,4317300,0.012353934745590989,0.012278247612133666,0.010002497608317876,0.009464826976117481,0.009806506673980466,0.01467989594598218,0.07165313177022137,0.012555073339014955,499.709228515625,-0.0018696175363699385
2026-05-07,495.63671875,500.9238120895226,494.49733233813913,500.23418989303,4490500,-0.006291904885615263,-0.006311782341063969,0.010473414012698535,0.007725613682918086,0.009721491761579961,0.009136772098033985,0.035396270704627586,0.01820299255065949,499.709228515625,-0.00814975896627379
2026-05-08,495.8565979003906,498.2752472080264,494.6572469952624,498.2053089641564,3495200,0.0004436296627601255,0.0004435312882147874,0.010046167496737538,0.007673530611156981,0.009203709592451861,0.01526595306623113,0.029965892686014017,-0.0059866923510994985,499.709228515625,-0.0077097447783354145
2026-05-11,496.8360290527344,497.5656377314972,494.4873485335484,495.5267534311228,4249100,0.001975230654368554,0.0019732824513113423,0.007924557297779022,0.0075073735114752375,0.009207116480575908,0.0009262072572102653,0.037706761997816196,-0.004400852308915515,499.709228515625,-0.005749742648190392
2026-05-12,497.6156311035156,498.13533355504586,492.91820903883024,496.23638673129904,7445700,0.0015691334870935325,0.0015679036834593352,0.007784348866896828,0.00744488690846784,0.00920767084595275,0.005797786758299894,0.03312659019677522,-0.004189631274828298,499.709228515625,-0.004189631274828298
2026-05-13,496.8660278320313,497.3357395220554,494.36740564717553,495.88655695529457,3256800,-0.001506390122476664,-0.001507525868805208,0.005986090146824934,0.007367425160927309,0.00920851049288727,0.01548331912415235,0.024430970468552804,-0.004559217739239285,499.709228515625,-0.005689710178135687
2026-05-14,500.5239868164063,501.883253153364,498.57507980120175,501.1136884961716,4920500,0.00736206296964137,0.007335095261813611,0.006042845344084907,0.007457913194206189,0.009095924546003534,0.01590389392341418,0.03361218284706813,0.016270066648928827,500.5239868164063,0.0
2026-05-15,495.3699951171875,497.739990234375,495.0799865722656,497.3200073242188,5291900,-0.010297192212506912,-0.010350575074833404,0.005804449749867573,0.007895767758461118,0.009192272175443768,-0.0068266623461854525,0.02105203632219621,0.0045665762807736154,500.5239868164063,-0.010297192212506912
