Date,Close,High,Low,Open,Volume,daily_return,log_return,volatility_7d,volatility_21d,volatility_63d,momentum_7d,momentum_21d,momentum_63d,rolling_max,drawdown
2024-08-16,231.9900054931641,232.0200042724609,229.00999450683597,229.9900054931641,11924500,0.022387738526589374,0.022140811735288115,0.01119965391587525,0.011091957861832643,0.011097095992795156,0.05187033454142176,0.027504680429808914,0.0543562549662322,231.9900054931641,0.0
2024-08-19,231.6100006103516,231.77999877929688,229.7400054931641,230.1499938964844,5164800,-0.0016380226467286318,-0.0016393656726291592,0.010949651555293122,0.01020990664592644,0.010919795977004645,0.03392708490639995,0.044558720395020845,0.03554500947005512,231.9900054931641,-0.0016380226467286318
2024-08-20,232.4600067138672,234.00999450683597,231.1300048828125,233.7100067138672,9073600,0.0036699887797402297,0.003663270802502215,0.01091534089940077,0.010206382493425942,0.010918103886229763,0.0351799485267279,0.0480613323509369,0.0351799485267279,232.4600067138672,0.0
2024-08-21,232.1499938964844,232.8699951171875,230.47999572753903,231.69000244140625,5337400,-0.0013336178629831386,-0.0013345079227064104,0.009650487209859024,0.010232017387740539,0.010917700163583174,0.016374021165498798,0.0429957407974757,0.03532086839340143,232.4600067138672,-0.0013336178629831386
2024-08-22,229.3699951171875,230.3800048828125,228.25999450683597,230.3500061035156,5765400,-0.011975011209935715,-0.012047289256478088,0.011057465586741137,0.010621730120507137,0.010766963316680696,0.005744091785571559,0.034129810465616695,0.04206984908072564,232.4600067138672,-0.013292658984059846
2024-08-23,232.0200042724609,232.72999572753903,230.5200042724609,231.0399932861328,5418200,0.011553425520715921,0.011487194343258775,0.010883933845823198,0.010049900228415738,0.010520815879120364,0.025729475697342297,0.0627032580341369,0.07556092601298126,232.4600067138672,-0.0018928092088884574
2024-08-26,232.75999450683597,233.5,232.05999755859372,233.4499969482422,3151400,0.0031893380775309677,0.0031842629268955657,0.010883527358016556,0.00989935431710922,0.010523689774314046,0.02578110594646943,0.054978875744785105,0.07799183253379938,232.75999450683597,0.0
2024-08-27,233.38999938964844,233.47000122070312,231.57000732421875,231.69000244140625,4435600,0.002706671669018057,0.0027030152296240286,0.007151545910684655,0.009856785317848957,0.010458586987591051,0.006034716424564213,0.059322765209407935,0.06966403949843691,233.38999938964844,0.0
2024-08-28,231.75,232.0200042724609,230.72999572753903,232.0,4961500,-0.007026862307456638,-0.007051666972008083,0.0077343049553632495,0.009934981531119732,0.010425854874583418,0.0006044617645155625,0.0414793975836778,0.07212248368694585,233.38999938964844,-0.007026862307456638
2024-08-29,232.9499969482422,233.6100006103516,231.9199981689453,231.9499969482422,5524200,0.005177980359189593,0.005164620716356872,0.007869740339336784,0.009263481623826106,0.010437785525786038,0.0021078474585871643,0.028249807151943473,0.07563369381754503,233.38999938964844,-0.0018852669032817237
2024-08-30,231.2899932861328,232.8600006103516,230.5500030517578,232.52999877929688,5743000,-0.0071260085162319076,-0.0071515197828322195,0.008362598171429156,0.009393081904114834,0.010452782385549947,-0.003704504126478936,0.02444961203530971,0.07426841619937652,233.38999938964844,-0.008997840991505468
2024-09-03,230.2899932861328,230.5399932861328,228.5200042724609,230.3800048828125,6417900,-0.0043235765879541255,-0.00433295027353233,0.00700213861652157,0.009447637650006053,0.010428020188962763,0.004010978717923663,0.02196679252989675,0.060169376631897364,233.38999938964844,-0.013282514724806682
2024-09-04,230.42999267578125,231.05999755859372,229.3800048828125,229.7899932861328,4696000,0.000607926500195255,0.0006077417877377091,0.0051142613869460075,0.008908860611456517,0.010350013001156507,-0.0068529073674721275,0.03573353605228502,0.07042313421489399,233.38999938964844,-0.01268266301730181
2024-09-05,232.3500061035156,232.88999938964844,231.3300018310547,232.72000122070312,4838100,0.008332306942507417,0.008297784905919918,0.006088170308716809,0.008729780192939959,0.010300712861327202,-0.0017614212622277803,0.052786630341483454,0.06670644702380057,233.38999938964844,-0.004456031915902936
2024-09-06,230.6300048828125,232.75999450683597,229.6199951171875,231.8300018310547,6315800,-0.00740263040895639,-0.007430165851405642,0.006461394763636873,0.00897170038710573,0.010323068230582799,-0.011825675967495397,0.04570392968296244,0.0510413917006316,233.38999938964844,-0.011825675967495397
2024-09-09,231.6000061035156,231.6199951171875,230.38999938964844,231.25999450683597,3548800,0.004205876079289794,0.004197056104325384,0.006305159149785798,0.008440745062115338,0.009209876231041697,-0.0006472228543016323,0.03388246856301769,0.09451795568576649,233.38999938964844,-0.007669537215878819
2024-09-10,232.6199951171875,232.7400054931641,231.1199951171875,232.38999938964844,4378300,0.004404097525006145,0.004394427867848139,0.006203660961150404,0.008461056406917277,0.009165150343601854,-0.001416620885932085,0.035892401345839486,0.08935095265966608,233.38999938964844,-0.0032992170807431
2024-09-11,232.25,232.8699951171875,231.08999633789065,231.72000122070312,4637300,-0.001590555949419148,-0.0015918222264343484,0.005482460050348548,0.007706844773003585,0.009170879533595322,0.004150662552355078,0.016811857082981385,0.08452022703425688,233.38999938964844,-0.004884525440805976
2024-09-12,236.3300018310547,236.4499969482422,234.4199981689453,234.6300048828125,9930200,0.017567284525531468,0.01741476344611925,0.007909104741656531,0.008501132959672888,0.009395315344788229,0.026227837600469428,0.03626240621324306,0.10064269973685125,236.3300018310547,0.0
2024-09-13,238.67999267578125,238.97999572753903,237.75999450683597,238.1300048828125,7455100,0.009943683944142245,0.009894570827460453,0.008079780168028535,0.008364969413987683,0.009370014239258989,0.035802631003889696,0.055172395649477624,0.12072118752741412,238.67999267578125,0.0
2024-09-16,238.66000366210935,239.27999877929688,238.0500030517578,238.72999572753903,4713500,-8.374817448175698e-05,-8.375168155593023e-05,0.008138642423523149,0.008384007527155969,0.009264170240009443,0.02715729456784488,0.05178264426585999,0.10629030913035509,238.67999267578125,-8.374817448175698e-05
2024-09-17,237.33999633789065,238.6000061035156,236.6100006103516,238.0800018310547,5257100,-0.005530911354914458,-0.005546263478781389,0.007727160546045189,0.007191504695565627,0.009268307064419461,0.029094182513188738,0.023061298840670208,0.10591303137269881,238.67999267578125,-0.005614196325666954
2024-09-18,235.50999450683597,240.2899932861328,235.3000030517578,238.19000244140625,11081100,-0.007710465405288858,-0.007740344731775493,0.00892728796466974,0.007425826703147332,0.009337380945093147,0.01688250561432536,0.01683862478393383,0.09300595522625033,238.67999267578125,-0.013281373664408291
2024-09-19,239.1699981689453,239.5200042724609,237.38999938964844,238.2400054931641,6108200,0.015540757281972128,0.015421236419487408,0.010234660139907105,0.00807677618844148,0.009403315899630345,0.028157523812422536,0.02886514351407299,0.09630543708358519,239.1699981689453,0.0
2024-09-20,242.2100067138672,242.6300048828125,240.47000122070312,241.1100006103516,7737400,0.012710660066880486,0.012630557682531525,0.010354847324473962,0.008414626295836553,0.009251196621959943,0.042884851297598114,0.04333410761091194,0.12771211514325764,242.2100067138672,0.0
2024-09-23,242.67999267578125,243.4600067138672,242.58999633789065,242.97000122070312,5426200,0.0019404068737312041,0.00193852671610104,0.00906533765513791,0.007778333811103218,0.009247631964451788,0.026869169362872425,0.05802850347445632,0.12544630700940473,242.67999267578125,0.0
2024-09-24,246.07000732421875,246.19000244140625,243.1499938964844,243.38999938964844,8386300,0.01396907347432852,0.013872405171650835,0.009628001667168947,0.007931871822520219,0.00932763982690154,0.03096201975536328,0.06055513659614853,0.14685873473232136,246.07000732421875,0.0
2024-09-25,245.72999572753903,246.47000122070312,244.7899932861328,246.19000244140625,7393400,-0.001381767735032069,-0.0013827232563759936,0.009740704203770508,0.00798416469448816,0.009224122897655484,0.029623698805599785,0.05572263931430088,0.15594126263499564,246.07000732421875,-0.001381767735032069
2024-09-26,246.97999572753903,247.3699951171875,245.19000244140625,246.44000244140625,7041100,0.005086884066794806,0.005073989582052931,0.008745099328024307,0.008002394321922577,0.009159231034744402,0.040616834660789136,0.05822870034461869,0.14879756926836363,246.97999572753903,0.0
2024-09-27,245.0200042724609,246.75,244.19000244140625,246.30999755859372,8329600,-0.007935830791900744,-0.00796748708764577,0.008803077792207917,0.008060052240240005,0.009245116640673248,0.04038049334398375,0.057259996860672846,0.13957495247817797,246.97999572753903,-0.007935830791900744
2024-09-30,243.05999755859372,244.0800018310547,242.5,243.97000122070312,6916700,-0.007999374253898295,-0.008031540905021974,0.008914761970114107,0.008363556901892066,0.009332231876187945,0.01626457925086644,0.0433998744056554,0.1275223328866424,246.97999572753903,-0.01587172336527909
2024-10-01,245.6100006103516,246.97999572753903,245.05999755859372,245.1999969482422,10605500,0.010491249392624358,0.0104365981433154,0.0085150147084131,0.008279389262423177,0.009390133990673096,0.014037379968784514,0.06191364840632452,0.13940435791473615,246.97999572753903,-0.005546988180770596
2024-10-02,245.66000366210935,246.07000732421875,243.9900054931641,245.6100006103516,6798800,0.0002035871977259518,0.000203566476664727,0.008543127294101383,0.008139734765772778,0.009319341805209238,0.012279590721388178,0.0667419810850376,0.12693241649472298,246.97999572753903,-0.005344530278824089
2024-10-03,245.4900054931641,245.91000366210935,243.69000244140625,244.72000122070312,5674500,-0.0006920058878574498,-0.0006922454344500081,0.006641172534361176,0.008164641124964138,0.009206545945177945,-0.002357060242171083,0.06535613112904337,0.11116649450771998,246.97999572753903,-0.006032837720260753
2024-10-04,245.0,246.69000244140625,244.0500030517578,245.0,5947800,-0.001996030315693398,-0.001998025038998091,0.006661595108058253,0.008141638294870622,0.00904102432934376,-0.002970722908197332,0.05444369943699767,0.12287454630646266,246.97999572753903,-0.008016826308974823
2024-10-07,244.1699981689453,244.82000732421875,243.80999755859372,244.5800018310547,3849000,-0.0033877625757333663,-0.0033935140367649104,0.0062546175187213225,0.007940677974198881,0.00906535957278376,-0.011377429780562553,0.058708723927802575,0.11717606559492122,246.97999572753903,-0.011377429780562553
2024-10-08,242.3699951171875,244.0399932861328,240.6300048828125,243.7899932861328,7669800,-0.007371925565205384,-0.007399232494344503,0.00616261719427734,0.008231171391362334,0.009135142673376083,-0.010815480814075129,0.046502542011411574,0.10489603593550534,246.97999572753903,-0.018665481780302362
2024-10-09,241.0500030517578,241.83999633789065,240.63999938964844,241.16000366210935,4120500,-0.005446185963701722,-0.0054610705017173605,0.005779999853424052,0.008378568162140899,0.008940635866496256,-0.00826954055387652,0.03623939520041475,0.07973125667080772,246.97999572753903,-0.02401001205912645
2024-10-10,242.82000732421875,243.0200042724609,241.50999450683597,241.7700042724609,4792700,0.007342892553628744,0.007316064767089658,0.004752382006937044,0.008428193113900908,0.008969876783310021,-0.011359444970480026,0.04551133401170615,0.08834210326721093,246.97999572753903,-0.016843422444259293
2024-10-11,245.47000122070312,245.9199981689453,244.47000122070312,244.5,5789500,0.010913408354139564,0.01085428686886074,0.006744240104515068,0.007930180212829851,0.009047288018439268,-0.0007734366139128257,0.03867473159917445,0.0966805129456334,246.97999572753903,-0.0061138332373350535
2024-10-14,245.07000732421875,245.8600006103516,244.25999450683597,245.16000366210935,3922900,-0.001629502157067031,-0.0016308312397319176,0.006767430680178816,0.007738565973535937,0.008741893677240938,-0.0017108564892555078,0.02677230955473342,0.07350306422346908,246.97999572753903,-0.0077333728899539045
2024-10-15,245.9199981689453,246.5500030517578,244.52999877929688,244.9900054931641,5640800,0.003468359323146597,0.0034623584364339233,0.006843824188818987,0.007745916487136907,0.008714676626597445,0.00375509456712364,0.030419820646255147,0.08225147556582546,246.97999572753903,-0.004291835682769585
2024-10-16,247.1499938964844,248.08999633789065,246.3600006103516,247.6199951171875,5431900,0.005001609209081437,0.0049891427128232555,0.006772367347743106,0.007610672578417093,0.00867089789689352,0.012204594134768376,0.04133309897177084,0.09464963784536562,247.1499938964844,0.0
2024-10-17,248.6300048828125,249.05999755859372,247.6199951171875,247.75,5176200,0.005988310835030708,0.0059704521617615375,0.005542783716455227,0.0073221405790559494,0.008324022472171495,0.025828319890002227,0.0557089324529525,0.12131876459479174,248.6300048828125,0.0
2024-10-18,251.2700042724609,251.3699951171875,249.8999938964844,250.0,7833600,0.010618185005034864,0.010562207979593495,0.004337346045826249,0.006957193037711552,0.008394234550621276,0.042397847298548674,0.050591655291849724,0.13286745182697834,251.2700042724609,0.0
2024-10-21,251.22000122070312,253.13999938964844,250.72999572753903,252.7400054931641,9258600,-0.00019900127714234106,-0.00019902108052380224,0.004843114126698464,0.006557201422113519,0.008396578615703396,0.03459349988927607,0.0371991010160031,0.1286728329321658,251.2700042724609,-0.00019900127714234106
2024-10-22,253.92999267578125,253.94000244140625,252.5200042724609,253.05999755859372,5756300,0.01078732362833379,0.010729555523637746,0.004817100805531952,0.006847079963273296,0.008439578996383127,0.03446446169799677,0.0463573444022225,0.14486018567152947,253.92999267578125,0.0
2024-10-23,250.8699951171875,253.17999267578125,250.1999969482422,253.0800018310547,8081000,-0.012050555849465017,-0.012123752431615111,0.007827424857696897,0.006960837082715993,0.00832852890246761,0.023666656953641674,0.019506594262194366,0.14904041136459334,253.92999267578125,-0.012050555849465017
2024-10-24,252.8000030517578,253.32000732421875,251.3999938964844,253.2700042724609,5962200,0.007693259346016168,0.007663817134299539,0.007997011506379612,0.007089771260109787,0.008290504052040109,0.027976597812455983,0.028771446087753505,0.1458097151655886,253.92999267578125,-0.004450004554862552
2024-10-25,253.32000732421875,253.5500030517578,251.7700042724609,252.0,4424500,0.0020569789010425055,0.0020548662166116312,0.008011566979406474,0.007041130648559358,0.00827771027467983,0.024964651345767752,0.025670142142498964,0.14978213009696306,253.92999267578125,-0.002402179219298972
2024-10-28,253.3300018310547,253.6300048828125,252.9499969482422,253.00999450683597,4029100,3.945407605776552e-05,3.945329776617785e-05,0.008026102058672574,0.006730178469149643,0.008222489322305529,0.018903579036880336,0.03391558817113194,0.1384594506877188,253.92999267578125,-0.0023628199190027788
2024-10-29,256.0899963378906,256.2900085449219,254.22999572753903,254.4900054931641,8875500,0.010894858433216914,0.010835937036952448,0.00807210621961517,0.006643548997946051,0.008044098088220627,0.01918252072859139,0.05360815810983377,0.13039061085063897,256.0899963378906,0.0
2024-10-30,257.5,257.7099914550781,255.91000366210935,256.760009765625,6386200,0.005505891218995584,0.005490789207931537,0.008012983662485632,0.006429751983117257,0.008025800208988108,0.024998004732034618,0.04841007841741485,0.14054123721965772,257.5,0.0
2024-10-31,253.50999450683597,255.6000061035156,252.1999969482422,255.5200042724609,9930800,-0.015495166963743867,-0.015616471787270507,0.009979023282848389,0.00750511800660785,0.008313252065524107,-0.001653991970462232,0.031954696441036434,0.12501108825219487,257.5,-0.015495166963743867
2024-11-01,252.47000122070312,254.8600006103516,252.44000244140625,254.3300018310547,6473000,-0.004102375877353404,-0.004110813705942359,0.008785897312503486,0.00759190351768197,0.008138588097982648,0.006377829691303738,0.028432912018218293,0.13479866086428482,257.5,-0.01953397584192962
2024-11-04,252.8300018310547,253.5800018310547,252.2700042724609,253.32000732421875,4581400,0.0014259144001700363,0.0014248987496042703,0.00828847870418898,0.007552815064391631,0.008036999404978254,0.0001186660559127084,0.03195919114716195,0.14558226246984285,257.5,-0.0181359152192051
2024-11-05,253.3999938964844,253.9900054931641,252.41000366210935,253.77999877929688,6029900,0.002254447895035039,0.0022519104403699204,0.008296793660255987,0.007469155470989934,0.008028591105859115,0.00031575307892395266,0.03780151450528613,0.14894577370292517,257.5,-0.015922353800060574
2024-11-06,245.6999969482422,247.3500061035156,244.9499969482422,245.63999938964844,14600200,-0.030386729020158265,-0.03085797669408563,0.014193125230174863,0.010104891141295782,0.008841051769276737,-0.030118836409676164,0.01373933200536892,0.09682604782504178,257.5,-0.04582525456993325
2024-11-07,249.6499938964844,250.2400054931641,248.1199951171875,248.2899932861328,8821400,0.01607650385553039,0.015948645391861378,0.01521435702380918,0.010532847559046496,0.009029179997114826,-0.02514741900698514,0.03567720695228549,0.1117295894668151,257.5,-0.030485460596177072
2024-11-08,247.9600067138672,249.3500061035156,247.77999877929688,249.07000732421875,6267900,-0.006769426092267272,-0.0067924425881974865,0.014697731814845287,0.01060636668136272,0.008871687375763083,-0.03704851761604977,0.021167940180421008,0.0855917111260962,257.5,-0.03704851761604977
2024-11-11,242.13999938964844,242.72999572753903,241.05999755859372,242.72999572753903,11653800,-0.02347155656813127,-0.02375140115119195,0.015882643087156968,0.011614120024179891,0.009401173013363894,-0.04485028347425146,-0.013565819914836186,0.06173814777594755,257.5,-0.05965048780719051
2024-11-12,240.0500030517578,241.66000366210935,239.38999938964844,241.2899932861328,10145500,-0.008631355179477884,-0.008668821068980244,0.015864507525913448,0.011745357544348184,0.009408827522769413,-0.049193956148825935,-0.02048396018456744,0.06122902869306723,257.5,-0.06776697843977553
2024-11-13,237.6300048828125,241.47000122070312,237.58999633789065,241.30999755859372,8431700,-0.010081225320474285,-0.010132384997697268,0.01542738946502679,0.011863870696792869,0.009506980659846748,-0.06011943534454067,-0.03371012259213524,0.0472434050843622,257.5,-0.07716502958131066
2024-11-14,237.00999450683597,237.9900054931641,236.1300048828125,236.57000732421875,8262400,-0.0026091417886486834,-0.002612551531378182,0.014953224541972194,0.011769143802528014,0.009103596151969819,-0.06468034642630605,-0.041027714505610935,0.021638815874849282,257.5,-0.0795728368666564
2024-11-15,236.58999633789065,237.8800048828125,236.3300018310547,237.57000732421875,7299500,-0.0017720694429753658,-0.0017736414154014318,0.011852995926148389,0.011629203664969077,0.009104091260260133,-0.03707774002240061,-0.04842540445026622,0.021501643773651935,257.5,-0.08120389771692949
2024-11-18,241.08999633789065,241.5,240.4499969482422,240.4600067138672,6323400,0.019020246289590537,0.01884162282592499,0.01275653889769996,0.01222499881223978,0.009394381500010898,-0.03428799426345308,-0.0405142188143226,0.03712462090154722,257.5,-0.06372816956158966
2024-11-19,243.25,243.30999755859372,242.02999877929688,242.75,6579100,0.008959325127211315,0.00891942849470802,0.01372154747242921,0.012449847728474288,0.00944916042546319,-0.018995025755513373,-0.0317251858210974,0.047813940966395574,257.5,-0.05533980582524267
2024-11-20,244.6199951171875,245.2100067138672,243.50999450683597,243.7400054931641,6630700,0.005632045702723465,0.005616245032295766,0.010360461219413995,0.012245429837800312,0.009325218667950715,0.010241991136492379,-0.03666363890491975,0.06648646433553185,257.5,-0.0500194364381068
2024-11-21,246.66000366210935,246.80999755859372,245.69000244140625,246.22999572753903,7646400,0.00833950039098208,0.008304918886222052,0.009547588167567112,0.012192386346004488,0.009275575017646897,0.027535932207117364,-0.016781566297362716,0.06309800499984775,257.5,-0.04209707315685696
2024-11-22,249.83999633789065,250.38999938964844,247.8600006103516,248.1999969482422,7503000,0.012892210445830887,0.012809813332372294,0.00769944143359035,0.012422674401491259,0.00939209710614599,0.051382364197229746,-0.011708887176164806,0.07338031549297463,257.5,-0.029747587037317835
2024-11-25,242.47999572753903,244.3999938964844,241.47999572753903,244.2700042724609,10733100,-0.029458856541119016,-0.029901483187306007,0.015815765706173913,0.01391415090783593,0.010150749373551692,0.02307920065600988,-0.04279177042185156,0.038947668544763614,257.5,-0.05833011367946006
2024-11-26,242.9499969482422,243.08999633789065,241.5800018310547,242.7100067138672,4945900,0.0019383092584317474,0.0019364331609546426,0.01567614471896801,0.013934137304579954,0.010104016573839506,0.02688195066907384,-0.04097424232339797,0.048327926421757095,257.5,-0.056504866220418726
2024-11-27,243.4900054931641,245.17999267578125,243.1999969482422,244.8500061035156,6930600,0.002222714763140843,0.0022202481870022992,0.014191791620378402,0.013661920530665813,0.010090213776377675,0.00995482679384918,-0.04920141756768126,0.04524579816699337,257.5,-0.05440774565761519
2024-11-29,245.58999633789065,245.80999755859372,244.72999572753903,245.25,2708500,0.008624546377060671,0.008587567442534243,0.014163013628449057,0.0137676699063091,0.010086971763623402,0.009619717730280142,-0.046252441406249845,0.06182715840225339,257.5,-0.046252441406249845
2024-12-02,243.44000244140625,244.5800018310547,243.13999938964844,244.4600067138672,4765000,-0.00875440338997513,-0.0087929483026941,0.014495891898167749,0.013517564673307857,0.010140017362733166,-0.0048237785108938835,-0.03972226848499327,0.05710195639692728,257.5,-0.054601932266383546
2024-12-03,243.92999267578125,245.17999267578125,243.3000030517578,244.9600067138672,3557800,0.002012776164397767,0.0020107532444556663,0.014035587429835671,0.013532262449007732,0.010140836334045729,-0.011067911075148817,-0.033825834767024054,0.05858612346091041,257.5,-0.05269905756978155
2024-12-04,244.6699981689453,245.33999633789065,244.3699951171875,244.92999267578125,4608600,0.003033679807253664,0.00302908748607766,0.012789686567984867,0.013554466779091423,0.010100556773105451,-0.020693236650361158,-0.032274665201964536,0.05302342045104558,257.5,-0.04982524982933856
2024-12-05,242.8600006103516,244.3800048828125,242.1499938964844,244.16000366210935,4806200,-0.007397709454119106,-0.00742520820917337,0.0061549073965267015,0.013585373561016719,0.01010049177858761,0.001567159722485112,-0.04159429179165042,0.053028640977367036,257.5,-0.056854366561741365
2024-12-06,242.9499969482422,243.8600006103516,242.44000244140625,242.7899932861328,3540700,0.0003705687954558279,0.0003705001517973534,0.00611117759739065,0.011920265914343661,0.010091621550906964,0.0,-0.011192511331529653,0.04900686764081352,257.5,-0.056504866220418726
2024-12-09,245.3600006103516,247.1100006103516,245.25999450683597,246.27999877929688,4711500,0.009919751769426055,0.009870874002918592,0.007174373324143167,0.011563384638605869,0.010147077592571094,0.007679966631073842,-0.017184031207754136,0.05476745662704552,257.5,-0.0471456286976637
2024-12-10,248.58999633789065,248.8600006103516,247.8300018310547,247.8600006103516,4642000,0.01316431251835759,0.013078415980993926,0.008110412743455468,0.011859863083120323,0.010258389179521146,0.012215481268514239,0.0025406904620326465,0.0703552048994216,257.5,-0.03460195596935667
2024-12-11,250.9600067138672,251.25999450683597,248.97000122070312,249.3500061035156,11033800,0.009533812345188464,0.009488652360594872,0.0070311332512378606,0.010697674509925339,0.010099494488639515,0.03089058575848047,0.03642523889671656,0.06190498357999874,257.5,-0.025398032179156593
2024-12-12,247.27999877929688,248.2400054931641,246.8699951171875,247.80999755859372,10149600,-0.014663722649505995,-0.01477229774782158,0.010114697106593696,0.01106532832317957,0.01022327432152705,0.013733473554308873,0.03011870708445774,0.03603153329737907,257.5,-0.039689325128944186
2024-12-13,244.2899932861328,245.94000244140625,244.2700042724609,245.6699981689453,6602600,-0.012091578404740733,-0.01216527622337442,0.011390748359920246,0.0111784028767409,0.010347666592196247,-0.0015531323237681915,0.028026714920132534,0.023590000576696246,257.5,-0.05130099694705703
2024-12-16,244.8800048828125,245.5399932861328,244.2899932861328,245.41000366210935,3310000,0.002415209844427002,0.00241229791280552,0.010947685490842945,0.011142532469495979,0.010322318587033766,0.008317566776679053,0.03320539453347626,0.03176880703321272,257.5,-0.04900968977548548
2024-12-17,243.94000244140625,244.5500030517578,243.22999572753903,243.8000030517578,4421300,-0.0038386247250202787,-0.003846011153453628,0.011117391193946053,0.011183005114379009,0.010283802411458355,0.004074935194895213,0.03106642807085791,0.035794692926824245,257.5,-0.052660184693567924
2024-12-18,239.25999450683597,243.7100067138672,238.82000732421875,243.57000732421875,8015800,-0.01918507783771306,-0.01937149963953233,0.012430779131777295,0.011300353415783245,0.010400632001590198,-0.02486145291955244,-0.007590534069650601,0.0003762860667293477,257.5,-0.07083497278898654
2024-12-19,239.6000061035156,240.0500030517578,238.72999572753903,239.6699981689453,8111400,0.0014210967336201197,0.001420087931281009,0.01043557378983618,0.011109586997963992,0.010275647969805669,-0.03616392600994134,-0.015005113654612101,-0.010775775310699287,257.5,-0.0695145394038229
2024-12-20,242.1000061035156,242.9600067138672,241.1699981689453,241.41000366210935,9527800,0.010434056495473909,0.01037999743966833,0.010650760586289216,0.011293478139612215,0.010358498731768745,-0.035304432472594516,-0.010301647714712314,-0.0023899233137051334,257.5,-0.05980580153974524
2024-12-23,240.9600067138672,241.6699981689453,240.6499938964844,241.6000061035156,5835500,-0.004708795377563857,-0.004719916680210686,0.009786205889432891,0.011144736172270991,0.010219030553788904,-0.025558039860192783,-0.02310871995303454,-0.02076645043383407,257.5,-0.06423298363546726
2024-12-24,241.44000244140625,241.66000366210935,240.82000732421875,241.4900054931641,2421000,0.001992014086009908,0.001990032656870636,0.009191215052169058,0.010708047099396899,0.010222010430572297,-0.011666424835455325,-0.03362149383449409,-0.017458158795108814,257.5,-0.06236892255764559
2024-12-26,243.07000732421875,243.55999755859372,242.1999969482422,242.38999938964844,4645100,0.006751179863859091,0.0067284927019149185,0.009644858158933872,0.008724737858865347,0.010238104914292785,-0.0073913652503393434,0.0024332382343930092,-0.01583119471600314,257.5,-0.056038806507888395
2024-12-27,241.3999938964844,241.9499969482422,241.0500030517578,241.1999969482422,4728100,-0.0068705038771270655,-0.006894214453703702,0.009858290640921615,0.00884548597046345,0.01022599673345659,-0.010412431415515622,-0.006379926203859965,-0.01477434622828211,257.5,-0.06252429554763339
2024-12-30,240.6300048828125,241.0800018310547,239.5800018310547,241.0800018310547,3522500,-0.0031896811646237033,-0.003194779040875952,0.006260081755493599,0.008848154908681372,0.010184581848526351,0.005726031962846045,-0.011745864494762115,-0.009997501440752066,257.5,-0.06551454414441749
2024-12-31,242.1300048828125,242.5200042724609,241.0500030517578,241.0500030517578,2522100,0.006233636577161361,0.006214287831739849,0.006590983188824987,0.008739248214145763,0.010127077561179575,0.0105592600786657,-0.014088486936242206,-0.014168786771268094,257.5,-0.05968930142597084
2025-01-02,245.4199981689453,245.52999877929688,244.0800018310547,244.22000122070312,6241900,0.013587714119632333,0.013496228917030742,0.007364251099429141,0.00905609373675704,0.01027447640038005,0.013713308474722519,0.008133403334218414,-0.000976982372328461,257.5,-0.046912628470115236
2025-01-03,243.4900054931641,244.82000732421875,243.3600006103516,244.55999755859372,4872100,-0.007864039973028758,-0.007895124609843705,0.007917049030472837,0.009224417826186259,0.010322303242524807,0.010499662636136886,-0.0018037436798596929,-0.008146971181096418,257.5,-0.05440774565761519
2025-01-06,243.19000244140625,243.7899932861328,242.0500030517578,242.3300018310547,3758900,-0.0012320959587240887,-0.0012328556129919187,0.007978560205914451,0.009200160235917703,0.010320461191913446,0.007248177527767741,-0.006048946493705909,-0.007387745137117374,257.5,-0.055572806052791246
2025-01-07,244.55999755859372,245.7700042724609,243.80999755859372,245.5200042724609,5090300,0.005633435188264091,0.005617626735063329,0.007855906794915353,0.009133068154662862,0.010336186077396914,0.006129881060922271,0.00699990506452175,0.0015972453314210266,257.5,-0.05025243666565549
2025-01-08,245.8600006103516,246.4499969482422,244.50999450683597,245.72000122070312,6303300,0.005315681488124113,0.005301603121984867,0.007167051418430524,0.009196558773121494,0.010312260993709757,0.01847558751712186,0.01197778842832986,0.01439949483630043,257.5,-0.04520388112484819
2025-01-10,248.2100067138672,249.0399932861328,247.5500030517578,248.00999450683597,12380100,0.00955831000439944,0.009512918374949551,0.0070574399565210295,0.009178580012133477,0.010351082872148558,0.03150065111267475,0.011615610109333208,0.029703395857547443,257.5,-0.03607764382964196
2025-01-13,245.7400054931641,246.7899932861328,245.1499938964844,246.33999633789065,8448600,-0.009951255605703535,-0.010001100303675396,0.008813060171937328,0.008979145420515674,0.010396382793826594,0.014909348439070103,-0.011464624026353731,0.01202536068227067,257.5,-0.045669881579945226
2025-01-14,247.02999877929688,247.0399932861328,245.5200042724609,245.6199951171875,4914800,0.005249423200524239,0.005235693007988215,0.00747069266272643,0.008786113982730943,0.010326880515804887,0.006560185080122238,-0.015659897312049087,0.006355145438693199,257.5,-0.040660198915352
2025-01-15,248.8800048828125,248.8999938964844,247.00999450683597,248.2100067138672,6345000,0.007488993695735191,0.007461090407550896,0.006658380045299552,0.008346442077369782,0.010365318703666386,0.02213642970162777,0.00647042264402331,0.015546568101878266,257.5,-0.03347570919296117
2025-01-16,250.6000061035156,251.38999938964844,250.2700042724609,250.55999755859372,9236000,0.006910965874952435,0.0068871946090514665,0.0064735925764366105,0.007951992868312135,0.010391343218621984,0.030470017631151203,0.025830009377387775,0.01903061145663787,257.5,-0.02679609280188122
2025-01-17,249.2700042724609,250.80999755859372,249.1499938964844,249.6999969482422,8312900,-0.005307269747253374,-0.005321403332684962,0.007362020549792361,0.008072830056379956,0.010398121680523797,0.01925910517209073,0.017927145140940626,0.00857782896350967,257.5,-0.031961148456462474
2025-01-21,253.1300048828125,253.3600006103516,251.8300018310547,251.9499969482422,7668100,0.01548521901629396,0.015366546556984287,0.00881269730989834,0.008592935444282959,0.01055126227092244,0.029569691102306228,0.03767320795863993,0.01809918317027348,257.5,-0.016970854824029158
2025-01-22,254.42999267578125,254.67999267578125,253.77999877929688,254.2899932861328,5213800,0.005135652699768123,0.005122510213068569,0.008518557617571644,0.007139559364055727,0.010487538671211386,0.025059368251354908,0.06340382227381469,0.012576066978109646,257.5,-0.011922358540655376
2025-01-23,254.07000732421875,254.5399932861328,252.82000732421875,253.19000244140625,6511500,-0.0014148699521492336,-0.0014158718257654048,0.006670289087673438,0.007196635106710457,0.01048950212794248,0.033897622059288146,0.06039232409055795,0.011344662406126638,257.5,-0.0133203599059466
2025-01-24,255.6499938964844,257.07000732421875,255.6100006103516,255.9600067138672,7341300,0.006218705580031125,0.006199449222330093,0.006691380486494587,0.0070305386107351086,0.010430992238582558,0.03489452762734646,0.05596855618076768,0.00677352526410413,257.5,-0.007184489722390719
2025-01-27,252.9900054931641,254.25999450683597,251.9199981689453,253.8600006103516,5799800,-0.0104048052682425,-0.010459313683880304,0.00867517444710168,0.00742617030786087,0.010401937030396494,0.016513984770640144,0.04992529234771381,0.008450633464501367,257.5,-0.01751454177412004
2025-01-28,255.17999267578125,255.25,253.88999938964844,254.22999572753903,5332000,0.008656417783572623,0.008619165823801737,0.008850598880361375,0.007551499412067548,0.010413848048549666,0.018276083243085717,0.0569085076848832,0.009414515804163859,257.5,-0.009009737181432054
2025-01-29,254.1999969482422,254.82000732421875,253.3000030517578,254.5500030517578,5671800,-0.0038404097330004827,-0.0038478030414185464,0.008646524676802223,0.007618432932628923,0.0104234099963751,0.019777721311356133,0.045789234741650864,0.0034738259852375997,257.5,-0.01281554583206912
2025-01-30,258.04998779296875,258.2900085449219,256.45001220703125,257.20001220703125,12981200,0.01514551884715587,0.015031970539815968,0.008564245438989657,0.007825345552667935,0.010594139289038403,0.019436585214123392,0.06897263594639558,0.01863176855405313,258.04998779296875,0.0
2025-01-31,258.5599975585937,259.989990234375,257.8599853515625,259.0799865722656,8961100,0.0019763991077346166,0.001974448600582322,0.008502757578362878,0.007694196045163769,0.010510196646601279,0.016232382194324435,0.07451270544798905,0.009645051567903185,258.5599975585937,0.0
2025-02-03,259.94000244140625,261.3900146484375,259.5199890136719,259.75,11521100,0.00533727141028395,0.005323078655223504,0.008388840665135728,0.0076804920644555925,0.010508846870892534,0.023103849128074394,0.07355551645577152,0.009475737636529091,259.94000244140625,0.0
2025-02-04,262.5,262.5400085449219,261.3500061035156,261.8299865722656,9850400,0.00984841707528572,0.00980023748604468,0.008705630375390867,0.007473377371051046,0.010382492133581833,0.026794470045202745,0.06959498801437092,0.03546213438508672,262.5,0.0
2025-02-05,264.1300048828125,265.989990234375,263.8900146484375,264.45001220703125,12681100,0.006209542410714253,0.00619034264242983,0.006038206527640155,0.007047129222050252,0.010388339189574273,0.044033357633763925,0.08476733715556084,0.04618371927647935,264.1300048828125,0.0
2025-02-06,263.42999267578125,263.7200012207031,261.489990234375,263.6600036621094,8731400,-0.0026502562908058414,-0.0026537744373774834,0.00674010087299184,0.007105379614896694,0.010396880329116402,0.03233012084329845,0.08322706538584623,0.041925367907126976,264.1300048828125,-0.0026502562908058414
2025-02-07,263.8999938964844,266.3500061035156,263.260009765625,265.2200012207031,9154000,0.0017841598670260694,0.001782570144409176,0.005845534560830296,0.007106400724621182,0.010395919133420525,0.03815891842916597,0.07908078398331275,0.041436465086456487,264.1300048828125,-0.0008708249046910366
2025-02-10,268.3699951171875,268.6600036621094,267.239990234375,268.0,13250300,0.016938239196991,0.01679638680250656,0.006361271399352731,0.007672275317609906,0.009806662050124332,0.03999227983881326,0.09155614760820985,0.09226698596060978,268.3699951171875,0.0
2025-02-11,267.3900146484375,268.3599853515625,266.7099914550781,267.70001220703125,7169500,-0.0036516022155236305,-0.003658285589870855,0.007200964930888819,0.007752812732125974,0.009645713300179827,0.03415074711177146,0.07727330653788167,0.07105956813805836,268.3699951171875,-0.0036516022155236305
2025-02-12,267.6700134277344,268.42999267578125,266.3500061035156,267.1499938964844,9328600,0.0010471549570203464,0.001046607072714827,0.007332049990887459,0.007140373141561207,0.009592508689467226,0.029737673746735416,0.08924069115470212,0.0794886521220799,268.3699951171875,-0.0026082710518643415
2025-02-13,270.3099975585937,270.3900146484375,268.2200012207031,268.3999938964844,8347500,0.009862831092105395,0.009814510830150674,0.007333896596969222,0.0072475737206929005,0.00911371575323758,0.02975237165178557,0.09423956156877855,0.11633764863282448,270.3099975585937,0.0
2025-02-14,266.2900085449219,270.2099914550781,265.45001220703125,270.07000732421875,11546700,-0.014871773334245386,-0.014983466926549196,0.010163376591501572,0.008322073881285346,0.00926151666502153,0.008177804952783418,0.06995340453447452,0.10931058179368724,270.3099975585937,-0.014871773334245386
2025-02-18,270.70001220703125,271.010009765625,269.6000061035156,269.67999267578125,8185900,0.01656090548123368,0.01642526914447792,0.011458997119251744,0.008787290108214043,0.009323392544545934,0.02759753913138363,0.08020752439731749,0.13916595819003263,270.70001220703125,0.0
2025-02-19,270.8500061035156,271.3299865722656,269.239990234375,270.67999267578125,9342500,0.000554096378723612,0.0005539429240083393,0.011507127037846546,0.008576873458087574,0.00930605204862238,0.026335780097658468,0.08657279841607823,0.1427788379434929,270.8500061035156,0.0
2025-02-20,270.989990234375,271.8399963378906,270.1700134277344,270.2300109863281,7356900,0.0005168326664386491,0.000516699154436362,0.009944639072546963,0.008187502254265774,0.009294900978080943,0.009762623113077407,0.0705565717498835,0.1453991902825651,270.989990234375,0.0
2025-02-21,270.739990234375,271.510009765625,269.510009765625,270.79998779296875,8917400,-0.0009225433005247696,-0.0009229691054979344,0.009764018176224035,0.008225628654465024,0.009049156909686218,0.012528424407852512,0.06410406802698576,0.12298309488930226,270.989990234375,-0.0009225433005247696
2025-02-24,272.2099914550781,272.32000732421875,270.3800048828125,271.45001220703125,5374400,0.005429568123388684,0.0054148811569904014,0.009846276395355447,0.008177607584450032,0.009015503200361397,0.016961100607444157,0.07139758180000744,0.11905443558099948,272.2099914550781,0.0
2025-02-25,268.6199951171875,271.67999267578125,266.45001220703125,271.4599914550781,10079800,-0.013188334192659745,-0.013276072540975698,0.010764618635398066,0.008898591469833041,0.009197372699813505,-0.006252090032444535,0.050733430590085504,0.09811135834788387,272.2099914550781,-0.013188334192659745
2025-02-26,269.0299987792969,269.0799865722656,266.6600036621094,267.0799865722656,7276000,0.0015263333689308212,0.0015251697060953886,0.008810507226772376,0.008407707949541612,0.009155957030100657,0.010289496963656442,0.06340168756811293,0.09069161917240298,272.2099914550781,-0.011682130618287934
2025-02-27,264.92999267578125,266.6700134277344,264.45001220703125,266.489990234375,9374600,-0.015239958822878874,-0.015357280506670757,0.007900048527545602,0.0091805111414007,0.009272708683012795,-0.02131518016643863,0.038208324632988955,0.060398641366782746,272.2099914550781,-0.02674405425158055
2025-02-28,263.2699890136719,263.3999938964844,261.25,262.5599975585937,11504500,-0.006265820058134697,-0.006285532695668532,0.007801952465008323,0.009270196925500884,0.008470710960069436,-0.02798603256057064,0.03568053569755336,0.08573900384546929,272.2099914550781,-0.032842300878149766
2025-03-03,266.739990234375,266.8800048828125,265.07000732421875,265.07000732421875,7725600,0.013180390342641513,0.01309428477593445,0.010145591467701201,0.009136768405982909,0.008600891143299224,-0.015683236108921417,0.03367565530899452,0.09792135659586365,272.2099914550781,-0.020094784880832828
2025-03-04,269.0599975585937,269.3999938964844,267.5199890136719,269.010009765625,8481300,0.00869763593445505,0.008660029400338732,0.010967562030016538,0.009266741269051167,0.008647976585031924,-0.0062051885069766,0.04060953008641843,0.10501454469821137,272.2099914550781,-0.011571926069452343
2025-03-05,269.6199951171875,270.260009765625,267.9599914550781,267.9700012207031,6990400,0.0020813110966890758,0.0020791481693782673,0.010718896744729655,0.009234208473260794,0.00860170226912553,-0.0095146997509018,0.03723933440357352,0.09784599999030741,272.2099914550781,-0.0095146997509018
2025-03-06,268.25,269.510009765625,268.1600036621094,268.25,6136400,-0.005081207410422395,-0.005094160642131142,0.009602042783443423,0.009156610727285358,0.0085431912548987,-0.0013773923159595691,0.02190476190476187,0.10191421832804681,272.2099914550781,-0.01454756099844201
2025-03-07,268.3900146484375,270.3399963378906,267.6400146484375,269.0899963378906,10431200,0.0005219558189655249,0.0005218196474086795,0.009580170043490575,0.009080862231612448,0.008544031022353184,-0.002378857873706508,0.016128458285211034,0.10027476205095942,272.2099914550781,-0.014033198363591404
2025-03-10,266.0400085449219,268.44000244140625,265.6400146484375,267.6199951171875,7593900,-0.008755937163287819,-0.008794495623060066,0.008093031181857233,0.009292187672713649,0.008639673967529652,0.004189845996406483,0.009907815896851746,0.08734217736504224,272.2099914550781,-0.0226662617238077
2025-03-11,269.1600036621094,269.7300109863281,268.44000244140625,268.4700012207031,8436600,0.011727541035094546,0.01165930639065754,0.008391436597238913,0.009608285904957544,0.008662720670470473,0.022372525902037532,0.019931829811592472,0.10829285590735838,272.2099914550781,-0.011204540203191171
2025-03-12,270.3299865722656,271.2300109863281,268.3599853515625,268.4700012207031,7236200,0.004346793335703092,0.004337373317600702,0.007222479371543259,0.008931988559720763,0.008667581588858726,0.013458785593926992,0.007303318145615689,0.11269804473328082,272.2099914550781,-0.0069064506881730825
2025-03-13,275.1300048828125,275.3500061035156,271.54998779296875,271.57000732421875,13741500,0.017756144523255468,0.01760034574283983,0.00918201255940079,0.009641746426946821,0.00884144236453936,0.022560051212729748,0.02894644455796702,0.12133193755463711,275.1300048828125,0.0
2025-03-14,275.239990234375,276.29998779296875,274.6600036621094,276.2699890136719,13365000,0.00039975774946587883,0.0003996778676249641,0.009238835871304737,0.00964397916878327,0.008723635067675506,0.020844133294879885,0.028281004322078696,0.10720461116327828,275.239990234375,0.0
2025-03-17,276.7300109863281,276.7900085449219,275.3900146484375,275.5400085449219,8583400,0.0054135329342379634,0.005398932434643415,0.008535965686835581,0.009495878507319979,0.008678947036205267,0.03161234291268644,0.023750558565051927,0.10268570123941179,276.7300109863281,0.0
2025-03-18,279.9599914550781,280.2099914550781,278.9700012207031,279.8999938964844,9596500,0.011671955843306048,0.011604364010877142,0.00871125142222011,0.009009156113950409,0.008516168039126526,0.04310881990820725,0.05133494487777668,0.13215784874274816,279.9599914550781,0.0
2025-03-19,281.1099853515625,281.4800109863281,279.0599975585937,279.8500061035156,8822200,0.004107707999658539,0.00409929439969153,0.005992523648669276,0.008422967879896237,0.008326025051420508,0.05664552820105628,0.038455754248617025,0.1507224736066166,281.1099853515625,0.0
2025-03-20,280.75,280.8999938964844,279.42999267578125,279.489990234375,5863300,-0.0012805854303336028,-0.0012814060805390753,0.006600262867754784,0.00844637089481902,0.00833796095869786,0.043059875836679584,0.036551573466462095,0.1464798856662597,281.1099853515625,-0.0012805854303336028
2025-03-21,278.489990234375,279.4599914550781,276.5899963378906,279.4599914550781,9359300,-0.008049901213267985,-0.008082476604942154,0.008520215443811662,0.008711369119291414,0.008403826023167135,0.030185344088448085,0.027676299015743533,0.14163313703035474,281.1099853515625,-0.00932017805739227
2025-03-24,277.25,279.0899963378906,276.8599853515625,278.9100036621094,7870100,-0.004452548665506595,-0.004462490783133984,0.006584405986890867,0.008790844034468238,0.007995945263711243,0.007705430449472361,0.024045246363455286,0.15878126876776566,281.1099853515625,-0.013731228176527166
2025-03-25,278.4700012207031,279.9599914550781,278.2699890136719,278.7799987792969,5090200,0.004400365088198743,0.004390711790074645,0.006684764197171047,0.008768743793325815,0.00799903210458513,0.011735253236921261,0.02299698748074075,0.16222869001261353,281.1099853515625,-0.009391285505414348
2025-03-26,278.239990234375,279.0199890136719,277.7799987792969,278.92999267578125,3717500,-0.0008259812019960622,-0.0008263225124260293,0.00651901749203091,0.008153531852383395,0.007942690724813664,0.0054565070216452405,0.03581265464989203,0.14927708888783298,281.1099853515625,-0.010209509682120421
2025-03-27,281.9700012207031,282.07000732421875,279.5899963378906,280.54998779296875,8476300,0.013405732882559862,0.013316671121389569,0.007015168628614705,0.008543045665746518,0.008014566790634305,0.0071796321866495205,0.04809873434234291,0.17019419556845405,281.9700012207031,0.0
2025-03-28,284.0599975585937,284.6400146484375,282.8599853515625,283.82000732421875,9563700,0.007412123023167627,0.007384788228781908,0.0073585028004200135,0.007598978443847837,0.008037762669443616,0.010494156596187132,0.0722077734181783,0.17652416619541178,284.0599975585937,0.0
2025-03-31,288.1400146484375,288.3900146484375,285.8500061035156,287.5299987792969,13925100,0.014363222998346359,0.014261049112946293,0.008632949241267835,0.007626703531889179,0.00815725973733486,0.026322403022039254,0.09446585889998316,0.18541986245181685,288.1400146484375,0.0
2025-04-01,287.57000732421875,289.1300048828125,285.9100036621094,288.5400085449219,15923600,-0.0019782303576065807,-0.0019801896396476866,0.007477412074934724,0.007463287579217837,0.00808731710181923,0.03260446482188484,0.07809109189642371,0.19125938108984664,288.1400146484375,-0.0019782303576065807
2025-04-02,288.1600036621094,289.0299987792969,287.3599853515625,288.2799987792969,11074800,0.0020516615880092903,0.0020495598046479263,0.006503080013056406,0.007377328479985224,0.00805144023220168,0.03935077966495726,0.0709879070721251,0.19752315926870434,288.1600036621094,0.0
2025-04-03,286.4200134277344,289.0899963378906,282.45001220703125,282.7799987792969,20524400,-0.006038278082531101,-0.0060565822044141146,0.007864237737642629,0.007651889915840134,0.008117595171995949,0.028548899961150287,0.06230998670274768,0.18291829864851983,288.1600036621094,-0.006038278082531101
2025-04-04,279.7200012207031,284.0299987792969,278.0199890136719,283.6400146484375,21517200,-0.02339226273628292,-0.02367020473214484,0.013088744328192079,0.0094419853768008,0.008638102618928093,0.0053191886079404505,0.04275862524027252,0.1397604242020487,288.1600036621094,-0.029289291831432696
2025-04-07,273.7099914550781,280.1400146484375,272.5799865722656,278.8599853515625,19807000,-0.02148580630415131,-0.021719986685703737,0.01410649796999763,0.010749518906630227,0.009052467233177585,-0.029293931020554664,0.019821813466530225,0.12411181272392091,288.1600036621094,-0.050145794084508144
2025-04-08,275.20001220703125,278.32000732421875,274.239990234375,277.8699951171875,12639500,0.005443793790763651,0.0054290299021522185,0.013854930200358702,0.010550557104743884,0.009054295489860066,-0.031190542236538832,0.034430925304088866,0.131625516856259,288.1600036621094,-0.04497498365621466
2025-04-09,285.3800048828125,285.8699951171875,281.0400085449219,282.2200012207031,25342200,0.03699125081478161,0.036323492196158734,0.020171390503312753,0.012927692962208519,0.010062733530694357,-0.009578710436981552,0.060261558181077035,0.16691203684870337,288.1600036621094,-0.009647413742250754
2025-04-10,292.3500061035156,292.8599853515625,287.2300109863281,288.8099975585937,19837800,0.0244235794430141,0.02413009288681445,0.022352301001046255,0.01375809739520077,0.010430139572190952,0.016622035182924044,0.08145607452010695,0.18909137467563575,292.3500061035156,0.0
2025-04-11,297.92999267578125,299.2699890136719,296.8099975585937,297.9599914550781,21080100,0.019086664805096243,0.01890679950058093,0.02319773202839411,0.01382834164683175,0.010597372321525324,0.03390473656825721,0.08286987020074399,0.20031418805459578,297.92999267578125,0.0
2025-04-14,296.2300109863281,296.5799865722656,294.5299987792969,295.5400085449219,12427600,-0.005705977012200658,-0.005722318290653523,0.023171694175037442,0.013968846524456834,0.010527231399900354,0.03425039137870467,0.07626079602051838,0.20546107416184856,297.92999267578125,-0.005705977012200658
2025-04-15,297.7799987792969,298.0199890136719,296.0899963378906,296.92999267578125,7924100,0.005232379352138938,0.005218738019025799,0.01955969747990022,0.01396772531082156,0.010527173526075273,0.06456455555476759,0.07606687730738648,0.2054406357559082,297.92999267578125,-0.000503453496364159
2025-04-16,307.4700012207031,308.0599975585937,303.79998779296875,304.6499938964844,20778100,0.0325408102664011,0.032022570753676,0.015748415141152612,0.015254602644478662,0.011153072836094667,0.12334226305058271,0.09826407560109951,0.23541463833335374,307.4700012207031,0.0
2025-04-17,306.1199951171875,307.1300048828125,302.7300109863281,306.3099975585937,18287800,-0.004390692094044635,-0.004400359490663115,0.01729884305785876,0.015380061025246621,0.011186891520168503,0.11235458407936161,0.08896877047731655,0.2215482348820781,307.4700012207031,-0.004390692094044635
2025-04-21,315.5899963378906,316.4100036621094,313.95001220703125,315.0199890136719,20372300,0.03093558529908469,0.030466725196562627,0.01615594543864683,0.01638235934088708,0.011661920735905504,0.10585882310669747,0.12409615792659179,0.2660568497160196,315.5899963378906,0.0
2025-04-22,311.1099853515625,317.6300048828125,310.3599853515625,317.489990234375,35242300,-0.014195668551963636,-0.014297390879940051,0.018640702320681823,0.016692468013979174,0.011781897357719609,0.06416958733157796,0.11713166096108085,0.22905218405693173,315.5899963378906,-0.014195668551963636
2025-04-23,303.6499938964844,304.739990234375,300.5899963378906,304.17999267578125,25421500,-0.023978630729734163,-0.024270798064606143,0.021648512887700113,0.017778399299224337,0.012271422713006968,0.0191991453070246,0.09522089773303644,0.1934520403945612,315.5899963378906,-0.03783390658752861
2025-04-24,308.07000732421875,308.5,304.7099914550781,306.9800109863281,10845000,0.014556277018207942,0.014451351409752674,0.021657583531263506,0.017913450985499565,0.012345909611208334,0.039968929206288584,0.10629513403153235,0.2125398450950986,315.5899963378906,-0.023828350394289766
2025-04-25,304.7300109863281,305.3699951171875,301.010009765625,301.7799987792969,10691600,-0.010841679678267213,-0.010900878955956528,0.022562792473006785,0.01820652529387945,0.012463794824139665,0.023339419153474816,0.09520565584278273,0.1919812957621927,315.5899963378906,-0.03441169073032058
2025-04-28,309.07000732421875,309.1099853515625,302.9700012207031,304.1499938964844,9375500,0.01424210344049559,0.014141637459613693,0.019490706522866455,0.018227890121871447,0.012427238561952611,0.0052037795465031955,0.09610953642655029,0.2216688430902065,315.5899963378906,-0.020659682148768677
2025-04-29,306.0599975585937,306.95001220703125,304.0,305.8099975585937,6852100,-0.009738925467677295,-0.009786658970495523,0.019834635684245643,0.01847517244575551,0.012514173071032836,-0.0001959935958146808,0.077448427054436,0.1993886916810832,315.5899963378906,-0.030197404511813186
2025-04-30,303.7699890136719,306.07000732421875,303.44000244140625,304.6099853515625,8331900,-0.007482221012837242,-0.007510353244041787,0.014487636555268541,0.018460943940275656,0.012554470790244979,-0.037453681870079025,0.05424437277239913,0.19500390503750742,315.5899963378906,-0.037453681870079025
2025-05-01,297.4599914550781,297.94000244140625,295.32000732421875,297.4100036621094,14969100,-0.02077228754256477,-0.02099106650379782,0.01534488558600873,0.019141071326730427,0.01280291183770443,-0.04387513914431107,0.034391570327113374,0.15272236204764966,315.5899963378906,-0.05744797076331076
2025-05-02,297.9800109863281,300.8500061035156,297.0299987792969,300.1700134277344,8678400,0.0017481999132260562,0.0017466735903771576,0.01335326220738779,0.019140974368228758,0.01280304830494204,-0.018672758189118177,0.03407831482308521,0.1524598306000573,315.5899963378906,-0.05580020138758812
2025-05-05,306.8800048828125,307.6499938964844,304.67999267578125,305.9200134277344,8924000,0.029867754776654154,0.029430400577679455,0.01730400057045016,0.0199932888578777,0.013260660452444402,-0.003862766296992559,0.07143352592656838,0.18058014157319668,315.5899963378906,-0.027599073342466363
2025-05-06,315.4800109863281,315.6199951171875,311.3999938964844,313.1199951171875,11445300,0.02802400275899264,0.027638515747736927,0.01950059987442627,0.0196837667867635,0.013611229944292487,0.03527712930277249,0.12784216219636657,0.2018286132812499,315.5899963378906,-0.0003485070909685639
2025-05-07,310.75,313.260009765625,310.0799865722656,312.1000061035156,7888300,-0.014993060801348546,-0.015106592963135799,0.020335804757313926,0.019278449565801766,0.013791847269705865,0.005435637997765808,0.13532574513634787,0.17650397249593652,315.5899963378906,-0.0153363427043125
2025-05-08,304.6300048828125,310.4800109863281,303.04998779296875,309.760009765625,11927600,-0.0196942722998793,-0.019890788928179075,0.02152151641299936,0.020093433559421888,0.0140625329094357,-0.004672262586381981,0.1069403756190288,0.15639833486135535,315.5899963378906,-0.03472857689488884
2025-05-09,306.8399963378906,308.57000732421875,306.010009765625,307.7900085449219,6913100,0.007254674259445482,0.007228485693538802,0.02144208574086734,0.018730828886247435,0.014075515130662481,0.010106354923957284,0.0751979504096314,0.1627131619345532,315.5899963378906,-0.027725847148309835
2025-05-12,298.19000244140625,299.4700012207031,296.82000732421875,298.3299865722656,14375900,-0.028190568373488878,-0.028595551740996136,0.022869825505376484,0.019319258721757042,0.014471283845392957,0.0024541484814719627,0.019976043153639544,0.1111152806452802,315.5899963378906,-0.055134808132051294
2025-05-13,299.4599914550781,300.29998779296875,297.239990234375,299.0199890136719,10233600,0.004258992599597278,0.004249948759953267,0.022910966315092113,0.018896078867056566,0.014457738786151295,0.004966710565085242,0.005135430527002605,0.11993707711488777,315.5899963378906,-0.051110634272268585
2025-05-14,293.1600036621094,294.79998779296875,291.9599914550781,293.6700134277344,14800600,-0.021037827999516923,-0.02126227662564288,0.02010275285240025,0.019432889663646997,0.014743719134937045,-0.04470803246351074,-0.010363593188944087,0.09522915887347527,315.5899963378906,-0.0710732055390193
2025-05-15,297.8399963378906,297.8999938964844,293.75,294.1000061035156,13497700,0.015963953531585195,0.015837869719407486,0.016933864244115956,0.01972502437822822,0.014819037276444059,-0.055914840985605174,0.00020148283578369508,0.101846025037714,315.5899963378906,-0.05624386135799986
2025-05-16,294.239990234375,294.5799865722656,291.7799987792969,292.6199951171875,14173000,-0.012087047232674286,-0.012160689602209927,0.01677047478031331,0.018427167659678275,0.014773048355680548,-0.05312955676790021,-0.043028623715493985,0.10496068493962318,315.5899963378906,-0.06765108638189199
2025-05-19,298.0299987792969,298.5799865722656,296.4800109863281,297.8500061035156,11656300,0.012880671121226372,0.012798420816745652,0.017379013711887607,0.018695375725488357,0.014720489504997089,-0.02166564684281369,-0.02642753321224134,0.10096041869168326,315.5899963378906,-0.05564180665534435
2025-05-20,303.5799865722656,303.67999267578125,298.29998779296875,298.3500061035156,12851000,0.0186222454642182,0.018450974483986242,0.018955845432153798,0.017812353485310285,0.01487431356166463,-0.010624461623429005,-0.03805573657273442,0.12084171951704148,315.5899963378906,-0.03805573657273442
2025-05-21,305.82000732421875,306.4599914550781,303.6700134277344,304.54998779296875,12414500,0.007378683875855163,0.007351594562024017,0.014901890056920388,0.017676956585505593,0.014888982255991081,0.025587728697617163,-0.017003562329784838,0.12852879569359676,315.5899963378906,-0.030957853946712244
2025-05-22,303.1099853515625,305.2799987792969,302.1000061035156,305.0899963378906,9704200,-0.008861493387459118,-0.008900989925318167,0.015628941217567985,0.016974021947545576,0.014947852950108064,0.0121885861238058,-0.0017783914236005893,0.1195611889073549,315.5899963378906,-0.03954501451613257
2025-05-23,309.75,310.25,307.4700012207031,308.8599853515625,13339500,0.021906288045034472,0.021669792905121613,0.013426605333312483,0.017359446197171263,0.015153267472327018,0.05659024468089435,0.005453282162626083,0.13790826833451097,315.5899963378906,-0.01850501094983359
2025-05-27,304.5,304.8800048828125,302.739990234375,303.8099975585937,9578500,-0.016949152542372836,-0.017094433359300068,0.015727232838434704,0.017606642150989667,0.015221980075168434,0.022361011764698624,-0.0007548025400703207,0.13357160872242435,315.5899963378906,-0.035140519238819556
2025-05-28,303.8099975585937,304.989990234375,303.0599975585937,304.6400146484375,8803300,-0.002266017869971493,-0.0022685891736127415,0.014520699117396754,0.01731022429989163,0.015231803315760083,0.032524495792009,-0.017018829523976486,0.12927925858494738,315.5899963378906,-0.037326908064235775
2025-05-29,305.6099853515625,306.8900146484375,304.4599914550781,305.739990234375,9487900,0.0059247154716219885,0.005907233361944287,0.014097242057061797,0.017237436241859784,0.015077027222399437,0.02543363622223449,-0.0014703398373551169,0.15354997093728473,315.5899963378906,-0.03162334390232979
2025-05-30,303.6000061035156,304.0199890136719,301.5,303.6400146484375,9553300,-0.006576942326457891,-0.006598665713002106,0.012803510938985373,0.017218723351317196,0.015079955954960292,6.594483212163382e-05,-0.0005595776946504261,0.15318881290244346,315.5899963378906,-0.03799230131977238
2025-06-02,311.6700134277344,311.7200012207031,308.7200012207031,309.2099914550781,13593200,0.026581051258171673,0.026233913208447007,0.016227342874680757,0.01744583698685648,0.015327290235526826,0.019128918852302723,0.04777120413116864,0.16844127179385793,315.5899963378906,-0.012421125370397523
2025-06-03,308.9100036621094,309.5599975585937,307.1499938964844,309.5599975585937,9315100,-0.008855551213511115,-0.008894994642019345,0.016226629926590467,0.017617322959197244,0.015373930021795311,0.01913502883720475,0.0366802881830981,0.14810825267638483,315.5899963378906,-0.021166680672061733
2025-06-04,310.8999938964844,311.8800048828125,308.739990234375,309.4100036621094,7462500,0.006441974072654677,0.0064213132412345815,0.014110265842795417,0.016459090188714366,0.015382695126291727,0.003712651804630651,0.013099546890345648,0.15310436735730582,315.5899963378906,-0.014861061807500464
2025-06-05,309.3299865722656,312.20001220703125,307.6499938964844,311.239990234375,10817800,-0.00504987891618125,-0.005062672644074125,0.012233684500950609,0.015257183585181825,0.015382450548952988,0.015862024867867364,-0.019494180930306304,0.1531406768770387,315.5899963378906,-0.019835894160988077
2025-06-06,305.17999267578125,309.20001220703125,305.1000061035156,309.0899963378906,7787500,-0.013416073696802311,-0.01350688232494814,0.01358111827067271,0.015187691274024409,0.015509317723746524,0.004509381285003,-0.017924400077936498,0.1370765528499065,315.5899963378906,-0.03298584803988458
2025-06-09,306.6199951171875,307.6099853515625,305.0599975585937,305.3900146484375,7159000,0.004718534884218695,0.004707437493749117,0.013511570494213787,0.014587680873347622,0.015449160517630085,0.00330489779142229,0.006532482692046537,0.15253339824417256,315.5899963378906,-0.028422958030327683
2025-06-10,306.7099914550781,308.6000061035156,305.8699951171875,308.3099975585937,7071700,0.000293510988597534,0.00029346792267399537,0.013152426366172032,0.014503251118953765,0.015404589957930741,0.010243693310408197,-0.0004236894940818914,0.1395080520213814,315.5899963378906,-0.02813778949224044
2025-06-11,308.3699951171875,308.6199951171875,305.8500061035156,307.5,9248800,0.005412290790508978,0.005397696978330561,0.007761441805801372,0.01300446996758554,0.01540757912311875,-0.010588180345787568,0.03413928231138996,0.14071694016362057,315.5899963378906,-0.022877788600665694
2025-06-12,312.20001220703125,313.1000061035156,311.1499938964844,311.739990234375,11531400,0.0124202002480438,0.01234370232269246,0.00852613601067598,0.013205778138534118,0.015335228494194745,0.010650378770253655,0.042543315018641614,0.1347363307030367,315.5899963378906,-0.010741735068274583
2025-06-13,316.2900085449219,317.6000061035156,315.0400085449219,317.260009765625,16592900,0.013100564311248064,0.01301549409169947,0.009481352545709185,0.0122884917629272,0.01539556561274412,0.017336811689459664,0.07889891047167441,0.14914263830481733,316.2900085449219,0.0
2025-06-16,311.7799987792969,314.8699951171875,311.6499938964844,314.79998779296875,12848400,-0.01425909653729851,-0.014361734303802328,0.011188330136840572,0.01254677300648287,0.015530829139498629,0.007920383775851247,0.04680366174055317,0.12665770390440367,316.2900085449219,-0.01425909653729851
2025-06-17,311.94000244140625,313.0,310.1199951171875,312.6600036621094,8234100,0.0005131941200071655,0.0005130624809404316,0.00922599896109226,0.01212065213700187,0.01548245067399805,0.022150894317658487,0.06015501901333131,0.1142306471010861,316.2900085449219,-0.01375322010179092
2025-06-18,310.260009765625,312.9800109863281,309.8599853515625,312.8900146484375,9370800,-0.005385627565021256,-0.00540018233840262,0.009720740957104242,0.012020228311745351,0.015506162679032648,0.011871419693442853,0.04103617433285622,0.1036961542920889,316.2900085449219,-0.01906477794552419
2025-06-20,310.1300048828125,310.8900146484375,309.25,309.3299865722656,8794700,-0.00041901914110908933,-0.0004191069541604869,0.009741971364200611,0.011404931359925551,0.015503884619249748,0.011150642375585162,0.02157592265716657,0.10464828097172751,316.2900085449219,-0.019475808579753062
2025-06-23,311.0799865722656,312.6700134277344,310.3099975585937,310.3399963378906,12687900,0.0030631724583116693,0.003058490504208936,0.009629620156509072,0.0113243332179036,0.0154543190044337,0.008788116541780466,0.01719959166200158,0.11702394154440943,316.2900085449219,-0.016472293881886202
2025-06-24,306.19000244140625,306.3399963378906,303.5400085449219,305.07000732421875,12035200,-0.015719378751237634,-0.015844238391270016,0.010072428846241089,0.011711361909247401,0.015593291053978874,-0.019250510988575997,0.010161384443575505,0.10438233522599183,316.2900085449219,-0.03193273840669286
2025-06-25,307.1199951171875,307.3599853515625,305.1199951171875,305.3099975585937,6733200,0.003037305817845004,0.0030327025232496515,0.007925927012628424,0.010668020828031222,0.01559042411259505,-0.028992422080990177,-0.008490734084947493,0.10288359166478989,316.2900085449219,-0.028992422080990177
2025-06-26,306.7799987792969,307.2799987792969,304.8599853515625,305.7699890136719,6787500,-0.0011070472235482631,-0.0011076604529502278,0.006579331115342734,0.009973174645573839,0.015591191462851584,-0.016036949193586336,0.007487680720186685,0.10257335230956999,316.2900085449219,-0.030067373324169755
2025-06-27,301.2200012207031,302.3599853515625,299.8900146484375,300.0299987792969,13301300,-0.018123728993798327,-0.018289975504647085,0.008689289227308359,0.010755019455133037,0.015713969975980485,-0.03436558676925938,-0.008525053022295781,0.06826967378325,316.2900085449219,-0.04764616939228539
2025-06-30,304.8299865722656,304.9200134277344,301.95001220703125,302.3900146484375,8192100,0.01198454729743359,0.011913301279755133,0.010774427896385502,0.011010134984526064,0.015753775237694775,-0.0175015246001613,-0.0025522686321901578,0.07311831722940032,316.2900085449219,-0.03623263986547531
2025-07-01,307.54998779296875,309.0,307.3599853515625,308.5599975585937,9335600,0.008923010663382636,0.008883435847179964,0.011616372670916498,0.011071070258255872,0.015695497077296713,-0.008319146968119528,0.013010479611473835,0.06736299076063257,316.2900085449219,-0.02763293343397477
2025-07-02,309.25,309.3999938964844,306.9599914550781,308.0400085449219,8316400,0.005527596405484614,0.00551237530942954,0.011800681956310202,0.009440992771365697,0.015699808615477578,-0.005882688219290166,-0.007764665586910913,0.07539031235388283,316.2900085449219,-0.02225808073201274
2025-07-03,307.1400146484375,307.57000732421875,306.1499938964844,307.04998779296875,5275800,-0.006822911403597365,-0.006846293882020621,0.010308625457787053,0.009359265774657543,0.015732508793131338,0.0031026885249560987,-0.005729788587901852,0.06586622274125076,316.2900085449219,-0.02892912722276153
2025-07-07,307.3699951171875,307.7099914550781,304.5299987792969,305.07000732421875,7351600,0.000748780548875283,0.0007485003525817282,0.010250440800583117,0.009237955547950635,0.01570581609873153,0.0008140140791048633,-0.011354129458337026,0.0731442661381585,316.2900085449219,-0.028202008241646648
2025-07-08,304.1600036621094,306.45001220703125,302.7699890136719,306.29998779296875,11840500,-0.010443411868664265,-0.010498326962963742,0.011021425799816619,0.00944338498706007,0.01546105612984735,-0.008540306172542755,-0.01671348764937286,0.08737309571982577,316.2900085449219,-0.038350894922719925
2025-07-09,305.5199890136719,305.5400085449219,303.2300109863281,303.5799865722656,10644100,0.004471282664348264,0.004461316177625558,0.008169013046574155,0.00904293514128247,0.015183422111465766,0.014275239942709295,0.0011140846256321169,0.11621788956072687,316.2900085449219,-0.034051089950001834
2025-07-10,306.20001220703125,306.510009765625,304.82000732421875,306.1099853515625,7053700,0.0022257895319868215,0.002223316131965108,0.0069310412625923435,0.008995405154860421,0.015176581268191386,0.00449439259625084,-0.00136971794678864,0.1126453438406061,316.2900085449219,-0.03190109097757843
2025-07-11,309.1400146484375,310.2799987792969,308.5199890136719,308.8599853515625,9187300,0.009601575193336043,0.00955577301886398,0.007069213485761437,0.009238019756420511,0.014531042572337189,0.00516997860048396,0.007922869358872209,0.08325744396627144,316.2900085449219,-0.022605816508013077
2025-07-14,308.010009765625,309.3800048828125,307.7300109863281,309.07000732421875,5772900,-0.0036553174266280575,-0.0036620144241214002,0.00688635759298392,0.009204696836274081,0.014240366214916386,-0.004009669310832686,-0.0011673812538918193,0.05356594265492998,316.2900085449219,-0.026178502499616174
2025-07-15,306.7300109863281,308.739990234375,305.7900085449219,307.7300109863281,8149000,-0.004155705135267751,-0.004164364075514542,0.006547078035322126,0.008786212820304475,0.014062300136202294,-0.001334907998160606,-0.017520823212126446,0.029537201781907774,316.2900085449219,-0.03022541749761265
2025-07-16,308.260009765625,311.0899963378906,305.7300109863281,307.1099853515625,17693100,0.004988096125243757,0.004975696789391886,0.0068361829269039,0.008309693788979368,0.014049992605320978,0.0028955807742332418,-0.025388088660272645,0.04061033093588917,316.2900085449219,-0.025388088660272645
2025-07-17,307.5899963378906,307.6700134277344,305.1199951171875,305.5,6642300,-0.0021735334020257513,-0.0021758989541098375,0.0051498356453368865,0.007759672793560723,0.01404268509267266,0.011276935279076472,-0.013438971254767007,0.03294377593796871,316.2900085449219,-0.027506440203581728
2025-07-18,308.3900146484375,309.3699951171875,308.32000732421875,309.239990234375,5574300,0.002600924347578637,0.0025975477973482998,0.005023897684408027,0.007788175300110211,0.013438301888473177,0.009393904614984683,-0.011380354443754181,0.002992205496737288,316.2900085449219,-0.024977058026043664
2025-07-21,313.1300048828125,313.3099975585937,311.6099853515625,311.8800048828125,10995800,0.015370115792427752,0.015253192127432761,0.007332806034771863,0.008429857117031588,0.013560996143390382,0.02263224167050537,0.009250290165837116,0.02289954879602507,316.2900085449219,-0.009990842507630382
2025-07-22,316.1000061035156,316.239990234375,313.6199951171875,314.4800109863281,13691800,0.009484882235462067,0.0094401831613078,0.007316007263429928,0.008651611299892177,0.013042599493270237,0.022514042586797567,0.01924999557188589,0.0016160517492416204,316.2900085449219,-0.0006007222367863108
2025-07-23,312.17999267578125,314.9599914550781,311.4200134277344,314.0,10547500,-0.01240118112003663,-0.012478717461642091,0.009190272696199712,0.009108308363253824,0.013012780226571359,0.013538465562626723,0.0035360876655434748,0.003439321701647069,316.2900085449219,-0.012994453691561603
2025-07-24,310.2699890136719,310.989990234375,309.0599975585937,309.2900085449219,7698800,-0.006118276977772341,-0.006137070328856787,0.009434595491090958,0.008488763753079519,0.012668914140391799,0.01154102272536206,0.013325015643012028,0.021801400461889386,316.2900085449219,-0.01903322700247423
2025-07-25,307.3999938964844,308.3099975585937,306.20001220703125,307.82000732421875,9376400,-0.0092499926477293,-0.009293039490678532,0.010112647496007559,0.008736902907718514,0.01259532986623231,-0.002789904113071673,0.0009116917939193669,-0.002174873930616772,316.2900085449219,-0.02810716244036804
2025-07-28,305.4100036621094,306.5799865722656,304.04998779296875,306.44000244140625,9275400,-0.00647361832754334,-0.006494663067578282,0.010368865228663112,0.008851091867944125,0.012546371117879299,-0.007087332818803693,-0.0044657250232701395,0.0022314594928811715,316.2900085449219,-0.03439882572600217
2025-07-29,306.25,307.0299987792969,304.989990234375,305.79998779296875,5741100,0.002750389076383808,0.002746613677307996,0.010377593472879839,0.007850224657246344,0.012420541159385626,-0.006939312386223362,0.016698754262375104,-0.009124170114832686,316.2900085449219,-0.03174304680413553
2025-07-30,300.9599914550781,304.6499938964844,300.9599914550781,304.4200134277344,13459600,-0.017273497289540862,-0.017424424698434752,0.009075264877595647,0.008349795215539536,0.012550739648898765,-0.038865689132183134,-0.01269558536778026,-0.016663419408605273,316.2900085449219,-0.04846823066074335
2025-07-31,302.9599914550781,304.6099853515625,302.8599853515625,304.5899963378906,8981000,0.0066454015709211944,0.006623418228251275,0.008320066334830999,0.008234247295587688,0.01254454252619849,-0.04156916923353182,-0.014924391221177502,-0.0026664831546518997,316.2900085449219,-0.042144919945994785
2025-08-01,309.1099853515625,309.54998779296875,307.45001220703125,308.6099853515625,12843400,0.020299689958884537,0.020096397826572604,0.0123450675889266,0.0093471404321578,0.012512964155324864,-0.009834093780017317,-0.00045275553253842915,0.039164910344737125,316.2900085449219,-0.022700758795356046
2025-08-04,310.9100036621094,311.739990234375,310.3699951171875,310.79998779296875,7639000,0.005823229257701401,0.005806339793967675,0.012400597209090546,0.009291441957198134,0.012529060915048235,0.0020627668517734232,0.012274496431170512,0.04339214779200251,316.2900085449219,-0.017009721260443755
2025-08-05,311.1600036621094,312.239990234375,310.2200012207031,310.3699951171875,6997700,0.0008040912066364925,0.0008037680984962059,0.011662252976782375,0.009291487480538348,0.011961929069558834,0.012231652050361363,0.012330444106871674,0.013946815404057622,316.2900085449219,-0.016219307421100226
2025-08-06,310.5,311.239990234375,309.8399963378906,310.32000732421875,7418200,-0.00212110700071233,-0.0021233597342562006,0.011256813398966455,0.008967639730521183,0.011425544455489467,0.016666108761525633,0.020844280186601116,-0.015785504034814934,316.2900085449219,-0.018306011535294986
2025-08-07,313.1199951171875,313.1400146484375,310.70001220703125,311.7200012207031,10891500,0.008437987494967825,0.008402586680171171,0.011487674777960023,0.009084955643127333,0.01131669086868012,0.022432637117346887,0.024875642762528072,0.007626693860619538,316.2900085449219,-0.010022489936744705
2025-08-08,313.04998779296875,313.5299987792969,311.0,312.3500061035156,19886800,-0.00022357985855403495,-0.00022360485625666846,0.007547373565887467,0.00908698520951193,0.011027238725455055,0.04017144032812481,0.022370918722583344,0.027640031432213386,316.2900085449219,-0.010243828968416357
2025-08-11,308.54998779296875,309.6600036621094,307.6300048828125,308.6199951171875,10326700,-0.014374701087597641,-0.014479017992943764,0.01064071725750159,0.009462988030370986,0.01114934609968304,0.018451269129770465,-0.0019086071925685788,0.0055729092539653635,316.2900085449219,-0.024471278076600433
2025-08-12,308.2699890136719,309.3099975585937,306.7099914550781,308.2200012207031,9697400,-0.0009074665058316222,-0.0009078785028290671,0.0072666297121113735,0.00942955792291879,0.010544252109859232,-0.002717467496028192,0.0008440610363433798,0.03380390519379106,316.2900085449219,-0.025356537717222682
2025-08-13,309.2099914550781,310.3900146484375,308.45001220703125,309.1000061035156,4718600,0.0030492830145867345,0.003044643380447489,0.0069412072553065645,0.009398667245404512,0.010538548910237254,-0.005467859467393588,0.008085222768960065,0.032558606418923164,316.2900085449219,-0.022384573962405785
2025-08-14,307.25,308.3399963378906,306.5199890136719,307.92999267578125,5817700,-0.006338706734070332,-0.006358881635978504,0.007193024514577402,0.009448620371331455,0.01021019626565899,-0.012565894125503574,-0.003276486516667898,0.04806247837999922,316.2900085449219,-0.028581391446761306
2025-08-15,307.42999267578125,308.0,306.8699951171875,307.3399963378906,5990100,0.0005858183101099534,0.0005856467855486066,0.007244373916253118,0.00943772455388554,0.01002386251056956,-0.009887302171396994,-0.0005201848695157718,0.032198483937029954,316.2900085449219,-0.02801231663908932
2025-08-18,306.95001220703125,307.8900146484375,306.6300048828125,307.7900085449219,6150100,-0.0015612675411803556,-0.0015624875893944005,0.005829864937641867,0.009424455533039663,0.009896705187757482,-0.019704851195616158,-0.00466941980286828,0.043196106560947634,316.2900085449219,-0.02952984945954773
2025-08-19,305.2699890136719,307.4800109863281,305.19000244140625,306.760009765625,5029900,-0.005473279447945512,-0.005488312721199512,0.005776958081497453,0.008780396237918035,0.009802639761885761,-0.024852257092059293,-0.025101445874157635,0.024292823756096205,316.2900085449219,-0.034841503789345474
2025-08-20,308.3599853515625,308.4700012207031,307.3999938964844,307.5400085449219,6515400,0.010122175284489776,0.010071289165624142,0.0055596409261543375,0.00882008653275086,0.009604679738646326,-0.0006157914403605025,-0.02448598735369356,0.015745434451289286,316.2900085449219,-0.025072000313386744
2025-08-21,307.2900085449219,308.1499938964844,307.0299987792969,307.8599853515625,4809000,-0.0034698951143765644,-0.00347592916281607,0.005706036122885997,0.008457967022252825,0.00957279710359151,-0.0031789681242909706,-0.015663989511134124,0.004806752944534143,316.2900085449219,-0.028454898216368263
2025-08-22,310.5799865722656,311.0199890136719,306.42999267578125,306.5199890136719,8526500,0.01070642694476942,0.010649518982753443,0.007059953907648842,0.008713787923418842,0.009594073118315175,0.00443063017058587,0.0009991219569098764,0.024644523709897115,316.2900085449219,-0.01805312156057337
2025-08-25,309.8299865722656,310.8399963378906,309.6700134277344,309.6700134277344,4044400,-0.0024148368614391735,-0.002417757282480456,0.006549624849545807,0.008472019665527524,0.009197145342585622,0.008397027086299858,0.007904986089881216,0.00025822945041364953,316.2900085449219,-0.020424363078603958
2025-08-26,312.0799865722656,312.2099914550781,310.3099975585937,310.6199951171875,11698500,0.007262047243691283,0.0072358055476428994,0.006918667940450931,0.008444250484609147,0.008978802170033563,0.015125374905721412,0.021839438231157526,0.02489322355423851,316.2900085449219,-0.013310638524511975
2025-08-27,312.7099914550781,312.9100036621094,310.7699890136719,311.3900146484375,4320100,0.0020187288833615202,0.0020166939883499383,0.0067267682504254436,0.008438448706590211,0.008974278073221105,0.018765202863591623,0.021093849649234775,0.02929460507555537,316.2900085449219,-0.011318780211595825
2025-08-28,315.0299987792969,315.0799865722656,313.07000732421875,313.32000732421875,9610200,0.007419038046796889,0.007391652350960381,0.005827610036680066,0.007419550056240351,0.00899081201622928,0.03197173032684808,0.046750424387617784,0.030823644119147176,316.2900085449219,-0.00398371662583219
2025-08-29,318.07000732421875,318.0899963378906,314.6400146484375,314.7200012207031,15642600,0.00964990177666114,0.009603638858147003,0.00575422150448551,0.007537501426741391,0.009016566075202414,0.03148924125672736,0.049874624687468394,0.04766139963702587,318.07000732421875,0.0
2025-09-02,325.5899963378906,325.9200134277344,320.239990234375,320.82000732421875,21247500,0.023642559312442524,0.02336740250914344,0.008155958536587163,0.007959102018033076,0.00888761902745496,0.059552823990675074,0.053314392181749826,0.044662567171813716,325.5899963378906,0.0
2025-09-03,328.1400146484375,329.45001220703125,326.7300109863281,327.760009765625,16062200,0.007831992196408066,0.007801481349128729,0.008088229738515628,0.008012846354658557,0.008845823665851326,0.05653947078166288,0.05541800129742147,0.062251175935895686,328.1400146484375,0.0
2025-09-04,326.69000244140625,327.5599975585937,325.3500061035156,327.0299987792969,11703100,-0.004418882618094533,-0.0044286747373555105,0.008537805014483734,0.008151309789234975,0.008843838779224747,0.05441699189825888,0.049910009630161234,0.05078806321938756,328.1400146484375,-0.004418882618094533
2025-09-05,331.04998779296875,331.44000244140625,328.92999267578125,329.5299987792969,16065200,0.01334594055214322,0.013257668006979742,0.008799825913018033,0.008421100419768925,0.008949787810008747,0.060785702502298644,0.0661835355651168,0.07021628087656762,331.04998779296875,0.0
2025-09-08,334.82000732421875,335.6700134277344,333.2300109863281,333.6600036621094,18617300,0.011388067271604019,0.011323711365555902,0.008351085085719374,0.008538563608667407,0.008845111697449358,0.07070453926419162,0.06930254389825818,0.09712305970177604,334.82000732421875,0.0
2025-09-09,334.0599975585937,338.3099975585937,333.8500061035156,337.0299987792969,21641900,-0.002269905468609279,-0.00227248560921713,0.009537316947724665,0.00859146535449805,0.008848055747327072,0.060406941729472585,0.06711391338408101,0.0894918885864533,334.82000732421875,-0.002269905468609279
2025-09-10,335.260009765625,336.5,326.19000244140625,335.7300109863281,11945700,0.0035922056391106683,0.0035857690781288176,0.009684288807775361,0.0075979762267592696,0.008851162581314385,0.05404471357113505,0.0865662713640365,0.09308473511117565,335.260009765625,0.0
2025-09-11,334.760009765625,335.1600036621094,332.9700012207031,333.3699951171875,9082600,-0.0014913797811720864,-0.0014924929949519461,0.007037105055420491,0.0076178320197132846,0.008844077443644516,0.028164297216975775,0.0859312346190737,0.0855790610834517,335.260009765625,-0.0014913797811720864
2025-09-12,335.4200134277344,336.3900146484375,335.2300109863281,335.8800048828125,9619700,0.0019715725978484144,0.0019696315993883206,0.006850940392355587,0.0076279029539861294,0.008730230354223593,0.02218564775495757,0.08476447300204404,0.07437540138629162,335.4200134277344,0.0
2025-09-15,338.9100036621094,339.2799987792969,336.2300109863281,336.3099975585937,10569900,0.01040483601055886,0.010351078276418409,0.006393730986506144,0.007373987316340064,0.00867729195934792,0.03740549490153078,0.10304313641044538,0.07151662874603537,338.9100036621094,0.0
2025-09-16,339.5899963378906,340.8800048828125,338.6199951171875,340.0899963378906,12161500,0.0020064107533963593,0.00200440059968761,0.005361996244574378,0.007340733677158185,0.008450927643725393,0.025796734208800576,0.10460919372959698,0.08919750358418566,339.5899963378906,0.0
2025-09-17,336.9700012207031,341.239990234375,335.5199890136719,338.5299987792969,16535300,-0.007715171664187115,-0.007745087571334619,0.005626497420904566,0.00771936787995081,0.008527965839826887,0.006421342361427218,0.09780090509794159,0.08023978516188679,339.5899963378906,-0.007715171664187115
2025-09-18,335.6199951171875,336.32000732421875,333.8099975585937,336.2200012207031,14913300,-0.0040063094596702875,-0.004014356216469492,0.00582575024477495,0.007630910891179126,0.00851238135221578,0.0046698125186934725,0.09942020898148751,0.08173784746129487,339.5899963378906,-0.011690571758636192
2025-09-19,339.17999267578125,339.2300109863281,336.3099975585937,336.510009765625,14982600,0.010607227252210416,0.010551365296973236,0.006912195524071359,0.007649328410378531,0.008589812528389145,0.011692366509494123,0.0999481410958063,0.09367035544963076,339.5899963378906,-0.0012073490577779733
2025-09-22,345.04998779296875,345.07000732421875,341.8399963378906,342.75,12386400,0.01730643093326134,0.017158380367683163,0.008852743501781363,0.007896477094190795,0.008817159915349563,0.03073837294528725,0.12288059552228114,0.10920021437255567,345.04998779296875,0.0
2025-09-23,346.4599914550781,348.75,345.32000732421875,348.2300109863281,18384000,0.004086375052867464,0.004078048498240162,0.008793222266634149,0.007812600223305035,0.008535188837324372,0.03291389179352677,0.11552581117284566,0.1315196077356513,346.4599914550781,0.0
2025-09-24,343.32000732421875,346.8299865722656,342.1400146484375,346.70001220703125,12709100,-0.009063049726670935,-0.009104369003754706,0.009708150230933276,0.008260515785598534,0.008646864595688693,0.013012314816490678,0.10809160573016974,0.1178692784011619,346.4599914550781,-0.009063049726670935
2025-09-25,344.75,345.8299865722656,342.4700012207031,344.3900146484375,12639600,0.004165188877066628,0.004156538489887818,0.009746719498530858,0.008244463643888306,0.008643719955952086,0.015194804669614648,0.10468474376253933,0.12376948096938811,346.4599914550781,-0.004935610163518289
2025-09-26,346.739990234375,348.25,345.3099975585937,345.8299865722656,11698200,0.00577227044053652,0.005755674720215595,0.008741937627709235,0.008222164804371213,0.008267396949745917,0.02899364625420442,0.10882287010066771,0.1511187465281214,346.739990234375,0.0
2025-09-29,352.4599914550781,352.8299865722656,351.2799987792969,351.7900085449219,15719600,0.016496514338703028,0.01636192499893196,0.008994933610874549,0.00858820083200803,0.008371793767655894,0.0501757838713115,0.11881405840973214,0.15625104806255963,352.4599914550781,0.0
2025-09-30,355.4700012207031,355.57000732421875,350.8699951171875,351.1300048828125,13312400,0.008540004081594166,0.008503744538253297,0.008892141859414709,0.008564090422922273,0.00836707505221526,0.048027622196729514,0.11758415768627128,0.15581211292387476,355.4700012207031,0.0
2025-10-01,356.0299987792969,356.9700012207031,354.7900085449219,356.1700134277344,15573600,0.0015753722020723782,0.0015741326049985922,0.007688182018891056,0.007493277663811385,0.00835756623751869,0.031821508114111774,0.09349182340914508,0.15126919572933506,356.0299987792969,0.0
2025-10-02,354.7900085449219,358.6700134277344,351.3999938964844,358.260009765625,16162100,-0.003482825151325697,-0.003488904306035992,0.008268169420651884,0.007631504939115629,0.008309391606030588,0.024043229507854535,0.08121531269216486,0.1551409507843715,356.0299987792969,-0.003482825151325697
2025-10-03,357.6400146484375,358.1400146484375,355.79998779296875,357.1199951171875,14464000,0.008032937892485048,0.008000845595952238,0.006239192183114863,0.0074463240093885765,0.008337724593492265,0.04171037812746947,0.09473816760763087,0.16354888352743768,357.6400146484375,0.0
2025-10-06,364.3800048828125,365.2999877929688,361.3699951171875,362.1600036621094,17093700,0.01884573861512795,0.018670357712142448,0.007833692962785728,0.007863713074910034,0.008423817764976412,0.056939825620921036,0.10067971097672301,0.19798790273425104,364.3800048828125,0.0
2025-10-07,366.260009765625,367.2699890136719,364.5499877929688,366.510009765625,16836800,0.005159462258136571,0.005146197838027116,0.007865686909943449,0.007711173071976667,0.008426325729566782,0.05629584149799305,0.09390120588272288,0.1988086637082036,366.260009765625,0.0
2025-10-08,372.2999877929688,373.5700073242188,370.5,371.6499938964844,28052300,0.01649095687844504,0.016356457714615965,0.007864672587293144,0.007992249901792405,0.008597376543506995,0.056290066444092623,0.11447042601282376,0.2158718907602306,372.2999877929688,0.0
2025-10-09,365.4299926757813,373.2200012207031,362.8299865722656,373.1400146484375,33674800,-0.018452848086064955,-0.018625225753276277,0.012649286598387273,0.009516959188689847,0.008975713141982908,0.02801921799554119,0.08998980502102727,0.1820857066703523,372.2999877929688,-0.018452848086064955
2025-10-10,369.1199951171875,370.30999755859375,365.4400024414063,367.5400085449219,24192800,0.01009770001194199,0.010047058859954675,0.012783733825493044,0.009509191858961425,0.008985931955982893,0.036766554455443856,0.10264065106109577,0.19840259541585392,372.2999877929688,-0.00854147939846206
2025-10-13,378.0899963378906,378.8599853515625,375.5799865722656,376.5,18514400,0.02430104394061705,0.024010471634505016,0.013888921857187023,0.010395222298727792,0.009333199898603402,0.06567261543955971,0.12721358655406956,0.23264754929618947,378.0899963378906,0.0
2025-10-14,380.7900085449219,382.3800048828125,377.8999938964844,378.2099914550781,18409600,0.007141189222626965,0.007115811676483972,0.013905604832106217,0.010346747410746216,0.009343163599292265,0.06472987626745552,0.12357264297387505,0.23528838150119635,380.7900085449219,0.0
2025-10-15,387.3900146484375,387.760009765625,384.5899963378906,385.9299926757813,20598300,0.017332403569977117,0.01718391083164241,0.013739301712252586,0.010616518667199013,0.009477633155066792,0.06314838755497898,0.14075802828710549,0.2594363251751717,387.3900146484375,0.0
2025-10-16,396.4500122070313,396.8699951171875,390.3999938964844,391.1499938964844,33621400,0.02338727694573106,0.023117985169431865,0.014618672996465255,0.010725991556466571,0.009794832540820586,0.08242778800974015,0.17651426171723505,0.2855474995160969,396.4500122070313,0.0
2025-10-17,388.989990234375,397.2799987792969,385.2200012207031,397.1400146484375,62025000,-0.01881705572696668,-0.018996349267191463,0.018240584616793135,0.011958935754372827,0.010099396309781147,0.0448294466522714,0.1590191165414696,0.242263546030834,396.4500122070313,-0.01881705572696668
2025-10-20,403.1499938964844,403.2999877929688,394.2000122070313,397.4500122070313,34523000,0.03640197438905224,0.03575507474940295,0.017540097771803702,0.013553424357678815,0.010894743567711931,0.10322086850208056,0.18860192995478786,0.2753874916549728,403.1499938964844,0.0
2025-10-21,377.239990234375,388.8900146484375,375.6499938964844,386.5400085449219,54101400,-0.06426889260666147,-0.066427122202817,0.034655105293046815,0.020676138052579684,0.013737427491678845,0.021998253209256635,0.09329083779223413,0.20840540420590847,403.1499938964844,-0.06426889260666147
2025-10-22,377.2799987792969,378.4700012207031,368.9299926757813,372.75,30524100,0.00010605594835544352,0.00010605032482095541,0.033436072119005934,0.02069800411600849,0.013692344830576467,-0.002142340623764838,0.08895690147303736,0.2159732237676144,403.1499938964844,-0.0641696527566612
2025-10-23,378.7900085449219,382.25,378.6499938964844,381.4599914550781,13695500,0.004002358382396931,0.0039943702532297155,0.03334814062393227,0.020472183990051705,0.013599440056290421,-0.00525223864891422,0.10331469318421216,0.23223817848375683,403.1499938964844,-0.0604241243218705
2025-10-24,377.5199890136719,380.7699890136719,376.80999755859375,378.510009765625,13263800,-0.0033528327110016187,-0.003358466049881991,0.03243281833249075,0.020551194363019307,0.013568497361396864,-0.025478265472905437,0.0950543553696066,0.23610878650635647,403.1499938964844,-0.06357436505231207
2025-10-27,367.010009765625,371.5899963378906,365.3399963378906,371.1300048828125,23657600,-0.027839530498784404,-0.02823439606845571,0.031183864189264696,0.02172561813918299,0.014130089455899969,-0.07425905293208157,0.05845884553883929,0.198400031887755,403.1499938964844,-0.08964401507628184
2025-10-28,364.3800048828125,365.2999877929688,360.1199951171875,361.80999755859375,19257600,-0.007166030388359279,-0.007191829710492189,0.030978599573370152,0.021600512583100057,0.013952726449505374,-0.06326637180749672,0.033819479420981624,0.21072572843025417,403.1499938964844,-0.09616765372846992
2025-10-29,363.0,370.0799865722656,361.3599853515625,369.6499938964844,18891800,-0.0037872684129753864,-0.003794458273018786,0.024163595589011575,0.021575995669481127,0.013972310814938911,-0.09959070942412951,0.02118321870604678,0.19817801108508548,403.1499938964844,-0.09959070942412951
2025-10-30,370.1300048828125,370.3599853515625,364.5,365.0899963378906,14812800,0.01964188672951095,0.019451474207493994,0.014174324467758223,0.021947686189756038,0.013959392514593865,-0.018847379746630644,0.03960342148655904,0.19740552690929603,403.1499938964844,-0.08190497212843895
2025-10-31,368.1199951171875,370.6600036621094,365.5,370.4700012207031,11077900,-0.005430550723012573,-0.005445349765875755,0.014150794674138618,0.021976485913645098,0.013994135049131343,-0.02427905982757339,0.03757148242966335,0.1840082042430926,403.1499938964844,-0.08689073374584111
2025-11-03,368.7799987792969,370.8399963378906,367.5400085449219,368.9100036621094,7254300,0.0017929035935666526,0.0017912982604373527,0.013981300521568447,0.021932860733363847,0.013992435019433945,-0.026426277197958092,0.031148595443969196,0.18517802557862617,403.1499938964844,-0.08525361686105493
2025-11-04,362.3200073242188,365.739990234375,361.3900146484375,363.4800109863281,11540100,-0.01751719582531963,-0.01767243750416912,0.014910939061437154,0.021946493975288413,0.014212452659388636,-0.040262720205002434,-0.005653431941898712,0.16689213308927142,403.1499938964844,-0.10127740838500265
2025-11-05,366.510009765625,367.1000061035156,364.6499938964844,366.3900146484375,8357300,0.011564369498526794,0.01149801326624776,0.012414206137473868,0.02206649840569171,0.014238764251289086,-0.0013623606623680562,0.0006825752015897635,0.17050975817898784,403.1499938964844,-0.09088424825889319
2025-11-06,366.0700073242188,368.1799926757813,364.7000122070313,367.1600036621094,6891100,-0.0012005195756796816,-0.0012012407765737874,0.01205001825285198,0.021751637761703368,0.014242423959467974,0.004638021896810285,-0.016733764902013393,0.16936598498229016,403.1499938964844,-0.0919756595154172
2025-11-07,368.30999755859375,370.4200134277344,366.4200134277344,367.9400024414063,11060400,0.006119021470095687,0.006100376279774767,0.01201364161958733,0.02139987071976279,0.014081887750813208,0.01462809244791674,0.007881139864093445,0.1936801559873107,403.1499938964844,-0.08641943908062266
2025-11-10,378.3800048828125,378.6600036621094,374.7799987792969,375.9299926757813,13456200,0.02734111859838051,0.026974026330607748,0.014061174225044288,0.022101993352266404,0.01440432531055377,0.022289465569299116,0.025086719462827034,0.22743055882105745,403.1499938964844,-0.061441124615351006
2025-11-11,379.8699951171875,380.3999938964844,376.8699951171875,379.9800109863281,10753200,0.003937814406542062,0.0039300815092205245,0.013534519019936951,0.021485903803519123,0.0144044497974433,0.031918939899636456,0.004707870603659403,0.22851785393349688,403.1499938964844,-0.057745253954473386
2025-11-12,385.989990234375,387.4599914550781,379.4400024414063,380.0700073242188,16203700,0.016110762091908537,0.015982361021277473,0.01411320849906729,0.0217135788550214,0.014437903310012072,0.04666736675536942,0.013655772401495847,0.2562733612184702,403.1499938964844,-0.042564811910962064
2025-11-13,382.8699951171875,388.1799926757813,381.2099914550781,387.2900085449219,15867900,-0.008083098515826892,-0.00811594387120292,0.011661309093651737,0.02145715630344977,0.014509502618820246,0.05671778366514468,-0.011667878263078024,0.24538920807562858,403.1499938964844,-0.050303854858805064
2025-11-14,375.9599914550781,378.2000122070313,370.8900146484375,372.8699951171875,15198000,-0.018047911171504505,-0.018212761198262515,0.01502583825617199,0.021068160174462135,0.014750658565783085,0.025783693317124268,-0.05168374352641725,0.22482481349927785,403.1499938964844,-0.06744388652623357
2025-11-17,371.6499938964844,375.4599914550781,368.5199890136719,374.0400085449219,13295200,-0.011463979297139493,-0.011530197275275704,0.01605381846783039,0.020839953318835754,0.01482745068500542,0.015242949328333033,-0.04457697311810749,0.21744687414995,403.1499938964844,-0.07813469050451771
2025-11-18,374.3500061035156,375.5400085449219,371.6199951171875,374.8299865722656,7818800,0.007264932736103624,0.0072386702324458525,0.016105328078743972,0.01905145813977213,0.014810412482980026,0.016399252219486682,-0.07143740103928575,0.21400319070815121,403.1499938964844,-0.07143740103928575
2025-11-19,374.9599914550781,380.1700134277344,373.0299987792969,377.7799987792969,10980400,0.0016294519610446923,0.0016281258445646413,0.011848275955724755,0.012972266141570066,0.014787332663133285,-0.009038568062796015,-0.006043894704483299,0.22021536993860247,403.1499938964844,-0.06992435289145638
2025-11-20,374.8500061035156,377.6900024414063,371.8500061035156,375.2900085449219,10506500,-0.0002933255655774847,-0.00029336859393561273,0.011646548832345904,0.012972074701462824,0.014763067274954146,-0.013215018501588238,-0.006440820302278327,0.20693548299930686,403.1499938964844,-0.07019716785667429
2025-11-21,374.2699890136719,377.2300109863281,372.9400024414063,374.0299987792969,13194600,-0.0015473311468576778,-0.0015485295000223418,0.008632770654330569,0.012938079468741507,0.014758245745798338,-0.03036348484992235,-0.011932784469720126,0.20798504093914127,403.1499938964844,-0.07163588073928617
2025-11-24,380.2000122070313,380.2799987792969,374.1900024414063,374.8800048828125,10085300,0.01584423909859045,0.01572002942959321,0.011253557409015933,0.013395911408872472,0.014836569512463644,-0.006973601860179701,0.0070990232871148695,0.21827745631164253,403.1499938964844,-0.05692665766316707
2025-11-25,380.0799865722656,382.5199890136719,378.05999755859375,380.260009765625,10462800,-0.0003156907704157108,-0.0003157406112367744,0.008394616582908167,0.011736149758000677,0.014842604066759128,0.010958599879848707,0.03561204451885991,0.21543921511335995,403.1499938964844,-0.057224377213167865
2025-11-26,383.1199951171875,383.7799987792969,380.4599914550781,381.05999755859375,9184100,0.007998338908444147,0.007966521739529534,0.006317058174401394,0.011627241079265159,0.014845432012314955,0.03086237430128369,0.051429798515980396,0.2161381347863096,403.1499938964844,-0.04968373826749928
2025-11-28,387.8800048828125,388.0,384.989990234375,385.9800109863281,7175400,0.012424331348639184,0.012347782735317652,0.006977750657802061,0.011729784154560205,0.014868908671913659,0.036142643405101316,0.06853995835485538,0.21947997595206847,403.1499938964844,-0.03787669414573447
2025-12-01,389.75,390.7000122070313,388.05999755859375,390.6099853515625,11177100,0.004821066034977672,0.004809481913078849,0.006815123350067443,0.011122933621289277,0.014640186558960556,0.03944423106990014,0.05300838856174184,0.1970576626547378,403.1499938964844,-0.033238234154420065
2025-12-02,387.239990234375,388.9800109863281,382.9100036621094,388.8699951171875,8103900,-0.006440050713598433,-0.006460877304549151,0.007989974908098703,0.011161134652423577,0.014674056616772577,0.033053178415683115,0.05193957234271074,0.18010596985331406,403.1499938964844,-0.03946422895443358
2025-12-03,386.8800048828125,390.1300048828125,385.8299865722656,388.4599914550781,7886800,-0.0009296182229129313,-0.0009300505859088987,0.007912726590956909,0.011185218986943798,0.014653173297196198,0.03369229764420134,0.04908076946534168,0.18424194799839855,403.1499938964844,-0.04035716051095728
2025-12-04,387.1300048828125,388.0,385.3999938964844,386.9200134277344,6754400,0.0006461951944911615,0.0006459865002764292,0.006286122391888283,0.010234501843540354,0.014592909947215151,0.018227228967072184,0.06847537275630677,0.1694004505594935,403.1499938964844,-0.039737043919651605
2025-12-05,386.4400024414063,391.739990234375,386.1799926757813,389.1199951171875,9449800,-0.0017823532991586566,-0.0017839435807101467,0.006422491625262474,0.010103237244520023,0.01455918246664688,0.016733361644474476,0.05437775816416601,0.15417237317960497,403.1499938964844,-0.04144857176748129
2025-12-08,385.4200134277344,387.239990234375,384.010009765625,387.0199890136719,6822100,-0.002639449868615973,-0.002642939357994434,0.006126312829010335,0.010134938820121885,0.014561162061768612,0.006003388859522563,0.05285875847888777,0.15374488488443516,403.1499938964844,-0.043978620208791286
2025-12-09,387.3999938964844,388.2099914550781,385.2699890136719,385.6199951171875,6358700,0.005137202012788666,0.005124051608821799,0.0041298048440176725,0.010119684148830575,0.014564540321137192,-0.0012375244412847763,0.05183132813236657,0.15552103624679137,403.1499938964844,-0.039067345252258856
2025-12-10,389.0499877929688,389.760009765625,384.5,385.9500122070313,9120500,0.00425914796716631,0.004250103468607268,0.004020649049022531,0.008387051218975754,0.014557759983700564,-0.001796054411882464,0.028199119331004052,0.16217581683473403,403.1499938964844,-0.03497459088920629
2025-12-11,393.239990234375,394.0899963378906,388.5,389.0199890136719,11240600,0.010769830543307712,0.010712248978541639,0.004792301868707279,0.008621336152024272,0.014594821906825487,0.015494267511907855,0.03519623894765078,0.17238081954551543,403.1499938964844,-0.024581430763096934
2025-12-12,395.4400024414063,400.3900146484375,391.4700012207031,399.1600036621094,16792100,0.005594579039939651,0.00557898750763174,0.004714008234993114,0.008026339130257049,0.01456606510072818,0.022125717148878454,0.024482531791286233,0.1667994398762478,403.1499938964844,-0.019124374480476214
2025-12-15,395.7999877929688,398.7099914550781,394.0700073242188,397.760009765625,11345000,0.0009103412637567754,0.0009099271544499963,0.00469171612393032,0.007742098012528532,0.014567388211217683,0.022395533285467728,0.033771235251338405,0.16552310745676224,403.1499938964844,-0.018231442923952512
2025-12-16,395.8900146484375,398.7099914550781,394.5899963378906,397.75,9201600,0.00022745542760294057,0.00022742956353904103,0.004389283704386817,0.006317923827838421,0.01451146668525615,0.024454021704091167,0.05301102150849668,0.17485239995931834,403.1499938964844,-0.018008134336995663
2025-12-17,399.2900085449219,399.9800109863281,397.25,398.0799865722656,10456900,0.008588228474273762,0.0085515594385759,0.0037981613398072283,0.005576667895579449,0.014504816448124002,0.03598670186800801,0.07437108866504127,0.18970864177953062,403.1499938964844,-0.009574563834803373
2025-12-18,398.5700073242188,402.2099914550781,396.0499877929688,398.2799987792969,11837600,-0.0018032036998042456,-0.001804831428641165,0.004599001627025043,0.005616347606220685,0.014482240790398006,0.028833282405056337,0.06469881347886464,0.17509881458487997,403.1499938964844,-0.011360502645676784
2025-12-19,399.0199890136719,400.6300048828125,397.1700134277344,397.9200134277344,9894800,0.0011289903434379411,0.001128353513111944,0.004728801469357526,0.0056235322266,0.014361433543749288,0.025626530095172573,0.06416683941458934,0.15641212325758813,403.1499938964844,-0.01024433820002224
2025-12-22,408.2300109863281,408.5199890136719,405.7200012207031,406.9800109863281,14202100,0.02308160549906857,0.022819254559298667,0.008562330427846685,0.007070295626951935,0.014594655373906229,0.03811926844728819,0.08904896449059829,0.1782890407398139,408.2300109863281,0.0
2025-12-23,413.6400146484375,413.760009765625,407.1000061035156,410.2999877929688,13193300,0.013252341857567629,0.013165297757330809,0.00906718103782941,0.007215962876900364,0.014575009803514187,0.0460247119529289,0.1051915109157402,0.20482350525470872,413.6400146484375,0.0
2025-12-24,411.9299926757813,412.6300048828125,408.8299865722656,412.25,6718400,-0.004134082564786645,-0.0041426515087481285,0.00975809266488511,0.007000672461611094,0.014602411671145657,0.04075291910127499,0.08345602169910493,0.1948658235700691,413.6400146484375,-0.004134082564786645
2025-12-26,416.739990234375,418.4500122070313,414.75,416.4800109863281,10476200,0.011676735474757116,0.011609088487159046,0.009634353273199907,0.007131995515324052,0.014639808752422274,0.05266608101862058,0.09645339127883568,0.20188037714566542,416.739990234375,0.0
2025-12-29,398.6000061035156,403.760009765625,395.3299865722656,403.6600036621094,20679200,-0.0435283019531133,-0.04450407961760148,0.0214516740856076,0.012603482033285627,0.015666485666239623,-0.0017280733968794149,0.040405124200299625,0.1309085166176036,416.739990234375,-0.0435283019531133
2025-12-30,398.8900146484375,403.7999877929688,398.55999755859375,403.6000061035156,10179000,0.0007275678386380324,0.0007273032894686568,0.02143845620843554,0.01237450884062864,0.015645408624057618,0.000802888622671416,0.02838509236626252,0.1221481792517729,416.739990234375,-0.04283240390704679
2025-12-31,396.30999755859375,400.1300048828125,395.5899963378906,398.6000061035156,10194700,-0.006467991163222386,-0.006488999253824397,0.021582190302542555,0.012463704978286642,0.015681317403907834,-0.006791618289040846,0.01683129585271015,0.11313653039744676,416.739990234375,-0.0490233554602989
2026-01-02,398.2799987792969,401.8200073242188,396.25,401.6199951171875,10372600,0.004970859258759619,0.004958545328225588,0.01920041664185993,0.0123775058085464,0.01567132853203565,-0.02437354417670312,0.028509474288128,0.12257952362508107,416.739990234375,-0.04429618440192462
2026-01-05,408.760009765625,409.7200012207031,406.1499938964844,406.3900146484375,13410600,0.026313174195160993,0.025972938179914393,0.021571702555646645,0.013496681933445248,0.01595230910958035,-0.011797709868471284,0.0565550160428685,0.14293701214456878,416.739990234375,-0.01914858342311243
2026-01-06,413.1799926757813,413.4800109863281,410.30999755859375,410.6700134277344,11640900,0.010813149047262716,0.010755105002161711,0.02200204808613893,0.013600863372340753,0.01584929142336771,0.0030344962062129888,0.0672900252225459,0.133926085786906,416.739990234375,-0.008542490862447738
2026-01-07,409.2300109863281,410.80999755859375,406.6499938964844,408.6300048828125,10589500,-0.009559953917112063,-0.009605943617543418,0.021689071634750805,0.013846849059313531,0.01591216376323116,-0.01802077896057741,0.058974248009889596,0.1173210289821165,416.739990234375,-0.01802077896057741
2026-01-08,411.489990234375,411.6400146484375,406.3999938964844,406.9700012207031,8705900,0.005522515913727544,0.005507322733438559,0.011895742565776966,0.01380027889715114,0.015809489467497568,0.03233814333538132,0.06764043354881122,0.10526458159112062,416.739990234375,-0.012597783085437464
2026-01-09,414.4700012207031,415.2900085449219,411.7999877929688,413.2200012207031,14011200,0.007242001159325273,0.007215903791294916,0.011795139882756886,0.013822575460735176,0.015611012906593431,0.03905835192690166,0.0698761170642972,0.13419809410233974,416.739990234375,-0.005447015085821794
2026-01-12,422.2300109863281,425.739990234375,421.5199890136719,421.5199890136719,20904100,0.018722729613168898,0.018549616736782293,0.011352711611976995,0.014226486260111318,0.015719526098593766,0.06540338015041414,0.08528473007179715,0.14388279305291873,422.2300109863281,0.0
2026-01-13,421.6300048828125,426.1199951171875,420.0700073242188,424.5899963378906,16681200,-0.0014210408732292512,-0.0014220515093612454,0.011984036687743008,0.014185194185631444,0.015469854901012775,0.058627112019388194,0.07219513618520024,0.11515779038494078,422.2300109863281,-0.0014210408732292512
2026-01-14,425.9400024414063,426.8599853515625,422.8399963378906,426.0299987792969,18305500,0.010222226854542216,0.010170333239523918,0.009144998711851123,0.014256401710239838,0.01549170356581911,0.042029533871554614,0.07712927324422436,0.11856927147067742,425.9400024414063,0.0
2026-01-15,423.3299865722656,425.05999755859375,422.7900085449219,423.0199890136719,14253200,-0.0061276608305878,-0.0061465119926863475,0.00985293877212135,0.014405775951135435,0.015396427722324812,0.024565550308359052,0.06955533003628322,0.09277464716390327,425.9400024414063,-0.0061276608305878
2026-01-16,421.2900085449219,424.7999877929688,417.0400085449219,422.7999877929688,20951600,-0.004818883830700504,-0.0048305320875177415,0.008923528571076466,0.014501485320222827,0.015158780683089311,0.029469973449715248,0.06415921836028216,0.06265606147823455,425.9400024414063,-0.01091701617559182
2026-01-20,437.2300109863281,438.1400146484375,434.1000061035156,436.6900024414063,21308100,0.03783617488689295,0.037137944625647984,0.015592671329132122,0.016345571926118914,0.015632421956603942,0.06255321238140499,0.09501866219910138,0.12401352724497472,437.2300109863281,0.0
2026-01-21,443.6000061035156,448.0,437.1099853515625,446.8699951171875,38830200,0.014568979615140476,0.014463871678662811,0.01571547351455604,0.01642219716748755,0.015089572469865654,0.07028254106936171,0.11297889442711351,0.1003348947523921,443.6000061035156,0.0
2026-01-22,451.7900085449219,452.9800109863281,443.55999755859375,443.8399963378906,19251200,0.01846258414950319,0.01829421977969421,0.01569129626703591,0.016639458163342516,0.012667412452476334,0.07000922906816043,0.13224906266398073,0.19761960619347319,451.7900085449219,0.0
2026-01-23,458.0,458.75,453.4500122070313,454.1099853515625,21531900,0.013745304981574558,0.013651695099226603,0.014908411056763484,0.016282956831671067,0.012734474174231717,0.08626045275714223,0.12191653644821998,0.21395250604822835,458.0,0.0
2026-01-26,464.7000122070313,469.2799987792969,460.3599853515625,466.7799987792969,34156000,0.014628847613605389,0.014522878245374984,0.014914650169545402,0.01631795075299196,0.0128158990648875,0.09099875462144924,0.12344066277531418,0.22680113446530115,464.7000122070313,0.0
2026-01-27,476.1000061035156,476.489990234375,463.9500122070313,465.0700073242188,28386200,0.02453194232197564,0.024235866660731447,0.012853042159689345,0.016651044321938677,0.013060532309911372,0.12465457492990928,0.15577892983927666,0.2611252912657658,476.1000061035156,0.0
2026-01-28,494.55999755859375,495.8800048828125,481.25,483.3900146484375,44154600,0.038773348494905324,0.03804054442699281,0.010941597288237435,0.01802098533724375,0.013156004202986646,0.17391817400734566,0.18673515656717443,0.3475381717093302,494.55999755859375,0.0
2026-01-29,495.8999938964844,509.7000122070313,468.510009765625,509.510009765625,69970900,0.0027094717415592218,0.002705807739847273,0.011174101486769734,0.013664949127595518,0.013069304260465707,0.13418562641161147,0.244104330915891,0.36094183888045595,495.8999938964844,0.0
2026-01-30,444.9500122070313,470.05999755859375,430.7999877929688,466.25,86593500,-0.10274245274560034,-0.10841233744964714,0.04725418184545121,0.028250646629785537,0.018821460587803603,0.0030432959534285597,0.11547042008356323,0.22575760938576117,495.8999938964844,-0.10274245274560034
2026-02-02,427.1300048828125,440.7799987792969,422.5499877929688,434.010009765625,41626200,-0.04004945911975233,-0.04087351576386029,0.048888895259426544,0.029872694190502588,0.01948235124781627,-0.054582888500637194,0.07776742326481956,0.15399994393333993,495.8999938964844,-0.1386771322042547
2026-02-03,454.2900085449219,459.0,448.30999755859375,452.6300048828125,28703500,0.06358720612372104,0.061647351472448514,0.055572086733973236,0.03258198657842863,0.020918513562176357,-0.008100418024188039,0.14062973269381374,0.2340813174255938,495.8999938964844,-0.08390801747065213
2026-02-04,453.9700012207031,463.1000061035156,445.7099914550781,462.4700012207031,24427900,-0.0007044119795716064,-0.0007046601942605336,0.05520982811131099,0.032305511853975295,0.020924290872209744,-0.023090188733517425,0.1106027751613976,0.23100494257658966,495.8999938964844,-0.08455332363753532
2026-02-05,441.8800048828125,450.8999938964844,440.3500061035156,444.2900085449219,17718100,-0.026631707613677613,-0.02699275619765067,0.054496348876325214,0.033024195654631765,0.021102876657723302,-0.07187565801724205,0.06946128253008577,0.21958488615120864,495.8999938964844,-0.10893323185833348
2026-02-06,455.4599914550781,456.9299926757813,450.0299987792969,450.7300109863281,12663900,0.03073229479090611,0.030269515441489408,0.05338774762963328,0.03338150639577037,0.02135938968656357,-0.07906018743233112,0.11296820669951924,0.24269454945128155,495.8999938964844,-0.08154870526142377
2026-02-09,467.0299987792969,467.55999755859375,460.8500061035156,461.3900146484375,12330900,0.02540290594406658,0.025085614324893347,0.05498464660855295,0.03365826411229607,0.02152359363633697,-0.05821737340697353,0.13497292732026756,0.27579421814161464,495.8999938964844,-0.05821737340697353
2026-02-10,462.3999938964844,466.75,459.5199890136719,465.9599914550781,7861600,-0.009913720520981939,-0.009963188662021111,0.03602775912949615,0.03384964217526103,0.02159408873903272,0.039217847422675645,0.11564164483464934,0.25546413880041907,495.8999938964844,-0.06755394315853303
2026-02-11,467.6300048828125,468.6099853515625,462.8200073242188,466.0,11209600,0.011310577541873812,0.011247091222494243,0.029756234960742284,0.03374649420940534,0.02140648100227829,0.09481890650859714,0.10752431782485128,0.23587398606763443,495.8999938964844,-0.05700743972901323
2026-02-12,451.3900146484375,466.3800048828125,448.05999755859375,464.8999938964844,20488800,-0.03472828959819363,-0.03534565209196913,0.024929420825363088,0.03484944165972126,0.021944132841123384,-0.006383574020861649,0.07058323511367859,0.1882749899980558,495.8999938964844,-0.08975595845104611
2026-02-13,462.6199951171875,463.8399963378906,456.25,459.7300109863281,12359300,0.024878663914389865,0.02457422891441271,0.02672993872390149,0.035129132063853596,0.022056242435273855,0.019054109023118215,0.0861153976276905,0.19852847695942155,495.8999938964844,-0.06711030286127373
2026-02-17,448.2000122070313,451.3699951171875,445.5299987792969,450.260009765625,10976100,-0.03117025433910059,-0.031666383600955715,0.027609264981529356,0.03592557912383814,0.022434003887242097,0.014302541989640094,0.05874855650113542,0.17063237632358175,495.8999938964844,-0.09618871199141432
2026-02-18,458.2799987792969,460.510009765625,455.3200073242188,455.80999755859375,10226300,0.022489929267582198,0.022240759759257815,0.026344298463928453,0.03610878303920322,0.02240898930273988,0.006191558813342768,0.08780172680129161,0.21895948823069067,495.8999938964844,-0.075862060052859
2026-02-19,459.55999755859375,461.510009765625,456.0299987792969,457.3399963378906,8411400,0.0027930496262249527,0.0027891563109147515,0.02417650078318497,0.035299263356577584,0.02232829909405317,-0.015994692504181507,0.05107148642860171,0.23653976888425543,495.8999938964844,-0.0732808969251093
2026-02-20,468.6199951171875,468.6199951171875,458.3399963378906,463.25,14316300,0.019714504323102178,0.0195226903950525,0.025144203707144125,0.035401406619581764,0.022415935863660495,0.013451559910910404,0.05640213856947818,0.25182312669070517,495.8999938964844,-0.05501108916123798
2026-02-23,481.2799987792969,481.4599914550781,474.6099853515625,474.6499938964844,17441600,0.027015500392687075,0.02665702371732228,0.026744030861831206,0.03563385654703398,0.022603231358488976,0.029189730671591585,0.0652736662533846,0.2835502713546343,495.8999938964844,-0.029481740869388484
2026-02-24,474.6099853515625,475.4400024414063,469.5499877929688,470.0899963378906,14147100,-0.01385890426498504,-0.013955835494471214,0.022473886676731055,0.035751271500664525,0.022711348918495765,0.051441037571931636,0.03626634356236358,0.26613306022062044,495.8999938964844,-0.04293206051009957
2026-02-25,473.4200134277344,479.5299987792969,472.8999938964844,475.739990234375,12954300,-0.0025072627221415233,-0.0025104111690772445,0.021277732185462372,0.0356517600511881,0.022715460516191503,0.02334533402044392,0.01876479662500663,0.26491577557515744,495.8999938964844,-0.04533168127733944
2026-02-26,477.4800109863281,477.8299865722656,442.0400085449219,474.9500122070313,12375000,0.008575889154321725,0.008539325114314078,0.01480301871614549,0.03530484112669764,0.022672735317981328,0.06532797407817093,0.002898560943333628,0.2558653226089973,495.8999938964844,-0.037144551596831166
2026-02-27,483.75,483.8999938964844,479.1099853515625,480.75,16795100,0.01313141674919538,0.01304594710817348,0.013787822264680314,0.034354528146815624,0.02269587016556061,0.055577379088213696,-0.021857808176879545,0.2727584116245576,495.8999938964844,-0.024500895434615755
2026-03-02,490.0,492.1499938964844,483.2799987792969,490.1000061035156,19916600,0.012919896640826822,0.012837146760680682,0.013701296779776048,0.034473888951833835,0.02271798187568135,0.06623727609695873,-0.011897547830411859,0.27897266194660597,495.8999938964844,-0.011897547830411859
2026-03-03,468.1400146484375,473.2000122070313,458.9299926757813,472.8299865722656,22591500,-0.04461221500318879,-0.04563796333219482,0.023562976773369278,0.027423483913353697,0.023506655024943028,-0.001024242400561648,0.052118219586914094,0.20691968844816677,495.8999938964844,-0.0559789868717796
2026-03-04,471.7999877929688,476.4200134277344,469.3900146484375,474.8200073242188,9985900,0.007818116439543887,0.007787713327779242,0.020870889618718795,0.025615307642256935,0.023512881250034708,-0.01969749628152606,0.10458170205675899,0.21051953250280642,495.8999938964844,-0.04859852066976689
2026-03-05,466.1300048828125,470.6700134277344,463.9100036621094,470.4500122070313,11674800,-0.012017768242597704,-0.012090565447196475,0.020717088694354943,0.022041754841784097,0.023560658926502893,-0.017867260973172594,0.026062638656337178,0.2037238318302037,495.8999938964844,-0.060032243154022225
2026-03-06,473.510009765625,475.4599914550781,467.0700073242188,469.0400085449219,10489800,0.01583250339069653,0.015708476698148666,0.021828816537618607,0.022254971648351874,0.023607563865629275,0.00019009829609650808,0.04304251050153041,0.22391957141608576,495.8999938964844,-0.04515020045661289
2026-03-09,472.5299987792969,472.6799926757813,464.7900085449219,468.0899963378906,8829800,-0.0020696732193965506,-0.0020718179527898957,0.02151953917098411,0.021285709629439716,0.02361532421187917,-0.010366951690409021,0.06936270833212466,0.2205977134795729,495.8999938964844,-0.04712642751527407
2026-03-10,477.8599853515625,481.30999755859375,474.2099914550781,479.739990234375,9616800,0.01127967872100144,0.011216537509720141,0.02132326658764962,0.020444154505622862,0.023625985373787642,-0.012175740875323027,0.04918103525388062,0.23656966756182984,495.8999938964844,-0.036378319755913546
2026-03-11,476.239990234375,477.4500122070313,473.1300048828125,476.1300048828125,7522900,-0.003390104145245987,-0.003395863568684636,0.020347393236322668,0.019785538280817173,0.023629401094368948,-0.02808165258290818,0.019720342331650764,0.23563897473546547,495.8999938964844,-0.03964509760855783
2026-03-12,466.8800048828125,475.0199890136719,466.6000061035156,475.0199890136719,11900600,-0.019653925633074443,-0.01984963254664512,0.012811518216790154,0.020167572235912912,0.023809890963995724,-0.0026915233182347453,0.009688605202125222,0.20516265420377278,495.8999938964844,-0.058519841441517784
2026-03-13,460.8399963378906,470.1000061035156,460.2200012207031,469.30999755859375,11741600,-0.012936961278600778,-0.013021372569552835,0.013015759535933848,0.02022104560442017,0.023896563729718608,-0.023230164770346562,-0.01452004463790435,0.18452643824043635,495.8999938964844,-0.07069973379735972
2026-03-16,460.4299926757813,462.7999877929688,456.9100036621094,461.2699890136719,8964100,-0.0008896876689684641,-0.0008900836759417245,0.012437325935551498,0.018643834507060083,0.023880394399552102,-0.012228374374793183,0.020026978298101072,0.17086258801237486,495.8999938964844,-0.07152652078496935
2026-03-17,459.2699890136719,462.2099914550781,456.8699951171875,460.510009765625,7610100,-0.00251939204778584,-0.002522571056499768,0.00977811049091155,0.017838740879756034,0.023886923701351058,-0.030073325712800747,-0.007241377672547511,0.16141509755762118,495.8999938964844,-0.07386570948508375
2026-03-18,444.739990234375,450.05999755859375,444.3900146484375,446.6600036621094,18375600,-0.03163716142328721,-0.03214842869758357,0.014085734022258318,0.017879524637434977,0.024274308787867783,-0.058811099013211354,-0.007719816774699351,0.1236483172076428,495.8999938964844,-0.10316596953374568
2026-03-19,426.4100036621094,428.2699890136719,416.7999877929688,420.3599853515625,30206000,-0.041215062676522196,-0.042088486470760696,0.01566366814310293,0.0191908048276659,0.02488114530109748,-0.10766748266566262,-0.06954262721933835,0.07709209094544756,495.8999938964844,-0.1401290403098503
2026-03-20,413.3800048828125,428.5899963378906,411.2300109863281,428.0899963378906,27204900,-0.0305574415876555,-0.031034054726858728,0.015371478826500959,0.020027511634186073,0.025187933285656588,-0.13199224475169924,-0.10048740734857653,0.03528762562638832,495.8999938964844,-0.16640449693350334
2026-03-23,404.0400085449219,414.5400085449219,399.6400146484375,405.1199951171875,36796800,-0.02259421410703788,-0.022853374485926194,0.015403274881393023,0.01955674189878247,0.02535913097732046,-0.13459560418241412,-0.1378088584464181,0.013724066337619467,495.8999938964844,-0.18523893220845178
2026-03-24,404.1300048828125,407.2900085449219,399.2000122070313,400.239990234375,17478500,0.00022274115430986896,0.00022271635118200717,0.017159709726885988,0.018052973946515855,0.02535904792144082,-0.123057876715844,-0.16030168320346816,0.012806415743161104,495.8999938964844,-0.18505745138772522
2026-03-25,416.2900085449219,420.6600036621094,412.25,419.7099914550781,15713200,0.030089336389747867,0.029645532839315883,0.024757801544583822,0.019816545803538872,0.025474692456373824,-0.09586687408077099,-0.12287979310726194,0.019743765381481593,495.8999938964844,-0.16053637090421202
2026-03-26,400.6400146484375,411.3699951171875,400.260009765625,408.5299987792969,15756300,-0.0375939695290467,-0.038318848265911816,0.025575706085647115,0.02095092248405395,0.025870901391442547,-0.12765905843564496,-0.15373240825275425,-0.031428294022881276,495.8999938964844,-0.19209514099718206
2026-03-27,414.7000122070313,418.3999938964844,405.4100036621094,406.2000122070313,16580700,0.03509384246336822,0.0344920916538754,0.03178167244983624,0.022706875222539755,0.026243376416413142,-0.0675450345976597,-0.13148194130600876,0.006724491006971256,495.8999938964844,-0.16374265514994746
2026-03-30,414.5799865722656,420.1000061035156,412.6600036621094,419.5400085449219,13172100,-0.00028942761329309175,-0.0002894695055481386,0.028579729277364206,0.022313873474514245,0.02620409523157332,-0.02774329164007594,-0.1429871078609496,-0.005183096685524635,495.8999938964844,-0.16398469111736613
2026-03-31,430.2900085449219,430.5700073242188,419.5899963378906,420.0799865722656,14534300,0.037893826237359374,0.037193492650150234,0.029537728050238767,0.02403250461142315,0.026016746191604996,0.04090668020312971,-0.12185712541852678,0.0795032663225208,495.8999938964844,-0.13230487227079524
2026-04-01,437.8200073242188,440.1900024414063,433.760009765625,435.0,14133100,0.017499822514495555,0.017348463901669588,0.02680303401445367,0.02282052430178352,0.026093854346081146,0.0836055788161909,-0.06476696367642987,0.09759580647836552,495.8999938964844,-0.11712036153884153
2026-04-02,429.4100036621094,431.6700134277344,421.1700134277344,422.2900085449219,10838600,-0.019208815315471806,-0.01939570172340335,0.029113983107696507,0.022945534170851895,0.026208247474178464,0.06255412484561118,-0.08984736165245655,0.08352049231011849,495.8999938964844,-0.13407943345983242
2026-04-06,427.6499938964844,431.489990234375,426.7099914550781,428.8699951171875,5417300,-0.004098669687746526,-0.004107092256447038,0.02783977545058554,0.022875976015971605,0.02621444106613954,0.027288633208540247,-0.08255210045103667,0.07374207895752916,495.8999938964844,-0.1376285558379069
2026-04-07,431.80999755859375,433.4299926757813,423.1000061035156,427.8999938964844,7263500,0.009727589667910319,0.009680581273932702,0.020879138520395274,0.02265109618646602,0.026043690499771375,0.07780047366838283,-0.08806574591247107,0.056390026524818726,495.8999938964844,-0.12923976028777484
2026-04-08,434.5299987792969,440.4400024414063,431.30999755859375,439.9800109863281,9689700,0.00629906958171822,0.006279313363379332,0.01796119091296847,0.022762603606403885,0.02602304716052784,0.047817665754892325,-0.08041817471518575,0.05167241028601488,495.8999938964844,-0.12375478094883396
2026-04-09,437.9100036621094,440.9100036621094,435.8699951171875,436.4700012207031,6748500,0.007778530578574028,0.007748433781414136,0.017684786337235154,0.022659705321590416,0.02599974611767273,0.05627386233169518,-0.08360185601240888,0.07008281872254818,495.8999938964844,-0.11693888071811509
2026-04-10,437.1300048828125,440.3500061035156,436.0,438.5899963378906,6193300,-0.0017811851128632927,-0.0017827733092611521,0.011919429487853102,0.02266424859786667,0.025997415180229577,0.015896247186916845,-0.0821224301896929,0.06231017827148988,495.8999938964844,-0.11851177603752838
2026-04-13,435.3599853515625,436.2200012207031,431.6300048828125,434.7799987792969,5549400,-0.004049183335572026,-0.004057403475821635,0.009967392920682432,0.022373345343866303,0.025994698754158753,-0.005618797522961461,-0.06751203564427988,0.05040167942030527,495.8999938964844,-0.1220810834645003
2026-04-14,445.0899963378906,445.1799926757813,439.0199890136719,439.3200073242188,8731700,0.022349346089928224,0.02210325929203807,0.009514910747293838,0.02291486678848802,0.026038289968608682,0.036515201187812485,-0.03417672104235503,0.05414107182519223,495.8999938964844,-0.10246016975995365
2026-04-15,440.4599914550781,443.739990234375,439.6000061035156,442.8800048828125,6455900,-0.010402401583740839,-0.010456884729500534,0.010756237159073586,0.02299806895278061,0.026077299181463967,0.02995439668285016,-0.04337250296108608,0.04465997759694362,495.8999938964844,-0.11179673951151325
2026-04-16,440.0799865722656,442.9800109863281,438.1799926757813,442.1499938964844,5350100,-0.0008627455164704756,-0.0008631178955779131,0.010605136842531832,0.022998523801395995,0.026051687993437583,0.019151916492043952,-0.04178370653527508,0.033197126472769956,495.8999938964844,-0.11256303289221414
2026-04-17,445.9299926757813,448.7000122070313,445.3200073242188,445.6499938964844,9712000,0.013293051904224695,0.013205474549607812,0.011300611502905934,0.02215634388747185,0.026082576199784806,0.026235228703449298,0.0026757261940379973,0.05338626324704654,495.8999938964844,-0.10076628722672243
2026-04-20,442.0899963378906,443.4200134277344,440.0499877929688,443.1300048828125,8473000,-0.008611208936292858,-0.00864849962892801,0.012005357818539562,0.02014862645135867,0.02610098189169482,0.009545323561519936,0.036772103236598186,0.04937213646440153,495.8999938964844,-0.10850977660997152
2026-04-21,429.5700073242188,440.25,428.7099914550781,438.5499877929688,9480000,-0.028320000717914406,-0.028728747571710147,0.01652444358919963,0.01997348745291511,0.025929660659264074,-0.01729462053427422,0.039164938434784524,-0.01751939132638547,495.8999938964844,-0.13375678037639072
2026-04-22,435.260009765625,437.1700134277344,433.7799987792969,436.2699890136719,5178100,0.013245809401007946,0.0131588507180817,0.0174962435739352,0.019284376997624177,0.025918249142663913,-0.0002296388949406536,0.07726957865666928,-0.018800712856492763,495.8999938964844,-0.12228268779434093
2026-04-23,431.0400085449219,435.2900085449219,428.2200012207031,433.9599914550781,4976400,-0.00969535708776803,-0.009742663076259298,0.014667751061365886,0.019494803713243393,0.025838010215752782,-0.031566622275425615,0.06658749248255535,-0.045928417201676175,495.8999938964844,-0.1307924705582908
2026-04-24,433.25,435.2799987792969,430.6499938964844,431.3399963378906,5924100,0.005127114447075254,0.005114015549751456,0.014796369793884505,0.018513108853145884,0.025784606351873643,-0.016369231246769145,0.04074080834742877,-0.05403930131004364,495.8999938964844,-0.12633594407658355
2026-04-27,429.8900146484375,431.7999877929688,428.5199890136719,431.6600036621094,6105200,-0.007755303754327758,-0.007785532512716458,0.014916702392257813,0.016333746814345917,0.025726248667908413,-0.023154817839358466,0.07300818423158995,-0.07490853592464597,495.8999938964844,-0.13311147420950764
2026-04-28,421.9100036621094,422.5199890136719,418.3999938964844,420.7200012207031,7723400,-0.0185629131043068,-0.01873736625464264,0.013851590957259881,0.015306809989209738,0.025611692157625956,-0.05386493263110914,0.017386041096807636,-0.11382062958769223,495.8999938964844,-0.14920345058487716
2026-04-29,417.4100036621094,419.1700134277344,414.1600036621094,416.739990234375,6452600,-0.010665781709228828,-0.010723068864617815,0.013893449041376706,0.015514288743521704,0.02510751429274975,-0.05582572073609704,0.006826226980328309,-0.15599723850965908,495.8999938964844,-0.15827786085990403
2026-04-30,423.6600036621094,425.4599914550781,422.739990234375,425.3399963378906,6732800,0.014973287523456946,0.01486229443655377,0.012993763446715477,0.01341116645466637,0.02519494333608448,-0.013757952280986085,-0.015408224107347213,-0.14567451325570002,495.8999938964844,-0.14567451325570002
2026-05-01,423.1799926757813,427.9299926757813,421.0799865722656,421.4100036621094,5911500,-0.0011330099187528697,-0.001133652259722497,0.01121418833508808,0.012750192817430247,0.02165741586803017,-0.027753565268604508,-0.033438432240480376,-0.048926888266092705,495.8999938964844,-0.1466424725060248
2026-05-04,414.7099914550781,420.8599853515625,413.2799987792969,418.8399963378906,7285700,-0.02001512681908013,-0.020218142966322065,0.01267695180294739,0.01280714580588475,0.02121078233710923,-0.03788515396742309,-0.034233045531464334,-0.029077829433083124,495.8999938964844,-0.1637225316408334
2026-05-05,418.2699890136719,421.1600036621094,417.9100036621094,420.1499938964844,4279900,0.008584306218673232,0.008547670573807937,0.013212953047296524,0.012980261821863296,0.01961268833784705,-0.0345759053348601,-0.021933836119925165,-0.07928860167235707,495.8999938964844,-0.15654366976866152
2026-05-06,430.9599914550781,433.1900024414063,429.6000061035156,430.1499938964844,7013900,0.030339261182306565,0.029888127796577613,0.018604748481689342,0.01451818364392942,0.020009273453985205,0.0024889547795512446,-0.001968472495591733,-0.05068619006487696,495.8999938964844,-0.13095382786990317
2026-05-07,431.6799926757813,437.4200134277344,430.25,435.6099853515625,6816200,0.001670691560653248,0.0016692975079798738,0.016614223658114824,0.014452864289942994,0.019731813064250155,0.023156571138086335,-0.006558824733670754,-0.023083217376482668,495.8999938964844,-0.12950191976430747
2026-05-08,433.7699890136719,436.2000122070313,431.7000122070313,434.0499877929688,5380800,0.004841540894530816,0.0048298583279887475,0.015417944011707187,0.014385710349582968,0.019343436026286045,0.03919404232775836,-0.009454030768458854,-0.047622190419211674,495.8999938964844,-0.12528736771023574
2026-05-11,434.6499938964844,436.0400085449219,432.2099914550781,434.1799926757813,5569100,0.0020287362083613036,0.0020266811021026647,0.014874258915671172,0.014390832297848667,0.01905892204173812,0.025940589480663023,-0.005673394547676902,-0.0693317452143245,495.8999938964844,-0.12351280652119856
2026-05-12,432.9299926757813,432.9800109863281,425.8500061035156,430.7000122070313,6660900,-0.003957209812161411,-0.0039650602843981355,0.015066148047587671,0.014389607384273185,0.019028539792699656,0.023039841601089073,-0.0055815710160384,-0.06373270244311546,495.8999938964844,-0.12698125024346663
2026-05-13,430.5,432.489990234375,428.75,430.5199890136719,4180300,-0.005612899814961825,-0.005628711330520772,0.012017568084636722,0.013465882034213266,0.018973247818576372,0.03807482064639922,-0.03277987925573289,-0.07940039025536272,495.8999938964844,-0.13188141702243328
2026-05-14,427.2099914550781,431.5400085449219,427.1000061035156,430.2999877929688,4021400,-0.007642296271595517,-0.007671648257758531,0.012840797340097273,0.013387884955091904,0.018500729562786634,0.02137376019371562,-0.030082187388298487,-0.05356791778433967,495.8999938964844,-0.1385158364324255
2026-05-15,417.2900085449219,419.25,414.1199951171875,417.6400146484375,9335200,-0.02322039069444226,-0.023494231397838114,0.009396847921547307,0.014209457295649507,0.018420239041116362,-0.03171984216911039,-0.051785990553336436,-0.09798535958391286,495.8999938964844,-0.15851983528753943
