Date,Close,High,Low,Open,Volume,daily_return,log_return,volatility_7d,volatility_21d,volatility_63d,momentum_7d,momentum_21d,momentum_63d,rolling_max,drawdown
2024-08-16,470.6165161132813,471.9836994318874,467.267914706038,468.22890368838864,38383600,0.0012857306108033928,0.001284904767000926,0.013386171075606652,0.019188833673874726,0.01317007080269664,0.09260078766188173,-0.009301520903094218,0.0526682891463266,498.2870178222656,-0.055531251506243606
2024-08-19,476.7985229492188,476.838159775864,468.9719276760101,470.75522206656456,23737700,0.013135975097077646,0.013050446364195282,0.010919947852104874,0.019296401440413478,0.013258459827101691,0.07409556918409699,0.012688245642008988,0.06701543312760982,498.2870178222656,-0.0431247335460615
2024-08-20,475.79791259765625,478.4530054535782,474.1037784441942,475.887072779306,29209300,-0.002098602037131525,-0.002100807188082985,0.011803694409833395,0.019029166072235357,0.01324308874102636,0.06627294698660746,-0.004271092109745522,0.05740327280027335,498.2870178222656,-0.04513283392952261
2024-08-21,478.0171203613281,479.8697414618623,474.866672813873,476.58058013398335,25658800,0.00466418137808966,0.004653337788698011,0.01158765739442506,0.019037896610523797,0.01325072387068801,0.06894414053694975,0.003911647476422697,0.06026084572096324,498.2870178222656,-0.040679160274987525
2024-08-22,470.438232421875,481.0289153501266,469.4078864699155,480.335406871414,37739600,-0.015854846231708852,-0.0159818788168369,0.012832761167491559,0.0175785243922563,0.013419607338514567,0.026525289022633736,0.02475290273598363,0.043656713058044305,498.2870178222656,-0.05588904467570144
2024-08-23,475.5403442382813,478.2548773617484,470.8641963105765,474.7873956850109,36061500,0.01084544466154469,0.010787054624501725,0.012970884271332342,0.017458418491985275,0.01346166832738081,0.03732194033748559,0.047417388661238125,0.059742884338485513,498.2870178222656,-0.04564974155537371
2024-08-26,470.9236145019531,475.9167963494327,468.8431195460001,474.99544423155214,27452600,-0.009708387084850223,-0.009755820727187944,0.010510966179317483,0.017549916130832337,0.013484261504451978,0.0019391144678131411,0.02671871577598739,0.03962320793764418,498.2870178222656,-0.05491494327888102
2024-08-27,472.3304443359375,473.400396779738,467.32734562030106,469.2889603736487,27510000,0.0029873843457015603,0.002982930980158944,0.01055648901733429,0.01755290443990876,0.013481726018655774,0.0036418786081100496,0.0277214709343252,0.038804722358285026,498.2870178222656,-0.05209161097507575
2024-08-28,466.9706726074219,472.5879754586852,463.5428280840913,471.86477727035714,37372400,-0.011347504258488073,-0.011412378425107976,0.00972105691481148,0.017457267319386738,0.013532333879927423,-0.0206121660801446,0.030205511312120237,0.034307071760995234,498.2870178222656,-0.06284800545619273
2024-08-29,466.2871398925781,473.4895840302983,465.00911671200544,468.8827928484705,41081500,-0.001463759407046128,-0.001464831749408877,0.00973306368013853,0.016236741758215538,0.01345729151459439,-0.01998910136690868,-0.0008703551984301505,0.04397766960207794,498.2870178222656,-0.06421977050403826
2024-08-30,471.8450012207031,472.4691527766626,466.1385374963052,470.62644840577417,33466500,0.011919396553388584,0.011848920018712131,0.010972672681669472,0.015426856374508895,0.013525614787227485,-0.012911920677568078,0.03613529078388522,0.058390052866735154,498.2870178222656,-0.0530658348618549
2024-09-03,457.5193481445313,468.9323056206166,455.1416524496019,468.8035388395337,44985200,-0.030360930049296186,-0.030831369562750448,0.01477854338428593,0.01603124784344285,0.014076957829741046,-0.027461382572661397,0.029103133377297308,0.02077556913775891,498.2870178222656,-0.08181563681090276
2024-09-04,456.33050537109375,460.13485493215927,453.47728855135824,454.4085575268009,32505100,-0.002598453547940416,-0.0026018353880006726,0.013351263910380641,0.014389948922968828,0.014078870829535019,-0.04039581309963891,0.057973668246394494,0.015344613659063144,498.2870178222656,-0.08420149622709494
2024-09-05,456.7565612792969,461.036401888434,453.6853568251423,454.7057860543502,34452400,0.0009336564248683121,0.0009332208388125252,0.013437142235164626,0.01430992236102289,0.01384881201746195,-0.030083548130495186,0.04893877552736736,-0.0037907471876073018,498.2870178222656,-0.08334645507016258
2024-09-06,444.521240234375,456.9348232587385,444.0258857158704,456.0530777034609,50624400,-0.026787400734108457,-0.027152721931857273,0.015333591266710694,0.015426327530078358,0.014255234783272895,-0.05887658615920943,0.03201702571697762,-0.030141825909121067,498.2870178222656,-0.10790122091253918
2024-09-09,450.2376403808594,451.2283494616286,445.6407659677918,448.8506537145908,32981200,0.012859678298995147,0.0127776947427076,0.017207299765824167,0.014197367323630014,0.014352309998815021,-0.03583315443158419,0.014261226359733037,-0.016799800286242172,498.2870178222656,-0.09642911760254813
2024-09-10,454.3985900878906,454.9038613489134,448.0283385228492,452.0010610232758,29680300,0.009241674471089256,0.0091992314932956,0.018037080379184913,0.014287186462782254,0.014391813703609578,-0.025496199203405734,0.018316623362927498,-0.011705427447390448,498.2870178222656,-0.088078609645876
2024-09-11,464.2660827636719,465.0091145713216,447.087190998894,455.6370151696974,57843000,0.021715500204066762,0.021483077493670212,0.01973655877745287,0.014989212867356588,0.0146271846100579,-0.01606230528547281,0.03819400536353368,0.002873466608813491,498.2870178222656,-0.06827578050754812
2024-09-12,468.8233337402344,469.635722410282,462.5125219845072,464.29578616525714,40067800,0.009816032542016018,0.009768168264567207,0.015563337398014139,0.01417798144697904,0.014586121547487466,0.02470712034703304,0.023001480323287193,-0.0003751260397465428,498.2870178222656,-0.059129945248825755
2024-09-13,470.9236145019531,472.1025606358586,467.8623273065814,468.0902012618372,29111800,0.004479898099275292,0.004469893225201006,0.015321769353796833,0.014194437529140003,0.01458106936149223,0.03197925398169921,0.02725121740908132,-0.0013099727883426615,498.2870178222656,-0.05491494327888102
2024-09-16,468.8431396484375,469.4573744200276,465.524288528779,468.7936162897121,22585600,-0.0044178605392637404,-0.004427648122559079,0.015665346330768482,0.013135362679225953,0.014577102073885123,0.026461750949539065,-0.0024873128087389285,-0.010847036700779467,498.2870178222656,-0.05909019725721709
2024-09-17,469.0908203125,473.1626502462189,466.5942443806272,471.86482380417743,30084400,0.0005282804484421089,0.0005281409574507527,0.008549279879109712,0.013132591855803793,0.014491900243894778,0.05527200469694238,-0.0032419087485108244,-0.022301161534996616,498.2870178222656,-0.0585931330046805
2024-09-18,467.0598449707031,474.3811686272041,466.4554967698822,470.2895659274543,39909200,-0.004329599416257768,-0.004338999273366097,0.009273683588567888,0.012803226487154134,0.014500773532862393,0.03736294587812283,-0.02042514292678066,-0.026835221371118934,498.2870178222656,-0.06266904762648451
2024-09-19,478.8690490722656,481.71240906933616,476.02571930923193,478.1260173822448,52782500,0.025284134846367046,0.024969778904402704,0.011995646127188364,0.01401270452198893,0.014822126348421536,0.05385240957645121,0.006454707751537336,0.005520965018316781,498.2870178222656,-0.038969445430999006
2024-09-20,477.9576721191406,479.196058420288,473.8561221774012,478.0071954775703,34577700,-0.0019031861735283595,-0.0019049995334735688,0.010598037738807582,0.013986045613734248,0.014820020216517389,0.029490824042035957,-0.00012436425319362066,0.006303549992350721,498.2870178222656,-0.040798465494792935
2024-09-23,479.2245788574219,480.3158962480575,477.7959506872309,479.1352933813507,24843000,0.0026506672288868494,0.0026471604060876444,0.010308204843870314,0.013506092351745614,0.014748258007609672,0.0221858520441105,0.018676939564018058,0.02059003443555185,498.2870178222656,-0.038255941421382
2024-09-24,481.5361633300781,482.4885720219182,476.3772551624619,480.6333475885268,25952600,0.004823593310192109,0.004811997059428415,0.010316218106434662,0.013348923294984012,0.014692101158534225,0.022535605565987105,0.012608434099110832,0.013918051989352032,498.2870178222656,-0.03361687921430534
2024-09-25,481.9826354980469,483.93707616737726,480.732578237264,480.91114919551086,26549900,0.0009271830486856647,0.0009267534799881502,0.00984241013799822,0.013135044275206372,0.014690628089779403,0.028025355899335525,0.02348368324614536,0.012766666643154068,498.2870178222656,-0.03272086516617689
2024-09-26,485.6037902832031,489.80038938586057,481.9627654472511,489.4729790250893,32020200,0.007513039928117804,0.007484957611635558,0.00978600238178106,0.013202985116263109,0.014716054933367993,0.03520207442921719,0.028101821736108867,0.017748451976146606,498.2870178222656,-0.025453658404535173
2024-09-27,482.9052734375,486.76456175281504,481.7246705523257,486.6256530479584,22851100,-0.005557034149443862,-0.005572531904750108,0.00998980638918919,0.01298197748315034,0.01471836453085631,0.033925906149758545,0.034123343851775845,0.017373970753545853,498.2870178222656,-0.03086924570499683
2024-09-30,484.21484375,484.55215452746376,479.1055285852124,481.942923506745,30281100,0.002711857551643604,0.0027081871002834403,0.004313615917895406,0.012963387292414658,0.014704767535775575,0.011163374805891024,0.038447776753079754,0.01418461657252279,498.2870178222656,-0.02824110115043177
2024-10-01,477.4685363769531,484.14538839099305,473.6291095550639,483.8477701398877,42735400,-0.013932467085891354,-0.014030434925658995,0.007301147518229881,0.013187749201939065,0.01475433929105043,-0.001023387154805544,0.011918183178165398,-0.01033657764600282,498.2870178222656,-0.041780100024075395
2024-10-02,478.1431579589844,480.0579058985266,473.9465592247254,476.56569049834064,23744000,0.0014129131673268347,0.001411915944733072,0.0072374800376087635,0.01111152619757433,0.01471653984913131,-0.0022566056628727793,0.045077459342633075,-0.017132530070598895,498.2870178222656,-0.04042621851020489
2024-10-03,477.7860107421875,480.722621801194,475.2065415805555,475.9506174766113,25337200,-0.0007469462039808583,-0.0007472253072887712,0.0068775094085331825,0.011079174987189341,0.01465400018668247,-0.007787893980706118,0.04701746895848191,-0.028001597057996208,498.2870178222656,-0.04114296850372823
2024-10-04,483.47076416015625,484.0263384101603,478.57971250941176,483.5997421604296,30686600,0.011898116081586751,0.011827889988415666,0.008478977956802825,0.011270799818830408,0.014731410120849718,0.0030875150939237983,0.058486741396855946,-0.018770332772286902,498.2870178222656,-0.029734376237339988
2024-10-07,478.29205322265625,482.7267473414919,477.0717576974764,481.55607504831227,24975100,-0.01071152864123237,-0.010769310052744287,0.008750067528610395,0.009582265413748342,0.014790077475861634,-0.01505700162736101,0.07597120211955555,-0.030119281163148326,498.2870178222656,-0.04012740425587691
2024-10-08,485.4351196289063,486.11967189958807,480.0281860924304,480.8317856664436,28272000,0.014934528721774143,0.014824106690906082,0.010637494259097475,0.009693258272159853,0.01485395768199446,0.005238804234623418,0.07817533695821854,-0.0257921594054924,498.2870178222656,-0.0257921594054924
2024-10-09,489.2546997070313,489.8301353566888,484.09579164367744,485.1374857909003,24995000,0.007868363708511517,0.007837569562340429,0.01096581929578149,0.009658111555227616,0.01462697089009042,0.010408305367097359,0.07670822572842662,0.00388865306177677,498.2870178222656,-0.018126737788011327
2024-10-10,488.69915771484375,490.5643129343177,485.663330270901,486.972911204982,25750400,-0.0011354862661926424,-0.0011361314191441158,0.00881353082868172,0.008756682746200334,0.014609504936870145,0.023521175705333297,0.05262730976539842,-0.0031078305714086207,498.2870178222656,-0.019241641392394815
2024-10-11,489.4630126953125,490.4849059533432,486.2982378562307,486.86371250603634,20644500,0.001563037235505993,0.001561816964193717,0.00880818430152677,0.008594757103730137,0.014606924009983105,0.02367461407300775,0.04402442768881931,-0.0042260432741665355,498.2870178222656,-0.017708679558857354
2024-10-14,493.5703430175781,494.8898242812604,491.3480460359973,491.8539970558773,26060100,0.00839150296494906,0.008356490041613596,0.008771465397018985,0.008691019310231599,0.014644772595071485,0.033036405253622725,0.04809002525723005,0.003745618433856901,498.2870178222656,-0.00946577903093171
2024-10-15,486.972900390625,494.5624688319381,484.82002737514097,493.8977476785361,34784500,-0.013366772781804204,-0.013456912239374553,0.010363228110391514,0.009237780896779138,0.014258401831825168,0.007243739415251582,0.0386691394392209,0.020278879105051884,498.2870178222656,-0.022706024895226662
2024-10-16,487.0324096679688,487.8062474023501,483.718795252719,487.3002660956879,22996800,0.00012220244144200976,0.00012219497533190763,0.009032715816829023,0.009241107643380746,0.014243221497682972,0.01827409923794754,0.038247581445990386,0.025255703972819177,498.2870178222656,-0.02258659718546241
2024-10-17,487.3697509765625,492.56835196515686,487.3102273222296,492.51875901205545,27210700,0.0006926465300813867,0.0006924067611839114,0.007220145475670677,0.009138158750419706,0.01419273313118262,0.003985355136923552,0.043484590303697335,0.03514082854657574,498.2870178222656,-0.021909595183547848
2024-10-18,490.5642700195313,491.65558736912976,489.4034983212025,490.1575049039297,25335000,0.006554610819747841,0.00653322276761536,0.007013564315465554,0.007531856332655765,0.01409621982521824,0.002676663736258744,0.024422586863618312,0.026631290098967808,498.2870178222656,-0.015498593233446378
2024-10-21,491.5068054199219,492.3104049952959,487.4292536147581,489.35393242594535,30336500,0.001921329085693646,0.0019194856937632388,0.00699694419303332,0.007499831326691162,0.014087741234866346,0.0057451453737031866,0.028347977428017535,0.032242122211039614,498.2870178222656,-0.013607042045719497
2024-10-22,492.0425415039063,493.5207929965994,488.08406709201313,488.83807375200354,26685800,0.0010899871132541428,0.0010893935086090643,0.006991076642986324,0.0074941204753140546,0.013291487269130042,0.005270119992089262,0.026747298056049917,0.07181344526341005,498.2870178222656,-0.012531886432944672
2024-10-23,484.5025329589844,490.3460236255654,481.2186803721017,489.69123319300365,39346600,-0.015323895616578653,-0.015442519922977613,0.008305985981681925,0.0082680747762071,0.013365987060085231,-0.018371869758533665,0.006160221920597175,0.06715735903444431,498.2870178222656,-0.027663744729946038
2024-10-24,488.4313049316406,489.10592652945246,485.5740484273458,488.22294186566177,22024900,0.008108878087101479,0.008076177791386563,0.007610093687797129,0.008440941333902939,0.013345038428058542,0.002994837166186759,0.013379464235117489,0.0648893933139636,498.2870178222656,-0.01977918857629246
2024-10-25,491.4075927734375,496.3284064395032,490.5246081383439,491.2290218168546,38762100,0.0060935648713453805,0.0060750741830435774,0.007896230766954244,0.008388901781825924,0.013359508664272272,0.008983351043211796,0.01195172403174527,0.06923053580306249,498.2870178222656,-0.013806149473639229
2024-10-28,491.4869384765625,494.58228943962433,491.189320221086,494.52276578852906,20477800,0.0001614661724642641,0.0001614531382048814,0.0079056463910395,0.008271049725155346,0.013223861987679504,0.00844776987441298,0.017770907693707816,0.08429197475993311,498.2870178222656,-0.013646912527286892
2024-10-29,496.2093811035156,497.3899840518489,489.949224432872,491.804448986959,28014100,0.009608480423896948,0.009562612555485465,0.008321800308249368,0.008481992835126205,0.012767771542232213,0.011507383290999984,0.0247711062730418,0.0632450699870859,498.2870178222656,-0.0041695581952549965
2024-10-30,492.4591979980469,496.39784096909136,491.9730780990309,495.44543229548987,29756000,-0.007557662648635888,-0.007586366495103104,0.00901557072892983,0.008014521957558834,0.012403102002481792,0.001937699677039717,0.03139612451711149,0.08140247962113367,498.2870178222656,-0.011695708729657306
2024-10-31,480.0281677246094,488.5403826288813,479.9289515501208,488.4907896798999,41245200,-0.025242761885598486,-0.02556682553591874,0.013172197055417816,0.00991510426635019,0.012453573401975865,-0.02441734761912162,0.003942354364478318,0.07973246053564309,498.2870178222656,-0.03664323862470964
2024-11-01,483.5798950195313,486.8736783677744,481.36752865476586,481.6651469129995,33655800,0.007398997670819085,0.007371759362488768,0.0125432792597922,0.01003342779247856,0.011820607847484945,-0.0019042995169050725,0.01212652557228222,0.12114966981654707,498.2870178222656,-0.029515364191126103
2024-11-04,482.1711730957031,485.5145497059188,480.4250650808486,482.9747727442374,23291600,-0.002913111025368953,-0.002917362391767689,0.012006111703090034,0.009716748686213134,0.011794475561583138,-0.012816811233697711,-0.002688044781178567,0.10730328314284421,498.2870178222656,-0.03234249368365216
2024-11-05,488.3221435546875,488.986864708101,483.6691863103744,483.7584717889176,24353600,0.012756819159247978,0.01267613638754546,0.012960495134715396,0.009782559817866637,0.011765042283515749,-0.006278798423394627,0.0209706397261884,0.13370683011082907,498.2870178222656,-0.019998261867485545
2024-11-06,501.5865478515625,502.4100088623021,495.6538016210877,496.6062103649232,43082200,0.027163225079899656,0.026800852183302772,0.016763831803614876,0.01094610756359711,0.011638222982615541,0.020549090086310784,0.033272063700301,0.12993615264846348,501.5865478515625,0.0
2024-11-07,509.4835815429688,510.26738017276097,504.3246739438424,504.3841975882403,32853100,0.015744109815607255,0.015621457016419267,0.01731638695290455,0.011300196013904832,0.011759957240558139,0.02675120814913412,0.04134632094091417,0.14176322667580554,509.4835815429688,0.0
2024-11-08,510.0789794921875,510.8527870225075,508.3626030584352,508.9876317248382,22924500,0.0011686302970068674,0.0011679479801536875,0.016654948577449435,0.01127947858241426,0.011760640415086523,0.03577917026581856,0.043748431810923805,0.1406410212401914,510.0789794921875,0.0
2024-11-11,509.7814025878906,511.5076493102357,506.88445322044754,511.2992862201701,24167500,-0.0005833937806908329,-0.0005835640210571745,0.010695980189981896,0.011294319012050845,0.01140138483145396,0.061982268674596996,0.041511594064465474,0.1123745171302637,510.0789794921875,-0.0005833937806908329
2024-11-12,508.8585815429688,510.5947585805115,505.8029232785645,509.7118345645932,25835300,-0.001810228933886493,-0.0018118693783019306,0.01142108536265763,0.011224821990728493,0.011408877018303835,0.052274064293794664,0.0309747916212344,0.11000081814097484,510.0789794921875,-0.002392566638275695
2024-11-13,508.2038879394531,510.91230509556345,505.9220670734697,508.35272735480186,24567400,-0.0012865924389651173,-0.0012874208096102888,0.011191463610452783,0.010722400208416003,0.011008613925137653,0.053990608100046966,0.04359788302757228,0.08125678511508072,510.0789794921875,-0.0036760808190942074
2024-11-14,504.6719970703125,508.739588052962,503.7592505809421,507.8665643683169,28679500,-0.006949751768844048,-0.006974013768931147,0.0121164499942428,0.010896892612097692,0.011057580710086085,0.03348169590796779,0.03621850836245044,0.072363548220296,510.0789794921875,-0.010600284738763288
2024-11-15,492.6476745605469,499.3542577361462,490.5840872168822,498.9673540320368,51461100,-0.023826014876134227,-0.02411444500950095,0.011736885211685677,0.012246099194648086,0.011388072352185238,-0.01782119821455208,0.010829403288588946,0.03324077330041586,510.0789794921875,-0.034173737073020516
2024-11-18,496.0704345703125,498.1737145612043,492.8064433987384,494.1953790330812,27080800,0.006947683276529837,0.006923659334713261,0.009761962499878471,0.012255976804538247,0.011410721988052366,-0.026326946458283595,0.011224145106536243,0.04260742099934145,510.0789794921875,-0.027463482098049385
2024-11-19,499.4832458496094,499.96939601024445,493.1536355499042,493.4909765905591,24523000,0.00687969095004215,0.006856133858216413,0.01045673413128871,0.012330174945987352,0.011426455580594411,-0.020772731417253776,0.01622854524439954,0.04490660391421808,510.0789794921875,-0.020772731417253776
2024-11-20,499.1955871582031,499.5031361161102,492.6377823112046,499.1856564574556,29565500,-0.0005759125932581766,-0.000576078494615225,0.010457016340324981,0.012333840765576254,0.011228511792975338,-0.02076540135820748,0.014537453677143208,0.06112886401320239,510.0789794921875,-0.02133668073289241
2024-11-21,500.9913024902344,502.95564359753246,493.6298978588017,502.2413294830984,34526700,0.003597217960707111,0.0035907634464106748,0.010750506254687299,0.011778749172996261,0.011162994172144362,-0.015460639435182832,0.03403237013137739,0.05352008207152292,510.0789794921875,-0.017816215463339447
2024-11-22,501.794921875,502.52906714393225,498.8086872921343,500.43574794672105,23826600,0.001604058555050969,0.0016027734272235983,0.010845346771845505,0.011685874611115296,0.011080451513415359,-0.012611013446667485,0.02736027934415408,0.06555480851325801,510.0789794921875,-0.01624073516112101
2024-11-25,502.5885620117188,507.41018976726633,500.2769794512125,505.87241468402135,26375200,0.0015816025673462963,0.001580353151218796,0.010642460012421055,0.011635695884338455,0.011077941097797459,-0.004128295349629663,0.022752943590426566,0.06406133256627577,510.0789794921875,-0.014684818982201198
2024-11-26,505.2870788574219,506.1105398394157,503.2235216050594,504.0667834357268,26557100,0.00536923648819565,0.005354873527114381,0.002903549478584492,0.011669323557111597,0.010976016175513198,0.025656072178052325,0.028078346138017407,0.08205313202230213,510.0789794921875,-0.00939442875990737
2024-11-27,501.3087463378906,504.2255264165309,497.96536999082,504.1561023396317,24957400,-0.00787341035620237,-0.007904569310773263,0.004839027776363697,0.011676865660299417,0.011031726007934542,0.010559612914878613,0.010276640121221758,0.07510738223100177,510.0789794921875,-0.017193872923420894
2024-11-29,505.7136840820313,506.3089508903919,501.31868278834094,501.9337807222535,15334000,0.008786875904957192,0.008748495973476367,0.0052295642978502106,0.011653987674056017,0.010989658259449907,0.01247376820782864,0.02691489190955676,0.07177925542012109,510.0789794921875,-0.008558077446167434
2024-12-02,511.2198486328125,512.1822183655047,506.586752593205,506.97368662654696,25147200,0.010887908957369685,0.010829062435032455,0.006091283255539263,0.010097929060741856,0.010287724442845207,0.024087275176170042,0.06497885542020465,0.1173731793115711,511.2198486328125,0.0
2024-12-03,512.7872924804688,513.0651098548883,509.3149386184986,509.8903742133351,18597900,0.003066085661282747,0.0030613948065706,0.006092043804273784,0.010048788926949596,0.010273270214872518,0.023545298953496996,0.060398287360060365,0.12371907300710405,512.7872924804688,0.0
2024-12-04,519.126953125,519.3849091600352,515.4958283369896,516.2101727842456,26086200,0.012363139136823964,0.01228733963921416,0.006884941224237713,0.010163426313091587,0.0103564191899226,0.034540069048999866,0.07664452396029442,0.13655062046840527,519.126953125,0.0
2024-12-05,517.6882934570312,519.9006596223231,517.3013594796879,519.1764451670765,18169600,-0.002771306053959255,-0.0027751532320307863,0.007409424008364813,0.01002571138442335,0.009697497938536626,0.03004392178141213,0.06013683853977225,0.16459742887444184,519.126953125,-0.002771306053959255
2024-12-06,522.3214721679688,522.5595667910787,518.2240889616199,518.3530669746475,23762600,0.008949745956196908,0.008909934339444288,0.007619279657334339,0.008485099287700963,0.009642273357794436,0.03371230736607367,0.04133867705427874,0.16010174477223438,522.3214721679688,0.0
2024-12-09,518.2538452148438,522.1924580312864,517.102973878682,521.3987891581372,20674400,-0.00778759283289987,-0.007818074489582001,0.007595572486447219,0.008120432814519947,0.009686143238687451,0.03380172199415776,0.017214026103283375,0.14052696579582724,522.3214721679688,-0.00778759283289987
2024-12-10,516.4879150390625,521.2301883413037,515.0592867380795,519.4840803564292,24350000,-0.0034074617913335548,-0.003413280410839119,0.007916376739682944,0.008172536052699176,0.009379329376130936,0.02130500181459105,0.012564594512903593,0.11248254872405439,522.3214721679688,-0.011168518699208874
2024-12-11,525.7342529296875,526.4188051823884,520.4463971119644,520.8531319621538,32168600,0.017902331538436345,0.017743972011343378,0.00938299304028585,0.008990317017116905,0.009545533595876841,0.028391707277586775,0.03129351180881201,0.121390969889281,525.7342529296875,0.0
2024-12-12,522.34130859375,524.7818994700399,521.8651193703002,523.511980803434,23577500,-0.006453725084546225,-0.006474640404660722,0.01020262598095546,0.009131972699971038,0.009596482903025328,0.018631538365676548,0.026496019797678683,0.10918478604258564,525.7342529296875,-0.006453725084546225
2024-12-13,526.3394775390625,528.958578680959,523.1349494940644,526.2700231888497,28780400,0.007654322718753326,0.007625177023170128,0.00959532754402524,0.009214095210180294,0.0095930518070105,0.01389356566952471,0.03568565693808701,0.12263448694959833,526.3394775390625,0.0
2024-12-16,533.9190673828125,534.8913677012594,528.7899213110657,528.8693063591745,31979900,0.014400572571886316,0.014297869144559366,0.010335073364529622,0.009386887775881056,0.009719823799003236,0.03135240671059991,0.0579526315751282,0.13819977766165858,533.9190673828125,0.0
2024-12-17,531.5678100585938,533.234532805748,529.911018011913,532.1233843076452,28579100,-0.0044037710354571935,-0.004413496197216575,0.010598451230271927,0.007382559277686003,0.009720620021271565,0.017702389013889874,0.07900196734464338,0.1381149884378028,533.9190673828125,-0.0044037710354571935
2024-12-18,512.3905639648438,532.6393867756537,510.9421347229387,530.9230707876706,54703200,-0.036076763360889275,-0.03674361758464784,0.018005742830121744,0.011334709116404279,0.010410034341984079,-0.011313531591009007,0.03289881488032531,0.07000142305609613,533.9190673828125,-0.040321660590804664
2024-12-19,510.1086730957031,517.6387480839205,509.7713925868022,517.0732431157651,46441800,-0.004453420944139808,-0.0044633669633845395,0.018028695470503748,0.011340779146917715,0.010426956559354241,-0.012351193043649289,0.02127284014906272,0.0672674649912266,533.9190673828125,-0.04459551220716684
2024-12-20,514.5632934570312,520.6746720854811,505.26733831570937,506.4082488880885,60530000,0.008732688927428622,0.008694779540202422,0.016653383833805258,0.011454791066640687,0.01046972935151706,-0.02124830065837513,0.030784940200118127,0.07374144849553566,533.9190673828125,-0.03625226201540288
2024-12-23,519.576416015625,519.9540272324169,512.8788812504641,516.2773215508976,29672800,0.009742479928783299,0.009695327975156378,0.01720043275399368,0.011588546289130612,0.010515548583908648,-0.005293268084748393,0.03709667899025626,0.07899770688556051,533.9190673828125,-0.02686296902167762
2024-12-24,526.6218872070312,526.7112863468017,520.8882121206394,521.5241954175411,17558200,0.013560028850875261,0.01346891441185489,0.017808534700455524,0.011868710100494693,0.010628892633876555,0.0005365542202708795,0.049476318411639575,0.09261589198718201,533.9190673828125,-0.013667202805756506
2024-12-26,526.2640380859375,527.8937223215758,522.994783551006,524.9921323134935,19090500,-0.0006795181320541355,-0.0006797491091413705,0.016682987342578,0.01188646294300777,0.010603763133038688,-0.014337433825689638,0.047107072989191145,0.08373132297633301,533.9190673828125,-0.014337433825689638
2024-12-27,519.2684326171875,523.1339443647176,514.598025422934,522.6967134646023,33839600,-0.01329295745571657,-0.01338209967181777,0.017231115367578452,0.01233184622309751,0.010728887523293422,-0.02313792748294996,0.027670119313917274,0.07530081193945337,533.9190673828125,-0.027439804383537214
2024-12-30,512.3621826171875,516.0885615458353,508.6059938701245,512.262836772703,34584000,-0.013299961188072862,-0.013389197783933096,0.011022120726433155,0.01258946563726644,0.010881304500646885,-5.539006697674598e-05,0.022049159046283018,0.05812985543607163,533.9190673828125,-0.04037481723830072
2024-12-31,508.009765625,514.3992253569596,507.0458744562585,513.6440635547258,29117000,-0.008494805315167886,-0.008531091817824339,0.011396458256783091,0.0126276870010177,0.010782420521802814,-0.004114628081042904,0.0045402796389355515,0.06396490432604152,533.9190673828125,-0.0485266463413937
2025-01-02,507.0160827636719,513.3857099460889,502.52453474139946,511.06042287109295,36389800,-0.001956031022564364,-0.00195794654953936,0.010638946952741474,0.012397785568958942,0.010788904150596908,-0.014667215460812177,-0.008223009885830912,0.06038552329794977,533.9190673828125,-0.05038775773829329
2025-01-03,515.3135375976562,516.37680506136,509.3016580240605,510.1164395600479,29059500,0.016365269497480517,0.0162328017673887,0.012062688461423096,0.012908513175199629,0.010958578836858026,-0.008204526392207478,0.004926497115338879,0.07854463297737402,533.9190673828125,-0.034847097475573685
2025-01-06,521.2359619140625,524.5946765405293,518.7418230577623,520.719278575862,36109700,0.011492856065874024,0.011427314887794719,0.011662232290175352,0.012869233057269456,0.010952350872001797,-0.010227309999463419,0.0040626069911546825,0.0781126813727997,533.9190673828125,-0.023754734085299822
2025-01-07,511.9348754882813,522.67678090554,510.0468799728483,522.2793368947259,36690300,-0.01784429146374722,-0.01800542053319316,0.013187950188700441,0.01345451309921284,0.011113714623599835,-0.027228086208916036,-0.011113672148793663,0.07033949662961159,533.9190673828125,-0.041175139150385176
2025-01-08,512.0242919921875,513.6638621182858,507.3538855422856,511.8354863915311,30777800,0.00017466382578623652,0.00017464857383616748,0.012549616240294732,0.013283317055148652,0.010972922590196282,-0.013950666302760761,-0.019714257836350058,0.05477389518831566,533.9190673828125,-0.04100766713193027
2025-01-10,503.9952392578125,508.3575711092296,500.7458477331711,508.2582252642564,40532500,-0.015680999632137538,-0.015805247101539462,0.012935259916183106,0.01359703065522604,0.01113189214645124,-0.016330134508827254,-0.027512783723042666,0.03012855994967012,533.9190673828125,-0.056045625550857237
2025-01-13,502.3754577636719,502.8325517167698,496.55238466117936,498.0429361096416,31694200,-0.003213882528981693,-0.003219058141619147,0.012663364910525702,0.01359555256961691,0.011139992062659832,-0.011090943998677383,-0.027323886705700184,0.027985110743342645,533.9190673828125,-0.059079384023055126
2025-01-14,501.89849853515625,506.94651670595886,498.4304916746537,505.5354479124467,33737200,-0.0009494079002959621,-0.0009498588734374378,0.01266334611178219,0.012872256030290552,0.011140620629778693,-0.010093534312798136,-0.045338028218068316,0.02540638519622873,533.9190673828125,-0.059972701489414915
2025-01-15,513.4453125,514.5880322454942,508.2382987029594,509.79844685715614,34957600,0.023006273177832437,0.02274561908933158,0.014350663955406353,0.013938363054820895,0.01145614175273214,-0.0036254143571810005,-0.017031002425789032,0.04026775466473698,533.9190673828125,-0.038346176665260634
2025-01-16,509.8481140136719,515.790426445023,509.7189280346691,515.710913384707,28229000,-0.007006001221070868,-0.007030658480977761,0.01346493288099457,0.013864657125009009,0.011357851983254728,-0.021847778611768454,-0.03133218052063502,0.04697430515065126,533.9190673828125,-0.04508352452579123
2025-01-17,518.45361328125,520.7689538758897,509.8779677530645,519.5566069696355,51837900,0.016878554673534385,0.0167376946689244,0.013512258634300391,0.014015780352049192,0.011536688176978806,0.012733529409870936,-0.02896591458584108,0.06451563179276376,533.9190673828125,-0.02896591458584108
2025-01-21,521.4942626953125,522.6568758608805,516.7841297495139,521.1762711033113,23628000,0.005864843712475087,0.005847712465346276,0.01356313736101212,0.01408122725261149,0.01155243465979145,0.018495159021223673,-0.018950634655945153,0.07001770555183895,533.9190673828125,-0.02327095143540092
2025-01-22,528.1619873046875,530.457434010863,525.9261602278661,526.2342050879784,33593000,0.012785806261632171,0.01270475795494412,0.011194150068137834,0.011818603729959147,0.011625974910274593,0.0479503498534295,0.03078008154132572,0.07664177679238504,533.9190673828125,-0.010782683050345687
2025-01-23,529.284912109375,529.404151376624,525.1213025176294,525.7075521398207,23096600,0.0021260992492435626,0.002123842298669219,0.010564915064696118,0.011739526683897075,0.011626197200194633,0.053564428615782145,0.03759245828402946,0.0768618181332752,533.9190673828125,-0.008679508855440221
2025-01-24,526.2938842773438,530.427653898665,524.8232261530454,529.6625453438141,19878300,-0.005651073294553277,-0.005667101020333781,0.011316520504842527,0.011735917099788365,0.011658602055412338,0.048606213832852685,0.022797177663999246,0.069610531375498,533.9190673828125,-0.014281533609290631
2025-01-27,510.9710693359375,514.727227991377,506.9366149321573,507.78126694027895,60771700,-0.029114560132968426,-0.029546799250538065,0.015348913298469121,0.013274086773175252,0.012093967714298319,-0.0048189030142572475,-0.01656223495607756,0.054630336430447235,533.9190673828125,-0.0429802931732004
2025-01-28,518.5230712890625,519.7055778022501,508.55625233887065,511.9745555822676,33194200,0.014779705557380396,0.014671550077685103,0.01602451298502229,0.013342144181883384,0.012186796948193277,0.017014787417960253,-0.015378806150502577,0.061609004282871416,533.9190673828125,-0.028835823693689644
2025-01-29,517.54931640625,519.2982398960235,513.6440786970315,519.1690539120722,26649000,-0.0018779393564720692,-0.0018797048953148755,0.014741004562295053,0.013344826747507506,0.012174676777707479,-0.0017442194476701145,-0.016559599457685925,0.053197638818057724,533.9190673828125,-0.03065961112197102
2025-01-30,519.7553100585938,522.7860860608997,514.9458310521527,520.4111867008249,27431300,0.00426238347228769,0.0042533252464879,0.014644055915295164,0.013064077597600303,0.012181645597192516,-0.003334557561057494,0.0009376218749757026,0.057516017963068045,533.9190673828125,-0.026527910669396526
2025-01-31,519.0,528.1719001743444,517.9069533149807,523.6008398308838,38755200,-0.0014532031592108252,-0.0014542600829958812,0.01345002491391378,0.012706209300483653,0.01213462812028539,-0.017346926747687563,0.012955322637018263,0.04592943979777342,533.9190673828125,-0.02794256338501533
2025-02-03,514.846435546875,517.5691667149378,507.8309085723365,510.2356481268789,40580800,-0.008003014360549177,-0.00803521037178947,0.013424468257358338,0.01268887550009202,0.012139695704202917,-0.02727921433648639,0.01345775294981566,0.04546008611441743,533.9190673828125,-0.03572195300952363
2025-02-04,521.166259765625,521.8022428707668,514.9655761172106,515.363080720596,26046800,0.012275163587443405,0.012200434685062544,0.014678326469758996,0.01291713842535517,0.01175679834157285,-0.00974289207019674,0.027908734028361692,0.08569932934564051,533.9190673828125,-0.023885282238935157
2025-02-05,523.5313110351562,523.6903371484422,517.3405736456352,518.5330268925136,21134100,0.004537997664305626,0.004527731998234382,0.008079497202107147,0.01248212727248566,0.011738662992529765,0.024581121032042352,0.01594713283840843,0.08261595741901417,533.9190673828125,-0.019455675929641147
2025-02-06,526.2640380859375,526.4727371352427,522.4283666892038,524.0381574961376,19434500,0.0052197967784923804,0.005206220861148471,0.006511492774349341,0.012287689079495923,0.011735980082384788,0.014928876313315742,0.009646449092673981,0.09144649753145373,533.9190673828125,-0.014337433825689638
2025-02-07,519.6260986328125,528.748266336267,518.9007163268166,526.8006512350846,29605500,-0.012613325199395509,-0.012693548487848203,0.008557571816950809,0.011944835677460804,0.011777219641411898,0.004012723349695824,0.015023831180079883,0.06410513119526229,533.9190673828125,-0.026769916309716923
2025-02-10,525.916259765625,527.0192533310259,523.432007239571,523.8990176021349,20852800,0.012105167830027241,0.012032486246542873,0.009569945999893725,0.012195764690094122,0.011385088675980273,0.011853557987385743,0.02713146229720187,0.048505511198961626,533.9190673828125,-0.014988802809414503
2025-02-11,524.6641845703125,526.5820202342347,522.5178170831823,522.6470030660466,19325500,-0.002380750113849861,-0.002383588605456578,0.009627519588610441,0.011597982884710303,0.011229727165293484,0.010913650424494215,0.04101019950691853,0.029796059337906966,533.9190673828125,-0.01733386832926942
2025-02-12,524.9722290039062,525.8566374548477,518.6622518801204,519.0100229717194,25009400,0.0005871268568600208,0.000586954565321692,0.008703888407490925,0.011542400810905412,0.01122943153594,0.019667599419767923,0.04497984702681146,0.029197928380710447,533.9190673828125,-0.016756918652038877
2025-02-13,532.5244140625,532.8423450241579,525.856658218969,526.6416602099531,28714800,0.014385875368918999,0.01428338048018319,0.009113033451628942,0.011817606854794658,0.011363294896637665,0.021793725292160948,0.06102013777034343,0.04461326238884977,533.9190673828125,-0.0026121062264152783
2025-02-14,534.7601928710938,535.4458489556581,532.2957732617084,532.6336582725096,17862600,0.004198453159241167,0.004189664246081904,0.009105129773846149,0.010893494407973093,0.011366616429986631,0.021448348168011444,0.04151343843672484,0.050901394351227536,534.7601928710938,0.0
2025-02-18,535.9724731445312,536.5985095911096,532.6634320198589,536.3301909280925,20565000,0.002266960573353183,0.0022643948950287185,0.00905730261702483,0.010696529804859713,0.011364648155613366,0.01844784054389148,0.0512394935134719,0.05464063905073169,535.9724731445312,0.0
2025-02-19,536.1215209960938,537.4033733037652,533.0807987133823,535.1774930250076,19666900,0.0002780886314701636,0.000278049971993695,0.006339372214999021,0.010176688078527125,0.011320433535211236,0.031744791893021373,0.03407808772519694,0.0623167604074526,536.1215209960938,0.0
2025-02-20,533.845947265625,535.7041632085364,529.106034929491,535.3364987054381,26550800,-0.004244511069506851,-0.004253544577561723,0.006073032413983494,0.010206237207489768,0.010887702180975286,0.015077851944592657,0.023685178253876726,0.08362624007477137,536.1215209960938,-0.004244511069506851
2025-02-21,522.7661743164062,535.0085763982402,522.398509843998,534.9886829724813,47093800,-0.02075462594774702,-0.020973030417481504,0.010625226042680989,0.01089775122442933,0.011211913087722267,-0.0036175716005099057,-0.010216208507956237,0.05381441401404441,536.1215209960938,-0.024911043777675168
2025-02-24,516.5953369140625,525.7373982954535,516.2575125365582,524.5548916727963,39268400,-0.01180420177417374,-0.011874424526677075,0.011422275487049488,0.011155188284210263,0.011297821610789033,-0.01595682900358031,-0.023974942238085606,0.0342595896992417,536.1215209960938,-0.03642119056469195
2025-02-25,510.0865783691406,516.0487840625606,506.23101383534026,515.9692710044544,48940000,-0.012599336617714396,-0.012679381310035306,0.009217050670454889,0.011397486282076008,0.011418874973166663,-0.04213484884605867,-0.030795162916356977,0.021817082304227187,536.1215209960938,-0.048561644342463905
2025-02-26,511.3188171386719,516.3866683055141,508.14890831803217,512.2827387092531,34457600,0.0024157443496573006,0.002412831130061748,0.008904593295071936,0.009483732925175643,0.011414520606497775,-0.04383530420723092,0.0006805626063846049,0.020614159561460177,536.1215209960938,-0.04626321251073706
2025-02-27,497.1187744140625,515.8003708854543,496.9001589871784,514.8662895456173,52448000,-0.027771406505382457,-0.028164323679419682,0.011041923980957439,0.010657920649384367,0.011951417947898649,-0.07249196680291337,-0.04127935295490004,-0.009318841736111416,536.1215209960938,-0.07274982453523893
2025-02-28,504.9690246582031,505.575167681001,493.7998053688424,496.97966053616966,47654000,0.015791498225737888,0.015668109814383185,0.014586433274721587,0.01133963586309007,0.012116195348648091,-0.05810715503457209,-0.024307426073715388,0.004736404340273781,536.1215209960938,-0.05810715503457209
2025-03-03,493.9190673828125,509.80833658708485,490.4709237175102,508.2979219919685,44587200,-0.02188244572599274,-0.022125417526418733,0.015252373069321739,0.012128176559375863,0.01240967786409826,-0.07479101431287283,-0.0497084727674425,-0.02249812423526687,536.1215209960938,-0.07871807409422904
2025-03-04,492.4285278320313,500.5669416036149,484.6677252997208,491.0671622880661,67875400,-0.0030177809467435424,-0.0030223436294282416,0.014817935559578482,0.01212716847663394,0.012376822631184748,-0.058032917917931304,-0.051197441556779744,-0.017714070561764994,536.1215209960938,-0.08149830113680667
2025-03-05,498.8478698730469,500.45766070927147,488.1655836699512,493.0744692441924,46323700,0.013036088849842642,0.01295185034750621,0.016721633350580398,0.012506770997042196,0.012438056936521454,-0.03435467913247536,-0.031074441948567233,-0.01357648492634167,536.1215209960938,-0.06952463138169462
2025-03-06,485.1248474121094,495.439438469392,483.1374453830968,490.58025627763743,57574300,-0.02750943381682658,-0.027894904119441746,0.018703771449752847,0.01331455108496134,0.012823719630054837,-0.04893626301017251,-0.0691553063502689,-0.05104457757360292,536.1215209960938,-0.09512148195288717
2025-03-07,488.6922302246094,490.172835031535,477.5031471015196,484.0913896771833,54714700,0.0073535355517866385,0.007326630128708929,0.019204093251336284,0.01341147558591835,0.012855634398012138,-0.044251426224992785,-0.06654631743354766,-0.04698841529263742,536.1215209960938,-0.08846742560037979
2025-03-10,469.7522888183594,480.92147845342646,465.7079184343633,480.4047648459635,76668000,-0.03875637924004838,-0.03952739458487481,0.021557110020683005,0.015329248368080098,0.01361012070382367,-0.05505019525355703,-0.1073828823134404,-0.09511096276049402,536.1215209960938,-0.12379512774346912
2025-03-11,468.62939453125,475.7939702022416,464.0683106107926,469.37467027626616,68760800,-0.002390396627835467,-0.0023932581869383495,0.019199537741445397,0.015246880651781723,0.01360962838692654,-0.0719640777007069,-0.09814115233191689,-0.09476532412617367,536.1215209960938,-0.12588960491540402
2025-03-12,473.9159240722656,478.0298307018477,468.8182327695673,476.1418047481612,46971100,0.01128083215160558,0.011217678074462644,0.019984603784020654,0.01520219049780544,0.013641593005332147,-0.0404988279082642,-0.09887569499473803,-0.09267386212324202,536.1215209960938,-0.11602891226648104
2025-03-13,465.3899536132813,473.2799425033812,463.4919809381716,473.2501326844151,46563300,-0.017990470515787615,-0.018154266515680462,0.0204438208605995,0.015455741047156383,0.0137779247031086,-0.0549086267154143,-0.11297556170253054,-0.10200385793500011,536.1215209960938,-0.13193196805715957
2025-03-14,476.63861083984375,477.5329356476442,470.1397980058928,470.745971366685,43563000,0.024170391172452232,0.023882910404113958,0.02265372909360317,0.01673028260796916,0.01415295493118185,-0.044521106282071954,-0.09206890477953811,-0.07715437871611175,536.1215209960938,-0.11095042416080025
2025-03-17,479.7290344238281,482.77970385821135,474.7903391011045,476.5889355359568,41744400,0.0064837877454766435,0.006462858412567888,0.02091709919011218,0.01637034022083047,0.013976729662104252,-0.01112252447398876,-0.09914170739311023,-0.08750660290725276,536.1215209960938,-0.10518601541585293
2025-03-18,471.5508728027344,476.5889137375583,469.4342848576123,476.3901917362346,39072300,-0.017047460199935638,-0.017194440977071127,0.021244493270536676,0.01644078443610981,0.014102217255817074,-0.03507597698861842,-0.11820124405482113,-0.09723610780038416,536.1215209960938,-0.12044032120439696
2025-03-19,477.8609008789063,482.27290553437547,471.8788012950444,473.80658371122826,40430300,0.013381436532324376,0.013292695885505612,0.015847408486534327,0.01688771854187979,0.014180577792876686,0.017261463655544373,-0.10842268059903604,-0.0921051502479373,536.1215209960938,-0.108670549186202
2025-03-20,476.24114990234375,481.4978063463737,473.1805338469725,473.8761366755608,36780500,-0.003389586747071016,-0.003395344410644146,0.01590378132792971,0.01684591644926826,0.014036593982427214,0.01624259054152466,-0.11169178767995458,-0.10802745397948954,536.1215209960938,-0.11169178767995458
2025-03-21,477.8111877441406,478.5763266010879,469.93114605028205,471.0937592442753,42234900,0.003296728647070646,0.0032913063511417415,0.015441355792733265,0.01695377944402382,0.014046329765532911,0.008219313751696156,-0.10496428755991516,-0.10112843798522642,536.1215209960938,-0.108763276548971
2025-03-24,488.2964477539063,489.1423592971704,482.0665930507614,485.39050030859886,34567200,0.02194435852217924,0.021707046583332508,0.01448608408449071,0.017536501445514174,0.013645282559332067,0.04922000134033677,-0.06593717852455583,-0.04702295066579443,536.1215209960938,-0.08920565836142946
2025-03-25,491.08294677734375,491.2421796862816,488.05761261924056,489.022941249908,26035200,0.005706572382934372,0.005690351579621891,0.01235841641180323,0.017518004569694615,0.01365990263255316,0.030304586344880535,-0.049385637681361505,-0.03729739822476985,536.1215209960938,-0.0840081445249018
2025-03-26,482.0466918945313,490.7843964317407,480.4942090197157,489.9285233558148,34627100,-0.018400669259870384,-0.018572067390751727,0.014946755702983587,0.01773359485756783,0.013790880450977053,0.004831180321380302,-0.054970837625759605,-0.06319261784889685,536.1215209960938,-0.10086300770223411
2025-03-27,479.2999572753906,484.236055686186,477.9365616361051,480.0861602272346,33469800,-0.00569806756342528,-0.005714363483389789,0.013204021222616063,0.017708644077184137,0.01373503427937665,0.016433188696266088,-0.06262014772399349,-0.07751787321121051,536.1215209960938,-0.1059863510331217
2025-03-28,466.68109130859375,478.2052964153207,465.7953639122296,477.49872503017417,46363800,-0.026327701004877135,-0.026680480621459172,0.015947670293036443,0.017609887179193158,0.013961773274170535,-0.023395531104867695,-0.061228190670015725,-0.11382131535841944,536.1215209960938,-0.12952367507740092
2025-03-31,466.66119384765625,467.5966378628316,455.1269969393962,459.6949133234896,53000300,-4.2636098415149704e-05,-4.263700735942972e-05,0.015993486786564214,0.017103253581005576,0.013962842722779928,-0.020115767099613158,-0.07586174386929212,-0.1132565403006851,536.1215209960938,-0.12956078879165833
2025-04-01,470.4229431152344,471.34845587241415,462.1828303710836,465.0489314542302,41156200,0.008060985822631261,0.00802866962718223,0.016392025835805263,0.01674817766601934,0.01393875153272927,-0.015462686555724914,-0.04757079817161103,-0.094065971343116,536.1215209960938,-0.12254419065064548
2025-04-02,473.8562927246094,477.2498697785152,463.61585302345657,463.8746102747231,49894500,0.007298431463904853,0.007271926796522821,0.0134876975717164,0.016873314144842534,0.013898326746413137,-0.029572517055406755,-0.03771559537622271,-0.0751536534095606,536.1215209960938,-0.116140139563504
2025-04-03,448.4891052246094,457.8537794541511,447.9716210778618,454.2412608622545,70456300,-0.05353350348930075,-0.05501970620099015,0.02208230498313816,0.019942074437206945,0.015363650099750712,-0.08673451569078072,-0.10095014470294006,-0.11716440200153022,536.1215209960938,-0.16345625448623402
2025-04-04,420.6339416503906,438.2486595831719,420.6339416503906,436.0294213013578,117088400,-0.0621088968488287,-0.06412143143699196,0.029053979810246273,0.023087873305780084,0.01713666088143386,-0.12740000351994407,-0.13293671949755703,-0.17037357206190507,536.1215209960938,-0.2154130636858813
2025-04-07,421.6490173339844,441.0053356019918,400.4516351196774,406.69142055496206,161557000,0.00241320441144377,0.002410297309692583,0.029820251084916514,0.022964387876385065,0.01697419494919446,-0.12028154617231035,-0.13718902970855718,-0.1817621960803265,536.1215209960938,-0.2135196950300069
2025-04-08,414.0557556152344,441.0053229949478,407.8159703583268,436.04930169029,101248100,-0.01800848906695174,-0.01817261533606683,0.029586211809925968,0.0219418654281996,0.01697388045826231,-0.11276509092278775,-0.11856575162885763,-0.2056270367555706,536.1215209960938,-0.22768301700343185
2025-04-09,463.7552185058594,465.5763897991723,413.4288133631856,413.56815354318593,142876900,0.12003084661093011,0.1133562265446417,0.059967585152438656,0.03516144271441941,0.022936177102606283,-0.006227163046999662,-0.010400918257093217,-0.09411286335291846,536.1215209960938,-0.13498115568235447
2025-04-10,444.03070068359375,453.3953754518723,430.5459844866977,451.3751553721857,108384100,-0.04253217437814427,-0.04346316097561369,0.06193414977932397,0.03624787110284391,0.023515246625502393,-0.056103221192542074,-0.06306017981390888,-0.13279368258885493,536.1215209960938,-0.17177228800925337
2025-04-11,452.2111206054688,453.5944394661005,439.2040723268698,442.5080869674275,52483800,0.01842309531588948,0.018255446043871172,0.06249147582133542,0.03634014714276045,0.023587485502299794,-0.0456787689674516,-0.028317828748756213,-0.102747237709232,536.1215209960938,-0.1565137699279867
2025-04-14,455.27630615234375,462.8098179898462,450.4496627786491,462.2226636947785,43941200,0.006778217976530332,0.006755349138877662,0.058736889645957316,0.035939640811219,0.023609026213062996,0.015133480052620829,-0.044818661773664004,-0.09375289115632823,536.1215209960938,-0.15079643640035678
2025-04-15,455.7837829589844,460.152650240748,453.9526501626425,456.3311517478732,35404200,0.0011146567475242009,0.0011140359789449006,0.051350606136654486,0.035898448849275816,0.023610942291453017,0.08356396816357847,-0.04991411765102538,-0.09188056093166752,536.1215209960938,-0.14984986591816885
2025-04-16,442.0403137207031,450.43965945558847,435.6512567922465,446.8669566467618,48980600,-0.030153484507626782,-0.03061745145578696,0.053842463892665914,0.036287862241235064,0.02367954354071263,0.04836082985713919,-0.06258192017889974,-0.13907031000365178,536.1215209960938,-0.17548485481536213
2025-04-17,441.9607238769531,445.5931353213716,439.2339021288606,445.0159426129849,44837000,-0.0001800510977835179,-0.00018006730892834326,0.05282186871999103,0.03611201754480946,0.023672365934318703,0.06739422863535727,-0.07512683489258842,-0.13315218448547272,536.1215209960938,-0.17563330967239177
2025-04-21,431.0236206054688,436.9648633110088,425.8685808388082,436.1189822025886,44149300,-0.024746776536028414,-0.025058125331444588,0.022327414114373067,0.036419714054628564,0.023717939086969807,-0.0705794707946279,-0.0949467077889995,-0.16863609479437125,536.1215209960938,-0.1960337279416744
2025-04-22,442.33892822265625,445.42397106891866,435.5119573980011,436.7061890853483,52304400,0.02625217523181811,0.025913501374769193,0.020802805381264628,0.036993646344080644,0.02397377641429273,-0.003810034887977265,-0.07423907273698904,-0.1517856285964615,536.1215209960938,-0.17492786448712772
2025-04-23,452.3703308105469,461.14785116525866,450.6984308488603,455.9629568263105,55801100,0.022678091273127032,0.022424766162825568,0.021493771579151225,0.037018755190642245,0.024106421670302036,0.00035207052154073715,-0.073574397496878,-0.14350077876849876,536.1215209960938,-0.15621680329105292
2025-04-24,465.0987243652344,465.4072286279397,453.6341981671536,454.2810913346692,45956100,0.02813710954889781,0.027748533186878456,0.023950777858352843,0.037601509597986145,0.024402214239409196,0.021574630790480498,-0.05291208457273222,-0.12126963432291593,536.1215209960938,-0.13247518304973405
2025-04-25,470.2835998535156,470.8110455432342,463.1481559071448,464.72053142933055,38697100,0.011147903050814811,0.011086223157245117,0.024097948125456275,0.037507123343560295,0.024450773128141447,0.03181292849077977,-0.02440239138408895,-0.10642396975738388,536.1215209960938,-0.12280410049619672
2025-04-28,470.1343383789063,472.5227711679886,463.785066874951,470.7513468926074,33550800,-0.0003173860935312689,-0.000317436471157173,0.01899781570449737,0.03748838189066975,0.024193952064214232,0.06355534503568827,-0.019122928674116357,-0.07991984949383335,536.1215209960938,-0.12308251027600181
2025-04-29,473.23931884765625,474.1250461983433,467.3279300466541,467.9051531308386,30613100,0.006604453696057222,0.006582739844728741,0.01862099065263758,0.03702972965422798,0.024129578671541023,0.07077234080060801,0.014052910351848524,-0.08733218433044765,536.1215209960938,-0.11729094931985706
2025-04-30,473.1795959472656,474.9012732295199,460.2024029412006,464.87977453427817,46810600,-0.00012620020782727615,-0.00012620817174354294,0.01218450194969507,0.037029885723326106,0.024129757332755596,0.09780432748112355,0.01396816831042802,-0.08573042037245471,536.1215209960938,-0.11740234738550392
2025-05-01,479.3596801757813,484.8331859909613,478.4242058431775,481.0813574837799,43316500,0.013060758074624257,0.012976201823912958,0.010824521671263472,0.037091572592100275,0.024186927264094663,0.08369318093226985,0.018997238955579254,-0.07772047557966943,536.1215209960938,-0.10587495296747473
2025-05-02,486.4752502441406,488.5452477117453,482.4945185901325,484.19630323903306,39218100,0.014843906074349045,0.014734813548431234,0.009849014132173576,0.03718662125238628,0.024269025028381973,0.07539159204469792,0.02663034703406386,-0.06266811128296601,536.1215209960938,-0.09260264475060098
2025-05-05,483.5892028808594,486.6742758401759,481.768031598775,482.26562303187217,28309500,-0.005932567714046821,-0.005950235304661263,0.007892030546906756,0.035027153595746756,0.024260434739345634,0.03975602930509159,0.07826298843685708,-0.06071175890110592,536.1215209960938,-0.09798584100416508
2025-05-06,479.0910034179688,482.7134533803981,475.8865132659184,477.2499089792982,32786300,-0.009301695397857745,-0.009345226317686079,0.009180756964430822,0.0317764042464979,0.024226449019474752,0.018727856057911607,0.13897371557372962,-0.08073288621289099,536.1215209960938,-0.10637610195569913
2025-05-07,480.9718933105469,483.4598506116992,474.4833116025476,479.7577689327616,38006300,0.003925955359543876,0.0039182689080103274,0.009088703512705899,0.03176797222299437,0.024224293847035047,0.023052038634340244,0.14069255124001256,-0.0812929748947746,536.1215209960938,-0.1028677744237555
2025-05-08,485.9378662109375,490.32662643958486,481.8377175267332,486.1767003880921,39577600,0.010324871306324424,0.010271933892103543,0.009417237942697745,0.031261629764338314,0.024254165319618624,0.02683324664189435,0.17360490615302626,-0.07662726113999607,536.1215209960938,-0.0936049996499243
2025-05-09,485.619384765625,489.172194889319,483.8579220246552,487.8485846688506,27767400,-0.0006553954064041356,-0.0006556102718598544,0.009456313623425246,0.017887940034978858,0.024208409532739762,0.0262897828327866,0.047145919630205535,-0.06544458401274011,536.1215209960938,-0.0941990467695415
2025-05-12,505.4036254882813,505.4434413067533,499.0643154796623,504.5477524292731,45090600,0.04074022031102564,0.039932210278224356,0.01687474346824845,0.01662648344067042,0.024717902024774644,0.054330696530316525,0.13821775095776667,-0.03900361302098776,536.1215209960938,-0.05729651637699551
2025-05-13,513.1063232421875,514.8976401223139,505.9708492495279,506.7072747981581,53269600,0.015240685593548076,0.015125713046787061,0.016903356286678578,0.016524798812964193,0.024793979174745483,0.054742914433328016,0.1346610020452077,-0.022029064815221933,536.1215209960938,-0.042929068975154916
2025-05-14,516.1814575195312,516.7287959644325,513.2655789214306,514.2806849131285,47014500,0.0059931716645251765,0.005975284044695608,0.0158618156361181,0.016524226831853797,0.024805595526013757,0.06739657222392847,0.13377623773552472,-0.016745212410673282,536.1215209960938,-0.03719317859039606
2025-05-15,516.7487182617188,519.4158011315517,512.6883550423395,514.0318883953613,50153300,0.001098956062686618,0.001098352652513144,0.014212046332077323,0.016524465274566115,0.024737954223321684,0.07860242537448903,0.1337584564921226,-0.02962436159580417,536.1215209960938,-0.03613509619681199
2025-05-16,518.9978637695312,519.1869509574169,514.6090729974479,518.1519218274547,48394600,0.004352493636323507,0.0043430489313248674,0.014177771403369765,0.014302870864534018,0.024738401753931365,0.07906069146213568,0.1740962252991538,-0.029475509418409707,536.1215209960938,-0.031939880336733006
2025-05-19,519.4954833984375,520.0129979914711,511.7628921130437,511.7628921130437,52536200,0.0009588086264786799,0.0009583492630918446,0.014686429630167077,0.014273354078747077,0.024736864286570827,0.06905742384137059,0.1754335969977978,-0.03074223131166387,536.1215209960938,-0.031011695943049755
2025-05-20,517.763916015625,518.4207101166679,514.1712589644468,516.967720965549,42517600,-0.0033331711981111622,-0.0033387385880474254,0.015031197559300066,0.01248281668647042,0.024739922266703556,0.06619285032353872,0.2012425567032965,-0.03424149984943903,536.1215209960938,-0.03424149984943903
2025-05-21,510.5686340332031,520.4806779894516,508.7773168881608,513.7831162356644,71292800,-0.01389683938925701,-0.013994304486488396,0.008925680454836092,0.012754682012773534,0.024794839120136393,0.010219571614532352,0.15424757229642405,-0.04360305318725177,536.1215209960938,-0.04766249061484107
2025-05-22,511.5240783691406,515.2162292841061,509.8322550667711,511.185689412206,55607200,0.00187133378795723,0.0018695850242248127,0.006626660178502392,0.012269145639690933,0.024658903336644347,-0.0030836588858408343,0.13076398589757954,-0.02150501792118875,536.1215209960938,-0.045880349255989605
2025-05-23,506.7869262695313,509.37440786318274,503.14455323986806,503.74166904926017,58368100,-0.009260858481408119,-0.009304006831766541,0.006673336646776112,0.01158098306897921,0.02464142766764585,-0.01820005564544025,0.08963301707867055,-0.01898664185225285,536.1215209960938,-0.05471631631586038
2025-05-27,518.709228515625,519.1969191841325,512.1112214329714,513.6637044067394,47226300,0.02352527586663289,0.023252821336146756,0.012001799807601991,0.012250092997562079,0.024763781211913655,0.0037939334624790266,0.10297111929310954,0.016904287452637723,536.1215209960938,-0.032478256884963974
2025-05-28,516.4103393554688,521.1573812940497,515.8928855439889,519.6646069225357,46637200,-0.004431941893023428,-0.004441792061853185,0.012003592788771403,0.012367509925083132,0.024770541869462908,-0.004985616694583417,0.09843144224718636,0.009957627308317951,536.1215209960938,-0.03676625703068659
2025-05-29,517.4254760742188,523.9439124018006,514.8280630915039,523.7946714004786,58513300,0.001965755991673257,0.0019638264216592666,0.012032120262758465,0.012370452696571983,0.024505938428355585,-0.0039846493191377785,0.09336958166146547,0.04084879249248052,536.1215209960938,-0.03487277452906279
2025-05-30,516.609375,518.1718194248762,509.46396914496165,516.937802360934,67662800,-0.0015772340403696905,-0.0015784791834056236,0.011981617404892076,0.012400613014753613,0.024433591584096356,-0.0022298599417850395,0.09178286516305012,0.023051612620548,536.1215209960938,-0.03639500604236312
2025-06-02,520.689697265625,520.9285314569356,513.4845216279213,514.7484234216115,44762800,0.007898273750113427,0.007867245657825187,0.010598675323193267,0.012267934740783167,0.02427821860918179,0.019823119866316796,0.08621921867664795,0.054200438190542544,536.1215209960938,-0.02878419001310939
2025-06-03,524.7599487304688,526.1930145844751,520.1721699845227,521.0379742774489,44070300,0.007817038605177906,0.007786643854106604,0.010743882112829728,0.012051777656069967,0.024286789950219784,0.025875361338858482,0.07869814233532879,0.06565708335538556,536.1215209960938,-0.021192158532482797
2025-06-04,526.222900390625,527.2877534208493,523.4363395775185,525.4665516408473,41359300,0.002787849308422796,0.002783970463956466,0.009170336432956406,0.011852519393996225,0.024241156290815077,0.03835137236898012,0.08816097889652252,0.05487651079786082,536.1215209960938,-0.01846338976856865
2025-06-05,522.2620849609375,530.4823065783713,520.1423402294238,527.6261361168769,61031200,-0.00752687772947036,-0.007555347623222425,0.0058742717819672925,0.011758151870150276,0.023989781159528375,0.006849418228936477,0.09011039914123664,0.07655191802055938,536.1215209960938,-0.025851295820779496
2025-06-06,527.3673095703125,529.2382582965394,525.6655856720602,527.4469412104685,42467000,0.00977521584734009,0.009727747516344976,0.006137026836339735,0.011820900987289424,0.024001331889346597,0.02121756552844989,0.09646180349630051,0.07913995139216268,536.1215209960938,-0.016328781970020967
2025-06-09,528.1435546875,529.7855699578893,526.4616932284755,527.5862547168781,33688700,0.0014719249811292467,0.001470842761388233,0.0061539805654949415,0.01175899695619448,0.023442001527828823,0.020714246029400973,0.08685408446486798,0.12430224877886431,536.1215209960938,-0.014880891730984724
2025-06-10,531.6366577148438,532.3233363181573,526.342277608641,528.6112629449328,40664800,0.006613927210397552,0.006592151157907925,0.005924261878128625,0.011720835595579968,0.023441469884431177,0.029088288834951515,0.09475995891603084,0.13445008767880906,536.1215209960938,-0.008365385655321744
2025-06-11,529.8452758789062,534.1942808270467,527.5563674659288,533.039834702878,53701000,-0.003369560413003625,-0.003375250166599798,0.00624837557249627,0.00834666297312188,0.02342328941332905,0.017583560153698663,0.048360655044789924,0.11801534611044673,536.1215209960938,-0.011706758395981676
2025-06-12,531.0892944335938,532.0646150066514,528.2829320298816,528.5317277617894,34104900,0.0023478902451739003,0.002345138257606962,0.005800013903878835,0.007802439227331708,0.023282549869184977,0.012061411543387246,0.03504726092201804,0.14117051799297275,536.1215209960938,-0.009386354334648406
2025-06-13,524.421630859375,529.3079524332428,523.197514523019,525.1381334298933,55814400,-0.012554693992334776,-0.012634170062090723,0.007864525060355612,0.008321212039021218,0.023187204112465717,-0.003423016234969767,0.01596371434851851,0.10024999849537353,536.1215209960938,-0.021823205520608124
2025-06-16,531.7162475585938,532.7910620936354,527.8947792535579,527.9445262501218,37622100,0.013909831841346865,0.01381397798170057,0.008776333139214434,0.008800964760778674,0.023230355715307877,0.018102333808825755,0.028964811653958256,0.10836786895169714,536.1215209960938,-0.00821693079829211
2025-06-17,526.5313110351562,530.7608377600702,525.3669034737391,529.1486465500997,42180900,-0.009751322340147528,-0.009799177840909237,0.009207928750461763,0.009097327882170412,0.023152457638831465,-0.0015852301043032258,0.014515372396542991,0.11659492411844607,536.1215209960938,-0.017888127197578707
2025-06-18,526.4417114257812,529.9845595741693,524.8594048736611,527.5463496966778,43983500,-0.00017016957490878504,-0.0001701840553936793,0.009179396854729113,0.009099217382168585,0.02310801453582015,-0.0032223119010241774,0.01337110379074491,0.10166307906238536,536.1215209960938,-0.018055252757486318
2025-06-20,524.292236328125,530.989797962704,522.3516174800588,529.6960723110417,61643500,-0.004083025814642927,-0.004091384123763854,0.008689639189429742,0.00911717394012408,0.02311068890753792,-0.01381473846872705,0.01260868150630845,0.10089654460903774,536.1215209960938,-0.022064558509030552
2025-06-23,529.6832275390625,530.2012624901581,521.7128229011945,524.8611059770333,50666100,0.010282416632169111,0.010229912194552533,0.009782064679783752,0.008707623024692603,0.023134810059607627,-0.00030584086944052125,0.03743785307543268,0.10856179412588052,536.1215209960938,-0.012009018860256071
2025-06-24,537.7831420898438,538.6997215726698,534.2861174166954,534.9038188952696,45442000,0.015291997423467318,0.015176253311772034,0.011391518551625679,0.00919303266857517,0.02305687334660199,0.012603996590420774,0.05133495143458977,0.10134559561833623,537.7831420898438,0.0
2025-06-25,539.157958984375,541.3000294115662,537.3845756916884,540.0546537700266,44804200,0.0025564521959329234,0.002553190030548303,0.009478843649955387,0.00879489545235124,0.023051656233644677,0.028100153116970894,0.06387503512201365,0.09789591050252522,539.157958984375,0.0
2025-06-26,544.19921875,544.6475661276676,539.5166551436107,541.3398412384469,43811400,0.009350246401112816,0.009306803438873728,0.008818431364966732,0.007603209577037457,0.022925396495511813,0.023476753341133527,0.04914119285542484,0.12893466110346674,544.19921875,0.0
2025-06-27,546.0624389648438,547.95537367592,542.5255230814219,545.2354924154549,57577100,0.0034237833327350753,0.0034179355305174537,0.006708842991809669,0.007446320031493619,0.022903635040222508,0.03709395342755495,0.057419647419111985,0.1392916495736165,546.0624389648438,0.0
2025-06-30,549.5992431640625,550.7549250315776,546.9789678853869,549.2206440950201,45548700,0.006476922686576625,0.006456037555246165,0.006272336851715871,0.0074893718905710074,0.022612782956066654,0.04398878591052924,0.06218048506994811,0.1776762620121648,549.5992431640625,0.0
2025-07-01,544.9664916992188,548.6727617985166,542.6450941202479,547.6963457952282,56166700,-0.008429326500110967,-0.008465054187967391,0.007544374657758994,0.007835599306095096,0.02265470565358034,0.039432694094205356,0.05489082868312001,0.167799034682806,549.5992431640625,-0.008429326500110967
2025-07-02,548.7622680664062,548.9615403155057,544.0995893223733,544.139419448452,36538300,0.006965155518740662,0.006941010872351519,0.007298830284708426,0.007806506841480205,0.0226509529649525,0.036019718079399965,0.05391420446419981,0.16652955834252747,549.5992431640625,-0.0015228825513619038
2025-07-03,554.1622924804688,555.1387084222483,551.1335605372531,551.1335605372531,26443500,0.009840371192228359,0.009792270037689128,0.006243466147146125,0.007887059198500898,0.02266154734425825,0.030456794028490775,0.056030083509863715,0.16947332131881332,554.1622924804688,0.0
2025-07-07,549.9878540039062,552.2893059767699,547.5469053516296,551.4723321808171,45349300,-0.007532880770139472,-0.007561396209012183,0.007708882744521496,0.008192314665463267,0.021532243301331216,0.02008668301944727,0.04516138236408951,0.22631262966458232,554.1622924804688,-0.007532880770139472
2025-07-08,550.2966918945312,551.9604968449189,549.0612280892235,551.3328226115977,36153300,0.0005615358382493607,0.0005613782359973233,0.007174873852552905,0.007900151593791701,0.0198346578300189,0.011204487133474439,0.053679192384204155,0.3082555576361683,554.1622924804688,-0.006975574914407812
2025-07-09,554.1921997070312,555.5670993773455,551.0538285444961,552.4287282148103,43045500,0.007078922824501843,0.007053984870394073,0.007455942599637942,0.007797633910521143,0.019835602613804407,0.014887969144332436,0.05086566734402842,0.31434481505754497,554.1921997070312,0.0
2025-07-10,553.3952026367188,555.2383344969288,550.7051787469096,554.8298779906593,34710900,-0.0014381239409970714,-0.001439159033745371,0.007286370836291999,0.007840584674109483,0.01964077059363313,0.006906777110541107,0.04781209147607601,0.3365233911902603,554.1921997070312,-0.0014381239409970714
2025-07-11,552.1497802734375,553.733864104168,550.0077097543851,551.2530854493318,39618600,-0.0022505116729369945,-0.002253047880222565,0.0062538823443207886,0.007832834371760291,0.012983002087785177,0.013181156426372409,0.03858485351022667,0.1906060745847138,554.1921997070312,-0.0036853990992176122
2025-07-14,554.1524047851562,554.8896575344722,549.5893307950605,551.9405857278426,36453300,0.003626958813108594,0.00362039725886451,0.005920710494736243,0.00774879965787542,0.011610127932268982,0.009822353015892293,0.04587590002747377,0.2480047076295131,554.1921997070312,-7.180707685172649e-05
2025-07-15,554.660400390625,558.7253235687808,554.6006247913591,558.177370440617,43277700,0.0009167073914724266,0.0009162874718609827,0.004621806571365653,0.007753419480701266,0.011457856539817223,0.0008988484364871319,0.044382566555347,0.22655188056407383,554.660400390625,0.0
2025-07-16,555.2283325195312,558.1375740177878,549.519549612121,555.2184205935204,52314700,0.0010239276654802065,0.0010234038091116618,0.003153238297961059,0.006999876358114305,0.011452705108252994,0.009528353176300852,0.058744147547218795,0.21954146309942546,555.2283325195312,0.0
2025-07-17,559.7216796875,560.2298027364059,555.1486938660757,555.9556949409956,40423800,0.008092791568432123,0.008060220539776463,0.00400518064771149,0.0066419204730422295,0.01146575593168815,0.01712710240092652,0.05266988221160229,0.22804211254236062,559.7216796875,0.0
2025-07-18,559.1836547851562,562.6407884950407,557.9083608963978,561.0367592084838,50484700,-0.0009612364892568337,-0.0009616987733175869,0.0035822568794807753,0.006087144727334962,0.01065171839372868,0.00900672200143493,0.06201405892805445,0.2650060128644025,559.7216796875,-0.0009612364892568337
2025-07-21,562.0828857421875,563.9659084478778,559.9807060956166,560.0106243017523,39595200,0.00518475626428172,0.005171361693961275,0.003616919693962244,0.006064802605838924,0.010640876600363156,0.015698876795597894,0.0677020333739855,0.2717937485745401,562.0828857421875,0.0
2025-07-22,559.1736450195312,562.262152187211,556.5433971551718,562.2123493250268,43270600,-0.005175821567338423,-0.00518926253053106,0.004321668619082177,0.006134184831231682,0.010061610004948377,0.012720940942175796,0.066530469601644,0.29731554905053037,562.0828857421875,-0.005175821567338423
2025-07-23,561.7242431640625,561.7640732969975,557.5099110527195,560.2597104593184,40215300,0.004561370456653391,0.004550998933379237,0.004400657497240394,0.0059221501837350326,0.009657473542408866,0.013663819399722499,0.06049090089913611,0.26989556497119405,562.0828857421875,-0.0006380599502713302
2025-07-24,562.9197998046875,564.145230057719,561.2061311881392,563.0393510094046,42275500,0.0021283693114093616,0.002126107542131473,0.004377055829487064,0.005186729221423476,0.00935337528672976,0.014890912364116327,0.04674125264909157,0.24437824822874799,562.9197998046875,0.0
2025-07-25,564.2747802734375,565.599877131678,562.1825732841013,562.8401049406639,30630800,0.0024070577535559856,0.0024041654304375656,0.004350361032145894,0.005186304618612493,0.008806877459262704,0.016293202677275076,0.04658527407510715,0.2132365683082842,564.2747802734375,0.0
2025-07-28,566.0381469726562,566.934780883673,564.7728259539763,565.6396024726357,31498700,0.003125014196743381,0.0031201414887602995,0.003590435840219761,0.004927638405163053,0.008746583017227418,0.011285014524866854,0.040130392455945074,0.20361021976731974,566.0381469726562,0.0
2025-07-29,565.1614379882812,569.9934711462136,564.4341580737452,568.648489779181,45463300,-0.001548851414103325,-0.0015500521244295575,0.003666629985468982,0.004969394838959693,0.00875544995218826,0.010690196596361057,0.034975851955030945,0.2021275449418194,566.0381469726562,-0.001548851414103325
2025-07-30,565.918701171875,568.5090584763351,562.9596566910935,566.078082515952,43433800,0.0013399059679111147,0.0013390090949705715,0.0032964938907550315,0.0048447888595747664,0.008745258675828193,0.006824287888827385,0.029693377876324645,0.1958404101964608,566.0381469726562,-0.0002110207614453019
2025-07-31,562.9197998046875,572.5042065088016,561.784002550513,572.414512700583,64613600,-0.00529917346957709,-0.005313263889738921,0.003334969500858137,0.004567284065254482,0.008798066745309153,0.00669944804896061,0.03294387522706188,0.18965357894980572,566.0381469726562,-0.005509075995401735
2025-08-01,551.8309936523438,556.951993446216,549.6391201209816,556.7626938955674,69400800,-0.01969873178415671,-0.0198953380135253,0.00812837421088665,0.006347343537464985,0.009143055183832197,-0.01761228864895059,0.005592085616145548,0.15118358191908676,566.0381469726562,-0.025099285969146568
2025-08-04,562.0130615234375,562.2322792440823,556.8821506732708,556.9817563948841,47669800,0.01845142441837644,0.01828326229098342,0.011373334797481802,0.007214431578700057,0.009233869131803105,-0.0016107770264336407,0.01416691310379159,0.1552757539903371,566.0381469726562,-0.007110979128785111
2025-08-05,558.1973266601562,564.4640352064246,557.6592854470431,563.2983805936119,48666600,-0.006789406020098587,-0.0068125588928280795,0.011555099885696423,0.007173745752447891,0.009246865242013435,-0.010770379654990503,0.014926643554916907,0.15427996186605908,566.0381469726562,-0.013852105824377903
2025-08-06,565.2212524414062,565.6596271290572,558.5559991276681,559.0342039471559,41823700,0.012583230778398846,0.012504719857980925,0.012682483059201947,0.007625068585167618,0.009214182817660507,-0.0014431792903341067,0.027120934518965578,0.17977847300191452,566.0381469726562,-0.0014431792903341067
2025-08-07,567.1341552734375,571.1990788301907,563.0194288475504,569.5551584832303,44463000,0.0033843434297078367,0.003378629427949547,0.012727960238695251,0.007527126190163946,0.00921324385737739,0.003490537663323634,0.023352828807853943,0.17914198971135864,567.1341552734375,0.0
2025-08-08,572.4244384765625,572.6436562068012,568.0407527747095,568.3396307619837,35255500,0.009328098394240314,0.009284860362176548,0.013159556003807735,0.007708158680104481,0.009200717007677271,0.011495886761147434,0.03438634044743538,0.17797866410369978,572.4244384765625,0.0
2025-08-11,570.730712890625,574.6661119984625,569.4554798808987,572.5639325532171,33112900,-0.0029588631653203468,-0.002963249254965305,0.01298035470529473,0.007727558195054873,0.009218602337567045,0.013875712115025252,0.0336519786496805,0.17526344869053645,572.4244384765625,-0.0029588631653203468
2025-08-12,577.9041137695312,578.2029917684722,570.372084149425,573.0321895540377,42143300,0.012568801217258008,0.01249046950945093,0.009131389256947718,0.008082691103859852,0.007932664221120921,0.0472483793355285,0.042861329806163084,0.14345066917793803,577.9041137695312,0.0
2025-08-13,578.1930541992188,581.1620102059526,576.7982091868794,580.604084362888,41209300,0.0004999798804039557,0.000499854932109572,0.007669168029472769,0.008086076054615284,0.007756074188817081,0.028789353457235434,0.04242713882588456,0.12684842889045855,578.1930541992188,0.0
2025-08-14,577.7447509765625,579.7273793774012,575.7720345015408,576.1407216563158,45425000,-0.000775352141296759,-0.0007756528822317328,0.006494404862852206,0.008106573083011924,0.007745712719037703,0.0350188425898843,0.04055343925778354,0.11926676667710767,578.1930541992188,-0.000775352141296759
2025-08-15,575.2042236328125,577.6949751695009,573.4407520858407,577.6550842269212,49480200,-0.004397317914971555,-0.004407014553971541,0.00633617578592715,0.008089681387476571,0.007784814267268203,0.017662059146371423,0.027661147508091233,0.11312172300636014,578.1930541992188,-0.005169260586406876
2025-08-18,574.9749755859375,575.6325679790418,573.1118984877381,574.3074712675442,29831000,-0.00039855070157024386,-0.0003986301440096994,0.006411184708567356,0.008082637150147644,0.007782034179205003,0.013825336103623798,0.028239954200464545,0.10785615071676613,578.1930541992188,-0.005565751075543801
2025-08-19,567.1740112304688,574.4270476767487,566.1477924665415,574.2576936083949,53752600,-0.013567484997967227,-0.013660364372327309,0.007740662223786458,0.008654378977947762,0.008014772869740628,-0.009172262561093825,0.009057606302242727,0.0917785223465808,578.1930541992188,-0.01905772282929108
2025-08-20,563.8064575195312,566.347011543646,556.772578668353,566.2274603525832,76781100,-0.005937425982603939,-0.005955122579177239,0.00792731775099732,0.008680755439668586,0.008046370160324907,-0.012132263455779224,0.008285105246400137,0.08892574410789345,578.1930541992188,-0.024881994993199208
2025-08-21,561.1962280273438,564.3943140175195,558.9046880126308,562.2622161511607,46436900,-0.004629655189958615,-0.00464040523571677,0.004817599947121797,0.00869367283603447,0.007844672831916496,-0.028911172881615155,-0.0009399899383807364,0.09915923270532945,578.1930541992188,-0.029396455125901055
2025-08-22,569.85400390625,571.8665505027725,561.186237654488,562.5810219572568,51502100,0.01542735935581585,0.015309567580035764,0.008848148901900225,0.009319023949044932,0.008037671706454922,-0.014422605447099501,0.012318280692859673,0.11403163214345446,578.1930541992188,-0.014422605447099501
2025-08-25,568.2100830078125,571.1690661717927,567.0543404263368,568.2898040708618,34044700,-0.0028848106482866065,-0.0028889797344714965,0.008833818206069372,0.00933993664213141,0.00793632990465029,-0.016503253301104914,0.006974089347867141,0.12120114697989215,578.1930541992188,-0.01726580960961621
2025-08-26,570.4916381835938,570.8004889189272,566.6957355547859,567.7219543005008,34103000,0.0040153373620261945,0.004007297409854829,0.00907638309139262,0.009355064163003144,0.007442098508644534,-0.008192890899610394,0.007867828758107764,0.0998293587645489,578.1930541992188,-0.013319800298001283
2025-08-27,571.368408203125,572.2849877073902,568.2599552674767,569.4754735923461,36927100,0.0015368674330140664,0.001535687660874973,0.009132017799917617,0.00934690751342397,0.007402750749716593,-0.006272564087049459,0.01098264990785247,0.10642325425987664,578.1930541992188,-0.011803403632279386
2025-08-28,574.9451293945312,575.8617088595212,570.3422257905413,571.9860851866184,46787900,0.006259921164795568,0.0062404092446850835,0.007455724568823054,0.009428689412240789,0.007425593401199813,0.013701470818811456,0.015950044068105074,0.11116509715896172,578.1930541992188,-0.005617370843698177
2025-08-29,568.2899169921875,572.9027938819278,566.4367515618461,572.5341066955731,56030400,-0.011575387044938212,-0.011642903361598239,0.008659602353567804,0.009726329092556139,0.007601557085268857,0.007952125082747896,0.009539755377876658,0.10003794838641378,578.1930541992188,-0.017127734646945614
2025-09-02,563.5274658203125,563.8761466603551,557.469941948523,559.2334132357979,65876800,-0.008380319673946368,-0.00841563197685182,0.009178343930805466,0.008822875580968888,0.007658500723646296,0.004154051072587039,0.021195750696340054,0.08227120448061065,578.1930541992188,-0.02536451842926002
2025-09-03,567.9611206054688,569.5850955347586,564.6334496680194,567.1242013007502,54230200,0.007867681797376624,0.00783689297461317,0.007423905598490869,0.008046453536943264,0.007659200075508315,-0.003321698694412678,0.010583489049005301,0.08232558902316178,578.1930541992188,-0.017696396591828534
2025-09-04,573.1019287109375,573.4705550386212,566.9249141338813,568.6285491052419,47526300,0.00905133805635927,0.009010620212264717,0.008110865130526636,0.008068233395233911,0.00771943223110236,0.0086092201624266,0.02670131392416275,0.08908587650882027,578.1930541992188,-0.008805234603401324
2025-09-05,573.9288940429688,578.9701724080204,569.4156841594208,578.3424981949754,68342500,0.001442963791609131,0.0014419237197609777,0.00802267971941355,0.007643388447436271,0.007634667767387289,0.006025076669517793,0.015405722208694073,0.09892889139347671,578.1930541992188,-0.0073749764465015355
2025-09-08,576.7284545898438,578.6911981583403,575.6325483844515,576.2303043493281,46371400,0.004877887445522866,0.004866029099374516,0.008165947877661736,0.007675946412988573,0.007574023879893654,0.009381068868639986,0.01691716012374611,0.09359917485167912,578.1930541992188,-0.002533063305998118
2025-09-09,578.3624877929688,578.7908897662577,574.9052929899314,577.5255685086003,44007600,0.0028332800126658064,0.002829273840139144,0.007922580869364409,0.007443632750408519,0.007576030747961733,0.005943799197040356,0.010373507693364203,0.09508576344396191,578.3624877929688,0.0
2025-09-10,578.5517578125,581.6104078841153,576.4096872460331,581.5804896782814,49308000,0.0003272515481658189,0.00032719801305724344,0.005797676821574505,0.007401309036131632,0.007548551327479047,0.0180574043520354,0.013703564124424084,0.08824654849669966,578.5517578125,0.0
2025-09-11,581.9192504882812,582.7162787776647,579.4683292093007,581.0823312583443,44745800,0.005820555603380573,0.005803681615277243,0.0032507339158983476,0.006994373125295807,0.007544255350330569,0.03263689133802261,0.006947755904626041,0.09828147381892727,581.9192504882812,0.0
2025-09-12,584.4896240234375,585.6851967841828,581.9390971782137,582.875622079706,50745900,0.004417062217823897,0.0044073356299503584,0.0029177343519268,0.007050493049983073,0.007552429985864624,0.029101469833619387,0.01089008209021003,0.10054868390219607,584.4896240234375,0.0
2025-09-15,589.4911499023438,589.6007283774782,586.1136761698691,586.2631455882268,44360300,0.008557082407173233,0.008520678106492399,0.002781004377549873,0.007254629469863381,0.00738297168068713,0.028597393186706066,0.02033146801580843,0.1240786329433794,589.4911499023438,0.0
2025-09-16,588.992919921875,590.6666974580144,588.3054701472681,590.417622334017,36942100,-0.0008451865317253837,-0.000845543903240005,0.0032345492809483537,0.007163726680360257,0.0072277660365297385,0.026247198974056918,0.02397182726158964,0.1077203727105771,589.4911499023438,-0.0008451865317253837
2025-09-17,587.8173217773438,589.560847731768,582.2081448420756,588.9132280535239,69384800,-0.0019959461391949596,-0.0019979406941483258,0.00381341912144902,0.007189461259521528,0.007095263705623422,0.01922718932844436,0.022335487171974755,0.11639575739892782,589.4911499023438,-0.0028394457241254223
2025-09-18,593.11767578125,595.9272507480725,590.7664209781601,592.7091584852494,61069300,0.009017008869149912,0.008976598384148765,0.0044962747668027166,0.006550031953779057,0.007148870105467616,0.025512007261375258,0.04574198400680807,0.12665403008224363,593.11767578125,0.0
2025-09-19,597.1326904296875,597.83011295333,593.6456386208329,595.1202047360832,58196100,0.0067693390576313295,0.0067465299591487875,0.004368906133949597,0.006349163601603152,0.007132623296349093,0.03211628409434253,0.059109349433092984,0.138931017959945,597.1326904296875,0.0
2025-09-22,600.667724609375,601.3360027595129,596.1990824942005,596.2190510860968,57154800,0.005920014489817493,0.005902560057156402,0.0043739453605815765,0.006149662904428345,0.007072752055643673,0.03221834318999095,0.07033457213491467,0.13401311081740386,600.667724609375,0.0
2025-09-23,596.6779174804688,601.0367933292055,595.4609900615409,600.8372900448078,64635500,-0.0066422865178928925,-0.006664444678056771,0.0060900420916969395,0.0058445807229189585,0.006947793760129497,0.0208528825082146,0.04707155410042829,0.10951398580803007,600.667724609375,-0.0066422865178928925
2025-09-24,594.583251953125,598.3736318933126,591.8502333814113,598.0544387994095,49850300,-0.0035105464204016057,-0.0035167228478133047,0.005950844833358125,0.005873372859238468,0.006977358167951984,0.008638131465798615,0.04641446840525343,0.10279973066363701,600.667724609375,-0.010129514883135848
2025-09-25,592.0198364257812,593.6057566967052,587.0026056631178,590.6932034651784,70920200,-0.0043112810845634675,-0.0043206014549962745,0.006288347270736277,0.006022392124850208,0.006944134396108121,0.005139139031259843,0.037736220482971206,0.08787336701001336,600.667724609375,-0.014397124781787896
2025-09-26,594.4535522460938,594.7827296224774,589.5560723046866,592.8376791327265,54337400,0.004110868708396165,0.004102442173319647,0.006267561198688337,0.006043295572860986,0.00694796401767589,0.011289613665491416,0.04040325595804006,0.08861827847559667,600.667724609375,-0.01034544076314814
2025-09-29,597.20654296875,600.5181027058711,595.8898943349653,597.5855809487724,48332900,0.004631128390526484,0.004620437709346346,0.005587389654306261,0.005994870770533447,0.006929960471358725,0.006893854886577344,0.038719196730411465,0.08662184381952676,600.667724609375,-0.0057622234370522385
2025-09-30,598.8424072265625,599.1815689140329,594.5832523790604,596.9073409482912,46533800,0.0027391934617468916,0.0027354487081807433,0.0050776477060634016,0.0051487814082118825,0.006817882067026728,0.0028632108479016427,0.0537621543526261,0.09886096915675924,600.667724609375,-0.0030388138200692083
2025-10-01,601.7150268554688,602.2536309055715,594.8226361779185,595.6504804045827,46899600,0.004796954247462626,0.004785485524438967,0.0048891289685632925,0.004519832418403111,0.006795389618707241,0.0017435633765321423,0.0677652170503662,0.09649489746378603,601.7150268554688,0.0
2025-10-02,604.188720703125,605.6150748101588,601.3958573858611,605.5153536087707,43765400,0.004111072081054212,0.004102644713341661,0.003960424709778029,0.004395874310708042,0.006719696867262927,0.012587701006887109,0.06378535217170533,0.09027396649226072,604.188720703125,0.0
2025-10-03,601.645263671875,605.7847287787447,599.859840058186,604.9668078782124,46482100,-0.0042097062459061085,-0.004218592005638049,0.004122056582355462,0.004429148284280166,0.006661272589756899,0.01187724628225273,0.04980498848632253,0.09392463722953748,604.188720703125,-0.0042097062459061085
2025-10-06,606.1636962890625,607.8094613156995,604.4280726015548,606.9018036091138,41962100,0.00751012746217139,0.007482066859813396,0.0036449466921068692,0.0045644465555174695,0.006703752215172014,0.02389085465222318,0.05616514969131425,0.10152160683029976,606.1636962890625,0.0
2025-10-07,602.9718627929688,608.1586438162234,601.4956480641417,607.4703970532165,58209500,-0.005265629590874843,-0.0052795418778261655,0.0048553431660364075,0.004841364031277076,0.006720170686467757,0.014329648657475769,0.045503924757429814,0.08801939672143422,606.1636962890625,-0.005265629590874843
2025-10-08,609.88427734375,610.1934861561377,603.7200088104369,603.8695906281247,50629800,0.011463908977050519,0.011398696294134494,0.0060112118238449365,0.005252689505352397,0.006829165136155935,0.02122839162474377,0.05450178774745296,0.10207727576582193,609.88427734375,0.0
2025-10-09,609.1461181640625,610.0537759298148,605.9342796270852,609.9241018375851,45551000,-0.001210326626064906,-0.0012110596628714585,0.006223652603618734,0.005295665450307742,0.006821039404649686,0.017206047556351134,0.05288093923910897,0.10322622579402108,609.88427734375,-0.001210326626064906
2025-10-10,588.0000610351562,611.6198017284072,587.5511938507611,609.8443624637231,97614800,-0.03471426066481298,-0.03533111853495656,0.015196389663128522,0.009628333525446217,0.008205684484262182,-0.022793124998034653,0.010449577912696073,0.061080049383026136,609.88427734375,-0.03588257169689113
2025-10-13,600.4782104492188,601.415821078074,595.7103438165695,598.1541220292103,65872600,0.021221340338120287,0.020999303481887274,0.017730821377461736,0.010614465992496895,0.0085929775497592,-0.006141310035692404,0.027354782306862946,0.08260515808650859,609.88427734375,-0.015422707624957677
2025-10-14,596.4783935546875,601.1564623206032,588.6284235801336,593.7952358040048,69203200,-0.006661052516025445,-0.006683336337263552,0.017834594319498045,0.010616600948093293,0.008651268188282206,-0.00858790125871478,0.011853008571038437,0.07429386906098712,609.88427734375,-0.02198102867555396
2025-10-15,600.6876220703125,605.1562641092269,594.4136488911962,602.4731063786636,62805500,0.007056799644560963,0.007032016956618481,0.017798932400772793,0.010701934935181848,0.00863888285553388,-0.009033985790100174,0.01985542058805856,0.0731898439340144,609.88427734375,-0.015079344746337764
2025-10-16,598.4633178710938,606.7621549667239,593.9847524006545,603.5702851791965,70982000,-0.003702929971409308,-0.0037098027882145846,0.017748561405475007,0.010732201922195282,0.008656622102467608,-0.007477206151861537,0.018111062228585606,0.07024465531101609,609.88427734375,-0.01872643696013665
2025-10-17,602.393310546875,603.9693073296388,594.8525491800316,596.4285459627954,72024900,0.006566806282733095,0.006545338741229069,0.01726839440812633,0.01065268843491633,0.008668843874644642,-0.01228260356128652,0.015638776493057893,0.07171615757604988,609.88427734375,-0.01228260356128652
2025-10-20,609.98388671875,611.2406903321764,605.5252900595317,605.5951192469275,45761700,0.01260069798083241,0.01252196984914069,0.018094220027437467,0.01088960987609433,0.008748983660480117,0.0013753162495928617,0.021521508527384325,0.09086666038676405,609.98388671875,0.0
2025-10-21,609.8244018554688,611.1609582497778,607.7696457807522,610.0837500489531,44538200,-0.00026145750199924045,-0.000261491687970832,0.00971698310143153,0.010835406863933241,0.008742144525518147,0.037116222032173685,0.01524416390450889,0.0856294868465517,609.98388671875,-0.00026145750199924045
2025-10-22,603.9493408203125,609.8542605281881,598.2139715066553,609.2657958565487,61478800,-0.009634020903854679,-0.00968072831209264,0.008140231577166947,0.010956821752987577,0.008850033875808693,0.0057806100382842285,0.012186513237406382,0.07288700988997143,609.98388671875,-0.009892959518814082
2025-10-23,609.0264282226562,609.8143961922938,602.9818500103868,603.3708114071275,42844300,0.008406478919983362,0.008371341261387805,0.007807772368551997,0.01103968941251713,0.008895871136488973,0.021036863704633646,0.024291259839706925,0.07930825461937685,609.98388671875,-0.0015696455544820243
2025-10-24,615.52978515625,616.8464337655934,613.5648269782704,614.4226241256162,47632500,0.010678283621570861,0.010621673394475997,0.00822961300932662,0.01114942885398268,0.008972103944162292,0.024708621487459448,0.03971142060442778,0.08743516395191753,615.52978515625,0.0
2025-10-27,626.4918823242188,626.9506729134798,622.4422152319877,622.930958710038,54098600,0.017809206690438284,0.017652480809064255,0.009056990161042167,0.011672700296052415,0.009199097224680033,0.04683422294424111,0.05389543044544154,0.10851845192100518,626.4918823242188,0.0
2025-10-28,631.3095703125,633.0651018787079,627.648925370604,628.7560864561588,61195700,0.007689944792912851,0.0076605278808250495,0.009066348114737879,0.011718723434603312,0.009230064433671158,0.04800229228869379,0.05710424265317293,0.11554816797044687,631.3095703125,0.0
2025-10-29,634.15234375,635.3891789092543,628.6463695521778,633.9728090539653,67422800,0.004502978524613344,0.004492870449753416,0.008705682131516047,0.011725232790694354,0.009191355614768066,0.03962146797230659,0.05896365403874704,0.12654119462493152,634.15234375,0.0
2025-10-30,624.45703125,631.8880872300178,624.3473257513068,630.5614543099158,61628600,-0.015288617310262875,-0.015406693244326393,0.011721880057421747,0.012356243968055338,0.009039474800126845,0.023994824329773623,0.037795307378942766,0.13160920360230977,634.15234375,-0.015288617310262875
2025-10-31,627.4693603515625,632.5863121135939,625.0954113092228,632.5563592252307,66305100,0.004823917340689654,0.004812319534385667,0.010207760812040988,0.012363767799883634,0.008799431555059615,0.03894369600487346,0.038532065976578656,0.11646757577251665,634.15234375,-0.010538450995731252
2025-11-03,630.4716796875,634.2021534587442,628.2473125587718,633.4939381480045,37154300,0.004784806280031528,0.004773395478967956,0.010128399182702285,0.01229804771192742,0.008738061041650305,0.03521234953206909,0.047912645135267606,0.1294781425410625,634.15234375,-0.005804069162205994
2025-11-04,617.6743774414062,625.354797701833,616.8864094378021,621.6941527131348,63830800,-0.020297981112231467,-0.020506815913271245,0.013454743878566731,0.013175248436335054,0.009069746410055837,0.003484140551560655,0.018989393826803314,0.09280104874584061,634.15234375,-0.02598423938820893
2025-11-05,621.6941528320312,625.0056518350635,615.6395900613109,616.9163015661201,48688500,0.006507919929066963,0.006486834848734487,0.011591048755829865,0.013146682293809138,0.009089006639691047,-0.007658087243506584,0.031050022719701698,0.0962029831059783,634.15234375,-0.019645422808498014
2025-11-06,610.1136474609375,620.4572571227977,608.7471381645778,620.2078932237561,72115100,-0.018627335191010785,-0.018803008975921322,0.012518629214467435,0.013641538237112116,0.009378460891075026,-0.03357453117821496,0.00037608793292154274,0.06584136953460651,634.15234375,-0.0379068161238858
2025-11-07,608.1885375976562,608.3980251800011,597.1466973484642,606.7621834660789,81835400,-0.003155329947613583,-0.0031603184975974147,0.011888999919468079,0.013657524281158425,0.009379850061199988,-0.040942537559365055,-0.001572004709300856,0.0656313456784472,634.15234375,-0.040942537559365055
2025-11-10,621.6442260742188,622.7214951546598,615.3203917446493,617.3451949289606,55919900,0.022124205973549582,0.021883016660812563,0.014971269879154347,0.01195713983632019,0.009642639053110292,-0.004504401480035836,0.057217961814209684,0.07568749081812398,634.15234375,-0.019724152719858612
2025-11-11,619.9884643554688,621.1355017301039,615.9487814833327,618.9910087880348,44868800,-0.0026635198225943846,-0.002667073302762832,0.014789830516760067,0.011222826351400985,0.009654597784274192,-0.011922328752279276,0.03249119379644827,0.07228625431022428,634.15234375,-0.022335136870699657
2025-11-12,619.4996948242188,623.2700450530867,616.2379957742788,623.2501373408774,47444400,-0.0007883526216219128,-0.0007886635349668952,0.014535518479880867,0.011079358794378987,0.009654639837097016,-0.01740281953460565,0.038595364925687825,0.07227230325689304,634.15234375,-0.02310588152861537
2025-11-13,606.8519897460938,616.5472286099415,604.5378855310528,615.9686873362173,71333600,-0.020415998883927977,-0.020627286095403215,0.014559767041649057,0.012017708235954381,0.010007684704829812,-0.017521186065936667,0.010262185284483305,0.05502005168425872,634.15234375,-0.043050150761043016
2025-11-14,607.310791015625,611.7893568378086,595.6505328274214,598.0244819828539,80087300,0.0007560348771753489,0.0007557492267729736,0.014127073121452467,0.011978038018899219,0.010006325376350014,-0.023135752123266795,0.014783651529393982,0.056238648293754245,634.15234375,-0.042326663299310674
2025-11-17,602.1240234375,610.9215891749508,598.3436886131177,604.7573208445992,63850400,-0.008540549015193744,-0.008577228495181513,0.012744256099245564,0.012065672794970011,0.009908513831780923,-0.013095304549713527,-0.0004470287180489141,0.06162132170197321,634.15234375,-0.05050571937194703
2025-11-18,594.792724609375,600.7774579901122,589.8353996813287,598.0943000892208,83327300,-0.012175728824554977,-0.012250460236548914,0.013344637143605176,0.011987982249887504,0.010009598034170274,-0.022025757080517683,-0.024904202291460398,0.054959049646518654,634.15234375,-0.06206650425334015
2025-11-19,598.3436889648438,604.6176628042144,593.077155027408,595.5508254465173,73111500,0.005970087071594188,0.0059523367141896795,0.008918001938109415,0.012087313449467414,0.0100042498508285,-0.03748210975355082,-0.018826260240970116,0.06619335462762588,634.15234375,-0.05646695961636783
2025-11-20,584.1798095703125,612.4676969147798,583.262167456246,610.0637948039835,117743200,-0.023671812130308,-0.023956491027907773,0.011106734306331044,0.012955265861053479,0.010307235182285211,-0.057756969433911065,-0.032733757475665204,0.025139431443600646,634.15234375,-0.07880209648706749
2025-11-21,588.568603515625,595.4609945768989,579.2623261905873,585.9751825584982,103344200,0.007512745003187771,0.00748466488592233,0.01242141175933032,0.012922510221023817,0.010336231881898557,-0.04992914696652173,-0.033591029484112966,0.03582921373032488,634.15234375,-0.07188137154050378
2025-11-24,603.6201782226562,605.1363301511908,593.6456226504143,593.7653733267485,60168100,0.02557318657013896,0.025251662702624453,0.015943626377594066,0.0139915628527111,0.01079728652522313,-0.005325535020144989,-0.01934854692786403,0.05807015882746591,634.15234375,-0.04814642069568753
2025-11-25,607.3406982421875,608.7072074163303,595.8001307211132,601.9743827443708,57560900,0.0061636773483719764,0.006144759584675058,0.016152952830379576,0.013435316547693655,0.010817032466434718,4.924534028538652e-05,-0.030568926146309128,0.06295813615630297,634.15234375,-0.042279502349962694
2025-11-26,612.70703125,614.6221288317284,608.8368989020178,610.9514997668095,42393600,0.008835786936959966,0.008796979798438426,0.015934108867382675,0.013476305541645653,0.010841968941272052,0.01757612618091886,-0.029466588084973377,0.06567914036463862,634.15234375,-0.033817288087567676
2025-11-28,617.6743774414062,617.7442066386661,613.8541054647261,614.5423522607352,23034400,0.008107212644960615,0.008074525744119885,0.014586323813552338,0.0135769712833642,0.010754989446049195,0.03846996085410859,-0.02598423938820893,0.08690011730385439,634.15234375,-0.02598423938820893
2025-12-01,615.599609375,617.8638528985133,610.961477711232,612.0686387329198,40957600,-0.003358999728951928,-0.003364653833515782,0.014957542835304646,0.01320084058774279,0.010699950330497419,0.02883947926318009,-0.014184197521596942,0.09240391411781035,634.15234375,-0.029255958064098864
2025-12-02,620.4173583984375,622.1629056286581,616.018606165418,617.8838431924653,54541800,0.007826107993032627,0.007795642855611498,0.008554644749004777,0.013278510406354537,0.010699550075793098,0.06203149823815224,-0.011238798893979274,0.09235885325574467,634.15234375,-0.021658810358315406
2025-12-03,621.9335327148438,622.6317029281745,616.4575112334458,618.0434315384043,47841600,0.0024437973823301373,0.002440816165512594,0.008876969997282078,0.013242107044078008,0.010656231431565806,0.05668825859878379,-0.013542475019477918,0.08520579247349924,634.15234375,-0.019267942720043396
2025-12-04,621.35498046875,623.3498916256304,617.9636071501104,623.339907329069,47067800,-0.0009302477124336628,-0.0009306806613575622,0.004835454469678368,0.012449832658039024,0.010660109085572803,0.029380731270968186,0.005958808009148608,0.08263408048982201,634.15234375,-0.020180266472838326
2025-12-05,623.8884887695312,627.3197383563271,622.1230338136666,622.7913119974152,53614200,0.0040773927632637985,0.004069102724247343,0.004754656522960492,0.012400991716388953,0.010656272909781266,0.027246306027634226,0.003529606845269484,0.08177164453109342,634.15234375,-0.016185156582051552
2025-12-08,622.6915893554688,627.2399842967836,620.10815265492,625.6141268554061,43462400,-0.0019184508699994218,-0.0019202934538512567,0.004613249357488718,0.011642689316987406,0.010662092591506578,0.016295811205396138,0.020615736013898323,0.07664587952731838,634.15234375,-0.018072557024325087
2025-12-09,623.4595947265625,624.2775156033157,619.4199118254116,621.4248072711308,37156000,0.001233363970579271,0.0012326040020516603,0.0038437129200329444,0.011603000584792779,0.010661467545693594,0.009366128006022212,0.0251090840830821,0.0776211225834984,634.15234375,-0.016861483094435803
2025-12-10,626.0130615234375,627.6090269272694,619.4099106697121,622.2626189242517,55031400,0.004095641190661192,0.004087276882638432,0.003322496807129601,0.010605011636653096,0.010651734059594076,0.016915949896410654,0.007027871032935673,0.07577307504118092,634.15234375,-0.012834900488471912
2025-12-11,623.98828125,624.1877845427603,616.148234091509,622.2327496814814,58272800,-0.0032344057942019777,-0.003239647790837473,0.0029197203706289344,0.010613950874368555,0.010658267139941962,0.005755678501292438,0.006451437606487476,0.06757802979403893,634.15234375,-0.01602779300616597
2025-12-12,612.0587158203125,621.953458575216,609.8044563667469,620.4972123256402,75158700,-0.019118252358505283,-0.019303369351845893,0.007956080069359828,0.011435043113763175,0.010913023444727232,-0.015877608096521167,-0.01201127145997638,0.038283129308569475,634.15234375,-0.03483962197322954
2025-12-15,608.9865112304688,616.8464661142882,607.7696446385382,616.7966055109866,49538200,-0.0050194605687891025,-0.005032100375403573,0.007992518270911691,0.010554831888611373,0.010934931000409638,-0.01990564110220938,0.0035173675302080376,0.03394538479553488,634.15234375,-0.03968420643329251
2025-12-16,610.1934204101562,611.9489518835392,605.3657088583533,606.7123103516171,55152800,0.00198183236809113,0.001979871129127266,0.007724981098665343,0.010561330078264423,0.010931247342754705,-0.02195114769048745,0.004746547298641879,0.03806641588096693,634.15234375,-0.037781021510012724
2025-12-17,598.8822631835938,612.0886258751325,598.7526499708691,611.5001003103562,70654300,-0.018537002937461078,-0.018710966371063256,0.009610541382416673,0.011185542163038919,0.011140395216364432,-0.03823614543520559,-0.005383874630012553,0.009719129335929333,634.15234375,-0.05561767754076241
2025-12-18,607.5601806640625,611.3704684542074,605.3757504118026,608.2484274799762,78875800,0.014490189497912143,0.014386209953990313,0.012136107172324346,0.011270995320377553,0.011255535189539168,-0.025501915756823257,0.021465387060799035,0.017462601531447852,634.15234375,-0.0419333987298498
2025-12-19,615.4799194335938,616.0484763883416,610.3131071204459,610.392920608793,60369800,0.013035315712881301,0.012951087159239894,0.013479403461443124,0.011527038570519569,0.011347776471352695,-0.016825754504563806,0.02863944382599959,0.02465954839483242,634.15234375,-0.029444698108326173
2025-12-22,618.4302368164062,620.8671665076671,616.9920478025754,620.5674955378034,43703100,0.004793523378516795,0.004782071028815076,0.013730114465741232,0.010003198075417483,0.01132393071391137,-0.008907289769063631,0.0586299401057464,0.03645571370864342,634.15234375,-0.02479231857856512
2025-12-23,621.3265380859375,621.6261480926279,617.0020349130734,617.42148892244,41120400,0.004683311224304099,0.0046723786427916355,0.011280790544185612,0.009954983174528512,0.011322640535773242,0.015142047692603855,0.05565695209469812,0.044978202875651796,634.15234375,-0.020225117498136713
2025-12-24,623.144287109375,623.4938829346665,620.9370481838333,621.2067276835874,18468700,0.0029255937289227596,0.0029213225081327495,0.010823298093976896,0.008459589045230519,0.011307040346910567,0.02324809436304287,0.03234502356135116,0.05257332401478698,634.15234375,-0.017358694246133233
2025-12-26,623.1043090820312,624.7322611929134,622.3552536061636,623.873297918951,28959800,-6.415532994641371e-05,-6.415738798761732e-05,0.0108934544878013,0.008398752422041179,0.011300012658723406,0.02115868221456174,0.025955136689288283,0.04819679641526742,634.15234375,-0.017421735923322856
2025-12-29,620.088134765625,621.995763643064,617.9508150333834,619.3190849184411,32458300,-0.004840560837798935,-0.004852314296638911,0.0068502835813188485,0.00831129531217361,0.011311364581265202,0.03540908269565901,0.01204670933931773,0.03831436890012818,634.15234375,-0.022177965788484855
2025-12-30,618.64990234375,621.3964390816567,618.4401448660525,619.0594201394988,31226800,-0.0023194000033860407,-0.0023220939779831596,0.0058425692812657274,0.008150495767629556,0.01131432277611085,0.01825287771092321,0.0015793514155220123,0.03307630668462935,634.15234375,-0.024445926217945946
2025-12-31,613.536376953125,619.1792861072609,613.2766946262738,618.8696789386981,40746500,-0.008265620622022962,-0.008299970275916396,0.004987383678976835,0.008323316495062627,0.011355411862447387,-0.0031577674902169006,-0.0033515817593999797,0.01964609419750407,634.15234375,-0.03250948608809745
2026-01-02,612.347900390625,622.0656280105537,609.381669736326,619.2791633693975,61859200,-0.0019370922526258383,-0.001938970842216345,0.00442737396779013,0.008127245938046668,0.01134886026355191,-0.009835121350295406,-0.013006499412981043,0.013504356185273902,634.15234375,-0.034383604467085105
2026-01-05,617.2117309570312,620.0281869343077,615.9433108116908,618.5400731036631,46828400,0.007942920296294842,0.007911541355641635,0.005266120555863637,0.008316331773139014,0.011374627267375098,-0.006622616091020883,-0.00759213245377055,0.025873165177355828,634.15234375,-0.026713790400571646
2026-01-06,622.6348876953125,623.2341686687002,617.7610283782293,618.4501618747352,43137500,0.008786541904950873,0.008748164882668597,0.006339182377486827,0.008548328544639112,0.011388498716327697,-0.0008174662347070205,0.0020598647581402396,0.02717284375010709,634.15234375,-0.018161970334415356
2026-01-07,623.2341918945312,627.1492383750701,621.7760085257346,622.2553845556755,44880300,0.0009625291018258153,0.0009620661677244327,0.006352003977060273,0.00850336920812751,0.011364740069812808,0.00020844473486514303,-0.0010487400982353012,0.033604103859353085,634.15234375,-0.01721692265758301
2026-01-08,619.6885986328125,622.6348958217857,617.0219780933957,622.2454332860368,50435900,-0.005689022373661312,-0.005705266499539128,0.006467852101836573,0.00858497830558733,0.011305307980334002,-0.0006443215252998069,-0.00482259721183087,0.016075707561709285,634.15234375,-0.02280799757303975
2026-01-09,625.86083984375,627.0992684709724,618.280371644388,620.6273877403378,49688700,0.009960230387576985,0.009910954224034624,0.007360992968304577,0.00886424924599045,0.011368400577227293,0.011655926029700225,0.0038514847433548383,0.027439593196563195,634.15234375,-0.013074940095969656
2026-01-12,626.3801879882812,628.0580650499223,621.4763979710708,621.5263228144307,37388700,0.0008298140919966723,0.0008294699866321966,0.005987394453462193,0.008821410379942876,0.010436734623881718,0.020934066043385657,0.0005864517650004952,0.06527231797486199,634.15234375,-0.012255975773516559
2026-01-13,625.4513549804688,628.6772678768714,622.9145755930199,626.4800871429724,44481400,-0.0014828582155441694,-0.0014839587378681312,0.005927390026081096,0.008796900055906264,0.010116325072567756,0.021398709102268265,0.002344713473685589,0.041588760585613116,634.15234375,-0.013720660114695415
2026-01-14,618.769775390625,622.6648884214621,613.7860691564842,621.4563902550666,72598700,-0.010682812558703958,-0.01074028346788367,0.007367512512777417,0.008032528509090725,0.01017602181184218,0.0025243273182411485,0.0109647316455872,0.03737165013319754,634.15234375,-0.024256897433212354
2026-01-15,620.9970092773438,629.206628407055,619.9682771169513,625.8108857116995,53934900,0.0035994548785334146,0.003592992343913918,0.006602636912746795,0.007953521302572684,0.010150112913724954,-0.00263055998039452,0.01972210849565048,0.03381023091009183,634.15234375,-0.020744754162483114
2026-01-16,620.4776611328125,625.2915986535979,618.1006533744517,624.7123119754499,61058100,-0.0008363134391510263,-0.0008366633443358198,0.006577655661118035,0.007959201756303531,0.01013702607379605,-0.004422945335106454,0.016854066888730923,0.036784782967200336,634.15234375,-0.021563718484936212
2026-01-20,607.2942504882812,614.2854351912486,606.2855126563834,609.7611716460692,81988900,-0.021247196265635315,-0.02147616707395802,0.010205971539967922,0.008303404150403421,0.010474116783404978,-0.020000929776465615,0.014046145330753879,0.008135780818941951,634.15234375,-0.04235274619170526
2026-01-21,615.50390625,619.6386461402016,607.0944662344775,608.7024240227943,79837900,0.013518415093042524,0.013427856545581478,0.011006768007474828,0.008225031104761566,0.010492288091684116,-0.016548301050974268,0.013074796273276235,0.00904945138951696,634.15234375,-0.0294068731020124
2026-01-22,619.978271484375,621.6761428244047,617.0020437780021,621.5662350217955,42254800,0.007269434343049719,0.007243139361411499,0.011569490189555439,0.007879952111815452,0.010529809592056476,-0.010220496475897511,0.007308690192396439,0.016650481020457297,634.15234375,-0.022351210092212193
2026-01-23,621.935791015625,624.612469784726,617.8709699342951,618.949566020391,43645800,0.0031574002207581664,0.0031524261001239506,0.011696777944406147,0.007842094049670916,0.010457918158877913,-0.0056208431508690815,0.005668471543799125,0.02978138890073545,634.15234375,-0.019264381587133395
2026-01-26,624.67236328125,626.81961915323,621.3365426117721,622.425196766994,35983000,0.0044000880881227555,0.004390436003521979,0.01092496292662188,0.007834415977839508,0.010421304171605307,0.00953923110885424,0.005384970688069535,0.025690075723403094,634.15234375,-0.01494905847495731
2026-01-27,630.335205078125,631.2440322678261,626.5499998769385,628.1179690883873,38997200,0.009065299074749289,0.009024455902564647,0.011296640151862922,0.008049490500882365,0.010397740575517327,0.015037424756116247,0.011539731836597733,0.024053133217780243,634.15234375,-0.00601927708616945
2026-01-28,632.4225463867188,635.7982947738302,631.014348844542,634.6597767228699,50691700,0.0033114782290084577,0.0033060073594277984,0.011219991666140176,0.00806971615829382,0.010164736728050476,0.019251112493072542,0.01495453837964189,0.00946646593487821,634.15234375,-0.0027277315621861975
2026-01-29,628.6373291015625,632.8719797654484,617.4914101080947,631.8533057393616,79944000,-0.005985266190749683,-0.006003249689694161,0.006076083430919123,0.008113034150959313,0.010148224983260564,0.03514454252797683,0.013787063252175935,-0.004232853954066806,634.15234375,-0.008696671553439339
2026-01-30,621.0868530273438,627.4688205124429,618.5200822009824,624.9220440060533,65650700,-0.012010861787367544,-0.012083575006611,0.007564093186280347,0.008555955408119115,0.010242441105043831,0.009070530212160977,0.003939143406248569,-0.020603078820768395,634.15234375,-0.020603078820768395
2026-02-02,625.3515014648438,627.6985176699922,617.8808797571519,617.9208683974972,49020300,0.006866428449922912,0.006842961889822125,0.007512580538206408,0.008441818087411098,0.010098093323498633,0.008666803705239534,0.01925741480952392,0.0014323967384164416,634.15234375,-0.0138781199374165
2026-02-03,615.7435913085938,629.1866011443993,610.1905958568021,627.5087242048245,81234000,-0.015364015491678096,-0.01548326498855792,0.009680764155654845,0.009149642596942975,0.010263853572144923,-0.009956332786250077,0.005545362229220752,-0.01868739700118416,634.15234375,-0.029028911779380717
2026-02-04,604.9871826171875,614.3253838343164,599.7138024298947,614.2455284678144,81850700,-0.017468973844366742,-0.017623356952960516,0.010947384375906389,0.009749523597000372,0.01046876540136444,-0.0315128086676687,-0.019806085540352125,-0.040421319293745483,634.15234375,-0.045990780323142966
2026-02-05,596.2781982421875,604.0483693053457,594.0110373128413,599.4541864003901,89354500,-0.014395320471625062,-0.014499938316045265,0.009607001275945439,0.00990822593758761,0.010314918744481883,-0.054029993187063696,-0.042330890822203204,-0.03463990086143476,634.15234375,-0.059724048773276306
2026-02-06,608.8822631835938,610.6399955270392,598.0159600076653,599.434154665902,78019300,0.021137893316513612,0.020917587180192602,0.014286243765270478,0.011115502551232358,0.010635107346206674,-0.0372223971735669,-0.02302814719986712,-0.020608026615780317,634.15234375,-0.0398485960281626
2026-02-09,613.54638671875,615.6837064208919,604.3080353554789,606.7748955946631,56797600,0.007660140255637327,0.007630950352336267,0.015088322846341668,0.011218163938795175,0.010416888275572534,-0.0240058006169952,-0.009911771698904448,0.005626393168056909,634.15234375,-0.0324937016070912
2026-02-10,610.699951171875,616.2430108652889,610.2405694597212,614.5351423104305,53938900,-0.004639315964515389,-0.0046501109914586225,0.014634984181250092,0.010993220437888097,0.010426139624468906,-0.016723750961464057,-0.024224057021461798,0.0041293339465733325,634.15234375,-0.03698226902299451
2026-02-11,612.337890625,616.7423712103644,606.9247331463698,615.6037921922693,58575100,0.0026820690749720377,0.0026784787459514154,0.014278594538497082,0.011016962307341057,0.010045068913015154,-0.020810073709522148,-0.022418169719544134,-0.014970516991671734,634.15234375,-0.03439938894809136
2026-02-12,599.8836059570312,615.0344847338599,598.8149461335121,613.9358943887876,81378900,-0.02033890905437341,-0.020548592694657492,0.015101729378395146,0.01179724459277916,0.010357267744463864,-0.025757450951063077,-0.04087887702191628,-0.032427794312815506,634.15234375,-0.05403865195912361
2026-02-13,601.1619873046875,605.7162424752422,595.6689134343201,599.673873409497,69237500,0.0021310489817716327,0.002128781517703512,0.013873831932392663,0.01165178435533531,0.010362350925239738,-0.006322770832849933,-0.028456121785880417,-0.029600833822419403,634.15234375,-0.05202276199158573
2026-02-17,600.542724609375,603.1894116444834,592.5927882610704,597.626419057608,69013800,-0.0010301095351836764,-0.0010306404626511953,0.012551369114531207,0.011597945255654506,0.010041985995696969,0.0071519072469179434,-0.03293781509796878,-0.010396711625446864,634.15234375,-0.05299928238359519
2026-02-18,605.027099609375,609.0021290003773,599.9634770047899,601.3517411914925,64250700,0.007467203941096567,0.007439462389368636,0.009636454048419882,0.011763123089501566,0.010086883377887016,-0.006331541920866046,-0.024901076205111505,-0.0037603339839078487,634.15234375,-0.04592783489278873
2026-02-19,602.7100219726562,605.0570991965415,599.993476524114,602.0508799312083,60960800,-0.003829708848107294,-0.0038370609600061343,0.008891730105857738,0.010852879338038628,0.01003997446438062,-0.017661850808129875,-0.007548611751122536,0.0009732189920124146,634.15234375,-0.0495816535052328
2026-02-20,608.0433349609375,609.581373723881,598.4753818004266,599.3642756707148,74127300,0.008848887182637988,0.008809965222619162,0.009770960088203879,0.010600406887093468,0.00997574911012346,-0.004350116953243055,-0.012121078702028942,0.022277694066054288,634.15234375,-0.04117150878079123
2026-02-23,600.652587890625,607.2443127599432,598.2955745850619,605.8460514657053,63859100,-0.012154967656684001,-0.012229443391437474,0.010525209115313983,0.010732740200943579,0.01007336939443013,-0.019083095972467157,-0.031171549847190172,0.003858817212187393,634.15234375,-0.052826038079867965
2026-02-24,607.1044921875,608.2230768722754,598.9747284234804,601.6414099286677,55023700,0.010741490883328764,0.010684210886763053,0.008126932422968537,0.011019365054270145,0.009688608228655537,0.012037145470826571,-0.023846993600264432,0.039242511024216276,634.15234375,-0.042651977602976454
2026-02-25,615.9033813476562,616.053216829597,610.2305417280922,610.3004608891118,55710700,0.014493203844452518,0.0143891812415329,0.009460121330895183,0.011481261087714863,0.009807457550826773,0.024521500617598724,-0.014037729934989307,0.04644280661380118,634.15234375,-0.028776937564292893
2026-02-26,608.4727783203125,614.8148183820397,603.2193924504018,614.8148183820397,96178900,-0.012064559559788246,-0.012137927053256963,0.011116176926233895,0.011516764922909073,0.009410405105849189,0.013204811890936918,-0.03468381042607771,0.008039161500439818,634.15234375,-0.04049431604688836
2026-02-27,606.5252075195312,607.5539396831472,601.4316544188312,602.2206376135266,68125200,-0.003200752556519526,-0.003205885921664653,0.010960509990366574,0.011465002351271958,0.00938814960161657,0.002476100510412582,-0.040949423791339035,-0.0013427236557940203,634.15234375,-0.04356545631779629
2026-03-02,607.32421875,609.1518702196468,597.2369017749593,598.1058012495889,75264600,0.0013173586531323167,0.0013164916975326058,0.010800569187435216,0.011446470429821333,0.00932185797185217,0.007655749214591667,-0.03390366649403853,-0.00878529578650078,634.15234375,-0.04230548899552178
2026-03-03,600.8224487304688,603.1994564784976,591.1246545665933,595.5790600436336,97015500,-0.01070559977488339,-0.01076331700950698,0.011001388776121451,0.011390396747647736,0.009356061637769574,-0.011875611186384694,-0.032627327720915145,-0.02728286833062965,634.15234375,-0.0525581831369385
2026-03-04,609.9808959960938,612.108218610738,602.6701065956436,603.3991678160902,70943900,0.015243184213533878,0.01512817415472587,0.01150476864065583,0.011836584944779141,0.009552511366058294,0.015530288711862461,-0.024579145381030343,-0.009127220507190947,634.15234375,-0.03811615299088966
2026-03-05,608.1431274414062,611.9883154244911,601.5015388569162,606.6350803018902,89602400,-0.0030128296914716524,-0.0030173773994566925,0.010977373307934806,0.011391800148831122,0.009504934804410748,0.001710801463787437,-0.012343553346669478,-0.019783829048104495,634.15234375,-0.04101414520490565
2026-03-06,598.9946899414062,605.2368188486739,597.5764953219963,599.5539822531658,86302300,-0.015043230922446638,-0.01515752803457713,0.010264032758533666,0.011222487261701433,0.009678088625097654,-0.02745348039696116,-0.009905156419773409,-0.03688310979680676,634.15234375,-0.05544039086994823
2026-03-09,606.99462890625,608.5027370453225,590.5853272955466,593.4816386137257,93068200,0.013355609155110137,0.013267209227262903,0.011343829808807125,0.011127295296339847,0.009835125157086354,-0.0024292778029330053,0.017972199378837317,-0.023111348607307458,634.15234375,-0.04282522190670368
2026-03-10,607.004638671875,612.5176457382476,604.65756151405,607.0146358319374,64078900,1.6490698843574236e-05,1.6490562873494887e-05,0.011271295303051671,0.010115870718534318,0.009819112010228895,0.0007904554442252909,-0.003083723447455111,-0.02706228821588863,634.15234375,-0.04280943742569743
2026-03-11,606.9247436523438,611.6587648578186,604.2681201890963,608.1831666985171,60114800,-0.00013162176108916235,-0.00013163042399331792,0.011259953541642352,0.009958750526833333,0.009817199969612844,-0.0006577625020099953,-0.010792408218421534,-0.025320473204792804,634.15234375,-0.042935424533241395
2026-03-12,596.5078735351562,603.3792143506387,596.2981160455262,602.0009473234562,71836600,-0.017163363705524626,-0.017312361562994344,0.012478114518162683,0.010576786200925068,0.0100401301994835,-0.007181115160442397,-0.02323903515873138,-0.0432292989303128,634.15234375,-0.05936187193165088
2026-03-13,592.9722900390625,602.8398528802119,591.8237748266745,598.9747313072235,63145500,-0.005927136342962935,-0.005944771534227172,0.010265053253326922,0.01059109757126889,0.010043103915972965,-0.027883833852298534,-0.031625677395484164,-0.052779683867886784,634.15234375,-0.06493716236610136
2026-03-16,599.6239013671875,603.099499235842,598.3554812666724,599.2843027330098,49077200,0.011217406681325315,0.011154958148102998,0.011786379884511604,0.010003244440101337,0.010151311945428804,-0.014008587271323814,-0.00043292496621816223,-0.039046213871203994,634.15234375,-0.054448182243767795
2026-03-17,602.5502319335938,605.1369970937805,601.1120429286618,602.3804630878033,47106600,0.004880276719680499,0.0048684067726689805,0.010425713585750056,0.010050037511632227,0.00989143419552627,0.005935848934712995,0.002309268813103893,-0.015535247911591332,634.15234375,-0.04983362772032052
2026-03-18,594.15087890625,602.400426051188,593.8112802396884,600.7325461165636,56128000,-0.01393967271473795,-0.014037742391865471,0.01008633843003839,0.010510615746897845,0.01002448054409325,-0.02115957767722476,-0.010643448735945582,-0.02436118378754082,634.15234375,-0.06307863597444918
2026-03-19,592.273193359375,595.0496606380132,586.3406715242521,588.7676039624899,75597600,-0.0031602840516394837,-0.0031652882952852507,0.00999872400217351,0.010364849413547185,0.010026189461211843,-0.0242690819377136,-0.0210798925506549,-0.029368109277113752,634.15234375,-0.0660395736188194
2026-03-20,581.3269653320312,590.4254777892629,577.8113788279011,590.3156309505814,91964700,-0.018481721188927547,-0.018654642096117186,0.011301136497672512,0.011038729888306776,0.010024580892558648,-0.042176198265159726,-0.03547818330718766,-0.029313437599972403,634.15234375,-0.08330076982068835
2026-03-23,588.0,595.0800170898438,585.9600219726562,590.52001953125,89936100,0.011478969781072212,0.011413586288488877,0.011794713454583577,0.01117797060036322,0.009959296182372382,-0.01426280173761163,-0.03296366197686407,-0.03219463896182806,634.15234375,-0.07277800705912785
2026-03-24,583.97998046875,587.9299926757812,581.9299926757812,584.8099975585938,57750900,-0.006836767910289088,-0.006860245677236822,0.011850196507216838,0.010983902225357566,0.009838607810839478,-0.015164805710769613,-0.02775748870145711,-0.0511794746997305,634.15234375,-0.07911720862618032
2026-03-25,587.8200073242188,591.3699951171875,585.6900024414062,589.1400146484375,60475500,0.006575613863315066,0.006554088823184412,0.011084597535648623,0.010791832336283357,0.009857451605355018,-0.01968549621863802,-0.0317646881409096,-0.04949665729438579,634.15234375,-0.07306183897673446
2026-03-26,573.7899780273438,584.6300048828125,573.4299926757812,582.5999755859375,81492100,-0.023867900245077234,-0.02415735361822153,0.012941988538857209,0.01119204702774411,0.010251708906309992,-0.0477308818120572,-0.06837663925170256,-0.07650817588612124,634.15234375,-0.095185906537393
2026-03-27,562.5800170898438,571.02001953125,561.5700073242188,570.8099975585938,82702200,-0.019536696991535485,-0.019730060860553386,0.013605963183440317,0.011595872820374557,0.010493293310803183,-0.053136102187585466,-0.07542286666817799,-0.09719140698613349,634.15234375,-0.1128629853150428
2026-03-30,558.280029296875,568.0499877929688,555.5999755859375,567.3800048828125,70602600,-0.00764333545868201,-0.007672695448329736,0.013461969288807796,0.011627499800148154,0.010519197621973326,-0.05739439914491262,-0.07954356657320405,-0.10403439494850641,634.15234375,-0.11964367111609375
2026-03-31,577.1799926757812,578.6400146484375,564.2100219726562,564.2899780273438,95878000,0.03385391270884219,0.0332934824576082,0.019885136279515988,0.014230327231372804,0.011422959150125615,-0.007133632023901382,-0.04963448705579676,-0.06919684426160122,634.15234375,-0.08984016480538115
2026-04-01,584.3099975585938,587.739990234375,580.4199829101562,581.47998046875,79435100,0.012353174006878076,0.012277496156567945,0.019978027705795154,0.0144394378999365,0.011546057893371644,-0.0062755143561330495,-0.027483079579941894,-0.05550781573723651,634.15234375,-0.07859680198715069
2026-04-02,584.97998046875,586.0499877929688,571.9199829101562,573.969970703125,50941700,0.0011466223630531847,0.0011459654937042319,0.01979829733466422,0.013955013438756051,0.011509266697473855,0.0017123874677986706,-0.04098639103527568,-0.04654393375367338,634.15234375,-0.07754030047492033
2026-04-06,588.5,590.6099853515625,584.6900024414062,586.22998046875,35108500,0.006017333325542884,0.00599930147498133,0.019770433094051545,0.014057705920547501,0.011538970059051442,0.0011568042382168464,-0.03230017171130306,-0.038945018633054995,634.15234375,-0.07198955298349785
2026-04-07,588.5900268554688,588.97998046875,578.4000244140625,585.6400146484375,49948200,0.00015297681473014357,0.00015296511497040052,0.016719221485157507,0.013710831875888771,0.011487957184310678,0.0257934948236751,-0.017370209219977006,-0.04637258604463412,634.15234375,-0.07184758890127696
2026-04-08,606.0900268554688,609.9000244140625,602.1199951171875,608.7100219726562,63086000,0.029732070204270045,0.029298642387632357,0.015609269818145059,0.014961591399840194,0.012055654081104556,0.07734012663780132,-0.0014902966314731536,-0.02657233182208063,634.15234375,-0.0442516962542272
2026-04-09,610.1900024414062,610.5,603.030029296875,605.9299926757812,37837500,0.006764631332426108,0.006741853876922751,0.0135911445227243,0.015033467042430963,0.012088007757277162,0.09298196320923235,0.005247676156974412,-0.020929836043611094,634.15234375,-0.03778641133279537
2026-04-10,611.0700073242188,613.6699829101562,609.5800170898438,611.8400268554688,34038500,0.001442181745508142,0.0014411428001932915,0.010391260790505018,0.015034835257457833,0.012069761782375978,0.0587165443682911,0.006829946735948944,-0.01390793912879551,634.15234375,-0.036398724459939746
2026-04-13,617.3900146484375,626.739990234375,608.1099853515625,609.47998046875,32972100,0.010342525812865766,0.010289407828256481,0.010285539173441789,0.01461772161345704,0.01207502208996039,0.05661381326361181,0.035007318494431505,-0.013534678407786771,634.15234375,-0.02643265339435641
2026-04-14,628.5999755859375,628.5999755859375,620.0999755859375,620.219970703125,49921100,0.018157016912369928,0.017994146816371247,0.010420860422186637,0.014927512260264423,0.012292941297052487,0.0745666459939951,0.06008322167048985,0.0035438343041873654,634.15234375,-0.008755574616706618
2026-04-15,637.4000244140625,637.8300170898438,628.2000122070312,629.0800170898438,50102400,0.013999441886586528,0.013902354761134352,0.010300876944891024,0.015017205006649296,0.012414325812979087,0.083092649811491,0.06299969524353943,0.019104074742898103,637.4000244140625,0.0
2026-04-16,640.469970703125,642.1799926757812,635.260009765625,639.2100219726562,42320600,0.004816357344643363,0.004804795803754312,0.009568496632678477,0.015016815679489806,0.012345014521958082,0.08814275043840603,0.06293207895356079,0.035069901885238064,640.469970703125,0.0
2026-04-17,648.8499755859375,650.0,644.0700073242188,645.5900268554688,53488900,0.013084149556009228,0.012999291467006022,0.005808876738199136,0.01464430592994886,0.012439382424959497,0.07055049058028051,0.092062636986048,0.04485201360471347,648.8499755859375,0.0
2026-04-20,646.7899780273438,648.760009765625,642.52001953125,648.0399780273438,37138500,-0.0031748441644519065,-0.0031798946747412455,0.007610256298167655,0.014644677353279578,0.01244774759107411,0.059981277044033554,0.09204668602127586,0.042406549893339474,648.8499755859375,-0.0031748441644519065
2026-04-21,644.3300170898438,650.2000122070312,642.2100219726562,648.4099731445312,39580500,-0.003803338055735961,-0.0038105891373010924,0.008601122619752754,0.013830443166802308,0.012141110307471068,0.05442913146934747,0.10837799640315615,0.06098487935919805,648.8499755859375,-0.00696610721455615
2026-04-22,655.1099853515625,655.3300170898438,648.52001953125,650.1500244140625,37368400,0.016730507621555812,0.016592094361584077,0.009251010670060043,0.01399984035456564,0.012201071378952363,0.06109585482137092,0.1141326281489159,0.06434740494640434,655.1099853515625,0.0
2026-04-23,651.4199829101562,656.9199829101562,645.52001953125,653.5499877929688,40099800,-0.005632645699066852,-0.005648568869053129,0.009497485932904922,0.013950227945722697,0.012203504660357294,0.036302908384537425,0.11548341500897585,0.050714215113543126,655.1099853515625,-0.005632645699066852
2026-04-24,663.8800048828125,664.510009765625,656.530029296875,658.510009765625,45563100,0.019127478891562966,0.018946848370419652,0.010444763816969205,0.01427234403290087,0.01241604014339795,0.04154373933871747,0.1293933459407448,0.06744138940563671,663.8800048828125,0.0
2026-04-27,664.22998046875,664.4299926757812,660.6900024414062,663.4000244140625,32717000,0.0005271669328243966,0.0005270280291516697,0.010641403045504271,0.01262541290743136,0.012409084224155669,0.037097773279737956,0.15761865125691754,0.06332538385356701,664.22998046875,0.0
2026-04-28,657.5499877929688,659.6400146484375,653.8099975585938,657.4099731445312,34147900,-0.010056746717555742,-0.01010765741307362,0.011376704247239786,0.011766823427802222,0.01244369929464365,0.013408357146310834,0.16881148959821357,0.04317509556121135,664.22998046875,-0.010056746717555742
2026-04-29,661.5700073242188,661.719970703125,656.5900268554688,658.6300048828125,31724900,0.006113633344809299,0.006095020909685223,0.011218613637428859,0.011252066241748663,0.012458012734395466,0.022851357935311345,0.18501463890340508,0.04608858603165089,664.22998046875,-0.004004596634819335
2026-04-30,667.739990234375,668.9000244140625,657.5599975585938,665.3499755859375,40622200,0.009326273624633119,0.00928305245525351,0.010929532276429411,0.00960597306285429,0.012473016631381513,0.03633227154349239,0.15690079127441958,0.062202257681225115,667.739990234375,0.0
2026-05-01,674.1500244140625,675.969970703125,668.7999877929688,669.1599731445312,39172600,0.009599596060492877,0.009553812706170681,0.009960999547375097,0.009547979537056332,0.012405435338211611,0.029063881620247756,0.15375404704839024,0.08543599196807117,674.1500244140625,0.0
2026-05-04,672.8800048828125,676.72998046875,668.9000244140625,674.6599731445312,34542000,-0.0018838826451929025,-0.0018856593838988082,0.009434665782495919,0.00966114754938383,0.012391969214714041,0.03294345051680114,0.15026159415511509,0.07600286128143363,674.1500244140625,-0.0018838826451929025
2026-05-05,681.6099853515625,682.77001953125,677.510009765625,677.9600219726562,37101100,0.012974052439365336,0.012890610367278649,0.008049001385853363,0.009754221630483074,0.012293514317970263,0.026706604112711085,0.15821577799755726,0.10697049059493713,681.6099853515625,0.0
2026-05-06,695.77001953125,695.9299926757812,686.47998046875,687.780029296875,38778500,0.02077439369140688,0.02056154874381172,0.010062904596234441,0.010057013438907818,0.012276471099793082,0.04748361258888378,0.18209617524168453,0.1500574549717466,695.77001953125,0.0
2026-05-07,694.9400024414062,701.239990234375,691.77001953125,696.5800170898438,43779100,-0.0011929474776779525,-0.0011936596059309423,0.00793716907994207,0.008922960516248506,0.012098348780264393,0.056862619333223785,0.14659534334678148,0.16546270598199153,695.77001953125,-0.0011929474776779525
2026-05-08,711.22998046875,711.22998046875,699.5,699.9199829101562,44320400,0.023440840892904546,0.02317032366011302,0.009758696516889298,0.00965304608920135,0.012158882428934455,0.07506382180985738,0.16558773107241498,0.16809114581532114,711.22998046875,0.0
2026-05-11,713.2899780273438,714.5900268554688,708.9099731445312,710.3599853515625,36019100,0.0028963874065546236,0.002892200958319374,0.01017411656164097,0.009613551886793081,0.012141338424490822,0.0682151562870763,0.1672802943655023,0.16256894909286834,713.2899780273438,0.0
2026-05-12,707.239990234375,710.1799926757812,696.6400146484375,708.219970703125,45873000,-0.00848180680976407,-0.00851798203255052,0.012235646385316587,0.010189404034303861,0.012187173333239187,0.04908397926570229,0.14553195460587598,0.15808096738381727,713.2899780273438,-0.00848180680976407
2026-05-13,714.7100219726562,716.6500244140625,704.8300170898438,709.9600219726562,40012500,0.010562230418850849,0.01050683975440062,0.011630311327031474,0.009886749789509918,0.012230422936305843,0.06216564140158809,0.13698703425251146,0.1671824215273814,714.7100219726562,0.0
2026-05-14,719.7899780273438,722.030029296875,714.219970703125,714.6199951171875,33327500,0.007107716274449949,0.007082575517746344,0.011482298176823705,0.009727254456677974,0.01188666781664136,0.05601442686625058,0.12925941395910545,0.19988272871537882,719.7899780273438,0.0
2026-05-15,708.9299926757812,715.1300048828125,705.5499877929688,710.1400146484375,51687900,-0.015087714031981059,-0.015202691553876083,0.012701950757539026,0.010749075238237255,0.012102178297057503,0.018914257261900103,0.10689029166738129,0.17926616726761457,719.7899780273438,-0.015087714031981059
