Date,Close,High,Low,Open,Volume,daily_return,log_return,volatility_7d,volatility_21d,volatility_63d,momentum_7d,momentum_21d,momentum_63d,rolling_max,drawdown
2024-08-16,542.8860473632812,543.5814362683599,539.8989177341498,540.0555939415091,44430700,0.002242092084427938,0.0022395823466458136,0.009049831431988866,0.013723229426853263,0.008967202704773244,0.06873489240281794,0.002985396085099845,0.05184197356371434,553.2185668945312,-0.018677101871781288
2024-08-19,548.0767822265625,548.0767822265625,542.4452860411917,543.2973511166235,39121800,0.00956137091474707,0.009515950300571948,0.006853074156386852,0.0137728806727009,0.009034062279401001,0.05457446862233173,0.019344488919013747,0.06037459438976356,553.2185668945312,-0.009294309655642818
2024-08-20,547.185546875,549.2814571312036,545.8437865187526,547.6262846058479,33732300,-0.0016261140417987985,-0.001627437600269879,0.007659497708557169,0.013614997379405705,0.009039943955678965,0.0482372657376402,0.007301600891585158,0.05743196939905659,553.2185668945312,-0.01090531009000173
2024-08-21,549.06591796875,550.5252003042482,543.2972933603506,548.2334599233565,41514600,0.0034364414493197604,0.0034305503767618926,0.007335653246162098,0.013621972912039208,0.009043470997552611,0.0512870644035297,0.012351255736320121,0.05846983920273563,553.2185668945312,-0.007506344100292939
2024-08-22,544.7566528320312,551.5732334533072,543.5422179587766,550.9660160166799,56121500,-0.007848356628400333,-0.007879317078111016,0.007949982185274481,0.012705831906688376,0.009098842103281104,0.02616042574659483,0.027696223659887886,0.0531951712498131,553.2185668945312,-0.015295788263218646
2024-08-23,550.5448608398438,551.4850973665338,545.8045838781815,547.9984691071246,50639400,0.010625309443622832,0.010569257539537724,0.008352255968379534,0.012764994917877694,0.009119615281458446,0.03380222060341098,0.04405563372358712,0.07221746546337515,553.2185668945312,-0.004833001303076734
2024-08-26,549.2325439453125,552.2882384520825,547.5284135216066,551.5733022984582,35788600,-0.002383669320842108,-0.0023865147832179247,0.006621274381535821,0.012625979268626686,0.00910305444870925,0.013958595101358995,0.030030783163842667,0.06263062019632382,553.2185668945312,-0.007205150346985101
2024-08-27,549.9866943359375,550.4763897351174,546.8134777136145,547.9593482100599,32693900,0.0013730985152622388,0.0013721566775546563,0.006624146753823274,0.012624347985801728,0.009103084260961493,0.013079442743358483,0.030839328652391362,0.06334672736719615,553.2185668945312,-0.005841945212966548
2024-08-28,546.793701171875,550.074695195089,543.6008785951645,549.6437609863812,41066000,-0.005805582565806877,-0.005822500470911395,0.006184788471741956,0.012644653170032353,0.009087312895867337,-0.00234106077158569,0.030073535879426627,0.06462851893621147,553.2185668945312,-0.011613611883494745
2024-08-29,546.8427734375,552.0629426061665,545.6969030561269,548.7624007293272,38715200,8.974548448503761e-05,8.974145759997291e-05,0.006158267572268466,0.012184447857806757,0.00903512632497458,-0.0006264299915405003,0.013688887561360996,0.07183423298144542,553.2185668945312,-0.011524908668234857
2024-08-30,552.0629272460938,552.5722295246512,545.657733766081,549.212926690368,62700100,0.009545986638498372,0.009500711609878811,0.007099594276674363,0.011829998547230205,0.009041520675281365,0.005458377909215439,0.03806550475237813,0.07229942634048991,553.2185668945312,-0.0020889386538933685
2024-09-03,540.7020263671875,549.2520879225416,538.18498513228,548.9190687874888,60600100,-0.020578996194471677,-0.02079369435930284,0.01050021811609548,0.01200602764465547,0.009446942268956109,-0.007443004952330412,0.035991530909199376,0.049376671918567316,553.2185668945312,-0.022624946587756156
2024-09-04,539.5952758789062,543.0035361193702,538.1359934145067,538.8607329114091,47224900,-0.002046876901344641,-0.0020489746168683718,0.00916560094881828,0.009769790857921167,0.00945368733159375,-0.019888633497067154,0.06488460957280018,0.04605937908953006,553.2185668945312,-0.024625513008536104
2024-09-05,538.282958984375,542.3866087950116,535.8246785314534,539.5366078915503,44264300,-0.002432039258300933,-0.0024350014695619267,0.009165227067299065,0.009732281358396504,0.009353472092791611,-0.01993615469739496,0.0525901324881799,0.03125876266647465,553.2185668945312,-0.026997662052444582
2024-09-06,529.2235717773438,540.2319142524223,528.3225490242058,538.6061519080256,68493800,-0.016830157923119815,-0.016973394434186866,0.010285730221191867,0.010436760195702737,0.009605839131749686,-0.03775204522659126,0.04183870590804495,0.013921603134798843,553.2185668945312,-0.04337344505966667
2024-09-09,535.1488037109375,536.4220593419303,531.495695817922,533.4251264283236,40445800,0.011196084697615571,0.011133872466266495,0.01204160893872196,0.009514481107627712,0.009701781574737051,-0.021296692767272973,0.029699275007871506,0.026521334449472356,553.2185668945312,-0.03266297312656663
2024-09-10,537.4798583984375,537.8324845189911,532.1813804449696,537.0587275255268,36394600,0.004355900025068804,0.004346440552284933,0.012329053557740602,0.009513649084655419,0.009708622076263978,-0.017121767889893502,0.029644186280632256,0.027817137308088213,553.2185668945312,-0.028449349746958674
2024-09-11,542.9937744140625,543.9144040618945,528.8318231688719,537.3916883108078,75248600,0.010258832827810815,0.010206568148133614,0.012446540431000377,0.009702337227967676,0.009783833042857185,-0.016427751954422587,0.03966083563329392,0.03586662620887271,553.2185668945312,-0.01848237404226183
2024-09-12,547.5675659179688,547.8711746400817,541.3483991843773,543.5716351743016,51819600,0.008423285347685106,0.008388007445118225,0.009916443453891415,0.009248250293816797,0.009786504352139399,0.012697454819817766,0.03145535469148597,0.036082597453652054,553.2185668945312,-0.010214771005037204
2024-09-13,550.4273681640625,551.4263657909838,547.9201304028155,548.1747815451495,39310500,0.005222738569804486,0.00520914737236218,0.0098209560881321,0.009277527008788972,0.009802266566483891,0.020074475758729893,0.03358159518708814,0.03940091831284742,553.2185668945312,-0.005045381513742453
2024-09-16,551.240234375,551.5046291897925,548.3608236054457,550.1628688432331,36656100,0.001476791049923154,0.0014757016664165748,0.009576332860916078,0.00856960617429084,0.009802801867122556,0.024071494693186368,0.01766506695909187,0.04030317833428154,553.2185668945312,-0.0035760414380821004
2024-09-17,551.4656372070312,554.9033088052785,549.232597278254,553.4537696353212,49321000,0.0004089012702179762,0.0004088176928760612,0.0042026681544479584,0.008564258527459291,0.009758363279751225,0.042027730085774095,0.015803666138446193,0.032510692547505604,553.2185668945312,-0.0031686024157504544
2024-09-18,549.830078125,556.9698163045404,549.2718181357275,552.121819368038,59044900,-0.0029658404289970575,-0.0029702472491627318,0.00461970034835261,0.00835591813654151,0.009764949209969344,0.027434003985913114,0.003198996847329827,0.026839534323330527,553.2185668945312,-0.006125045275599428
2024-09-19,559.2124633789062,561.0733295553275,556.3722663136862,559.2418737919741,75315500,0.01706415423088803,0.016920196916461905,0.006812965726206236,0.00911427406794599,0.009976632671205575,0.04043426863515731,0.021979594623053433,0.0472065708086562,559.2124633789062,0.0
2024-09-20,558.2457885742188,559.2871245583524,555.219996107625,557.843033129673,77503100,-0.0017286360158116354,-0.0017301318311112323,0.006980139165308745,0.00911706836369886,0.009978083675722645,0.028088745909867097,0.016719068339607235,0.04679966287423065,559.2124633789062,-0.0017286360158116354
2024-09-23,559.640869140625,560.2892833331648,558.0985019985221,559.3167220049795,44116900,0.002499043602226525,0.0024959261853905075,0.006706225505992147,0.008901688677450574,0.009966953308557633,0.02204897436248987,0.027322688454037403,0.052838165256610115,559.640869140625,0.0
2024-09-24,561.2420654296875,561.3010067117204,557.6071931426925,560.4364946014963,46805700,0.0028611139345868786,0.0028570287383996723,0.006643067391680557,0.00865376338871247,0.009962952953434846,0.01964781893330847,0.019430214230908183,0.05180013190695676,561.2420654296875,0.0
2024-09-25,560.0042724609375,561.8217386948093,558.8941616149112,561.0849426444706,38428600,-0.0022054529497933517,-0.0022078885428664426,0.006906097438692017,0.008650414790743589,0.009970230984873428,0.015898763441812624,0.019612327481995484,0.048172158185161074,561.2420654296875,-0.0022054529497933517
2024-09-26,562.2245483398438,564.5921534543987,559.8668367278948,564.2679463720303,48336000,0.00396474810656211,0.003956909205468846,0.006876570208352419,0.008675039158883242,0.009977783291153241,0.01950966734265136,0.02225118194665132,0.05067148855774195,562.2245483398438,0.0
2024-09-27,561.4090576171875,564.1106429805404,560.377555197848,563.2952985697877,42100900,-0.0014504715688140601,-0.001451524521008009,0.006686614153993456,0.008553291924529017,0.009963528713110858,0.02105919620053065,0.02672919679577368,0.05329233511872222,562.2245483398438,-0.0014504715688140601
2024-09-30,563.6588134765625,564.2678934162012,558.078818569817,560.3775886747461,63557400,0.004007338016461137,0.003999330024164235,0.0028030216920578253,0.008568471387326531,0.00997029109471572,0.007951092632646706,0.030751142478038895,0.05534133801714369,563.6588134765625,0.0
2024-10-01,558.6093139648438,563.9535439565005,556.035444442894,563.3051897855821,72668800,-0.008958432638663472,-0.008998800666687687,0.004714462857738465,0.008648439848631185,0.010018250284279284,0.0006511923566023814,0.011858044428750159,0.038895636578278214,563.6588134765625,-0.008958432638663472
2024-10-02,558.8450317382812,559.8667605957481,555.3182683616095,557.7153138155387,38097800,0.0004219725084146919,0.00042188350305342646,0.004602526720481906,0.0071641679998063635,0.0100064096964582,-0.0014220501865166435,0.03355453555998511,0.034716346580343505,563.6588134765625,-0.008540240342540861
2024-10-03,557.8234252929688,559.7685478192003,555.5344286086627,557.3715020969081,40846500,-0.0018280675094037857,-0.0018297404639734162,0.004421409625194765,0.007158760040385573,0.009988791506984125,-0.00609120439698585,0.03378115085305744,0.026903555181670313,563.6588134765625,-0.010352695716052018
2024-10-04,562.8925170898438,563.2658318866675,558.0984259775333,562.2736036088263,42939100,0.009087269496100392,0.00904622870774709,0.005719916782401987,0.007274140747295748,0.01004737811737616,0.005157540345565259,0.0457186275261281,0.03504081273056414,563.6588134765625,-0.0013595039559345379
2024-10-07,557.8037719726562,561.8905680396737,556.6543868115797,561.2421538745174,49964700,-0.009040349556423855,-0.009081461481495611,0.006552839866283856,0.006404112551996261,0.0101202665801857,-0.007863008437182795,0.05400401969876123,0.024687194293002257,563.6588134765625,-0.010387563121373455
2024-10-08,563.0792846679688,563.6785911447381,559.5034126964732,560.3776986132091,37398700,0.009457649733446205,0.00941320616559217,0.007661272167951354,0.006296787931654401,0.010113817989022377,0.002975062529041228,0.05219198989766971,0.024243127389079522,563.6588134765625,-0.0010281553215132355
2024-10-09,566.9793701171875,567.5393423690588,562.4701514366566,563.0693978961492,37912200,0.0069263522125815324,0.0069024752253070126,0.007960778666018345,0.0063604645157550035,0.010078985224555102,0.005891075525182199,0.05488486918682223,0.04030756601879282,566.9793701171875,0.0
2024-10-10,565.9869995117188,567.4114836582785,564.3758579947738,565.6333518501281,44138100,-0.0017502763905918872,-0.0017518099139680304,0.0068694717786696455,0.006171355441523564,0.010057491718005433,0.013207236905003139,0.042345283097339204,0.031977381173762254,566.9793701171875,-0.0017502763905918872
2024-10-11,569.3762817382812,570.113077691751,565.7708503676648,565.9084000028585,42268000,0.0059882686872427815,0.0059704102648643715,0.006991440822840987,0.006066519937347283,0.010077173977009326,0.018844669634518585,0.03982835576419008,0.035310027190500026,569.3762817382812,0.0
2024-10-14,574.0328979492188,574.9661849382893,570.5060744728205,570.9874382986001,36217200,0.008178451334012404,0.008145189033904774,0.006936092516471058,0.006181180402711757,0.010100305836042477,0.02905842946222048,0.042885821364391674,0.03762406452033562,574.0328979492188,0.0
2024-10-15,569.5728759765625,574.6027324678581,568.3546560789198,574.2981924836022,54203600,-0.007769627818527525,-0.0077999686368360405,0.007797303641124724,0.006540663155355707,0.009984015295131718,0.011867912050521179,0.03325708186440379,0.044203066719511463,574.0328979492188,-0.007769627818527525
2024-10-16,572.0485229492188,572.5692210133667,568.7673576490918,569.5729286407808,30725400,0.004346497308902908,0.004337078571955299,0.006197975264592871,0.006561835366761928,0.009935295925810958,0.025537208051115146,0.03732396790202963,0.05686325363631961,574.0328979492188,-0.003456901176029037
2024-10-17,572.0975952148438,575.801242846272,571.9109378019983,575.594918349773,34393700,8.578339713571914e-05,8.577971795051423e-05,0.005722097856839112,0.006485126471096346,0.009888691830413025,0.016016058115497556,0.0404989068000412,0.0640197682466408,574.0328979492188,-0.00337141432361987
2024-10-18,574.2981567382812,575.0840605235142,572.3235337539761,573.787292295603,37416800,0.0038464792403316572,0.003839100454569968,0.00541609632857106,0.005508988421084674,0.00982421687933985,0.012908382574097876,0.026976675856298593,0.05721259630366071,574.2981567382812,0.0
2024-10-21,573.3550415039062,574.5535342943244,570.378356688641,573.5711395635755,36439000,-0.0016422048779181075,-0.0016435547744221436,0.005404275886294346,0.005506657844728935,0.009824522726453816,0.013018041047840212,0.027065592323189946,0.05713481251310326,574.2981567382812,-0.0016422048779181075
2024-10-22,573.0504760742188,574.2096946097226,570.1622332957213,570.8204209471064,34183800,-0.0005311986598890428,-0.0005313397958802228,0.005129423531250899,0.005513006843588875,0.009351615560442086,0.006453016140258505,0.023961093038443293,0.08107318591951551,574.2981567382812,-0.0021725312007767617
2024-10-23,567.8143310546875,571.4688706983893,564.3071746074978,571.0267810694698,49314600,-0.009137319028861723,-0.009179320377298883,0.0052259570000904735,0.005931839518312877,0.009408498455627875,-0.010833119350385001,0.01171021566241337,0.07680553105570365,574.2981567382812,-0.011289999118956895
2024-10-24,569.0422973632812,569.84786821387,566.419320298971,569.7692598487698,34979900,0.0021626194363795204,0.0021602843409753284,0.004559483990643582,0.005906131231819743,0.009322368425235913,-0.00093153771125698,0.016139207050378745,0.06718199725763929,574.2981567382812,-0.009151795654108619
2024-10-25,568.8458862304688,574.1705094317597,567.9028255594263,571.2724326633536,47268200,-0.00034516086716684935,-0.0003452204488895415,0.004116037913947871,0.005864642319849802,0.009323896417981786,-0.005598540316542833,0.011777034478797965,0.06618708690126751,574.2981567382812,-0.009493797679551275
2024-10-28,570.6043701171875,572.4512770786239,570.299830137409,572.3235609618828,30174700,0.003091318631785356,0.003086550330708379,0.004371963801511153,0.005869991650870252,0.009294030307877605,-0.0026100880516645164,0.016378988502657954,0.0749291000521437,574.2981567382812,-0.006431827401419121
2024-10-29,571.5277099609375,572.6475942041739,568.2464857042249,569.6414692090111,42899700,0.001618178710338869,0.0016168708698592286,0.004085976354975326,0.005827523133987975,0.009092130779779783,-0.00482405653724971,0.01396038932814836,0.05944764503139277,574.2981567382812,-0.00482405653724971
2024-10-30,569.798828125,573.0505525749719,569.0914726763393,571.0562623128328,41435800,-0.003025018395093504,-0.003029603011272149,0.0041725677970451645,0.005469883082127487,0.008899675668637813,-0.00620246290950599,0.020031019677664075,0.07141501255204386,574.2981567382812,-0.007834482072579085
2024-10-31,558.6290283203125,565.4959588071013,558.4325373559277,565.4271839715354,60182500,-0.019603058576731835,-0.019797747056354575,0.00819446025501845,0.007077471080899135,0.008935721376357281,-0.02516610378321793,-0.00038651755979091096,0.0703398804480595,574.2981567382812,-0.02728396083832374
2024-11-01,560.9866943359375,565.4173043933644,560.5741053167588,561.2617936558026,45667500,0.004220450238173301,0.004211569117516647,0.008246709646572516,0.007122053866689922,0.008060115370693049,-0.012024417745969851,0.0056707353967921925,0.10710030958003336,574.2981567382812,-0.023178661199168782
2024-11-04,559.7783203125,562.4209644478059,557.892139281839,561.1241962515347,38217000,-0.0021540154795790523,-0.0021563387077012815,0.008069464614345545,0.00684513418926637,0.00801504084365699,-0.01627994455545201,-0.005532489210274383,0.09462342529563283,574.2981567382812,-0.025282749483728884
2024-11-05,566.5470581054688,566.586332309216,560.4758658123077,560.6919638738422,39478300,0.012091818399094123,0.012019296392962288,0.009766007733364251,0.007037586529553778,0.008056010494203729,-0.004041214291331974,0.01567448370220248,0.11531436868980438,574.2981567382812,-0.01349664550002172
2024-11-06,580.6346435546875,581.5089893813079,575.0841485043231,578.8270705681771,68182000,0.02486569341005418,0.024561573185624373,0.013763828907316129,0.008615514605918114,0.00813338783604333,0.01757833266408393,0.03117741917476269,0.11722023363741285,580.6346435546875,0.0
2024-11-07,585.1240844726562,586.1458133207747,582.5600487330294,582.6386570968723,47233200,0.007731954969968813,0.0077022165982762085,0.013886540087527856,0.00864264328212553,0.008161346484461597,0.0237895280924314,0.03200242427113076,0.12091570021854325,585.1240844726562,0.0
2024-11-08,587.65869140625,589.0831757216504,585.674234913322,585.674234913322,46444900,0.004331742618111534,0.004322387626936474,0.013590330429103589,0.008628884201011664,0.008165498892511336,0.031344155866414036,0.03829008778157017,0.1251799835714047,587.65869140625,0.0
2024-11-11,588.2186889648438,589.6038391769904,586.4896646144927,589.2501914582232,37586800,0.0009529299349826381,0.0009524761854902485,0.008939921667797777,0.008577254715068304,0.00795105340593603,0.05296835492688512,0.0330930666255318,0.10803004821013595,588.2186889648438,0.0
2024-11-12,586.3914794921875,588.7393574916656,583.9059918696842,588.1401110548398,43006100,-0.003106343791748234,-0.0031111784923821034,0.009769354174019423,0.008496736448679139,0.007971181951349486,0.045285896105472956,0.021529395940756757,0.10111429015462803,588.2186889648438,-0.003106343791748234
2024-11-13,586.6763305664062,588.6803942959151,584.4856094336134,586.8531544283672,47388600,0.0004857694632012244,0.00048565151541094567,0.0094297239453922,0.008255883791918803,0.007718348377342176,0.048051182544708526,0.030028562298580308,0.08308496005576282,588.2186889648438,-0.0026220832955031748
2024-11-14,582.9039916992188,587.2854945523371,582.2163632356335,586.804130643577,38904100,-0.006430017150249601,-0.006450778756702175,0.010248867496721261,0.008399999354855782,0.0077783194717131725,0.028871270902804724,0.018976482438996856,0.0737133410046158,588.2186889648438,-0.009035240405193323
2024-11-15,575.437744140625,579.8094129170865,573.5810036102117,579.3378226480269,75988800,-0.012808708921050571,-0.012891447710536734,0.006874812441590024,0.008919914842842866,0.007898253267798036,-0.008950377783603636,0.00583842504097043,0.0499217679006736,588.2186889648438,-0.021728219561861994
2024-11-18,577.79541015625,579.1117853472807,575.0348837182494,575.8993358057546,37001700,0.004097169571568582,0.004088799028220469,0.006184811524588169,0.008925043593044983,0.007902761489553775,-0.012524991725492263,0.006089612820336043,0.055940555184734286,588.2186889648438,-0.01772007419032673
2024-11-19,579.9075317382812,580.6344941628126,573.7479582489347,574.4159793947367,49412000,0.0036554834893203214,0.003648818447245881,0.006077742713140822,0.008941456387986458,0.007903945688957066,-0.01318990050061275,0.011428329324859376,0.056171058447096245,588.2186889648438,-0.014129366139638666
2024-11-20,580.1040649414062,580.3889378159292,574.3374129030207,579.9861823753545,50032600,0.0003389043810759773,0.00033884696595801146,0.0060343326708781385,0.00893806875675913,0.00782471928723694,-0.013795250262649272,0.012308843918094947,0.0648866093247582,588.2186889648438,-0.013795250262649272
2024-11-21,583.21826171875,584.6427460672937,577.1077952881657,582.953055915256,46750300,0.0053683415882601615,0.0053539834060511,0.006591978346915199,0.008703686950896912,0.0077483855332298145,-0.005411432267374505,0.027128464044664735,0.059347390563347924,588.2186889648438,-0.008500966290094558
2024-11-22,585.0259399414062,585.654687007179,582.7075025920674,583.2084735757152,38226400,0.003099488375636561,0.003094694863942919,0.00674626721209627,0.008710666340174065,0.007741183449098354,-0.0028131194987986996,0.028088672234360956,0.06516983815084654,588.2186889648438,-0.0054278265606557685
2024-11-25,587.0103149414062,590.2816460152659,584.7213185752529,588.965270737662,42441400,0.003391943612276016,0.003386203946960252,0.006284508591902085,0.008712347292794518,0.007746794197385227,0.007044596195365127,0.03193207360838346,0.06731730237614508,588.2186889648438,-0.002054293830010767
2024-11-26,590.075439453125,590.7434606979054,587.5408441710033,588.2579731618996,45621300,0.005221585436747667,0.0052080002298693,0.0016800429803995548,0.008743731611748186,0.007713577376908594,0.02543749599595757,0.034123589575626,0.07915551731574388,590.075439453125,0.0
2024-11-27,588.2874145507812,590.2718110026187,586.7647148108081,589.8887226529953,34000200,-0.003030163234722827,-0.003034763474673077,0.002981471090290341,0.008802827726986394,0.007731071484406862,0.01815868421608613,0.029324395471549858,0.07578895274185804,590.075439453125,-0.003030163234722827
2024-11-29,591.9419555664062,592.7278593888155,588.8277809402925,589.1028202958577,30177400,0.00621216929893964,0.00619295331613714,0.0032773905546707605,0.00880070515117293,0.0076842193875428805,0.02075231510108444,0.03886130744471905,0.07223638167345303,591.9419555664062,0.0
2024-12-02,593.0029907226562,593.6808455477146,591.8633791521069,592.3545765627109,31746000,0.0017924648629352724,0.0017908603149040228,0.0031275067006526235,0.007303594689731851,0.007163796961748676,0.022235537657459448,0.06153271788560555,0.0967278867195358,593.0029907226562,0.0
2024-12-03,593.2779541015625,593.5235527754064,591.735647195163,592.7671496331845,26906600,0.00046367958207294,0.0004635721159141501,0.003097168242372355,0.00731493504763812,0.0071507653027613576,0.017248589495751476,0.05756154306627437,0.09948693145101495,593.2779541015625,0.0
2024-12-04,596.9619750976562,597.2075737883222,594.2997236656325,594.9677449089698,42787600,0.006209603728951407,0.0061904035822566775,0.0034128341808008205,0.007265302583084909,0.007156385910527013,0.020402574213111757,0.06642567858719195,0.10901146903107617,596.9619750976562,0.0
2024-12-05,595.9795532226562,597.7675188046404,595.6259055147337,596.961947940629,28762200,-0.00164570260080521,-0.0016470582568723243,0.003799668606686163,0.007029080583196272,0.006768488469587779,0.015279524146258439,0.0519506626962456,0.12613947111448431,596.9619750976562,-0.00164570260080521
2024-12-06,597.109375,598.3472020292826,596.333304701608,596.7458937244957,31241500,0.0018957391595642026,0.0018939445138458088,0.003555271174435832,0.0047975377146123035,0.006663290637224786,0.011920400471834514,0.02837366255732343,0.11578194860831781,597.109375,0.0
2024-12-09,594.034423828125,597.1584317989794,593.445010988573,596.9914414878755,34742700,-0.0051497285097474865,-0.005163034061252135,0.004077191097037792,0.004763365693844949,0.006711065063708758,0.0097690501873684,0.015228119286013087,0.10522173909587362,597.109375,-0.0051497285097474865
2024-12-10,592.1875610351562,595.134745373381,591.529373321926,594.7123228135097,37234500,-0.003109016445658197,-0.003113859477937577,0.003751557848408708,0.004758853409255012,0.006644241372890354,0.00041491478419541927,0.00770663260007054,0.09059733083344845,597.109375,-0.008242734364778181
2024-12-11,596.765625,597.7185192678439,594.8401094183695,595.1152087702993,28677700,0.007730766848329518,0.007701037591960257,0.004746645667062525,0.00502244808901437,0.006632996544558638,0.006345051097901733,0.014530201429331147,0.0898483806277921,597.109375,-0.0005756901740154863
2024-12-12,593.6906127929688,596.4707466548862,593.6906127929688,595.9010008938557,31543800,-0.005152797142146448,-0.0051661185828324515,0.0052800953650064784,0.005118906233340375,0.006664983992321948,0.0006955570968942837,0.012447543247221526,0.0785993704731831,597.109375,-0.005725520901478487
2024-12-13,593.57275390625,596.4413297893211,592.1973772710232,595.7242008087076,35904700,-0.00019851903361634005,-0.00019853874112794794,0.004551856775108926,0.005121858630371837,0.006667298971848746,-0.00567744903827716,0.011755073420442352,0.07679504668095727,597.109375,-0.005922903310218497
2024-12-16,596.1073608398438,597.0799821268581,594.5552201188243,595.331290479334,43695200,0.004270086382694771,0.004260995434072845,0.0049050468452341645,0.00491896710959169,0.006677676825310167,0.0002144496677720653,0.022651018570204018,0.0809510522884187,597.109375,-0.001678108236294662
2024-12-17,593.6512451171875,594.5157572113583,592.2759285750876,593.5530296358272,55773500,-0.004120257329478183,-0.004128768977875235,0.005050772062884041,0.0039654695879909165,0.0066910255479847745,-0.005791451328012509,0.031651557726306345,0.07969947213805395,597.109375,-0.005791451328012509
2024-12-18,575.9583740234375,595.7339235020439,575.5752257128447,593.3467116570313,108248700,-0.029803476770704718,-0.030256626738258924,0.012162796818870138,0.007849912118858562,0.0074640516224858495,-0.03042929682121842,-0.003179388587243537,0.02994552471765055,597.109375,-0.035422322713594134
2024-12-19,575.7815551757812,582.5601031255708,575.5359564813775,580.948961299734,85919500,-0.0003069993520904424,-0.00030704648603850887,0.012255831882863156,0.007802052770725033,0.0074593650869124485,-0.02770407036361411,-0.007114887006437587,0.031412268503358654,597.109375,-0.03571844743556196
2024-12-20,582.697265625,587.231466902458,572.6036351958548,573.4513839180992,125716700,0.012010996856451017,0.011939437265177957,0.013018219670096868,0.008253339136145385,0.0075951276696376606,-0.023574346084361042,0.004470233601717055,0.04119855742447842,597.109375,-0.024136464738976793
2024-12-23,586.1865844726562,586.7878476994515,579.2570769218985,582.440932357683,57635800,0.005988219017835306,0.005970360891118923,0.013432487809254615,0.008273661428761916,0.00761985942722155,-0.0126396277094738,0.005089557287109914,0.04444520569546251,597.109375,-0.018292780158314814
2024-12-24,592.7020874023438,592.7415539521577,586.9554328723399,587.5370230202848,33160100,0.011115066605539958,0.011053748206390117,0.014301030378084334,0.008589362701124249,0.007721529229505396,-0.001466823566574571,0.013121037781173017,0.05838850978353394,597.109375,-0.007381039022635094
2024-12-26,592.7416381835938,593.8652919269226,589.5282423631364,590.9279213446937,41219100,6.672961356235518e-05,6.672738724073259e-05,0.014173609017030632,0.008567033960979218,0.007712436450685914,-0.0056461685886718405,0.00976358182523529,0.054279184240286105,597.109375,-0.007314801942954308
2024-12-27,586.5020141601562,589.2324254266508,582.31278453499,588.9958066290322,64969300,-0.01052671791804316,-0.010582515737152503,0.014629172222525601,0.008818467209393355,0.007840171445388207,-0.012042813041889588,-0.006055878713204121,0.04469638706840939,597.109375,-0.017764519004317636
2024-12-30,579.80908203125,583.2787692142718,576.0535631828352,579.4838439796579,56578800,-0.011411609793855915,-0.011477221849949032,0.009468640229888074,0.009134506314492847,0.007975540569191104,0.0066857401185311804,-0.014411888321638422,0.028652561032577628,597.109375,-0.02897340703912077
2024-12-31,577.6998291015625,582.1946245791215,576.0635312685974,581.4750217267025,57052700,-0.003637840446200191,-0.003644473479253004,0.009627097763142484,0.00901660606612049,0.00790181426860931,0.003331600167698401,-0.024060005091573577,0.0341750748859162,597.109375,-0.0325058468533298
2025-01-02,576.2803955078125,582.6775870195096,572.1995778777631,580.9624764637459,50204000,-0.0024570434717930967,-0.0024600669566754835,0.008194073729878034,0.008995635860835167,0.007910970913101584,-0.011012356665694667,-0.02819984970811862,0.031198924172768816,597.109375,-0.03488302204631688
2025-01-03,583.48583984375,584.1265095290074,578.0447499447286,579.129057366777,37888500,0.012503365361905328,0.01242584380726078,0.00946475995900539,0.00948547999532476,0.008047279702743071,-0.0046073122457005455,-0.01650510387267179,0.04600454801141307,597.109375,-0.02281581185398407
2025-01-06,586.8469848632812,591.1249540533898,585.1121413237427,587.7440065436294,47679400,0.005760456878321607,0.005743928888736339,0.00852819084612566,0.009469498048246898,0.00800245267125032,-0.009878660230005054,-0.016944111444820775,0.04255602454493834,597.109375,-0.01718678447599109
2025-01-07,580.2132568359375,589.2028462645713,578.3897338233832,588.877548048508,60393100,-0.011304016546816231,-0.011368392539831382,0.00925710688663708,0.009744682776058042,0.008051792009818143,-0.021136327432721647,-0.0264544249906985,0.04017449502722226,597.109375,-0.028296521326704127
2025-01-08,581.0609741210938,582.1354148697908,576.8323377526707,580.282291853868,47304700,0.0014610443232185855,0.0014599780364298663,0.008728645658558121,0.009738169877412975,0.007973474897714902,-0.009277103757015737,-0.026876819475336933,0.03193456044778542,597.109375,-0.026876819475336933
2025-01-10,572.1896362304688,577.5715860296085,570.2773736421228,577.5025797313914,73105000,-0.015267481874933542,-0.015385229890816907,0.00955574242105818,0.010180927609993713,0.008174094605959336,-0.013141301226410551,-0.03677360557134435,0.009189516211505877,597.109375,-0.041733959996074876
2025-01-13,573.0767822265625,573.4316201868376,567.123109023982,567.5371468067242,47910100,0.001550440518178986,0.0015492398261862396,0.009594980104321763,0.010200190463358879,0.008172112351613709,-0.00800250691122717,-0.03227149650895689,0.012526405590517431,597.109375,-0.040248225500457924
2025-01-14,573.8653564453125,576.6351742776535,570.0802375478183,576.0043111010004,48420600,0.0013760358876975243,0.0013750900179164917,0.009614489227907504,0.010004699658898664,0.00814029765823334,-0.0041907361092370365,-0.03837397396119713,0.007884196885276529,597.109375,-0.03892757261546509
2025-01-15,584.303955078125,585.4473419377294,580.7751281246863,581.8889752343268,56900200,0.018189978739041157,0.018026520303546564,0.011037218900065919,0.010874105634436979,0.008393201515924499,0.0014021166899167437,-0.015810689124230892,0.017892802251579187,597.109375,-0.021445685594661756
2025-01-16,583.1802368164062,585.8514484014332,582.4803673486446,585.6740294157521,43319700,-0.0019231741492636845,-0.0019250258231096,0.010777142950768917,0.010876625569523747,0.008334471764580726,-0.006248218260385574,-0.017508413284557767,0.023890464967302405,597.109375,-0.02332761595577648
2025-01-17,589.0353393554688,590.7898562052613,587.0934767089387,588.4242094250709,58070600,0.010039953635990084,0.009989888126204568,0.010335251799008316,0.011081628407035774,0.008408394144094892,0.015204896502435172,-0.011863670789790892,0.029694712467176476,597.109375,-0.013521870502420485
2025-01-21,594.4270629882812,594.4369296257112,590.1096871636119,592.0810894520482,42532900,0.009153480738035569,0.00911184153609896,0.010647356114888856,0.011242756074669012,0.008478514850869456,0.023002902384564594,0.0013068579868649177,0.03903087158590823,597.109375,-0.004492161945571116
2025-01-22,597.7686767578125,599.1289493146973,596.7041025475482,597.2560928487167,48196000,0.005621570715055313,0.0056058286555815216,0.006811566089335675,0.00895235068727704,0.00849226944901551,0.04470378159215893,0.03786784552157152,0.04086817926220032,597.7686767578125,0.0
2025-01-23,601.0313110351562,601.0313110351562,596.8618141810588,597.1377792345874,41152100,0.005458021479211039,0.005443180457231125,0.006512248581733838,0.008972568005343542,0.008508166751620996,0.04877972668859942,0.04385301271359143,0.04827073545678662,601.0313110351562,0.0
2025-01-24,599.2767333984375,602.0466115435261,598.1234798327728,601.0904500891409,34604700,-0.0029192782547332596,-0.002923547658573923,0.007271556919318814,0.008735036037578761,0.008519434373124394,0.04428107859747876,0.028452969923677962,0.04576605101855291,601.0313110351562,-0.0029192782547332596
2025-01-27,590.7996826171875,591.115114198888,586.1373355152499,586.3048878621954,70361100,-0.014145469544892042,-0.014246470299252998,0.008564467855831934,0.009290437778938307,0.008635718006156996,0.011117035033921585,0.007869675401529719,0.040480400555945595,601.0313110351562,-0.017023453237979935
2025-01-28,595.8760986328125,596.7139205737208,588.7100317776161,592.0318399526346,44433300,0.00859244878591836,0.008555743805095151,0.00876098971241475,0.009160562584529405,0.008691495573020408,0.021770048117050855,0.005355154466183176,0.04715607502969199,601.0313110351562,-0.00857727760216842
2025-01-29,593.204833984375,595.4916679771449,590.6518414168764,595.0874967960807,37177400,-0.004482919611252245,-0.0044929980271374926,0.008564994321170567,0.009219823080111772,0.008715650539244477,0.007078513546349585,0.0007814463687765283,0.0428216997670916,601.0313110351562,-0.013021745967446652
2025-01-30,596.3886108398438,597.9263022497843,592.130374590218,595.3240968992558,39281300,0.005367078407106485,0.0053527269690866785,0.008072580778358424,0.008954323274396795,0.008730411376740046,0.003299896612549036,0.01685688444539224,0.04518759769989278,601.0313110351562,-0.007724556291944906
2025-01-31,593.2147216796875,601.2383441338676,592.4557124803268,598.8134974486875,66566900,-0.005321847370101107,-0.0053360588431012705,0.007974205424923395,0.008630658252647963,0.008762867897701396,-0.007618256451349725,0.023120782450446242,0.03794568721826663,601.0313110351562,-0.013005294752458485
2025-02-03,589.2225341796875,591.7064599079472,582.0466016788057,584.1954227420036,65857200,-0.006729751225148517,-0.006752498112291906,0.007636072476685045,0.008741623044154453,0.008800137596112898,-0.01964752357931321,0.019945834320299394,0.034088708322907335,601.0313110351562,-0.01964752357931321
2025-02-04,593.17529296875,593.6878166788046,588.7396375989994,589.281761222817,33457800,0.0067084311270706465,0.006686029732644003,0.008437230371601843,0.008790252244999514,0.008444455206471621,-0.010181340421956397,0.029317147681294786,0.061841155573872264,601.0313110351562,-0.013070896510991803
2025-02-05,595.5802612304688,595.7281404533522,590.0209530162485,592.0514947784708,30653100,0.004054397224945605,0.004046200304760887,0.00643179382695328,0.008443827755958795,0.008443455867750343,0.008091708160884226,0.020727874715789962,0.06166557468084166,601.0313110351562,-0.009069493892587932
2025-02-06,597.6503295898438,597.778475552574,594.013089933138,597.3250313642651,35771500,0.003475716866603751,0.0034696905226085967,0.005696316332541197,0.008394150602113477,0.008439483850399035,0.002977516569471428,0.018409133905799013,0.06765536981889797,601.0313110351562,-0.005625300018878288
2025-02-07,592.1796875,599.4344333824486,591.4699514014874,598.2121736064561,50788500,-0.00915358332287397,-0.009195734788507786,0.006574718113739997,0.00824966787845247,0.008416595801776122,-0.0017281492422935862,0.02062419381680236,0.045243601617571905,601.0313110351562,-0.014727391689313363
2025-02-10,596.2012939453125,596.8420237335293,594.1214790365186,595.3930719758379,26048700,0.006791192825762904,0.006768236550817022,0.00679506431399276,0.00834583586492047,0.007871260005664339,-0.00031408529795273754,0.026056335735022973,0.026809716856240007,601.0313110351562,-0.00803621542033306
2025-02-11,596.65478515625,597.1969087784863,593.8159609148958,593.93424024475,30056700,0.0007606343957031747,0.0007603452599696442,0.0063811384638487,0.007442968729865419,0.007816055655355142,0.0057990190580941015,0.042757064051273774,0.01970641952635699,601.0313110351562,-0.007281693646490006
2025-02-12,594.7327270507812,595.9057140143801,589.9520997695843,590.6322360789388,45076100,-0.0032213905817672916,-0.0032265904305730647,0.005798302270316857,0.007530414199727784,0.0078117664691439,0.009351632959464062,0.03778890629642917,0.012037660206476897,601.0313110351562,-0.010479627048925244
2025-02-13,601.0115966796875,601.2186155981716,594.5749988790903,595.8366651794477,40921300,0.010557464459779231,0.010502123597229223,0.006528247444723656,0.007767679284813421,0.007919278806205606,0.013210772268881898,0.047304197630131606,0.02174855705002665,601.0313110351562,-3.280087926671449e-05
2025-02-14,600.9820556640625,602.2535886001177,600.3610590723445,601.2186143347305,26910400,-4.9152155779053075e-05,-4.9153363785846196e-05,0.006486120631879903,0.006860917670059064,0.00790697446280928,0.009069800974319753,0.028543535331208902,0.024881971655710933,601.0313110351562,-8.19514228117546e-05
2025-02-18,602.7463989257812,602.7463989257812,599.6808827255115,602.145135650955,26749000,0.0029357669585812207,0.002931466010428503,0.006459209159266617,0.006826379783597985,0.007913320021350319,0.008526841003224872,0.033550797633656204,0.0273917107647077,602.7463989257812,0.0
2025-02-19,604.1658325195312,604.4615308486234,600.8440242708047,601.3566081495158,31011100,0.0023549433000009667,0.0023521747666686295,0.004561033527655725,0.006551471223650742,0.007867217574171725,0.020240722997664884,0.02568690221645875,0.03647571662416005,604.1658325195312,0.0
2025-02-20,601.6522827148438,602.9336821985821,598.3403412349714,602.7956695963146,36554000,-0.004160364041450926,-0.004169042434476105,0.004862408443319651,0.006388430543343846,0.00770322845762345,0.009142866385713155,0.012154930649086015,0.04555582048822382,604.1658325195312,-0.004160364041450926
2025-02-21,591.361572265625,601.5734221193063,590.8982614234848,601.435409514207,76519800,-0.017104082781476126,-0.01725204722983592,0.008515500415179185,0.007347232626304627,0.008011010015213432,-0.008871483179739958,-0.010718367725352285,0.0234791794308411,604.1658325195312,-0.02119328761196093
2025-02-24,588.6705932617188,594.4073810554311,587.9608571639533,593.4118132885562,50737200,-0.004550479994154144,-0.0045608649445578455,0.008581578245652336,0.0072664661586334615,0.008023928550150699,-0.010193038844732882,-0.02056584664807004,0.015111135903288053,604.1658325195312,-0.025647327974826495
2025-02-25,585.7431030273438,589.3409366661995,581.1300283822392,588.6115273648803,58266500,-0.004973053296503771,-0.00498546007619155,0.006785178983493101,0.007307803643279098,0.00805105564025869,-0.025404657308935708,-0.022583273497614242,0.009720735341696152,604.1658325195312,-0.030492835742398472
2025-02-26,586.0387573242188,591.0067297705009,583.3970853838995,587.4088964020577,43321600,0.0005047507949251795,0.0005046234510921561,0.006837194551018552,0.006667555223833425,0.00802382990983301,-0.024864799537703264,-0.008058442536526544,0.004836089317842518,604.1658325195312,-0.03000347623055377
2025-02-27,576.6843872070312,589.468961108592,576.2901428845248,588.3156475632774,74196700,-0.015962033227799433,-0.01609079855614156,0.00753535153715996,0.007153657767514647,0.008264986121214728,-0.04323876802117421,-0.03220755366730599,-0.014258432258936193,604.1658325195312,-0.045486592973811635
2025-02-28,585.6839599609375,586.2162169760591,574.1118369424444,577.1872200213395,88744100,0.015605715974889689,0.015485199007902363,0.01095265847111354,0.008029082232445115,0.0084906282811505,-0.030590727849536647,-0.01267837615705536,-0.002259508813914346,604.1658325195312,-0.030590727849536647
2025-03-03,575.4227294921875,588.7987001526899,571.6080711867788,587.6552532272791,74249200,-0.01752008108508618,-0.01767537421104162,0.012020527541597914,0.008706696505690592,0.008744670006830981,-0.043595867540467514,-0.03515473127183255,-0.024831926532169257,604.1658325195312,-0.047574856902247165
2025-03-04,568.6115112304688,577.0195703305991,564.0674436853699,571.4207954091844,109648200,-0.011836894708225465,-0.011907508531810475,0.01137814109697063,0.00895596232982318,0.008857682752023678,-0.03847064486790408,-0.041474376056539475,-0.033446072164125984,604.1658325195312,-0.058848613038561925
2025-03-05,574.7229614257812,576.5169448984452,564.8856823224501,568.4440493526719,71230500,0.010748024045604376,0.010690674598028818,0.012957936944426691,0.009297762994112937,0.00893125855652879,-0.023693440772463492,-0.024607973919552273,-0.02908899086929695,604.1658325195312,-0.048733095300946494
2025-03-06,564.52099609375,571.874289065213,561.9680033325571,567.2513477016495,80094900,-0.01775110099433308,-0.017910541434329044,0.014076817022315807,0.00978414687589098,0.009188556098320356,-0.036231082916571844,-0.04830662573889366,-0.04803010284011722,604.1658325195312,-0.06561913019882604
2025-03-07,567.68505859375,569.1340707451673,557.5422141835529,562.7368791286215,81158800,0.005604862391113796,0.00558921359556951,0.014543905676116407,0.009840257117257055,0.009222180748982367,-0.03131823365108055,-0.046837016692069744,-0.04313811988272753,604.1658325195312,-0.060382054002701135
2025-03-10,552.5643310546875,561.3961742720178,547.6456922667035,559.4741052862735,99326600,-0.026635768037508445,-0.026996927724843082,0.016394482912281138,0.011081964577210047,0.009741491467729136,-0.041825401705707366,-0.07543875792070243,-0.07437265000958526,604.1658325195312,-0.08540949965616529
2025-03-11,547.970947265625,555.9551623983707,544.1267490127518,551.4012280579012,88102100,-0.008312848895430935,-0.008347593307824705,0.013360115420457742,0.01106266298883119,0.009782770262046285,-0.06439140436392998,-0.0746542665470521,-0.0805541158206402,604.1658325195312,-0.09301235228672022
2025-03-12,550.8787231445312,555.0580858350761,545.7727990905229,554.1315244716127,69588200,0.005306441688954555,0.00529241213670413,0.01382170228461031,0.010997286665562265,0.009810055030219773,-0.042653870084896406,-0.07601890713933701,-0.07742409312442755,604.1658325195312,-0.0881994752215276
2025-03-13,543.5353393554688,551.1153839968962,541.8202288918889,550.5042540653316,74079400,-0.013330309341310076,-0.013419955480057023,0.01393561312231276,0.011140463883375003,0.009916331020201464,-0.04410071090670575,-0.08902877697841727,-0.08501036715553612,604.1658325195312,-0.10035405827439348
2025-03-14,554.762451171875,555.7678855775432,543.6043071486545,548.1582415612112,62660300,0.020655716387676826,0.020445279954321643,0.01626820258523575,0.012409798633320552,0.010293577181856185,-0.034730664326318106,-0.06720712357148184,-0.06319806818951312,604.1658325195312,-0.08177122685278493
2025-03-17,559.0404663085938,561.5638590041749,554.3090523622551,554.7427633019219,49008700,0.007711435998744909,0.0076818548542385845,0.015760656588658054,0.01226636625589584,0.010293313520095451,-0.009708283346552604,-0.06983414397153886,-0.06321603844290835,604.1658325195312,-0.07469036443645416
2025-03-18,552.9981079101562,556.9409127203818,551.0661118946721,556.7240271713574,66041400,-0.01080844547504023,-0.01086728105332802,0.015785566701505178,0.012345194492112382,0.010354740157913355,-0.02587165270823888,-0.07984256318749117,-0.06854160063501413,604.1658325195312,-0.08469152317997208
2025-03-19,559.020751953125,562.7861379289428,553.5993951050114,554.7822486316311,66556000,0.01089089448376046,0.01083201580103441,0.012751193312947915,0.01268230322328266,0.010463536777503743,0.01168446918409316,-0.0725440202555907,-0.058210222294977854,604.1658325195312,-0.07472299513883351
2025-03-20,557.4041748046875,562.4115538615378,554.5554838320709,555.2750866351008,62958200,-0.002891801677825878,-0.002895991014734792,0.012191917428929382,0.012612619975898662,0.010445378582855824,0.01721483152735437,-0.07739871273394472,-0.06492653601966614,604.1658325195312,-0.07739871273394472
2025-03-21,557.5880126953125,558.4877328401925,551.7054963570508,552.9413292589383,83763000,0.0003298107530131933,0.00032975637740223734,0.01214633576835146,0.012643388473096314,0.010439058599144633,0.012179249749351806,-0.07323876479068514,-0.060748179538907654,604.1658325195312,-0.07709442890866058
2025-03-24,567.5736083984375,568.6314886589248,563.7375780431137,564.3307537296456,58766800,0.017908555198050014,0.017750086193809182,0.011377841820330373,0.013066592805351983,0.010034184042805105,0.0442257702534552,-0.04022575186285948,-0.014557936828710427,604.1658325195312,-0.060566523546183526
2025-03-25,568.93798828125,569.8771730865459,567.1880294433175,568.7797678649376,38355700,0.0024038818271738815,0.0024009971253177113,0.009457364757381395,0.013083423259065948,0.01003945538102042,0.025552445158158577,-0.033520622919405385,-0.011885700111463171,604.1658325195312,-0.05830823648429739
2025-03-26,562.1458740234375,569.7981425644431,560.7617168790538,568.6710483477373,51848300,-0.011938232984461727,-0.0120100659661846,0.010862457588343272,0.013261859552999366,0.010025342675480305,0.005554888960631166,-0.04028596987646427,-0.03526941486419899,604.1658325195312,-0.06955037215669646
2025-03-27,560.6528930664062,564.4296055114135,558.5371327368356,560.7517355574175,42164200,-0.002655860384326192,-0.002659393438435454,0.009789139945747564,0.01325146510119867,0.009993933465778544,0.013842335166712072,-0.04331772248941568,-0.043558982894875586,604.1658325195312,-0.07202151646289656
2025-03-28,549.3623657226562,559.8521624781242,548.7790863172526,559.120558969836,71662700,-0.020138177263294144,-0.020343714466003155,0.011894606573467205,0.013500113027874272,0.010174195041182913,-0.017277330397349244,-0.047377772123673445,-0.07312226935058386,604.1658325195312,-0.09070931166088958
2025-03-31,553.050048828125,554.3550955683165,540.6719276036363,543.5984015371023,95328200,0.006712660596285724,0.006690231009001413,0.01237611746804771,0.013044735219934649,0.010221395835829556,-0.007811434096431369,-0.05571931854679624,-0.0669627149479497,604.1658325195312,-0.08460555188670615
2025-04-01,554.6121215820312,556.559825628618,547.4047657676659,551.1320571376683,54609600,0.002824469064266699,0.002820487746496578,0.01245824888240511,0.012633772538062313,0.0101599236577913,-0.005337078713181342,-0.036165773167357695,-0.054373031648987324,604.1658325195312,-0.08202004858640866
2025-04-02,558.1219482421875,560.9890444564371,548.52197624234,548.7592465118332,76014500,0.006328434817011397,0.006308494357111239,0.010126438660547611,0.012524714848131339,0.010107793922032302,-0.016652747795868117,-0.018447679621508062,-0.037403922189500394,604.1658325195312,-0.07621067230056455
2025-04-03,530.6172485351562,541.7594774009829,530.6172485351562,538.9319060881811,125986000,-0.049280806450378245,-0.050536534960503074,0.020055610593836717,0.016095730857180936,0.011822655650607548,-0.06735486210344277,-0.07674256267960289,-0.08150007702032558,604.1658325195312,-0.12173575535984538
2025-04-04,499.5533447265625,519.9099817661254,499.3358369172059,517.7349036725598,217965100,-0.05854295896778716,-0.06032656014450251,0.02732644775185459,0.019893457628624083,0.013850528978690949,-0.1113457061400851,-0.1150845616314301,-0.1331418722194061,604.1658325195312,-0.17315194299668857
2025-04-07,498.6635437011719,517.2405628900261,476.33944038650816,483.64569927250346,256611400,-0.0017811932094612404,-0.0017827814203064058,0.02740162826972236,0.019749997662310007,0.013722790862341776,-0.11056635956374539,-0.12158416686807971,-0.14537164460630692,604.1658325195312,-0.17462471914107913
2025-04-08,490.8531188964844,519.0300819148135,483.6160734043612,515.9454474877983,165816600,-0.015662714676747957,-0.015786671024523878,0.027348443293861904,0.019316130076628107,0.01378271615074791,-0.1065039225051504,-0.11168149786363168,-0.16357563119994678,604.1658325195312,-0.18755233666641313
2025-04-09,542.4022216796875,542.4022216796875,487.4620158912083,487.8476103166447,241867300,0.10501940559956857,0.09986289644408139,0.05348502087231786,0.030857730963150545,0.019302669919757168,-0.01925291783447003,-0.010162446775190292,-0.06516747887224084,604.1658325195312,-0.10222956598236144
2025-04-10,518.6345825195312,527.4534689848499,503.5475251856576,526.1385259148457,162331200,-0.0438192142475996,-0.044808277373538576,0.055703621353737395,0.0322619308664824,0.020042554668157724,-0.06486973086681569,-0.058532194601642384,-0.10743518216136949,604.1658325195312,-0.1415691609757408
2025-04-11,527.8885498046875,530.3503195313269,514.1757514102393,517.0824330937988,97866300,0.01784294298347855,0.01768562624901455,0.05637182350705131,0.032449713168081054,0.02011259799123291,-0.054169879060876336,-0.028787069428338197,-0.07742378334153799,604.1658325195312,-0.12625222845977124
2025-04-14,533.009765625,538.1113174755011,527.8093712828247,537.883883195208,68034000,0.009701320140789838,0.009654564485726522,0.05325130010684243,0.0321727460192811,0.020155979693164197,0.004508931996554333,-0.03921081086314482,-0.06991561662276913,604.1658325195312,-0.11777572160575789
2025-04-15,531.5169677734375,537.0732685211545,530.726046664157,533.5536182929557,56892900,-0.0028006951238727096,-0.0028046244086618183,0.04645374754969716,0.03210525436939747,0.020155063034913025,0.06398440403671146,-0.04923346375423765,-0.07379499075217422,604.1658325195312,-0.12024656284041879
2025-04-16,519.7023315429688,531.7937621429162,514.3931980244283,525.6541223320015,83484800,-0.022228145001581212,-0.022478913258385427,0.04792193570942261,0.032359011454002315,0.020176999089994686,0.04219034679303624,-0.06020956652639575,-0.1105616742342923,604.1658325195312,-0.13980184980724142
2025-04-17,520.44384765625,525.1499093262158,517.9721816819745,521.6599483491107,79868100,0.0014268092873082061,0.0014257923621276338,0.04700963746563436,0.03222933626590069,0.020180711717464193,0.060284283873534905,-0.06900800044022293,-0.10757632923679916,604.1658325195312,-0.1385745110976211
2025-04-21,508.0558471679688,515.7872249375157,502.6972625032136,515.2533065114334,69368100,-0.023802760939665046,-0.02409062378515362,0.0216942769762057,0.032549980991564684,0.02031562824526519,-0.06332270248701477,-0.08853239689855241,-0.13747815585412737,604.1658325195312,-0.15907881607729846
2025-04-22,521.2743530273438,523.3011070538847,513.305704354498,514.2449494916972,75948100,0.026017820546812453,0.025685115551747496,0.018949664528664027,0.033193677887308586,0.020576340633858072,0.005089846679695809,-0.06512632775664051,-0.12306423195671301,604.1658325195312,-0.1371998796199847
2025-04-23,529.3517456054688,539.2483058984949,527.8292210770832,534.3049739114415,90590700,0.01549547283731667,0.015376643965653828,0.018617287122809106,0.03312291092688085,0.020671765889036065,0.002771789237183908,-0.06734256531205196,-0.11445385784250961,604.1658325195312,-0.12383038379060263
2025-04-24,540.4939575195312,541.2255608935037,529.3813584649887,530.6369235756985,64150400,0.02104878657067255,0.020830321165997923,0.019990869305272597,0.03351701997782351,0.020851634552236556,0.014041378558524942,-0.049994957882224744,-0.100722462214758,604.1658325195312,-0.10538807653930282
2025-04-25,544.3992919921875,544.804618673288,537.5280483044934,540.454522631326,61119600,0.007225491457071742,0.007199512658338526,0.019934862232562696,0.03349137211416713,0.020879441961937514,0.024236901171217573,-0.03156935388359727,-0.09157278824266313,604.1658325195312,-0.09892406572894308
2025-04-28,544.6068725585938,547.2762839575454,538.8429907853031,545.1407910444296,47613800,0.00038130205064490497,0.0003812293734920367,0.016606923044852614,0.03349043663618819,0.020815548980451747,0.047920779846580164,-0.028620240270323394,-0.07818692429549712,604.1658325195312,-0.09858048362741878
2025-04-29,548.0375366210938,549.1547344204944,542.3329124899421,542.6888178923871,47775100,0.006299340378101537,0.006279582464638656,0.016444140861188023,0.03322532231558444,0.020800358861838376,0.05301953148088545,-0.0024115760092516814,-0.08028273347677528,604.1658325195312,-0.0929021352703242
2025-04-30,548.2550048828125,550.2126052496137,535.382610300473,541.3640295279456,93101500,0.000396812712974981,0.0003967340036316154,0.010068491788808904,0.0331938963775626,0.020796712503782545,0.0791235017546279,-0.008670180855191778,-0.07577454957615282,604.1658325195312,-0.09254218730568697
2025-05-01,552.1405029296875,557.6770710508032,551.5374308999284,554.0189932525213,63186100,0.007087027044478056,0.007062032092100689,0.007594922868606417,0.033224411080033635,0.02080638669124936,0.0592128688531981,-0.004456481487085884,-0.07419341534347101,604.1658325195312,-0.08611100924539938
2025-05-02,560.3364868164062,561.9381212948161,556.0061238656243,558.3294653880318,60717300,0.014844018584455165,0.014734924412869804,0.007495053796497214,0.033353351120566324,0.02089397078323354,0.05853336929209019,0.003967839969729603,-0.05542383501573689,604.1658325195312,-0.07254522408250896
2025-05-05,557.1234130859375,560.2278400664005,555.3339293144951,556.194064255589,38659200,-0.00573418616503818,-0.005750689730443321,0.00661756288844874,0.03138569815120733,0.020889707720315776,0.030767144266927948,0.0499534544418887,-0.05447707654025524,604.1658325195312,-0.07786342242727373
2025-05-06,552.466796875,556.9652171268149,550.64768441023,551.6066618961361,48264700,-0.008358320798517949,-0.008393447431861177,0.00797406169655469,0.028235353396949,0.020890031333206646,0.014819095104422475,0.10592152511239905,-0.06862810467039226,604.1658325195312,-0.08557093576267394
2025-05-07,554.7901611328125,557.4298834610689,549.738030089525,553.8014947566288,55588000,0.004205436907619653,0.004196618771925092,0.00796521354258589,0.028191835300910215,0.020890619704765048,0.01869842098462149,0.11255408208720974,-0.06848799860053101,604.1658325195312,-0.08172536202653025
2025-05-08,558.6558227539062,563.8463212534109,555.333918196641,558.8337754612519,65130800,0.006967790512363292,0.006943627636358309,0.00801969706717329,0.027773609686488718,0.020907082093872355,0.019375107402823444,0.13813236841573517,-0.06524635711771243,604.1658325195312,-0.07532701671631481
2025-05-09,557.9440307617188,561.0681900796083,556.3819209310694,560.0597310271954,37603400,-0.0012741154091596707,-0.0012749277843107142,0.008126357427641003,0.016203501813214137,0.020880212053452495,0.017672480492863407,0.028653660440220996,-0.05781295350202509,604.1658325195312,-0.07650515681275016
2025-05-12,576.3826293945312,576.3925257137258,570.5000520977247,574.8798371188,78993600,0.03304739833427317,0.03251307324194498,0.014202633885396372,0.013991685137626145,0.02129082920171147,0.043905720258183845,0.1113463097552414,-0.033241565813507234,604.1658325195312,-0.045986054870293946
2025-05-13,580.18896484375,582.403567726764,576.2342995973956,576.7977862928067,67947200,0.006603834423700716,0.006582124635303903,0.013703615304440007,0.013692967072457943,0.021308319772940863,0.03542956508175488,0.09907472904728287,-0.027596896433484508,604.1658325195312,-0.039685904738755884
2025-05-14,580.930419921875,582.3046201283636,578.9036058641954,581.1478975288738,66283500,0.0012779544649297314,0.0012771385761610014,0.013021928548667214,0.013659320968040475,0.021305652467703887,0.042732016419969154,0.08990577169010017,-0.023207579642288145,604.1658325195312,-0.03845866705298184
2025-05-15,583.7679443359375,584.2721134769878,578.4686469334371,578.9234551699535,71268100,0.004884447976478912,0.004872557762829333,0.01144316096038706,0.013565103484751031,0.02127161659870141,0.05665706543450355,0.09830537824856855,-0.02869104762539232,604.1658325195312,-0.03376206843496787
2025-05-16,587.465576171875,587.7621640177526,582.6013544692614,584.5489982766968,76052100,0.006334078244299102,0.006314102279205575,0.011354731636096948,0.012097093879528212,0.021287750651971377,0.0588968899021991,0.13038857152655203,-0.022490654030014712,604.1658325195312,-0.027641841773825226
2025-05-19,588.108154296875,588.7903364922698,581.4346564328234,581.4346564328234,68168500,0.0010938140906693317,0.0010932163119030398,0.011678832766096058,0.012103498172938907,0.021284720603403872,0.052719993855577796,0.13001269386763292,-0.024285909720895282,604.1658325195312,-0.026578262719180068
2025-05-20,586.1307983398438,587.317209981726,582.917632829089,586.3681289429425,60614500,-0.003362231831992357,-0.0033678968350383067,0.011961278870981201,0.01027924359344745,0.02128596582110273,0.050518987611792854,0.1536739545604766,-0.02985113227021896,604.1658325195312,-0.02985113227021896
2025-05-21,576.2540893554688,585.8639582409971,575.2258980125081,581.7708648204313,95197700,-0.01685069102724135,-0.01699427924742923,0.008222620686710386,0.010541927213288223,0.021383279122254205,-0.00022301164626958858,0.10547178469231344,-0.04221407296049873,604.1658325195312,-0.046198811090761516
2025-05-22,576.4815063476562,579.971467292194,574.8204937262445,576.0563267018498,70860400,0.0003946470773714683,0.0003945692246958432,0.007710090862525615,0.010290698894735205,0.021277019642449414,-0.006390087920910781,0.08903297501792662,-0.02516238223082412,604.1658325195312,-0.045822396239165064
2025-05-23,572.5465698242188,575.2159811048424,569.0763411937487,569.4520392436427,76029000,-0.006825781018315102,-0.006849183214543818,0.007935465192822795,0.009783089582665546,0.02128647768979685,-0.014431762927449632,0.05930244336455748,-0.02739057058746497,604.1658325195312,-0.052335403615017095
2025-05-27,584.4501342773438,584.6082943415249,571.8742669840636,579.4276923460704,72588500,0.020790561118512407,0.020577387012457326,0.011656241020441518,0.010511181946175435,0.021440639527061305,0.0011685978101834138,0.07356887283705538,-0.0022073990172781777,604.1658325195312,-0.03263292490402481
2025-05-28,581.06884765625,586.0517646206928,580.3372442209068,584.8554566278126,68445500,-0.005785415081261958,-0.005802215424402607,0.011496570008895195,0.010685548752186897,0.02145378052877157,-0.010888686546211335,0.0669510006848717,-0.008480513627905362,604.1658325195312,-0.03822954496940134
2025-05-29,583.3626098632812,586.4769332279744,579.4277368161022,586.3385054465637,69973300,0.003947487834330188,0.0039397169478358725,0.011653664676459766,0.010663132404600675,0.021359980104499462,-0.008069169588827418,0.06445739731621858,0.01158037707348658,604.1658325195312,-0.034432967798749936
2025-05-30,582.7100830078125,584.430352826958,576.6297607292682,582.2552747565533,90601200,-0.0011185613277848727,-0.0011191873844055738,0.011611814419241655,0.0106869623005903,0.021271744248639302,-0.005836095529735186,0.06284498603412603,-0.005077613792468072,604.1658325195312,-0.035513013740354316
2025-06-02,585.9924926757812,586.0715425417425,578.429170462151,581.0985818518681,61630500,0.005633006470431523,0.005617200418764615,0.009305639906645265,0.010663574620576662,0.021161462829415386,0.016899495379208096,0.06131046276531649,0.018368692513974105,604.1658325195312,-0.030080052306106664
2025-06-03,589.3341064453125,590.3128764026674,585.1421107506463,585.6266079138771,63606200,0.005702485631296383,0.005686288008741855,0.009328022504167756,0.010332692037127863,0.021111778634535776,0.022294904443830088,0.0517503684146261,0.03644420629121692,604.1658325195312,-0.024549097740874437
2025-06-04,589.1759643554688,591.1730898063917,588.7409487228937,590.1943197189499,57314200,-0.0002683402981673577,-0.00026837630786721444,0.008441441283010553,0.010183840047198066,0.021073507994234453,0.02904461472252895,0.05753222807849778,0.02514777362267262,604.1658325195312,-0.024810850526834294
2025-06-05,586.3285522460938,592.2111289512687,584.3512195951713,590.8566609128592,92278700,-0.004832872149647116,-0.00484458823974022,0.004768783674442994,0.01001988980507753,0.020954487159170008,0.003213991850772091,0.061291928424714426,0.038630194985205035,604.1658325195312,-0.029523815007961196
2025-06-06,592.3494873046875,594.0203356126545,590.0952993819595,591.8748864905677,66588700,0.010268875761770158,0.010216509050123456,0.005108351005859967,0.010146434744780563,0.020979908373819064,0.01941360252565283,0.06770005815384961,0.043447380440195804,604.1658325195312,-0.019558115634521145
2025-06-09,592.8834228515625,594.4356362447949,591.7069074945726,592.9229477814916,53016400,0.0009013860201088075,0.000900980015689671,0.005120234367812423,0.010119306897519074,0.020681957797105938,0.01632057459169789,0.06126777651565596,0.07296723572424124,604.1658325195312,-0.018674359026425114
2025-06-10,596.2449340820312,596.6304681071312,592.3001649023746,593.4173023897237,66247000,0.005669767615193333,0.005653754979559288,0.005000429997409565,0.010090052750465069,0.02065186103024598,0.02322741869225098,0.0686464971549623,0.08809588730441531,604.1658325195312,-0.013110470687274334
2025-06-11,594.54443359375,598.2025114763902,592.4781545343917,597.3423765043648,73658200,-0.0028520166647609813,-0.0028560914136342855,0.005355415019812991,0.0074887208872203475,0.02065348892992811,0.014593942797660242,0.03150997839455538,0.07926555994024542,604.1658325195312,-0.015925096071152334
2025-06-12,596.9072875976562,596.9072875976562,592.7252483956809,593.2096852350186,64129000,0.003974226097154476,0.003966349722052468,0.005198337463767543,0.007420878847693041,0.020569080852216415,0.0128504036496766,0.028815306334563973,0.0981940719907497,604.1658325195312,-0.012014159906403421
2025-06-13,590.2338256835938,595.0288334634262,588.731033484191,591.7168252456129,89506000,-0.01118006439646746,-0.011243031070609706,0.0071896303869087835,0.007911192441434343,0.020486588779758216,0.001795493014183469,0.01601466448076505,0.06393975373926142,604.1658325195312,-0.02305990522144785
2025-06-16,595.8494262695312,597.5993850121447,593.4172853343232,593.5952983788304,79984100,0.00951419647871532,0.009469221553216311,0.0075267523171878474,0.00809350700451034,0.020497104860577032,0.016238121078984147,0.020695692613504235,0.06584310471116894,604.1658325195312,-0.013765105211789974
2025-06-17,590.7578735351562,594.9300168530282,589.9965810836336,593.4074922933922,82209400,-0.0085450325365789,-0.00858175064837527,0.007577523358659038,0.008253546515121193,0.020477663118042163,-0.0026869505311356567,0.005604238778950998,0.06828190745118201,604.1658325195312,-0.022192514476464642
2025-06-18,590.6688232421875,594.4059506456396,589.7097855095001,591.6574895866379,76605000,-0.00015073907087492788,-0.00015075043315051226,0.007558752752688593,0.00825201868451902,0.020441052710171045,-0.0037353036432078435,0.004354078287477581,0.056613410465513825,604.1658325195312,-0.02233990826832699
2025-06-20,589.2816162109375,594.4180406328666,587.8735160730708,593.3471074282096,94051400,-0.002348536060589046,-0.002351298196901591,0.007057090729591017,0.008232840391147614,0.020439466134284708,-0.011678619763561326,0.005375622437889582,0.0571890969733404,604.1658325195312,-0.02463597824875774
2025-06-23,595.1022338867188,595.4889076465048,586.9116980815279,590.0351674928282,87426000,0.009877480504495662,0.009829017063755472,0.008238554055252137,0.0074827192912714875,0.02046914932137826,0.0009381978224858312,0.032708044731329045,0.06727946142541175,604.1658325195312,-0.01500183913912323
2025-06-24,601.6764526367188,602.737399696003,598.3347417480489,599.2470472798032,67735300,0.011047208993087754,0.01098663429244116,0.009165473244228218,0.007755837531733988,0.02039713983841441,0.007989791946177549,0.043704691324249145,0.06008532414766732,604.1658325195312,-0.004120358598286078
2025-06-25,602.0136108398438,603.4910690166892,600.4468830082857,602.7969444947229,62114800,0.0005603646306042709,0.0005602076849731048,0.007439866010365681,0.007495472563260865,0.020396602054062702,0.019957827972002296,0.051466627465206694,0.058135725228182666,604.1658325195312,-0.0035623028709057536
2025-06-26,606.7236938476562,607.1599955272326,603.2531315625092,603.8679120398481,78548400,0.007823881259497956,0.0077934334109692775,0.007211470472594111,0.006353511759000438,0.020344769147680925,0.018250026095025573,0.0381102822362307,0.07929938096879141,606.7236938476562,0.0
2025-06-27,609.7380981445312,611.2056913389495,605.692457719191,607.7252035075089,86258400,0.0049683312642012645,0.004956029834652175,0.005277187855921233,0.006141235604346161,0.020342855755516965,0.03212860202064749,0.049338818633831716,0.08755007899747191,609.7380981445312,0.0
2025-06-30,612.6533813476562,614.0118537505704,609.867018033134,612.1873634601734,92502500,0.004781205589738269,0.004769811928816336,0.004859275992083366,0.006155003382690961,0.02015608854391326,0.037219770606471636,0.050210231148067,0.11520813869684021,612.6533813476562,0.0
2025-07-01,612.455078125,613.625146088841,610.3429883405835,611.1758893553448,70030100,-0.0003236793082248557,-0.0003237317036786633,0.004367321589871797,0.00613499436036774,0.0201486464324952,0.039324936119791376,0.051045959190633594,0.10741347807987744,612.6533813476562,-0.0003236793082248557
2025-07-02,615.2315063476562,615.2711481262035,611.4237773441516,612.0484833566157,66510400,0.0045332765158159205,0.004523032166475909,0.003926228918914709,0.006110586426761487,0.02015117438452319,0.0338248981682856,0.0498965669992848,0.10930050463503793,615.2315063476562,0.0
2025-07-03,620.0803833007812,621.0124795190609,617.194824993195,617.214676143094,51065800,0.007881385954874975,0.00785049006139128,0.0031973365783385193,0.006188552982320598,0.02015769690306878,0.03058775290841309,0.0521712158166463,0.11101236074612841,620.0803833007812,0.0
2025-07-07,615.4595947265625,618.7814549531971,612.6732314169623,618.1170465947881,74814500,-0.007451918652258582,-0.007479822911334436,0.005424867875414591,0.006534763356637861,0.01910726989373462,0.022335016425892418,0.04461083269044552,0.15989368311268715,620.0803833007812,-0.007451918652258582
2025-07-08,615.1224365234375,616.8775081543645,614.3093261623386,616.1238907210633,59024600,-0.0005478153334741442,-0.0005479654391165573,0.0051442569773452506,0.006372313780970893,0.01744174034529005,0.013842780100640217,0.0491087874998426,0.23134484638499098,620.0803833007812,-0.007995651710431262
2025-07-09,618.8110961914062,619.4655183729625,615.6875662931247,617.5319680301938,66113300,0.005996626767211355,0.005978718557821743,0.0052573446248554935,0.006170340319130438,0.0174316144668453,0.014880156044840609,0.044672291364890926,0.2409391141740127,620.0803833007812,-0.0020469718822878624
2025-07-10,620.5563354492188,621.5974919629854,617.7699723301522,618.9499658515675,57529000,0.0028203102183428364,0.0028163406054207227,0.00514317421141922,0.006165887691321317,0.017257247619399573,0.01289955191984471,0.04667513297059167,0.2642403838531733,620.5563354492188,0.0
2025-07-11,618.3748168945312,619.6043777491163,616.3024294765994,617.5022136064131,63670200,-0.0035154238705955576,-0.003521617492822476,0.005496709427340234,0.006232335546578515,0.011430576019909393,0.009665588515739287,0.03711542278605817,0.1400668953375137,620.5563354492188,-0.0035154238705955576
2025-07-14,619.5547485351562,619.901780492049,616.5700558274259,617.9186024028506,51898500,0.0019081172266208757,0.0019062990833984936,0.00533348668773791,0.006142296912268848,0.009800204949575855,0.007027016891844706,0.042066351189649964,0.19458819256778814,620.5563354492188,-0.0016140144848210136
2025-07-15,616.9072875976562,622.5791484786782,616.8279435196437,622.2420420602726,74317300,-0.00427316705062708,-0.004282323121872532,0.004660857599451805,0.006270870972615032,0.009650295027131653,-0.005117232843642183,0.033506040913812596,0.16863168906752124,620.5563354492188,-0.005880284581932349
2025-07-16,618.9697265625,619.4754466932056,612.8516386863737,618.4937831556223,88987500,0.0033431911185151097,0.003337615079474222,0.0037628968936061344,0.005551805543961327,0.0096071559013273,0.00570326933890275,0.04868562191539105,0.16127276924599032,620.5563354492188,-0.0025567523786058644
2025-07-17,622.757568359375,623.1145864157634,618.9300491320286,619.1482301954767,68885700,0.006119591369857513,0.006100942713355944,0.004180032663629328,0.0053773471929474456,0.009594677393983467,0.012412377410731201,0.04515929847966649,0.1716607486081787,622.757568359375,0.0
2025-07-18,622.301513671875,624.175571102461,621.1909387049365,624.007017899032,65621600,-0.0007323149660010131,-0.0007325832395875651,0.0038031267999986094,0.004846724949851543,0.009066521129518256,0.0056405218037478555,0.05339520901847372,0.1974191299552086,622.757568359375,-0.0007323149660010131
2025-07-21,623.4815063476562,626.2281670376054,623.0551302914085,623.4815063476562,63375000,0.001896175165666536,0.0018943796948635745,0.0037371813505443006,0.004811388187591881,0.009065480360088184,0.00471378782446874,0.05555174374255878,0.1979803568731242,623.4815063476562,0.0
2025-07-22,623.5707397460938,624.4334174667899,620.9232136557434,623.8087114591411,60046300,0.0001431211632245688,0.00014311092236799798,0.0032809583375829738,0.0047132667447899405,0.00840530532433708,0.008402546011909706,0.058188008232183286,0.22736652520000322,623.5707397460938,0.0
2025-07-23,628.8757934570312,628.8757934570312,624.4334327911965,626.2381323551606,70511000,0.008507541122114937,0.008471555947003452,0.00430612342229286,0.004617574872353382,0.007917018280318832,0.015044747770738942,0.05675253367766975,0.20641997789606048,628.8757934570312,0.0
2025-07-24,629.083984375,630.7994747941685,628.6576082944551,629.2624631630094,71307100,0.00033105252282705777,0.0003309977370316064,0.003423925969920717,0.004217040457290437,0.007760385718762725,0.019738292969048832,0.045551943437662556,0.18840447698053442,629.083984375,0.0
2025-07-25,631.7413940429688,632.2173979677802,629.5004535059064,629.748350781943,56865400,0.004224252618048929,0.004215355509912938,0.0034631405241972307,0.004224556753413322,0.007402563342373479,0.020633751429811165,0.049380583209162054,0.16882230643649732,631.7413940429688,0.0
2025-07-28,631.582763671875,632.6734874729789,630.1945147233831,632.1181999979412,54917100,-0.0002511001694515125,-0.0002511317003774528,0.003318396670064511,0.004061590085229256,0.007385593068501021,0.014171157061566575,0.04097263725860145,0.16014618858273355,631.7413940429688,-0.0002511001694515125
2025-07-29,629.9169311523438,633.2982235137306,629.0046860832861,632.9809077241022,60556300,-0.0026375522185667633,-0.0026410366877477926,0.0036436692286835382,0.004115109833417824,0.007408575673220282,0.012237504349835504,0.03309426304378538,0.1566452112382617,631.7413940429688,-0.002887990098209281
2025-07-30,629.1236572265625,632.3165451544952,626.2281734095909,630.5713386132512,80418900,-0.001259331011043141,-0.0012601246347007209,0.0038130758035045255,0.004089703011839908,0.007404615349159115,0.009049427804134647,0.026883514202886705,0.1479572386690926,631.7413940429688,-0.004143684173762097
2025-07-31,626.763671875,634.4682782312485,625.4646925404661,634.0816044685715,103385200,-0.0037512265266995692,-0.0037582800219577626,0.0042661553713953596,0.004222799457276807,0.0074394436290115004,0.005120400822858251,0.023362682849826344,0.14319735577966752,631.7413940429688,-0.0078793668024707
2025-08-01,616.4907836914062,621.0719812920488,614.0812292944926,621.0322789916852,140103600,-0.016390369519761472,-0.01652617763451541,0.0065018068672929525,0.005613764396115994,0.007769045035817427,-0.01969388851420506,0.002046834940599318,0.11654693039230524,631.7413940429688,-0.02414059058875795
2025-08-04,625.8612670898438,625.9108344398344,620.3183179857707,620.4075271113948,73218000,0.01519971367995021,0.015085355384855111,0.009458815463628567,0.006304783930224001,0.0077788145307768515,-0.00512287288375024,0.00932279740618469,0.11693827158342196,631.7413940429688,-0.00930780697382172
2025-08-05,622.688232421875,627.2892207726588,621.7660617410078,626.476110377079,68051400,-0.005069869050569054,-0.005082764440420212,0.009304244953180284,0.006175404388189751,0.007768899151595178,-0.014330486661885522,0.01174510521446015,0.11768455210447959,631.7413940429688,-0.014330486661885522
2025-08-06,627.457763671875,628.1121858315174,622.8468502662965,623.7590952688204,64357500,0.007659581475386812,0.0076303958197283745,0.010009028422421568,0.006357852695008125,0.0076929193820725736,-0.006531210535287935,0.020053450201157563,0.1357384140025384,631.7413940429688,-0.006780670716667325
2025-08-07,626.9321899414062,631.6223868787783,623.8185857342208,630.8886206499576,74205800,-0.0008376240775045396,-0.0008379750805715818,0.009979810305818747,0.006261614858964528,0.007696380611119234,-0.0047383092330560705,0.013123704148136461,0.13003480209758722,631.7413940429688,-0.007612615141117995
2025-08-08,631.82080078125,632.2868791777582,628.4097315038053,628.727047311219,64051600,0.007797670813968871,0.007767426102698934,0.010460975383319788,0.006439944559999868,0.007705774698310696,0.004287143749414302,0.01815220422151831,0.13096610658540242,631.82080078125,0.0
2025-08-11,630.5713500976562,633.5758942477272,629.3219380955197,632.0984361099556,58742300,-0.001977539647394999,-0.001979497560583303,0.010357335981488225,0.006396095811443685,0.007711080272367591,0.006075141865298894,0.01972352830339341,0.13016954269908565,631.82080078125,-0.001977539647394999
2025-08-12,637.2844848632812,637.4431125105409,631.434084195598,632.9214680410968,64730800,0.010646114455700184,0.010589843604162286,0.007467951189823163,0.006736696939721883,0.006706064454210211,0.03372913549066703,0.028616900072260476,0.10566219792696585,637.2844848632812,0.0
2025-08-13,639.4659423828125,640.7549961752953,637.2745085703324,639.4857330110176,60092800,0.0034230513551560815,0.003417206050253846,0.005886972362801134,0.006622956313659695,0.006679842160733069,0.021737525564137217,0.03656733392306566,0.10216839879921924,639.4659423828125,0.0
2025-08-14,639.5254516601562,640.1897994624859,636.9374184340268,637.3835851461316,59327500,9.306090191762983e-05,9.305657202052432e-05,0.004941525910224991,0.00662141196904584,0.0066823374853513815,0.02703956548655939,0.03320958072023039,0.10086411337550771,639.5254516601562,0.0
2025-08-15,638.0281372070312,640.6558727131268,637.11589211782,640.5566774831647,68592500,-0.002341289856780615,-0.002344034961438168,0.005092915778369566,0.0065885681485972035,0.006686164945943722,0.016846350698250356,0.02452088842193567,0.09294822265860647,639.5254516601562,-0.002341289856780615
2025-08-18,637.8892822265625,638.5834067295413,636.7787072305159,637.4529805837014,43804900,-0.00021763143719111255,-0.00021765512234882508,0.005032246158229538,0.006582072830460058,0.006659616159790572,0.01747731646413042,0.025048578883750894,0.08583261402866449,639.5254516601562,-0.002558411755695378
2025-08-19,634.4286499023438,638.6924711313014,633.1098193903536,637.7108075589789,69750700,-0.005425130066677664,-0.005439899526511449,0.005186788215348497,0.006735430146412776,0.006713765932446325,0.0041275138739800266,0.017558088641338676,0.07876186593747914,639.5254516601562,-0.007969662105834274
2025-08-20,632.742919921875,634.2798709561484,627.6263466835007,634.0221086228163,88890300,-0.0026570836306466505,-0.002660619942930772,0.005249058168517757,0.006777725851991528,0.006706576772613751,0.003443813017959707,0.014709125350423014,0.07952511916121008,639.5254516601562,-0.01060556967775772
2025-08-21,630.2044677734375,632.604096553562,628.4791123479844,630.9283690027011,54805800,-0.004011822287558586,-0.004019891234610142,0.0029474089302371975,0.006606694017229267,0.006332715390477444,-0.011109664926744034,0.0021127770065727525,0.09362255195153835,639.5254516601562,-0.014574844304510837
2025-08-22,639.8823852539062,641.0623787509013,631.8901792096084,632.3958993542917,84083200,0.0153567897013831,0.01524006767331853,0.006998390050272572,0.007396937590276164,0.006568984570644873,0.0006512354192655945,0.0171652770490327,0.1099790335130284,639.8823852539062,0.0
2025-08-25,637.0662231445312,639.8625116828326,636.9472372936925,638.6230253017661,51274300,-0.004401062092461827,-0.004410775275590772,0.007203742084155944,0.007438787867095419,0.006525310910875714,-0.0038453958466251326,0.008428811459519903,0.11268891775933798,639.8823852539062,-0.004401062092461827
2025-08-26,639.733642578125,640.0807351008626,636.1738713484165,636.7985773675441,51581600,0.004187036349890816,0.004178295104639576,0.007350972800340399,0.007481509548314081,0.0060613437188431485,0.002673088021728276,0.012905480287116688,0.09459063324390837,639.8823852539062,-0.0002324531495303539
2025-08-27,641.1912841796875,641.9250504526357,638.9998504138363,639.148612992103,48341100,0.0022785132820093423,0.002275921406955702,0.007376266751927289,0.007450760898944728,0.0059907407163230664,0.005176449965735852,0.017898158423395483,0.1034686969813341,641.1912841796875,0.0
2025-08-28,643.4619750976562,644.0172625669782,639.9121297324674,641.7961126896905,61519500,0.003541362732142783,0.0035351068723046006,0.0068851535112864565,0.007455759523718014,0.005988371950944983,0.014238520276004252,0.02279093737199922,0.10302231274037266,643.4619750976562,0.0
2025-08-29,639.6245727539062,642.3911452321481,637.7306640961879,642.0242015644989,74522200,-0.0059636816039791984,-0.00598153537129435,0.007358434973095082,0.007542862787622263,0.006054275184475233,0.010875906494348442,0.020519537835420598,0.09767205237347976,643.4619750976562,-0.0059636816039791984
2025-09-02,634.884765625,635.1028861742022,629.5797276837342,632.13804448044,81983500,-0.007410295555874247,-0.007437888193564877,0.00788157802625722,0.006717357638834875,0.006133108695805672,0.007426633879791922,0.02983658867283423,0.0834349817793143,643.4619750976562,-0.013329784516566856
2025-09-03,638.3256225585938,638.7917009543937,635.0732414506999,637.2646148509236,70820900,0.005419655849209892,0.005405022362943885,0.005380462176856596,0.006016919135082015,0.0061299303780792845,-0.002432888810800393,0.019915524612518887,0.08313029159093377,643.4619750976562,-0.00798237151198089
2025-09-04,643.6602783203125,643.6900550422279,638.09747828346,638.999797688006,65219200,0.008357264025116162,0.008322535450544438,0.005908721379913437,0.006057768293174449,0.006190662304008962,0.010350658905181387,0.03367984941174984,0.09247545260005152,643.6602783203125,0.0
2025-09-05,641.796142578125,646.7243720544352,637.9190556866993,646.0004708304714,85178900,-0.002896148488535144,-0.002900350441516548,0.00597542323084534,0.005966735202052559,0.00616384268822224,0.003223998024690644,0.02285154433717107,0.09460155081915644,643.6602783203125,-0.002896148488535144
2025-09-08,643.3727416992188,644.3742563254497,641.7861629025881,643.1644862104067,63133100,0.002456541908713472,0.0024535295419670193,0.005984749120402586,0.0059567239367951256,0.006061386270980026,0.003402194592089902,0.026223811795896168,0.0861370786808604,643.6602783203125,-0.0004467210899576912
2025-09-09,644.8601684570312,645.3856792185645,641.7762803015634,643.5115612591451,66133900,0.0023119206976098816,0.0023092523208794106,0.005898053627920796,0.005772679928345623,0.00606238078860505,0.002172923052932152,0.020637762573910257,0.08766773298446884,644.8601684570312,0.0
2025-09-10,646.724365234375,649.0446498954948,645.1576374702139,648.122479271532,78034500,0.0028908542790047065,0.0028866837953472123,0.0052370039285446765,0.005745278241291001,0.006040534749219676,0.011099937030093487,0.025616474859216476,0.08466223906801162,646.724365234375,0.0
2025-09-11,652.0988159179688,652.7929404681626,648.092817304151,648.6778210448584,69934400,0.008310264731785644,0.008275924601042638,0.003945666077848852,0.005573727889624222,0.006080098745548497,0.02711366097440182,0.023246024980297042,0.09680417319918178,652.0988159179688,0.0
2025-09-12,651.8805541992188,653.5662677492645,651.3748946038203,652.0689585463732,72780100,-0.0003347065098450175,-0.0003347625365709058,0.004154584218247466,0.005556035473972763,0.006075890508907281,0.021235136365501006,0.019414031293279344,0.09209682599589408,652.0988159179688,-0.0003347065098450175
2025-09-15,655.3511352539062,655.4800466805781,653.7943936028013,654.0918582328915,63772400,0.005323952420932088,0.00530983028777682,0.0036293402261253624,0.005633324112823518,0.0058764932947349335,0.018163085912497268,0.024745979308044452,0.11032459804365713,655.3511352539062,0.0
2025-09-16,654.4487915039062,656.213849113272,653.6654579201036,655.9063983981582,61169000,-0.0013768859187989202,-0.001377834697222049,0.0032754263564311456,0.005607054202261976,0.005802019968935317,0.019714435918787077,0.025736567620287865,0.09834592877138681,655.3511352539062,-0.0013768859187989202
2025-09-17,653.6357421875,656.1543568928759,648.7967821934204,654.4587781451693,101952200,-0.0012423421464923257,-0.0012431144932423498,0.003619840101805597,0.005624674044929933,0.005669396470965828,0.015951873343554412,0.02468525557597423,0.1064359384261373,655.3511352539062,-0.0026175175018834373
2025-09-18,656.6898803710938,659.2977648370164,654.7166275252608,656.3229972048737,90459200,0.004672538520265945,0.004661656098012296,0.003732704488782219,0.005461301947584821,0.005677624690444301,0.018344615612354565,0.03508862733764717,0.11177339065657121,656.6898803710938,0.0
2025-09-19,659.9423217773438,660.7874850308027,656.6311583459587,658.5800832029405,97945600,0.004952781371340809,0.004940556697161345,0.0038387582044458984,0.005412939410396374,0.005668180914448601,0.020438315383677352,0.042986497357927034,0.11990991000322127,659.9423217773438,0.0
2025-09-22,663.0645751953125,663.5119788762895,658.4209716621773,658.4508309420254,69452200,0.004731100453688075,0.004719943972387415,0.0031799900771125756,0.005259864071859817,0.0055866093570353095,0.016816100581178217,0.05214197788532404,0.11420279985292536,663.0645751953125,0.0
2025-09-23,659.4551391601562,663.5617612775759,658.2320617574377,662.9452156846509,81708900,-0.005443566388828813,-0.005458436585496771,0.004298854953295471,0.0046253663592748795,0.005529211027641916,0.01161959029479287,0.030588049237335158,0.09602949603600863,663.0645751953125,-0.005443566388828813
2025-09-24,657.3569946289062,660.8471316064555,655.9350982101993,660.7477220570149,68082200,-0.003181633452613686,-0.003186705609680798,0.004292569292291577,0.0045554167227260635,0.005559174943451301,0.003060739910403676,0.03185033321060504,0.09193045272158429,663.0645751953125,-0.008607880408518342
2025-09-25,654.3242797851562,655.6765652531099,650.7048739536411,654.2149171420698,89622100,-0.0046134974884720625,-0.004624172513464782,0.004678438700017028,0.0046987971688686545,0.005548637205841376,-0.00019025433367192424,0.022807362683367804,0.07845512944390154,663.0645751953125,-0.01318166546234456
2025-09-26,658.072998046875,658.619871988132,654.1553026157394,655.7760789419195,69179200,0.005729144366994232,0.005712795234045289,0.00509757372092399,0.004801826931310984,0.005557758977655265,0.00678857591924964,0.02632867021700891,0.07927157586089773,663.0645751953125,-0.007528040759781418
2025-09-29,659.9224243164062,661.5134019828115,658.112721358766,660.5985670660314,73499000,0.0028103664411398555,0.0028064247447203627,0.004918071723723961,0.004787007007782781,0.005542956488464412,0.004922481740522233,0.025581075270612263,0.07715462675611473,663.0645751953125,-0.004738830871760413
2025-09-30,662.4082641601562,662.8756347075731,657.8641309647478,659.1766647693167,86288000,0.0037668667591119753,0.0037597898827210047,0.004765708820899305,0.004521001403659762,0.005548828608875851,0.0037366028839782572,0.035620412937162005,0.0815622040200652,663.0645751953125,-0.0009898146571364341
2025-10-01,664.6654052734375,665.5801794564833,659.3059076216911,659.4152702620313,72545400,0.0034074772846366397,0.003401684988263315,0.0045950300359969415,0.004022526618130253,0.0055399242501655305,0.0024142898565400195,0.046907157425837065,0.080350077029129,664.6654052734375,0.0
2025-10-02,665.4309692382812,666.7733621981591,663.004842335434,666.6540464714482,56896000,0.001151803537192908,0.001151140720406421,0.003818851218490948,0.003958657616599598,0.005474343241134255,0.009061768910824552,0.04246319702950574,0.07313662415200439,665.4309692382812,0.0
2025-10-03,665.421142578125,668.8714672806448,664.377038831869,666.1966948783695,70494400,-1.4767362221612679e-05,-1.4767471260179647e-05,0.0033600414131716994,0.0036983379646079685,0.005365271117768389,0.01226753197289887,0.03380799622216757,0.08117762446088683,665.4309692382812,-1.4767362221612679e-05
2025-10-06,667.8074951171875,668.7024238148077,665.669704301124,667.8174482099862,54623300,0.003586228910336109,0.003579813724412676,0.0018726704185918583,0.0035735055829405004,0.005368160768202457,0.020606319753958102,0.04052899482158567,0.08564971047311576,667.8074951171875,0.0
2025-10-07,665.3316040039062,669.1796881705657,663.8898014056139,668.7322238208072,72020100,-0.003707492250961897,-0.0037143820348426687,0.002718593965295875,0.003773065796367886,0.005371013101872919,0.011030092373603528,0.034130855849894504,0.07517723599143511,667.8074951171875,-0.003707492250961897
2025-10-08,669.2990112304688,669.398481470165,665.6299006256374,666.4552183740389,60702200,0.005963052412792269,0.005945343779221919,0.0031800303469345106,0.003889535709268297,0.005401141468869878,0.014208619935556,0.03789789472020377,0.07854673781706745,669.2990112304688,0.0
2025-10-09,667.3600463867188,670.1243359074817,665.4211353124821,669.7166839203261,66501900,-0.0028970083792374535,-0.002901212830195306,0.0035468805441387376,0.004010086111006602,0.005392960889389476,0.007475423382346635,0.0319080001645915,0.07921608085237142,669.2990112304688,-0.0028970083792374535
2025-10-10,649.32275390625,670.1342452495495,649.14378031214,668.324542434099,159422600,-0.02702782789908964,-0.027399797306962,0.01100886368872027,0.007176080383424535,0.006460401830205196,-0.023083270538017064,-0.0042571186206048495,0.04804741702242743,669.2990112304688,-0.029846536434430915
2025-10-13,659.2860107421875,661.3642043859337,656.0345659370097,656.9095884512618,79560500,0.015344074693208754,0.01522754489520044,0.013073858546337719,0.007934533714619005,0.006682557120375905,-0.009234554416858387,0.011360143350288565,0.068695449051285,669.2990112304688,-0.014960429225605587
2025-10-14,658.4805908203125,662.0602448848334,649.4718888267987,653.4492417720955,88779600,-0.0012216548034567065,-0.0012224016319925188,0.013062798930840442,0.007866651186611107,0.006682338877033743,-0.010430314448563904,0.004775234829178743,0.06383327416873752,669.2990112304688,-0.01616380754883706
2025-10-15,661.4039306640625,666.4352795829697,655.1992699391986,663.0446129876665,81702600,0.004439523175783,0.004429697562726796,0.013121185111771683,0.007908544487893314,0.006664927068481265,-0.009588937680313547,0.010627476512216516,0.06205683281617835,669.2990112304688,-0.011796043971276093
2025-10-16,656.8995971679688,664.9239136533134,653.3895542222015,663.0445999065358,110563300,-0.006810261153983976,-0.006833556809050219,0.013267618098127572,0.008062888262872664,0.006733718606315682,-0.012673389908422261,0.0049933851070409485,0.05559697788930085,669.2990112304688,-0.018525970985231788
2025-10-17,660.62841796875,661.9906565438909,654.4138037793879,655.7660892614911,96500900,0.0056763938002961645,0.005660343785832389,0.013240278295580013,0.008093223200802288,0.006759697761767371,-0.01295473789178081,0.0059975609726627965,0.059579813102556445,669.2990112304688,-0.01295473789178081
2025-10-20,667.499267578125,668.4041493887289,663.4921159142255,663.5418206897375,60493400,0.010400475399621634,0.010346762560389149,0.013987049449213746,0.008333025506805997,0.006862897833637383,0.0002086148131881238,0.011450918590020231,0.07044674329959433,669.2990112304688,-0.002688997924911063
2025-10-21,667.4893188476562,669.1797060532549,666.1867381348511,667.638493864759,56249000,-1.4904481475785936e-05,-1.4904592548673624e-05,0.007448708107210138,0.008278872920738603,0.006798308971032968,0.02797771190385423,0.00667317153995195,0.06140087723580567,669.2990112304688,-0.002703862328267137
2025-10-22,664.0191040039062,668.1953369980629,659.5445816579371,668.1953369980629,80564000,-0.0051989069274410715,-0.005212468267243702,0.006156972447318363,0.008270480671872225,0.006842238871222409,0.007179119812341428,0.006920811701554674,0.05553331589519739,669.2990112304688,-0.007888712127118946
2025-10-23,667.9566650390625,668.9012985038863,664.019063764971,664.3372592841532,65604500,0.005929891190499692,0.00591237858353294,0.006310817604332571,0.008314205858607772,0.0068590333834403355,0.01439081781734064,0.016124678822562855,0.057326101055886314,669.2990112304688,-0.0020056001411662416
2025-10-24,673.4155883789062,674.628651928334,671.8246714345047,672.6300829996666,74356500,0.008172571104630766,0.008139356488562998,0.006691620918002356,0.008366323318524152,0.006917917354789066,0.018160850212643576,0.029177136144204363,0.0662349055630096,673.4155883789062,0.0
2025-10-27,681.3603515625,681.658640907831,678.2580209918731,678.8645527756448,63339800,0.011797712023148943,0.011728661579555206,0.005992832737395342,0.008624022836450257,0.007032189528633939,0.0372366713269221,0.035387188936091496,0.08166699109999764,681.3603515625,0.0
2025-10-28,683.1700439453125,685.0095454543999,680.9526890414517,683.1600908523567,61738100,0.002655998956591077,0.0026524780243792965,0.006065468640340404,0.00862308857425366,0.0070267633339387275,0.03412149002895126,0.03522780674256931,0.08590741438179084,683.1700439453125,0.0
2025-10-29,683.4982299804688,685.795149064121,679.0038013689816,684.8206562449755,85657100,0.0004803870398957244,0.00048027169098161166,0.005691802995414763,0.008613246143106124,0.006997539697318543,0.023968509299482132,0.03183831929852454,0.0905198572465824,683.4982299804688,0.0
2025-10-30,675.9810180664062,682.0564104652303,675.9810180664062,680.0279821977349,76335800,-0.010998143937076876,-0.011059070654489161,0.007883136150986372,0.009020210672735417,0.006806796585064244,0.012721850341230745,0.017024524976312794,0.09649817312561604,683.4982299804688,-0.010998143937076876
2025-10-31,678.1983032226562,681.2012239761448,675.3942622450203,681.1614116072222,87164100,0.0032800997320787673,0.003274731939679319,0.007248198322991322,0.009035794291437721,0.006581395514398893,0.021353601324498372,0.019186564158547803,0.08362402162410754,683.4982299804688,-0.0077541192139795045
2025-11-03,679.4711303710938,681.9171636388411,676.0903560257897,681.7878948104295,57315000,0.0018767772528909266,0.001875018306885159,0.0071404676972204656,0.009035181151589883,0.006531004303715465,0.01723834184865547,0.021114429485262765,0.09118993260619068,683.4982299804688,-0.0058918947156455515
2025-11-04,671.4169921875,676.1103005794487,670.7607556049009,672.2820616639051,78427000,-0.011853539942447533,-0.011924353295924664,0.008377840312814851,0.009436450977492702,0.0066904622275492705,-0.002967849610100992,0.005404996345060642,0.07005926304644983,683.4982299804688,-0.01767559484874448
2025-11-05,673.7437133789062,677.0051112074705,670.3529860359731,671.1583975728993,74402400,0.003465389196996238,0.003459398571762206,0.006800264881403847,0.00941395389099634,0.006692352277858999,-0.011178575574770755,0.012643483827277535,0.07466760231577041,683.4982299804688,-0.014271458467187581
2025-11-06,666.514892578125,673.5448715272548,664.9338680034818,672.6399897028363,85035300,-0.010729333212666003,-0.010787307565268271,0.007274459860286286,0.009644016256247676,0.006802388403958583,-0.02437921790452613,-0.0041597531232345775,0.0549112845825519,683.4982299804688,-0.024847668446528415
2025-11-07,667.1710815429688,667.2805048704689,657.4663915648358,664.1284090392404,100592400,0.0009845075813768034,0.0009840232716329205,0.007322732904065204,0.009625993522483582,0.0067926067281183665,-0.0238876235831168,-0.0002831527670454914,0.05804217308579651,683.4982299804688,-0.0238876235831168
2025-11-10,677.5818481445312,678.3176487268574,671.2081667723378,673.4056154266486,75842900,0.015604343307994428,0.015483847432383142,0.009357646121066914,0.007990630001977767,0.006934374686093071,0.00236815832891879,0.043520874739531035,0.06323292695552629,683.4982299804688,-0.008656030954325322
2025-11-11,679.1329956054688,679.6997756663966,674.8871520395073,676.1002762110339,58953400,0.0022892399865568347,0.0022866236688574054,0.009313776683143146,0.00739087349796687,0.006929447458568182,0.0013781992351957761,0.030103755486846406,0.06203153380592363,683.4982299804688,-0.006386606699954056
2025-11-12,679.5109252929688,681.0819968300743,677.0946904605516,680.9129156193362,62312500,0.0005564884786124491,0.0005563336963194146,0.009288295886255387,0.0073690166274255585,0.0069287372714466585,5.8567494770844775e-05,0.03193766796749076,0.06252366270804921,683.4982299804688,-0.005833672294387582
2025-11-13,668.235107421875,677.0051787486752,666.7237544337754,676.6472315164618,103457800,-0.016594019980226582,-0.016733243059015003,0.010405999124966989,0.008320891698724166,0.007263745122572833,-0.004739059038792459,0.010328297793685381,0.04734426031283645,683.4982299804688,-0.022330888200002952
2025-11-14,668.1256713867188,671.8345335183507,659.5147291242073,661.612768198211,96846700,-0.00016376876033719068,-0.00016378217190490574,0.01025718159789623,0.00815274059523415,0.007263631297229859,-0.008338544583981866,0.01708948257412235,0.04740068535814812,683.4982299804688,-0.02249099985846237
2025-11-17,661.901123046875,669.8956413839408,658.4209391867944,665.9083353081996,90456100,-0.009316433429244597,-0.009360102835536118,0.010049058818893664,0.008361728516798665,0.0073332984331703766,-0.00692223021964844,0.001926506707111031,0.04330269944265597,683.4982299804688,-0.03159789738476848
2025-11-18,656.3427734375,661.354216097308,652.146634691611,658.3512953245886,114467500,-0.00839755277010068,-0.008433010863377237,0.010368849683532943,0.008211550820742214,0.007410932398929821,-0.016230182040303798,-0.016713867239291358,0.03729769669890404,683.4982299804688,-0.039730105144156314
2025-11-19,658.8783569335938,663.5617119214406,655.0203196831769,657.0388554539629,94703000,0.00386320014283692,0.003855757148191913,0.007561602045407963,0.008272764704097931,0.007398146711878695,-0.02760329436532949,-0.01290052390490437,0.045499342874326665,683.4982299804688,-0.03602039034918714
2025-11-20,648.8355712890625,671.7351497651099,648.1991802397498,669.1001291109939,165293500,-0.015242245459799575,-0.015359602533844793,0.008033065305505809,0.008824699715345809,0.007427004058249611,-0.044611916240934746,-0.022866108253949302,0.013991924518446552,683.4982299804688,-0.050713604177726634
2025-11-21,655.2987670898438,660.7874729698119,647.1650267848305,651.3412595795126,123956200,0.009961222976632822,0.009911937023691694,0.009959672361639652,0.009025994415140086,0.007502050636703787,-0.03563174233392352,-0.01895017837493773,0.028619542651810104,683.4982299804688,-0.04125755072025694
2025-11-24,664.9437866210938,666.2662734630499,657.8442577670318,658.9380055466532,80437900,0.014718507062180475,0.014611241086193577,0.010935108777926451,0.009456710979229292,0.0077007833078895065,-0.004925393419510038,-0.012580346971483691,0.03940725071354989,683.4982299804688,-0.02714629320972084
2025-11-25,671.1982421875,672.3815071629971,660.717877921785,664.8444060411854,81077100,0.009405991442055894,0.009362030553383407,0.011585459862897024,0.009313761131375343,0.007777176021735006,0.0045987917129481914,-0.014914441898029707,0.046798761536819944,683.4982299804688,-0.017995639569279076
2025-11-26,675.8318481445312,677.8404309302599,672.8885849296569,673.7934667684052,71879600,0.006903483450626968,0.006879763512976049,0.010843418343014307,0.009435021828699463,0.007808070723528832,0.021046534916771442,-0.010741389886481434,0.050305805625829425,683.4982299804688,-0.0112163887186022
2025-11-28,679.5208129882812,679.7991961322198,676.6471609574353,677.0051081523229,49212000,0.005458406338614941,0.0054435632273936016,0.009603379636914785,0.009522269307037468,0.007780824130108113,0.035313925114753175,-0.0058192059872651525,0.062374464543476726,683.4982299804688,-0.0058192059872651525
2025-12-01,676.41845703125,679.1230277654502,674.8970904760725,674.9667014318244,61201200,-0.004565505423429594,-0.004575959173217758,0.010275959747207734,0.009258523575961809,0.007739427375677702,0.026621150798286308,0.0006471172313313733,0.06541925976970475,683.4982299804688,-0.010358143794199859
2025-12-02,677.67138671875,679.9483994968172,675.4838303983408,678.0591325179204,62953800,0.001852299674079072,0.0018505862825212542,0.006229200349316283,0.009239006292816477,0.007719862454192722,0.044442408378440934,-0.0007769357449030068,0.061639017406895036,683.4982299804688,-0.00852503050649489
2025-12-03,680.0180053710938,681.0321891246488,675.8417725523884,676.7167950740063,57238500,0.0034627677932603795,0.003456786217426821,0.0060656314506317985,0.009261538032126428,0.0076688754119679904,0.03772208879779693,0.0008048539158702628,0.056485895239115846,683.4982299804688,-0.0050917829143090065
2025-12-04,680.51513671875,681.4895687361658,677.4824173401821,681.4199577792665,61970300,0.0007310561539983773,0.0007307890626128348,0.004573688696097628,0.008848769812599144,0.007653503800216081,0.023417543574295152,0.01355066171561714,0.06032911632202875,683.4982299804688,-0.004364449139544924
2025-12-05,681.8078002929688,684.4925257185774,680.7040993957534,681.5890143183475,79241000,0.0018995368427094927,0.0018977350040129193,0.0037071748159610593,0.00883069051304498,0.007652067761641769,0.015806891971127834,0.011969071850214563,0.059739954932250816,683.4982299804688,-0.00247320272877416
2025-12-08,679.7594604492188,682.7524282821314,677.7111260885928,682.7027235077143,55231500,-0.0030042775146746914,-0.003008799415334641,0.0035205464927296854,0.008489277696858932,0.0076661104394377235,0.005811522963101945,0.01987137574655362,0.054119162105626284,683.4982299804688,-0.005470050056101572
2025-12-09,679.1727905273438,681.5095218770947,678.7253868572307,679.2822138612034,58310100,-0.0008630551776172002,-0.0008634278241621205,0.002890932363347942,0.008498707560933995,0.007664706708043156,-0.0005121586481023899,0.017988952633586353,0.05017350054719105,683.4982299804688,-0.0063283842786960864
2025-12-10,683.6771850585938,685.0692222502689,677.4526176554032,678.6955405173951,85671300,0.006632177546088913,0.006610281415951135,0.0030803933327931427,0.007928040846490809,0.007641088168464948,0.010731120583553855,0.00899572048860775,0.04842574218781803,683.6771850585938,0.0
2025-12-11,685.26806640625,685.3476304583654,678.3076987410943,681.2609148661827,86173700,0.002326948130527251,0.002324244979309141,0.003093863139938282,0.007928480946097613,0.007642185020563197,0.011209975566893515,0.009033680943909328,0.051217223756651276,685.26806640625,0.0
2025-12-12,677.9000854492188,684.9797692517327,675.3247225627367,684.2737672143002,113160300,-0.01075196892753394,-0.010810189042095767,0.005440700586735617,0.008296951573494561,0.007756966288887574,-0.0031145056530073045,-0.0023705871146302293,0.0344074328742503,685.26806640625,-0.01075196892753394
2025-12-15,676.8758544921875,681.8774049984522,675.4042533093998,681.8574988128718,90811000,-0.0015108877827512135,-0.001512030324677354,0.005426739592540789,0.007400317414840275,0.007757526217345876,-0.005347834354001435,0.012930699052388084,0.034268629233380477,685.26806640625,-0.012246611691792086
2025-12-16,675.0264282226562,677.2239376857725,671.1584377196804,675.3843754405706,122030600,-0.00273229759527871,-0.002736037133594218,0.0053309340045775986,0.007435376035628456,0.00776539134241316,-0.009946163812438957,0.010328531190269441,0.0327256982055002,685.26806640625,-0.014945447899395004
2025-12-17,667.5986938476562,676.5874893555698,667.3998140691156,676.0406154817738,110625200,-0.011003620102041367,-0.01106460773219221,0.0064651806794306,0.00755508087395762,0.00788116412789814,-0.017889808541283192,0.008607888100497618,0.016611819068078182,685.26806640625,-0.025784613970496584
2025-12-18,672.6399536132812,676.8857972779194,671.0788959983324,673.7635606688432,108650100,0.0075513325776148665,0.007522963990016468,0.007527667303200761,0.007423228661897194,0.007912685870201476,-0.009618814247534968,0.024830288128910416,0.019240517567869375,685.26806640625,-0.01842798958835823
2025-12-19,678.7363891601562,679.2350273728672,674.6275542880097,674.747283458469,103599500,0.009063445479451815,0.009022618958016409,0.007998974070678618,0.007601292100154209,0.00797013826105491,-0.007226796515103939,0.03013914786787253,0.023635426399046366,685.26806640625,-0.009531565187836377
2025-12-22,682.96484375,683.4933686131409,678.7364013691785,682.0772531068674,69556700,0.006229892278320159,0.006210566721978087,0.008396345957170433,0.006626366513583484,0.007967734883103095,-0.003361053533880276,0.05260080361058472,0.035650195432223475,685.26806640625,-0.003361053533880276
2025-12-23,686.0863037109375,686.325640311278,682.0074163952171,682.0572680421344,64840000,0.004570454818432879,0.004560042005282501,0.007171059872154937,0.006422735595350287,0.007968446581573878,0.012075847809185802,0.04698244246333627,0.04370427228548723,686.0863037109375,0.0
2025-12-24,688.4996948242188,688.9484813838191,685.9267046355759,686.0763204450832,39445600,0.0035176203055324873,0.0035114479496600164,0.007042025886537028,0.0057630973579167405,0.0079466415704187,0.01717278028886371,0.03542541291020118,0.05223008849722621,688.4996948242188,0.0
2025-12-26,688.4298706054688,689.7761694005526,687.392725060237,688.758988861415,41613300,-0.00010141503224314619,-0.0001014201750952399,0.00678442198997614,0.005492485028603678,0.007922694788600101,0.019856174250989955,0.025672934365574607,0.04612994705555651,688.4996948242188,-0.00010141503224314619
2025-12-29,685.9765625,687.322922191004,684.2014421207446,685.6674092439482,62559500,-0.003563628207054803,-0.0035699930558561223,0.004429718576218322,0.005425670630584977,0.007936607847585765,0.02752831726860383,0.015010707742348472,0.03948060745258419,688.4996948242188,-0.003664681833828509
2025-12-30,685.138916015625,686.6846823672308,684.7100944386586,685.5777200962995,47160700,-0.0012211007345822589,-0.0012218468855631148,0.004463803992326148,0.005329161685952493,0.007929848371882646,0.018581950618903775,0.008267742385457577,0.03431516948884705,688.4996948242188,-0.004881307622731423
2025-12-31,680.062744140625,685.4879304984822,679.8533550408816,685.2685588951464,74144800,-0.007408967373390696,-0.0074365500962735335,0.0048405116707635745,0.005495318168665638,0.007984258643073377,0.0019541533379547893,0.005387622220377475,0.023165548778416145,688.4996948242188,-0.01225410954720585
2026-01-02,681.309326171875,684.999261161205,677.9684744567207,683.842447277036,89377200,0.0018330397334518356,0.0018313617663269853,0.004181531563803545,0.005495042540158899,0.007985761216517579,-0.0024240158088297825,0.00536829431553798,0.02386176428152975,688.4996948242188,-0.010443532083452167
2026-01-05,685.846923828125,687.5522884526621,684.5106074856512,684.6701449336617,71927200,0.006660113816063129,0.006638033243240065,0.004639915034872195,0.005630571776591942,0.008024276763346496,-0.0003489063715712559,0.008571711941436577,0.03069602082503997,688.4996948242188,-0.0038529733797064702
2026-01-06,689.92578125,690.4344019511112,685.9067890249802,686.0563439630641,69273800,0.005947183373089304,0.005929568682081867,0.0050253080965728695,0.005758502686652167,0.00804435464602742,0.0020712956541619754,0.013828707141806396,0.0331207515557026,689.92578125,0.0
2026-01-07,687.701904296875,692.0699799720542,687.4426026835383,690.3047811958188,75588300,-0.0032233567922274053,-0.0032285629973805552,0.005202935361574949,0.005812073944856546,0.008040452887963113,-0.0010574298700222196,0.008644817500435664,0.03362278322320211,689.92578125,-0.0032233567922274053
2026-01-08,687.632080078125,688.7390423054183,685.6175622141362,686.9439569075789,64019200,-0.00010153268198576093,-0.00010153783677743937,0.004983103431726343,0.005760702525172824,0.008010935049264074,0.0024133733842035543,0.011581478577294968,0.02739144767889612,689.92578125,-0.003324562198153136
2026-01-09,692.1796264648438,693.4162394407576,687.3029303433501,688.7489932725086,80125500,0.006613342394092614,0.006591570183952557,0.00542987827862475,0.005897481023214305,0.008036208129739486,0.01027632540589507,0.019150996799210507,0.03719068921267521,692.1796264648438,0.0
2026-01-12,693.2666625976562,694.1941832506386,688.7490319805348,688.7988836287034,63976000,0.0015704538117717881,0.0015692219387488094,0.003796498714920347,0.005754055015754279,0.0072155687453163255,0.019415735637329457,0.0140263237513778,0.06767652669961866,693.2666625976562,0.0
2026-01-13,691.8804931640625,694.194181802135,689.467040360938,693.595779418591,78309700,-0.0019994751058702853,-0.002001476724789629,0.004206200276898948,0.005769543488933816,0.006989324476323001,0.015515958150146725,0.009649401572861871,0.04943906269933129,693.2666625976562,-0.0019994751058702853
2026-01-14,688.479736328125,689.8360176539858,684.1714948792828,689.1180078469732,94676700,-0.0049152373416185835,-0.004927356850498766,0.004434075431216593,0.005325225010139994,0.007021889203936261,0.003838775692547758,0.015606504713590041,0.04555813174453727,693.2666625976562,-0.006904884552784818
2026-01-15,690.3546142578125,693.5558934557131,689.3673203481677,692.678285342935,77862000,0.0027232143965294497,0.0027195131661778946,0.003918177354473828,0.005315441971794646,0.007010592148352786,0.0006215639703093245,0.019913193351736913,0.04377156265866611,693.2666625976562,-0.004200473637275937
2026-01-16,689.7761840820312,692.359156800422,688.22043529661,691.7707369284135,79289200,-0.0008378739908954103,-0.0008382252035026964,0.003677790788267289,0.005265614966661046,0.006947432346736468,0.003016248424202228,0.021850634645833145,0.050048115504713886,693.2666625976562,-0.005034828160561222
2026-01-20,675.7345581054688,682.9049778344743,674.7272992054969,679.6338820353151,111623300,-0.020356785723545046,-0.020566840670864645,0.008704426773873957,0.00656962246246952,0.007411386723798934,-0.017302162475177907,0.012186758801042696,0.02286631898634628,693.2666625976562,-0.02528912096608693
2026-01-21,683.5332641601562,686.8641332264262,676.2830453044572,677.7989248999835,127844500,0.011541079202094462,0.0114749889632404,0.009702346574926437,0.006833175312326198,0.007437591807682641,-0.012491500723369908,0.016194860992657878,0.024020995019525815,693.2666625976562,-0.014039905512013395
2026-01-22,687.103515625,689.2476843606095,685.0491285530771,687.9711412752974,77112200,0.005223230019727687,0.005209636268787033,0.010004443069683427,0.006649544942999589,0.007462070156172166,-0.008890009148230349,0.01232750534444893,0.02938503467172393,693.2666625976562,-0.008890009148230349
2026-01-23,687.352783203125,689.0781127396581,685.2884137823622,686.2757685331861,63059600,0.0003627802397405677,0.00036271445090017455,0.010014064793101612,0.006523443768744776,0.007426528582191361,-0.006544063614558171,0.006424839423698314,0.0351400721131685,693.2666625976562,-0.0085304540281399
2026-01-26,690.84326171875,692.2394730275811,688.0409174669724,688.609372319757,60473800,0.005078147060609828,0.005065296757285074,0.010057525233966363,0.006540880005882121,0.007417393648951791,0.003432962897688796,0.0069334688392448385,0.034263595046767126,693.2666625976562,-0.0034956258675785667
2026-01-27,693.5957641601562,694.6329705879123,691.6810104865692,692.2893344912051,55506100,0.003984264729684606,0.003976348566725876,0.010114419477278664,0.0065529624020202355,0.007366677536671874,0.004694905828692475,0.007401701662683502,0.02996689730605895,693.5957641601562,0.0
2026-01-28,693.5259399414062,695.9393926651097,692.0499903412962,695.1515053497095,61172200,-0.00010066990364987483,-0.00010067497120472829,0.010099400056903116,0.00655295971369235,0.007223373543335335,0.005436192124210981,0.007402452382630598,0.017854852210006156,693.5957641601562,-0.00010066990364987483
2026-01-29,692.1497192382812,695.1615135683285,682.9648421722587,694.4933553961189,97486200,-0.0019843824489698125,-0.0019863539443873905,0.004531677537248099,0.00651448691270013,0.007222690248475747,0.024292321498008196,0.008999078213085765,0.013144129155767903,693.5957641601562,-0.0020848525850297728
2026-01-30,690.0853271484375,692.3192774332931,685.2485609149509,689.9058246991844,101835100,-0.0029825802604032114,-0.0029870370168700792,0.0033864017854222796,0.006548292070624381,0.0072339460043418635,0.00958558029554224,0.007219574041390064,0.009637328787460042,693.5957641601562,-0.005061214605267095
2026-02-02,693.5159912109375,695.0318708971434,687.5423149981101,687.7019133171445,79286500,0.004971362130935519,0.004959045712933714,0.00333963582405064,0.006368413814135993,0.007114816803565268,0.009332619379926577,0.019782361533880133,0.025940037776043923,693.5957641601562,-0.000115013604956693
2026-02-03,687.6520385742188,695.0617950648859,682.1670182684101,694.3138377504575,107904600,-0.00845539643070059,-0.008491346084250548,0.005011262991572155,0.006685171005254281,0.007192240367942228,0.00043537376789126725,0.009309592807105638,0.013939485408088315,693.5957641601562,-0.008569437550032477
2026-02-04,684.3211059570312,689.5667896413613,679.9031787408285,688.4697490630058,105204600,-0.004843921678897134,-0.004855691490926631,0.004756338191094356,0.006622996967954021,0.007217448751700029,-0.009440861803431733,-0.0022247207329840757,0.007137868511482903,693.5957641601562,-0.01337184954460513
2026-02-05,675.7744750976562,681.8279505601881,673.9494421186707,679.0854402743204,113610800,-0.012489211256201727,-0.012567856956365418,0.005668307897612503,0.006994895368397032,0.0072349074303466165,-0.025694056946958144,-0.020511345621415322,0.006489980088170588,693.5957641601562,-0.025694056946958144
2026-02-06,688.739013671875,690.4244132010324,678.995603890688,679.6039887472712,89127600,0.019184711840951385,0.019003005567205973,0.010410868619733518,0.008232498992532027,0.007613022423799662,-0.006902303135100762,0.0015080798359288217,0.022256683060930538,693.5957641601562,-0.007002278184559119
2026-02-09,692.0599975585938,693.9747512796714,686.4652913399738,687.5423060693106,73885200,0.004821832103010459,0.004810244305276485,0.010613239014529681,0.008296208514031428,0.007498320527337751,-0.00012962756061829506,0.006439370135211897,0.03832638289845036,693.5957641601562,-0.002214209891293173
2026-02-10,690.2349243164062,694.64286887948,689.7761552680904,693.0572335194393,65185700,-0.002637160432080843,-0.00264064386524897,0.010597691811628202,0.008191299995971098,0.0075093936184060526,0.00021678068216135493,-0.0028095339332213642,0.03456960802332398,693.5957641601562,-0.004845531096660416
2026-02-11,690.075439453125,695.2413241987686,687.3029816841566,694.4933668556342,76353900,-0.00023105881441631837,-0.000231085512616827,0.010377537761193068,0.00818233764622646,0.007258797119510748,-0.004961027289082431,-0.004603168328581986,0.01843849764099459,693.5957641601562,-0.005075470308406271
2026-02-12,679.41455078125,693.4561594586687,678.5169776231163,692.3491972008484,118829000,-0.0154488742279012,-0.015569451553392327,0.011525732229846482,0.008831813030241106,0.007520329979063495,-0.011979151272565658,-0.018017479183152108,0.0004145803216795141,693.5957641601562,-0.020445934233865537
2026-02-13,679.8931884765625,684.410879804094,675.6747287653898,679.833354327075,96267500,0.0007044854938154099,0.0007042374603937072,0.011461152982340773,0.008786808251442018,0.007520518788694456,-0.006470525959120121,-0.012471751016750687,0.0005625563465796457,693.5957641601562,-0.01975585260412538
2026-02-17,680.9901733398438,683.074507822494,673.9394826742099,678.287593220413,81354700,0.0016134664707250224,0.0016121662321053362,0.010254419701789008,0.008769391216664818,0.007214733629773006,0.007718104832878936,-0.013564682156917751,0.019087692005855805,693.5957641601562,-0.018174261539177672
2026-02-18,684.4208374023438,687.2730943282486,680.9702998190471,682.157061237011,73570300,0.005037758541617032,0.005025111493454597,0.0069763827635960915,0.008855185887918202,0.0072387630696313845,-0.006269684428808153,-0.007763890379622884,0.024389372708585988,693.5957641601562,-0.013228060538867381
2026-02-19,682.61572265625,684.311104689823,679.6937101433548,681.9775120282383,58649400,-0.0026374339404172664,-0.0026409180968155325,0.0065152654182149316,0.007608275260783415,0.007142306542999409,-0.013646612917464829,0.010183236106902305,0.031295610308109456,693.5957641601562,-0.015830606343453457
2026-02-20,687.5523071289062,688.1805961724377,679.8732661615737,680.4616860592505,100034000,0.007231864589122949,0.0072058400517004155,0.007353777667939986,0.007349600488687419,0.007099070330445233,-0.003886527750181279,0.00587980597211768,0.04755066248075046,693.5957641601562,-0.008713226555770226
2026-02-23,680.531494140625,688.1207533479937,678.5169762252317,685.9566804858357,90558100,-0.010211314710874664,-0.010263807839928392,0.008203870730574296,0.00760062416540823,0.007220342219503776,-0.013830292699684277,-0.009564820052473388,0.03286363405197368,693.5957641601562,-0.018835567768136774
2026-02-24,685.4779052734375,686.4751816677359,678.1479481229125,680.0427976196477,73798700,0.00726845293039502,0.007242165031108853,0.006234924616031233,0.007783821151094039,0.006979760968712536,0.008924381270926984,-0.0027276792580229747,0.05647399064693159,693.5957641601562,-0.011704020275481786
2026-02-25,691.26220703125,691.7907319065998,688.2204651135966,688.3002642742074,56369500,0.008438348943581309,0.008402945104341215,0.006776273766899937,0.00792880248354894,0.006950436364655019,0.016721771518497075,0.0006064259951783502,0.05488098215279491,693.5957641601562,-0.0033644339390276334
2026-02-26,687.422607421875,691.4117130049051,682.486077089091,691.391808867856,71671000,-0.005554476391621099,-0.005569959857260949,0.007424081572133956,0.007965816970326514,0.006765889601290191,0.009445707638458423,-0.008900222661763268,0.03380559568051189,693.5957641601562,-0.008900222661763268
2026-02-27,684.1216430664062,684.9892686841309,679.7835149777827,681.2295779636313,83308900,-0.004801943258527341,-0.004813509630285336,0.00754391292270914,0.008022975526218432,0.006702446547893392,-0.00043714965937191597,-0.013560122748681236,0.019254223367432655,693.5957641601562,-0.013659427556080517
2026-03-02,684.5106201171875,686.744509644098,676.1734035367807,676.8515442239554,87477200,0.0005685787823312971,0.0005684172026597193,0.0074566157890468086,0.00802059851536648,0.00664946962624051,0.002775935856800915,-0.011036772693487018,0.012841614369733412,693.5957641601562,-0.01309861523443634
2026-03-03,678.4771118164062,680.7508704958498,667.8361281509542,673.221445388408,105003100,-0.00881433848279567,-0.008853414553509194,0.007479895634279504,0.008209664766509426,0.006711120752651956,-0.013199279848825407,-0.01682142030174527,-0.0015359370190373145,693.5957641601562,-0.021797498088899747
2026-03-04,683.2639770507812,685.2186606854194,677.7689744100875,679.7735096903759,79182200,0.007055308353084655,0.007030536114047319,0.0071094782063862005,0.00829475738224644,0.006743297600969341,0.004015218889475314,-0.014782664408725998,0.01012024427833591,693.5957641601562,-0.014895977806158145
2026-03-05,679.4544067382812,683.6629449535216,673.7699188745959,680.2223290726917,106606500,-0.005575546846393831,-0.005591148225550186,0.006748126283313739,0.008182764832843697,0.006778470908371926,-0.008787297867395849,-0.0119211917889962,0.002631098279306965,693.5957641601562,-0.020388471430470956
2026-03-06,670.5487060546875,674.2685275228549,667.9358467743081,671.5758690877306,100687000,-0.013107135070836495,-0.013193791611277716,0.006506935368610199,0.008588730565628805,0.006963425507119118,-0.02996475254378561,-0.02012563953158053,-0.013925071456363458,693.5957641601562,-0.033228372052380384
2026-03-09,676.4227294921875,678.0681991431876,660.5859743093405,664.5750801817165,102667700,0.008760025013039074,0.008721878607696682,0.00810647382093386,0.00840896631275179,0.007053604275778753,-0.01600162376233405,0.0009592762355186135,-0.006013690226340795,693.5957641601562,-0.02475942840966283
2026-03-10,675.3356323242188,681.4987932365287,672.9222404542279,675.87413967305,81505300,-0.0016071269053671289,-0.001608419719141641,0.008029974225989835,0.007181421582784971,0.007051637476729821,-0.012842760978597823,-0.019460755208564162,-0.009492657558286877,693.5957641601562,-0.02632676377147125
2026-03-11,674.4879760742188,678.2277626375325,671.5061293267642,675.7345715953234,68441700,-0.0012551629285171284,-0.0012559513052689201,0.007969021268813234,0.007060288822797526,0.007043564524989557,-0.01464205776858929,-0.025390893197648312,-0.007754926090350223,693.5957641601562,-0.02754888232207453
2026-03-12,664.2459106445312,669.8207124533001,664.0564256954588,669.3319958917509,108882200,-0.015184948869363502,-0.015301420789775961,0.00914377314444807,0.007690791672236628,0.007295242303355874,-0.020975211873802913,-0.03765241768607108,-0.021978029878409133,693.5957641601562,-0.042315502821969275
2026-03-13,660.4862060546875,670.5088831921612,659.5587462493693,667.4472371497842,97200200,-0.005660109501006372,-0.005676188622551868,0.008008655479853277,0.007726662107761306,0.007270468231206123,-0.03333670698462843,-0.04287825896526121,-0.033920949112728804,693.5957641601562,-0.047736101943413156
2026-03-16,667.2078857421875,670.239584206393,665.3030536555561,666.5596317087426,82023100,0.010176866111483163,0.010125430484197413,0.009774312471235115,0.007526751396660071,0.0073864152808603865,-0.01802405117200301,-0.017966446295602956,-0.026354913572400163,693.5957641601562,-0.03804503975009221
2026-03-17,668.9630126953125,672.60309589337,667.8760155087483,670.5586914524959,87128000,0.00263055486997521,0.002627101016221855,0.008692430565523398,0.007558130349348438,0.007275414773060304,-0.0023647698445423693,-0.016076313112860063,-0.013183466038338088,693.5957641601562,-0.03551456444471002
2026-03-18,659.6285400390625,667.8959397089973,659.3892034355257,666.5396583763402,82062600,-0.013953645387120184,-0.014051912692600945,0.008978934398601934,0.008061940265086102,0.00747806965690596,-0.02482794962513002,-0.03136848979187967,-0.02548076480887984,693.5957641601562,-0.04897265219349067
2026-03-19,658.0029907226562,661.1743225351036,653.3855958813168,655.1806813207687,111272500,-0.0024643404851918405,-0.0024673819700690397,0.008953822551856309,0.007923455138686752,0.007476787437635606,-0.0256652259586998,-0.03859883457077962,-0.025218920012987756,693.5957641601562,-0.05131630738921489
2026-03-20,648.5700073242188,656.6900024414062,644.719970703125,656.510009765625,163617500,-0.01433577587250423,-0.01443952585884218,0.009699072782334263,0.008380186538151499,0.007564439949157226,-0.03842613904083603,-0.04987537526904562,-0.028503181175755565,693.5957641601562,-0.0649164241803829
2026-03-23,655.3800048828125,662.6199951171875,653.9400024414062,658.0700073242188,134802700,0.01050001924493782,0.010445276906504148,0.010283705066629949,0.00859557534771047,0.007623516509152315,-0.013347324567065777,-0.046792515874813145,-0.025660011180947406,693.5957641601562,-0.05509802863865165
2026-03-24,653.1799926757812,657.030029296875,649.8800048828125,651.3200073242188,96457500,-0.0033568497522664664,-0.0033624966130463346,0.010178623731843308,0.008405961413423407,0.007535351488310075,-0.011061871257764477,-0.04019138232446273,-0.03765290456284154,693.5957641601562,-0.05826992258713204
2026-03-25,656.8200073242188,660.8900146484375,654.239990234375,658.6699829101562,90653800,0.0055727589473859585,0.005557288574735996,0.00941518221115159,0.008321022001247175,0.007526220810631845,-0.015569178122667893,-0.04180717967530567,-0.03828137958350253,693.5957641601562,-0.05302188787220696
2026-03-26,645.0900268554688,654.8499755859375,644.8200073242188,652.0599975585938,96494400,-0.017858744158138706,-0.018020135919566853,0.010752676275939342,0.008644293588090783,0.00780349060438762,-0.03568655573894486,-0.0667940178215094,-0.05975381906580279,693.5957641601562,-0.06993372770005435
2026-03-27,634.0900268554688,642.6599731445312,633.1099853515625,642.5,103649400,-0.017051883523327982,-0.01719894102480063,0.011229688746760834,0.009146981127653749,0.008040377936256055,-0.03871650729679066,-0.07758339628431188,-0.079026422782426,693.5957641601562,-0.08579310944428897
2026-03-30,631.969970703125,640.3699951171875,629.280029296875,640.1099853515625,99275900,-0.0033434623831846144,-0.003349064243429706,0.01119401765348538,0.009144515950348837,0.008043126764458057,-0.03956368038835245,-0.07623157795377478,-0.08201256556849823,693.5957641601562,-0.08884972579331007
2026-03-31,650.3400268554688,651.5399780273438,637.97998046875,638.9400024414062,152534100,0.02906792569891481,0.028653466042465783,0.016414521598277665,0.011599406932766725,0.008901560075052375,0.002729110984568184,-0.04991974157518375,-0.051950077586697785,693.5957641601562,-0.062364477322124245
2026-04-01,655.239990234375,658.52001953125,653.0,653.9000244140625,97841500,0.007534463782890022,0.00750622148232205,0.016149671157006742,0.011693633736135784,0.008963133998873397,-0.00021363887728398367,-0.03424893954023189,-0.0436392169271671,693.5957641601562,-0.055299896434956586
2026-04-02,655.8300170898438,658.2000122070312,645.1099853515625,646.4199829101562,68358700,0.0009004744280911581,0.0009000692442135715,0.016078651141734616,0.011542182288207307,0.008923395760783218,0.004057112042281874,-0.04015133371929336,-0.03563307541777405,693.5957641601562,-0.05444921814948123
2026-04-06,658.9299926757812,659.719970703125,655.52001953125,655.8599853515625,39105800,0.004726797348638012,0.004715661120724013,0.016038953886856725,0.011596350945682982,0.008943215779158653,0.0032124255169361238,-0.03020719839176167,-0.03284753728800138,693.5957641601562,-0.04997979122082763
2026-04-07,659.219970703125,659.6099853515625,651.0599975585938,656.6500244140625,69980400,0.0004400741058487867,0.0004399773016391101,0.013881202561930338,0.011284900461055292,0.008897215271383414,0.021903832425581804,-0.016894724051019994,-0.03882346366209377,693.5957641601562,-0.049561711926910834
2026-04-08,676.010009765625,677.0800170898438,671.4600219726562,676.3900146484375,93606100,0.025469554638327674,0.025150609779818547,0.012813735629651494,0.012511450037898691,0.009451266949435305,0.06611045929557147,-0.0006101505886302316,-0.02016995430894397,693.5957641601562,-0.02535447201847474
2026-04-09,679.9099731445312,681.1599731445312,673.77001953125,674.8400268554688,57134400,0.00576909117108837,0.005752513692051993,0.011738046247579147,0.012566166357277538,0.009473967403224705,0.07585803861545592,0.00677343324025359,-0.011330390542266144,693.5957641601562,-0.01973165310805569
2026-04-10,679.4600219726562,682.030029296875,678.4500122070312,681.3200073242188,42253500,-0.0006617805145495703,-0.0006619995879319516,0.008978786742460025,0.012562933772484481,0.009474196722820842,0.04477656904802374,0.007371585669142311,-0.011884346792750411,693.5957641601562,-0.020380375599058476
2026-04-13,686.0999755859375,686.2999877929688,676.5800170898438,677.4099731445312,54185800,0.009772397784351794,0.009724956729963633,0.009068990478882034,0.012187304717498654,0.009518801808409211,0.04709722515642567,0.032900563768922364,-0.008783342714024589,693.5957641601562,-0.010807142952055204
2026-04-14,694.4600219726562,694.5800170898438,687.6599731445312,687.6900024414062,63480500,0.01218488075237012,0.012111242670247968,0.008881594645267525,0.012276620311113316,0.00964190706507722,0.05890246538916877,0.051437585836812794,0.0017213569314418198,694.4600219726562,0.0
2026-04-15,699.9400024414062,700.280029296875,694.2000122070312,695.260009765625,58240400,0.007890994867038925,0.0078600237887659,0.008752392499611863,0.012214781854339132,0.00968802813602066,0.06223727895446318,0.049058348078137914,0.01164870141154939,699.9400024414062,0.0
2026-04-16,701.6599731445312,702.780029296875,698.530029296875,701.0599975585938,49972400,0.002457311622604319,0.002454297369362188,0.008463743831781247,0.01221464421978418,0.009669385180639263,0.06437912127592194,0.048877082631937574,0.019143972031334666,701.6599731445312,0.0
2026-04-17,710.1400146484375,712.3900146484375,705.760009765625,706.1400146484375,70661900,0.012085685130224011,0.012013236382059651,0.004865623736098935,0.01179164955465053,0.009777833826465182,0.05048742531881367,0.07657563544231083,0.028659764100940954,710.1400146484375,0.0
2026-04-20,708.719970703125,709.9099731445312,706.1400146484375,708.780029296875,43546800,-0.001999667552905704,-0.0020016695574076216,0.005972288416252273,0.01178015926890583,0.009781484209904205,0.04237325336669162,0.07707712684522683,0.02746367163474117,710.1400146484375,-0.001999667552905704
2026-04-21,704.0800170898438,711.280029296875,702.6400146484375,710.280029296875,58941400,-0.006546949154936255,-0.006568474427903533,0.007321814461195181,0.011299780681880355,0.009456401712270647,0.03623464857536285,0.08558830833797049,0.0419476237294214,710.1400146484375,-0.008533524986046315
2026-04-22,711.2100219726562,711.4500122070312,708.219970703125,709.1500244140625,42518500,0.010126696838070659,0.01007576539985774,0.007360452958244234,0.011289296937596402,0.009431887049950032,0.03659823244458571,0.08518724506986852,0.04049072556330646,711.2100219726562,0.0
2026-04-23,708.4500122070312,712.3599853515625,702.280029296875,709.5,56174000,-0.0038807239498251933,-0.0038882734971482065,0.0073136151736204955,0.01130684104044638,0.009430803228791014,0.020145134049092572,0.08461682867050757,0.03106736626520412,711.2100219726562,-0.0038807239498251933
2026-04-24,713.9400024414062,714.469970703125,709.010009765625,710.75,45182000,0.007749297960024215,0.007719426373887486,0.0072976006012872695,0.011332541159370015,0.009474512839981209,0.020001714362899214,0.0869644567465071,0.03868060170554988,713.9400024414062,0.0
2026-04-27,715.1699829101562,715.6300048828125,712.2999877929688,713.1699829101562,33135900,0.0017228064887020444,0.0017213241598695744,0.007309558558844568,0.010188472334298612,0.00945861744408856,0.019254354363523296,0.10863593163313445,0.03521308311075333,715.1699829101562,0.0
2026-04-28,711.6900024414062,712.8800048828125,709.25,711.8200073242188,43117400,-0.004865948728146163,-0.004877826001792575,0.006460250487247266,0.009167223051386304,0.009473154171391199,0.0021826509716342812,0.12238006008510394,0.02608758475213513,715.1699829101562,-0.004865948728146163
2026-04-29,711.5800170898438,712.2000122070312,708.3699951171875,711.0,41859200,-0.00015454109399481997,-0.0001545530367001282,0.006386606524518941,0.009037998328562022,0.009473207376147822,0.004035509799281245,0.12597124875750865,0.026032302627300163,715.1699829101562,-0.005019737833101279
2026-04-30,718.6599731445312,719.7899780273438,710.4500122070312,714.6300048828125,67240900,0.009949627427204177,0.009900455774975739,0.006356427782757313,0.0073772088670930516,0.00954276470106616,0.020707811187356873,0.10505265471572445,0.03830132870013281,718.6599731445312,0.0
2026-05-01,720.6500244140625,724.8699951171875,720.469970703125,721.25,43049800,0.0027691138283709726,0.002765286895853703,0.005525901133981985,0.007361967491277916,0.009535044239396278,0.013273157224673149,0.09982607159903467,0.0442911855435677,720.6500244140625,0.0
2026-05-04,718.010009765625,722.1199951171875,714.989990234375,720.0700073242188,51950600,-0.0036633796697419507,-0.003670106278149628,0.005488500394744084,0.007540803721854134,0.009535193846076503,0.013494244327572957,0.09481114169140437,0.03531860673020515,720.6500244140625,-0.0036633796697419507
2026-05-05,723.77001953125,725.0399780273438,721.489990234375,721.77001953125,36933200,0.008022185884992261,0.007990179213504577,0.005537477119697745,0.0075832149625653916,0.009508871624104909,0.01376868792367536,0.09840199653405746,0.05252362958440204,723.77001953125,0.0
2026-05-06,733.8300170898438,734.5900268554688,727.8200073242188,728.1599731445312,53288900,0.013899439445017592,0.013803728106156042,0.007130756349444886,0.007788349561022047,0.00962018582660553,0.026091746893174284,0.11317928719170856,0.0723474852694681,733.8300170898438,0.0
2026-05-07,731.5800170898438,736.1300048828125,729.75,735.0499877929688,51724600,-0.0030661051573263043,-0.0030708152880456166,0.006794593294886435,0.006437646839063563,0.009476816063773461,0.027947581925003906,0.08220293563920023,0.08258012702258855,733.8300170898438,-0.0030661051573263043
2026-05-08,737.6199951171875,738.0800170898438,734.5700073242188,734.9299926757812,47227100,0.008256073001242203,0.008222178062143842,0.006687462963774175,0.006498489894351774,0.009241339230250696,0.036594588664588645,0.08487891669797376,0.07097170404898834,737.6199951171875,0.0
2026-05-11,739.2999877929688,740.7899780273438,736.4500122070312,736.4500122070312,44024000,0.002277585595431564,0.0022749958288905154,0.006395246528456912,0.0064264185799253965,0.009230502338388326,0.028720139453608517,0.08806988473962152,0.06825996358845376,739.2999877929688,0.0
2026-05-12,738.1799926757812,738.8400268554688,731.8300170898438,736.8900146484375,54185300,-0.0015149399914519135,-0.0015160886733100647,0.00673644884760694,0.006395564947791833,0.009224273431787751,0.02432521705105306,0.07590732975229564,0.0694619566039183,739.2999877929688,-0.0015149399914519135
2026-05-13,742.3099975585938,743.9099731445312,735.469970703125,738.469970703125,44200200,0.005594848036780231,0.005579255007885031,0.005970381166355645,0.0061036194365958404,0.009239819305651369,0.033843522322064556,0.06890241924944318,0.0756939823084617,742.3099975585938,0.0
2026-05-14,748.1699829101562,749.530029296875,743.5599975585938,743.6500244140625,45307600,0.007894256268722755,0.007863259651000725,0.005958992148577365,0.006103744921116178,0.009026972955527414,0.03371231568103483,0.06890587807601056,0.10119805654713354,748.1699829101562,0.0
2026-05-15,739.1699829101562,743.4600219726562,737.9600219726562,741.7899780273438,60290000,-0.012029351892724582,-0.012102290069018232,0.007251713259170933,0.006951192824011224,0.009187824542535496,0.007276842996269517,0.05345895619144647,0.08718545124185662,748.1699829101562,-0.012029351892724582
