ticker,timestamp,open,high,low,close,volume,source
SPY,2025-09-05T04:00:00Z,651.47998046875,652.2100219726562,643.3300170898438,647.239990234375,85178900,yfinance_public_market_data
SPY,2025-09-08T04:00:00Z,648.6199951171875,649.8400268554688,647.22998046875,648.8300170898438,63133100,yfinance_public_market_data
SPY,2025-09-09T04:00:00Z,648.969970703125,650.8599853515625,647.219970703125,650.3300170898438,66133900,yfinance_public_market_data
SPY,2025-09-10T04:00:00Z,653.6199951171875,654.5499877929688,650.6300048828125,652.2100219726562,78034500,yfinance_public_market_data
SPY,2025-09-11T04:00:00Z,654.1799926757812,658.3300170898438,653.5900268554688,657.6300048828125,69934400,yfinance_public_market_data
SPY,2025-09-12T04:00:00Z,657.5999755859375,659.1099853515625,656.9000244140625,657.4099731445312,72780100,yfinance_public_market_data
SPY,2025-09-15T04:00:00Z,659.6400146484375,661.0399780273438,659.3400268554688,660.9099731445312,63772400,yfinance_public_market_data
SPY,2025-09-16T04:00:00Z,661.469970703125,661.780029296875,659.2100219726562,660.0,61169000,yfinance_public_market_data
SPY,2025-09-17T04:00:00Z,660.010009765625,661.719970703125,654.2999877929688,659.1799926757812,101952200,yfinance_public_market_data
SPY,2025-09-18T04:00:00Z,661.8900146484375,664.8900146484375,660.27001953125,662.260009765625,90459200,yfinance_public_market_data
SPY,2025-09-19T04:00:00Z,662.3300170898438,664.5499877929688,660.3699951171875,663.7000122070312,97945600,yfinance_public_market_data
SPY,2025-09-22T04:00:00Z,662.2000122070312,667.2899780273438,662.1699829101562,666.8400268554688,69452200,yfinance_public_market_data
SPY,2025-09-23T04:00:00Z,666.719970703125,667.3400268554688,661.97998046875,663.2100219726562,81708900,yfinance_public_market_data
SPY,2025-09-24T04:00:00Z,664.510009765625,664.6099853515625,659.6699829101562,661.0999755859375,68082200,yfinance_public_market_data
SPY,2025-09-25T04:00:00Z,657.9400024414062,659.4099731445312,654.4099731445312,658.0499877929688,89622100,yfinance_public_market_data
SPY,2025-09-26T04:00:00Z,659.510009765625,662.3699951171875,657.8800048828125,661.8200073242188,69179200,yfinance_public_market_data
SPY,2025-09-29T04:00:00Z,664.3599853515625,665.280029296875,661.8599853515625,663.6799926757812,73499000,yfinance_public_market_data
SPY,2025-09-30T04:00:00Z,662.9299926757812,666.6500244140625,661.6099853515625,666.1799926757812,86288000,yfinance_public_market_data
SPY,2025-10-01T04:00:00Z,663.1699829101562,669.3699951171875,663.0599975585938,668.4500122070312,72545400,yfinance_public_market_data
SPY,2025-10-02T04:00:00Z,670.4500122070312,670.5700073242188,666.780029296875,669.219970703125,56896000,yfinance_public_market_data
SPY,2025-10-03T04:00:00Z,669.989990234375,672.6799926757812,668.1599731445312,669.2100219726562,70494400,yfinance_public_market_data
SPY,2025-10-06T04:00:00Z,671.6199951171875,672.510009765625,669.4600219726562,671.6099853515625,54623300,yfinance_public_market_data
SPY,2025-10-07T04:00:00Z,672.5399780273438,672.989990234375,667.6699829101562,669.1199951171875,72020100,yfinance_public_market_data
SPY,2025-10-08T04:00:00Z,670.25,673.2100219726562,669.4199829101562,673.1099853515625,60702200,yfinance_public_market_data
SPY,2025-10-09T04:00:00Z,673.530029296875,673.9400024414062,669.2100219726562,671.1599731445312,66501900,yfinance_public_market_data
SPY,2025-10-10T04:00:00Z,672.1300048828125,673.9500122070312,652.8400268554688,653.02001953125,159422600,yfinance_public_market_data
SPY,2025-10-13T04:00:00Z,660.6500244140625,665.1300048828125,659.77001953125,663.0399780273438,79560500,yfinance_public_market_data
SPY,2025-10-14T04:00:00Z,657.1699829101562,665.8300170898438,653.1699829101562,662.22998046875,88779600,yfinance_public_market_data
SPY,2025-10-15T04:00:00Z,666.8200073242188,670.22998046875,658.9299926757812,665.1699829101562,81702600,yfinance_public_market_data
SPY,2025-10-16T04:00:00Z,666.8200073242188,668.7100219726562,657.1099853515625,660.6400146484375,110563300,yfinance_public_market_data
SPY,2025-10-17T04:00:00Z,659.5,665.760009765625,658.1400146484375,664.3900146484375,96500900,yfinance_public_market_data
SPY,2025-10-20T04:00:00Z,667.3200073242188,672.2100219726562,667.27001953125,671.2999877929688,60493400,yfinance_public_market_data
SPY,2025-10-21T04:00:00Z,671.4400024414062,672.989990234375,669.97998046875,671.2899780273438,56249000,yfinance_public_market_data
SPY,2025-10-22T04:00:00Z,672.0,672.0,663.2999877929688,667.7999877929688,80564000,yfinance_public_market_data
SPY,2025-10-23T04:00:00Z,668.1199951171875,672.7100219726562,667.7999877929688,671.760009765625,65604500,yfinance_public_market_data
SPY,2025-10-24T04:00:00Z,676.4600219726562,678.469970703125,675.6500244140625,677.25,74356500,yfinance_public_market_data
SPY,2025-10-27T04:00:00Z,682.72998046875,685.5399780273438,682.1199951171875,685.239990234375,63339800,yfinance_public_market_data
SPY,2025-10-28T04:00:00Z,687.0499877929688,688.9099731445312,684.8300170898438,687.0599975585938,61738100,yfinance_public_market_data
SPY,2025-10-29T04:00:00Z,688.719970703125,689.7000122070312,682.8699951171875,687.3900146484375,85657100,yfinance_public_market_data
SPY,2025-10-30T04:00:00Z,683.9000244140625,685.9400024414062,679.8300170898438,679.8300170898438,76335800,yfinance_public_market_data
SPY,2025-10-31T04:00:00Z,685.0399780273438,685.0800170898438,679.239990234375,682.0599975585938,87164100,yfinance_public_market_data
SPY,2025-11-03T05:00:00Z,685.6699829101562,685.7999877929688,679.9400024414062,683.3400268554688,57315000,yfinance_public_market_data
SPY,2025-11-04T05:00:00Z,676.1099853515625,679.9600219726562,674.5800170898438,675.239990234375,78427000,yfinance_public_market_data
SPY,2025-11-05T05:00:00Z,674.97998046875,680.8599853515625,674.1699829101562,677.5800170898438,74402400,yfinance_public_market_data
SPY,2025-11-06T05:00:00Z,676.469970703125,677.3800048828125,668.719970703125,670.3099975585938,85035300,yfinance_public_market_data
SPY,2025-11-07T05:00:00Z,667.9099731445312,671.0800170898438,661.2100219726562,670.969970703125,100592400,yfinance_public_market_data
SPY,2025-11-10T05:00:00Z,677.239990234375,682.1799926757812,675.030029296875,681.4400024414062,75842900,yfinance_public_market_data
SPY,2025-11-11T05:00:00Z,679.9500122070312,683.5700073242188,678.72998046875,683.0,58953400,yfinance_public_market_data
SPY,2025-11-12T05:00:00Z,684.7899780273438,684.9600219726562,680.9500122070312,683.3800048828125,62312500,yfinance_public_market_data
SPY,2025-11-13T05:00:00Z,680.5,680.8599853515625,670.52001953125,672.0399780273438,103457800,yfinance_public_market_data
SPY,2025-11-14T05:00:00Z,665.3800048828125,675.6599731445312,663.27001953125,671.9299926757812,96846700,yfinance_public_market_data
SPY,2025-11-17T05:00:00Z,669.7000122070312,673.7100219726562,662.1699829101562,665.6699829101562,90456100,yfinance_public_market_data
SPY,2025-11-18T05:00:00Z,662.0999755859375,665.1199951171875,655.8599853515625,660.0800170898438,114467500,yfinance_public_market_data
SPY,2025-11-19T05:00:00Z,660.780029296875,667.3400268554688,658.75,662.6300048828125,94703000,yfinance_public_market_data
SPY,2025-11-20T05:00:00Z,672.9099731445312,675.5599975585938,651.8900146484375,652.530029296875,165293500,yfinance_public_market_data
SPY,2025-11-21T05:00:00Z,655.0499877929688,664.5499877929688,650.8499755859375,659.030029296875,123956200,yfinance_public_market_data
SPY,2025-11-24T05:00:00Z,662.6900024414062,670.0599975585938,661.5900268554688,668.72998046875,80437900,yfinance_public_market_data
SPY,2025-11-25T05:00:00Z,668.6300048828125,676.2100219726562,664.47998046875,675.02001953125,81077100,yfinance_public_market_data
SPY,2025-11-26T05:00:00Z,677.6300048828125,681.7000122070312,676.719970703125,679.6799926757812,71879600,yfinance_public_market_data
SPY,2025-11-28T05:00:00Z,680.8599853515625,683.6699829101562,680.5,683.3900146484375,49212000,yfinance_public_market_data
SPY,2025-12-01T05:00:00Z,678.8099975585938,682.989990234375,678.739990234375,680.27001953125,61201200,yfinance_public_market_data
SPY,2025-12-02T05:00:00Z,681.9199829101562,683.8200073242188,679.3300170898438,681.530029296875,62953800,yfinance_public_market_data
SPY,2025-12-03T05:00:00Z,680.5700073242188,684.9099731445312,679.6900024414062,683.8900146484375,57238500,yfinance_public_market_data
SPY,2025-12-04T05:00:00Z,685.2999877929688,685.3699951171875,681.3400268554688,684.3900146484375,61970300,yfinance_public_market_data
SPY,2025-12-05T05:00:00Z,685.469970703125,688.3900146484375,684.5800170898438,685.6900024414062,79241000,yfinance_public_market_data
SPY,2025-12-08T05:00:00Z,686.5900268554688,686.6400146484375,681.5700073242188,683.6300048828125,55231500,yfinance_public_market_data
SPY,2025-12-09T05:00:00Z,683.1500244140625,685.3900146484375,682.5900268554688,683.0399780273438,58310100,yfinance_public_market_data
SPY,2025-12-10T05:00:00Z,682.5599975585938,688.969970703125,681.3099975585938,687.5700073242188,85671300,yfinance_public_market_data
SPY,2025-12-11T05:00:00Z,685.1400146484375,689.25,682.1699829101562,689.1699829101562,86173700,yfinance_public_market_data
SPY,2025-12-12T05:00:00Z,688.1699829101562,688.8800048828125,679.1699829101562,681.760009765625,113160300,yfinance_public_market_data
SPY,2025-12-15T05:00:00Z,685.739990234375,685.760009765625,679.25,680.72998046875,90811000,yfinance_public_market_data
SPY,2025-12-16T05:00:00Z,679.22998046875,681.0800170898438,674.97998046875,678.8699951171875,122030600,yfinance_public_market_data
SPY,2025-12-17T05:00:00Z,679.8900146484375,680.4400024414062,671.2000122070312,671.4000244140625,110625200,yfinance_public_market_data
SPY,2025-12-18T05:00:00Z,677.5999755859375,680.739990234375,674.9000244140625,676.469970703125,108650100,yfinance_public_market_data
SPY,2025-12-19T05:00:00Z,676.5900268554688,681.0900268554688,676.469970703125,680.5900268554688,103599500,yfinance_public_market_data
SPY,2025-12-22T05:00:00Z,683.9400024414062,685.3599853515625,680.5900268554688,684.8300170898438,69556700,yfinance_public_market_data
SPY,2025-12-23T05:00:00Z,683.9199829101562,688.2000122070312,683.8699951171875,687.9600219726562,64840000,yfinance_public_market_data
SPY,2025-12-24T05:00:00Z,687.9500122070312,690.8300170898438,687.7999877929688,690.3800048828125,39445600,yfinance_public_market_data
SPY,2025-12-26T05:00:00Z,690.6400146484375,691.6599731445312,689.27001953125,690.3099975585938,41613300,yfinance_public_market_data
SPY,2025-12-29T05:00:00Z,687.5399780273438,689.2000122070312,686.0700073242188,687.8499755859375,62559500,yfinance_public_market_data
SPY,2025-12-30T05:00:00Z,687.4500122070312,688.5599975585938,686.5800170898438,687.010009765625,47160700,yfinance_public_market_data
SPY,2025-12-31T05:00:00Z,687.1400146484375,687.3599853515625,681.7100219726562,681.9199829101562,74144800,yfinance_public_market_data
SPY,2026-01-02T05:00:00Z,685.7100219726562,686.8699951171875,679.8200073242188,683.1699829101562,89377200,yfinance_public_market_data
SPY,2026-01-05T05:00:00Z,686.5399780273438,689.4299926757812,686.3800048828125,687.719970703125,71927200,yfinance_public_market_data
SPY,2026-01-06T05:00:00Z,687.9299926757812,692.3200073242188,687.780029296875,691.8099975585938,69273800,yfinance_public_market_data
SPY,2026-01-07T05:00:00Z,692.1900024414062,693.9600219726562,689.3200073242188,689.5800170898438,75588300,yfinance_public_market_data
SPY,2026-01-08T05:00:00Z,688.8200073242188,690.6199951171875,687.489990234375,689.510009765625,64019200,yfinance_public_market_data
SPY,2026-01-09T05:00:00Z,690.6300048828125,695.3099975585938,689.1799926757812,694.0700073242188,80125500,yfinance_public_market_data
SPY,2026-01-12T05:00:00Z,690.6799926757812,696.0900268554688,690.6300048828125,695.1599731445312,63976000,yfinance_public_market_data
SPY,2026-01-13T05:00:00Z,695.489990234375,696.0900268554688,691.3499755859375,693.77001953125,78309700,yfinance_public_market_data
SPY,2026-01-14T05:00:00Z,691.0,691.719970703125,686.0399780273438,690.3599853515625,94676700,yfinance_public_market_data
SPY,2026-01-15T05:00:00Z,694.5700073242188,695.4500122070312,691.25,692.239990234375,77862000,yfinance_public_market_data
SPY,2026-01-16T05:00:00Z,693.6599731445312,694.25,690.0999755859375,691.6599731445312,79289200,yfinance_public_market_data
SPY,2026-01-20T05:00:00Z,681.489990234375,684.77001953125,676.5700073242188,677.5800170898438,111623300,yfinance_public_market_data
SPY,2026-01-21T05:00:00Z,679.6500244140625,688.739990234375,678.1300048828125,685.4000244140625,127844500,yfinance_public_market_data
SPY,2026-01-22T05:00:00Z,689.8499755859375,691.1300048828125,686.9199829101562,688.97998046875,77112200,yfinance_public_market_data
SPY,2026-01-23T05:00:00Z,688.1500244140625,690.9600219726562,687.1599731445312,689.22998046875,63059600,yfinance_public_market_data
SPY,2026-01-26T05:00:00Z,690.489990234375,694.1300048828125,689.9199829101562,692.72998046875,60473800,yfinance_public_market_data
SPY,2026-01-27T05:00:00Z,694.1799926757812,696.530029296875,693.5700073242188,695.489990234375,55506100,yfinance_public_market_data
SPY,2026-01-28T05:00:00Z,697.0499877929688,697.8400268554688,693.9400024414062,695.4199829101562,61172200,yfinance_public_market_data
SPY,2026-01-29T05:00:00Z,696.3900146484375,697.0599975585938,684.8300170898438,694.0399780273438,97486200,yfinance_public_market_data
SPY,2026-01-30T05:00:00Z,691.7899780273438,694.2100219726562,687.1199951171875,691.969970703125,101835100,yfinance_public_market_data
SPY,2026-02-02T05:00:00Z,689.5800170898438,696.9299926757812,689.4199829101562,695.4099731445312,79286500,yfinance_public_market_data
SPY,2026-02-03T05:00:00Z,696.2100219726562,696.9600219726562,684.030029296875,689.530029296875,107904600,yfinance_public_market_data
SPY,2026-02-04T05:00:00Z,690.3499755859375,691.4500122070312,681.760009765625,686.1900024414062,105204600,yfinance_public_market_data
SPY,2026-02-05T05:00:00Z,680.9400024414062,683.6900024414062,675.7899780273438,677.6199951171875,113610800,yfinance_public_market_data
SPY,2026-02-06T05:00:00Z,681.4600219726562,692.3099975585938,680.8499755859375,690.6199951171875,89127600,yfinance_public_market_data
SPY,2026-02-09T05:00:00Z,689.4199829101562,695.8699951171875,688.3400268554688,693.9500122070312,73885200,yfinance_public_market_data
SPY,2026-02-10T05:00:00Z,694.9500122070312,696.5399780273438,691.6599731445312,692.1199951171875,65185700,yfinance_public_market_data
SPY,2026-02-11T05:00:00Z,696.3900146484375,697.1400146484375,689.1799926757812,691.9600219726562,76353900,yfinance_public_market_data
SPY,2026-02-12T05:00:00Z,694.239990234375,695.3499755859375,680.3699951171875,681.27001953125,118829000,yfinance_public_market_data
SPY,2026-02-13T05:00:00Z,681.6900024414062,686.280029296875,677.52001953125,681.75,96267500,yfinance_public_market_data
SPY,2026-02-17T05:00:00Z,680.1400146484375,684.9400024414062,675.780029296875,682.8499755859375,81354700,yfinance_public_market_data
SPY,2026-02-18T05:00:00Z,684.02001953125,689.1500244140625,682.8300170898438,686.2899780273438,73570300,yfinance_public_market_data
SPY,2026-02-19T05:00:00Z,683.8400268554688,686.1799926757812,681.5499877929688,684.47998046875,58649400,yfinance_public_market_data
SPY,2026-02-20T05:00:00Z,682.3200073242188,690.0599975585938,681.72998046875,689.4299926757812,100034000,yfinance_public_market_data
SPY,2026-02-23T05:00:00Z,687.8300170898438,690.0,680.3699951171875,682.3900146484375,90558100,yfinance_public_market_data
SPY,2026-02-24T05:00:00Z,681.9000244140625,688.3499755859375,680.0,687.3499755859375,73798700,yfinance_public_market_data
SPY,2026-02-25T05:00:00Z,690.1799926757812,693.6799926757812,690.0999755859375,693.1500244140625,56369500,yfinance_public_market_data
SPY,2026-02-26T05:00:00Z,693.280029296875,693.2999877929688,684.3499755859375,689.2999877929688,71671000,yfinance_public_market_data
SPY,2026-02-27T05:00:00Z,683.0900268554688,686.8599853515625,681.6400146484375,685.989990234375,83308900,yfinance_public_market_data
SPY,2026-03-02T05:00:00Z,678.7000122070312,688.6199951171875,678.02001953125,686.3800048828125,87477200,yfinance_public_market_data
SPY,2026-03-03T05:00:00Z,675.0599975585938,682.6099853515625,669.6599731445312,680.3300170898438,105003100,yfinance_public_market_data
SPY,2026-03-04T05:00:00Z,681.6300048828125,687.0900268554688,679.6199951171875,685.1300048828125,79182200,yfinance_public_market_data
SPY,2026-03-05T05:00:00Z,682.0800170898438,685.530029296875,675.6099853515625,681.3099975585938,106606500,yfinance_public_market_data
SPY,2026-03-06T05:00:00Z,673.4099731445312,676.1099853515625,669.760009765625,672.3800048828125,100687000,yfinance_public_market_data
SPY,2026-03-09T04:00:00Z,666.3900146484375,679.9199829101562,662.3900146484375,678.27001953125,102667700,yfinance_public_market_data
SPY,2026-03-10T04:00:00Z,677.719970703125,683.3599853515625,674.760009765625,677.1799926757812,81505300,yfinance_public_market_data
SPY,2026-03-11T04:00:00Z,677.5800170898438,680.0800170898438,673.3400268554688,676.3300170898438,68441700,yfinance_public_market_data
SPY,2026-03-12T04:00:00Z,671.1599731445312,671.6500244140625,665.8699951171875,666.0599975585938,108882200,yfinance_public_market_data
SPY,2026-03-13T04:00:00Z,669.27001953125,672.3400268554688,661.3599853515625,662.2899780273438,97200200,yfinance_public_market_data
SPY,2026-03-16T04:00:00Z,668.3800048828125,672.0700073242188,667.1199951171875,669.030029296875,82023100,yfinance_public_market_data
SPY,2026-03-17T04:00:00Z,672.3900146484375,674.4400024414062,669.7000122070312,670.7899780273438,87128000,yfinance_public_market_data
SPY,2026-03-18T04:00:00Z,668.3599853515625,669.719970703125,661.1900024414062,661.4299926757812,82062600,yfinance_public_market_data
SPY,2026-03-19T04:00:00Z,656.969970703125,662.97998046875,655.1699829101562,659.7999877929688,111272500,yfinance_public_market_data
SPY,2026-03-20T04:00:00Z,656.510009765625,656.6900024414062,644.719970703125,648.5700073242188,163617500,yfinance_public_market_data
SPY,2026-03-23T04:00:00Z,658.0700073242188,662.6199951171875,653.9400024414062,655.3800048828125,134802700,yfinance_public_market_data
SPY,2026-03-24T04:00:00Z,651.3200073242188,657.030029296875,649.8800048828125,653.1799926757812,96457500,yfinance_public_market_data
SPY,2026-03-25T04:00:00Z,658.6699829101562,660.8900146484375,654.239990234375,656.8200073242188,90653800,yfinance_public_market_data
SPY,2026-03-26T04:00:00Z,652.0599975585938,654.8499755859375,644.8200073242188,645.0900268554688,96494400,yfinance_public_market_data
SPY,2026-03-27T04:00:00Z,642.5,642.6599731445312,633.1099853515625,634.0900268554688,103649400,yfinance_public_market_data
SPY,2026-03-30T04:00:00Z,640.1099853515625,640.3699951171875,629.280029296875,631.969970703125,99275900,yfinance_public_market_data
SPY,2026-03-31T04:00:00Z,638.9400024414062,651.5399780273438,637.97998046875,650.3400268554688,152534100,yfinance_public_market_data
SPY,2026-04-01T04:00:00Z,653.9000244140625,658.52001953125,653.0,655.239990234375,97841500,yfinance_public_market_data
SPY,2026-04-02T04:00:00Z,646.4199829101562,658.2000122070312,645.1099853515625,655.8300170898438,68358700,yfinance_public_market_data
SPY,2026-04-06T04:00:00Z,655.8599853515625,659.719970703125,655.52001953125,658.9299926757812,39105800,yfinance_public_market_data
SPY,2026-04-07T04:00:00Z,656.6500244140625,659.6099853515625,651.0599975585938,659.219970703125,69980400,yfinance_public_market_data
SPY,2026-04-08T04:00:00Z,676.3900146484375,677.0800170898438,671.4600219726562,676.010009765625,93606100,yfinance_public_market_data
SPY,2026-04-09T04:00:00Z,674.8400268554688,681.1599731445312,673.77001953125,679.9099731445312,57134400,yfinance_public_market_data
SPY,2026-04-10T04:00:00Z,681.3200073242188,682.030029296875,678.4500122070312,679.4600219726562,42253500,yfinance_public_market_data
SPY,2026-04-13T04:00:00Z,677.4099731445312,686.2999877929688,676.5800170898438,686.0999755859375,54185800,yfinance_public_market_data
SPY,2026-04-14T04:00:00Z,687.6900024414062,694.5800170898438,687.6599731445312,694.4600219726562,63480500,yfinance_public_market_data
SPY,2026-04-15T04:00:00Z,695.260009765625,700.280029296875,694.2000122070312,699.9400024414062,58240400,yfinance_public_market_data
SPY,2026-04-16T04:00:00Z,701.0599975585938,702.780029296875,698.530029296875,701.6599731445312,49972400,yfinance_public_market_data
SPY,2026-04-17T04:00:00Z,706.1400146484375,712.3900146484375,705.760009765625,710.1400146484375,70661900,yfinance_public_market_data
SPY,2026-04-20T04:00:00Z,708.780029296875,709.9099731445312,706.1400146484375,708.719970703125,43546800,yfinance_public_market_data
SPY,2026-04-21T04:00:00Z,710.280029296875,711.280029296875,702.6400146484375,704.0800170898438,58941400,yfinance_public_market_data
SPY,2026-04-22T04:00:00Z,709.1500244140625,711.4500122070312,708.219970703125,711.2100219726562,42518500,yfinance_public_market_data
SPY,2026-04-23T04:00:00Z,709.5,712.3599853515625,702.280029296875,708.4500122070312,56174000,yfinance_public_market_data
SPY,2026-04-24T04:00:00Z,710.75,714.469970703125,709.010009765625,713.9400024414062,45182000,yfinance_public_market_data
SPY,2026-04-27T04:00:00Z,713.1699829101562,715.6300048828125,712.2999877929688,715.1699829101562,33135900,yfinance_public_market_data
SPY,2026-04-28T04:00:00Z,711.8200073242188,712.8800048828125,709.25,711.6900024414062,43117400,yfinance_public_market_data
SPY,2026-04-29T04:00:00Z,711.0,712.2000122070312,708.3699951171875,711.5800170898438,41859200,yfinance_public_market_data
SPY,2026-04-30T04:00:00Z,714.6300048828125,719.7899780273438,710.4500122070312,718.6599731445312,67240900,yfinance_public_market_data
SPY,2026-05-01T04:00:00Z,721.25,724.8699951171875,720.469970703125,720.6500244140625,43049800,yfinance_public_market_data
SPY,2026-05-04T04:00:00Z,720.0700073242188,722.1199951171875,714.989990234375,718.010009765625,51950600,yfinance_public_market_data
SPY,2026-05-05T04:00:00Z,721.77001953125,725.0399780273438,721.489990234375,723.77001953125,36933200,yfinance_public_market_data
SPY,2026-05-06T04:00:00Z,728.1599731445312,734.5900268554688,727.8200073242188,733.8300170898438,53288900,yfinance_public_market_data
SPY,2026-05-07T04:00:00Z,735.0499877929688,736.1300048828125,729.75,731.5800170898438,51724600,yfinance_public_market_data
SPY,2026-05-08T04:00:00Z,734.9299926757812,738.0800170898438,734.5700073242188,737.6199951171875,47227100,yfinance_public_market_data
SPY,2026-05-11T04:00:00Z,736.4500122070312,740.7899780273438,736.4500122070312,739.2999877929688,44024000,yfinance_public_market_data
SPY,2026-05-12T04:00:00Z,736.8900146484375,738.8400268554688,731.8300170898438,738.1799926757812,54185300,yfinance_public_market_data
SPY,2026-05-13T04:00:00Z,738.469970703125,743.9099731445312,735.469970703125,742.3099975585938,44200200,yfinance_public_market_data
SPY,2026-05-14T04:00:00Z,743.6500244140625,749.530029296875,743.5599975585938,748.1699829101562,45307600,yfinance_public_market_data
SPY,2026-05-15T04:00:00Z,741.7899780273438,743.4600219726562,737.9600219726562,739.1699829101562,60410800,yfinance_public_market_data
SPY,2026-05-18T04:00:00Z,739.8300170898438,741.4199829101562,733.3900146484375,738.6500244140625,47843900,yfinance_public_market_data
SPY,2026-05-19T04:00:00Z,734.780029296875,737.6500244140625,731.530029296875,733.72998046875,54255900,yfinance_public_market_data
SPY,2026-05-20T04:00:00Z,735.7100219726562,741.8699951171875,733.8900146484375,741.25,45768000,yfinance_public_market_data
SPY,2026-05-21T04:00:00Z,738.6400146484375,744.8699951171875,737.030029296875,742.719970703125,43332200,yfinance_public_market_data
SPY,2026-05-22T04:00:00Z,746.239990234375,748.9400024414062,744.47998046875,745.6400146484375,41762000,yfinance_public_market_data
SPY,2026-05-26T04:00:00Z,750.010009765625,752.1300048828125,748.3699951171875,750.5900268554688,41123600,yfinance_public_market_data
SPY,2026-05-27T04:00:00Z,750.8800048828125,751.3800048828125,748.219970703125,750.4600219726562,42106300,yfinance_public_market_data
SPY,2026-05-28T04:00:00Z,750.25,755.1500244140625,749.22998046875,754.5999755859375,41562600,yfinance_public_market_data
SPY,2026-05-29T04:00:00Z,755.9000244140625,758.0800170898438,754.6900024414062,756.47998046875,55075700,yfinance_public_market_data
SPY,2026-06-01T04:00:00Z,755.3599853515625,760.280029296875,754.6900024414062,758.5399780273438,43634900,yfinance_public_market_data
SPY,2026-06-02T04:00:00Z,757.030029296875,760.4000244140625,756.75,759.5700073242188,31581900,yfinance_public_market_data
SPY,2026-06-03T04:00:00Z,758.1500244140625,758.7999877929688,753.5700073242188,754.239990234375,51402500,yfinance_public_market_data
SPY,2026-06-04T04:00:00Z,752.0999755859375,758.3099975585938,751.469970703125,757.0900268554688,49923000,yfinance_public_market_data
SPY,2026-06-05T04:00:00Z,752.3099975585938,752.8200073242188,735.530029296875,737.5499877929688,93989400,yfinance_public_market_data
SPY,2026-06-08T04:00:00Z,743.3599853515625,745.3400268554688,738.1900024414062,739.219970703125,49319100,yfinance_public_market_data
SPY,2026-06-09T04:00:00Z,743.6300048828125,746.9000244140625,722.5900268554688,737.0499877929688,87683500,yfinance_public_market_data
SPY,2026-06-10T04:00:00Z,733.3900146484375,738.3800048828125,725.3300170898438,725.4299926757812,60341300,yfinance_public_market_data
SPY,2026-06-11T04:00:00Z,728.760009765625,740.0,724.4099731445312,737.760009765625,86330500,yfinance_public_market_data
SPY,2026-06-12T04:00:00Z,740.7100219726562,744.4400024414062,735.030029296875,741.75,57079500,yfinance_public_market_data
SPY,2026-06-15T04:00:00Z,751.8499755859375,756.6799926757812,751.760009765625,754.8300170898438,60176400,yfinance_public_market_data
SPY,2026-06-16T04:00:00Z,754.5499877929688,755.4400024414062,749.8800048828125,750.3300170898438,67093100,yfinance_public_market_data
SPY,2026-06-17T04:00:00Z,751.2899780273438,752.1500244140625,739.219970703125,740.9600219726562,85945200,yfinance_public_market_data
SPY,2026-06-18T04:00:00Z,747.760009765625,748.22998046875,743.8599853515625,746.739990234375,80875700,yfinance_public_market_data
SPY,2026-06-22T04:00:00Z,747.7000122070312,750.1799926757812,743.1300048828125,744.3900146484375,46628100,yfinance_public_market_data
SPY,2026-06-23T04:00:00Z,733.8099975585938,739.6300048828125,732.2999877929688,733.5800170898438,66846800,yfinance_public_market_data
SPY,2026-06-24T04:00:00Z,735.1699829101562,739.9500122070312,730.8400268554688,733.239990234375,57439500,yfinance_public_market_data
SPY,2026-06-25T04:00:00Z,738.9099731445312,739.3699951171875,729.5999755859375,734.2999877929688,53934400,yfinance_public_market_data
SPY,2026-06-26T04:00:00Z,728.9500122070312,736.530029296875,716.5800170898438,728.989990234375,71034000,yfinance_public_market_data
SPY,2026-06-29T04:00:00Z,736.530029296875,741.5599975585938,732.0900268554688,741.0,58035200,yfinance_public_market_data
SPY,2026-06-30T04:00:00Z,741.2899780273438,748.02001953125,740.8900146484375,746.77001953125,55626000,yfinance_public_market_data
SPY,2026-07-01T04:00:00Z,745.0,749.4400024414062,742.3800048828125,745.760009765625,47100900,yfinance_public_market_data
SPY,2026-07-02T04:00:00Z,747.4000244140625,751.3099975585938,740.030029296875,744.780029296875,57447800,yfinance_public_market_data
SPY,2026-07-06T04:00:00Z,748.739990234375,752.4099731445312,747.4099731445312,751.280029296875,50673300,yfinance_public_market_data
SPY,2026-07-07T04:00:00Z,750.219970703125,750.9600219726562,745.2100219726562,747.7100219726562,43721500,yfinance_public_market_data
SPY,2026-07-08T04:00:00Z,743.1599731445312,746.1500244140625,739.510009765625,745.4000244140625,43767400,yfinance_public_market_data
SPY,2026-07-09T04:00:00Z,747.3499755859375,751.969970703125,745.5900268554688,751.7100219726562,41441700,yfinance_public_market_data
SPY,2026-07-10T04:00:00Z,752.0499877929688,755.4199829101562,748.0999755859375,754.9500122070312,42191300,yfinance_public_market_data
SPY,2026-07-13T04:00:00Z,752.469970703125,753.9099731445312,748.0,749.1699829101562,44013600,yfinance_public_market_data
SPY,2026-07-14T04:00:00Z,750.9099731445312,753.3400268554688,748.6599731445312,751.8300170898438,35143100,yfinance_public_market_data
SPY,2026-07-15T04:00:00Z,754.239990234375,755.5800170898438,750.2000122070312,754.8099975585938,43844800,yfinance_public_market_data
SPY,2026-07-16T04:00:00Z,752.760009765625,754.5700073242188,747.8800048828125,750.719970703125,46409800,yfinance_public_market_data
SPY,2026-07-17T04:00:00Z,742.0800170898438,747.2899780273438,740.7999877929688,743.2899780273438,62651000,yfinance_public_market_data
SPY,2026-07-20T04:00:00Z,747.0599975585938,748.72998046875,741.510009765625,742.0900268554688,50422300,yfinance_public_market_data
SPY,2026-07-21T04:00:00Z,746.2899780273438,749.0399780273438,744.1799926757812,748.280029296875,34324300,yfinance_public_market_data
SPY,2026-07-22T04:00:00Z,746.6199951171875,750.02001953125,746.3699951171875,747.4099731445312,32836200,yfinance_public_market_data
SPY,2026-07-23T04:00:00Z,739.3699951171875,742.5599975585938,735.2100219726562,738.1799926757812,55437300,yfinance_public_market_data
SPY,2026-07-24T04:00:00Z,738.510009765625,743.719970703125,737.2899780273438,738.9299926757812,44782000,yfinance_public_market_data
SPY,2026-07-27T04:00:00Z,744.9099731445312,745.530029296875,735.8699951171875,739.0900268554688,41461200,yfinance_public_market_data
SPY,2026-07-28T04:00:00Z,739.1900024414062,742.7899780273438,735.97998046875,740.8599853515625,47322200,yfinance_public_market_data
SPY,2026-07-29T04:00:00Z,739.969970703125,742.6799926757812,729.0999755859375,729.4600219726562,70697200,yfinance_public_market_data
SPY,2026-07-30T04:00:00Z,736.0499877929688,742.4500122070312,734.5900268554688,741.6900024414062,66811300,yfinance_public_market_data
SPY,2026-07-31T04:00:00Z,744.6799926757812,748.9000244140625,737.6799926757812,747.030029296875,62445900,yfinance_public_market_data
SPY,2026-08-03T04:00:00Z,749.4400024414062,758.5800170898438,748.7999877929688,757.6699829101562,59927500,yfinance_public_market_data
SPY,2026-08-04T04:00:00Z,760.6300048828125,773.4099731445312,760.52001953125,771.3300170898438,69154800,yfinance_public_market_data
SPY,2026-08-05T04:00:00Z,775.8499755859375,776.8499755859375,769.510009765625,769.7899780273438,44689100,yfinance_public_market_data
SPY,2026-08-06T04:00:00Z,770.2100219726562,771.8200073242188,767.4600219726562,768.5599975585938,38416900,yfinance_public_market_data
SPY,2026-08-07T04:00:00Z,771.02001953125,773.9199829101562,769.6099853515625,773.260009765625,43586300,yfinance_public_market_data
SPY,2026-08-10T04:00:00Z,772.5999755859375,775.0499877929688,771.6199951171875,773.030029296875,39249500,yfinance_public_market_data
SPY,2026-08-11T04:00:00Z,774.530029296875,774.6099853515625,769.2000122070312,770.5599975585938,36740600,yfinance_public_market_data
SPY,2026-08-12T04:00:00Z,774.7100219726562,774.9000244140625,771.280029296875,772.489990234375,33179100,yfinance_public_market_data
SPY,2026-08-13T04:00:00Z,774.8699951171875,779.3699951171875,774.1099853515625,777.8800048828125,35634500,yfinance_public_market_data
SPY,2026-08-14T04:00:00Z,778.5399780273438,778.7999877929688,775.4299926757812,776.3400268554688,31367900,yfinance_public_market_data
SPY,2026-08-17T04:00:00Z,776.1799926757812,776.780029296875,772.510009765625,772.6699829101562,34356600,yfinance_public_market_data
SPY,2026-08-18T04:00:00Z,768.7000122070312,769.5,766.9199829101562,767.4500122070312,43920900,yfinance_public_market_data
SPY,2026-08-19T04:00:00Z,770.3599853515625,772.469970703125,768.0999755859375,769.0599975585938,40306000,yfinance_public_market_data
SPY,2026-08-20T04:00:00Z,765.9600219726562,768.1500244140625,762.0399780273438,762.5999755859375,45520300,yfinance_public_market_data
SPY,2026-08-21T04:00:00Z,766.0499877929688,767.8499755859375,764.1699829101562,765.719970703125,39188700,yfinance_public_market_data
SPY,2026-08-24T04:00:00Z,764.780029296875,765.219970703125,762.0800170898438,763.469970703125,32430900,yfinance_public_market_data
SPY,2026-08-25T04:00:00Z,766.1599731445312,766.780029296875,763.0499877929688,765.9099731445312,27422300,yfinance_public_market_data
SPY,2026-08-26T04:00:00Z,764.72998046875,767.3499755859375,763.9299926757812,766.0800170898438,28751600,yfinance_public_market_data
SPY,2026-08-27T04:00:00Z,768.5,772.3599853515625,767.1599731445312,771.0999755859375,34557100,yfinance_public_market_data
SPY,2026-08-28T04:00:00Z,771.760009765625,775.2999877929688,768.3099975585938,769.3499755859375,36744300,yfinance_public_market_data
SPY,2026-08-31T04:00:00Z,767.3300170898438,768.0,764.719970703125,767.0499877929688,38810800,yfinance_public_market_data
SPY,2026-09-01T04:00:00Z,762.010009765625,764.6699829101562,759.47998046875,761.780029296875,41126300,yfinance_public_market_data
SPY,2026-09-02T04:00:00Z,762.4500122070312,766.4299926757812,761.72998046875,765.1599731445312,29566200,yfinance_public_market_data
SPY,2026-09-03T04:00:00Z,767.9000244140625,774.030029296875,767.4500122070312,773.1699829101562,43531600,yfinance_public_market_data
SPY,2026-09-04T04:00:00Z,772.010009765625,772.8699951171875,769.0,770.1900024414062,34015600,yfinance_public_market_data
QQQ,2025-09-05T04:00:00Z,580.489990234375,581.1199951171875,571.530029296875,576.0599975585938,68342500,yfinance_public_market_data
QQQ,2025-09-08T04:00:00Z,578.3699951171875,580.8400268554688,577.77001953125,578.8699951171875,46371400,yfinance_public_market_data
QQQ,2025-09-09T04:00:00Z,579.6699829101562,580.9400024414062,577.0399780273438,580.510009765625,44007600,yfinance_public_market_data
QQQ,2025-09-10T04:00:00Z,583.739990234375,583.77001953125,578.5499877929688,580.7000122070312,49308000,yfinance_public_market_data
QQQ,2025-09-11T04:00:00Z,583.239990234375,584.8800048828125,581.6199951171875,584.0800170898438,44745800,yfinance_public_market_data
QQQ,2025-09-12T04:00:00Z,585.0399780273438,587.8599853515625,584.0999755859375,586.6599731445312,50745900,yfinance_public_market_data
QQQ,2025-09-15T04:00:00Z,588.4400024414062,591.7899780273438,588.2899780273438,591.6799926757812,44360300,yfinance_public_market_data
QQQ,2025-09-16T04:00:00Z,592.6099853515625,592.8599853515625,590.489990234375,591.1799926757812,36942100,yfinance_public_market_data
QQQ,2025-09-17T04:00:00Z,591.0999755859375,591.75,584.3699951171875,590.0,69384800,yfinance_public_market_data
QQQ,2025-09-18T04:00:00Z,594.9099731445312,598.1400146484375,592.9600219726562,595.3200073242188,61069300,yfinance_public_market_data
QQQ,2025-09-19T04:00:00Z,597.3300170898438,600.0499877929688,595.8499755859375,599.3499755859375,58196100,yfinance_public_market_data
QQQ,2025-09-22T04:00:00Z,597.739990234375,602.8699951171875,597.719970703125,602.2000122070312,57154800,yfinance_public_market_data
QQQ,2025-09-23T04:00:00Z,602.3699951171875,602.5700073242188,596.97998046875,598.2000122070312,64635500,yfinance_public_market_data
QQQ,2025-09-24T04:00:00Z,599.5800170898438,599.9000244140625,593.3599853515625,596.0999755859375,49850300,yfinance_public_market_data
QQQ,2025-09-25T04:00:00Z,592.2000122070312,595.1199951171875,588.5,593.530029296875,70920200,yfinance_public_market_data
QQQ,2025-09-26T04:00:00Z,594.3499755859375,596.2999877929688,591.0599975585938,595.969970703125,54337400,yfinance_public_market_data
QQQ,2025-09-29T04:00:00Z,599.1099853515625,602.0499877929688,597.4099731445312,598.72998046875,48332900,yfinance_public_market_data
QQQ,2025-09-30T04:00:00Z,598.4299926757812,600.7100219726562,596.0999755859375,600.3699951171875,46533800,yfinance_public_market_data
QQQ,2025-10-01T04:00:00Z,597.1699829101562,603.7899780273438,596.3400268554688,603.25,46899600,yfinance_public_market_data
QQQ,2025-10-02T04:00:00Z,607.0599975585938,607.1599731445312,602.9299926757812,605.72998046875,43765400,yfinance_public_market_data
QQQ,2025-10-03T04:00:00Z,606.510009765625,607.3300170898438,601.3900146484375,603.1799926757812,46482100,yfinance_public_market_data
QQQ,2025-10-06T04:00:00Z,608.4500122070312,609.3599853515625,605.969970703125,607.7100219726562,41962100,yfinance_public_market_data
QQQ,2025-10-07T04:00:00Z,609.02001953125,609.7100219726562,603.030029296875,604.510009765625,58209500,yfinance_public_market_data
QQQ,2025-10-08T04:00:00Z,605.4099731445312,611.75,605.260009765625,611.4400024414062,50629800,yfinance_public_market_data
QQQ,2025-10-09T04:00:00Z,611.47998046875,611.6099853515625,607.47998046875,610.7000122070312,45551000,yfinance_public_market_data
QQQ,2025-10-10T04:00:00Z,611.4000244140625,613.1799926757812,589.0499877929688,589.5,97614800,yfinance_public_market_data
QQQ,2025-10-13T04:00:00Z,599.6799926757812,602.9500122070312,597.22998046875,602.010009765625,65872600,yfinance_public_market_data
QQQ,2025-10-14T04:00:00Z,595.3099975585938,602.6900024414062,590.1300048828125,598.0,69203200,yfinance_public_market_data
QQQ,2025-10-15T04:00:00Z,604.010009765625,606.7000122070312,595.9299926757812,602.219970703125,62805500,yfinance_public_market_data
QQQ,2025-10-16T04:00:00Z,605.1099853515625,608.3099975585938,595.5,599.989990234375,70982000,yfinance_public_market_data
QQQ,2025-10-17T04:00:00Z,597.9500122070312,605.510009765625,596.3699951171875,603.9299926757812,72024900,yfinance_public_market_data
QQQ,2025-10-20T04:00:00Z,607.1400146484375,612.7999877929688,607.0700073242188,611.5399780273438,45761700,yfinance_public_market_data
QQQ,2025-10-21T04:00:00Z,611.6400146484375,612.719970703125,609.3200073242188,611.3800048828125,44538200,yfinance_public_market_data
QQQ,2025-10-22T04:00:00Z,610.8200073242188,611.4099731445312,599.739990234375,605.489990234375,61478800,yfinance_public_market_data
QQQ,2025-10-23T04:00:00Z,604.9099731445312,611.3699951171875,604.52001953125,610.5800170898438,42844300,yfinance_public_market_data
QQQ,2025-10-24T04:00:00Z,615.989990234375,618.4199829101562,615.1300048828125,617.0999755859375,47632500,yfinance_public_market_data
QQQ,2025-10-27T04:00:00Z,624.52001953125,628.5499877929688,624.030029296875,628.0900268554688,54098600,yfinance_public_market_data
QQQ,2025-10-28T04:00:00Z,630.3599853515625,634.6799926757812,629.25,632.9199829101562,61195700,yfinance_public_market_data
QQQ,2025-10-29T04:00:00Z,635.5900268554688,637.010009765625,630.25,635.77001953125,67422800,yfinance_public_market_data
QQQ,2025-10-30T04:00:00Z,632.1699829101562,633.5,625.9400024414062,626.0499877929688,61628600,yfinance_public_market_data
QQQ,2025-10-31T04:00:00Z,634.1699829101562,634.2000122070312,626.6900024414062,629.0700073242188,66305100,yfinance_public_market_data
QQQ,2025-11-03T05:00:00Z,635.1099853515625,635.8200073242188,629.8499755859375,632.0800170898438,37154300,yfinance_public_market_data
QQQ,2025-11-04T05:00:00Z,623.280029296875,626.9500122070312,618.4600219726562,619.25,63830800,yfinance_public_market_data
QQQ,2025-11-05T05:00:00Z,618.489990234375,626.5999755859375,617.2100219726562,623.280029296875,48688500,yfinance_public_market_data
QQQ,2025-11-06T05:00:00Z,621.7899780273438,622.0399780273438,610.2999877929688,611.6699829101562,72115100,yfinance_public_market_data
QQQ,2025-11-07T05:00:00Z,608.3099975585938,609.9500122070312,598.6699829101562,609.739990234375,81835400,yfinance_public_market_data
QQQ,2025-11-10T05:00:00Z,618.9199829101562,624.3099975585938,616.8900146484375,623.22998046875,55919900,yfinance_public_market_data
QQQ,2025-11-11T05:00:00Z,620.5700073242188,622.719970703125,617.52001953125,621.5700073242188,44868800,yfinance_public_market_data
QQQ,2025-11-12T05:00:00Z,624.8400268554688,624.8599853515625,617.8099975585938,621.0800170898438,47444400,yfinance_public_market_data
QQQ,2025-11-13T05:00:00Z,617.5399780273438,618.1199951171875,606.0800170898438,608.4000244140625,71333600,yfinance_public_market_data
QQQ,2025-11-14T05:00:00Z,599.5499877929688,613.3499755859375,597.1699829101562,608.8599853515625,80087300,yfinance_public_market_data
QQQ,2025-11-17T05:00:00Z,606.2999877929688,612.47998046875,599.8699951171875,603.6599731445312,63850400,yfinance_public_market_data
QQQ,2025-11-18T05:00:00Z,599.6199951171875,602.3099975585938,591.3400268554688,596.3099975585938,83327300,yfinance_public_market_data
QQQ,2025-11-19T05:00:00Z,597.0700073242188,606.1599731445312,594.5900268554688,599.8699951171875,73111500,yfinance_public_market_data
QQQ,2025-11-20T05:00:00Z,611.6199951171875,614.030029296875,584.75,585.6699829101562,117743200,yfinance_public_market_data
QQQ,2025-11-21T05:00:00Z,587.469970703125,596.97998046875,580.739990234375,590.0700073242188,103344200,yfinance_public_market_data
QQQ,2025-11-24T05:00:00Z,595.280029296875,606.6799926757812,595.1599731445312,605.1599731445312,60168100,yfinance_public_market_data
QQQ,2025-11-25T05:00:00Z,603.510009765625,610.260009765625,597.3200073242188,608.8900146484375,57560900,yfinance_public_market_data
QQQ,2025-11-26T05:00:00Z,612.510009765625,616.1900024414062,610.3900146484375,614.27001953125,42393600,yfinance_public_market_data
QQQ,2025-11-28T05:00:00Z,616.1099853515625,619.3200073242188,615.4199829101562,619.25,23034400,yfinance_public_market_data
QQQ,2025-12-01T05:00:00Z,613.6300048828125,619.4400024414062,612.52001953125,617.1699829101562,40957600,yfinance_public_market_data
QQQ,2025-12-02T05:00:00Z,619.4600219726562,623.75,617.5900268554688,622.0,54541800,yfinance_public_market_data
QQQ,2025-12-03T05:00:00Z,619.6199951171875,624.219970703125,618.030029296875,623.52001953125,47841600,yfinance_public_market_data
QQQ,2025-12-04T05:00:00Z,624.9299926757812,624.9400024414062,619.5399780273438,622.9400024414062,47067800,yfinance_public_market_data
QQQ,2025-12-05T05:00:00Z,624.3800048828125,628.9199829101562,623.7100219726562,625.47998046875,53614200,yfinance_public_market_data
QQQ,2025-12-08T05:00:00Z,627.2100219726562,628.8400268554688,621.6900024414062,624.280029296875,43462400,yfinance_public_market_data
QQQ,2025-12-09T05:00:00Z,623.010009765625,625.8699951171875,621.0,625.0499877929688,37156000,yfinance_public_market_data
QQQ,2025-12-10T05:00:00Z,623.8499755859375,629.2100219726562,620.989990234375,627.6099853515625,55031400,yfinance_public_market_data
QQQ,2025-12-11T05:00:00Z,623.8200073242188,625.780029296875,617.719970703125,625.5800170898438,58272800,yfinance_public_market_data
QQQ,2025-12-12T05:00:00Z,622.0800170898438,623.5399780273438,611.3599853515625,613.6199951171875,75158700,yfinance_public_market_data
QQQ,2025-12-15T05:00:00Z,618.3699951171875,618.4199829101562,609.3200073242188,610.5399780273438,49538200,yfinance_public_market_data
QQQ,2025-12-16T05:00:00Z,608.260009765625,613.510009765625,606.9099731445312,611.75,55152800,yfinance_public_market_data
QQQ,2025-12-17T05:00:00Z,613.0599975585938,613.6500244140625,600.280029296875,600.4099731445312,70654300,yfinance_public_market_data
QQQ,2025-12-18T05:00:00Z,609.7999877929688,612.9299926757812,606.9199829101562,609.1099853515625,78875800,yfinance_public_market_data
QQQ,2025-12-19T05:00:00Z,611.9500122070312,617.6199951171875,611.8699951171875,617.0499877929688,60369800,yfinance_public_market_data
QQQ,2025-12-22T05:00:00Z,621.3499755859375,621.6500244140625,617.77001953125,619.2100219726562,43703100,yfinance_public_market_data
QQQ,2025-12-23T05:00:00Z,618.2000122070312,622.4099731445312,617.780029296875,622.1099853515625,41120400,yfinance_public_market_data
QQQ,2025-12-24T05:00:00Z,621.989990234375,624.280029296875,621.719970703125,623.9299926757812,18468700,yfinance_public_market_data
QQQ,2025-12-26T05:00:00Z,624.6599731445312,625.52001953125,623.1400146484375,623.8900146484375,28959800,yfinance_public_market_data
QQQ,2025-12-29T05:00:00Z,620.0999755859375,622.780029296875,618.72998046875,620.8699951171875,32458300,yfinance_public_market_data
QQQ,2025-12-30T05:00:00Z,619.8400268554688,622.1799926757812,619.219970703125,619.4299926757812,31226800,yfinance_public_market_data
QQQ,2025-12-31T05:00:00Z,619.6500244140625,619.9600219726562,614.0499877929688,614.3099975585938,40746500,yfinance_public_market_data
QQQ,2026-01-02T05:00:00Z,620.0599975585938,622.8499755859375,610.1500244140625,613.1199951171875,61859200,yfinance_public_market_data
QQQ,2026-01-05T05:00:00Z,619.3200073242188,620.8099975585938,616.719970703125,617.989990234375,46828400,yfinance_public_market_data
QQQ,2026-01-06T05:00:00Z,619.22998046875,624.02001953125,618.5399780273438,623.4199829101562,43137500,yfinance_public_market_data
QQQ,2026-01-07T05:00:00Z,623.0399780273438,627.9400024414062,622.5599975585938,624.02001953125,44880300,yfinance_public_market_data
QQQ,2026-01-08T05:00:00Z,623.030029296875,623.4199829101562,617.7999877929688,620.469970703125,50435900,yfinance_public_market_data
QQQ,2026-01-09T05:00:00Z,621.4099731445312,627.8900146484375,619.0599975585938,626.6500244140625,49688700,yfinance_public_market_data
QQQ,2026-01-12T05:00:00Z,622.3099975585938,628.8499755859375,622.260009765625,627.1699829101562,37388700,yfinance_public_market_data
QQQ,2026-01-13T05:00:00Z,627.27001953125,629.469970703125,623.7000122070312,626.239990234375,44481400,yfinance_public_market_data
QQQ,2026-01-14T05:00:00Z,622.239990234375,623.4500122070312,614.5599975585938,619.5499877929688,72598700,yfinance_public_market_data
QQQ,2026-01-15T05:00:00Z,626.5999755859375,630.0,620.75,621.780029296875,53934900,yfinance_public_market_data
QQQ,2026-01-16T05:00:00Z,625.5,626.0800170898438,618.8800048828125,621.260009765625,61058100,yfinance_public_market_data
QQQ,2026-01-20T05:00:00Z,610.530029296875,615.0599975585938,607.0499877929688,608.0599975585938,81988900,yfinance_public_market_data
QQQ,2026-01-21T05:00:00Z,609.469970703125,620.4199829101562,607.8599853515625,616.280029296875,79837900,yfinance_public_market_data
QQQ,2026-01-22T05:00:00Z,622.3499755859375,622.4600219726562,617.780029296875,620.760009765625,42254800,yfinance_public_market_data
QQQ,2026-01-23T05:00:00Z,619.72998046875,625.4000244140625,618.6500244140625,622.719970703125,43645800,yfinance_public_market_data
QQQ,2026-01-26T05:00:00Z,623.2100219726562,627.6099853515625,622.1199951171875,625.4600219726562,35983000,yfinance_public_market_data
QQQ,2026-01-27T05:00:00Z,628.9099731445312,632.0399780273438,627.3400268554688,631.1300048828125,38997200,yfinance_public_market_data
QQQ,2026-01-28T05:00:00Z,635.4600219726562,636.5999755859375,631.8099975585938,633.219970703125,50691700,yfinance_public_market_data
QQQ,2026-01-29T05:00:00Z,632.6500244140625,633.6699829101562,618.27001953125,629.4299926757812,79944000,yfinance_public_market_data
QQQ,2026-01-30T05:00:00Z,625.7100219726562,628.260009765625,619.2999877929688,621.8699951171875,65650700,yfinance_public_market_data
QQQ,2026-02-02T05:00:00Z,618.7000122070312,628.489990234375,618.6599731445312,626.1400146484375,49020300,yfinance_public_market_data
QQQ,2026-02-03T05:00:00Z,628.2999877929688,629.97998046875,610.9600219726562,616.52001953125,81234000,yfinance_public_market_data
QQQ,2026-02-04T05:00:00Z,615.02001953125,615.0999755859375,600.469970703125,605.75,81850700,yfinance_public_market_data
QQQ,2026-02-05T05:00:00Z,600.2100219726562,604.8099975585938,594.760009765625,597.030029296875,89354500,yfinance_public_market_data
QQQ,2026-02-06T05:00:00Z,600.1900024414062,611.4099731445312,598.77001953125,609.6500244140625,78019300,yfinance_public_market_data
QQQ,2026-02-09T05:00:00Z,607.5399780273438,616.4600219726562,605.0700073242188,614.3200073242188,56797600,yfinance_public_market_data
QQQ,2026-02-10T05:00:00Z,615.3099975585938,617.02001953125,611.010009765625,611.469970703125,53938900,yfinance_public_market_data
QQQ,2026-02-11T05:00:00Z,616.3800048828125,617.52001953125,607.6900024414062,613.1099853515625,58575100,yfinance_public_market_data
QQQ,2026-02-12T05:00:00Z,614.7100219726562,615.8099975585938,599.5700073242188,600.6400146484375,81378900,yfinance_public_market_data
QQQ,2026-02-13T05:00:00Z,600.4299926757812,606.47998046875,596.4199829101562,601.9199829101562,69237500,yfinance_public_market_data
QQQ,2026-02-17T05:00:00Z,598.3800048828125,603.9500122070312,593.3400268554688,601.2999877929688,69013800,yfinance_public_market_data
QQQ,2026-02-18T05:00:00Z,602.1099853515625,609.77001953125,600.719970703125,605.7899780273438,64250700,yfinance_public_market_data
QQQ,2026-02-19T05:00:00Z,602.8099975585938,605.8200073242188,600.75,603.469970703125,60960800,yfinance_public_market_data
QQQ,2026-02-20T05:00:00Z,600.1199951171875,610.3499755859375,599.22998046875,608.8099975585938,74127300,yfinance_public_market_data
QQQ,2026-02-23T05:00:00Z,606.6099853515625,608.010009765625,599.0499877929688,601.4099731445312,63859100,yfinance_public_market_data
QQQ,2026-02-24T05:00:00Z,602.4000244140625,608.989990234375,599.72998046875,607.8699951171875,55023700,yfinance_public_market_data
QQQ,2026-02-25T05:00:00Z,611.0700073242188,616.8300170898438,611.0,616.6799926757812,55710700,yfinance_public_market_data
QQQ,2026-02-26T05:00:00Z,615.5900268554688,615.5900268554688,603.97998046875,609.239990234375,96178900,yfinance_public_market_data
QQQ,2026-02-27T05:00:00Z,602.97998046875,608.3200073242188,602.1900024414062,607.2899780273438,68125200,yfinance_public_market_data
QQQ,2026-03-02T05:00:00Z,598.8599853515625,609.9199829101562,597.989990234375,608.0900268554688,75264600,yfinance_public_market_data
QQQ,2026-03-03T05:00:00Z,596.3300170898438,603.9600219726562,591.8699951171875,601.5800170898438,97015500,yfinance_public_market_data
QQQ,2026-03-04T05:00:00Z,604.1599731445312,612.8800048828125,603.4299926757812,610.75,70943900,yfinance_public_market_data
QQQ,2026-03-05T05:00:00Z,607.4000244140625,612.760009765625,602.260009765625,608.9099731445312,89602400,yfinance_public_market_data
QQQ,2026-03-06T05:00:00Z,600.3099975585938,606.0,598.3300170898438,599.75,86302300,yfinance_public_market_data
QQQ,2026-03-09T04:00:00Z,594.22998046875,609.27001953125,591.3300170898438,607.760009765625,93068200,yfinance_public_market_data
QQQ,2026-03-10T04:00:00Z,607.780029296875,613.2899780273438,605.4199829101562,607.77001953125,64078900,yfinance_public_market_data
QQQ,2026-03-11T04:00:00Z,608.9500122070312,612.4299926757812,605.030029296875,607.6900024414062,60114800,yfinance_public_market_data
QQQ,2026-03-12T04:00:00Z,602.760009765625,604.1400146484375,597.0499877929688,597.260009765625,71836600,yfinance_public_market_data
QQQ,2026-03-13T04:00:00Z,599.72998046875,603.5999755859375,592.5700073242188,593.719970703125,63145500,yfinance_public_market_data
QQQ,2026-03-16T04:00:00Z,600.0399780273438,603.8599853515625,599.1099853515625,600.3800048828125,49077200,yfinance_public_market_data
QQQ,2026-03-17T04:00:00Z,603.1400146484375,605.9000244140625,601.8699951171875,603.3099975585938,47106600,yfinance_public_market_data
QQQ,2026-03-18T04:00:00Z,601.489990234375,603.1599731445312,594.5599975585938,594.9000244140625,56128000,yfinance_public_market_data
QQQ,2026-03-19T04:00:00Z,589.510009765625,595.7999877929688,587.0800170898438,593.02001953125,75597600,yfinance_public_market_data
QQQ,2026-03-20T04:00:00Z,591.0599975585938,591.1699829101562,578.5399780273438,582.0599975585938,91964700,yfinance_public_market_data
QQQ,2026-03-23T04:00:00Z,590.52001953125,595.0800170898438,585.9600219726562,588.0,89936100,yfinance_public_market_data
QQQ,2026-03-24T04:00:00Z,584.8099975585938,587.9299926757812,581.9299926757812,583.97998046875,57750900,yfinance_public_market_data
QQQ,2026-03-25T04:00:00Z,589.1400146484375,591.3699951171875,585.6900024414062,587.8200073242188,60475500,yfinance_public_market_data
QQQ,2026-03-26T04:00:00Z,582.5999755859375,584.6300048828125,573.4299926757812,573.7899780273438,81492100,yfinance_public_market_data
QQQ,2026-03-27T04:00:00Z,570.8099975585938,571.02001953125,561.5700073242188,562.5800170898438,82702200,yfinance_public_market_data
QQQ,2026-03-30T04:00:00Z,567.3800048828125,568.0499877929688,555.5999755859375,558.280029296875,70602600,yfinance_public_market_data
QQQ,2026-03-31T04:00:00Z,564.2899780273438,578.6400146484375,564.2100219726562,577.1799926757812,95878000,yfinance_public_market_data
QQQ,2026-04-01T04:00:00Z,581.47998046875,587.739990234375,580.4199829101562,584.3099975585938,79435100,yfinance_public_market_data
QQQ,2026-04-02T04:00:00Z,573.969970703125,586.0499877929688,571.9199829101562,584.97998046875,50941700,yfinance_public_market_data
QQQ,2026-04-06T04:00:00Z,586.22998046875,590.6099853515625,584.6900024414062,588.5,35108500,yfinance_public_market_data
QQQ,2026-04-07T04:00:00Z,585.6400146484375,588.97998046875,578.4000244140625,588.5900268554688,49948200,yfinance_public_market_data
QQQ,2026-04-08T04:00:00Z,608.7100219726562,609.9000244140625,602.1199951171875,606.0900268554688,63086000,yfinance_public_market_data
QQQ,2026-04-09T04:00:00Z,605.9299926757812,610.5,603.030029296875,610.1900024414062,37837500,yfinance_public_market_data
QQQ,2026-04-10T04:00:00Z,611.8400268554688,613.6699829101562,609.5800170898438,611.0700073242188,34038500,yfinance_public_market_data
QQQ,2026-04-13T04:00:00Z,609.47998046875,626.739990234375,608.1099853515625,617.3900146484375,32972100,yfinance_public_market_data
QQQ,2026-04-14T04:00:00Z,620.219970703125,628.5999755859375,620.0999755859375,628.5999755859375,49921100,yfinance_public_market_data
QQQ,2026-04-15T04:00:00Z,629.0800170898438,637.8300170898438,628.2000122070312,637.4000244140625,50102400,yfinance_public_market_data
QQQ,2026-04-16T04:00:00Z,639.2100219726562,642.1799926757812,635.260009765625,640.469970703125,42320600,yfinance_public_market_data
QQQ,2026-04-17T04:00:00Z,645.5900268554688,650.0,644.0700073242188,648.8499755859375,53488900,yfinance_public_market_data
QQQ,2026-04-20T04:00:00Z,648.0399780273438,648.760009765625,642.52001953125,646.7899780273438,37138500,yfinance_public_market_data
QQQ,2026-04-21T04:00:00Z,648.4099731445312,650.2000122070312,642.2100219726562,644.3300170898438,39580500,yfinance_public_market_data
QQQ,2026-04-22T04:00:00Z,650.1500244140625,655.3300170898438,648.52001953125,655.1099853515625,37368400,yfinance_public_market_data
QQQ,2026-04-23T04:00:00Z,653.5499877929688,656.9199829101562,645.52001953125,651.4199829101562,40099800,yfinance_public_market_data
QQQ,2026-04-24T04:00:00Z,658.510009765625,664.510009765625,656.530029296875,663.8800048828125,45563100,yfinance_public_market_data
QQQ,2026-04-27T04:00:00Z,663.4000244140625,664.4299926757812,660.6900024414062,664.22998046875,32717000,yfinance_public_market_data
QQQ,2026-04-28T04:00:00Z,657.4099731445312,659.6400146484375,653.8099975585938,657.5499877929688,34147900,yfinance_public_market_data
QQQ,2026-04-29T04:00:00Z,658.6300048828125,661.719970703125,656.5900268554688,661.5700073242188,31724900,yfinance_public_market_data
QQQ,2026-04-30T04:00:00Z,665.3499755859375,668.9000244140625,657.5599975585938,667.739990234375,40622200,yfinance_public_market_data
QQQ,2026-05-01T04:00:00Z,669.1599731445312,675.969970703125,668.7999877929688,674.1500244140625,39172600,yfinance_public_market_data
QQQ,2026-05-04T04:00:00Z,674.6599731445312,676.72998046875,668.9000244140625,672.8800048828125,34542000,yfinance_public_market_data
QQQ,2026-05-05T04:00:00Z,677.9600219726562,682.77001953125,677.510009765625,681.6099853515625,37101100,yfinance_public_market_data
QQQ,2026-05-06T04:00:00Z,687.780029296875,695.9299926757812,686.47998046875,695.77001953125,38778500,yfinance_public_market_data
QQQ,2026-05-07T04:00:00Z,696.5800170898438,701.239990234375,691.77001953125,694.9400024414062,43779100,yfinance_public_market_data
QQQ,2026-05-08T04:00:00Z,699.9199829101562,711.22998046875,699.5,711.22998046875,44320400,yfinance_public_market_data
QQQ,2026-05-11T04:00:00Z,710.3599853515625,714.5900268554688,708.9099731445312,713.2899780273438,36019100,yfinance_public_market_data
QQQ,2026-05-12T04:00:00Z,708.219970703125,710.1799926757812,696.6400146484375,707.239990234375,45873000,yfinance_public_market_data
QQQ,2026-05-13T04:00:00Z,709.9600219726562,716.6500244140625,704.8300170898438,714.7100219726562,40012500,yfinance_public_market_data
QQQ,2026-05-14T04:00:00Z,714.6199951171875,722.030029296875,714.219970703125,719.7899780273438,33327500,yfinance_public_market_data
QQQ,2026-05-15T04:00:00Z,710.1400146484375,715.1300048828125,705.5499877929688,708.9299926757812,51792700,yfinance_public_market_data
QQQ,2026-05-18T04:00:00Z,711.5399780273438,712.0700073242188,698.8499755859375,705.8800048828125,49834500,yfinance_public_market_data
QQQ,2026-05-19T04:00:00Z,699.8099975585938,706.489990234375,695.25,701.530029296875,46827500,yfinance_public_market_data
QQQ,2026-05-20T04:00:00Z,705.2899780273438,713.1500244140625,703.7899780273438,713.1500244140625,36779200,yfinance_public_market_data
QQQ,2026-05-21T04:00:00Z,708.989990234375,717.1199951171875,706.77001953125,714.510009765625,36415400,yfinance_public_market_data
QQQ,2026-05-22T04:00:00Z,718.0700073242188,722.1199951171875,715.9500122070312,717.5399780273438,33118600,yfinance_public_market_data
QQQ,2026-05-26T04:00:00Z,725.9600219726562,731.1699829101562,724.1599731445312,730.280029296875,34254700,yfinance_public_market_data
QQQ,2026-05-27T04:00:00Z,732.9600219726562,733.3200073242188,725.4400024414062,729.4500122070312,35148700,yfinance_public_market_data
QQQ,2026-05-28T04:00:00Z,729.72998046875,736.5999755859375,726.4099731445312,735.5999755859375,32840000,yfinance_public_market_data
QQQ,2026-05-29T04:00:00Z,737.8400268554688,741.6300048828125,735.25,738.3099975585938,37541700,yfinance_public_market_data
QQQ,2026-06-01T04:00:00Z,737.0399780273438,745.6500244140625,735.989990234375,742.739990234375,33890600,yfinance_public_market_data
QQQ,2026-06-02T04:00:00Z,742.4000244140625,746.4400024414062,739.22998046875,746.1599731445312,30085200,yfinance_public_market_data
QQQ,2026-06-03T04:00:00Z,747.3099975585938,748.6500244140625,741.010009765625,744.2100219726562,40270200,yfinance_public_market_data
QQQ,2026-06-04T04:00:00Z,735.47998046875,743.5,732.6199951171875,740.6099853515625,40782600,yfinance_public_market_data
QQQ,2026-06-05T04:00:00Z,730.0599975585938,731.6900024414062,704.3200073242188,705.0599975585938,99606600,yfinance_public_market_data
QQQ,2026-06-08T04:00:00Z,717.8099975585938,723.030029296875,713.0700073242188,716.0700073242188,47401500,yfinance_public_market_data
QQQ,2026-06-09T04:00:00Z,722.97998046875,725.6599731445312,686.3699951171875,707.8300170898438,91932200,yfinance_public_market_data
QQQ,2026-06-10T04:00:00Z,701.6599731445312,711.280029296875,692.9299926757812,693.6900024414062,65334300,yfinance_public_market_data
QQQ,2026-06-11T04:00:00Z,699.2899780273438,718.3699951171875,695.0,717.1199951171875,71798900,yfinance_public_market_data
QQQ,2026-06-12T04:00:00Z,717.6099853515625,724.010009765625,711.280029296875,721.3400268554688,51168400,yfinance_public_market_data
QQQ,2026-06-15T04:00:00Z,738.0999755859375,744.760009765625,737.3800048828125,744.0,46710200,yfinance_public_market_data
QQQ,2026-06-16T04:00:00Z,742.25,744.219970703125,729.6400146484375,729.8599853515625,45348700,yfinance_public_market_data
QQQ,2026-06-17T04:00:00Z,735.1900024414062,735.6799926757812,720.8499755859375,722.510009765625,51669300,yfinance_public_market_data
QQQ,2026-06-18T04:00:00Z,737.2000122070312,741.8200073242188,732.510009765625,740.6199951171875,50154600,yfinance_public_market_data
QQQ,2026-06-22T04:00:00Z,742.02001953125,745.4500122070312,734.3900146484375,737.9500122070312,43518600,yfinance_public_market_data
QQQ,2026-06-23T04:00:00Z,715.739990234375,723.6099853515625,712.1099853515625,713.6500244140625,53354200,yfinance_public_market_data
QQQ,2026-06-24T04:00:00Z,715.3699951171875,719.9299926757812,704.4500122070312,710.6199951171875,52480400,yfinance_public_market_data
QQQ,2026-06-25T04:00:00Z,725.9000244140625,726.8300170898438,705.2999877929688,716.3800048828125,49668000,yfinance_public_market_data
QQQ,2026-06-26T04:00:00Z,707.1300048828125,715.5599975585938,702.8099975585938,706.52001953125,47081800,yfinance_public_market_data
QQQ,2026-06-29T04:00:00Z,713.989990234375,724.5800170898438,705.1699829101562,724.0800170898438,44939100,yfinance_public_market_data
QQQ,2026-06-30T04:00:00Z,724.1799926757812,737.6199951171875,723.9099731445312,736.4000244140625,42121800,yfinance_public_market_data
QQQ,2026-07-01T04:00:00Z,729.1900024414062,731.9199829101562,724.5999755859375,725.1699829101562,40803800,yfinance_public_market_data
QQQ,2026-07-02T04:00:00Z,725.5800170898438,730.8300170898438,707.5599975585938,712.5999755859375,50959800,yfinance_public_market_data
QQQ,2026-07-06T04:00:00Z,719.9299926757812,726.0800170898438,718.4500122070312,722.8200073242188,30220400,yfinance_public_market_data
QQQ,2026-07-07T04:00:00Z,714.1699829101562,716.3499755859375,704.9000244140625,709.4299926757812,42483100,yfinance_public_market_data
QQQ,2026-07-08T04:00:00Z,704.9500122070312,712.260009765625,700.9099731445312,711.4400024414062,35603200,yfinance_public_market_data
QQQ,2026-07-09T04:00:00Z,718.3300170898438,724.22998046875,715.1300048828125,723.280029296875,33654700,yfinance_public_market_data
QQQ,2026-07-10T04:00:00Z,720.7000122070312,726.3900146484375,717.0,725.510009765625,26415900,yfinance_public_market_data
QQQ,2026-07-13T04:00:00Z,717.719970703125,718.739990234375,710.0800170898438,711.739990234375,36552400,yfinance_public_market_data
QQQ,2026-07-14T04:00:00Z,720.219970703125,722.2899780273438,714.3400268554688,719.6900024414062,29448100,yfinance_public_market_data
QQQ,2026-07-15T04:00:00Z,723.8499755859375,724.3599853515625,710.22998046875,717.739990234375,32627600,yfinance_public_market_data
QQQ,2026-07-16T04:00:00Z,712.010009765625,713.5999755859375,702.6099853515625,705.9400024414062,39402000,yfinance_public_market_data
QQQ,2026-07-17T04:00:00Z,691.6500244140625,702.2999877929688,686.760009765625,695.3300170898438,54109300,yfinance_public_market_data
QQQ,2026-07-20T04:00:00Z,702.1599731445312,705.7999877929688,695.510009765625,696.0599975585938,29687600,yfinance_public_market_data
QQQ,2026-07-21T04:00:00Z,706.5700073242188,710.0499877929688,702.7999877929688,708.969970703125,33728300,yfinance_public_market_data
QQQ,2026-07-22T04:00:00Z,703.6199951171875,709.6500244140625,703.6199951171875,705.3499755859375,23692200,yfinance_public_market_data
QQQ,2026-07-23T04:00:00Z,694.6699829101562,698.6599731445312,687.7899780273438,691.9600219726562,44028600,yfinance_public_market_data
QQQ,2026-07-24T04:00:00Z,690.4099731445312,692.6300048828125,682.47998046875,684.22998046875,42876700,yfinance_public_market_data
QQQ,2026-07-27T04:00:00Z,691.6799926757812,692.2999877929688,675.9500122070312,682.1199951171875,42681500,yfinance_public_market_data
QQQ,2026-07-28T04:00:00Z,676.22998046875,679.4000244140625,667.8800048828125,675.489990234375,51398700,yfinance_public_market_data
QQQ,2026-07-29T04:00:00Z,675.510009765625,680.0499877929688,661.1400146484375,661.72998046875,57233300,yfinance_public_market_data
QQQ,2026-07-30T04:00:00Z,674.760009765625,685.1199951171875,673.2999877929688,683.5499877929688,66753700,yfinance_public_market_data
QQQ,2026-07-31T04:00:00Z,692.1099853515625,695.77001953125,680.0499877929688,687.989990234375,50540500,yfinance_public_market_data
QQQ,2026-08-03T04:00:00Z,688.2999877929688,701.5900268554688,685.8200073242188,700.0700073242188,44965100,yfinance_public_market_data
QQQ,2026-08-04T04:00:00Z,708.1599731445312,725.6599731445312,707.530029296875,723.8499755859375,59778600,yfinance_public_market_data
QQQ,2026-08-05T04:00:00Z,726.25,728.5399780273438,716.9199829101562,717.2999877929688,33540200,yfinance_public_market_data
QQQ,2026-08-06T04:00:00Z,710.8200073242188,719.3200073242188,708.5,714.6500244140625,33035900,yfinance_public_market_data
QQQ,2026-08-07T04:00:00Z,720.1500244140625,723.6300048828125,716.510009765625,723.030029296875,31070400,yfinance_public_market_data
QQQ,2026-08-10T04:00:00Z,722.3900146484375,724.6699829101562,720.3300170898438,720.8699951171875,26243200,yfinance_public_market_data
QQQ,2026-08-11T04:00:00Z,723.2899780273438,723.3499755859375,715.5,718.4500122070312,29286100,yfinance_public_market_data
QQQ,2026-08-12T04:00:00Z,727.0800170898438,727.25,722.9199829101562,723.7000122070312,29066000,yfinance_public_market_data
QQQ,2026-08-13T04:00:00Z,725.1500244140625,733.9600219726562,724.030029296875,732.0700073242188,31599700,yfinance_public_market_data
QQQ,2026-08-14T04:00:00Z,733.4099731445312,734.3900146484375,728.3200073242188,731.0700073242188,23790600,yfinance_public_market_data
QQQ,2026-08-17T04:00:00Z,732.9500122070312,734.5800170898438,729.27001953125,729.8699951171875,26452600,yfinance_public_market_data
QQQ,2026-08-18T04:00:00Z,720.2100219726562,722.1300048828125,715.9199829101562,717.510009765625,48997200,yfinance_public_market_data
QQQ,2026-08-19T04:00:00Z,720.3900146484375,721.5,712.6099853515625,716.0800170898438,35801700,yfinance_public_market_data
QQQ,2026-08-20T04:00:00Z,712.0900268554688,714.9400024414062,708.52001953125,710.9299926757812,33396400,yfinance_public_market_data
QQQ,2026-08-21T04:00:00Z,715.22998046875,715.6699829101562,709.2000122070312,713.4400024414062,33399400,yfinance_public_market_data
QQQ,2026-08-24T04:00:00Z,709.6599731445312,709.7899780273438,702.7000122070312,706.3200073242188,37443100,yfinance_public_market_data
QQQ,2026-08-25T04:00:00Z,711.219970703125,714.0399780273438,707.4500122070312,710.719970703125,23869600,yfinance_public_market_data
QQQ,2026-08-26T04:00:00Z,708.4099731445312,713.02001953125,707.969970703125,711.3699951171875,20392400,yfinance_public_market_data
QQQ,2026-08-27T04:00:00Z,716.9299926757812,721.3499755859375,714.530029296875,721.1099853515625,28723500,yfinance_public_market_data
QQQ,2026-08-28T04:00:00Z,719.739990234375,724.1300048828125,715.0900268554688,716.4299926757812,34105400,yfinance_public_market_data
QQQ,2026-08-31T04:00:00Z,715.1699829101562,717.5800170898438,713.1599731445312,716.760009765625,32237200,yfinance_public_market_data
QQQ,2026-09-01T04:00:00Z,707.3900146484375,712.2999877929688,704.6599731445312,707.6400146484375,35236100,yfinance_public_market_data
QQQ,2026-09-02T04:00:00Z,707.0999755859375,709.7999877929688,705.0999755859375,709.239990234375,23476200,yfinance_public_market_data
QQQ,2026-09-03T04:00:00Z,710.8499755859375,718.9199829101562,709.6900024414062,717.6699829101562,29449800,yfinance_public_market_data
QQQ,2026-09-04T04:00:00Z,719.3499755859375,721.8599853515625,716.5599975585938,718.9600219726562,32784600,yfinance_public_market_data
TLT,2025-09-05T04:00:00Z,88.22000122070312,88.61000061035156,88.13999938964844,88.55999755859375,69668000,yfinance_public_market_data
TLT,2025-09-08T04:00:00Z,89.16999816894531,89.76000213623047,89.12000274658203,89.73999786376953,54538700,yfinance_public_market_data
TLT,2025-09-09T04:00:00Z,89.4000015258789,89.55000305175781,88.98999786376953,89.2300033569336,37126400,yfinance_public_market_data
TLT,2025-09-10T04:00:00Z,89.4000015258789,90.06999969482422,89.19000244140625,89.73999786376953,40713600,yfinance_public_market_data
TLT,2025-09-11T04:00:00Z,89.91000366210938,90.4800033569336,89.9000015258789,90.33999633789062,46694400,yfinance_public_market_data
TLT,2025-09-12T04:00:00Z,89.83000183105469,89.9800033569336,89.48999786376953,89.94999694824219,32968600,yfinance_public_market_data
TLT,2025-09-15T04:00:00Z,90.1500015258789,90.45999908447266,90.06999969482422,90.16000366210938,24820100,yfinance_public_market_data
TLT,2025-09-16T04:00:00Z,90.08999633789062,90.5,90.04000091552734,90.3499984741211,26794200,yfinance_public_market_data
TLT,2025-09-17T04:00:00Z,90.70999908447266,91.04000091552734,89.87000274658203,90.12000274658203,49121800,yfinance_public_market_data
TLT,2025-09-18T04:00:00Z,89.26000213623047,89.47000122070312,88.9000015258789,89.19000244140625,55717900,yfinance_public_market_data
TLT,2025-09-19T04:00:00Z,89.06999969482422,89.2300033569336,88.79000091552734,89.0199966430664,32509200,yfinance_public_market_data
TLT,2025-09-22T04:00:00Z,88.81999969482422,88.91000366210938,88.54000091552734,88.69999694824219,24758200,yfinance_public_market_data
TLT,2025-09-23T04:00:00Z,88.97000122070312,89.36000061035156,88.75,89.31999969482422,26689000,yfinance_public_market_data
TLT,2025-09-24T04:00:00Z,89.08000183105469,89.16000366210938,88.69999694824219,88.9800033569336,28098000,yfinance_public_market_data
TLT,2025-09-25T04:00:00Z,88.8499984741211,89.02999877929688,88.45999908447266,88.9800033569336,29882500,yfinance_public_market_data
TLT,2025-09-26T04:00:00Z,88.98999786376953,89.47000122070312,88.69000244140625,88.9000015258789,30955100,yfinance_public_market_data
TLT,2025-09-29T04:00:00Z,89.29000091552734,89.73999786376953,89.26000213623047,89.62999725341797,32286200,yfinance_public_market_data
TLT,2025-09-30T04:00:00Z,89.66000366210938,90.04000091552734,89.20999908447266,89.37000274658203,38584000,yfinance_public_market_data
TLT,2025-10-01T04:00:00Z,89.44999694824219,89.63999938964844,89.08999633789062,89.29000091552734,39408900,yfinance_public_market_data
TLT,2025-10-02T04:00:00Z,89.30999755859375,89.69000244140625,89.19000244140625,89.55000305175781,23208300,yfinance_public_market_data
TLT,2025-10-03T04:00:00Z,89.62999725341797,89.72000122070312,89.2699966430664,89.37999725341797,25884500,yfinance_public_market_data
TLT,2025-10-06T04:00:00Z,88.70999908447266,89.16000366210938,88.6500015258789,88.66999816894531,28371000,yfinance_public_market_data
TLT,2025-10-07T04:00:00Z,88.97000122070312,89.37999725341797,88.80999755859375,89.18000030517578,29103300,yfinance_public_market_data
TLT,2025-10-08T04:00:00Z,89.5999984741211,89.62000274658203,89.12999725341797,89.25,22506200,yfinance_public_market_data
TLT,2025-10-09T04:00:00Z,89.16999816894531,89.29000091552734,89.01000213623047,89.18000030517578,21578700,yfinance_public_market_data
TLT,2025-10-10T04:00:00Z,89.9800033569336,90.72000122070312,89.9000015258789,90.62000274658203,59389400,yfinance_public_market_data
TLT,2025-10-13T04:00:00Z,90.27999877929688,90.58000183105469,89.86000061035156,90.56999969482422,28035500,yfinance_public_market_data
TLT,2025-10-14T04:00:00Z,90.6500015258789,90.91999816894531,90.43000030517578,90.86000061035156,29800000,yfinance_public_market_data
TLT,2025-10-15T04:00:00Z,90.95999908447266,91.30000305175781,90.47000122070312,90.66000366210938,31333900,yfinance_public_market_data
TLT,2025-10-16T04:00:00Z,90.5199966430664,91.5,90.44999694824219,91.33999633789062,39631200,yfinance_public_market_data
TLT,2025-10-17T04:00:00Z,91.25,91.29000091552734,90.9000015258789,91.19999694824219,40240400,yfinance_public_market_data
TLT,2025-10-20T04:00:00Z,91.45999908447266,91.55999755859375,91.27999877929688,91.55000305175781,28429300,yfinance_public_market_data
TLT,2025-10-21T04:00:00Z,91.98999786376953,92.19000244140625,91.91000366210938,92.0,24514300,yfinance_public_market_data
TLT,2025-10-22T04:00:00Z,91.98999786376953,92.18000030517578,91.81999969482422,92.05999755859375,30496200,yfinance_public_market_data
TLT,2025-10-23T04:00:00Z,91.61000061035156,91.79000091552734,91.29000091552734,91.43000030517578,28275100,yfinance_public_market_data
TLT,2025-10-24T04:00:00Z,91.58999633789062,91.5999984741211,91.16000366210938,91.47000122070312,28266000,yfinance_public_market_data
TLT,2025-10-27T04:00:00Z,91.31999969482422,91.79000091552734,91.08999633789062,91.77999877929688,30033600,yfinance_public_market_data
TLT,2025-10-28T04:00:00Z,91.8499984741211,92.18000030517578,91.80999755859375,92.0199966430664,23564500,yfinance_public_market_data
TLT,2025-10-29T04:00:00Z,91.87999725341797,91.88999938964844,91.0199966430664,91.08999633789062,39551600,yfinance_public_market_data
TLT,2025-10-30T04:00:00Z,90.38999938964844,90.97000122070312,90.3499984741211,90.55999755859375,42649200,yfinance_public_market_data
TLT,2025-10-31T04:00:00Z,90.55999755859375,90.66000366210938,90.19999694824219,90.29000091552734,38247300,yfinance_public_market_data
TLT,2025-11-03T05:00:00Z,89.62000274658203,89.81999969482422,89.41999816894531,89.73999786376953,40752300,yfinance_public_market_data
TLT,2025-11-04T05:00:00Z,89.77999877929688,90.05999755859375,89.73999786376953,89.94000244140625,26383800,yfinance_public_market_data
TLT,2025-11-05T05:00:00Z,89.51000213623047,89.55000305175781,88.87999725341797,88.95999908447266,44643400,yfinance_public_market_data
TLT,2025-11-06T05:00:00Z,89.55999755859375,89.8499984741211,89.52999877929688,89.76000213623047,33027400,yfinance_public_market_data
TLT,2025-11-07T05:00:00Z,89.36000061035156,89.87000274658203,89.36000061035156,89.56999969482422,28530100,yfinance_public_market_data
TLT,2025-11-10T05:00:00Z,89.48999786376953,89.66999816894531,89.38999938964844,89.55000305175781,24093500,yfinance_public_market_data
TLT,2025-11-11T05:00:00Z,89.94999694824219,90.06999969482422,89.77999877929688,89.95999908447266,18942300,yfinance_public_market_data
TLT,2025-11-12T05:00:00Z,89.94999694824219,90.31999969482422,89.87999725341797,90.12000274658203,23594900,yfinance_public_market_data
TLT,2025-11-13T05:00:00Z,89.80000305175781,89.94000244140625,89.37999725341797,89.37999725341797,33825900,yfinance_public_market_data
TLT,2025-11-14T05:00:00Z,89.79000091552734,89.83999633789062,88.87000274658203,88.87000274658203,38550500,yfinance_public_market_data
TLT,2025-11-17T05:00:00Z,89.08000183105469,89.30000305175781,88.9800033569336,89.08999633789062,25605800,yfinance_public_market_data
TLT,2025-11-18T05:00:00Z,89.3499984741211,89.44999694824219,88.80000305175781,89.05999755859375,31967400,yfinance_public_market_data
TLT,2025-11-19T05:00:00Z,89.2300033569336,89.30999755859375,88.8499984741211,88.87999725341797,25782400,yfinance_public_market_data
TLT,2025-11-20T05:00:00Z,88.98999786376953,89.41999816894531,88.98999786376953,89.2300033569336,32945000,yfinance_public_market_data
TLT,2025-11-21T05:00:00Z,89.6500015258789,89.66999816894531,89.19999694824219,89.5,41938600,yfinance_public_market_data
TLT,2025-11-24T05:00:00Z,89.94999694824219,90.06999969482422,89.77999877929688,90.01000213623047,30865700,yfinance_public_market_data
TLT,2025-11-25T05:00:00Z,90.30999755859375,90.58999633789062,90.12999725341797,90.23999786376953,36503300,yfinance_public_market_data
TLT,2025-11-26T05:00:00Z,90.1500015258789,90.63999938964844,89.83000183105469,90.63999938964844,34099000,yfinance_public_market_data
TLT,2025-11-28T05:00:00Z,90.45999908447266,90.52999877929688,89.94999694824219,90.20999908447266,40704300,yfinance_public_market_data
TLT,2025-12-01T05:00:00Z,88.8499984741211,88.98999786376953,88.70999908447266,88.7699966430664,47086600,yfinance_public_market_data
TLT,2025-12-02T05:00:00Z,88.58000183105469,88.95999908447266,88.45999908447266,88.80999755859375,27605700,yfinance_public_market_data
TLT,2025-12-03T05:00:00Z,88.91999816894531,89.16000366210938,88.73999786376953,89.05999755859375,23278600,yfinance_public_market_data
TLT,2025-12-04T05:00:00Z,88.91000366210938,88.93000030517578,88.4800033569336,88.58000183105469,25541500,yfinance_public_market_data
TLT,2025-12-05T05:00:00Z,88.55000305175781,88.55000305175781,88.05000305175781,88.16999816894531,32808100,yfinance_public_market_data
TLT,2025-12-08T05:00:00Z,88.19000244140625,88.19999694824219,87.55999755859375,87.87999725341797,32255200,yfinance_public_market_data
TLT,2025-12-09T05:00:00Z,88.33999633789062,88.3499984741211,87.83999633789062,87.97000122070312,25771800,yfinance_public_market_data
TLT,2025-12-10T05:00:00Z,88.0,88.5199966430664,87.86000061035156,88.30999755859375,46833500,yfinance_public_market_data
TLT,2025-12-11T05:00:00Z,88.69000244140625,88.83000183105469,88.16000366210938,88.19000244140625,26778700,yfinance_public_market_data
TLT,2025-12-12T05:00:00Z,87.37999725341797,87.5,87.19000244140625,87.33999633789062,47030100,yfinance_public_market_data
TLT,2025-12-15T05:00:00Z,87.72000122070312,87.87999725341797,87.38999938964844,87.4000015258789,28611800,yfinance_public_market_data
TLT,2025-12-16T05:00:00Z,87.19000244140625,87.91999816894531,87.16999816894531,87.87999725341797,41018700,yfinance_public_market_data
TLT,2025-12-17T05:00:00Z,87.62999725341797,87.98999786376953,87.58000183105469,87.80000305175781,24668300,yfinance_public_market_data
TLT,2025-12-18T05:00:00Z,88.12999725341797,88.37999725341797,88.06999969482422,88.22000122070312,39048900,yfinance_public_market_data
TLT,2025-12-19T05:00:00Z,87.61000061035156,87.76000213623047,87.41000366210938,87.55000305175781,37858100,yfinance_public_market_data
TLT,2025-12-22T05:00:00Z,87.41999816894531,87.45999908447266,87.25,87.36000061035156,25547100,yfinance_public_market_data
TLT,2025-12-23T05:00:00Z,87.06999969482422,87.58000183105469,87.02999877929688,87.5,33624100,yfinance_public_market_data
TLT,2025-12-24T05:00:00Z,87.76000213623047,88.08000183105469,87.6500015258789,88.02999877929688,25942000,yfinance_public_market_data
TLT,2025-12-26T05:00:00Z,88.0999984741211,88.16999816894531,87.5999984741211,87.73999786376953,26522700,yfinance_public_market_data
TLT,2025-12-29T05:00:00Z,87.94999694824219,88.06999969482422,87.79000091552734,88.06999969482422,29399800,yfinance_public_market_data
TLT,2025-12-30T05:00:00Z,87.73999786376953,88.04000091552734,87.66999816894531,87.86000061035156,25106800,yfinance_public_market_data
TLT,2025-12-31T05:00:00Z,87.68000030517578,87.91000366210938,87.12999725341797,87.16000366210938,36500000,yfinance_public_market_data
TLT,2026-01-02T05:00:00Z,87.4000015258789,87.41000366210938,87.0199966430664,87.02999877929688,40731300,yfinance_public_market_data
TLT,2026-01-05T05:00:00Z,87.18000030517578,87.5199966430664,87.11000061035156,87.45999908447266,30178000,yfinance_public_market_data
TLT,2026-01-06T05:00:00Z,87.1500015258789,87.33999633789062,86.9000015258789,87.27999877929688,39015200,yfinance_public_market_data
TLT,2026-01-07T05:00:00Z,87.83999633789062,88.01000213623047,87.4800033569336,87.79000091552734,39930900,yfinance_public_market_data
TLT,2026-01-08T05:00:00Z,87.33000183105469,87.55000305175781,87.25,87.3499984741211,28204900,yfinance_public_market_data
TLT,2026-01-09T05:00:00Z,87.30000305175781,88.0,87.12000274658203,87.93000030517578,57348800,yfinance_public_market_data
TLT,2026-01-12T05:00:00Z,87.5,87.91000366210938,87.41000366210938,87.66999816894531,36103100,yfinance_public_market_data
TLT,2026-01-13T05:00:00Z,87.87999725341797,87.91000366210938,87.54000091552734,87.81999969482422,30451400,yfinance_public_market_data
TLT,2026-01-14T05:00:00Z,87.91000366210938,88.43000030517578,87.88999938964844,88.33000183105469,39233500,yfinance_public_market_data
TLT,2026-01-15T05:00:00Z,88.63999938964844,88.66000366210938,88.30999755859375,88.30999755859375,37988900,yfinance_public_market_data
TLT,2026-01-16T05:00:00Z,88.12999725341797,88.31999969482422,87.70999908447266,87.80000305175781,46382400,yfinance_public_market_data
TLT,2026-01-20T05:00:00Z,86.62999725341797,87.02999877929688,86.54000091552734,86.6500015258789,66009500,yfinance_public_market_data
TLT,2026-01-21T05:00:00Z,86.80000305175781,87.4800033569336,86.62000274658203,87.30999755859375,51220100,yfinance_public_market_data
TLT,2026-01-22T05:00:00Z,87.2699966430664,87.76000213623047,87.13999938964844,87.69000244140625,42419300,yfinance_public_market_data
TLT,2026-01-23T05:00:00Z,87.83000183105469,88.02999877929688,87.5,87.93000030517578,35968800,yfinance_public_market_data
TLT,2026-01-26T05:00:00Z,88.4000015258789,88.48999786376953,88.19999694824219,88.3499984741211,38882400,yfinance_public_market_data
TLT,2026-01-27T05:00:00Z,88.11000061035156,88.25,87.68000030517578,87.80000305175781,35180100,yfinance_public_market_data
TLT,2026-01-28T05:00:00Z,87.51000213623047,87.69999694824219,87.29000091552734,87.5999984741211,38750300,yfinance_public_market_data
TLT,2026-01-29T05:00:00Z,87.1500015258789,87.73999786376953,87.08000183105469,87.62000274658203,43855000,yfinance_public_market_data
TLT,2026-01-30T05:00:00Z,87.37999725341797,87.55999755859375,87.12999725341797,87.12999725341797,45832200,yfinance_public_market_data
TLT,2026-02-02T05:00:00Z,87.0199966430664,87.05999755859375,86.55000305175781,86.55000305175781,38171400,yfinance_public_market_data
TLT,2026-02-03T05:00:00Z,86.48999786376953,86.77999877929688,86.43000030517578,86.76000213623047,27438200,yfinance_public_market_data
TLT,2026-02-04T05:00:00Z,86.62999725341797,86.77999877929688,86.45999908447266,86.54000091552734,37872900,yfinance_public_market_data
TLT,2026-02-05T05:00:00Z,86.93000030517578,87.4800033569336,86.75,87.4800033569336,50268900,yfinance_public_market_data
TLT,2026-02-06T05:00:00Z,87.44999694824219,87.54000091552734,87.19999694824219,87.54000091552734,33461800,yfinance_public_market_data
TLT,2026-02-09T05:00:00Z,87.19999694824219,87.58000183105469,87.02999877929688,87.5199966430664,24708900,yfinance_public_market_data
TLT,2026-02-10T05:00:00Z,88.23999786376953,88.52999877929688,88.22000122070312,88.52999877929688,37253700,yfinance_public_market_data
TLT,2026-02-11T05:00:00Z,88.04000091552734,88.4800033569336,87.94000244140625,88.05999755859375,37014000,yfinance_public_market_data
TLT,2026-02-12T05:00:00Z,88.36000061035156,89.27999877929688,88.3499984741211,89.2300033569336,48454900,yfinance_public_market_data
TLT,2026-02-13T05:00:00Z,89.62999725341797,89.80999755859375,89.5199966430664,89.72000122070312,56785200,yfinance_public_market_data
TLT,2026-02-17T05:00:00Z,89.93000030517578,90.12000274658203,89.76000213623047,89.87000274658203,32356700,yfinance_public_market_data
TLT,2026-02-18T05:00:00Z,89.69000244140625,89.86000061035156,89.47000122070312,89.52999877929688,35415400,yfinance_public_market_data
TLT,2026-02-19T05:00:00Z,89.4000015258789,89.72000122070312,89.37000274658203,89.62000274658203,28658600,yfinance_public_market_data
TLT,2026-02-20T05:00:00Z,89.69999694824219,89.73999786376953,88.93000030517578,89.41000366210938,49610800,yfinance_public_market_data
TLT,2026-02-23T05:00:00Z,89.55000305175781,90.0,89.52999877929688,89.73999786376953,33614600,yfinance_public_market_data
TLT,2026-02-24T05:00:00Z,89.94999694824219,90.05000305175781,89.76000213623047,89.9000015258789,24933900,yfinance_public_market_data
TLT,2026-02-25T05:00:00Z,89.70999908447266,90.08000183105469,89.70999908447266,89.91000366210938,23625800,yfinance_public_market_data
TLT,2026-02-26T05:00:00Z,90.05999755859375,90.31999969482422,90.05000305175781,90.2699966430664,29447100,yfinance_public_market_data
TLT,2026-02-27T05:00:00Z,90.69000244140625,90.86000061035156,90.55000305175781,90.81999969482422,51272000,yfinance_public_market_data
TLT,2026-03-02T05:00:00Z,89.9800033569336,89.98999786376953,89.36000061035156,89.61000061035156,55465500,yfinance_public_market_data
TLT,2026-03-03T05:00:00Z,88.9800033569336,89.66999816894531,88.94000244140625,89.43000030517578,51850400,yfinance_public_market_data
TLT,2026-03-04T05:00:00Z,89.2699966430664,89.44000244140625,89.0999984741211,89.1500015258789,47069500,yfinance_public_market_data
TLT,2026-03-05T05:00:00Z,88.62999725341797,88.94000244140625,88.51000213623047,88.79000091552734,45768900,yfinance_public_market_data
TLT,2026-03-06T05:00:00Z,88.31999969482422,88.94000244140625,88.0199966430664,88.45999908447266,58136900,yfinance_public_market_data
TLT,2026-03-09T04:00:00Z,88.30000305175781,89.31999969482422,88.20999908447266,89.2300033569336,52478700,yfinance_public_market_data
TLT,2026-03-10T04:00:00Z,88.80000305175781,88.94999694824219,88.2699966430664,88.27999877929688,48651500,yfinance_public_market_data
TLT,2026-03-11T04:00:00Z,87.75,87.80999755859375,87.08000183105469,87.13999938964844,54679900,yfinance_public_market_data
TLT,2026-03-12T04:00:00Z,86.91000366210938,87.25,86.77999877929688,86.97000122070312,48977000,yfinance_public_market_data
TLT,2026-03-13T04:00:00Z,86.93000030517578,87.1500015258789,86.47000122070312,86.54000091552734,43460000,yfinance_public_market_data
TLT,2026-03-16T04:00:00Z,87.18000030517578,87.33999633789062,86.95999908447266,87.20999908447266,37341500,yfinance_public_market_data
TLT,2026-03-17T04:00:00Z,87.36000061035156,87.56999969482422,87.31999969482422,87.44999694824219,19578100,yfinance_public_market_data
TLT,2026-03-18T04:00:00Z,87.36000061035156,87.4800033569336,86.93000030517578,86.95999908447266,37596600,yfinance_public_market_data
TLT,2026-03-19T04:00:00Z,87.05999755859375,87.7300033569336,86.97000122070312,87.48999786376953,60307400,yfinance_public_market_data
TLT,2026-03-20T04:00:00Z,86.80999755859375,86.86000061035156,85.76000213623047,85.83000183105469,78948500,yfinance_public_market_data
TLT,2026-03-23T04:00:00Z,86.18000030517578,86.72000122070312,85.94000244140625,86.38999938964844,69686700,yfinance_public_market_data
TLT,2026-03-24T04:00:00Z,85.72000122070312,86.29000091552734,85.55999755859375,86.01000213623047,51799400,yfinance_public_market_data
TLT,2026-03-25T04:00:00Z,86.75,86.87999725341797,86.4800033569336,86.83999633789062,37861000,yfinance_public_market_data
TLT,2026-03-26T04:00:00Z,86.33999633789062,86.61000061035156,85.93000030517578,86.11000061035156,39537000,yfinance_public_market_data
TLT,2026-03-27T04:00:00Z,85.5,86.0999984741211,85.44999694824219,85.63999938964844,39928900,yfinance_public_market_data
TLT,2026-03-30T04:00:00Z,86.62999725341797,86.94999694824219,86.48999786376953,86.77999877929688,36473200,yfinance_public_market_data
TLT,2026-03-31T04:00:00Z,86.93000030517578,87.16000366210938,86.56999969482422,86.69000244140625,47112200,yfinance_public_market_data
TLT,2026-04-01T04:00:00Z,86.27999877929688,86.70999908447266,86.2300033569336,86.26000213623047,31157600,yfinance_public_market_data
TLT,2026-04-02T04:00:00Z,86.20999908447266,86.8499984741211,86.1500015258789,86.79000091552734,33310600,yfinance_public_market_data
TLT,2026-04-06T04:00:00Z,86.5,86.8499984741211,86.38999938964844,86.6500015258789,14660300,yfinance_public_market_data
TLT,2026-04-07T04:00:00Z,86.5199966430664,86.68000030517578,85.91000366210938,86.63999938964844,22747200,yfinance_public_market_data
TLT,2026-04-08T04:00:00Z,87.36000061035156,87.37000274658203,86.7300033569336,86.91999816894531,22244900,yfinance_public_market_data
TLT,2026-04-09T04:00:00Z,86.69000244140625,87.12999725341797,86.38999938964844,86.69999694824219,18909100,yfinance_public_market_data
TLT,2026-04-10T04:00:00Z,86.5999984741211,86.68000030517578,86.33000183105469,86.48999786376953,13247700,yfinance_public_market_data
TLT,2026-04-13T04:00:00Z,86.44000244140625,86.80000305175781,86.25,86.75,12719700,yfinance_public_market_data
TLT,2026-04-14T04:00:00Z,86.69999694824219,87.23999786376953,86.62999725341797,87.20999908447266,16606900,yfinance_public_market_data
TLT,2026-04-15T04:00:00Z,87.0199966430664,87.06999969482422,86.7300033569336,86.83000183105469,15119600,yfinance_public_market_data
TLT,2026-04-16T04:00:00Z,86.91999816894531,86.97000122070312,86.19999694824219,86.27999877929688,20001000,yfinance_public_market_data
TLT,2026-04-17T04:00:00Z,87.05000305175781,87.20999908447266,86.88999938964844,87.06999969482422,29604100,yfinance_public_market_data
TLT,2026-04-20T04:00:00Z,87.11000061035156,87.12999725341797,86.70999908447266,87.05000305175781,14623500,yfinance_public_market_data
TLT,2026-04-21T04:00:00Z,86.97000122070312,87.08999633789062,86.52999877929688,86.56999969482422,19798700,yfinance_public_market_data
TLT,2026-04-22T04:00:00Z,87.05000305175781,87.16000366210938,86.70999908447266,86.73999786376953,13676800,yfinance_public_market_data
TLT,2026-04-23T04:00:00Z,86.83000183105469,87.04000091552734,86.23999786376953,86.55000305175781,21106700,yfinance_public_market_data
TLT,2026-04-24T04:00:00Z,86.45999908447266,86.81999969482422,86.25,86.70999908447266,22285700,yfinance_public_market_data
TLT,2026-04-27T04:00:00Z,86.48999786376953,86.62000274658203,86.19000244140625,86.27999877929688,19250100,yfinance_public_market_data
TLT,2026-04-28T04:00:00Z,86.12000274658203,86.37000274658203,85.94000244140625,86.37000274658203,14553600,yfinance_public_market_data
TLT,2026-04-29T04:00:00Z,85.98999786376953,85.98999786376953,85.55000305175781,85.69999694824219,29020800,yfinance_public_market_data
TLT,2026-04-30T04:00:00Z,85.88999938964844,85.9000015258789,85.38999938964844,85.62000274658203,28516200,yfinance_public_market_data
TLT,2026-05-01T04:00:00Z,85.5,86.0,85.33999633789062,85.61000061035156,21281000,yfinance_public_market_data
TLT,2026-05-04T04:00:00Z,85.3499984741211,85.36000061035156,84.76000213623047,84.95999908447266,27226000,yfinance_public_market_data
TLT,2026-05-05T04:00:00Z,85.1500015258789,85.48999786376953,85.08999633789062,85.43000030517578,18226500,yfinance_public_market_data
TLT,2026-05-06T04:00:00Z,86.05000305175781,86.16999816894531,85.91999816894531,86.08000183105469,22530700,yfinance_public_market_data
TLT,2026-05-07T04:00:00Z,86.27999877929688,86.29000091552734,85.5999984741211,85.6500015258789,21178300,yfinance_public_market_data
TLT,2026-05-08T04:00:00Z,86.05999755859375,86.27999877929688,85.98999786376953,86.08000183105469,30797600,yfinance_public_market_data
TLT,2026-05-11T04:00:00Z,85.87999725341797,85.91999816894531,85.48999786376953,85.55999755859375,17713700,yfinance_public_market_data
TLT,2026-05-12T04:00:00Z,85.19000244140625,85.19999694824219,84.91999816894531,84.98999786376953,27680600,yfinance_public_market_data
TLT,2026-05-13T04:00:00Z,84.94000244140625,85.05000305175781,84.58999633789062,84.80000305175781,26295100,yfinance_public_market_data
TLT,2026-05-14T04:00:00Z,85.26000213623047,85.37999725341797,84.91000366210938,84.91999816894531,25247200,yfinance_public_market_data
TLT,2026-05-15T04:00:00Z,83.87000274658203,83.97000122070312,83.58999633789062,83.66000366210938,50796000,yfinance_public_market_data
TLT,2026-05-18T04:00:00Z,83.69999694824219,83.91999816894531,83.31999969482422,83.55999755859375,26166200,yfinance_public_market_data
TLT,2026-05-19T04:00:00Z,82.95999908447266,83.2300033569336,82.7699966430664,83.0199966430664,35346600,yfinance_public_market_data
TLT,2026-05-20T04:00:00Z,83.05999755859375,84.0,83.04000091552734,83.91000366210938,44498000,yfinance_public_market_data
TLT,2026-05-21T04:00:00Z,83.62000274658203,84.26000213623047,83.33000183105469,84.22000122070312,24887000,yfinance_public_market_data
TLT,2026-05-22T04:00:00Z,84.61000061035156,84.68000030517578,84.13999938964844,84.68000030517578,27987700,yfinance_public_market_data
TLT,2026-05-26T04:00:00Z,85.33999633789062,85.37999725341797,84.9000015258789,85.0999984741211,22531200,yfinance_public_market_data
TLT,2026-05-27T04:00:00Z,85.25,85.4800033569336,85.1500015258789,85.30000305175781,23589600,yfinance_public_market_data
TLT,2026-05-28T04:00:00Z,85.36000061035156,85.8499984741211,85.2699966430664,85.73999786376953,25417300,yfinance_public_market_data
TLT,2026-05-29T04:00:00Z,85.80999755859375,85.95999908447266,85.55000305175781,85.76000213623047,33118600,yfinance_public_market_data
TLT,2026-06-01T04:00:00Z,84.93000030517578,85.54000091552734,84.80000305175781,85.47000122070312,26322400,yfinance_public_market_data
TLT,2026-06-02T04:00:00Z,85.80000305175781,85.81999969482422,85.5,85.6500015258789,20319000,yfinance_public_market_data
TLT,2026-06-03T04:00:00Z,85.29000091552734,85.43000030517578,85.0999984741211,85.30999755859375,15372000,yfinance_public_market_data
TLT,2026-06-04T04:00:00Z,85.61000061035156,85.70999908447266,85.41999816894531,85.5,15866500,yfinance_public_market_data
TLT,2026-06-05T04:00:00Z,84.98999786376953,85.3499984741211,84.91999816894531,85.05999755859375,26461200,yfinance_public_market_data
TLT,2026-06-08T04:00:00Z,85.2300033569336,85.33000183105469,84.62000274658203,84.62000274658203,22922700,yfinance_public_market_data
TLT,2026-06-09T04:00:00Z,84.97000122070312,85.18000030517578,84.77999877929688,85.12000274658203,22617700,yfinance_public_market_data
TLT,2026-06-10T04:00:00Z,85.12000274658203,85.30000305175781,84.69999694824219,84.87999725341797,21258300,yfinance_public_market_data
TLT,2026-06-11T04:00:00Z,85.16999816894531,86.04000091552734,85.04000091552734,85.9800033569336,35190500,yfinance_public_market_data
TLT,2026-06-12T04:00:00Z,85.63999938964844,85.83000183105469,85.41000366210938,85.7699966430664,23092600,yfinance_public_market_data
TLT,2026-06-15T04:00:00Z,85.95999908447266,86.11000061035156,85.66999816894531,85.72000122070312,17632700,yfinance_public_market_data
TLT,2026-06-16T04:00:00Z,85.95999908447266,86.37999725341797,85.93000030517578,86.19000244140625,26472500,yfinance_public_market_data
TLT,2026-06-17T04:00:00Z,86.33000183105469,86.58999633789062,85.93000030517578,86.33000183105469,34507500,yfinance_public_market_data
TLT,2026-06-18T04:00:00Z,87.06999969482422,87.18000030517578,86.6500015258789,86.75,32350900,yfinance_public_market_data
TLT,2026-06-22T04:00:00Z,86.30000305175781,86.33000183105469,85.97000122070312,86.08999633789062,28595100,yfinance_public_market_data
TLT,2026-06-23T04:00:00Z,86.12000274658203,86.43000030517578,86.0999984741211,86.19999694824219,19145500,yfinance_public_market_data
TLT,2026-06-24T04:00:00Z,87.1500015258789,87.47000122070312,87.12000274658203,87.37999725341797,41837000,yfinance_public_market_data
TLT,2026-06-25T04:00:00Z,87.58000183105469,87.79000091552734,87.29000091552734,87.3499984741211,28380000,yfinance_public_market_data
TLT,2026-06-26T04:00:00Z,87.01000213623047,87.37000274658203,87.0,87.36000061035156,21650800,yfinance_public_market_data
TLT,2026-06-29T04:00:00Z,87.36000061035156,87.54000091552734,87.30000305175781,87.44999694824219,19457200,yfinance_public_market_data
TLT,2026-06-30T04:00:00Z,87.1500015258789,87.18000030517578,86.37999725341797,86.41999816894531,31079500,yfinance_public_market_data
TLT,2026-07-01T04:00:00Z,85.4800033569336,85.79000091552734,85.43000030517578,85.5199966430664,28109800,yfinance_public_market_data
TLT,2026-07-02T04:00:00Z,85.37999725341797,85.77999877929688,85.37000274658203,85.51000213623047,20816300,yfinance_public_market_data
TLT,2026-07-06T04:00:00Z,85.43000030517578,85.4800033569336,85.18000030517578,85.44999694824219,17940900,yfinance_public_market_data
TLT,2026-07-07T04:00:00Z,85.12000274658203,85.16999816894531,84.54000091552734,84.55000305175781,24816400,yfinance_public_market_data
TLT,2026-07-08T04:00:00Z,84.30999755859375,84.44999694824219,84.05999755859375,84.36000061035156,25806600,yfinance_public_market_data
TLT,2026-07-09T04:00:00Z,84.27999877929688,84.68000030517578,84.26000213623047,84.48999786376953,18625300,yfinance_public_market_data
TLT,2026-07-10T04:00:00Z,84.51000213623047,84.62999725341797,84.27999877929688,84.47000122070312,14454100,yfinance_public_market_data
TLT,2026-07-13T04:00:00Z,84.19000244140625,84.27999877929688,83.93000030517578,83.97000122070312,18742500,yfinance_public_market_data
TLT,2026-07-14T04:00:00Z,84.18000030517578,84.5,84.04000091552734,84.08000183105469,23793500,yfinance_public_market_data
TLT,2026-07-15T04:00:00Z,84.08000183105469,84.41000366210938,84.08000183105469,84.23999786376953,17837800,yfinance_public_market_data
TLT,2026-07-16T04:00:00Z,83.83999633789062,84.22000122070312,83.79000091552734,84.20999908447266,20817800,yfinance_public_market_data
TLT,2026-07-17T04:00:00Z,84.62000274658203,84.81999969482422,84.48999786376953,84.5199966430664,22065600,yfinance_public_market_data
TLT,2026-07-20T04:00:00Z,84.30999755859375,84.33999633789062,83.81999969482422,83.88999938964844,24289000,yfinance_public_market_data
TLT,2026-07-21T04:00:00Z,83.73999786376953,83.7699966430664,83.43000030517578,83.66000366210938,14287500,yfinance_public_market_data
TLT,2026-07-22T04:00:00Z,83.61000061035156,83.69999694824219,83.37999725341797,83.44000244140625,15988400,yfinance_public_market_data
TLT,2026-07-23T04:00:00Z,82.98999786376953,83.25,82.95999908447266,83.16999816894531,29152800,yfinance_public_market_data
TLT,2026-07-24T04:00:00Z,83.30999755859375,83.66000366210938,83.2300033569336,83.25,15106000,yfinance_public_market_data
TLT,2026-07-27T04:00:00Z,83.7300033569336,83.87000274658203,83.5199966430664,83.75,23816200,yfinance_public_market_data
TLT,2026-07-28T04:00:00Z,83.86000061035156,84.33999633789062,83.8499984741211,84.23999786376953,25366900,yfinance_public_market_data
TLT,2026-07-29T04:00:00Z,84.0999984741211,84.1500015258789,82.69999694824219,82.8499984741211,41445200,yfinance_public_market_data
TLT,2026-07-30T04:00:00Z,82.80999755859375,82.9000015258789,82.5199966430664,82.80000305175781,40407300,yfinance_public_market_data
TLT,2026-07-31T04:00:00Z,82.44999694824219,82.44999694824219,81.88999938964844,82.25,50359800,yfinance_public_market_data
TLT,2026-08-03T04:00:00Z,82.23999786376953,82.3499984741211,82.01000213623047,82.19000244140625,32050800,yfinance_public_market_data
TLT,2026-08-04T04:00:00Z,82.6500015258789,82.83999633789062,82.56999969482422,82.81999969482422,38408600,yfinance_public_market_data
TLT,2026-08-05T04:00:00Z,82.94999694824219,83.1500015258789,82.80000305175781,83.0,29465800,yfinance_public_market_data
TLT,2026-08-06T04:00:00Z,82.7699966430664,82.91999816894531,82.4000015258789,82.5199966430664,27566600,yfinance_public_market_data
TLT,2026-08-07T04:00:00Z,82.80000305175781,82.8499984741211,82.4800033569336,82.76000213623047,96130000,yfinance_public_market_data
TLT,2026-08-10T04:00:00Z,82.4000015258789,82.44999694824219,82.02999877929688,82.05999755859375,36743600,yfinance_public_market_data
TLT,2026-08-11T04:00:00Z,82.2699966430664,82.45999908447266,82.12000274658203,82.19000244140625,23268500,yfinance_public_market_data
TLT,2026-08-12T04:00:00Z,82.44999694824219,82.4800033569336,82.05000305175781,82.11000061035156,21444600,yfinance_public_market_data
TLT,2026-08-13T04:00:00Z,82.58999633789062,83.0,82.48999786376953,82.58999633789062,26921500,yfinance_public_market_data
TLT,2026-08-14T04:00:00Z,82.2300033569336,82.36000061035156,81.81999969482422,82.04000091552734,31374800,yfinance_public_market_data
TLT,2026-08-17T04:00:00Z,81.7699966430664,81.86000061035156,81.30999755859375,81.3499984741211,31557700,yfinance_public_market_data
TLT,2026-08-18T04:00:00Z,81.26000213623047,81.75,81.16999816894531,81.66000366210938,25037100,yfinance_public_market_data
TLT,2026-08-19T04:00:00Z,82.80999755859375,83.05999755859375,82.61000061035156,83.0199966430664,51309500,yfinance_public_market_data
TLT,2026-08-20T04:00:00Z,82.36000061035156,82.7699966430664,82.1500015258789,82.33999633789062,39569900,yfinance_public_market_data
TLT,2026-08-21T04:00:00Z,82.16999816894531,82.2699966430664,81.9000015258789,82.05000305175781,24269100,yfinance_public_market_data
TLT,2026-08-24T04:00:00Z,82.48999786376953,82.87999725341797,82.44999694824219,82.55999755859375,29038500,yfinance_public_market_data
TLT,2026-08-25T04:00:00Z,83.11000061035156,83.4800033569336,82.97000122070312,83.47000122070312,35015100,yfinance_public_market_data
TLT,2026-08-26T04:00:00Z,83.2699966430664,83.30000305175781,83.06999969482422,83.30000305175781,20658800,yfinance_public_market_data
TLT,2026-08-27T04:00:00Z,83.19999694824219,83.3499984741211,83.0,83.12999725341797,17361900,yfinance_public_market_data
TLT,2026-08-28T04:00:00Z,83.04000091552734,83.5999984741211,82.77999877929688,82.87999725341797,35804300,yfinance_public_market_data
TLT,2026-08-31T04:00:00Z,82.47000122070312,82.52999877929688,82.1500015258789,82.5199966430664,37317400,yfinance_public_market_data
TLT,2026-09-01T04:00:00Z,81.88999938964844,82.3499984741211,81.77999877929688,81.87000274658203,25623900,yfinance_public_market_data
TLT,2026-09-02T04:00:00Z,81.9800033569336,82.05000305175781,81.75,81.94999694824219,21454300,yfinance_public_market_data
TLT,2026-09-03T04:00:00Z,82.36000061035156,82.43000030517578,82.05999755859375,82.06999969482422,18033000,yfinance_public_market_data
TLT,2026-09-04T04:00:00Z,82.29000091552734,82.5,82.18000030517578,82.20999908447266,16575000,yfinance_public_market_data
GLD,2025-09-05T04:00:00Z,329.5299987792969,331.44000244140625,328.92999267578125,331.04998779296875,16065200,yfinance_public_market_data
GLD,2025-09-08T04:00:00Z,333.6600036621094,335.6700134277344,333.2300109863281,334.82000732421875,18617300,yfinance_public_market_data
GLD,2025-09-09T04:00:00Z,337.0299987792969,338.30999755859375,333.8500061035156,334.05999755859375,21641900,yfinance_public_market_data
GLD,2025-09-10T04:00:00Z,335.7300109863281,336.5,326.19000244140625,335.260009765625,11945700,yfinance_public_market_data
GLD,2025-09-11T04:00:00Z,333.3699951171875,335.1600036621094,332.9700012207031,334.760009765625,9082600,yfinance_public_market_data
GLD,2025-09-12T04:00:00Z,335.8800048828125,336.3900146484375,335.2300109863281,335.4200134277344,9619700,yfinance_public_market_data
GLD,2025-09-15T04:00:00Z,336.30999755859375,339.2799987792969,336.2300109863281,338.9100036621094,10569900,yfinance_public_market_data
GLD,2025-09-16T04:00:00Z,340.0899963378906,340.8800048828125,338.6199951171875,339.5899963378906,12161500,yfinance_public_market_data
GLD,2025-09-17T04:00:00Z,338.5299987792969,341.239990234375,335.5199890136719,336.9700012207031,16535300,yfinance_public_market_data
GLD,2025-09-18T04:00:00Z,336.2200012207031,336.32000732421875,333.80999755859375,335.6199951171875,14913300,yfinance_public_market_data
GLD,2025-09-19T04:00:00Z,336.510009765625,339.2300109863281,336.30999755859375,339.17999267578125,14982600,yfinance_public_market_data
GLD,2025-09-22T04:00:00Z,342.75,345.07000732421875,341.8399963378906,345.04998779296875,12386400,yfinance_public_market_data
GLD,2025-09-23T04:00:00Z,348.2300109863281,348.75,345.32000732421875,346.4599914550781,18384000,yfinance_public_market_data
GLD,2025-09-24T04:00:00Z,346.70001220703125,346.8299865722656,342.1400146484375,343.32000732421875,12709100,yfinance_public_market_data
GLD,2025-09-25T04:00:00Z,344.3900146484375,345.8299865722656,342.4700012207031,344.75,12639600,yfinance_public_market_data
GLD,2025-09-26T04:00:00Z,345.8299865722656,348.25,345.30999755859375,346.739990234375,11698200,yfinance_public_market_data
GLD,2025-09-29T04:00:00Z,351.7900085449219,352.8299865722656,351.2799987792969,352.4599914550781,15719600,yfinance_public_market_data
GLD,2025-09-30T04:00:00Z,351.1300048828125,355.57000732421875,350.8699951171875,355.4700012207031,13312400,yfinance_public_market_data
GLD,2025-10-01T04:00:00Z,356.1700134277344,356.9700012207031,354.7900085449219,356.0299987792969,15573600,yfinance_public_market_data
GLD,2025-10-02T04:00:00Z,358.260009765625,358.6700134277344,351.3999938964844,354.7900085449219,16162100,yfinance_public_market_data
GLD,2025-10-03T04:00:00Z,357.1199951171875,358.1400146484375,355.79998779296875,357.6400146484375,14464000,yfinance_public_market_data
GLD,2025-10-06T04:00:00Z,362.1600036621094,365.29998779296875,361.3699951171875,364.3800048828125,17093700,yfinance_public_market_data
GLD,2025-10-07T04:00:00Z,366.510009765625,367.2699890136719,364.54998779296875,366.260009765625,16836800,yfinance_public_market_data
GLD,2025-10-08T04:00:00Z,371.6499938964844,373.57000732421875,370.5,372.29998779296875,28052300,yfinance_public_market_data
GLD,2025-10-09T04:00:00Z,373.1400146484375,373.2200012207031,362.8299865722656,365.42999267578125,33674800,yfinance_public_market_data
GLD,2025-10-10T04:00:00Z,367.5400085449219,370.30999755859375,365.44000244140625,369.1199951171875,24192800,yfinance_public_market_data
GLD,2025-10-13T04:00:00Z,376.5,378.8599853515625,375.5799865722656,378.0899963378906,18514400,yfinance_public_market_data
GLD,2025-10-14T04:00:00Z,378.2099914550781,382.3800048828125,377.8999938964844,380.7900085449219,18409600,yfinance_public_market_data
GLD,2025-10-15T04:00:00Z,385.92999267578125,387.760009765625,384.5899963378906,387.3900146484375,20598300,yfinance_public_market_data
GLD,2025-10-16T04:00:00Z,391.1499938964844,396.8699951171875,390.3999938964844,396.45001220703125,33621400,yfinance_public_market_data
GLD,2025-10-17T04:00:00Z,397.1400146484375,397.2799987792969,385.2200012207031,388.989990234375,62025000,yfinance_public_market_data
GLD,2025-10-20T04:00:00Z,397.45001220703125,403.29998779296875,394.20001220703125,403.1499938964844,34523000,yfinance_public_market_data
GLD,2025-10-21T04:00:00Z,386.5400085449219,388.8900146484375,375.6499938964844,377.239990234375,54101400,yfinance_public_market_data
GLD,2025-10-22T04:00:00Z,372.75,378.4700012207031,368.92999267578125,377.2799987792969,30524100,yfinance_public_market_data
GLD,2025-10-23T04:00:00Z,381.4599914550781,382.25,378.6499938964844,378.7900085449219,13695500,yfinance_public_market_data
GLD,2025-10-24T04:00:00Z,378.510009765625,380.7699890136719,376.80999755859375,377.5199890136719,13263800,yfinance_public_market_data
GLD,2025-10-27T04:00:00Z,371.1300048828125,371.5899963378906,365.3399963378906,367.010009765625,23657600,yfinance_public_market_data
GLD,2025-10-28T04:00:00Z,361.80999755859375,365.29998779296875,360.1199951171875,364.3800048828125,19257600,yfinance_public_market_data
GLD,2025-10-29T04:00:00Z,369.6499938964844,370.0799865722656,361.3599853515625,363.0,18891800,yfinance_public_market_data
GLD,2025-10-30T04:00:00Z,365.0899963378906,370.3599853515625,364.5,370.1300048828125,14812800,yfinance_public_market_data
GLD,2025-10-31T04:00:00Z,370.4700012207031,370.6600036621094,365.5,368.1199951171875,11077900,yfinance_public_market_data
GLD,2025-11-03T05:00:00Z,368.9100036621094,370.8399963378906,367.5400085449219,368.7799987792969,7254300,yfinance_public_market_data
GLD,2025-11-04T05:00:00Z,363.4800109863281,365.739990234375,361.3900146484375,362.32000732421875,11540100,yfinance_public_market_data
GLD,2025-11-05T05:00:00Z,366.3900146484375,367.1000061035156,364.6499938964844,366.510009765625,8357300,yfinance_public_market_data
GLD,2025-11-06T05:00:00Z,367.1600036621094,368.17999267578125,364.70001220703125,366.07000732421875,6891100,yfinance_public_market_data
GLD,2025-11-07T05:00:00Z,367.94000244140625,370.4200134277344,366.4200134277344,368.30999755859375,11060400,yfinance_public_market_data
GLD,2025-11-10T05:00:00Z,375.92999267578125,378.6600036621094,374.7799987792969,378.3800048828125,13456200,yfinance_public_market_data
GLD,2025-11-11T05:00:00Z,379.9800109863281,380.3999938964844,376.8699951171875,379.8699951171875,10753200,yfinance_public_market_data
GLD,2025-11-12T05:00:00Z,380.07000732421875,387.4599914550781,379.44000244140625,385.989990234375,16203700,yfinance_public_market_data
GLD,2025-11-13T05:00:00Z,387.2900085449219,388.17999267578125,381.2099914550781,382.8699951171875,15867900,yfinance_public_market_data
GLD,2025-11-14T05:00:00Z,372.8699951171875,378.20001220703125,370.8900146484375,375.9599914550781,15198000,yfinance_public_market_data
GLD,2025-11-17T05:00:00Z,374.0400085449219,375.4599914550781,368.5199890136719,371.6499938964844,13295200,yfinance_public_market_data
GLD,2025-11-18T05:00:00Z,374.8299865722656,375.5400085449219,371.6199951171875,374.3500061035156,7818800,yfinance_public_market_data
GLD,2025-11-19T05:00:00Z,377.7799987792969,380.1700134277344,373.0299987792969,374.9599914550781,10980400,yfinance_public_market_data
GLD,2025-11-20T05:00:00Z,375.2900085449219,377.69000244140625,371.8500061035156,374.8500061035156,10506500,yfinance_public_market_data
GLD,2025-11-21T05:00:00Z,374.0299987792969,377.2300109863281,372.94000244140625,374.2699890136719,13194600,yfinance_public_market_data
GLD,2025-11-24T05:00:00Z,374.8800048828125,380.2799987792969,374.19000244140625,380.20001220703125,10085300,yfinance_public_market_data
GLD,2025-11-25T05:00:00Z,380.260009765625,382.5199890136719,378.05999755859375,380.0799865722656,10462800,yfinance_public_market_data
GLD,2025-11-26T05:00:00Z,381.05999755859375,383.7799987792969,380.4599914550781,383.1199951171875,9184100,yfinance_public_market_data
GLD,2025-11-28T05:00:00Z,385.9800109863281,388.0,384.989990234375,387.8800048828125,7175400,yfinance_public_market_data
GLD,2025-12-01T05:00:00Z,390.6099853515625,390.70001220703125,388.05999755859375,389.75,11177100,yfinance_public_market_data
GLD,2025-12-02T05:00:00Z,388.8699951171875,388.9800109863281,382.9100036621094,387.239990234375,8103900,yfinance_public_market_data
GLD,2025-12-03T05:00:00Z,388.4599914550781,390.1300048828125,385.8299865722656,386.8800048828125,7886800,yfinance_public_market_data
GLD,2025-12-04T05:00:00Z,386.9200134277344,388.0,385.3999938964844,387.1300048828125,6754400,yfinance_public_market_data
GLD,2025-12-05T05:00:00Z,389.1199951171875,391.739990234375,386.17999267578125,386.44000244140625,9449800,yfinance_public_market_data
GLD,2025-12-08T05:00:00Z,387.0199890136719,387.239990234375,384.010009765625,385.4200134277344,6822100,yfinance_public_market_data
GLD,2025-12-09T05:00:00Z,385.6199951171875,388.2099914550781,385.2699890136719,387.3999938964844,6358700,yfinance_public_market_data
GLD,2025-12-10T05:00:00Z,385.95001220703125,389.760009765625,384.5,389.04998779296875,9120500,yfinance_public_market_data
GLD,2025-12-11T05:00:00Z,389.0199890136719,394.0899963378906,388.5,393.239990234375,11240600,yfinance_public_market_data
GLD,2025-12-12T05:00:00Z,399.1600036621094,400.3900146484375,391.4700012207031,395.44000244140625,16792100,yfinance_public_market_data
GLD,2025-12-15T05:00:00Z,397.760009765625,398.7099914550781,394.07000732421875,395.79998779296875,11345000,yfinance_public_market_data
GLD,2025-12-16T05:00:00Z,397.75,398.7099914550781,394.5899963378906,395.8900146484375,9201600,yfinance_public_market_data
GLD,2025-12-17T05:00:00Z,398.0799865722656,399.9800109863281,397.25,399.2900085449219,10456900,yfinance_public_market_data
GLD,2025-12-18T05:00:00Z,398.2799987792969,402.2099914550781,396.04998779296875,398.57000732421875,11837600,yfinance_public_market_data
GLD,2025-12-19T05:00:00Z,397.9200134277344,400.6300048828125,397.1700134277344,399.0199890136719,9894800,yfinance_public_market_data
GLD,2025-12-22T05:00:00Z,406.9800109863281,408.5199890136719,405.7200012207031,408.2300109863281,14202100,yfinance_public_market_data
GLD,2025-12-23T05:00:00Z,410.29998779296875,413.760009765625,407.1000061035156,413.6400146484375,13193300,yfinance_public_market_data
GLD,2025-12-24T05:00:00Z,412.25,412.6300048828125,408.8299865722656,411.92999267578125,6718400,yfinance_public_market_data
GLD,2025-12-26T05:00:00Z,416.4800109863281,418.45001220703125,414.75,416.739990234375,10476200,yfinance_public_market_data
GLD,2025-12-29T05:00:00Z,403.6600036621094,403.760009765625,395.3299865722656,398.6000061035156,20679200,yfinance_public_market_data
GLD,2025-12-30T05:00:00Z,403.6000061035156,403.79998779296875,398.55999755859375,398.8900146484375,10179000,yfinance_public_market_data
GLD,2025-12-31T05:00:00Z,398.6000061035156,400.1300048828125,395.5899963378906,396.30999755859375,10194700,yfinance_public_market_data
GLD,2026-01-02T05:00:00Z,401.6199951171875,401.82000732421875,396.25,398.2799987792969,10372600,yfinance_public_market_data
GLD,2026-01-05T05:00:00Z,406.3900146484375,409.7200012207031,406.1499938964844,408.760009765625,13410600,yfinance_public_market_data
GLD,2026-01-06T05:00:00Z,410.6700134277344,413.4800109863281,410.30999755859375,413.17999267578125,11640900,yfinance_public_market_data
GLD,2026-01-07T05:00:00Z,408.6300048828125,410.80999755859375,406.6499938964844,409.2300109863281,10589500,yfinance_public_market_data
GLD,2026-01-08T05:00:00Z,406.9700012207031,411.6400146484375,406.3999938964844,411.489990234375,8705900,yfinance_public_market_data
GLD,2026-01-09T05:00:00Z,413.2200012207031,415.2900085449219,411.79998779296875,414.4700012207031,14011200,yfinance_public_market_data
GLD,2026-01-12T05:00:00Z,421.5199890136719,425.739990234375,421.5199890136719,422.2300109863281,20904100,yfinance_public_market_data
GLD,2026-01-13T05:00:00Z,424.5899963378906,426.1199951171875,420.07000732421875,421.6300048828125,16681200,yfinance_public_market_data
GLD,2026-01-14T05:00:00Z,426.0299987792969,426.8599853515625,422.8399963378906,425.94000244140625,18305500,yfinance_public_market_data
GLD,2026-01-15T05:00:00Z,423.0199890136719,425.05999755859375,422.7900085449219,423.3299865722656,14253200,yfinance_public_market_data
GLD,2026-01-16T05:00:00Z,422.79998779296875,424.79998779296875,417.0400085449219,421.2900085449219,20951600,yfinance_public_market_data
GLD,2026-01-20T05:00:00Z,436.69000244140625,438.1400146484375,434.1000061035156,437.2300109863281,21308100,yfinance_public_market_data
GLD,2026-01-21T05:00:00Z,446.8699951171875,448.0,437.1099853515625,443.6000061035156,38830200,yfinance_public_market_data
GLD,2026-01-22T05:00:00Z,443.8399963378906,452.9800109863281,443.55999755859375,451.7900085449219,19251200,yfinance_public_market_data
GLD,2026-01-23T05:00:00Z,454.1099853515625,458.75,453.45001220703125,458.0,21531900,yfinance_public_market_data
GLD,2026-01-26T05:00:00Z,466.7799987792969,469.2799987792969,460.3599853515625,464.70001220703125,34156000,yfinance_public_market_data
GLD,2026-01-27T05:00:00Z,465.07000732421875,476.489990234375,463.95001220703125,476.1000061035156,28386200,yfinance_public_market_data
GLD,2026-01-28T05:00:00Z,483.3900146484375,495.8800048828125,481.25,494.55999755859375,44154600,yfinance_public_market_data
GLD,2026-01-29T05:00:00Z,509.510009765625,509.70001220703125,468.510009765625,495.8999938964844,69970900,yfinance_public_market_data
GLD,2026-01-30T05:00:00Z,466.25,470.05999755859375,430.79998779296875,444.95001220703125,86593500,yfinance_public_market_data
GLD,2026-02-02T05:00:00Z,434.010009765625,440.7799987792969,422.54998779296875,427.1300048828125,41626200,yfinance_public_market_data
GLD,2026-02-03T05:00:00Z,452.6300048828125,459.0,448.30999755859375,454.2900085449219,28703500,yfinance_public_market_data
GLD,2026-02-04T05:00:00Z,462.4700012207031,463.1000061035156,445.7099914550781,453.9700012207031,24427900,yfinance_public_market_data
GLD,2026-02-05T05:00:00Z,444.2900085449219,450.8999938964844,440.3500061035156,441.8800048828125,17718100,yfinance_public_market_data
GLD,2026-02-06T05:00:00Z,450.7300109863281,456.92999267578125,450.0299987792969,455.4599914550781,12663900,yfinance_public_market_data
GLD,2026-02-09T05:00:00Z,461.3900146484375,467.55999755859375,460.8500061035156,467.0299987792969,12330900,yfinance_public_market_data
GLD,2026-02-10T05:00:00Z,465.9599914550781,466.75,459.5199890136719,462.3999938964844,7861600,yfinance_public_market_data
GLD,2026-02-11T05:00:00Z,466.0,468.6099853515625,462.82000732421875,467.6300048828125,11209600,yfinance_public_market_data
GLD,2026-02-12T05:00:00Z,464.8999938964844,466.3800048828125,448.05999755859375,451.3900146484375,20488800,yfinance_public_market_data
GLD,2026-02-13T05:00:00Z,459.7300109863281,463.8399963378906,456.25,462.6199951171875,12359300,yfinance_public_market_data
GLD,2026-02-17T05:00:00Z,450.260009765625,451.3699951171875,445.5299987792969,448.20001220703125,10976100,yfinance_public_market_data
GLD,2026-02-18T05:00:00Z,455.80999755859375,460.510009765625,455.32000732421875,458.2799987792969,10226300,yfinance_public_market_data
GLD,2026-02-19T05:00:00Z,457.3399963378906,461.510009765625,456.0299987792969,459.55999755859375,8411400,yfinance_public_market_data
GLD,2026-02-20T05:00:00Z,463.25,468.6199951171875,458.3399963378906,468.6199951171875,14316300,yfinance_public_market_data
GLD,2026-02-23T05:00:00Z,474.6499938964844,481.4599914550781,474.6099853515625,481.2799987792969,17441600,yfinance_public_market_data
GLD,2026-02-24T05:00:00Z,470.0899963378906,475.44000244140625,469.54998779296875,474.6099853515625,14147100,yfinance_public_market_data
GLD,2026-02-25T05:00:00Z,475.739990234375,479.5299987792969,472.8999938964844,473.4200134277344,12954300,yfinance_public_market_data
GLD,2026-02-26T05:00:00Z,474.95001220703125,477.8299865722656,442.0400085449219,477.4800109863281,12375000,yfinance_public_market_data
GLD,2026-02-27T05:00:00Z,480.75,483.8999938964844,479.1099853515625,483.75,16795100,yfinance_public_market_data
GLD,2026-03-02T05:00:00Z,490.1000061035156,492.1499938964844,483.2799987792969,490.0,19916600,yfinance_public_market_data
GLD,2026-03-03T05:00:00Z,472.8299865722656,473.20001220703125,458.92999267578125,468.1400146484375,22591500,yfinance_public_market_data
GLD,2026-03-04T05:00:00Z,474.82000732421875,476.4200134277344,469.3900146484375,471.79998779296875,9985900,yfinance_public_market_data
GLD,2026-03-05T05:00:00Z,470.45001220703125,470.6700134277344,463.9100036621094,466.1300048828125,11674800,yfinance_public_market_data
GLD,2026-03-06T05:00:00Z,469.0400085449219,475.4599914550781,467.07000732421875,473.510009765625,10489800,yfinance_public_market_data
GLD,2026-03-09T04:00:00Z,468.0899963378906,472.67999267578125,464.7900085449219,472.5299987792969,8829800,yfinance_public_market_data
GLD,2026-03-10T04:00:00Z,479.739990234375,481.30999755859375,474.2099914550781,477.8599853515625,9616800,yfinance_public_market_data
GLD,2026-03-11T04:00:00Z,476.1300048828125,477.45001220703125,473.1300048828125,476.239990234375,7522900,yfinance_public_market_data
GLD,2026-03-12T04:00:00Z,475.0199890136719,475.0199890136719,466.6000061035156,466.8800048828125,11900600,yfinance_public_market_data
GLD,2026-03-13T04:00:00Z,469.30999755859375,470.1000061035156,460.2200012207031,460.8399963378906,11741600,yfinance_public_market_data
GLD,2026-03-16T04:00:00Z,461.2699890136719,462.79998779296875,456.9100036621094,460.42999267578125,8964100,yfinance_public_market_data
GLD,2026-03-17T04:00:00Z,460.510009765625,462.2099914550781,456.8699951171875,459.2699890136719,7610100,yfinance_public_market_data
GLD,2026-03-18T04:00:00Z,446.6600036621094,450.05999755859375,444.3900146484375,444.739990234375,18375600,yfinance_public_market_data
GLD,2026-03-19T04:00:00Z,420.3599853515625,428.2699890136719,416.79998779296875,426.4100036621094,30206000,yfinance_public_market_data
GLD,2026-03-20T04:00:00Z,428.0899963378906,428.5899963378906,411.2300109863281,413.3800048828125,27204900,yfinance_public_market_data
GLD,2026-03-23T04:00:00Z,405.1199951171875,414.5400085449219,399.6400146484375,404.0400085449219,36796800,yfinance_public_market_data
GLD,2026-03-24T04:00:00Z,400.239990234375,407.2900085449219,399.20001220703125,404.1300048828125,17478500,yfinance_public_market_data
GLD,2026-03-25T04:00:00Z,419.7099914550781,420.6600036621094,412.25,416.2900085449219,15713200,yfinance_public_market_data
GLD,2026-03-26T04:00:00Z,408.5299987792969,411.3699951171875,400.260009765625,400.6400146484375,15756300,yfinance_public_market_data
GLD,2026-03-27T04:00:00Z,406.20001220703125,418.3999938964844,405.4100036621094,414.70001220703125,16580700,yfinance_public_market_data
GLD,2026-03-30T04:00:00Z,419.5400085449219,420.1000061035156,412.6600036621094,414.5799865722656,13172100,yfinance_public_market_data
GLD,2026-03-31T04:00:00Z,420.0799865722656,430.57000732421875,419.5899963378906,430.2900085449219,14534300,yfinance_public_market_data
GLD,2026-04-01T04:00:00Z,435.0,440.19000244140625,433.760009765625,437.82000732421875,14133100,yfinance_public_market_data
GLD,2026-04-02T04:00:00Z,422.2900085449219,431.6700134277344,421.1700134277344,429.4100036621094,10838600,yfinance_public_market_data
GLD,2026-04-06T04:00:00Z,428.8699951171875,431.489990234375,426.7099914550781,427.6499938964844,5417300,yfinance_public_market_data
GLD,2026-04-07T04:00:00Z,427.8999938964844,433.42999267578125,423.1000061035156,431.80999755859375,7263500,yfinance_public_market_data
GLD,2026-04-08T04:00:00Z,439.9800109863281,440.44000244140625,431.30999755859375,434.5299987792969,9689700,yfinance_public_market_data
GLD,2026-04-09T04:00:00Z,436.4700012207031,440.9100036621094,435.8699951171875,437.9100036621094,6748500,yfinance_public_market_data
GLD,2026-04-10T04:00:00Z,438.5899963378906,440.3500061035156,436.0,437.1300048828125,6193300,yfinance_public_market_data
GLD,2026-04-13T04:00:00Z,434.7799987792969,436.2200012207031,431.6300048828125,435.3599853515625,5549400,yfinance_public_market_data
GLD,2026-04-14T04:00:00Z,439.32000732421875,445.17999267578125,439.0199890136719,445.0899963378906,8731700,yfinance_public_market_data
GLD,2026-04-15T04:00:00Z,442.8800048828125,443.739990234375,439.6000061035156,440.4599914550781,6455900,yfinance_public_market_data
GLD,2026-04-16T04:00:00Z,442.1499938964844,442.9800109863281,438.17999267578125,440.0799865722656,5350100,yfinance_public_market_data
GLD,2026-04-17T04:00:00Z,445.6499938964844,448.70001220703125,445.32000732421875,445.92999267578125,9712000,yfinance_public_market_data
GLD,2026-04-20T04:00:00Z,443.1300048828125,443.4200134277344,440.04998779296875,442.0899963378906,8473000,yfinance_public_market_data
GLD,2026-04-21T04:00:00Z,438.54998779296875,440.25,428.7099914550781,429.57000732421875,9480000,yfinance_public_market_data
GLD,2026-04-22T04:00:00Z,436.2699890136719,437.1700134277344,433.7799987792969,435.260009765625,5178100,yfinance_public_market_data
GLD,2026-04-23T04:00:00Z,433.9599914550781,435.2900085449219,428.2200012207031,431.0400085449219,4976400,yfinance_public_market_data
GLD,2026-04-24T04:00:00Z,431.3399963378906,435.2799987792969,430.6499938964844,433.25,5924100,yfinance_public_market_data
GLD,2026-04-27T04:00:00Z,431.6600036621094,431.79998779296875,428.5199890136719,429.8900146484375,6105200,yfinance_public_market_data
GLD,2026-04-28T04:00:00Z,420.7200012207031,422.5199890136719,418.3999938964844,421.9100036621094,7723400,yfinance_public_market_data
GLD,2026-04-29T04:00:00Z,416.739990234375,419.1700134277344,414.1600036621094,417.4100036621094,6452600,yfinance_public_market_data
GLD,2026-04-30T04:00:00Z,425.3399963378906,425.4599914550781,422.739990234375,423.6600036621094,6732800,yfinance_public_market_data
GLD,2026-05-01T04:00:00Z,421.4100036621094,427.92999267578125,421.0799865722656,423.17999267578125,5911500,yfinance_public_market_data
GLD,2026-05-04T04:00:00Z,418.8399963378906,420.8599853515625,413.2799987792969,414.7099914550781,7285700,yfinance_public_market_data
GLD,2026-05-05T04:00:00Z,420.1499938964844,421.1600036621094,417.9100036621094,418.2699890136719,4279900,yfinance_public_market_data
GLD,2026-05-06T04:00:00Z,430.1499938964844,433.19000244140625,429.6000061035156,430.9599914550781,7013900,yfinance_public_market_data
GLD,2026-05-07T04:00:00Z,435.6099853515625,437.4200134277344,430.25,431.67999267578125,6816200,yfinance_public_market_data
GLD,2026-05-08T04:00:00Z,434.04998779296875,436.20001220703125,431.70001220703125,433.7699890136719,5380800,yfinance_public_market_data
GLD,2026-05-11T04:00:00Z,434.17999267578125,436.0400085449219,432.2099914550781,434.6499938964844,5569100,yfinance_public_market_data
GLD,2026-05-12T04:00:00Z,430.70001220703125,432.9800109863281,425.8500061035156,432.92999267578125,6660900,yfinance_public_market_data
GLD,2026-05-13T04:00:00Z,430.5199890136719,432.489990234375,428.75,430.5,4180300,yfinance_public_market_data
GLD,2026-05-14T04:00:00Z,430.29998779296875,431.5400085449219,427.1000061035156,427.2099914550781,4021400,yfinance_public_market_data
GLD,2026-05-15T04:00:00Z,417.6400146484375,419.25,414.1199951171875,417.2900085449219,9360400,yfinance_public_market_data
GLD,2026-05-18T04:00:00Z,419.82000732421875,420.92999267578125,416.05999755859375,418.42999267578125,5628300,yfinance_public_market_data
GLD,2026-05-19T04:00:00Z,412.45001220703125,414.4700012207031,409.8800048828125,411.5,5419400,yfinance_public_market_data
GLD,2026-05-20T04:00:00Z,412.1400146484375,417.989990234375,410.0799865722656,417.3999938964844,6005000,yfinance_public_market_data
GLD,2026-05-21T04:00:00Z,413.1400146484375,418.4200134277344,411.95001220703125,416.989990234375,4679900,yfinance_public_market_data
GLD,2026-05-22T04:00:00Z,415.1700134277344,415.67999267578125,412.0,413.82000732421875,5528400,yfinance_public_market_data
GLD,2026-05-26T04:00:00Z,415.1600036621094,415.9800109863281,411.5,414.0,5098400,yfinance_public_market_data
GLD,2026-05-27T04:00:00Z,404.3399963378906,409.25,404.29998779296875,408.489990234375,6624600,yfinance_public_market_data
GLD,2026-05-28T04:00:00Z,406.4800109863281,414.510009765625,405.4100036621094,412.7699890136719,7184100,yfinance_public_market_data
GLD,2026-05-29T04:00:00Z,415.6199951171875,421.82000732421875,415.0799865722656,417.1199951171875,7705700,yfinance_public_market_data
GLD,2026-06-01T04:00:00Z,409.8599853515625,412.6099853515625,408.239990234375,411.260009765625,6158900,yfinance_public_market_data
GLD,2026-06-02T04:00:00Z,414.0799865722656,414.3999938964844,411.1000061035156,411.95001220703125,3823900,yfinance_public_market_data
GLD,2026-06-03T04:00:00Z,408.3800048828125,409.3800048828125,406.2300109863281,407.8699951171875,5038000,yfinance_public_market_data
GLD,2026-06-04T04:00:00Z,413.3699951171875,414.3699951171875,409.010009765625,411.2699890136719,4646500,yfinance_public_market_data
GLD,2026-06-05T04:00:00Z,404.3800048828125,404.7200012207031,395.9200134277344,396.239990234375,11473900,yfinance_public_market_data
GLD,2026-06-08T04:00:00Z,397.5199890136719,398.9800109863281,396.0299987792969,397.2699890136719,8057300,yfinance_public_market_data
GLD,2026-06-09T04:00:00Z,397.57000732421875,400.4800109863281,388.75,390.7799987792969,9567300,yfinance_public_market_data
GLD,2026-06-10T04:00:00Z,380.75,384.2099914550781,374.54998779296875,374.5799865722656,13956200,yfinance_public_market_data
GLD,2026-06-11T04:00:00Z,373.9599914550781,387.2099914550781,371.8800048828125,386.32000732421875,12622500,yfinance_public_market_data
GLD,2026-06-12T04:00:00Z,385.7300109863281,388.7699890136719,383.3500061035156,386.5400085449219,7532600,yfinance_public_market_data
GLD,2026-06-15T04:00:00Z,399.489990234375,401.0,396.1499938964844,396.54998779296875,10477100,yfinance_public_market_data
GLD,2026-06-16T04:00:00Z,397.8299865722656,398.9599914550781,395.82000732421875,397.6300048828125,6004000,yfinance_public_market_data
GLD,2026-06-17T04:00:00Z,397.82000732421875,402.0400085449219,387.0799865722656,388.6000061035156,13343000,yfinance_public_market_data
GLD,2026-06-18T04:00:00Z,391.239990234375,392.5,385.6000061035156,387.1199951171875,7627300,yfinance_public_market_data
GLD,2026-06-22T04:00:00Z,384.25,386.4100036621094,382.6400146484375,384.5899963378906,7835100,yfinance_public_market_data
GLD,2026-06-23T04:00:00Z,377.7200012207031,380.3500061035156,377.1700134277344,377.32000732421875,7389600,yfinance_public_market_data
GLD,2026-06-24T04:00:00Z,364.80999755859375,370.8999938964844,363.32000732421875,365.9200134277344,12741700,yfinance_public_market_data
GLD,2026-06-25T04:00:00Z,368.989990234375,371.0400085449219,366.79998779296875,369.4599914550781,9137100,yfinance_public_market_data
GLD,2026-06-26T04:00:00Z,372.2699890136719,375.8500061035156,371.17999267578125,373.6300048828125,5603300,yfinance_public_market_data
GLD,2026-06-29T04:00:00Z,370.5799865722656,371.19000244140625,366.9700012207031,368.5799865722656,5006300,yfinance_public_market_data
GLD,2026-06-30T04:00:00Z,369.2200012207031,372.8299865722656,368.260009765625,368.3800048828125,5302100,yfinance_public_market_data
GLD,2026-07-01T04:00:00Z,371.2099914550781,377.7799987792969,370.2099914550781,370.6000061035156,9058300,yfinance_public_market_data
GLD,2026-07-02T04:00:00Z,377.44000244140625,380.2699890136719,376.2900085449219,378.1300048828125,7592900,yfinance_public_market_data
GLD,2026-07-06T04:00:00Z,380.2099914550781,382.42999267578125,378.8299865722656,382.1300048828125,3906500,yfinance_public_market_data
GLD,2026-07-07T04:00:00Z,382.3900146484375,383.6000061035156,375.5199890136719,377.489990234375,4815400,yfinance_public_market_data
GLD,2026-07-08T04:00:00Z,373.1700134277344,375.4700012207031,368.95001220703125,374.45001220703125,7728500,yfinance_public_market_data
GLD,2026-07-09T04:00:00Z,378.510009765625,379.6499938964844,377.4100036621094,378.17999267578125,4754600,yfinance_public_market_data
GLD,2026-07-10T04:00:00Z,375.0,377.54998779296875,373.70001220703125,377.010009765625,5455400,yfinance_public_market_data
GLD,2026-07-13T04:00:00Z,372.7699890136719,372.8900146484375,365.7699890136719,367.1300048828125,7161700,yfinance_public_market_data
GLD,2026-07-14T04:00:00Z,374.5299987792969,376.2799987792969,370.9200134277344,372.1499938964844,6303400,yfinance_public_market_data
GLD,2026-07-15T04:00:00Z,372.1099853515625,374.489990234375,369.5,372.3500061035156,7683700,yfinance_public_market_data
GLD,2026-07-16T04:00:00Z,367.45001220703125,368.42999267578125,364.04998779296875,364.9599914550781,9048000,yfinance_public_market_data
GLD,2026-07-17T04:00:00Z,364.1099853515625,369.2099914550781,363.6000061035156,368.4100036621094,6456600,yfinance_public_market_data
GLD,2026-07-20T04:00:00Z,367.7900085449219,368.7900085449219,366.79998779296875,367.6000061035156,3922500,yfinance_public_market_data
GLD,2026-07-21T04:00:00Z,371.70001220703125,375.010009765625,371.07000732421875,374.80999755859375,6070600,yfinance_public_market_data
GLD,2026-07-22T04:00:00Z,379.07000732421875,382.2200012207031,378.8299865722656,379.1199951171875,7115100,yfinance_public_market_data
GLD,2026-07-23T04:00:00Z,372.3599853515625,373.0899963378906,370.5299987792969,371.5199890136719,9820600,yfinance_public_market_data
GLD,2026-07-24T04:00:00Z,371.260009765625,374.489990234375,371.0299987792969,371.8999938964844,3852400,yfinance_public_market_data
GLD,2026-07-27T04:00:00Z,373.8900146484375,375.5299987792969,372.9100036621094,374.6300048828125,3700000,yfinance_public_market_data
GLD,2026-07-28T04:00:00Z,369.6099853515625,371.2300109863281,367.9800109863281,369.3699951171875,4819300,yfinance_public_market_data
GLD,2026-07-29T04:00:00Z,368.2900085449219,377.6199951171875,366.5299987792969,371.0799865722656,11839900,yfinance_public_market_data
GLD,2026-07-30T04:00:00Z,374.1600036621094,377.8599853515625,373.760009765625,377.1600036621094,5968400,yfinance_public_market_data
GLD,2026-07-31T04:00:00Z,370.8399963378906,372.010009765625,368.82000732421875,371.5400085449219,6825900,yfinance_public_market_data
GLD,2026-08-03T04:00:00Z,370.1000061035156,372.0400085449219,368.6400146484375,371.7099914550781,4968900,yfinance_public_market_data
GLD,2026-08-04T04:00:00Z,374.1400146484375,376.69000244140625,373.7099914550781,374.1600036621094,5723100,yfinance_public_market_data
GLD,2026-08-05T04:00:00Z,384.9599914550781,391.510009765625,384.32000732421875,389.6400146484375,14758700,yfinance_public_market_data
GLD,2026-08-06T04:00:00Z,389.5,392.1199951171875,387.2699890136719,389.6700134277344,10954300,yfinance_public_market_data
GLD,2026-08-07T04:00:00Z,399.6000061035156,400.6600036621094,396.95001220703125,398.4700012207031,13324500,yfinance_public_market_data
GLD,2026-08-10T04:00:00Z,397.7099914550781,403.239990234375,395.92999267578125,402.5400085449219,11057000,yfinance_public_market_data
GLD,2026-08-11T04:00:00Z,403.44000244140625,404.0299987792969,399.8900146484375,400.9599914550781,7439100,yfinance_public_market_data
GLD,2026-08-12T04:00:00Z,405.30999755859375,407.3599853515625,403.2200012207031,404.9200134277344,10383100,yfinance_public_market_data
GLD,2026-08-13T04:00:00Z,402.1700134277344,402.5799865722656,398.2799987792969,398.9599914550781,8695200,yfinance_public_market_data
GLD,2026-08-14T04:00:00Z,402.17999267578125,403.3299865722656,400.94000244140625,401.4800109863281,6749800,yfinance_public_market_data
GLD,2026-08-17T04:00:00Z,402.3399963378906,406.2300109863281,402.17999267578125,405.489990234375,9604100,yfinance_public_market_data
GLD,2026-08-18T04:00:00Z,402.54998779296875,404.32000732421875,397.8699951171875,398.54998779296875,10660900,yfinance_public_market_data
GLD,2026-08-19T04:00:00Z,408.80999755859375,414.0,407.4700012207031,413.8399963378906,17480700,yfinance_public_market_data
GLD,2026-08-20T04:00:00Z,410.0799865722656,416.45001220703125,409.82000732421875,415.260009765625,13900900,yfinance_public_market_data
GLD,2026-08-21T04:00:00Z,420.5299987792969,424.8900146484375,419.4200134277344,423.3599853515625,14529000,yfinance_public_market_data
GLD,2026-08-24T04:00:00Z,428.54998779296875,429.4200134277344,424.20001220703125,426.69000244140625,18943000,yfinance_public_market_data
GLD,2026-08-25T04:00:00Z,422.7799987792969,428.1400146484375,422.3299865722656,428.07000732421875,12450600,yfinance_public_market_data
GLD,2026-08-26T04:00:00Z,423.0,424.95001220703125,420.30999755859375,421.32000732421875,9816500,yfinance_public_market_data
GLD,2026-08-27T04:00:00Z,420.82000732421875,423.3500061035156,418.42999267578125,422.6000061035156,7089000,yfinance_public_market_data
GLD,2026-08-28T04:00:00Z,422.239990234375,424.7900085449219,407.6199951171875,408.8900146484375,25044400,yfinance_public_market_data
GLD,2026-08-31T04:00:00Z,407.760009765625,408.79998779296875,404.8999938964844,408.4200134277344,9490000,yfinance_public_market_data
GLD,2026-09-01T04:00:00Z,398.2900085449219,401.25,396.45001220703125,396.75,13143000,yfinance_public_market_data
GLD,2026-09-02T04:00:00Z,399.7099914550781,403.3299865722656,399.5799865722656,402.7799987792969,13714100,yfinance_public_market_data
GLD,2026-09-03T04:00:00Z,410.7099914550781,413.5400085449219,408.5400085449219,410.2200012207031,12509500,yfinance_public_market_data
GLD,2026-09-04T04:00:00Z,404.6600036621094,408.0,403.9599914550781,406.7699890136719,9813200,yfinance_public_market_data
DIA,2025-09-05T04:00:00Z,457.1199951171875,458.6700134277344,452.9800109863281,454.989990234375,5828200,yfinance_public_market_data
DIA,2025-09-08T04:00:00Z,455.3800048828125,456.2900085449219,453.6300048828125,456.20001220703125,4395200,yfinance_public_market_data
DIA,2025-09-09T04:00:00Z,455.9599914550781,458.54998779296875,455.2200012207031,458.010009765625,5979400,yfinance_public_market_data
DIA,2025-09-10T04:00:00Z,457.7099914550781,457.8999938964844,454.7099914550781,455.92999267578125,5412200,yfinance_public_market_data
DIA,2025-09-11T04:00:00Z,456.8500061035156,462.32000732421875,456.6000061035156,461.9200134277344,6352100,yfinance_public_market_data
DIA,2025-09-12T04:00:00Z,461.25,461.69000244140625,459.07000732421875,459.32000732421875,3784600,yfinance_public_market_data
DIA,2025-09-15T04:00:00Z,460.010009765625,460.9100036621094,458.8299865722656,460.07000732421875,4862200,yfinance_public_market_data
DIA,2025-09-16T04:00:00Z,460.1099853515625,460.79998779296875,457.7799987792969,458.7799987792969,4526100,yfinance_public_market_data
DIA,2025-09-17T04:00:00Z,459.7900085449219,463.8500061035156,457.9599914550781,461.260009765625,5998000,yfinance_public_market_data
DIA,2025-09-18T04:00:00Z,461.2900085449219,464.3699951171875,460.6600036621094,462.6300048828125,6681000,yfinance_public_market_data
DIA,2025-09-19T04:00:00Z,462.7200012207031,463.7799987792969,460.8699951171875,462.94000244140625,5871400,yfinance_public_market_data
DIA,2025-09-22T04:00:00Z,461.1600036621094,464.2900085449219,460.1600036621094,463.6700134277344,4074900,yfinance_public_market_data
DIA,2025-09-23T04:00:00Z,464.2200012207031,467.0,462.0299987792969,462.8699951171875,5904600,yfinance_public_market_data
DIA,2025-09-24T04:00:00Z,463.45001220703125,464.4200134277344,460.79998779296875,461.0199890136719,4588800,yfinance_public_market_data
DIA,2025-09-25T04:00:00Z,459.8999938964844,461.0799865722656,457.7099914550781,459.42999267578125,4767200,yfinance_public_market_data
DIA,2025-09-26T04:00:00Z,461.2699890136719,463.4100036621094,460.32000732421875,462.2799987792969,4167200,yfinance_public_market_data
DIA,2025-09-29T04:00:00Z,463.760009765625,463.7799987792969,461.30999755859375,463.0400085449219,3752700,yfinance_public_market_data
DIA,2025-09-30T04:00:00Z,462.6199951171875,464.0899963378906,460.8399963378906,463.739990234375,4253300,yfinance_public_market_data
DIA,2025-10-01T04:00:00Z,462.57000732421875,465.1400146484375,462.54998779296875,464.260009765625,4551600,yfinance_public_market_data
DIA,2025-10-02T04:00:00Z,464.30999755859375,465.7699890136719,462.6199951171875,465.1099853515625,5458300,yfinance_public_market_data
DIA,2025-10-03T04:00:00Z,465.7900085449219,470.3800048828125,465.67999267578125,467.510009765625,9693900,yfinance_public_market_data
DIA,2025-10-06T04:00:00Z,468.32000732421875,468.4700012207031,464.2300109863281,466.8399963378906,7405400,yfinance_public_market_data
DIA,2025-10-07T04:00:00Z,467.54998779296875,468.6099853515625,464.3900146484375,465.9700012207031,7368700,yfinance_public_market_data
DIA,2025-10-08T04:00:00Z,467.32000732421875,468.1300048828125,464.92999267578125,466.07000732421875,4621200,yfinance_public_market_data
DIA,2025-10-09T04:00:00Z,466.1700134277344,466.7799987792969,462.6099853515625,463.5,5411000,yfinance_public_market_data
DIA,2025-10-10T04:00:00Z,465.1199951171875,466.5,454.7200012207031,454.8699951171875,9309100,yfinance_public_market_data
DIA,2025-10-13T04:00:00Z,458.2300109863281,461.55999755859375,458.05999755859375,460.67999267578125,6272500,yfinance_public_market_data
DIA,2025-10-14T04:00:00Z,457.0299987792969,465.2200012207031,454.55999755859375,462.7099914550781,7827400,yfinance_public_market_data
DIA,2025-10-15T04:00:00Z,464.6700134277344,466.94000244140625,460.25,462.7099914550781,6187100,yfinance_public_market_data
DIA,2025-10-16T04:00:00Z,463.3699951171875,464.2699890136719,457.8399963378906,459.55999755859375,8149500,yfinance_public_market_data
DIA,2025-10-17T04:00:00Z,459.29998779296875,463.1099853515625,458.9200134277344,461.7799987792969,8439900,yfinance_public_market_data
DIA,2025-10-20T04:00:00Z,463.45001220703125,467.5299987792969,463.42999267578125,467.0199890136719,4556600,yfinance_public_market_data
DIA,2025-10-21T04:00:00Z,467.07000732421875,471.25,466.9100036621094,469.2200012207031,5951600,yfinance_public_market_data
DIA,2025-10-22T04:00:00Z,469.2099914550781,469.239990234375,464.4800109863281,465.7799987792969,7604700,yfinance_public_market_data
DIA,2025-10-23T04:00:00Z,465.54998779296875,467.9700012207031,464.8599853515625,467.2900085449219,5144200,yfinance_public_market_data
DIA,2025-10-24T04:00:00Z,470.0199890136719,473.239990234375,469.2799987792969,472.2099914550781,7228900,yfinance_public_market_data
DIA,2025-10-27T04:00:00Z,474.760009765625,475.6199951171875,473.7099914550781,475.3500061035156,4720200,yfinance_public_market_data
DIA,2025-10-28T04:00:00Z,478.79998779296875,479.4100036621094,476.82000732421875,477.1499938964844,9435500,yfinance_public_market_data
DIA,2025-10-29T04:00:00Z,478.6499938964844,480.3900146484375,474.489990234375,476.3699951171875,10006500,yfinance_public_market_data
DIA,2025-10-30T04:00:00Z,474.1000061035156,480.1499938964844,473.9100036621094,475.010009765625,9338300,yfinance_public_market_data
DIA,2025-10-31T04:00:00Z,475.8599853515625,477.1600036621094,473.4200134277344,475.6700134277344,7990900,yfinance_public_market_data
DIA,2025-11-03T05:00:00Z,476.1600036621094,476.29998779296875,471.29998779296875,473.4700012207031,4858700,yfinance_public_market_data
DIA,2025-11-04T05:00:00Z,470.4200134277344,472.7099914550781,468.79998779296875,470.8999938964844,6013300,yfinance_public_market_data
DIA,2025-11-05T05:00:00Z,470.79998779296875,474.55999755859375,470.3999938964844,473.1099853515625,7030200,yfinance_public_market_data
DIA,2025-11-06T05:00:00Z,472.0899963378906,473.44000244140625,467.8500061035156,469.2799987792969,7125200,yfinance_public_market_data
DIA,2025-11-07T05:00:00Z,468.2799987792969,469.95001220703125,464.8599853515625,469.8599853515625,8604400,yfinance_public_market_data
DIA,2025-11-10T05:00:00Z,471.8999938964844,474.20001220703125,469.45001220703125,473.82000732421875,5636600,yfinance_public_market_data
DIA,2025-11-11T05:00:00Z,474.260009765625,479.8599853515625,474.0,479.4100036621094,4839100,yfinance_public_market_data
DIA,2025-11-12T05:00:00Z,480.489990234375,484.3999938964844,480.489990234375,482.760009765625,7066900,yfinance_public_market_data
DIA,2025-11-13T05:00:00Z,481.3999938964844,482.4100036621094,474.2200012207031,474.739990234375,8722300,yfinance_public_market_data
DIA,2025-11-14T05:00:00Z,471.3800048828125,474.04998779296875,468.8699951171875,471.79998779296875,10940200,yfinance_public_market_data
DIA,2025-11-17T05:00:00Z,470.8699951171875,472.3599853515625,464.5400085449219,466.32000732421875,7599500,yfinance_public_market_data
DIA,2025-11-18T05:00:00Z,462.1700134277344,464.1000061035156,459.5299987792969,461.29998779296875,12817500,yfinance_public_market_data
DIA,2025-11-19T05:00:00Z,461.510009765625,463.3999938964844,459.4200134277344,461.760009765625,5833400,yfinance_public_market_data
DIA,2025-11-20T05:00:00Z,466.6400146484375,469.0299987792969,457.7099914550781,458.1000061035156,13414200,yfinance_public_market_data
DIA,2025-11-21T05:00:00Z,459.5400085449219,465.82000732421875,457.8500061035156,462.57000732421875,11821400,yfinance_public_market_data
DIA,2025-11-24T05:00:00Z,463.75,465.8699951171875,461.010009765625,464.44000244140625,6206800,yfinance_public_market_data
DIA,2025-11-25T05:00:00Z,465.5799865722656,471.8999938964844,463.45001220703125,471.17999267578125,7203600,yfinance_public_market_data
DIA,2025-11-26T05:00:00Z,472.20001220703125,475.7900085449219,471.92999267578125,474.3500061035156,5689100,yfinance_public_market_data
DIA,2025-11-28T05:00:00Z,474.82000732421875,477.6099853515625,474.82000732421875,477.17999267578125,2281800,yfinance_public_market_data
DIA,2025-12-01T05:00:00Z,474.3399963378906,476.95001220703125,472.95001220703125,473.32000732421875,4413900,yfinance_public_market_data
DIA,2025-12-02T05:00:00Z,474.2099914550781,476.4599914550781,473.1199951171875,475.260009765625,5233500,yfinance_public_market_data
DIA,2025-12-03T05:00:00Z,474.8299865722656,480.17999267578125,474.6700134277344,479.4100036621094,5994200,yfinance_public_market_data
DIA,2025-12-04T05:00:00Z,479.7099914550781,481.2300109863281,477.5,479.07000732421875,4003800,yfinance_public_market_data
DIA,2025-12-05T05:00:00Z,479.4800109863281,481.92999267578125,479.2900085449219,480.0299987792969,4596600,yfinance_public_market_data
DIA,2025-12-08T05:00:00Z,480.489990234375,480.5199890136719,476.8399963378906,478.1499938964844,4427600,yfinance_public_market_data
DIA,2025-12-09T05:00:00Z,478.07000732421875,480.2799987792969,476.0899963378906,476.4200134277344,4266900,yfinance_public_market_data
DIA,2025-12-10T05:00:00Z,476.1300048828125,482.75,475.3599853515625,481.3500061035156,5476200,yfinance_public_market_data
DIA,2025-12-11T05:00:00Z,482.20001220703125,488.3800048828125,481.9599914550781,487.8699951171875,6972300,yfinance_public_market_data
DIA,2025-12-12T05:00:00Z,488.70001220703125,489.6600036621094,484.1700134277344,485.3999938964844,7089900,yfinance_public_market_data
DIA,2025-12-15T05:00:00Z,487.5799865722656,487.7300109863281,483.7099914550781,485.1700134277344,4891300,yfinance_public_market_data
DIA,2025-12-16T05:00:00Z,484.4599914550781,485.4800109863281,480.3299865722656,481.9800109863281,5373200,yfinance_public_market_data
DIA,2025-12-17T05:00:00Z,482.80999755859375,484.7900085449219,479.489990234375,479.79998779296875,6381600,yfinance_public_market_data
DIA,2025-12-18T05:00:00Z,482.17999267578125,484.6300048828125,479.4100036621094,480.510009765625,6422800,yfinance_public_market_data
DIA,2025-12-19T05:00:00Z,480.6199951171875,482.79998779296875,480.42999267578125,481.1499938964844,6439100,yfinance_public_market_data
DIA,2025-12-22T05:00:00Z,481.8599853515625,484.42999267578125,481.8599853515625,483.4599914550781,4162000,yfinance_public_market_data
DIA,2025-12-23T05:00:00Z,482.17999267578125,485.1199951171875,482.17999267578125,484.2300109863281,3677800,yfinance_public_market_data
DIA,2025-12-24T05:00:00Z,484.19000244140625,487.57000732421875,483.5899963378906,487.010009765625,1544000,yfinance_public_market_data
DIA,2025-12-26T05:00:00Z,486.8399963378906,487.6199951171875,485.7300109863281,487.0299987792969,2711500,yfinance_public_market_data
DIA,2025-12-29T05:00:00Z,485.8900146484375,486.9100036621094,483.75,484.5899963378906,3390100,yfinance_public_market_data
DIA,2025-12-30T05:00:00Z,484.6199951171875,484.6700134277344,482.82000732421875,483.5899963378906,3042700,yfinance_public_market_data
DIA,2025-12-31T05:00:00Z,483.6499938964844,483.80999755859375,480.3599853515625,480.57000732421875,3441900,yfinance_public_market_data
DIA,2026-01-02T05:00:00Z,481.8500061035156,483.95001220703125,478.3800048828125,483.6300048828125,7021100,yfinance_public_market_data
DIA,2026-01-05T05:00:00Z,484.4100036621094,492.0400085449219,484.25,489.7699890136719,7574400,yfinance_public_market_data
DIA,2026-01-06T05:00:00Z,489.3299865722656,495.1199951171875,488.9599914550781,494.6099853515625,6061400,yfinance_public_market_data
DIA,2026-01-07T05:00:00Z,495.6499938964844,496.25,489.5,489.9599914550781,5603700,yfinance_public_market_data
DIA,2026-01-08T05:00:00Z,487.80999755859375,493.5199890136719,487.80999755859375,492.5299987792969,6544800,yfinance_public_market_data
DIA,2026-01-09T05:00:00Z,492.8599853515625,495.70001220703125,491.9100036621094,495.0199890136719,6004600,yfinance_public_market_data
DIA,2026-01-12T05:00:00Z,492.3299865722656,496.3399963378906,490.04998779296875,495.8999938964844,5722400,yfinance_public_market_data
DIA,2026-01-13T05:00:00Z,495.54998779296875,495.9599914550781,490.6300048828125,491.94000244140625,5966400,yfinance_public_market_data
DIA,2026-01-14T05:00:00Z,490.6600036621094,491.94000244140625,488.54998779296875,491.5799865722656,6767800,yfinance_public_market_data
DIA,2026-01-15T05:00:00Z,492.3699951171875,495.8299865722656,492.2099914550781,494.4800109863281,8519900,yfinance_public_market_data
DIA,2026-01-16T05:00:00Z,494.5,496.0,492.2699890136719,493.4200134277344,5845500,yfinance_public_market_data
DIA,2026-01-20T05:00:00Z,486.1700134277344,489.05999755859375,484.25,484.8800048828125,7416300,yfinance_public_market_data
DIA,2026-01-21T05:00:00Z,485.6700134277344,492.9100036621094,485.55999755859375,490.79998779296875,6718600,yfinance_public_market_data
DIA,2026-01-22T05:00:00Z,493.4700012207031,496.010009765625,492.4599914550781,493.69000244140625,5087200,yfinance_public_market_data
DIA,2026-01-23T05:00:00Z,491.82000732421875,492.1300048828125,489.55999755859375,490.92999267578125,4915700,yfinance_public_market_data
DIA,2026-01-26T05:00:00Z,491.9100036621094,494.8500061035156,491.4700012207031,494.05999755859375,3722800,yfinance_public_market_data
DIA,2026-01-27T05:00:00Z,490.69000244140625,491.5899963378906,488.55999755859375,490.05999755859375,5971400,yfinance_public_market_data
DIA,2026-01-28T05:00:00Z,490.2799987792969,491.3900146484375,488.92999267578125,490.1300048828125,4726500,yfinance_public_market_data
DIA,2026-01-29T05:00:00Z,490.0799865722656,492.95001220703125,485.8900146484375,490.2099914550781,9706500,yfinance_public_market_data
DIA,2026-01-30T05:00:00Z,489.1099853515625,490.4800109863281,484.55999755859375,489.0299987792969,8112100,yfinance_public_market_data
DIA,2026-02-02T05:00:00Z,488.8699951171875,494.80999755859375,486.9800109863281,494.0299987792969,5584500,yfinance_public_market_data
DIA,2026-02-03T05:00:00Z,493.1400146484375,496.5199890136719,488.2799987792969,492.30999755859375,8799100,yfinance_public_market_data
DIA,2026-02-04T05:00:00Z,493.9200134277344,496.5,491.1099853515625,494.75,8797100,yfinance_public_market_data
DIA,2026-02-05T05:00:00Z,492.510009765625,493.44000244140625,488.2300109863281,488.9100036621094,7767500,yfinance_public_market_data
DIA,2026-02-06T05:00:00Z,492.3699951171875,501.6700134277344,492.1300048828125,501.0299987792969,10635300,yfinance_public_market_data
DIA,2026-02-09T05:00:00Z,500.1099853515625,502.1600036621094,498.30999755859375,501.2200012207031,6414800,yfinance_public_market_data
DIA,2026-02-10T05:00:00Z,502.3399963378906,505.29998779296875,501.260009765625,501.8999938964844,8163100,yfinance_public_market_data
DIA,2026-02-11T05:00:00Z,504.2099914550781,505.1199951171875,499.1300048828125,501.3299865722656,5743800,yfinance_public_market_data
DIA,2026-02-12T05:00:00Z,503.1300048828125,504.5400085449219,494.32000732421875,494.6700134277344,9160300,yfinance_public_market_data
DIA,2026-02-13T05:00:00Z,495.0400085449219,497.7799987792969,491.20001220703125,495.2799987792969,8378100,yfinance_public_market_data
DIA,2026-02-17T05:00:00Z,495.3299865722656,497.57000732421875,492.1099853515625,495.8500061035156,6779400,yfinance_public_market_data
DIA,2026-02-18T05:00:00Z,496.7799987792969,499.3399963378906,494.6499938964844,497.0,4454300,yfinance_public_market_data
DIA,2026-02-19T05:00:00Z,495.55999755859375,496.489990234375,492.4100036621094,494.3800048828125,4625400,yfinance_public_market_data
DIA,2026-02-20T05:00:00Z,492.5400085449219,497.0,491.3900146484375,496.0799865722656,6086800,yfinance_public_market_data
DIA,2026-02-23T05:00:00Z,494.5,496.989990234375,487.1499938964844,488.010009765625,8269200,yfinance_public_market_data
DIA,2026-02-24T05:00:00Z,488.3900146484375,492.8500061035156,487.45001220703125,491.7900085449219,5335000,yfinance_public_market_data
DIA,2026-02-25T05:00:00Z,493.6300048828125,495.1300048828125,491.8999938964844,494.82000732421875,4446200,yfinance_public_market_data
DIA,2026-02-26T05:00:00Z,497.0,498.2099914550781,492.239990234375,494.8599853515625,6467000,yfinance_public_market_data
DIA,2026-02-27T05:00:00Z,489.6300048828125,490.95001220703125,486.760009765625,489.6600036621094,7198400,yfinance_public_market_data
DIA,2026-03-02T05:00:00Z,484.3399963378906,490.9800109863281,484.1499938964844,489.17999267578125,7218500,yfinance_public_market_data
DIA,2026-03-03T05:00:00Z,480.1600036621094,487.3900146484375,476.7300109863281,485.5199890136719,11570700,yfinance_public_market_data
DIA,2026-03-04T05:00:00Z,486.55999755859375,489.0299987792969,483.95001220703125,487.739990234375,7590700,yfinance_public_market_data
DIA,2026-03-05T05:00:00Z,483.82000732421875,485.489990234375,476.1499938964844,479.8399963378906,8758600,yfinance_public_market_data
DIA,2026-03-06T05:00:00Z,473.7200012207031,476.2300109863281,470.4599914550781,475.2300109863281,8206100,yfinance_public_market_data
DIA,2026-03-09T04:00:00Z,470.8800048828125,479.3800048828125,466.67999267578125,477.8800048828125,10305600,yfinance_public_market_data
DIA,2026-03-10T04:00:00Z,477.739990234375,482.8699951171875,475.010009765625,477.70001220703125,6265600,yfinance_public_market_data
DIA,2026-03-11T04:00:00Z,477.3999938964844,477.7699890136719,472.4599914550781,474.80999755859375,6701700,yfinance_public_market_data
DIA,2026-03-12T04:00:00Z,470.3399963378906,471.4800109863281,467.4100036621094,467.4800109863281,8000200,yfinance_public_market_data
DIA,2026-03-13T04:00:00Z,469.94000244140625,472.1000061035156,465.7799987792969,466.4100036621094,7471700,yfinance_public_market_data
DIA,2026-03-16T04:00:00Z,470.07000732421875,472.70001220703125,468.9800109863281,470.29998779296875,7059900,yfinance_public_market_data
DIA,2026-03-17T04:00:00Z,473.3800048828125,475.1300048828125,470.6300048828125,470.8999938964844,6189400,yfinance_public_market_data
DIA,2026-03-18T04:00:00Z,468.7699890136719,469.75,462.760009765625,463.0,7090700,yfinance_public_market_data
DIA,2026-03-19T04:00:00Z,459.9700012207031,463.3699951171875,458.1600036621094,461.05999755859375,7882800,yfinance_public_market_data
DIA,2026-03-20T04:00:00Z,458.7300109863281,460.57000732421875,453.5400085449219,455.8900146484375,10543300,yfinance_public_market_data
DIA,2026-03-23T04:00:00Z,463.29998779296875,467.0400085449219,460.9200134277344,461.9700012207031,9978100,yfinance_public_market_data
DIA,2026-03-24T04:00:00Z,458.4200134277344,463.94000244140625,457.44000244140625,461.1700134277344,8188000,yfinance_public_market_data
DIA,2026-03-25T04:00:00Z,465.7300109863281,467.239990234375,461.79998779296875,464.1400146484375,7019700,yfinance_public_market_data
DIA,2026-03-26T04:00:00Z,461.5400085449219,465.42999267578125,458.94000244140625,459.30999755859375,8284000,yfinance_public_market_data
DIA,2026-03-27T04:00:00Z,457.3599853515625,457.5,450.489990234375,451.3900146484375,6938500,yfinance_public_market_data
DIA,2026-03-30T04:00:00Z,455.6000061035156,456.1199951171875,450.44000244140625,452.05999755859375,9181600,yfinance_public_market_data
DIA,2026-03-31T04:00:00Z,456.80999755859375,463.82000732421875,454.6700134277344,463.19000244140625,11656300,yfinance_public_market_data
DIA,2026-04-01T04:00:00Z,466.0,467.8999938964844,464.5,465.4800109863281,7790300,yfinance_public_market_data
DIA,2026-04-02T04:00:00Z,460.1600036621094,467.5199890136719,458.8800048828125,465.05999755859375,3955900,yfinance_public_market_data
DIA,2026-04-06T04:00:00Z,464.1600036621094,467.0199890136719,463.4599914550781,466.7699890136719,2905300,yfinance_public_market_data
DIA,2026-04-07T04:00:00Z,465.75,466.30999755859375,462.1099853515625,465.8800048828125,3943200,yfinance_public_market_data
DIA,2026-04-08T04:00:00Z,478.8800048828125,480.20001220703125,475.55999755859375,479.1600036621094,4697500,yfinance_public_market_data
DIA,2026-04-09T04:00:00Z,477.489990234375,483.2699890136719,477.010009765625,481.8999938964844,4213700,yfinance_public_market_data
DIA,2026-04-10T04:00:00Z,482.20001220703125,482.3999938964844,478.6300048828125,479.25,2659000,yfinance_public_market_data
DIA,2026-04-13T04:00:00Z,476.1000061035156,482.2799987792969,475.1499938964844,482.1300048828125,3768700,yfinance_public_market_data
DIA,2026-04-14T04:00:00Z,482.4100036621094,485.9700012207031,481.8599853515625,485.489990234375,4217900,yfinance_public_market_data
DIA,2026-04-15T04:00:00Z,486.510009765625,487.0799865722656,482.8599853515625,484.7200012207031,3474500,yfinance_public_market_data
DIA,2026-04-16T04:00:00Z,485.82000732421875,486.7799987792969,483.3500061035156,485.6300048828125,4111500,yfinance_public_market_data
DIA,2026-04-17T04:00:00Z,490.6700134277344,497.0400085449219,490.3599853515625,494.2200012207031,10238700,yfinance_public_market_data
DIA,2026-04-20T04:00:00Z,493.45001220703125,494.7799987792969,492.30999755859375,494.3299865722656,3764000,yfinance_public_market_data
DIA,2026-04-21T04:00:00Z,497.239990234375,498.3800048828125,490.32000732421875,491.3599853515625,4322200,yfinance_public_market_data
DIA,2026-04-22T04:00:00Z,495.32000732421875,496.1400146484375,493.2300109863281,494.760009765625,4022400,yfinance_public_market_data
DIA,2026-04-23T04:00:00Z,492.54998779296875,495.1300048828125,488.510009765625,493.0,4077300,yfinance_public_market_data
DIA,2026-04-24T04:00:00Z,493.04998779296875,493.489990234375,490.7699890136719,492.2099914550781,3372300,yfinance_public_market_data
DIA,2026-04-27T04:00:00Z,491.6000061035156,493.54998779296875,490.2900085449219,491.8299865722656,2132100,yfinance_public_market_data
DIA,2026-04-28T04:00:00Z,493.4599914550781,493.82000732421875,490.7699890136719,491.4200134277344,3057100,yfinance_public_market_data
DIA,2026-04-29T04:00:00Z,490.95001220703125,491.489990234375,487.0,488.6700134277344,3322300,yfinance_public_market_data
DIA,2026-04-30T04:00:00Z,490.9800109863281,497.5799865722656,490.3900146484375,496.6499938964844,5352300,yfinance_public_market_data
DIA,2026-05-01T04:00:00Z,498.8399963378906,499.92999267578125,494.9100036621094,495.0199890136719,4402600,yfinance_public_market_data
DIA,2026-05-04T04:00:00Z,493.5,494.3299865722656,489.0,489.55999755859375,3310400,yfinance_public_market_data
DIA,2026-05-05T04:00:00Z,491.8900146484375,493.5899963378906,490.0299987792969,492.9599914550781,3386200,yfinance_public_market_data
DIA,2026-05-06T04:00:00Z,496.9800109863281,500.0799865722656,496.8999938964844,499.04998779296875,4317300,yfinance_public_market_data
DIA,2026-05-07T04:00:00Z,500.510009765625,501.20001220703125,494.7699890136719,495.9100036621094,4490500,yfinance_public_market_data
DIA,2026-05-08T04:00:00Z,498.4800109863281,498.54998779296875,494.92999267578125,496.1300048828125,3495200,yfinance_public_market_data
DIA,2026-05-11T04:00:00Z,495.79998779296875,497.8399963378906,494.760009765625,497.1099853515625,4249100,yfinance_public_market_data
DIA,2026-05-12T04:00:00Z,496.510009765625,498.4100036621094,493.19000244140625,497.8900146484375,7445700,yfinance_public_market_data
DIA,2026-05-13T04:00:00Z,496.1600036621094,497.6099853515625,494.6400146484375,497.1400146484375,3256800,yfinance_public_market_data
DIA,2026-05-14T04:00:00Z,501.3900146484375,502.1600036621094,498.8500061035156,500.79998779296875,4920500,yfinance_public_market_data
DIA,2026-05-15T04:00:00Z,497.32000732421875,497.739990234375,495.0799865722656,495.3699951171875,5300700,yfinance_public_market_data
DIA,2026-05-18T04:00:00Z,495.6499938964844,497.6400146484375,493.6000061035156,497.010009765625,5496200,yfinance_public_market_data
DIA,2026-05-19T04:00:00Z,494.8299865722656,496.3399963378906,492.5799865722656,493.9800109863281,5361300,yfinance_public_market_data
DIA,2026-05-20T04:00:00Z,495.8699951171875,500.92999267578125,492.489990234375,500.239990234375,6516100,yfinance_public_market_data
DIA,2026-05-21T04:00:00Z,498.7799987792969,504.04998779296875,497.2099914550781,503.1099853515625,6576000,yfinance_public_market_data
DIA,2026-05-22T04:00:00Z,507.010009765625,508.739990234375,505.69000244140625,506.1199951171875,5172200,yfinance_public_market_data
DIA,2026-05-26T04:00:00Z,507.57000732421875,508.239990234375,503.9700012207031,505.25,3897800,yfinance_public_market_data
DIA,2026-05-27T04:00:00Z,505.92999267578125,508.70001220703125,505.80999755859375,506.8800048828125,4247800,yfinance_public_market_data
DIA,2026-05-28T04:00:00Z,505.3399963378906,508.2099914550781,503.6400146484375,507.04998779296875,3709600,yfinance_public_market_data
DIA,2026-05-29T04:00:00Z,507.8999938964844,511.30999755859375,507.20001220703125,510.7799987792969,5346700,yfinance_public_market_data
DIA,2026-06-01T04:00:00Z,509.8500061035156,511.8599853515625,508.3299865722656,511.44000244140625,4424800,yfinance_public_market_data
DIA,2026-06-02T04:00:00Z,509.0799865722656,514.489990234375,508.92999267578125,514.0499877929688,5078000,yfinance_public_market_data
DIA,2026-06-03T04:00:00Z,511.1700134277344,512.8499755859375,507.989990234375,508.260009765625,4098000,yfinance_public_market_data
DIA,2026-06-04T04:00:00Z,513.6900024414062,517.5800170898438,512.6799926757812,516.7000122070312,6390700,yfinance_public_market_data
DIA,2026-06-05T04:00:00Z,517.7100219726562,517.75,508.75,509.70001220703125,6610700,yfinance_public_market_data
DIA,2026-06-08T04:00:00Z,510.7699890136719,513.760009765625,508.32000732421875,508.9100036621094,4825700,yfinance_public_market_data
DIA,2026-06-09T04:00:00Z,511.4800109863281,513.5399780273438,503.0799865722656,509.4100036621094,6249400,yfinance_public_market_data
DIA,2026-06-10T04:00:00Z,507.489990234375,508.739990234375,500.1000061035156,500.25,5153400,yfinance_public_market_data
DIA,2026-06-11T04:00:00Z,503.19000244140625,510.760009765625,501.57000732421875,509.3599853515625,6353900,yfinance_public_market_data
DIA,2026-06-12T04:00:00Z,512.8900146484375,515.2999877929688,509.4800109863281,513.0599975585938,8384500,yfinance_public_market_data
DIA,2026-06-15T04:00:00Z,519.22998046875,520.8400268554688,517.8699951171875,518.4400024414062,5379400,yfinance_public_market_data
DIA,2026-06-16T04:00:00Z,520.3200073242188,523.2999877929688,520.0599975585938,521.4400024414062,4812600,yfinance_public_market_data
DIA,2026-06-17T04:00:00Z,521.260009765625,524.1699829101562,515.2999877929688,516.2999877929688,6563500,yfinance_public_market_data
DIA,2026-06-18T04:00:00Z,518.4299926757812,519.52001953125,515.4299926757812,515.52001953125,7134400,yfinance_public_market_data
DIA,2026-06-22T04:00:00Z,516.8400268554688,518.9099731445312,515.989990234375,517.0800170898438,6552200,yfinance_public_market_data
DIA,2026-06-23T04:00:00Z,514.6799926757812,518.719970703125,512.969970703125,516.6199951171875,5039200,yfinance_public_market_data
DIA,2026-06-24T04:00:00Z,516.1900024414062,522.4299926757812,516.010009765625,518.52001953125,4395900,yfinance_public_market_data
DIA,2026-06-25T04:00:00Z,521.1900024414062,526.5700073242188,518.5499877929688,519.260009765625,5357500,yfinance_public_market_data
DIA,2026-06-26T04:00:00Z,517.0,521.280029296875,516.0999755859375,517.75,3823600,yfinance_public_market_data
DIA,2026-06-29T04:00:00Z,520.6300048828125,522.97998046875,519.4000244140625,521.6799926757812,5733400,yfinance_public_market_data
DIA,2026-06-30T04:00:00Z,522.3499755859375,523.1400146484375,519.5900268554688,522.3900146484375,3607900,yfinance_public_market_data
DIA,2026-07-01T04:00:00Z,521.4299926757812,526.719970703125,519.6199951171875,522.4000244140625,3438400,yfinance_public_market_data
DIA,2026-07-02T04:00:00Z,525.489990234375,528.260009765625,523.72998046875,527.8800048828125,3518700,yfinance_public_market_data
DIA,2026-07-06T04:00:00Z,528.719970703125,530.0900268554688,525.8499755859375,530.0900268554688,3236900,yfinance_public_market_data
DIA,2026-07-07T04:00:00Z,532.510009765625,532.5399780273438,527.1099853515625,528.4500122070312,4489200,yfinance_public_market_data
DIA,2026-07-08T04:00:00Z,523.3400268554688,524.4600219726562,520.030029296875,522.77001953125,3575000,yfinance_public_market_data
DIA,2026-07-09T04:00:00Z,523.6500244140625,525.1500244140625,522.1400146484375,524.1900024414062,3056400,yfinance_public_market_data
DIA,2026-07-10T04:00:00Z,525.6400146484375,526.469970703125,521.739990234375,525.780029296875,3469400,yfinance_public_market_data
DIA,2026-07-13T04:00:00Z,525.8400268554688,527.8599853515625,522.9000244140625,524.469970703125,2723800,yfinance_public_market_data
DIA,2026-07-14T04:00:00Z,523.3200073242188,526.719970703125,522.5599975585938,524.6900024414062,3664000,yfinance_public_market_data
DIA,2026-07-15T04:00:00Z,525.9000244140625,527.72998046875,523.7000122070312,525.9500122070312,3246900,yfinance_public_market_data
DIA,2026-07-16T04:00:00Z,526.8099975585938,527.9299926757812,523.0700073242188,524.8300170898438,3173300,yfinance_public_market_data
DIA,2026-07-17T04:00:00Z,519.6400146484375,525.3599853515625,518.9000244140625,520.8099975585938,4741300,yfinance_public_market_data
DIA,2026-07-20T04:00:00Z,522.0399780273438,523.4000244140625,517.1599731445312,517.9400024414062,2336600,yfinance_public_market_data
DIA,2026-07-21T04:00:00Z,519.6300048828125,523.010009765625,518.1199951171875,521.510009765625,3240700,yfinance_public_market_data
DIA,2026-07-22T04:00:00Z,521.6300048828125,524.3699951171875,521.010009765625,521.469970703125,3204100,yfinance_public_market_data
DIA,2026-07-23T04:00:00Z,515.0700073242188,518.1699829101562,514.719970703125,516.260009765625,4305100,yfinance_public_market_data
DIA,2026-07-24T04:00:00Z,517.280029296875,520.5599975585938,516.27001953125,518.760009765625,3328400,yfinance_public_market_data
DIA,2026-07-27T04:00:00Z,524.7000122070312,525.3400268554688,519.2899780273438,521.260009765625,3355200,yfinance_public_market_data
DIA,2026-07-28T04:00:00Z,526.1900024414062,528.469970703125,523.6699829101562,526.8900146484375,5157900,yfinance_public_market_data
DIA,2026-07-29T04:00:00Z,522.4600219726562,523.1699829101562,514.8200073242188,515.4099731445312,7369400,yfinance_public_market_data
DIA,2026-07-30T04:00:00Z,518.8400268554688,521.97998046875,515.8699951171875,521.510009765625,3225300,yfinance_public_market_data
DIA,2026-07-31T04:00:00Z,524.0800170898438,525.6099853515625,519.25,524.3200073242188,3981100,yfinance_public_market_data
DIA,2026-08-03T04:00:00Z,529.5499877929688,531.6500244140625,528.6900024414062,531.219970703125,4328000,yfinance_public_market_data
DIA,2026-08-04T04:00:00Z,537.9000244140625,542.0900268554688,536.0,540.4299926757812,6705400,yfinance_public_market_data
DIA,2026-08-05T04:00:00Z,543.2999877929688,546.75,542.6500244140625,542.8099975585938,5256700,yfinance_public_market_data
DIA,2026-08-06T04:00:00Z,543.7999877929688,544.5700073242188,537.6900024414062,538.1900024414062,3651800,yfinance_public_market_data
DIA,2026-08-07T04:00:00Z,538.7100219726562,540.219970703125,537.4299926757812,539.6199951171875,2230100,yfinance_public_market_data
DIA,2026-08-10T04:00:00Z,538.7000122070312,540.02001953125,537.8800048828125,538.989990234375,3408900,yfinance_public_market_data
DIA,2026-08-11T04:00:00Z,539.9099731445312,541.719970703125,536.9099731445312,537.280029296875,2826800,yfinance_public_market_data
DIA,2026-08-12T04:00:00Z,539.010009765625,539.1900024414062,536.8599853515625,537.1500244140625,3167600,yfinance_public_market_data
DIA,2026-08-13T04:00:00Z,538.7000122070312,539.969970703125,535.6900024414062,537.9099731445312,2033100,yfinance_public_market_data
DIA,2026-08-14T04:00:00Z,537.4099731445312,538.280029296875,536.2000122070312,536.7999877929688,2089100,yfinance_public_market_data
DIA,2026-08-17T04:00:00Z,534.5,535.97998046875,533.489990234375,534.1900024414062,2668100,yfinance_public_market_data
DIA,2026-08-18T04:00:00Z,533.3800048828125,534.260009765625,532.02001953125,532.9099731445312,3825700,yfinance_public_market_data
DIA,2026-08-19T04:00:00Z,535.3300170898438,536.6799926757812,533.5800170898438,534.27001953125,3062700,yfinance_public_market_data
DIA,2026-08-20T04:00:00Z,530.3499755859375,531.780029296875,527.2000122070312,527.510009765625,2868500,yfinance_public_market_data
DIA,2026-08-21T04:00:00Z,530.030029296875,532.9099731445312,529.4299926757812,532.219970703125,3034400,yfinance_public_market_data
DIA,2026-08-24T04:00:00Z,531.8300170898438,534.47998046875,531.8300170898438,533.6500244140625,4587500,yfinance_public_market_data
DIA,2026-08-25T04:00:00Z,536.3699951171875,536.52001953125,533.1900024414062,535.239990234375,2443900,yfinance_public_market_data
DIA,2026-08-26T04:00:00Z,535.3400268554688,535.9500122070312,533.3099975585938,534.22998046875,1761300,yfinance_public_market_data
DIA,2026-08-27T04:00:00Z,533.5599975585938,536.6300048828125,532.9199829101562,535.219970703125,2500300,yfinance_public_market_data
DIA,2026-08-28T04:00:00Z,536.530029296875,537.72998046875,534.4000244140625,535.0599975585938,2655400,yfinance_public_market_data
DIA,2026-08-31T04:00:00Z,533.5599975585938,533.5599975585938,530.780029296875,531.5700073242188,1744800,yfinance_public_market_data
DIA,2026-09-01T04:00:00Z,528.6699829101562,531.6500244140625,526.8400268554688,527.75,3189300,yfinance_public_market_data
DIA,2026-09-02T04:00:00Z,529.510009765625,532.1699829101562,529.239990234375,530.6199951171875,3114500,yfinance_public_market_data
DIA,2026-09-03T04:00:00Z,534.0399780273438,537.6199951171875,532.9400024414062,536.9299926757812,4806300,yfinance_public_market_data
DIA,2026-09-04T04:00:00Z,535.1300048828125,536.3699951171875,532.9299926757812,534.0800170898438,2321500,yfinance_public_market_data
