date,close
2005-01-03,66.99728393554688
2005-01-04,66.3604736328125
2005-01-05,65.99225616455078
2005-01-06,66.1982650756836
2005-01-07,66.07331085205078
2005-01-10,66.29804992675781
2005-01-11,65.87356567382812
2005-01-12,66.19194030761719
2005-01-13,65.51773834228516
2005-01-14,65.8236312866211
2005-01-18,66.27320098876953
2005-01-19,65.70506286621094
2005-01-20,65.399169921875
2005-01-21,64.88544464111328
2005-01-24,64.82926940917969
2005-01-25,65.3541488647461
2005-01-26,65.47911834716797
2005-01-27,65.34159851074219
2005-01-28,65.26038360595703
2005-01-31,65.48538970947266
2005-02-01,65.86023712158203
2005-02-02,66.16020202636719
2005-02-03,66.17267608642578
2005-02-04,66.86004638671875
2005-02-07,66.86631774902344
2005-02-08,67.01627349853516
2005-02-09,66.69761657714844
2005-02-10,67.1725082397461
2005-02-11,67.54115295410156
2005-02-14,67.47245025634766
2005-02-15,67.77859497070312
2005-02-16,67.76612091064453
2005-02-17,67.30992126464844
2005-02-18,67.51539611816406
2005-02-22,66.38811492919922
2005-02-23,66.9016342163086
2005-02-24,67.26483917236328
2005-02-25,67.85973358154297
2005-02-28,67.4464340209961
2005-03-01,67.77838134765625
2005-03-02,67.67813110351562
2005-03-03,67.79094696044922
2005-03-04,68.59874725341797
2005-03-07,68.46728515625
2005-03-08,68.36077117919922
2005-03-09,67.64060974121094
2005-03-10,67.92870330810547
2005-03-11,67.53414154052734
2005-03-14,67.7220458984375
2005-03-15,67.36507415771484
2005-03-16,66.60102081298828
2005-03-17,66.56350708007812
2005-03-18,66.46180725097656
2005-03-21,66.12319946289062
2005-03-22,65.56487274169922
2005-03-23,65.4896240234375
2005-03-24,65.5084228515625
2005-03-28,65.70919799804688
2005-03-29,65.27641296386719
2005-03-30,66.07296752929688
2005-03-31,65.85344696044922
2005-04-01,65.26383209228516
2005-04-04,65.37042236328125
2005-04-05,65.60256958007812
2005-04-06,65.87223052978516
2005-04-07,66.1858901977539
2005-04-08,65.5711898803711
2005-04-11,65.52728271484375
2005-04-12,65.85344696044922
2005-04-13,65.21997833251953
2005-04-14,64.22886657714844
2005-04-15,63.20827102661133
2005-04-18,63.114131927490234
2005-04-19,63.553550720214844
2005-04-20,62.8568115234375
2005-04-21,64.09957885742188
2005-04-22,63.917510986328125
2005-04-25,64.27532958984375
2005-04-26,63.71665954589844
2005-04-27,63.96147537231445
2005-04-28,63.09529113769531
2005-04-29,63.948936462402344
2005-05-02,64.38836669921875
2005-05-03,64.58293151855469
2005-05-04,65.13526916503906
2005-05-05,64.96585845947266
2005-05-06,64.92185974121094
2005-05-09,65.12271881103516
2005-05-10,64.46360778808594
2005-05-11,64.66449737548828
2005-05-12,63.98036575317383
2005-05-13,63.81718063354492
2005-05-16,64.42601776123047
2005-05-17,64.95952606201172
2005-05-18,65.80691528320312
2005-05-19,65.99525451660156
2005-05-20,65.8850326538086
2005-05-23,66.25650787353516
2005-05-24,66.0109634399414
2005-05-25,65.85980224609375
2005-05-26,66.28804779052734
2005-05-27,66.35099792480469
2005-05-31,65.8850326538086
2005-06-01,66.32583618164062
2005-06-02,66.4139633178711
2005-06-03,65.94170379638672
2005-06-06,65.8850326538086
2005-06-07,66.04242706298828
2005-06-08,65.9920654296875
2005-06-09,66.10538482666016
2005-06-10,66.22509002685547
2005-06-13,66.33209991455078
2005-06-14,66.47692108154297
2005-06-15,66.58396911621094
2005-06-16,66.60916900634766
2005-06-17,66.84492492675781
2005-06-20,66.79448699951172
2005-06-21,66.8197250366211
2005-06-22,66.83236694335938
2005-06-23,65.59046173095703
2005-06-24,64.84029388427734
2005-06-27,64.89710235595703
2005-06-28,65.54637908935547
2005-06-29,65.30680084228516
2005-06-30,64.7710189819336
2005-07-01,65.00418853759766
2005-07-05,65.32571411132812
2005-07-06,64.72058868408203
2005-07-07,65.01687622070312
2005-07-08,65.91197204589844
2005-07-11,66.34059143066406
2005-07-12,66.25233459472656
2005-07-13,66.58646392822266
2005-07-14,67.08448791503906
2005-07-15,67.06181335449219
2005-07-18,66.82829284667969
2005-07-19,67.19428253173828
2005-07-20,67.31410217285156
2005-07-21,66.9986801147461
2005-07-22,67.18165588378906
2005-07-25,66.9607925415039
2005-07-26,66.76524353027344
2005-07-27,67.09953308105469
2005-07-28,67.55391693115234
2005-07-29,67.27628326416016
2005-08-01,66.9986801147461
2005-08-02,67.32669830322266
2005-08-03,67.50977325439453
2005-08-04,66.9544906616211
2005-08-05,66.65796661376953
2005-08-08,66.58853912353516
2005-08-09,67.04914093017578
2005-08-10,67.0301284790039
2005-08-11,67.4277572631836
2005-08-12,66.88510131835938
2005-08-15,67.26998901367188
2005-08-16,66.50027465820312
2005-08-17,66.6768798828125
2005-08-18,66.72740173339844
2005-08-19,66.9039306640625
2005-08-22,66.85958862304688
2005-08-23,66.6191635131836
2005-08-24,65.92305755615234
2005-08-25,66.10025024414062
2005-08-26,65.7459487915039
2005-08-29,66.21415710449219
2005-08-30,65.80917358398438
2005-08-31,66.37232208251953
2005-09-01,66.1889419555664
2005-09-02,66.1889419555664
2005-09-06,66.96723175048828
2005-09-07,67.22029113769531
2005-09-08,67.01779174804688
2005-09-09,67.55565643310547
2005-09-12,67.58731079101562
2005-09-13,67.14440155029297
2005-09-14,66.80269622802734
2005-09-15,66.85958862304688
2005-09-16,67.31908416748047
2005-09-19,66.88174438476562
2005-09-20,66.3621826171875
2005-09-21,65.72840881347656
2005-09-22,65.93122100830078
2005-09-23,65.96926879882812
2005-09-26,66.18470764160156
2005-09-27,66.24177551269531
2005-09-28,66.34951782226562
2005-09-29,66.79314422607422
2005-09-30,67.01486206054688
2005-10-03,66.7170181274414
2005-10-04,66.01363372802734
2005-10-05,65.41161346435547
2005-10-06,65.2088394165039
2005-10-07,65.2531509399414
2005-10-10,64.84123229980469
2005-10-11,64.97434997558594
2005-10-12,64.65748596191406
2005-10-13,64.61310577392578
2005-10-14,65.1644287109375
2005-10-17,65.58905792236328
2005-10-18,65.18974304199219
2005-10-19,66.10233306884766
2005-10-20,65.13280487060547
2005-10-21,64.8141860961914
2005-10-24,65.83586120605469
2005-10-25,65.82317352294922
2005-10-26,65.69628143310547
2005-10-27,64.94110870361328
2005-10-28,65.89295196533203
2005-10-31,65.9373550415039
2005-11-01,66.08332061767578
2005-11-02,66.43865966796875
2005-11-03,66.78136444091797
2005-11-04,66.7496337890625
2005-11-07,67.01612854003906
2005-11-08,67.00978088378906
2005-11-09,67.00978088378906
2005-11-10,67.63164520263672
2005-11-11,67.91085052490234
2005-11-14,68.02511596679688
2005-11-15,67.97429656982422
2005-11-16,67.92356872558594
2005-11-17,68.1393051147461
2005-11-18,68.41161346435547
2005-11-21,68.8124008178711
2005-11-22,69.11776733398438
2005-11-23,69.46131134033203
2005-11-25,69.5567855834961
2005-11-28,69.37224578857422
2005-11-29,69.27680969238281
2005-11-30,68.85062408447266
2005-12-01,69.38501739501953
2005-12-02,69.23234558105469
2005-12-05,68.958740234375
2005-12-06,69.15599822998047
2005-12-07,68.77423858642578
2005-12-08,68.48161315917969
2005-12-09,68.54523468017578
2005-12-12,68.53250122070312
2005-12-13,68.958740234375
2005-12-14,69.34684753417969
2005-12-15,69.20050048828125
2005-12-16,69.1903076171875
2005-12-19,68.99897003173828
2005-12-20,68.79496002197266
2005-12-21,68.96073913574219
2005-12-22,69.31783294677734
2005-12-23,69.34334564208984
2005-12-27,68.70570373535156
2005-12-28,68.76941680908203
2005-12-29,68.66107177734375
2005-12-30,68.195556640625
2006-01-03,69.07551574707031
2006-01-04,69.33699798583984
2006-01-05,69.42623901367188
2006-01-06,69.83430480957031
2006-01-09,70.12767028808594
2006-01-10,70.19136810302734
2006-01-11,70.41462707519531
2006-01-12,69.99369049072266
2006-01-13,69.84710693359375
2006-01-17,69.50917053222656
2006-01-18,69.24767303466797
2006-01-19,69.33058166503906
2006-01-20,67.96453857421875
2006-01-23,68.21349334716797
2006-01-24,68.26458740234375
2006-01-25,68.39855194091797
2006-01-26,68.94760131835938
2006-01-27,69.64974212646484
2006-01-30,69.5220947265625
2006-01-31,69.11356353759766
2006-02-01,69.9433822631836
2006-02-02,69.13270568847656
2006-02-03,68.80719757080078
2006-02-06,68.95392608642578
2006-02-07,68.60923767089844
2006-02-08,69.31781005859375
2006-02-09,69.4773941040039
2006-02-10,69.66252136230469
2006-02-13,69.61141967773438
2006-02-14,70.4732666015625
2006-02-15,70.66476440429688
2006-02-16,71.028564453125
2006-02-17,70.9991683959961
2006-02-21,70.71141815185547
2006-02-22,71.05035400390625
2006-02-23,70.82003784179688
2006-02-24,70.8328857421875
2006-02-27,70.89048767089844
2006-02-28,70.28291320800781
2006-03-01,70.6410140991211
2006-03-02,70.58988952636719
2006-03-03,70.39165496826172
2006-03-06,70.11023712158203
2006-03-07,70.25090789794922
2006-03-08,70.41082000732422
2006-03-09,70.16141510009766
2006-03-10,70.89048767089844
2006-03-13,70.9927749633789
2006-03-14,71.3829345703125
2006-03-15,71.83689880371094
2006-03-16,72.11829376220703
2006-03-17,72.2330322265625
2006-03-20,72.22665405273438
2006-03-21,71.98310852050781
2006-03-22,72.46379089355469
2006-03-23,72.28427124023438
2006-03-24,72.26507568359375
2006-03-27,72.07282257080078
2006-03-28,71.41905975341797
2006-03-29,71.76516723632812
2006-03-30,71.41265869140625
2006-03-31,71.34212493896484
2006-04-03,71.34212493896484
2006-04-04,71.78443908691406
2006-04-05,72.01517486572266
2006-04-06,71.89332580566406
2006-04-07,71.29733276367188
2006-04-10,71.47028350830078
2006-04-11,71.09862518310547
2006-04-12,71.32935333251953
2006-04-13,71.32292175292969
2006-04-17,71.03450012207031
2006-04-18,72.19461059570312
2006-04-19,72.33556365966797
2006-04-20,72.73934936523438
2006-04-21,72.75929260253906
2006-04-24,72.7271957397461
2006-04-25,72.39997863769531
2006-04-26,72.75281524658203
2006-04-27,72.9966812133789
2006-04-28,73.06723022460938
2006-05-01,72.69511413574219
2006-05-02,73.24049377441406
2006-05-03,73.11858367919922
2006-05-04,73.3559799194336
2006-05-05,74.19010162353516
2006-05-08,74.26708221435547
2006-05-09,74.64567565917969
2006-05-10,74.78675842285156
2006-05-11,73.90775299072266
2006-05-12,73.06084442138672
2006-05-15,73.34959411621094
2006-05-16,73.33673095703125
2006-05-17,71.85458374023438
2006-05-18,71.4888687133789
2006-05-19,71.70050811767578
2006-05-22,71.3788833618164
2006-05-23,70.99296569824219
2006-05-24,71.4818115234375
2006-05-25,72.07353210449219
2006-05-26,72.54315948486328
2006-05-30,71.28888702392578
2006-05-31,71.8676986694336
2006-06-01,72.2987060546875
2006-06-02,72.27298736572266
2006-06-05,71.1988296508789
2006-06-06,70.74854278564453
2006-06-07,70.23395538330078
2006-06-08,70.11173248291016
2006-06-09,70.00233459472656
2006-06-12,69.43636322021484
2006-06-13,68.80598449707031
2006-06-14,69.68075561523438
2006-06-15,70.9801254272461
2006-06-16,70.84736633300781
2006-06-19,70.32563018798828
2006-06-20,70.77011108398438
2006-06-21,71.31763458251953
2006-06-22,70.98910522460938
2006-06-23,70.84090423583984
2006-06-26,71.11793518066406
2006-06-27,70.38353729248047
2006-06-28,70.74425506591797
2006-06-29,72.0197982788086
2006-06-30,72.01329040527344
2006-07-03,72.27738952636719
2006-07-05,71.80718994140625
2006-07-06,72.27103424072266
2006-07-07,71.47872161865234
2006-07-10,71.60106658935547
2006-07-11,71.80718994140625
2006-07-12,71.0728530883789
2006-07-13,69.76516723632812
2006-07-14,69.13388061523438
2006-07-17,69.26272583007812
2006-07-18,69.69429016113281
2006-07-19,70.88605499267578
2006-07-20,70.48662567138672
2006-07-21,70.02803802490234
2006-07-24,71.27946472167969
2006-07-25,71.46650695800781
2006-07-26,71.5439224243164
2006-07-27,71.77610778808594
2006-07-28,72.29214477539062
2006-07-31,72.18253326416016
2006-08-01,71.74385070800781
2006-08-02,72.2341079711914
2006-08-03,72.62760925292969
2006-08-04,72.55668640136719
2006-08-07,72.46632385253906
2006-08-08,72.14382934570312
2006-08-09,71.5697250366211
2006-08-10,71.79547119140625
2006-08-11,71.63424682617188
2006-08-14,71.69866943359375
2006-08-15,72.41472625732422
2006-08-16,73.13720703125
2006-08-17,73.18878173828125
2006-08-18,73.56761932373047
2006-08-21,73.37371826171875
2006-08-22,73.23150634765625
2006-08-23,73.12155151367188
2006-08-24,72.92115783691406
2006-08-25,72.94705200195312
2006-08-28,73.33489990234375
2006-08-29,73.380126953125
2006-08-30,73.54176330566406
2006-08-31,73.5740966796875
2006-09-01,74.14940643310547
2006-09-05,74.16883087158203
2006-09-06,73.78736114501953
2006-09-07,73.41243743896484
2006-09-08,73.61286163330078
2006-09-11,73.67108154296875
2006-09-12,74.3304443359375
2006-09-13,74.64720916748047
2006-09-14,74.67308044433594
2006-09-15,74.85894012451172
2006-09-18,74.81365203857422
2006-09-19,74.697021484375
2006-09-20,75.17636108398438
2006-09-21,74.71647644042969
2006-09-22,74.48332214355469
2006-09-25,74.86542510986328
2006-09-26,75.506591796875
2006-09-27,75.7591552734375
2006-09-28,75.70732879638672
2006-09-29,75.60375213623047
2006-10-02,75.5260238647461
2006-10-03,75.86276245117188
2006-10-04,76.6722640991211
2006-10-05,76.82125091552734
2006-10-06,76.75648498535156
2006-10-09,76.82125091552734
2006-10-10,76.7823715209961
2006-10-11,76.79531860351562
2006-10-12,77.36521911621094
2006-10-13,77.48185729980469
2006-10-16,77.5660629272461
2006-10-17,77.43647766113281
2006-10-18,77.65026092529297
2006-10-19,77.81208038330078
2006-10-20,77.76480865478516
2006-10-23,78.37432861328125
2006-10-24,78.59475708007812
2006-10-25,78.71147918701172
2006-10-26,78.73741912841797
2006-10-27,78.36781311035156
2006-10-30,78.3094253540039
2006-10-31,78.28352355957031
2006-11-01,77.97874450683594
2006-11-02,77.81016540527344
2006-11-03,77.66749572753906
2006-11-06,78.46510314941406
2006-11-07,78.81523132324219
2006-11-08,78.99676513671875
2006-11-09,78.56233215332031
2006-11-10,78.52992248535156
2006-11-13,78.68553161621094
2006-11-14,79.3145523071289
2006-11-15,79.55438232421875
2006-11-16,79.98883819580078
2006-11-17,80.1312026977539
2006-11-20,80.04669189453125
2006-11-21,80.0597152709961
2006-11-22,80.12472534179688
2006-11-24,79.75419616699219
2006-11-27,78.73350524902344
2006-11-28,78.83109283447266
2006-11-29,79.526611328125
2006-11-30,79.49414825439453
2006-12-01,79.3446273803711
2006-12-04,79.83224487304688
2006-12-05,80.19621276855469
2006-12-06,80.0597152709961
2006-12-07,79.80620574951172
2006-12-08,79.96224975585938
2006-12-11,80.18321990966797
2006-12-12,80.08580017089844
2006-12-13,80.18973541259766
2006-12-14,80.76187896728516
2006-12-15,80.92475128173828
2006-12-18,80.97039031982422
2006-12-19,81.07472229003906
2006-12-20,81.10077667236328
2006-12-21,80.82050323486328
2006-12-22,80.29252624511719
2006-12-26,80.80744171142578
2006-12-27,81.4332504272461
2006-12-28,81.34843444824219
2006-12-29,81.09426879882812
2007-01-03,81.13337707519531
2007-01-04,81.27023315429688
2007-01-05,80.65750122070312
2007-01-08,80.91825866699219
2007-01-09,80.87266540527344
2007-01-10,81.10731506347656
2007-01-11,81.47232818603516
2007-01-12,81.90909576416016
2007-01-16,81.93516540527344
2007-01-17,81.96774291992188
2007-01-18,81.81124114990234
2007-01-19,81.88955688476562
2007-01-22,81.36775970458984
2007-01-23,81.74597930908203
2007-01-24,82.22867584228516
2007-01-25,81.51118469238281
2007-01-26,81.38079071044922
2007-01-29,81.41341400146484
2007-01-30,81.63516235351562
2007-01-31,82.33963012695312
2007-02-01,82.66571044921875
2007-02-02,82.52870178222656
2007-02-05,82.62659454345703
2007-02-06,82.6070327758789
2007-02-07,82.69829559326172
2007-02-08,82.4896240234375
2007-02-09,82.1048355102539
2007-02-12,81.9156265258789
2007-02-13,82.593994140625
2007-02-14,83.14839935302734
2007-02-15,83.33753204345703
2007-02-16,83.3571548461914
2007-02-20,83.41595458984375
2007-02-21,83.22645568847656
2007-02-22,82.84747314453125
2007-02-23,82.59918212890625
2007-02-26,82.55342102050781
2007-02-27,79.45621490478516
2007-02-28,80.1488265991211
2007-03-01,80.00506591796875
2007-03-02,79.03807067871094
2007-03-05,78.60671997070312
2007-03-06,79.75677490234375
2007-03-07,79.71759796142578
2007-03-08,80.24034881591797
2007-03-09,80.36448669433594
2007-03-12,80.468994140625
2007-03-13,79.07723999023438
2007-03-14,79.49536895751953
2007-03-15,79.580322265625
2007-03-16,79.27714538574219
2007-03-19,80.08271026611328
2007-03-20,80.43630981445312
2007-03-21,81.39901733398438
2007-03-22,81.50381469726562
2007-03-23,81.66095733642578
2007-03-26,81.44490051269531
2007-03-27,81.13710021972656
2007-03-28,80.55420684814453
2007-03-29,80.75069427490234
2007-03-30,80.94059753417969
2007-04-02,80.97991180419922
2007-04-03,81.85749816894531
2007-04-04,81.98190307617188
2007-04-05,82.16529846191406
2007-04-09,82.28973388671875
2007-04-10,82.25038146972656
2007-04-11,81.79856872558594
2007-04-12,82.13260650634766
2007-04-13,82.6172103881836
2007-04-16,83.20004272460938
2007-04-17,83.66507720947266
2007-04-18,83.85498046875
2007-04-19,83.97940826416016
2007-04-20,84.92719268798828
2007-04-23,84.66503143310547
2007-04-24,84.86817169189453
2007-04-25,85.61538696289062
2007-04-26,85.99556732177734
2007-04-27,86.01519775390625
2007-04-30,85.64823913574219
2007-05-01,86.0544662475586
2007-05-02,86.61174011230469
2007-05-03,86.77555084228516
2007-05-04,87.0050048828125
2007-05-07,87.20162200927734
2007-05-08,87.25406646728516
2007-05-09,87.54906463623047
2007-05-10,86.84769439697266
2007-05-11,87.54244995117188
2007-05-14,87.6473159790039
2007-05-15,87.90950012207031
2007-05-16,88.56495666503906
2007-05-17,88.44042205810547
2007-05-18,89.04768371582031
2007-05-21,88.85051727294922
2007-05-22,88.8241958618164
2007-05-23,88.85051727294922
2007-05-24,88.31815338134766
2007-05-25,88.64679718017578
2007-05-29,88.8636703491211
2007-05-30,89.56016540527344
2007-05-31,89.56684875488281
2007-06-01,89.777099609375
2007-06-04,89.74422454833984
2007-06-05,89.36309814453125
2007-06-06,88.3839111328125
2007-06-07,87.09588623046875
2007-06-08,88.12759399414062
2007-06-11,88.2196044921875
2007-06-12,87.35213470458984
2007-06-13,88.58763885498047
2007-06-14,89.17904663085938
2007-06-15,89.6126937866211
2007-06-18,89.4482192993164
2007-06-19,89.66535186767578
2007-06-20,88.73099517822266
2007-06-21,89.07320404052734
2007-06-22,88.15196228027344
2007-06-25,87.9216537475586
2007-06-26,87.3820571899414
2007-06-27,88.25065612792969
2007-06-28,88.2309341430664
2007-06-29,88.3032455444336
2007-07-02,89.00737762451172
2007-07-03,89.28370666503906
2007-07-05,89.19818878173828
2007-07-06,89.57322692871094
2007-07-09,89.80349731445312
2007-07-10,88.84290313720703
2007-07-11,89.42183685302734
2007-07-12,91.02735137939453
2007-07-13,91.40245056152344
2007-07-16,91.76437377929688
2007-07-17,91.9881362915039
2007-07-18,91.6788101196289
2007-07-19,92.04730987548828
2007-07-20,91.2659683227539
2007-07-23,91.7074203491211
2007-07-24,90.42936706542969
2007-07-25,90.58096313476562
2007-07-26,88.74288940429688
2007-07-27,87.0300521850586
2007-07-30,87.9721908569336
2007-07-31,87.06968688964844
2007-08-01,87.88651275634766
2007-08-02,88.78900909423828
2007-08-03,87.08283233642578
2007-08-06,88.40695190429688
2007-08-07,88.9668960571289
2007-08-08,89.95509338378906
2007-08-09,87.47808074951172
2007-08-10,86.91815185546875
2007-08-13,87.07622528076172
2007-08-14,85.96286010742188
2007-08-15,84.88255310058594
2007-08-16,85.08012390136719
2007-08-17,86.19265747070312
2007-08-20,86.46331787109375
2007-08-21,86.2784652709961
2007-08-22,87.34139251708984
2007-08-23,87.26225280761719
2007-08-24,88.23274993896484
2007-08-27,87.88938903808594
2007-08-28,86.15303039550781
2007-08-29,87.63854217529297
2007-08-30,87.52627563476562
2007-08-31,88.07423400878906
2007-09-04,88.69491577148438
2007-09-05,87.9554443359375
2007-09-06,88.16011810302734
2007-09-07,86.83303833007812
2007-09-10,86.77361297607422
2007-09-11,87.86305236816406
2007-09-12,87.97529602050781
2007-09-13,88.66846466064453
2007-09-14,88.77411651611328
2007-09-17,88.51005554199219
2007-09-18,90.6822280883789
2007-09-19,91.21697235107422
2007-09-20,90.9131851196289
2007-09-21,91.20228576660156
2007-09-24,90.9708480834961
2007-09-25,91.08322143554688
2007-09-26,91.61893463134766
2007-09-27,92.01573944091797
2007-09-28,91.87029266357422
2007-10-01,92.9879379272461
2007-10-02,92.67047882080078
2007-10-03,92.33316802978516
2007-10-04,92.26712799072266
2007-10-05,93.04090118408203
2007-10-08,92.7630844116211
2007-10-09,93.62947082519531
2007-10-10,93.07395935058594
2007-10-11,92.73001861572266
2007-10-12,93.33187103271484
2007-10-15,92.6043701171875
2007-10-16,92.03559112548828
2007-10-17,92.03559112548828
2007-10-18,91.79753875732422
2007-10-19,89.33648681640625
2007-10-22,89.6808090209961
2007-10-23,90.32305145263672
2007-10-24,90.37600708007812
2007-10-25,90.640869140625
2007-10-26,91.33602905273438
2007-10-29,91.79945373535156
2007-10-30,91.24992370605469
2007-10-31,91.99813079833984
2007-11-01,89.94560241699219
2007-11-02,90.07804870605469
2007-11-05,89.52184295654297
2007-11-06,90.38257598876953
2007-11-07,88.29035949707031
2007-11-08,87.69448852539062
2007-11-09,86.2776107788086
2007-11-12,85.9200668334961
2007-11-13,88.1513900756836
2007-11-14,87.86666107177734
2007-11-15,87.04564666748047
2007-11-16,87.27669525146484
2007-11-19,86.0549545288086
2007-11-20,86.5396728515625
2007-11-21,84.85307312011719
2007-11-23,85.9354248046875
2007-11-26,84.63398742675781
2007-11-27,85.86908721923828
2007-11-28,88.19967651367188
2007-11-29,88.42542266845703
2007-11-30,89.08284759521484
2007-12-03,88.51841735839844
2007-12-04,87.93408966064453
2007-12-05,89.27532958984375
2007-12-06,90.35774230957031
2007-12-07,90.5635757446289
2007-12-10,91.23416137695312
2007-12-11,89.24223327636719
2007-12-12,89.64058685302734
2007-12-13,89.64058685302734
2007-12-14,88.61132049560547
2007-12-17,87.60206604003906
2007-12-18,88.01382446289062
2007-12-19,87.82788848876953
2007-12-20,88.12005615234375
2007-12-21,89.41864776611328
2007-12-24,90.06424713134766
2007-12-26,90.13751983642578
2007-12-27,88.97927856445312
2007-12-28,88.79959106445312
2007-12-31,88.22715759277344
2008-01-02,86.94922637939453
2008-01-03,87.02243041992188
2008-01-04,85.31179809570312
2008-01-07,85.23855590820312
2008-01-08,83.76756286621094
2008-01-09,84.50638580322266
2008-01-10,85.07884979248047
2008-01-11,83.99390411376953
2008-01-14,84.87250518798828
2008-01-15,83.40147399902344
2008-01-16,82.96884155273438
2008-01-17,81.05188751220703
2008-01-18,80.34542083740234
2008-01-22,79.44587707519531
2008-01-23,81.76485443115234
2008-01-24,82.25135040283203
2008-01-25,81.42504119873047
2008-01-28,82.31796264648438
2008-01-29,82.99105072021484
2008-01-30,82.48457336425781
2008-01-31,83.96394348144531
2008-02-01,84.91683959960938
2008-02-04,83.98387908935547
2008-02-05,81.93809509277344
2008-02-06,81.4716796875
2008-02-07,81.78486633300781
2008-02-08,81.1318359375
2008-02-11,81.51166534423828
2008-02-12,82.47789764404297
2008-02-13,83.47083282470703
2008-02-14,82.63782501220703
2008-02-15,82.34075164794922
2008-02-19,82.574462890625
2008-02-20,82.8481674194336
2008-02-21,82.25395202636719
2008-02-22,82.65454864501953
2008-02-25,83.83625793457031
2008-02-26,84.66417694091797
2008-02-27,84.67749786376953
2008-02-28,84.01652526855469
2008-02-29,82.12715148925781
2008-03-03,81.7865982055664
2008-03-04,81.71980285644531
2008-03-05,82.03364562988281
2008-03-06,80.6515884399414
2008-03-07,79.40311431884766
2008-03-10,78.768798828125
2008-03-11,81.49287414550781
2008-03-12,81.05215454101562
2008-03-13,81.1255874633789
2008-03-14,80.13080596923828
2008-03-17,80.17756652832031
2008-03-18,82.82144165039062
2008-03-19,81.07887268066406
2008-03-20,82.39463806152344
2008-03-24,83.88716888427734
2008-03-25,83.74663543701172
2008-03-26,82.93679809570312
2008-03-27,82.42144012451172
2008-03-28,81.80572509765625
2008-03-31,81.91946411132812
2008-04-01,84.3757095336914
2008-04-02,84.45608520507812
2008-04-03,84.5498046875
2008-04-04,84.3958511352539
2008-04-07,84.36237335205078
2008-04-08,84.41590118408203
2008-04-09,84.09465789794922
2008-04-10,84.29539489746094
2008-04-11,82.54862213134766
2008-04-14,82.43482208251953
2008-04-15,82.64234161376953
2008-04-16,84.75721740722656
2008-04-17,84.79740142822266
2008-04-18,85.67926025390625
2008-04-21,85.79315185546875
2008-04-22,85.35088348388672
2008-04-23,85.30397033691406
2008-04-24,85.8400650024414
2008-04-25,86.30913543701172
2008-04-28,86.30244445800781
2008-04-29,85.89364624023438
2008-04-30,85.90035247802734
2008-05-01,87.08645629882812
2008-05-02,87.60246276855469
2008-05-05,86.86532592773438
2008-05-06,87.28082275390625
2008-05-07,86.04109191894531
2008-05-08,85.93385314941406
2008-05-09,85.43799591064453
2008-05-12,86.2823715209961
2008-05-13,86.04776000976562
2008-05-14,86.4432144165039
2008-05-15,87.14681243896484
2008-05-16,87.06475067138672
2008-05-19,87.48806762695312
2008-05-20,86.19820404052734
2008-05-21,84.68661499023438
2008-05-22,84.6597671508789
2008-05-23,83.71251678466797
2008-05-27,84.263427734375
2008-05-28,84.53890228271484
2008-05-29,84.80081176757812
2008-05-30,84.73367309570312
2008-06-02,84.08207702636719
2008-06-03,83.27589416503906
2008-06-04,83.29605865478516
2008-06-05,84.72022247314453
2008-06-06,82.03973388671875
2008-06-09,82.60408782958984
2008-06-10,82.60408782958984
2008-06-11,81.32095336914062
2008-06-12,81.71058654785156
2008-06-13,82.6981430053711
2008-06-16,82.40257263183594
2008-06-17,81.91213989257812
2008-06-18,80.8372573852539
2008-06-19,81.038818359375
2008-06-20,79.61072540283203
2008-06-23,79.67134094238281
2008-06-24,79.40872955322266
2008-06-25,79.38848114013672
2008-06-26,77.20703125
2008-06-27,76.3923568725586
2008-06-30,76.36544036865234
2008-07-01,76.6010971069336
2008-07-02,75.51034545898438
2008-07-03,76.11629486083984
2008-07-07,75.55071258544922
2008-07-08,76.58089447021484
2008-07-09,75.18043518066406
2008-07-10,75.55748748779297
2008-07-11,74.73606872558594
2008-07-14,74.39938354492188
2008-07-15,73.59146881103516
2008-07-16,75.52381134033203
2008-07-17,76.85018920898438
2008-07-18,77.50767517089844
2008-07-21,77.30535125732422
2008-07-22,78.01337432861328
2008-07-23,78.37069702148438
2008-07-24,76.59732818603516
2008-07-25,76.30742645263672
2008-07-28,75.07350158691406
2008-07-29,76.76596069335938
2008-07-30,78.09425354003906
2008-07-31,76.664794921875
2008-08-01,76.27376556396484
2008-08-04,76.03776550292969
2008-08-05,78.2223129272461
2008-08-06,78.5460205078125
2008-08-07,77.26492309570312
2008-08-08,78.85618591308594
2008-08-11,79.42932891845703
2008-08-12,78.59996032714844
2008-08-13,77.81108093261719
2008-08-14,78.49208068847656
2008-08-15,78.74004364013672
2008-08-18,77.61164093017578
2008-08-19,76.6858901977539
2008-08-20,77.05754852294922
2008-08-21,77.0643310546875
2008-08-22,78.59815979003906
2008-08-25,76.92916107177734
2008-08-26,77.0777587890625
2008-08-27,77.70623016357422
2008-08-28,79.14550018310547
2008-08-29,78.01023864746094
2008-09-02,77.81439208984375
2008-09-03,78.05079650878906
2008-09-04,75.81424713134766
2008-09-05,75.91558837890625
2008-09-08,77.81439208984375
2008-09-09,76.03728485107422
2008-09-10,76.35478210449219
2008-09-11,77.61164093017578
2008-09-12,77.5643539428711
2008-09-15,74.19256591796875
2008-09-16,74.77363586425781
2008-09-17,72.13838958740234
2008-09-18,74.30736541748047
2008-09-19,76.97370910644531
2008-09-22,74.89299011230469
2008-09-23,73.5374984741211
2008-09-24,73.40190887451172
2008-09-25,74.73709869384766
2008-09-26,75.33354187011719
2008-09-29,70.9958724975586
2008-09-30,73.44254302978516
2008-10-01,73.67296600341797
2008-10-02,71.34835052490234
2008-10-03,69.94532775878906
2008-10-06,67.70870971679688
2008-10-07,64.43511962890625
2008-10-08,61.9477424621582
2008-10-09,57.98280334472656
2008-10-10,56.76279067993164
2008-10-13,64.4079818725586
2008-10-14,63.486228942871094
2008-10-15,57.52189636230469
2008-10-16,60.91072082519531
2008-10-17,59.43471908569336
2008-10-20,63.33181381225586
2008-10-21,61.36295700073242
2008-10-22,58.04964065551758
2008-10-23,59.740272521972656
2008-10-24,56.41339111328125
2008-10-27,54.49198532104492
2008-10-28,61.87889862060547
2008-10-29,60.52775192260742
2008-10-30,62.802215576171875
2008-10-31,63.4812126159668
2008-11-03,63.43368148803711
2008-11-04,65.3211441040039
2008-11-05,62.360958099365234
2008-11-06,59.15631103515625
2008-11-07,61.19315719604492
2008-11-10,60.378421783447266
2008-11-11,58.89832305908203
2008-11-12,56.41339111328125
2008-11-13,60.22225570678711
2008-11-14,57.180599212646484
2008-11-17,56.31832504272461
2008-11-18,57.2620735168457
2008-11-19,54.559898376464844
2008-11-20,51.64042282104492
2008-11-21,54.9297981262207
2008-11-24,57.22138977050781
2008-11-25,57.842002868652344
2008-11-26,59.45840835571289
2008-11-28,60.22227096557617
2008-12-01,55.69367980957031
2008-12-02,57.53511428833008
2008-12-03,58.68090057373047
2008-12-04,57.11225509643555
2008-12-05,59.05601501464844
2008-12-08,60.7814826965332
2008-12-09,59.410614013671875
2008-12-10,59.77211380004883
2008-12-11,58.55815124511719
2008-12-12,58.8991584777832
2008-12-15,58.646820068359375
2008-12-16,61.088382720947266
2008-12-17,60.25636291503906
2008-12-18,58.8991584777832
2008-12-19,58.397003173828125
2008-12-22,58.123355865478516
2008-12-23,57.51449203491211
2008-12-24,57.794944763183594
2008-12-26,58.198638916015625
2008-12-29,58.08914566040039
2008-12-30,59.30006408691406
2008-12-31,59.87467575073242
2009-01-02,61.70820617675781
2009-01-05,61.3661003112793
2009-01-06,61.673980712890625
2009-01-07,60.107322692871094
2009-01-08,59.81319046020508
2009-01-09,58.93064880371094
2009-01-12,58.00699234008789
2009-01-13,57.75392532348633
2009-01-14,56.15306091308594
2009-01-15,56.2214469909668
2009-01-16,56.6675910949707
2009-01-20,54.41979217529297
2009-01-21,56.35923385620117
2009-01-22,55.61911392211914
2009-01-23,55.18055725097656
2009-01-26,55.5573844909668
2009-01-27,55.85895538330078
2009-01-28,57.34605026245117
2009-01-29,55.872657775878906
2009-01-30,54.87898254394531
2009-02-02,54.3581428527832
2009-02-03,55.25586700439453
2009-02-04,54.61170196533203
2009-02-05,55.20110321044922
2009-02-06,56.78413009643555
2009-02-09,56.70872497558594
2009-02-10,54.269039154052734
2009-02-11,54.5157585144043
2009-02-12,54.48151779174805
2009-02-13,53.83047103881836
2009-02-17,51.91162109375
2009-02-18,51.9184684753418
2009-02-19,51.41819763183594
2009-02-20,50.774314880371094
2009-02-23,48.997589111328125
2009-02-24,50.53327178955078
2009-02-25,50.044342041015625
2009-02-26,49.472740173339844
2009-02-27,48.729007720947266
2009-03-02,46.71126937866211
2009-03-03,46.28429412841797
2009-03-04,47.358585357666016
2009-03-05,45.499244689941406
2009-03-06,45.79536819458008
2009-03-09,45.06536865234375
2009-03-10,47.613407135009766
2009-03-11,47.847557067871094
2009-03-12,49.42451858520508
2009-03-13,49.80331802368164
2009-03-16,49.79642105102539
2009-03-17,51.015342712402344
2009-03-18,51.62825393676758
2009-03-19,51.03599548339844
2009-03-20,50.212440490722656
2009-03-23,53.677791595458984
2009-03-24,52.946044921875
2009-03-25,53.43617630004883
2009-03-26,54.60280227661133
2009-03-27,53.712303161621094
2009-03-30,51.94512176513672
2009-03-31,52.3524055480957
2009-04-01,53.519004821777344
2009-04-02,55.02383804321289
2009-04-03,55.33452224731445
2009-04-06,55.05837631225586
2009-04-07,53.767513275146484
2009-04-08,54.09886932373047
2009-04-09,55.83838653564453
2009-04-13,55.6037483215332
2009-04-14,54.72011947631836
2009-04-15,55.43113708496094
2009-04-16,56.0938606262207
2009-04-17,56.2210693359375
2009-04-20,54.291969299316406
2009-04-21,55.03178787231445
2009-04-22,54.49248123168945
2009-04-23,55.07327651977539
2009-04-24,55.820011138916016
2009-04-27,55.49504470825195
2009-04-28,55.398231506347656
2009-04-29,56.53913116455078
2009-04-30,56.469966888427734
2009-05-01,56.80875778198242
2009-05-04,58.24698257446289
2009-05-05,58.191619873046875
2009-05-06,58.91078186035156
2009-05-07,58.19855880737305
2009-05-08,59.27028274536133
2009-05-11,58.37834548950195
2009-05-12,58.57887268066406
2009-05-13,57.47950744628906
2009-05-14,57.65926742553711
2009-05-15,57.406803131103516
2009-05-18,59.02959442138672
2009-05-19,58.766048431396484
2009-05-20,58.38463592529297
2009-05-21,57.6287727355957
2009-05-22,57.469215393066406
2009-05-26,58.84233856201172
2009-05-27,57.67036437988281
2009-05-28,58.26673889160156
2009-05-29,59.216835021972656
2009-06-01,60.57605743408203
2009-06-02,60.680057525634766
2009-06-03,60.29863739013672
2009-06-04,60.68700408935547
2009-06-05,60.96441650390625
2009-06-08,60.84651565551758
2009-06-09,60.84651565551758
2009-06-10,60.784114837646484
2009-06-11,60.92975616455078
2009-06-12,61.24178695678711
2009-06-15,59.979671478271484
2009-06-16,59.12665939331055
2009-06-17,59.105857849121094
2009-06-18,59.37629318237305
2009-06-19,59.3575553894043
2009-06-22,57.97294998168945
2009-06-23,57.8754997253418
2009-06-24,57.77117156982422
2009-06-25,58.94702911376953
2009-06-26,58.63393020629883
2009-06-29,59.31581497192383
2009-06-30,58.905311584472656
2009-07-01,59.16271209716797
2009-07-02,57.743282318115234
2009-07-06,57.92420959472656
2009-07-07,56.74137496948242
2009-07-08,57.00575256347656
2009-07-09,56.894474029541016
2009-07-10,56.66490173339844
2009-07-13,57.96597671508789
2009-07-14,58.20949172973633
2009-07-15,59.9767951965332
2009-07-16,60.69344711303711
2009-07-17,60.94147872924805
2009-07-20,61.54773712158203
2009-07-21,62.132999420166016
2009-07-22,61.93098831176758
2009-07-23,63.15035629272461
2009-07-24,63.38724899291992
2009-07-27,63.50566482543945
2009-07-28,63.40116500854492
2009-07-29,63.18518829345703
2009-07-30,63.70083236694336
2009-07-31,63.875038146972656
2009-08-03,64.70419311523438
2009-08-04,64.93418884277344
2009-08-05,64.68331146240234
2009-08-06,64.54395294189453
2009-08-07,65.35221099853516
2009-08-10,65.15013122558594
2009-08-11,64.5091323852539
2009-08-12,65.3382797241211
2009-08-13,65.63090515136719
2009-08-14,65.08747100830078
2009-08-17,63.833255767822266
2009-08-18,64.31397247314453
2009-08-19,64.892333984375
2009-08-20,65.35221099853516
2009-08-21,66.44937133789062
2009-08-24,66.5192642211914
2009-08-25,66.76397705078125
2009-08-26,66.75005340576172
2009-08-27,67.00176239013672
2009-08-28,66.8339614868164
2009-08-31,66.4632797241211
2009-09-01,65.17668914794922
2009-09-02,64.91100311279297
2009-09-03,65.344482421875
2009-09-04,66.04376983642578
2009-09-08,66.47027587890625
2009-09-09,66.79898071289062
2009-09-10,67.3653564453125
2009-09-11,67.28140258789062
2009-09-14,67.35138702392578
2009-09-15,67.75691986083984
2009-09-16,68.58206176757812
2009-09-17,68.56800079345703
2009-09-18,68.72565460205078
2009-09-21,68.46648406982422
2009-09-22,68.7957763671875
2009-09-23,68.35435485839844
2009-09-24,67.94110107421875
2009-09-25,67.7659683227539
2009-09-28,68.53650665283203
2009-09-29,68.25635528564453
2009-09-30,68.01113891601562
2009-10-01,66.63113403320312
2009-10-02,66.44906616210938
2009-10-05,67.22659301757812
2009-10-06,68.15121459960938
2009-10-07,68.14424133300781
2009-10-08,68.58549499511719
2009-10-09,69.13200378417969
2009-10-12,69.30711364746094
2009-10-13,69.23003387451172
2009-10-14,70.2106704711914
2009-10-15,70.50495910644531
2009-10-16,70.10804748535156
2009-10-19,70.71810913085938
2009-10-20,70.38845825195312
2009-10-21,69.71539306640625
2009-10-22,70.63390350341797
2009-10-23,69.99588775634766
2009-10-26,69.28070831298828
2009-10-27,69.2877197265625
2009-10-28,68.48844146728516
2009-10-29,69.79258728027344
2009-10-30,68.0537109375
2009-11-02,68.6075668334961
2009-11-03,68.57254791259766
2009-11-04,68.83197784423828
2009-11-05,70.227294921875
2009-11-06,70.3745346069336
2009-11-09,71.81185150146484
2009-11-10,72.00113677978516
2009-11-11,72.30965423583984
2009-11-12,71.6365737915039
2009-11-13,72.15538787841797
2009-11-16,73.10196685791016
2009-11-17,73.3333511352539
2009-11-18,73.30531311035156
2009-11-19,72.67427825927734
2009-11-20,72.63065338134766
2009-11-23,73.48184204101562
2009-11-24,73.41144561767578
2009-11-25,73.60138702392578
2009-11-27,72.5813980102539
2009-11-30,72.86278533935547
2009-12-01,73.67173767089844
2009-12-02,73.56622314453125
2009-12-03,72.94020080566406
2009-12-04,73.15120697021484
2009-12-07,73.19342041015625
2009-12-08,72.41259765625
2009-12-09,72.77135467529297
2009-12-10,73.28485107421875
2009-12-11,73.80543518066406
2009-12-14,74.00235748291016
2009-12-15,73.67881774902344
2009-12-16,73.62959289550781
2009-12-17,72.72208404541016
2009-12-18,72.83513641357422
2009-12-21,73.3576431274414
2009-12-22,73.76022338867188
2009-12-23,73.76022338867188
2009-12-24,74.14857482910156
2009-12-28,74.35337829589844
2009-12-29,74.35337829589844
2009-12-30,74.30391693115234
2009-12-31,73.49187469482422
2010-01-04,74.61468505859375
2010-01-05,74.49459838867188
2010-01-06,74.54402160644531
2010-01-07,74.81236267089844
2010-01-08,74.93244171142578
2010-01-11,75.23614501953125
2010-01-12,74.9536361694336
2010-01-13,75.38440704345703
2010-01-14,75.58216094970703
2010-01-15,74.86181640625
2010-01-19,75.68095397949219
2010-01-20,74.86888122558594
2010-01-21,73.23764038085938
2010-01-22,71.76872253417969
2010-01-25,71.96652221679688
2010-01-26,71.94535827636719
2010-01-27,72.241943359375
2010-01-28,71.46514892578125
2010-01-29,71.0060806274414
2010-02-01,71.9170913696289
2010-02-02,72.6514892578125
2010-02-03,72.4749526977539
2010-02-04,70.64592742919922
2010-02-05,70.73072052001953
2010-02-08,70.06685638427734
2010-02-09,71.07669067382812
2010-02-10,70.98490142822266
2010-02-11,71.7334976196289
2010-02-12,71.51453399658203
2010-02-16,72.60206604003906
2010-02-17,73.00460815429688
2010-02-18,73.56244659423828
2010-02-19,73.6226577758789
2010-02-22,73.51647186279297
2010-02-23,72.82968139648438
2010-02-24,73.41731262207031
2010-02-25,73.1341323852539
2010-02-26,73.1341323852539
2010-03-01,73.64388275146484
2010-03-02,73.63679504394531
2010-03-03,73.69342041015625
2010-03-04,73.98371887207031
2010-03-05,74.87583923339844
2010-03-08,74.7553939819336
2010-03-09,74.84037780761719
2010-03-10,74.88282775878906
2010-03-11,75.24393463134766
2010-03-12,75.34298706054688
2010-03-15,75.44921875
2010-03-16,75.80320739746094
2010-03-17,76.1218032836914
2010-03-18,76.42626190185547
2010-03-19,76.140380859375
2010-03-22,76.45956420898438
2010-03-23,77.22563171386719
2010-03-24,76.89228057861328
2010-03-25,76.92060089111328
2010-03-26,76.91357421875
2010-03-29,77.26114654541016
2010-03-30,77.41007232666016
2010-03-31,77.04125213623047
2010-04-01,77.5164566040039
2010-04-05,77.835693359375
2010-04-06,77.82864379882812
2010-04-07,77.3532943725586
2010-04-08,77.580322265625
2010-04-09,78.06976318359375
2010-04-12,78.15492248535156
2010-04-13,78.2045669555664
2010-04-14,78.9422378540039
2010-04-15,79.1338119506836
2010-04-16,78.21873474121094
2010-04-19,78.68724060058594
2010-04-20,78.87181854248047
2010-04-21,78.9144287109375
2010-04-22,79.04927062988281
2010-04-23,79.4823989868164
2010-04-26,79.56753540039062
2010-04-27,77.99861145019531
2010-04-28,78.48139190673828
2010-04-29,79.29065704345703
2010-04-30,78.16191101074219
2010-05-03,79.18416595458984
2010-05-04,77.63654327392578
2010-05-05,77.23897552490234
2010-05-06,74.72588348388672
2010-05-07,73.67520141601562
2010-05-10,76.67106628417969
2010-05-11,76.43679809570312
2010-05-12,77.56555938720703
2010-05-13,76.74205017089844
2010-05-14,75.61328887939453
2010-05-17,75.62037658691406
2010-05-18,74.81818389892578
2010-05-19,74.37805938720703
2010-05-20,71.77971649169922
2010-05-21,72.57146453857422
2010-05-24,71.7448959350586
2010-05-25,71.58808135986328
2010-05-26,71.03219604492188
2010-05-27,73.1985092163086
2010-05-28,72.30775451660156
2010-06-01,71.4883041381836
2010-06-02,73.12014770507812
2010-06-03,73.17713165283203
2010-06-04,70.8612060546875
2010-06-07,70.02742767333984
2010-06-08,70.8612060546875
2010-06-09,70.65454864501953
2010-06-10,72.59990692138672
2010-06-11,72.90633392333984
2010-06-14,72.78524017333984
2010-06-15,74.23182678222656
2010-06-16,74.31730651855469
2010-06-17,74.50968933105469
2010-06-18,74.59542083740234
2010-06-21,74.56680297851562
2010-06-22,73.48169708251953
2010-06-23,73.52455139160156
2010-06-24,72.50363159179688
2010-06-25,72.61788177490234
2010-06-28,72.41796875
2010-06-29,70.48333740234375
2010-06-30,69.76943969726562
2010-07-01,69.49095153808594
2010-07-02,69.15547180175781
2010-07-06,69.56951141357422
2010-07-07,71.59697723388672
2010-07-08,72.46797180175781
2010-07-09,72.89630126953125
2010-07-12,72.99625396728516
2010-07-13,74.05282592773438
2010-07-14,74.06716918945312
2010-07-15,74.03142547607422
2010-07-16,72.17579650878906
2010-07-19,72.61163330078125
2010-07-20,73.11892700195312
2010-07-21,72.33293914794922
2010-07-22,73.7763671875
2010-07-23,74.50514221191406
2010-07-26,75.2125473022461
2010-07-27,75.34119415283203
2010-07-28,75.09107971191406
2010-07-29,74.79096984863281
2010-07-30,74.81243133544922
2010-08-02,76.26290893554688
2010-08-03,76.01995849609375
2010-08-04,76.42720794677734
2010-08-05,76.37007141113281
2010-08-06,76.23432159423828
2010-08-09,76.54158020019531
2010-08-10,76.21290588378906
2010-08-11,74.40506744384766
2010-08-12,73.91917419433594
2010-08-13,73.84776306152344
2010-08-16,73.79776763916016
2010-08-17,74.54802703857422
2010-08-18,74.719482421875
2010-08-19,73.64054870605469
2010-08-20,73.25617218017578
2010-08-23,72.98355102539062
2010-08-24,72.00814819335938
2010-08-25,72.15879821777344
2010-08-26,71.67109680175781
2010-08-27,72.85445404052734
2010-08-30,71.84320068359375
2010-08-31,71.86473846435547
2010-09-01,73.7294921875
2010-09-02,74.07377624511719
2010-09-03,75.00616455078125
2010-09-07,74.27456665039062
2010-09-08,74.57575225830078
2010-09-09,74.76944732666016
2010-09-10,75.14956665039062
2010-09-13,75.78787231445312
2010-09-14,75.62295532226562
2010-09-15,75.98157501220703
2010-09-16,76.16082763671875
2010-09-17,76.21185302734375
2010-09-20,77.2536849975586
2010-09-21,77.3255386352539
2010-09-22,77.1674575805664
2010-09-23,76.64300537109375
2010-09-24,78.00813293457031
2010-09-27,77.73511505126953
2010-09-28,78.0009765625
2010-09-29,77.82131958007812
2010-09-30,77.533935546875
2010-10-01,77.82847595214844
2010-10-04,77.28963470458984
2010-10-05,78.60448455810547
2010-10-06,78.8703384399414
2010-10-07,78.7481689453125
2010-10-08,79.15057373046875
2010-10-11,79.22239685058594
2010-10-12,79.22239685058594
2010-10-13,79.79719543457031
2010-10-14,79.80436706542969
2010-10-15,79.59081268310547
2010-10-18,79.82815551757812
2010-10-19,78.98677825927734
2010-10-20,79.88566589355469
2010-10-21,80.209228515625
2010-10-22,80.07981872558594
2010-10-25,80.33148956298828
2010-10-26,80.367431640625
2010-10-27,80.04383087158203
2010-10-28,79.89288330078125
2010-10-29,80.04383087158203
2010-11-01,80.05107116699219
2010-11-02,80.45375061035156
2010-11-03,80.75577545166016
2010-11-04,82.2874526977539
2010-11-05,82.3665771484375
2010-11-08,82.1364517211914
2010-11-09,81.75533294677734
2010-11-10,81.78414154052734
2010-11-11,81.31661224365234
2010-11-12,80.65512084960938
2010-11-15,80.71981811523438
2010-11-16,79.46141815185547
2010-11-17,79.41825866699219
2010-11-18,80.64791870117188
2010-11-19,80.80733489990234
2010-11-22,80.67028045654297
2010-11-23,79.63861846923828
2010-11-24,80.69190979003906
2010-11-26,79.81895446777344
2010-11-29,79.82617950439453
2010-11-30,79.47991180419922
2010-12-01,81.28348541259766
2010-12-02,82.05536651611328
2010-12-03,82.19973754882812
2010-12-06,82.05536651611328
2010-12-07,82.04820251464844
2010-12-08,82.16358947753906
2010-12-09,82.18525695800781
2010-12-10,82.45223236083984
2010-12-13,82.59644317626953
2010-12-14,82.97164916992188
2010-12-15,82.88501739501953
2010-12-16,83.13750457763672
2010-12-17,83.11803436279297
2010-12-20,82.9734115600586
2010-12-21,83.37830352783203
2010-12-22,83.57357025146484
2010-12-23,83.68205261230469
2010-12-27,83.54461669921875
2010-12-28,83.72541046142578
2010-12-29,83.8036880493164
2010-12-30,83.65876007080078
2010-12-31,83.78919982910156
2011-01-03,84.35437774658203
2011-01-04,84.52102661132812
2011-01-05,84.81095123291016
2011-01-06,84.62247467041016
2011-01-07,84.47034454345703
2011-01-10,84.20221710205078
2011-01-11,84.4558334350586
2011-01-12,85.07180786132812
2011-01-13,84.9268798828125
2011-01-14,85.28192138671875
2011-01-18,85.6732177734375
2011-01-19,85.62248229980469
2011-01-20,85.59355926513672
2011-01-21,85.94466400146484
2011-01-24,86.74268341064453
2011-01-25,86.6919937133789
2011-01-26,86.7790298461914
2011-01-27,86.80075073242188
2011-01-28,85.62541961669922
2011-01-31,86.04630279541016
2011-02-01,87.12728881835938
2011-02-02,87.13450622558594
2011-02-03,87.33039855957031
2011-02-04,87.5625228881836
2011-02-07,88.0413818359375
2011-02-08,88.61454010009766
2011-02-09,88.71614074707031
2011-02-10,88.6363754272461
2011-02-11,88.98458862304688
2011-02-14,88.95556640625
2011-02-15,88.65809631347656
2011-02-16,89.15143585205078
2011-02-17,89.3546142578125
2011-02-18,89.89278411865234
2011-02-22,88.64909362792969
2011-02-23,87.89274597167969
2011-02-24,87.58000946044922
2011-02-25,88.10370635986328
2011-02-28,88.8382339477539
2011-03-01,87.54364776611328
2011-03-02,87.60185241699219
2011-03-03,88.99092102050781
2011-03-04,88.34365844726562
2011-03-07,87.79090881347656
2011-03-08,88.72184753417969
2011-03-09,88.73644256591797
2011-03-10,87.07823944091797
2011-03-11,87.58000946044922
2011-03-14,87.16547393798828
2011-03-15,86.1327133178711
2011-03-16,84.48175811767578
2011-03-17,85.59449005126953
2011-03-18,86.181884765625
2011-03-21,87.49346923828125
2011-03-22,87.38416290283203
2011-03-23,87.90157318115234
2011-03-24,88.5063247680664
2011-03-25,88.87067413330078
2011-03-28,88.72496795654297
2011-03-29,89.27144622802734
2011-03-30,89.7815933227539
2011-03-31,89.64306640625
2011-04-01,89.96375274658203
2011-04-04,90.18234252929688
2011-04-05,90.10214233398438
2011-04-06,90.48107147216797
2011-04-07,90.29161834716797
2011-04-08,90.10214233398438
2011-04-11,90.09487915039062
2011-04-12,89.23502349853516
2011-04-13,89.30066680908203
2011-04-14,89.42449951171875
2011-04-15,89.84900665283203
2011-04-18,88.79139709472656
2011-04-19,89.26549530029297
2011-04-20,90.68770599365234
2011-04-21,91.01590728759766
2011-04-25,90.84091186523438
2011-04-26,91.67964935302734
2011-04-27,92.4017105102539
2011-04-28,92.93413543701172
2011-04-29,93.38634490966797
2011-05-02,93.240478515625
2011-05-03,93.22590637207031
2011-05-04,92.60591888427734
2011-05-05,91.63589477539062
2011-05-06,92.0953369140625
2011-05-09,92.416259765625
2011-05-10,92.95603942871094
2011-05-11,92.12455749511719
2011-05-12,92.6205062866211
2011-05-13,91.86935424804688
2011-05-16,91.51190948486328
2011-05-17,91.03053283691406
2011-05-18,91.68698120117188
2011-05-19,92.02977752685547
2011-05-20,91.36015319824219
2011-05-23,90.38697052001953
2011-05-24,90.22598266601562
2011-05-25,90.4820556640625
2011-05-26,90.59180450439453
2011-05-27,90.90644073486328
2011-05-31,91.8358383178711
2011-06-01,89.78689575195312
2011-06-02,89.49420166015625
2011-06-03,88.77703094482422
2011-06-06,88.3453369140625
2011-06-07,88.16973876953125
2011-06-08,88.03064727783203
2011-06-09,88.63072204589844
2011-06-10,87.35012817382812
2011-06-13,87.41600799560547
2011-06-14,88.32337951660156
2011-06-15,86.9915542602539
2011-06-16,87.46723937988281
2011-06-17,87.77361297607422
2011-06-20,88.36003112792969
2011-06-21,89.12979125976562
2011-06-22,88.55794525146484
2011-06-23,88.19878387451172
2011-06-24,87.3778076171875
2011-06-27,88.11083984375
2011-06-28,89.14437103271484
2011-06-29,89.76018524169922
2011-06-30,90.77177429199219
2011-07-01,92.05455780029297
2011-07-05,91.98855590820312
2011-07-06,92.42841339111328
2011-07-07,93.16875457763672
2011-07-08,92.6483383178711
2011-07-11,91.5927505493164
2011-07-12,91.13826751708984
2011-07-13,91.48277282714844
2011-07-14,91.05030822753906
2011-07-15,91.38922119140625
2011-07-18,90.69959259033203
2011-07-19,92.1743392944336
2011-07-20,92.04959869384766
2011-07-21,93.20149993896484
2011-07-22,92.88601684570312
2011-07-25,92.26966857910156
2011-07-26,91.58739471435547
2011-07-27,90.12728118896484
2011-07-28,89.7164077758789
2011-07-29,88.87271118164062
2011-08-01,88.85808563232422
2011-08-02,86.91373443603516
2011-08-03,87.16317749023438
2011-08-04,83.42861938476562
2011-08-05,83.8248519897461
2011-08-08,79.29057312011719
2011-08-09,82.44548797607422
2011-08-10,78.6302719116211
2011-08-11,81.62374114990234
2011-08-12,82.76097869873047
2011-08-15,84.2356948852539
2011-08-16,83.70014953613281
2011-08-17,83.83219146728516
2011-08-18,80.75800323486328
2011-08-19,79.47577667236328
2011-08-22,79.76299285888672
2011-08-23,82.02405548095703
2011-08-24,83.18769836425781
2011-08-25,81.94307708740234
2011-08-26,83.00360107421875
2011-08-29,84.80065155029297
2011-08-30,84.95525360107422
2011-08-31,85.39725494384766
2011-09-01,84.6018295288086
2011-09-02,82.69426727294922
2011-09-06,81.90623474121094
2011-09-07,83.91683959960938
2011-09-08,83.12882232666016
2011-09-09,80.88252258300781
2011-09-12,81.39068603515625
2011-09-13,81.6926040649414
2011-09-14,82.78263854980469
2011-09-15,84.15253448486328
2011-09-16,84.75020599365234
2011-09-19,83.90901184082031
2011-09-20,84.0270767211914
2011-09-21,81.86512756347656
2011-09-22,79.00224304199219
2011-09-23,79.28270721435547
2011-09-26,81.34130859375
2011-09-27,82.42596435546875
2011-09-28,81.03877258300781
2011-09-29,82.18242645263672
2011-09-30,80.37467193603516
2011-10-03,78.47838592529297
2011-10-04,79.4819564819336
2011-10-05,80.63294982910156
2011-10-06,81.9684829711914
2011-10-07,81.91683959960938
2011-10-10,84.27056121826172
2011-10-11,84.12303924560547
2011-10-12,84.84613800048828
2011-10-13,84.60260772705078
2011-10-14,85.8421859741211
2011-10-17,84.04183959960938
2011-10-18,85.22980499267578
2011-10-19,84.81661224365234
2011-10-20,85.09697723388672
2011-10-21,87.09615325927734
2011-10-24,87.8573226928711
2011-10-25,86.31269836425781
2011-10-26,87.50992584228516
2011-10-27,90.11874389648438
2011-10-28,90.19267272949219
2011-10-31,88.1972427368164
2011-11-01,86.00968170166016
2011-11-02,87.30303955078125
2011-11-03,88.82544708251953
2011-11-04,88.38941192626953
2011-11-07,89.01759338378906
2011-11-08,89.86017608642578
2011-11-09,86.97784423828125
2011-11-10,87.86465454101562
2011-11-11,89.81572723388672
2011-11-14,89.20980072021484
2011-11-15,89.3280258178711
2011-11-16,88.01986694335938
2011-11-17,87.08134460449219
2011-11-18,87.2183609008789
2011-11-21,85.31442260742188
2011-11-22,85.00333404541016
2011-11-23,83.21788024902344
2011-11-25,83.07708740234375
2011-11-28,85.2699966430664
2011-11-29,85.61074829101562
2011-11-30,89.04077911376953
2011-12-01,88.99636840820312
2011-12-02,88.944580078125
2011-12-05,89.60382843017578
2011-12-06,89.92984008789062
2011-12-07,90.43360137939453
2011-12-08,88.8556137084961
2011-12-09,90.21871948242188
2011-12-12,89.07788848876953
2011-12-13,88.53704071044922
2011-12-14,87.65546417236328
2011-12-15,88.01847839355469
2011-12-16,87.84461975097656
2011-12-19,87.20559692382812
2011-12-20,89.67256164550781
2011-12-21,89.76915740966797
2011-12-22,90.30412292480469
2011-12-23,91.12149810791016
2011-12-27,91.1512222290039
2011-12-28,90.09609985351562
2011-12-29,91.03974914550781
2011-12-30,90.5418930053711
2012-01-03,91.86459350585938
2012-01-04,92.1172103881836
2012-01-05,92.10233306884766
2012-01-06,91.7902603149414
2012-01-09,91.88683319091797
2012-01-10,92.42185974121094
2012-01-11,92.35504913330078
2012-01-12,92.53328704833984
2012-01-13,92.25836944580078
2012-01-17,92.6001968383789
2012-01-18,93.34320831298828
2012-01-19,93.75196075439453
2012-01-20,94.4639663696289
2012-01-23,94.35238647460938
2012-01-24,94.06958770751953
2012-01-25,94.6798095703125
2012-01-26,94.53836822509766
2012-01-27,94.08451843261719
2012-01-30,93.92084503173828
2012-01-31,93.80175018310547
2012-02-01,94.42676544189453
2012-02-02,94.37469482421875
2012-02-03,95.51306915283203
2012-02-06,95.32707214355469
2012-02-07,95.6172866821289
2012-02-08,95.76598358154297
2012-02-09,95.80327606201172
2012-02-10,95.12613677978516
2012-02-13,95.67676544189453
2012-02-14,95.72889709472656
2012-02-15,95.13363647460938
2012-02-16,96.0339126586914
2012-02-17,96.4009017944336
2012-02-21,96.490478515625
2012-02-22,96.33378601074219
2012-02-23,96.66200256347656
2012-02-24,96.69186401367188
2012-02-27,96.72171020507812
2012-02-28,96.87085723876953
2012-02-29,96.44570922851562
2012-03-01,96.65454864501953
2012-03-02,96.63966369628906
2012-03-05,96.54266357421875
2012-03-06,95.07313537597656
2012-03-07,95.6549301147461
2012-03-08,96.16968536376953
2012-03-09,96.34127807617188
2012-03-12,96.57250213623047
2012-03-13,98.22848510742188
2012-03-14,98.37772369384766
2012-03-15,98.77310180664062
2012-03-16,98.69462585449219
2012-03-19,98.70956420898438
2012-03-20,98.19380187988281
2012-03-21,97.90235900878906
2012-03-22,97.28945922851562
2012-03-23,97.61085510253906
2012-03-26,98.72449493408203
2012-03-27,98.41057586669922
2012-03-28,97.89486694335938
2012-03-29,98.00699615478516
2012-03-30,98.5077896118164
2012-04-02,98.88150024414062
2012-04-03,98.41057586669922
2012-04-04,97.54362487792969
2012-04-05,97.45394134521484
2012-04-09,96.50469970703125
2012-04-10,94.92774200439453
2012-04-11,95.55550384521484
2012-04-12,96.95318603515625
2012-04-13,95.96653747558594
2012-04-16,96.46735382080078
2012-04-17,97.864990234375
2012-04-18,97.27455139160156
2012-04-19,96.81861114501953
2012-04-20,97.25932312011719
2012-04-23,96.54107666015625
2012-04-24,97.0648193359375
2012-04-25,97.75313568115234
2012-04-26,98.6586685180664
2012-04-27,98.7708740234375
2012-04-30,98.62122344970703
2012-05-01,99.16744232177734
2012-05-02,99.07015228271484
2012-05-03,98.62867736816406
2012-05-04,97.34161376953125
2012-05-07,97.15458679199219
2012-05-08,96.58595275878906
2012-05-09,96.03218078613281
2012-05-10,96.10700988769531
2012-05-11,95.91244506835938
2012-05-14,94.99213409423828
2012-05-15,94.51326751708984
2012-05-16,94.41593170166016
2012-05-17,93.21121215820312
2012-05-18,92.58505249023438
2012-05-21,93.71127319335938
2012-05-22,93.72637176513672
2012-05-23,93.63619232177734
2012-05-24,93.94408416748047
2012-05-25,93.29837799072266
2012-05-29,94.30448150634766
2012-05-30,93.09564208984375
2012-05-31,92.87786102294922
2012-06-01,90.85813903808594
2012-06-04,90.68549346923828
2012-06-05,90.91818237304688
2012-06-06,93.05056762695312
2012-06-07,93.4935302734375
2012-06-08,94.17682647705078
2012-06-11,93.08808898925781
2012-06-12,94.2968978881836
2012-06-13,93.77136993408203
2012-06-14,94.88260650634766
2012-06-15,95.77767181396484
2012-06-18,95.61969757080078
2012-06-19,96.31917572021484
2012-06-20,96.2439956665039
2012-06-21,94.34858703613281
2012-06-22,94.94280242919922
2012-06-25,93.8371353149414
2012-06-26,94.07781982421875
2012-06-27,94.77726745605469
2012-06-28,94.6193618774414
2012-06-29,96.61254119873047
2012-07-02,96.54486846923828
2012-07-03,97.1390609741211
2012-07-05,96.8606948852539
2012-07-06,95.95066833496094
2012-07-09,95.70236206054688
2012-07-10,95.03303527832031
2012-07-11,94.70207977294922
2012-07-12,94.44633483886719
2012-07-13,95.98825073242188
2012-07-16,95.61217498779297
2012-07-17,96.13871002197266
2012-07-18,96.99610137939453
2012-07-19,97.26689910888672
2012-07-20,96.4608383178711
2012-07-23,95.6094741821289
2012-07-24,94.81848907470703
2012-07-25,95.30816650390625
2012-07-26,96.86759948730469
2012-07-27,98.34419250488281
2012-07-30,98.23871612548828
2012-07-31,97.70379638671875
2012-08-01,97.52298736572266
2012-08-02,96.83746337890625
2012-08-03,98.48731994628906
2012-08-06,98.61540985107422
2012-08-07,98.97697448730469
2012-08-08,99.10506439208984
2012-08-09,99.12017059326172
2012-08-10,99.39134216308594
2012-08-13,99.1578369140625
2012-08-14,99.18798828125
2012-08-15,99.23314666748047
2012-08-16,99.87351989746094
2012-08-17,100.02383422851562
2012-08-20,99.9936294555664
2012-08-21,99.53280639648438
2012-08-22,99.30623626708984
2012-08-23,98.48294830322266
2012-08-24,99.2382583618164
2012-08-27,98.99659729003906
2012-08-28,98.84550476074219
2012-08-29,98.89082336425781
2012-08-30,98.1354751586914
2012-08-31,98.86061096191406
2012-09-04,98.36958312988281
2012-09-05,98.47533416748047
2012-09-06,100.32597351074219
2012-09-07,100.41665649414062
2012-09-10,100.0691909790039
2012-09-11,100.52994537353516
2012-09-12,100.74140167236328
2012-09-13,102.2672348022461
2012-09-14,102.62224578857422
2012-09-17,102.37299346923828
2012-09-18,102.43338012695312
2012-09-19,102.52406311035156
2012-09-20,102.69023895263672
2012-09-21,102.53958129882812
2012-09-24,102.42604064941406
2012-09-25,101.68434143066406
2012-09-26,101.35123443603516
2012-09-27,101.88108825683594
2012-09-28,101.46482849121094
2012-10-01,102.01732635498047
2012-10-02,101.79024505615234
2012-10-03,101.94161224365234
2012-10-04,102.57745361328125
2012-10-05,102.91053771972656
2012-10-08,102.67583465576172
2012-10-09,101.87350463867188
2012-10-10,100.88196563720703
2012-10-11,100.7684326171875
2012-10-12,100.7684326171875
2012-10-15,101.44208526611328
2012-10-16,102.41094970703125
2012-10-17,102.50936889648438
2012-10-18,102.45633697509766
2012-10-19,100.89269256591797
2012-10-22,100.88508605957031
2012-10-23,99.0963134765625
2012-10-24,98.91441345214844
2012-10-25,99.12665557861328
2012-10-26,99.13414001464844
2012-10-31,98.9902114868164
2012-11-01,100.03618621826172
2012-11-02,99.04320526123047
2012-11-05,99.19485473632812
2012-11-06,100.08924865722656
2012-11-07,97.96692657470703
2012-11-08,97.01187133789062
2012-11-09,96.9588394165039
2012-11-12,97.04976654052734
2012-11-13,96.66324615478516
2012-11-14,95.32164001464844
2012-11-15,95.13211822509766
2012-11-16,95.44599914550781
2012-11-19,96.98861694335938
2012-11-20,97.04939270019531
2012-11-21,97.3837890625
2012-11-23,98.70603942871094
2012-11-26,98.42487335205078
2012-11-27,97.78656768798828
2012-11-28,98.51606750488281
2012-11-29,98.89604187011719
2012-11-30,98.86561584472656
2012-12-03,98.44769287109375
2012-12-04,98.32608795166016
2012-12-05,98.97203063964844
2012-12-06,99.35197448730469
2012-12-07,99.97508239746094
2012-12-10,100.11189270019531
2012-12-11,100.68938446044922
2012-12-12,100.69705200195312
2012-12-13,100.17268371582031
2012-12-14,99.89910125732422
2012-12-17,100.6438217163086
2012-12-18,101.48734283447266
2012-12-19,100.78060913085938
2012-12-20,101.2137680053711
2012-12-21,100.46139526367188
2012-12-24,99.83633422851562
2012-12-26,99.71438598632812
2012-12-27,99.55433654785156
2012-12-28,98.38802337646484
2012-12-31,99.5390853881836
2013-01-02,101.9707260131836
2013-01-03,101.864013671875
2013-01-04,102.19184875488281
2013-01-07,101.77250671386719
2013-01-08,101.42950439453125
2013-01-09,101.92501068115234
2013-01-10,102.55766296386719
2013-01-11,102.6949691772461
2013-01-14,102.82450103759766
2013-01-15,102.96932983398438
2013-01-16,102.82450103759766
2013-01-17,103.54100036621094
2013-01-18,103.85009765625
2013-01-22,104.34611511230469
2013-01-23,104.89556121826172
2013-01-24,105.32284545898438
2013-01-25,105.78070068359375
2013-01-28,105.80363464355469
2013-01-29,106.2462158203125
2013-01-30,105.88751983642578
2013-01-31,105.6204833984375
2013-02-01,106.63539123535156
2013-02-04,105.74256896972656
2013-02-05,106.36823272705078
2013-02-06,106.51327514648438
2013-02-07,106.2919921875
2013-02-08,106.62776947021484
2013-02-11,106.46753692626953
2013-02-12,106.87197875976562
2013-02-13,106.7345962524414
2013-02-14,106.72694396972656
2013-02-15,106.68639373779297
2013-02-19,107.08424377441406
2013-02-20,106.25037384033203
2013-02-21,105.96725463867188
2013-02-22,106.96183776855469
2013-02-25,105.31695556640625
2013-02-26,106.173828125
2013-02-27,107.56626892089844
2013-02-28,107.32144927978516
2013-03-01,107.67335510253906
2013-03-04,107.92584228515625
2013-03-05,108.89743041992188
2013-03-06,109.27991485595703
2013-03-07,109.509521484375
2013-03-08,109.98380279541016
2013-03-11,110.44281768798828
2013-03-12,110.47339630126953
2013-03-13,110.51931762695312
2013-03-14,111.18492126464844
2013-03-15,111.02543640136719
2013-03-18,110.52714538574219
2013-03-19,110.62681579589844
2013-03-20,111.01782989501953
2013-03-21,110.31245422363281
2013-03-22,111.08678436279297
2013-03-25,110.55780029296875
2013-03-26,111.37809753417969
2013-03-27,111.13279724121094
2013-03-28,111.40880584716797
2013-04-01,111.454833984375
2013-04-02,112.13713836669922
2013-04-03,111.27082824707031
2013-04-04,111.75386047363281
2013-04-05,111.40111541748047
2013-04-08,111.89173889160156
2013-04-09,112.32117462158203
2013-04-10,113.29475402832031
2013-04-11,113.7700424194336
2013-04-12,113.78543853759766
2013-04-15,111.78438568115234
2013-04-16,112.97268676757812
2013-04-17,111.89173889160156
2013-04-18,111.30147552490234
2013-04-19,111.37898254394531
2013-04-22,111.51708221435547
2013-04-23,112.65283966064453
2013-04-24,112.38426971435547
2013-04-25,112.62214660644531
2013-04-26,112.71422576904297
2013-04-29,113.4662857055664
2013-04-30,113.58908081054688
2013-05-01,112.60676574707031
2013-05-02,113.54302978515625
2013-05-03,114.61736297607422
2013-05-06,114.67100524902344
2013-05-07,115.30807495117188
2013-05-08,115.82986450195312
2013-05-09,115.75308990478516
2013-05-10,115.9066162109375
2013-05-13,115.76847076416016
2013-05-14,116.74304962158203
2013-05-15,117.24183654785156
2013-05-16,116.98855590820312
2013-05-17,117.84974670410156
2013-05-20,117.77276611328125
2013-05-21,118.13441467285156
2013-05-22,117.61891174316406
2013-05-23,117.56495666503906
2013-05-24,117.56495666503906
2013-05-28,118.41919708251953
2013-05-29,117.61891174316406
2013-05-30,117.81888580322266
2013-05-31,116.27987670898438
2013-06-03,117.21101379394531
2013-06-04,116.6954345703125
2013-06-05,114.90228271484375
2013-06-06,115.62572479248047
2013-06-07,117.2187271118164
2013-06-10,117.13407897949219
2013-06-11,116.35675048828125
2013-06-12,115.3255844116211
2013-06-13,116.78768920898438
2013-06-14,115.94124603271484
2013-06-17,116.80316162109375
2013-06-18,117.81888580322266
2013-06-19,116.27212524414062
2013-06-20,113.5710220336914
2013-06-21,113.9210433959961
2013-06-24,112.80284881591797
2013-06-25,113.5894775390625
2013-06-26,114.73848724365234
2013-06-27,115.59445190429688
2013-06-28,114.55343627929688
2013-07-01,115.22434997558594
2013-07-02,114.8464126586914
2013-07-03,115.3168716430664
2013-07-05,116.45817565917969
2013-07-08,117.22930145263672
2013-07-09,117.82315826416016
2013-07-10,117.76139831542969
2013-07-11,119.04922485351562
2013-07-12,118.88719177246094
2013-07-15,119.24968719482422
2013-07-16,118.9874267578125
2013-07-17,119.09548950195312
2013-07-18,119.78951263427734
2013-07-19,119.77867889404297
2013-07-22,119.77099609375
2013-07-23,119.9640121459961
2013-07-24,119.76319122314453
2013-07-25,119.77867889404297
2013-07-26,119.80960083007812
2013-07-29,119.632080078125
2013-07-30,119.616455078125
2013-07-31,119.5624771118164
2013-08-01,120.373291015625
2013-08-02,120.61264038085938
2013-08-05,120.29603576660156
2013-08-06,119.57022857666016
2013-08-07,119.3307876586914
2013-08-08,119.4466781616211
2013-08-09,118.99880981445312
2013-08-12,118.93710327148438
2013-08-13,119.25360107421875
2013-08-14,118.38883972167969
2013-08-15,116.68999481201172
2013-08-16,116.50654602050781
2013-08-19,115.91824340820312
2013-08-20,115.92594909667969
2013-08-21,115.06668853759766
2013-08-22,115.65498352050781
2013-08-23,115.98782348632812
2013-08-26,115.50791931152344
2013-08-27,114.18413543701172
2013-08-28,114.60223388671875
2013-08-29,114.7647705078125
2013-08-30,114.45513916015625
2013-09-03,114.65638732910156
2013-09-04,115.48460388183594
2013-09-05,115.438232421875
2013-09-06,115.41499328613281
2013-09-09,116.48335266113281
2013-09-10,117.50518035888672
2013-09-11,118.5580062866211
2013-09-12,118.46509552001953
2013-09-13,118.97601318359375
2013-09-16,119.94369506835938
2013-09-17,120.21459197998047
2013-09-18,121.29835510253906
2013-09-19,121.01197052001953
2013-09-20,119.68102264404297
2013-09-23,119.22332763671875
2013-09-24,118.71920776367188
2013-09-25,118.2227783203125
2013-09-26,118.6337890625
2013-09-27,118.05995178222656
2013-09-30,117.12142181396484
2013-10-01,117.60230255126953
2013-10-02,117.10581970214844
2013-10-03,116.08978271484375
2013-10-04,116.67927551269531
2013-10-07,115.57012176513672
2013-10-08,114.42990112304688
2013-10-09,114.623779296875
2013-10-10,117.09036254882812
2013-10-11,118.02880859375
2013-10-14,118.51750183105469
2013-10-15,117.38518524169922
2013-10-16,119.07599639892578
2013-10-17,119.04491424560547
2013-10-18,119.27014923095703
2013-10-21,119.21581268310547
2013-10-22,119.77496337890625
2013-10-23,119.44092559814453
2013-10-24,120.20199584960938
2013-10-25,120.70667266845703
2013-10-28,120.64456939697266
2013-10-29,121.52195739746094
2013-10-30,121.03286743164062
2013-10-31,120.5823974609375
2013-11-01,121.0250015258789
2013-11-04,121.18032836914062
2013-11-05,121.04834747314453
2013-11-06,122.08108520507812
2013-11-07,121.01725769042969
2013-11-08,122.290771484375
2013-11-11,122.38394165039062
2013-11-12,122.19754028320312
2013-11-13,122.73335266113281
2013-11-14,123.25361633300781
2013-11-15,123.92887115478516
2013-11-18,124.03773498535156
2013-11-19,123.95220184326172
2013-11-20,123.51653289794922
2013-11-21,124.36453247070312
2013-11-22,124.78459930419922
2013-11-25,124.94800567626953
2013-11-26,124.86233520507812
2013-11-27,125.13468933105469
2013-11-29,125.03350067138672
2013-12-02,124.41110229492188
2013-12-03,123.68769836425781
2013-12-04,123.50875091552734
2013-12-05,123.01094055175781
2013-12-06,124.59779357910156
2013-12-09,124.65238189697266
2013-12-10,124.2555923461914
2013-12-11,123.15870666503906
2013-12-12,122.50511932373047
2013-12-13,122.64514923095703
2013-12-16,123.61770629882812
2013-12-17,123.5242919921875
2013-12-18,125.8426284790039
2013-12-19,125.93605041503906
2013-12-20,126.34539794921875
2013-12-23,126.82109832763672
2013-12-24,127.24222564697266
2013-12-26,128.25613403320312
2013-12-27,128.26388549804688
2013-12-30,128.3574981689453
2013-12-31,129.04380798339844
2014-01-02,127.983154296875
2014-01-03,128.2014923095703
2014-01-06,127.81159973144531
2014-01-07,128.65382385253906
2014-01-08,128.17031860351562
2014-01-09,128.04551696777344
2014-01-10,128.0376739501953
2014-01-13,126.52486419677734
2014-01-14,127.46842956542969
2014-01-15,128.34194946289062
2014-01-16,127.88169860839844
2014-01-17,128.06362915039062
2014-01-21,127.7905044555664
2014-01-22,127.58753967285156
2014-01-23,126.21377563476562
2014-01-24,123.69284057617188
2014-01-27,123.33377838134766
2014-01-28,124.05175018310547
2014-01-29,122.61581420898438
2014-01-30,123.4507827758789
2014-01-31,122.34254455566406
2014-02-03,119.82937622070312
2014-02-04,120.25865173339844
2014-02-05,120.33673095703125
2014-02-06,121.866455078125
2014-02-07,123.14651489257812
2014-02-10,123.12300872802734
2014-02-11,124.6919174194336
2014-02-12,124.65287017822266
2014-02-13,125.10556030273438
2014-02-14,126.12020111083984
2014-02-18,125.9797134399414
2014-02-19,125.28512573242188
2014-02-20,125.901611328125
2014-02-21,125.8507308959961
2014-02-24,126.51600646972656
2014-02-25,126.39078521728516
2014-02-26,126.65687561035156
2014-02-27,127.21256256103516
2014-02-28,127.5803451538086
2014-03-03,126.38298034667969
2014-03-04,128.0577392578125
2014-03-05,127.838623046875
2014-03-06,128.41769409179688
2014-03-07,128.6133270263672
2014-03-10,128.33949279785156
2014-03-11,127.89339447021484
2014-03-12,127.74465942382812
2014-03-13,126.03857421875
2014-03-14,125.72561645507812
2014-03-17,127.07156372070312
2014-03-18,127.78375244140625
2014-03-19,126.93074798583984
2014-03-20,127.79948425292969
2014-03-21,127.4952392578125
2014-03-24,127.34627532958984
2014-03-25,128.09112548828125
2014-03-26,127.2601547241211
2014-03-27,127.2208023071289
2014-03-28,127.66778564453125
2014-03-31,128.7575225830078
2014-04-01,129.31405639648438
2014-04-02,129.64329528808594
2014-04-03,129.6198272705078
2014-04-04,128.4752655029297
2014-04-07,127.1268539428711
2014-04-08,127.2601547241211
2014-04-09,128.647705078125
2014-04-10,126.58580780029297
2014-04-11,125.44916534423828
2014-04-14,126.57023620605469
2014-04-15,127.28363037109375
2014-04-16,128.5849609375
2014-04-17,128.47671508789062
2014-04-21,128.6964111328125
2014-04-22,129.30056762695312
2014-04-23,129.17498779296875
2014-04-24,129.21417236328125
2014-04-25,128.1629180908203
2014-04-28,128.80624389648438
2014-04-29,129.4574432373047
2014-04-30,129.81045532226562
2014-05-01,129.63790893554688
2014-05-02,129.2612762451172
2014-05-05,129.4024658203125
2014-05-06,128.4610595703125
2014-05-07,129.48098754882812
2014-05-08,129.7320556640625
2014-05-09,130.0223388671875
2014-05-12,130.86972045898438
2014-05-13,131.06578063964844
2014-05-14,130.32835388183594
2014-05-15,129.10440063476562
2014-05-16,129.4827117919922
2014-05-19,129.56134033203125
2014-05-20,128.4679718017578
2014-05-21,129.7738494873047
2014-05-22,129.93104553222656
2014-05-23,130.44247436523438
2014-05-27,130.94583129882812
2014-05-28,130.64683532714844
2014-05-29,131.1896514892578
2014-05-30,131.3075714111328
2014-06-02,131.51995849609375
2014-06-03,131.37844848632812
2014-06-04,131.4650421142578
2014-06-05,132.25946044921875
2014-06-06,132.9988250732422
2014-06-09,133.1246795654297
2014-06-10,133.21121215820312
2014-06-11,132.42457580566406
2014-06-12,131.59080505371094
2014-06-13,131.8504638671875
2014-06-16,131.90545654296875
2014-06-17,132.14935302734375
2014-06-18,132.880859375
2014-06-19,133.0067596435547
2014-06-20,133.2557373046875
2014-06-23,133.1217803955078
2014-06-24,132.3020782470703
2014-06-25,132.62525939941406
2014-06-26,132.46762084960938
2014-06-27,132.53855895996094
2014-06-30,132.3179168701172
2014-07-01,133.3502960205078
2014-07-02,133.50791931152344
2014-07-03,134.3511962890625
2014-07-07,133.8705596923828
2014-07-08,133.074462890625
2014-07-09,133.64981079101562
2014-07-10,133.16116333007812
2014-07-11,133.3502960205078
2014-07-14,134.20944213867188
2014-07-15,134.28036499023438
2014-07-16,134.8240509033203
2014-07-17,133.67349243164062
2014-07-18,134.58230590820312
2014-07-21,134.26675415039062
2014-07-22,134.70858764648438
2014-07-23,134.56654357910156
2014-07-24,134.47190856933594
2014-07-25,133.4620361328125
2014-07-28,133.6592559814453
2014-07-29,133.16221618652344
2014-07-30,132.92547607421875
2014-07-31,130.40870666503906
2014-08-01,129.8406524658203
2014-08-04,130.44027709960938
2014-08-05,129.32774353027344
2014-08-06,129.54876708984375
2014-08-07,129.03598022460938
2014-08-08,130.44815063476562
2014-08-11,130.61386108398438
2014-08-12,130.56654357910156
2014-08-13,131.3553924560547
2014-08-14,131.83676147460938
2014-08-15,131.47793579101562
2014-08-18,132.82943725585938
2014-08-19,133.48550415039062
2014-08-20,134.04649353027344
2014-08-21,134.50502014160156
2014-08-22,134.260009765625
2014-08-25,134.852783203125
2014-08-26,135.09780883789062
2014-08-27,135.16107177734375
2014-08-28,134.97142028808594
2014-08-29,135.05825805664062
2014-09-02,134.82110595703125
2014-09-03,134.93186950683594
2014-09-04,134.88446044921875
2014-09-05,135.35072326660156
2014-09-08,135.2006378173828
2014-09-09,134.45762634277344
2014-09-10,134.8922882080078
2014-09-11,134.76577758789062
2014-09-12,134.28370666503906
2014-09-15,134.6156463623047
2014-09-16,135.45343017578125
2014-09-17,135.61148071289062
2014-09-18,136.4256134033203
2014-09-19,136.62608337402344
2014-09-22,135.80213928222656
2014-09-23,134.85130310058594
2014-09-24,136.10317993164062
2014-09-25,134.0275115966797
2014-09-26,135.2396240234375
2014-09-29,134.9464874267578
2014-09-30,134.74041748046875
2014-10-01,132.84703063964844
2014-10-02,132.8231964111328
2014-10-03,134.4632568359375
2014-10-06,134.34429931640625
2014-10-07,132.19735717773438
2014-10-08,134.38394165039062
2014-10-09,131.78536987304688
2014-10-10,130.89002990722656
2014-10-13,129.08363342285156
2014-10-14,129.1629180908203
2014-10-15,127.77638244628906
2014-10-16,127.5387954711914
2014-10-17,129.4957275390625
2014-10-20,129.65406799316406
2014-10-21,131.3574676513672
2014-10-22,130.23251342773438
2014-10-23,131.87255859375
2014-10-24,132.89454650878906
2014-10-27,133.0054168701172
2014-10-28,134.41558837890625
2014-10-29,134.20962524414062
2014-10-30,135.95262145996094
2014-10-31,137.4183807373047
2014-11-03,137.34703063964844
2014-11-04,137.4263153076172
2014-11-05,138.28988647460938
2014-11-06,138.8761444091797
2014-11-07,139.1058349609375
2014-11-10,139.3988800048828
2014-11-11,139.45452880859375
2014-11-12,139.47035217285156
2014-11-13,139.7872314453125
2014-11-14,139.7158660888672
2014-11-17,139.82681274414062
2014-11-18,140.19920349121094
2014-11-19,140.17543029785156
2014-11-20,140.42897033691406
2014-11-21,141.14218139648438
2014-11-24,141.2216796875
2014-11-25,141.3486785888672
2014-11-26,141.38841247558594
2014-11-28,141.45986938476562
2014-12-01,141.062744140625
2014-12-02,141.8252410888672
2014-12-03,142.1430206298828
2014-12-04,142.0396270751953
2014-12-05,142.57989501953125
2014-12-08,141.80938720703125
2014-12-09,141.3486785888672
2014-12-10,139.22805786132812
2014-12-11,139.8156280517578
2014-12-12,137.40916442871094
2014-12-15,136.44805908203125
2014-12-16,135.70143127441406
2014-12-17,137.8777618408203
2014-12-18,141.21368408203125
2014-12-19,141.40713500976562
2014-12-22,142.7682647705078
2014-12-23,143.3015594482422
2014-12-24,143.3015594482422
2014-12-26,143.42897033691406
2014-12-29,143.36517333984375
2014-12-30,142.8477783203125
2014-12-31,141.5902099609375
2015-01-02,141.63784790039062
2015-01-05,139.17037963867188
2015-01-06,138.01626586914062
2015-01-07,139.76736450195312
2015-01-08,142.29063415527344
2015-01-09,141.0648193359375
2015-01-12,140.28477478027344
2015-01-13,140.0778350830078
2015-01-14,138.549560546875
2015-01-15,137.7535858154297
2015-01-16,139.1540985107422
2015-01-20,139.33721923828125
2015-01-21,139.69583129882812
2015-01-22,141.7432403564453
2015-01-23,140.54025268554688
2015-01-26,140.6120147705078
2015-01-27,138.29367065429688
2015-01-28,136.80386352539062
2015-01-29,138.5406036376953
2015-01-30,136.58877563476562
2015-02-02,138.0387420654297
2015-02-03,140.47657775878906
2015-02-04,140.6359405517578
2015-02-05,142.24517822265625
2015-02-06,141.87872314453125
2015-02-09,141.08201599121094
2015-02-10,142.2132568359375
2015-02-11,142.36465454101562
2015-02-12,143.2728729248047
2015-02-13,143.67112731933594
2015-02-17,143.85438537597656
2015-02-18,143.77471923828125
2015-02-19,143.47203063964844
2015-02-20,144.70223999023438
2015-02-23,144.52645874023438
2015-02-24,145.31736755371094
2015-02-25,145.35731506347656
2015-02-26,145.39715576171875
2015-02-27,144.7421417236328
2015-03-02,145.93240356445312
2015-03-03,145.2853240966797
2015-03-04,144.41456604003906
2015-03-05,144.72616577148438
2015-03-06,142.51332092285156
2015-03-09,143.63174438476562
2015-03-10,141.14736938476562
2015-03-11,140.8756866455078
2015-03-12,142.96881103515625
2015-03-13,141.84234619140625
2015-03-16,143.61585998535156
2015-03-17,142.59327697753906
2015-03-18,144.37469482421875
2015-03-19,143.5198974609375
2015-03-20,144.80914306640625
2015-03-23,144.7210693359375
2015-03-24,143.90487670898438
2015-03-25,141.57618713378906
2015-03-26,141.22410583496094
2015-03-27,141.48814392089844
2015-03-30,143.55267333984375
2015-03-31,142.1043701171875
2015-04-01,141.43218994140625
2015-04-02,141.90431213378906
2015-04-06,142.9125518798828
2015-04-07,142.77647399902344
2015-04-08,143.0406036376953
2015-04-09,143.5607147216797
2015-04-10,144.33700561523438
2015-04-13,143.75286865234375
2015-04-14,144.1848602294922
2015-04-15,144.74510192871094
2015-04-16,144.7690887451172
2015-04-17,142.48524475097656
2015-04-20,144.15887451171875
2015-04-21,143.54232788085938
2015-04-22,144.18287658691406
2015-04-23,144.43121337890625
2015-04-24,144.56724548339844
2015-04-27,144.2711181640625
2015-04-28,144.80755615234375
2015-04-29,144.1908721923828
2015-04-30,142.6775665283203
2015-05-01,144.05482482910156
2015-05-04,144.4872283935547
2015-05-05,143.34210205078125
2015-05-06,142.84567260742188
2015-05-07,143.55833435058594
2015-05-08,145.61619567871094
2015-05-11,144.9996795654297
2015-05-12,144.7114715576172
2015-05-13,144.73541259765625
2015-05-14,146.16871643066406
2015-05-15,146.44403076171875
2015-05-18,146.60446166992188
2015-05-19,146.80526733398438
2015-05-20,146.62875366210938
2015-05-21,146.6927947998047
2015-05-22,146.26751708984375
2015-05-26,144.75079345703125
2015-05-27,145.6736602783203
2015-05-28,145.48912048339844
2015-05-29,144.54205322265625
2015-06-01,144.7748260498047
2015-06-02,144.57415771484375
2015-06-03,145.16006469726562
2015-06-04,143.8198699951172
2015-06-05,143.25010681152344
2015-06-08,142.69631958007812
2015-06-09,142.61611938476562
2015-06-10,144.50192260742188
2015-06-11,144.96746826171875
2015-06-12,143.75570678710938
2015-06-15,142.928955078125
2015-06-16,143.8198699951172
2015-06-17,144.0364532470703
2015-06-18,145.5211944580078
2015-06-19,144.6441192626953
2015-06-22,145.57752990722656
2015-06-23,145.7384033203125
2015-06-24,144.36245727539062
2015-06-25,143.75088500976562
2015-06-26,144.1372528076172
2015-06-29,141.3289337158203
2015-06-30,141.4737548828125
2015-07-01,142.7450408935547
2015-07-02,142.4635009765625
2015-07-06,142.1656951904297
2015-07-07,142.93023681640625
2015-07-08,140.81385803222656
2015-07-09,141.02316284179688
2015-07-10,142.75318908691406
2015-07-13,144.5154571533203
2015-07-14,145.10281372070312
2015-07-15,145.11073303222656
2015-07-16,145.6981658935547
2015-07-17,145.40985107421875
2015-07-20,145.5306396484375
2015-07-21,144.14535522460938
2015-07-22,143.60574340820312
2015-07-23,142.68751525878906
2015-07-24,141.36671447753906
2015-07-27,140.32772827148438
2015-07-28,141.8418731689453
2015-07-29,142.76808166503906
2015-07-30,142.7359161376953
2015-07-31,142.3009033203125
2015-08-03,141.55194091796875
2015-08-04,141.20558166503906
2015-08-05,141.23780822753906
2015-08-06,140.31954956054688
2015-08-07,140.01358032226562
2015-08-10,141.90628051757812
2015-08-11,140.23098754882812
2015-08-12,140.31150817871094
2015-08-13,140.3920440673828
2015-08-14,140.8673553466797
2015-08-17,141.5115966796875
2015-08-18,141.21360778808594
2015-08-19,139.93301391601562
2015-08-20,137.0980224609375
2015-08-21,132.84768676757812
2015-08-24,127.97531127929688
2015-08-25,126.44822692871094
2015-08-26,131.43370056152344
2015-08-27,134.49607849121094
2015-08-28,134.399169921875
2015-08-31,133.46986389160156
2015-09-01,129.65597534179688
2015-09-02,132.08016967773438
2015-09-03,132.24978637695312
2015-09-04,130.06813049316406
2015-09-08,133.251708984375
2015-09-09,131.32057189941406
2015-09-10,132.02354431152344
2015-09-11,132.83155822753906
2015-09-14,132.3306121826172
2015-09-15,134.22134399414062
2015-09-16,135.35263061523438
2015-09-17,134.78695678710938
2015-09-18,132.4051513671875
2015-09-21,133.5061798095703
2015-09-22,131.96786499023438
2015-09-23,131.6359100341797
2015-09-24,131.052978515625
2015-09-25,131.87081909179688
2015-09-28,129.36898803710938
2015-09-29,129.7252197265625
2015-09-30,131.66015625
2015-10-01,131.55496215820312
2015-10-02,133.2471160888672
2015-10-05,135.6759490966797
2015-10-06,135.76498413085938
2015-10-07,136.78509521484375
2015-10-08,137.93470764160156
2015-10-09,138.25054931640625
2015-10-12,138.58250427246094
2015-10-13,138.15338134765625
2015-10-14,136.8823699951172
2015-10-15,138.70387268066406
2015-10-16,139.22230529785156
2015-10-19,139.4166717529297
2015-10-20,139.32763671875
2015-10-21,138.8983612060547
2015-10-22,141.58755493164062
2015-10-23,142.85916137695312
2015-10-26,142.57579040527344
2015-10-27,142.29225158691406
2015-10-28,143.92037963867188
2015-10-29,143.6772918701172
2015-10-30,142.95632934570312
2015-11-02,144.27662658691406
2015-11-03,145.0461883544922
2015-11-04,144.70602416992188
2015-11-05,144.6979217529297
2015-11-06,145.10293579101562
2015-11-09,143.70970153808594
2015-11-10,144.0012969970703
2015-11-11,143.5396270751953
2015-11-12,141.48223876953125
2015-11-13,139.81358337402344
2015-11-16,141.7657928466797
2015-11-17,141.87911987304688
2015-11-18,143.9608154296875
2015-11-19,143.90414428710938
2015-11-20,144.69482421875
2015-11-23,144.434814453125
2015-11-24,144.6297607421875
2015-11-25,144.58914184570312
2015-11-27,144.5647735595703
2015-11-30,144.02029418945312
2015-12-01,145.30419921875
2015-12-02,144.06906127929688
2015-12-03,142.0699920654297
2015-12-04,144.98731994628906
2015-12-07,144.10964965820312
2015-12-08,142.83395385742188
2015-12-09,142.20005798339844
2015-12-10,142.9232177734375
2015-12-11,140.363525390625
2015-12-14,141.3142547607422
2015-12-15,142.58197021484375
2015-12-16,144.3534698486328
2015-12-17,142.2894287109375
2015-12-18,139.28219604492188
2015-12-21,140.3003692626953
2015-12-22,141.73399353027344
2015-12-23,143.20010375976562
2015-12-24,142.71949768066406
2015-12-28,142.52392578125
2015-12-29,144.15306091308594
2015-12-30,143.19190979003906
2015-12-31,141.7177276611328
2016-01-04,139.51846313476562
2016-01-05,139.59994506835938
2016-01-06,137.60438537597656
2016-01-07,134.36260986328125
2016-01-08,132.96153259277344
2016-01-11,133.44215393066406
2016-01-12,134.3544464111328
2016-01-13,131.42222595214844
2016-01-14,133.2467041015625
2016-01-15,130.13023376464844
2016-01-19,130.4074249267578
2016-01-20,128.44349670410156
2016-01-21,129.25015258789062
2016-01-22,131.0349884033203
2016-01-25,129.33172607421875
2016-01-26,131.64613342285156
2016-01-27,129.82069396972656
2016-01-28,130.8067169189453
2016-01-29,133.9523468017578
2016-02-01,133.92799377441406
2016-02-02,131.54026794433594
2016-02-03,132.9989471435547
2016-02-04,133.76487731933594
2016-02-05,131.97210693359375
2016-02-08,130.67636108398438
2016-02-09,130.58663940429688
2016-02-10,129.89405822753906
2016-02-11,127.78327941894531
2016-02-12,130.37486267089844
2016-02-16,132.1840057373047
2016-02-17,134.4087677001953
2016-02-18,134.07472229003906
2016-02-19,133.90541076660156
2016-02-22,135.73765563964844
2016-02-23,134.2734375
2016-02-24,134.69876098632812
2016-02-25,136.47384643554688
2016-02-26,136.0157928466797
2016-02-29,134.93603515625
2016-03-01,137.84805297851562
2016-03-02,138.15074157714844
2016-03-03,138.52694702148438
2016-03-04,139.0749969482422
2016-03-07,139.5658721923828
2016-03-08,138.74783325195312
2016-03-09,139.0749969482422
2016-03-10,139.10780334472656
2016-03-11,140.88272094726562
2016-03-14,141.03004455566406
2016-03-15,141.2181396484375
2016-03-16,141.89718627929688
2016-03-17,143.09954833984375
2016-03-18,144.02178955078125
2016-03-21,144.2841033935547
2016-03-22,144.030029296875
2016-03-23,143.3004150390625
2016-03-24,143.4070281982422
2016-03-28,143.55453491210938
2016-03-29,144.33323669433594
2016-03-30,145.00550842285156
2016-03-31,144.80055236816406
2016-04-01,145.6858673095703
2016-04-04,145.19406127929688
2016-04-05,144.12835693359375
2016-04-06,145.12841796875
2016-04-07,143.6939697265625
2016-04-08,143.99717712402344
2016-04-11,143.81689453125
2016-04-12,145.16949462890625
2016-04-13,146.6696014404297
2016-04-14,146.82530212402344
2016-04-15,146.5792694091797
2016-04-18,147.48165893554688
2016-04-19,147.92465209960938
2016-04-20,148.27737426757812
2016-04-21,147.4159393310547
2016-04-22,147.58009338378906
2016-04-25,147.28466796875
2016-04-26,147.3667755126953
2016-04-27,147.86717224121094
2016-04-28,146.1854705810547
2016-04-29,145.68507385253906
2016-05-02,146.59559631347656
2016-05-03,145.44717407226562
2016-05-04,144.64329528808594
2016-05-05,144.7416534423828
2016-05-06,145.47999572753906
2016-05-09,145.1846466064453
2016-05-10,147.00579833984375
2016-05-11,145.44717407226562
2016-05-12,145.545654296875
2016-05-13,143.9541473388672
2016-05-16,145.41436767578125
2016-05-17,144.019775390625
2016-05-18,144.0771942138672
2016-05-19,143.29794311523438
2016-05-20,143.8675079345703
2016-05-23,143.884033203125
2016-05-24,145.59625244140625
2016-05-25,146.76535034179688
2016-05-26,146.6006317138672
2016-05-27,146.9463348388672
2016-05-31,146.24667358398438
2016-06-01,146.3125762939453
2016-06-02,146.76535034179688
2016-06-03,146.584228515625
2016-06-06,147.50616455078125
2016-06-07,147.67088317871094
2016-06-08,148.2305908203125
2016-06-09,148.08251953125
2016-06-10,147.11927795410156
2016-06-13,146.00790405273438
2016-06-14,145.55519104003906
2016-06-15,145.35755920410156
2016-06-16,146.0902862548828
2016-06-17,145.6077117919922
2016-06-20,146.66354370117188
2016-06-21,146.87806701660156
2016-06-22,146.47389221191406
2016-06-23,148.32159423828125
2016-06-24,143.21556091308594
2016-06-27,141.2193603515625
2016-06-28,143.3804931640625
2016-06-29,145.70668029785156
2016-06-30,147.65347290039062
2016-07-01,147.90907287597656
2016-07-05,147.00164794921875
2016-07-06,147.6368865966797
2016-07-07,147.48020935058594
2016-07-08,149.55064392089844
2016-07-11,150.2270050048828
2016-07-12,151.2745819091797
2016-07-13,151.44778442382812
2016-07-14,152.5697021484375
2016-07-15,152.6150665283203
2016-07-18,152.78013610839844
2016-07-19,153.060791015625
2016-07-20,153.3579559326172
2016-07-21,152.69769287109375
2016-07-22,153.13511657714844
2016-07-25,152.5572509765625
2016-07-26,152.3839569091797
2016-07-27,152.36741638183594
2016-07-28,152.20230102539062
2016-07-29,151.99600219726562
2016-08-01,151.78121948242188
2016-08-02,151.0384063720703
2016-08-03,151.36033630371094
2016-08-04,151.4346160888672
2016-08-05,152.92869567871094
2016-08-08,152.9452667236328
2016-08-09,153.00306701660156
2016-08-10,152.81324768066406
2016-08-11,153.78732299804688
2016-08-12,153.45701599121094
2016-08-15,153.9689483642578
2016-08-16,153.34144592285156
2016-08-17,153.62220764160156
2016-08-18,153.82034301757812
2016-08-19,153.51873779296875
2016-08-22,153.35311889648438
2016-08-23,153.50222778320312
2016-08-24,152.97203063964844
2016-08-25,152.73182678222656
2016-08-26,152.2761688232422
2016-08-29,153.11277770996094
2016-08-30,152.84768676757812
2016-08-31,152.37559509277344
2016-09-01,152.50808715820312
2016-09-02,153.1376190185547
2016-09-06,153.51873779296875
2016-09-07,153.51873779296875
2016-09-08,153.10459899902344
2016-09-09,149.86550903320312
2016-09-12,151.84535217285156
2016-09-13,149.77439880371094
2016-09-14,149.46792602539062
2016-09-15,150.98382568359375
2016-09-16,150.20692443847656
2016-09-19,150.21522521972656
2016-09-20,150.27328491210938
2016-09-21,151.60964965820312
2016-09-22,152.439697265625
2016-09-23,151.41046142578125
2016-09-26,150.02432250976562
2016-09-27,151.0618896484375
2016-09-28,151.97496032714844
2016-09-29,150.41439819335938
2016-09-30,151.70928955078125
2016-10-03,151.3274688720703
2016-10-04,150.6302947998047
2016-10-05,151.60964965820312
2016-10-06,151.4936065673828
2016-10-07,151.24447631835938
2016-10-10,151.99148559570312
2016-10-11,150.39784240722656
2016-10-12,150.5389862060547
2016-10-13,150.09896850585938
2016-10-14,150.47251892089844
2016-10-17,149.99942016601562
2016-10-18,150.5389862060547
2016-10-19,151.0618896484375
2016-10-20,150.6800537109375
2016-10-21,150.56375122070312
2016-10-24,151.17848205566406
2016-10-25,150.77981567382812
2016-10-26,151.0206756591797
2016-10-27,150.82127380371094
2016-10-28,150.68006896972656
2016-10-31,150.522216796875
2016-11-01,149.64979553222656
2016-11-02,149.0100860595703
2016-11-03,148.81065368652344
2016-11-04,148.47825622558594
2016-11-07,151.51087951660156
2016-11-08,152.35829162597656
2016-11-09,154.50192260742188
2016-11-10,156.30479431152344
2016-11-11,156.5873260498047
2016-11-14,156.83653259277344
2016-11-15,157.31016540527344
2016-11-16,157.01100158691406
2016-11-17,157.2769012451172
2016-11-18,157.02114868164062
2016-11-21,157.75430297851562
2016-11-22,158.3208465576172
2016-11-23,158.79574584960938
2016-11-25,159.3873291015625
2016-11-28,158.9541473388672
2016-11-29,159.29566955566406
2016-11-30,159.47071838378906
2016-12-01,159.88723754882812
2016-12-02,159.75390625
2016-12-05,160.15382385253906
2016-12-06,160.37890625
2016-12-07,162.8699951171875
2016-12-08,163.53656005859375
2016-12-09,164.7113494873047
2016-12-12,165.0364227294922
2016-12-13,165.994384765625
2016-12-14,165.0862274169922
2016-12-15,165.51956176757812
2016-12-16,165.48780822753906
2016-12-19,165.83013916015625
2016-12-20,166.51483154296875
2016-12-21,166.2978057861328
2016-12-22,166.13906860351562
2016-12-23,166.2058868408203
2016-12-27,166.33953857421875
2016-12-28,165.3960723876953
2016-12-29,165.32089233398438
2016-12-30,164.92001342773438
2017-01-03,165.67990112304688
2017-01-04,166.2893829345703
2017-01-05,165.95542907714844
2017-01-06,166.59007263183594
2017-01-09,165.96389770507812
2017-01-10,165.6630859375
2017-01-11,166.43971252441406
2017-01-12,165.95542907714844
2017-01-13,165.9137420654297
2017-01-17,165.4043426513672
2017-01-18,165.28736877441406
2017-01-19,164.7279510498047
2017-01-20,165.45762634277344
2017-01-23,165.3072052001953
2017-01-24,166.1930389404297
2017-01-25,167.51376342773438
2017-01-26,167.76441955566406
2017-01-27,167.6893310546875
2017-01-30,166.64443969726562
2017-01-31,165.7919464111328
2017-02-01,166.01754760742188
2017-02-02,166.00088500976562
2017-02-03,167.4803009033203
2017-02-06,167.39674377441406
2017-02-07,167.64747619628906
2017-02-08,167.5889434814453
2017-02-09,168.60031127929688
2017-02-10,169.45281982421875
2017-02-13,170.6731414794922
2017-02-14,171.4838104248047
2017-02-15,172.4951629638672
2017-02-16,172.57870483398438
2017-02-17,172.54605102539062
2017-02-21,173.5433807373047
2017-02-22,173.86184692382812
2017-02-23,174.17201232910156
2017-02-24,174.26414489746094
2017-02-27,174.5658416748047
2017-02-28,174.3060760498047
2017-03-01,176.85391235351562
2017-03-02,175.9068603515625
2017-03-03,175.92356872558594
2017-03-06,175.56312561035156
2017-03-07,175.30340576171875
2017-03-08,174.83407592773438
2017-03-09,174.88430786132812
2017-03-10,175.28659057617188
2017-03-13,175.110595703125
2017-03-14,174.77536010742188
2017-03-15,175.64698791503906
2017-03-16,175.52955627441406
2017-03-17,175.38526916503906
2017-03-20,175.34327697753906
2017-03-21,173.2775115966797
2017-03-22,173.327880859375
2017-03-23,173.2439422607422
2017-03-24,172.7736053466797
2017-03-27,172.3369903564453
2017-03-28,173.61337280273438
2017-03-29,173.2439422607422
2017-03-30,173.7897186279297
2017-03-31,173.2691650390625
2017-04-03,173.1935577392578
2017-04-04,173.52938842773438
2017-04-05,173.201904296875
2017-04-06,173.36138916015625
2017-04-07,173.30271911621094
2017-04-10,173.31117248535156
2017-04-11,173.2607879638672
2017-04-12,172.7064971923828
2017-04-13,171.61489868164062
2017-04-17,173.12631225585938
2017-04-18,172.2110595703125
2017-04-19,171.17816162109375
2017-04-20,172.73171997070312
2017-04-21,172.50643920898438
2017-04-24,174.29661560058594
2017-04-25,176.22970581054688
2017-04-26,176.05328369140625
2017-04-27,176.1288604736328
2017-04-28,175.72547912597656
2017-05-01,175.5909423828125
2017-05-02,175.76742553710938
2017-05-03,175.84315490722656
2017-05-04,175.8179168701172
2017-05-05,176.30540466308594
2017-05-08,176.43141174316406
2017-05-09,176.1792755126953
2017-05-10,176.06163024902344
2017-05-11,175.89352416992188
2017-05-12,175.66659545898438
2017-05-15,176.43988037109375
2017-05-16,176.45668029785156
2017-05-17,173.53179931640625
2017-05-18,173.9436492919922
2017-05-19,175.13893127441406
2017-05-22,175.88079833984375
2017-05-23,176.27699279785156
2017-05-24,176.86692810058594
2017-05-25,177.50767517089844
2017-05-26,177.47396850585938
2017-05-30,177.1957550048828
2017-05-31,177.01878356933594
2017-06-01,178.19888305664062
2017-06-02,178.62881469726562
2017-06-05,178.58653259277344
2017-06-06,178.1735076904297
2017-06-07,178.46864318847656
2017-06-08,178.58653259277344
2017-06-09,179.26942443847656
2017-06-12,179.0418243408203
2017-06-13,179.85946655273438
2017-06-14,180.25563049316406
2017-06-15,180.12921142578125
2017-06-16,180.35211181640625
2017-06-19,181.50067138671875
2017-06-20,181.0614776611328
2017-06-21,180.6308135986328
2017-06-22,180.4957733154297
2017-06-23,180.50421142578125
2017-06-26,180.61399841308594
2017-06-27,179.82008361816406
2017-06-28,180.9263916015625
2017-06-29,179.54989624023438
2017-06-30,180.08193969726562
2017-07-03,181.1375732421875
2017-07-05,181.21351623535156
2017-07-06,179.99742126464844
2017-07-07,180.76602172851562
2017-07-10,180.71527099609375
2017-07-11,180.7069091796875
2017-07-12,181.76243591308594
2017-07-13,181.95668029785156
2017-07-14,182.6322784423828
2017-07-17,182.5984649658203
2017-07-18,182.15933227539062
2017-07-19,182.68309020996094
2017-07-20,182.57315063476562
2017-07-21,182.2147979736328
2017-07-24,181.84278869628906
2017-07-25,182.4937286376953
2017-07-26,183.29684448242188
2017-07-27,184.0662841796875
2017-07-28,184.31983947753906
2017-07-31,184.89476013183594
2017-08-01,185.4612274169922
2017-08-02,185.90081787109375
2017-08-03,186.04452514648438
2017-08-04,186.47573852539062
2017-08-07,186.71241760253906
2017-08-08,186.57713317871094
2017-08-09,186.41650390625
2017-08-10,184.81021118164062
2017-08-11,184.89476013183594
2017-08-14,185.96841430664062
2017-08-15,186.1291046142578
2017-08-16,186.3911590576172
2017-08-17,184.14231872558594
2017-08-18,183.505859375
2017-08-21,183.683837890625
2017-08-22,185.33641052246094
2017-08-23,184.68385314941406
2017-08-24,184.46359252929688
2017-08-25,184.78549194335938
2017-08-28,184.70086669921875
2017-08-29,185.25167846679688
2017-08-30,185.5397491455078
2017-08-31,186.03990173339844
2017-09-01,186.3788299560547
2017-09-05,184.47201538085938
2017-09-06,184.9635772705078
2017-09-07,184.84487915039062
2017-09-08,184.95510864257812
2017-09-11,187.09066772460938
2017-09-12,187.6501007080078
2017-09-13,187.9381866455078
2017-09-14,188.41282653808594
2017-09-15,188.91212463378906
2017-09-18,189.51510620117188
2017-09-19,189.8717803955078
2017-09-20,190.14353942871094
2017-09-21,189.7783966064453
2017-09-22,189.54898071289062
2017-09-25,189.22634887695312
2017-09-26,189.11598205566406
2017-09-27,189.4811248779297
2017-09-28,189.88873291015625
2017-09-29,190.07568359375
2017-10-02,191.28150939941406
2017-10-03,192.1307373046875
2017-10-04,192.2749786376953
2017-10-05,193.31964111328125
2017-10-06,193.24317932128906
2017-10-09,193.22625732421875
2017-10-10,193.84620666503906
2017-10-11,194.14341735839844
2017-10-12,193.90562438964844
2017-10-13,194.2452850341797
2017-10-16,194.85679626464844
2017-10-17,195.19650268554688
2017-10-18,196.56373596191406
2017-10-19,196.7250518798828
2017-10-20,198.13858032226562
2017-10-23,197.73052978515625
2017-10-24,199.12437438964844
2017-10-25,198.16403198242188
2017-10-26,198.75042724609375
2017-10-27,199.02244567871094
2017-10-30,198.30848693847656
2017-10-31,198.5633544921875
2017-11-01,199.03932189941406
2017-11-02,199.6937713623047
2017-11-03,199.88072204589844
2017-11-06,200.07627868652344
2017-11-07,200.08473205566406
2017-11-08,200.1188201904297
2017-11-09,199.48985290527344
2017-11-10,199.243408203125
2017-11-13,199.43882751464844
2017-11-14,199.1158905029297
2017-11-15,197.99407958984375
2017-11-16,199.65138244628906
2017-11-17,198.83518981933594
2017-11-20,199.48260498046875
2017-11-21,200.82876586914062
2017-11-22,200.35159301757812
2017-11-24,200.6072235107422
2017-11-27,200.82876586914062
2017-11-28,203.05230712890625
2017-11-29,203.97235107421875
2017-11-30,206.88604736328125
2017-12-01,206.55381774902344
2017-12-04,207.11598205566406
2017-12-05,206.1789093017578
2017-12-06,205.8467254638672
2017-12-07,206.47705078125
2017-12-08,207.5506134033203
2017-12-11,208.0191192626953
2017-12-12,209.10108947753906
2017-12-13,209.8338165283203
2017-12-14,209.2117919921875
2017-12-15,210.2715301513672
2017-12-18,211.5864715576172
2017-12-19,211.2535400390625
2017-12-20,210.97166442871094
2017-12-21,211.47555541992188
2017-12-22,211.2535400390625
2017-12-26,211.1253662109375
2017-12-27,211.32179260253906
2017-12-28,211.8768310546875
2017-12-29,211.23638916015625
2018-01-02,211.78289794921875
2018-01-03,212.57696533203125
2018-01-04,213.9860076904297
2018-01-05,215.7962188720703
2018-01-08,215.6852264404297
2018-01-09,216.7354736328125
2018-01-10,216.5647430419922
2018-01-11,218.26393127441406
2018-01-12,220.22789001464844
2018-01-16,220.142578125
2018-01-17,222.93475341796875
2018-01-18,222.14910888671875
2018-01-19,222.59689331054688
2018-01-22,223.82723999023438
2018-01-23,223.73316955566406
2018-01-24,224.33126831054688
2018-01-25,225.33937072753906
2018-01-26,227.18492126464844
2018-01-29,225.68963623046875
2018-01-30,222.66531372070312
2018-01-31,223.3657684326172
2018-02-01,223.51963806152344
2018-02-02,217.8038330078125
2018-02-05,207.84205627441406
2018-02-06,212.70333862304688
2018-02-07,212.53248596191406
2018-02-08,203.91184997558594
2018-02-09,206.78256225585938
2018-02-12,210.3196258544922
2018-02-13,210.6614227294922
2018-02-14,212.99380493164062
2018-02-15,215.727783203125
2018-02-16,215.81773376464844
2018-02-20,213.58209228515625
2018-02-21,212.1859130859375
2018-02-22,213.7020263671875
2018-02-23,216.63145446777344
2018-02-26,220.06622314453125
2018-02-27,217.53077697753906
2018-02-28,214.31015014648438
2018-03-01,210.69549560546875
2018-03-02,210.15579223632812
2018-03-05,213.14529418945312
2018-03-06,213.14529418945312
2018-03-07,212.52000427246094
2018-03-08,213.40220642089844
2018-03-09,217.18821716308594
2018-03-12,215.81773376464844
2018-03-13,214.3272705078125
2018-03-14,212.322998046875
2018-03-15,213.28228759765625
2018-03-16,213.7576904296875
2018-03-19,211.02037048339844
2018-03-20,212.04141235351562
2018-03-21,211.62957763671875
2018-03-22,205.39959716796875
2018-03-23,201.7697296142578
2018-03-26,207.51065063476562
2018-03-27,204.48147583007812
2018-03-28,204.47286987304688
2018-03-29,207.1502227783203
2018-04-02,202.64501953125
2018-04-03,206.0775146484375
2018-04-04,208.0597686767578
2018-04-05,210.16220092773438
2018-04-06,205.2023162841797
2018-04-09,205.7171630859375
2018-04-10,209.389892578125
2018-04-11,207.5620880126953
2018-04-12,210.076416015625
2018-04-13,209.02088928222656
2018-04-16,210.77142333984375
2018-04-17,212.64218139648438
2018-04-18,212.2816925048828
2018-04-19,211.58668518066406
2018-04-20,209.90554809570312
2018-04-23,209.79396057128906
2018-04-24,206.1363983154297
2018-04-25,206.66012573242188
2018-04-26,208.7378692626953
2018-04-27,208.59197998046875
2018-04-30,207.3813018798828
2018-05-01,206.7115936279297
2018-05-02,205.2949981689453
2018-05-03,205.28636169433594
2018-05-04,208.2227783203125
2018-05-07,208.99546813964844
2018-05-08,208.99546813964844
2018-05-09,210.69540405273438
2018-05-10,212.4640655517578
2018-05-11,213.39146423339844
2018-05-14,214.01812744140625
2018-05-15,212.33529663085938
2018-05-16,212.90203857421875
2018-05-17,212.70455932617188
2018-05-18,212.66758728027344
2018-05-21,215.19895935058594
2018-05-22,213.6835174560547
2018-05-23,214.07098388671875
2018-05-24,213.45101928710938
2018-05-25,212.98602294921875
2018-05-29,209.61099243164062
2018-05-30,212.4092254638672
2018-05-31,210.2394256591797
2018-06-01,212.116455078125
2018-06-04,213.7007293701172
2018-06-05,213.65768432617188
2018-06-06,216.55921936035156
2018-06-07,217.4288330078125
2018-06-08,218.06602478027344
2018-06-11,218.1693572998047
2018-06-12,218.09185791015625
2018-06-13,217.1275634765625
2018-06-14,216.96392822265625
2018-06-15,216.21029663085938
2018-06-18,215.3393096923828
2018-06-19,212.8818359375
2018-06-20,212.51971435546875
2018-06-21,210.82960510253906
2018-06-22,211.85574340820312
2018-06-25,208.94119262695312
2018-06-26,209.25155639648438
2018-06-27,207.91510009765625
2018-06-28,208.74281311035156
2018-06-29,209.30335998535156
2018-07-02,209.30335998535156
2018-07-03,208.3807373046875
2018-07-05,210.0104217529297
2018-07-06,210.91583251953125
2018-07-09,213.709716796875
2018-07-10,214.9082794189453
2018-07-11,213.0542755126953
2018-07-12,214.9685821533203
2018-07-13,215.74459838867188
2018-07-16,216.14993286132812
2018-07-17,216.67593383789062
2018-07-18,217.32266235351562
2018-07-19,216.25335693359375
2018-07-20,216.22581481933594
2018-07-23,216.0703887939453
2018-07-24,217.75393676757812
2018-07-25,219.31661987304688
2018-07-26,220.2664337158203
2018-07-27,219.52386474609375
2018-07-30,218.3237762451172
2018-07-31,219.44618225097656
2018-08-01,218.5310516357422
2018-08-02,218.5223388671875
2018-08-03,219.63613891601562
2018-08-06,220.03330993652344
2018-08-07,221.12977600097656
2018-08-08,220.69808959960938
2018-08-09,220.30091857910156
2018-08-10,218.69503784179688
2018-08-13,217.60719299316406
2018-08-14,218.6173553466797
2018-08-15,217.3654327392578
2018-08-16,220.9743194580078
2018-08-17,221.93309020996094
2018-08-20,222.72901916503906
2018-08-21,223.28271484375
2018-08-22,222.51271057128906
2018-08-23,221.91566467285156
2018-08-24,223.09237670898438
2018-08-27,225.45433044433594
2018-08-28,225.5062713623047
2018-08-29,226.1033172607422
2018-08-30,224.96127319335938
2018-08-31,224.8228759765625
2018-09-04,224.71893310546875
2018-09-05,224.88336181640625
2018-09-06,225.2035369873047
2018-09-07,224.55458068847656
2018-09-10,224.03546142578125
2018-09-11,224.9785614013672
2018-09-12,225.16885375976562
2018-09-13,226.49261474609375
2018-09-14,226.58786010742188
2018-09-17,225.800537109375
2018-09-18,227.47032165527344
2018-09-19,228.77674865722656
2018-09-20,231.0436248779297
2018-09-21,231.5863037109375
2018-09-24,230.11257934570312
2018-09-25,229.51425170898438
2018-09-26,228.69061279296875
2018-09-27,229.09817504882812
2018-09-28,229.22813415527344
2018-10-01,231.2482452392578
2018-10-02,231.9765625
2018-10-03,232.3059539794922
2018-10-04,230.8321533203125
2018-10-05,229.15875244140625
2018-10-08,229.60093688964844
2018-10-09,229.08074951171875
2018-10-10,221.99758911132812
2018-10-11,216.97776794433594
2018-10-12,219.60475158691406
2018-10-15,218.7724609375
2018-10-16,223.61019897460938
2018-10-17,222.78651428222656
2018-10-18,219.93414306640625
2018-10-19,220.62388610839844
2018-10-22,219.51344299316406
2018-10-23,218.32492065429688
2018-10-24,213.0939178466797
2018-10-25,216.67669677734375
2018-10-26,213.86599731445312
2018-10-29,212.0789337158203
2018-10-30,215.74850463867188
2018-10-31,217.90858459472656
2018-11-01,220.11204528808594
2018-11-02,219.0103302001953
2018-11-05,220.76266479492188
2018-11-06,222.28082275390625
2018-11-07,227.09544372558594
2018-11-08,227.373046875
2018-11-09,225.62933349609375
2018-11-12,220.5370635986328
2018-11-13,219.5308074951172
2018-11-14,217.66561889648438
2018-11-15,219.66961669921875
2018-11-16,220.9139404296875
2018-11-19,217.2704315185547
2018-11-20,212.60964965820312
2018-11-21,212.7399444580078
2018-11-23,211.13992309570312
2018-11-26,214.2530975341797
2018-11-27,215.2183074951172
2018-11-28,220.7313995361328
2018-11-29,220.51400756835938
2018-11-30,222.18353271484375
2018-12-03,224.98362731933594
2018-12-04,218.02694702148438
2018-12-06,217.14865112304688
2018-12-07,212.4442901611328
2018-12-10,212.79217529296875
2018-12-11,212.3747100830078
2018-12-12,213.8095703125
2018-12-13,214.14874267578125
2018-12-14,209.93125915527344
2018-12-17,205.5921173095703
2018-12-18,206.40081787109375
2018-12-19,202.97476196289062
2018-12-20,199.0355682373047
2018-12-21,195.38748168945312
2018-12-24,190.16476440429688
2018-12-26,199.415771484375
2018-12-27,201.63912963867188
2018-12-28,200.9591064453125
2018-12-31,203.33067321777344
2019-01-02,203.47021484375
2019-01-03,197.68069458007812
2019-01-04,204.27236938476562
2019-01-07,205.2140655517578
2019-01-08,207.44615173339844
2019-01-09,208.3180694580078
2019-01-10,209.2597198486328
2019-01-11,209.15505981445312
2019-01-14,208.33538818359375
2019-01-15,209.81764221191406
2019-01-16,210.88150024414062
2019-01-17,212.5729522705078
2019-01-18,215.5604705810547
2019-01-22,212.89932250976562
2019-01-23,214.4000244140625
2019-01-24,214.181884765625
2019-01-25,215.85719299316406
2019-01-28,213.85911560058594
2019-01-29,214.39137268066406
2019-01-30,218.29159545898438
2019-01-31,218.2392578125
2019-02-01,218.55328369140625
2019-02-04,220.15878295898438
2019-02-05,221.5897979736328
2019-02-06,221.5113067626953
2019-02-07,219.7923126220703
2019-02-08,219.28623962402344
2019-02-11,218.95468139648438
2019-02-12,222.08714294433594
2019-02-13,223.19528198242188
2019-02-14,222.6368865966797
2019-02-15,226.301025390625
2019-02-19,226.4410400390625
2019-02-20,227.04470825195312
2019-02-21,226.19615173339844
2019-02-22,227.63092041015625
2019-02-25,228.26087951660156
2019-02-26,227.95469665527344
2019-02-27,227.36842346191406
2019-02-28,226.852294921875
2019-03-01,227.84970092773438
2019-03-04,225.9773406982422
2019-03-05,225.8985137939453
2019-03-06,224.7436065673828
2019-03-07,222.94125366210938
2019-03-08,222.85377502441406
2019-03-11,224.6474151611328
2019-03-12,223.86000061035156
2019-03-13,225.16366577148438
2019-03-14,225.32984924316406
2019-03-15,226.5092010498047
2019-03-18,227.0790557861328
2019-03-19,226.9826202392578
2019-03-20,225.58847045898438
2019-03-21,227.5963897705078
2019-03-22,223.54559326171875
2019-03-25,223.64202880859375
2019-03-26,224.8607940673828
2019-03-27,224.55393981933594
2019-03-28,225.40440368652344
2019-03-29,227.2017364501953
2019-04-01,230.06019592285156
2019-04-02,229.44644165039062
2019-04-03,229.7181396484375
2019-04-04,231.27882385253906
2019-04-05,231.6120147705078
2019-04-08,230.78787231445312
2019-04-09,229.28855895996094
2019-04-10,229.3674774169922
2019-04-11,229.1920928955078
2019-04-12,231.53314208984375
2019-04-15,231.3051300048828
2019-04-16,231.93646240234375
2019-04-17,231.93646240234375
2019-04-18,232.9785614013672
2019-04-22,232.54881286621094
2019-04-23,233.78585815429688
2019-04-24,233.2946319580078
2019-04-25,232.0750732421875
2019-04-26,232.78573608398438
2019-04-29,232.87344360351562
2019-04-30,233.18057250976562
2019-05-01,231.74172973632812
2019-05-02,230.62762451171875
2019-05-03,232.46116638183594
2019-05-06,231.84690856933594
2019-05-07,227.67971801757812
2019-05-08,227.8025360107422
2019-05-09,226.7322998046875
2019-05-10,228.0306854248047
2019-05-13,222.37203979492188
2019-05-14,224.42491149902344
2019-05-15,225.39871215820312
2019-05-16,227.36392211914062
2019-05-17,226.4175262451172
2019-05-20,225.74034118652344
2019-05-21,227.58726501464844
2019-05-22,226.55833435058594
2019-05-23,224.0605010986328
2019-05-24,225.25668334960938
2019-05-28,222.92599487304688
2019-05-29,220.99105834960938
2019-05-30,221.5187530517578
2019-05-31,218.30857849121094
2019-06-03,218.55490112304688
2019-06-04,223.084228515625
2019-06-05,224.91366577148438
2019-06-06,226.66384887695312
2019-06-07,228.88894653320312
2019-06-10,229.5397491455078
2019-06-11,229.44314575195312
2019-06-12,229.06483459472656
2019-06-13,230.0411376953125
2019-06-14,229.9971923828125
2019-06-17,230.14657592773438
2019-06-18,233.35671997070312
2019-06-19,233.55902099609375
2019-06-20,235.775390625
2019-06-21,235.47311401367188
2019-06-24,235.5347900390625
2019-06-25,233.85098266601562
2019-06-26,233.81564331054688
2019-06-27,233.7539520263672
2019-06-28,234.37109375
2019-07-01,235.35841369628906
2019-07-02,235.9667510986328
2019-07-03,237.64173889160156
2019-07-05,237.38612365722656
2019-07-08,236.31930541992188
2019-07-09,236.1430206298828
2019-07-10,236.87481689453125
2019-07-11,238.84071350097656
2019-07-12,241.01828002929688
2019-07-15,241.20335388183594
2019-07-16,241.04469299316406
2019-07-17,240.03965759277344
2019-07-18,240.03094482421875
2019-07-19,239.50411987304688
2019-07-22,239.68055725097656
2019-07-23,241.18057250976562
2019-07-24,240.52767944335938
2019-07-25,239.451171875
2019-07-26,239.8658447265625
2019-07-29,240.10411071777344
2019-07-30,239.90997314453125
2019-07-31,236.9188995361328
2019-08-01,234.4837646484375
2019-08-02,233.64556884765625
2019-08-05,226.8429412841797
2019-08-06,229.65750122070312
2019-08-07,229.61338806152344
2019-08-08,233.04556274414062
2019-08-09,232.2073974609375
2019-08-12,228.8722381591797
2019-08-13,232.19862365722656
2019-08-14,225.0606689453125
2019-08-15,226.18994140625
2019-08-16,229.0155487060547
2019-08-19,231.1916961669922
2019-08-20,229.73211669921875
2019-08-21,231.8021240234375
2019-08-22,232.27105712890625
2019-08-23,226.724365234375
2019-08-26,229.21017456054688
2019-08-27,228.06011962890625
2019-08-28,230.3513946533203
2019-08-29,233.4564666748047
2019-08-30,233.65988159179688
2019-09-03,231.26255798339844
2019-09-04,233.48289489746094
2019-09-05,236.80039978027344
2019-09-06,237.36651611328125
2019-09-09,237.79110717773438
2019-09-10,238.31314086914062
2019-09-11,240.34768676757812
2019-09-12,240.9050750732422
2019-09-13,241.1528778076172
2019-09-16,239.8877410888672
2019-09-17,240.2327880859375
2019-09-18,240.5955352783203
2019-09-19,240.1090087890625
2019-09-20,238.75840759277344
2019-09-23,238.85580444335938
2019-09-24,237.62332153320312
2019-09-25,239.05105590820312
2019-09-26,238.43032836914062
2019-09-27,237.64109802246094
2019-09-30,238.6962890625
2019-10-01,235.4330291748047
2019-10-02,231.1942901611328
2019-10-03,232.3382568359375
2019-10-04,235.5749053955078
2019-10-07,234.75901794433594
2019-10-08,231.9569549560547
2019-10-09,233.5974884033203
2019-10-10,234.99864196777344
2019-10-11,237.7918243408203
2019-10-14,237.52581787109375
2019-10-15,239.61846923828125
2019-10-16,239.4944305419922
2019-10-17,239.7604522705078
2019-10-18,237.482666015625
2019-10-21,237.9883270263672
2019-10-22,237.642333984375
2019-10-23,238.01498413085938
2019-10-24,237.78436279296875
2019-10-25,239.2217559814453
2019-10-28,240.2953643798828
2019-10-29,240.34873962402344
2019-10-30,241.1206817626953
2019-10-31,240.00267028808594
2019-11-01,242.54046630859375
2019-11-04,243.61410522460938
2019-11-05,243.84481811523438
2019-11-06,243.83587646484375
2019-11-07,245.8323516845703
2019-11-08,245.8501434326172
2019-11-11,245.92990112304688
2019-11-12,246.0453643798828
2019-11-13,246.7197265625
2019-11-14,246.87940979003906
2019-11-15,248.8564910888672
2019-11-18,249.1497802734375
2019-11-19,248.31410217285156
2019-11-20,247.30978393554688
2019-11-21,246.88291931152344
2019-11-22,247.89639282226562
2019-11-25,249.6208953857422
2019-11-26,250.11874389648438
2019-11-27,250.6077117919922
2019-11-29,249.75428771972656
2019-12-02,247.30978393554688
2019-12-03,244.9183807373047
2019-12-04,246.2873077392578
2019-12-05,246.56297302246094
2019-12-06,249.53199768066406
2019-12-09,248.696533203125
2019-12-10,248.4297332763672
2019-12-11,248.6609649658203
2019-12-12,250.64341735839844
2019-12-13,250.7854766845703
2019-12-16,251.63877868652344
2019-12-17,251.9323272705078
2019-12-18,251.76336669921875
2019-12-19,252.8746795654297
2019-12-20,253.64674377441406
2019-12-23,254.42251586914062
2019-12-24,254.1372833251953
2019-12-26,255.07350158691406
2019-12-27,255.31407165527344
2019-12-30,253.7090606689453
2019-12-31,254.21739196777344
2020-01-02,257.35614013671875
2020-01-03,255.30519104003906
2020-01-06,255.8937225341797
2020-01-07,254.78799438476562
2020-01-08,256.2683410644531
2020-01-09,258.1944580078125
2020-01-10,257.01739501953125
2020-01-13,257.71270751953125
2020-01-14,257.8910827636719
2020-01-15,258.8987731933594
2020-01-16,261.19927978515625
2020-01-17,261.62567138671875
2020-01-21,260.34100341796875
2020-01-22,260.3233947753906
2020-01-23,260.0823669433594
2020-01-24,258.5301208496094
2020-01-27,254.5692596435547
2020-01-28,256.291015625
2020-01-29,256.291015625
2020-01-30,257.406005859375
2020-01-31,251.9464874267578
2020-02-03,253.3380126953125
2020-02-04,256.9599914550781
2020-02-05,261.2599792480469
2020-02-06,262.04486083984375
2020-02-07,259.7701110839844
2020-02-10,261.34027099609375
2020-02-11,261.3312683105469
2020-02-12,263.8114318847656
2020-02-13,263.0084228515625
2020-02-14,262.7586975097656
2020-02-18,261.34027099609375
2020-02-19,262.36614990234375
2020-02-20,261.1886291503906
2020-02-21,259.18841552734375
2020-02-24,250.08169555664062
2020-02-25,242.15599060058594
2020-02-26,241.2973175048828
2020-02-27,230.34791564941406
2020-02-28,227.71795654296875
2020-03-02,238.87301635742188
2020-03-03,231.95809936523438
2020-03-04,242.32603454589844
2020-03-05,233.89035034179688
2020-03-06,231.5555877685547
2020-03-09,213.54820251464844
2020-03-10,224.05918884277344
2020-03-11,210.9718780517578
2020-03-12,189.74407958984375
2020-03-13,207.63514709472656
2020-03-16,181.13841247558594
2020-03-17,190.96067810058594
2020-03-18,178.36537170410156
2020-03-19,180.08290100097656
2020-03-20,172.17999267578125
2020-03-23,167.00296020507812
2020-03-24,185.4052734375
2020-03-25,190.26829528808594
2020-03-26,201.94131469726562
2020-03-27,194.11746215820312
2020-03-30,200.17376708984375
2020-03-31,196.70152282714844
2020-04-01,187.86373901367188
2020-04-02,191.97305297851562
2020-04-03,188.95838928222656
2020-04-06,203.25131225585938
2020-04-07,203.3141326904297
2020-04-08,210.2498321533203
2020-04-09,212.77101135253906
2020-04-13,209.91783142089844
2020-04-14,215.04998779296875
2020-04-15,210.9226837158203
2020-04-16,211.15602111816406
2020-04-17,217.63768005371094
2020-04-20,212.4397735595703
2020-04-21,206.6763916015625
2020-04-22,210.7610626220703
2020-04-23,211.03036499023438
2020-04-24,213.508056640625
2020-04-27,216.64117431640625
2020-04-28,216.43475341796875
2020-04-29,221.24655151367188
2020-04-30,218.3468780517578
2020-05-01,213.0143585205078
2020-05-04,213.14002990722656
2020-05-05,214.37892150878906
2020-05-06,212.6372833251953
2020-05-07,214.4776611328125
2020-05-08,218.7060089111328
2020-05-11,217.75430297851562
2020-05-12,213.73252868652344
2020-05-13,209.01048278808594
2020-05-14,212.5385284423828
2020-05-15,213.09800720214844
2020-05-18,221.21131896972656
2020-05-19,217.874267578125
2020-05-20,221.03155517578125
2020-05-21,220.39288330078125
2020-05-22,220.26695251464844
2020-05-26,225.0972137451172
2020-05-27,230.06239318847656
2020-05-28,228.78509521484375
2020-05-29,228.73109436035156
2020-06-01,229.61260986328125
2020-06-02,231.9332733154297
2020-06-03,236.71861267089844
2020-06-04,236.8625030517578
2020-06-05,244.24740600585938
2020-06-08,248.51104736328125
2020-06-09,245.90234375
2020-06-10,243.27589416503906
2020-06-11,226.6982421875
2020-06-12,230.9348907470703
2020-06-15,232.38308715820312
2020-06-16,237.30319213867188
2020-06-17,235.5043487548828
2020-06-18,235.1714630126953
2020-06-19,233.4602508544922
2020-06-22,234.83139038085938
2020-06-23,235.89585876464844
2020-06-24,229.69850158691406
2020-06-25,232.23336791992188
2020-06-26,225.8646697998047
2020-06-29,230.8531951904297
2020-06-30,232.62132263183594
2020-07-01,232.1160888671875
2020-07-02,233.117431640625
2020-07-06,237.24903869628906
2020-07-07,233.67674255371094
2020-07-08,235.1922149658203
2020-07-09,232.0529327392578
2020-07-10,235.2824249267578
2020-07-13,235.48094177246094
2020-07-14,240.48744201660156
2020-07-15,242.58035278320312
2020-07-16,241.2812957763672
2020-07-17,240.81272888183594
2020-07-20,240.8849639892578
2020-07-21,242.2572021484375
2020-07-22,243.73794555664062
2020-07-23,240.7677001953125
2020-07-24,238.96202087402344
2020-07-27,240.0995330810547
2020-07-28,238.2758331298828
2020-07-29,239.6933135986328
2020-07-30,237.68898010253906
2020-07-31,238.65501403808594
2020-08-03,240.7946319580078
2020-08-04,242.3203887939453
2020-08-05,245.5614776611328
2020-08-06,247.27684020996094
2020-08-07,247.92684936523438
2020-08-10,251.10475158691406
2020-08-11,250.24691772460938
2020-08-12,252.82015991210938
2020-08-13,252.26022338867188
2020-08-14,252.60316467285156
2020-08-17,251.83596801757812
2020-08-18,251.15882873535156
2020-08-19,250.4637908935547
2020-08-20,250.8609619140625
2020-08-21,252.6923065185547
2020-08-24,256.2117919921875
2020-08-25,255.70506286621094
2020-08-26,256.43780517578125
2020-08-27,257.89453125
2020-08-28,259.3963928222656
2020-08-31,257.2069091796875
2020-09-01,259.4779357910156
2020-09-02,263.4770202636719
2020-09-03,256.3565368652344
2020-09-04,254.9359893798828
2020-09-08,249.19078063964844
2020-09-09,253.19888305664062
2020-09-10,249.5254669189453
2020-09-11,250.70166015625
2020-09-14,253.81414794921875
2020-09-15,253.85922241210938
2020-09-16,254.26638793945312
2020-09-17,252.94557189941406
2020-09-18,250.78419494628906
2020-09-21,246.17710876464844
2020-09-22,247.4195556640625
2020-09-23,242.67628479003906
2020-09-24,243.14793395996094
2020-09-25,246.41290283203125
2020-09-28,250.22186279296875
2020-09-29,248.87969970703125
2020-09-30,251.6730194091797
2020-10-01,252.25347900390625
2020-10-02,251.0382537841797
2020-10-05,255.30984497070312
2020-10-06,251.87269592285156
2020-10-07,256.588623046875
2020-10-08,257.83111572265625
2020-10-09,259.3184814453125
2020-10-12,261.61285400390625
2020-10-13,260.0531311035156
2020-10-14,258.59295654296875
2020-10-15,258.5112609863281
2020-10-16,259.4613037109375
2020-10-19,255.88653564453125
2020-10-20,256.7212219238281
2020-10-21,255.83203125
2020-10-22,257.35626220703125
2020-10-23,257.07525634765625
2020-10-26,251.32284545898438
2020-10-27,249.19973754882812
2020-10-28,240.87066650390625
2020-10-29,241.87770080566406
2020-10-30,240.4895782470703
2020-11-02,244.24581909179688
2020-11-03,249.19065856933594
2020-11-04,252.69285583496094
2020-11-05,257.5921936035156
2020-11-06,256.9662170410156
2020-11-09,264.6783142089844
2020-11-10,267.2096862792969
2020-11-11,266.8466491699219
2020-11-12,264.0703430175781
2020-11-13,267.7903747558594
2020-11-16,272.1725158691406
2020-11-17,270.6573486328125
2020-11-18,267.43658447265625
2020-11-19,267.9536437988281
2020-11-20,266.0003356933594
2020-11-23,269.0556335449219
2020-11-24,273.18402099609375
2020-11-25,271.6471252441406
2020-11-27,272.1018371582031
2020-11-30,269.71942138671875
2020-12-01,271.3743591308594
2020-12-02,272.0472717285156
2020-12-03,272.8475036621094
2020-12-04,275.14813232421875
2020-12-07,273.7932434082031
2020-12-08,274.7935485839844
2020-12-09,273.59307861328125
2020-12-10,273.2840270996094
2020-12-11,273.638671875
2020-12-14,271.97467041015625
2020-12-15,275.17535400390625
2020-12-16,274.7480163574219
2020-12-17,275.9665222167969
2020-12-18,275.05340576171875
2020-12-21,275.27239990234375
2020-12-22,273.3863830566406
2020-12-23,274.4886169433594
2020-12-24,275.16290283203125
2020-12-28,276.9668273925781
2020-12-29,276.47491455078125
2020-12-30,277.0852355957031
2020-12-31,278.5977478027344
2021-01-04,275.4362487792969
2021-01-05,276.8211364746094
2021-01-06,280.80242919921875
2021-01-07,282.8887939453125
2021-01-08,283.3808288574219
2021-01-11,282.58819580078125
2021-01-12,283.1075744628906
2021-01-13,283.00726318359375
2021-01-14,282.478759765625
2021-01-15,280.83636474609375
2021-01-19,281.9301452636719
2021-01-20,284.1630859375
2021-01-21,284.2543029785156
2021-01-22,282.5224914550781
2021-01-25,282.2308654785156
2021-01-26,281.9940185546875
2021-01-27,276.4067687988281
2021-01-28,278.9679870605469
2021-01-29,273.2622985839844
2021-02-01,275.2764587402344
2021-02-02,279.65155029296875
2021-02-03,280.052490234375
2021-02-04,283.16058349609375
2021-02-05,283.9536437988281
2021-02-08,286.095458984375
2021-02-09,286.12274169921875
2021-02-10,286.65155029296875
2021-02-11,286.8155517578125
2021-02-12,287.14361572265625
2021-02-16,287.6358947753906
2021-02-17,288.5655212402344
2021-02-18,287.61761474609375
2021-02-19,287.5818786621094
2021-02-22,287.84686279296875
2021-02-23,288.0111083984375
2021-02-24,291.7917175292969
2021-02-25,286.7236328125
2021-02-26,282.5868835449219
2021-03-01,288.1938171386719
2021-03-02,286.9153747558594
2021-03-03,285.8195495605469
2021-03-04,282.70556640625
2021-03-05,287.8742370605469
2021-03-08,290.6228332519531
2021-03-09,290.95147705078125
2021-03-10,295.2619323730469
2021-03-11,297.0882263183594
2021-03-12,299.8095703125
2021-03-15,301.43511962890625
2021-03-16,300.3117980957031
2021-03-17,302.0559387207031
2021-03-18,300.76849365234375
2021-03-19,298.3169860839844
2021-03-22,299.4424743652344
2021-03-23,296.5326232910156
2021-03-24,296.55084228515625
2021-03-25,298.4816589355469
2021-03-26,302.5263366699219
2021-03-29,303.4871520996094
2021-03-30,302.7185974121094
2021-03-31,302.1327819824219
2021-04-01,303.2949523925781
2021-04-05,306.7264099121094
2021-04-06,305.96685791015625
2021-04-07,305.96685791015625
2021-04-08,306.6622009277344
2021-04-09,309.16033935546875
2021-04-12,308.8767395019531
2021-04-13,308.1812438964844
2021-04-14,308.8582458496094
2021-04-15,311.5212707519531
2021-04-16,312.92352294921875
2021-04-19,311.9075012207031
2021-04-20,309.5001220703125
2021-04-21,312.4110107421875
2021-04-22,309.5001220703125
2021-04-23,311.61468505859375
2021-04-26,311.1019592285156
2021-04-27,311.0654296875
2021-04-28,309.72894287109375
2021-04-29,311.7427062988281
2021-04-30,310.2507629394531
2021-05-03,312.23699951171875
2021-05-04,312.5849609375
2021-05-05,313.3079528808594
2021-05-06,316.2646789550781
2021-05-07,318.43408203125
2021-05-10,318.3057861328125
2021-05-11,313.884765625
2021-05-12,307.5597229003906
2021-05-13,311.63299560546875
2021-05-14,315.1205139160156
2021-05-17,314.5620422363281
2021-05-18,312.23699951171875
2021-05-19,310.7083435058594
2021-05-20,312.6122741699219
2021-05-21,313.734130859375
2021-05-24,315.4953308105469
2021-05-25,314.7799072265625
2021-05-26,314.8623352050781
2021-05-27,316.08233642578125
2021-05-28,317.03631591796875
2021-06-01,317.24713134765625
2021-06-02,317.6966552734375
2021-06-03,317.3846740722656
2021-06-04,319.1092834472656
2021-06-07,317.90765380859375
2021-06-08,317.6783142089844
2021-06-09,316.25665283203125
2021-06-10,316.4309387207031
2021-06-11,316.5592346191406
2021-06-14,315.80712890625
2021-06-15,314.9906921386719
2021-06-16,312.55999755859375
2021-06-17,310.6247253417969
2021-06-18,305.8507995605469
2021-06-21,311.19696044921875
2021-06-22,311.81243896484375
2021-06-23,311.19696044921875
2021-06-24,314.1363830566406
2021-06-25,316.4053649902344
2021-06-28,314.8896484375
2021-06-29,314.94476318359375
2021-06-30,316.8646240234375
2021-07-01,318.1598205566406
2021-07-02,319.611083984375
2021-07-06,317.6638488769531
2021-07-07,318.6742858886719
2021-07-08,316.34100341796875
2021-07-09,320.33685302734375
2021-07-12,321.53094482421875
2021-07-13,320.58477783203125
2021-07-14,320.9615173339844
2021-07-15,321.4483642578125
2021-07-16,318.6974182128906
2021-07-19,312.39208984375
2021-07-20,317.1716003417969
2021-07-21,319.8463439941406
2021-07-22,320.09442138671875
2021-07-23,322.21759033203125
2021-07-26,322.98956298828125
2021-07-27,322.2634582519531
2021-07-28,321.10552978515625
2021-07-29,322.4474792480469
2021-07-30,321.21575927734375
2021-08-02,320.17718505859375
2021-08-03,322.6954650878906
2021-08-04,319.8463439941406
2021-08-05,322.2543029785156
2021-08-06,323.6146545410156
2021-08-09,322.75079345703125
2021-08-10,324.2029113769531
2021-08-11,326.2343444824219
2021-08-12,326.5008544921875
2021-08-13,326.64794921875
2021-08-16,327.73236083984375
2021-08-17,325.2140197753906
2021-08-18,321.80401611328125
2021-08-19,321.21575927734375
2021-08-20,323.3251953125
2021-08-23,325.4337158203125
2021-08-24,325.7007751464844
2021-08-25,326.105712890625
2021-08-26,324.2459411621094
2021-08-27,326.4648132324219
2021-08-30,326.013671875
2021-08-31,325.86639404296875
2021-09-01,325.52569580078125
2021-09-02,326.7411193847656
2021-09-03,326.06890869140625
2021-09-07,323.5830078125
2021-09-08,322.9292297363281
2021-09-09,321.621826171875
2021-09-10,319.2186584472656
2021-09-13,321.6124267578125
2021-09-14,319.0070495605469
2021-09-15,321.17059326171875
2021-09-16,320.5814514160156
2021-09-17,318.91693115234375
2021-09-20,313.1593933105469
2021-09-21,312.8917236328125
2021-09-22,316.019775390625
2021-09-23,320.6883850097656
2021-09-24,320.9745788574219
2021-09-27,321.65716552734375
2021-09-28,316.4072570800781
2021-09-29,317.19146728515625
2021-09-30,312.1351318359375
2021-10-01,316.64715576171875
2021-10-04,313.7221374511719
2021-10-05,316.6010437011719
2021-10-06,317.5143737792969
2021-10-07,320.7530212402344
2021-10-08,320.6607666015625
2021-10-11,318.3080749511719
2021-10-12,317.20068359375
2021-10-13,317.30218505859375
2021-10-14,322.136962890625
2021-10-15,325.6786193847656
2021-10-18,325.3554992675781
2021-10-19,327.1647033691406
2021-10-20,328.61370849609375
2021-10-21,328.5491027832031
2021-10-22,329.2690734863281
2021-10-25,330.01666259765625
2021-10-26,329.97052001953125
2021-10-27,327.6445617675781
2021-10-28,329.785888671875
2021-10-29,330.64447021484375
2021-11-01,331.4749755859375
2021-11-02,332.8041687011719
2021-11-03,333.7178039550781
2021-11-04,333.5240478515625
2021-11-05,335.3239440917969
2021-11-08,336.2654724121094
2021-11-09,335.30535888671875
2021-11-10,333.26556396484375
2021-11-11,331.779541015625
2021-11-12,333.4593505859375
2021-11-15,333.4225158691406
2021-11-16,334.05938720703125
2021-11-17,332.139404296875
2021-11-18,331.67803955078125
2021-11-19,329.1450500488281
2021-11-22,329.4132080078125
2021-11-23,331.0963134765625
2021-11-24,331.1056213378906
2021-11-26,322.773193359375
2021-11-29,324.77996826171875
2021-11-30,318.9629821777344
2021-12-01,314.8568115234375
2021-12-02,320.5443115234375
2021-12-03,320.2022399902344
2021-12-06,326.287353515625
2021-12-07,330.8374328613281
2021-12-08,331.068603515625
2021-12-09,331.1795349121094
2021-12-10,333.14013671875
2021-12-13,330.1900634765625
2021-12-14,329.3854675292969
2021-12-15,332.7517395019531
2021-12-16,332.40960693359375
2021-12-17,327.6399230957031
2021-12-20,323.6002502441406
2021-12-21,328.8258056640625
2021-12-22,331.1236572265625
2021-12-23,332.94866943359375
2021-12-27,336.2470703125
2021-12-28,337.2385559082031
2021-12-29,338.0260925292969
2021-12-30,337.3127136230469
2021-12-31,336.6178894042969
2022-01-03,338.8043518066406
2022-01-04,340.833251953125
2022-01-05,337.33123779296875
2022-01-06,335.7560119628906
2022-01-07,335.68206787109375
2022-01-10,334.2737731933594
2022-01-11,335.8951110839844
2022-01-12,336.27496337890625
2022-01-13,334.6535339355469
2022-01-14,332.74505615234375
2022-01-18,327.8438720703125
2022-01-19,324.6009521484375
2022-01-20,321.802978515625
2022-01-21,317.42474365234375
2022-01-24,318.7784118652344
2022-01-25,317.99017333984375
2022-01-26,316.59954833984375
2022-01-27,316.6829528808594
2022-01-28,321.838134765625
2022-01-31,325.5191345214844
2022-02-01,328.1708984375
2022-02-02,330.10870361328125
2022-02-03,325.4263916015625
2022-02-04,325.324462890625
2022-02-07,325.35223388671875
2022-02-08,328.7271728515625
2022-02-09,331.6293029785156
2022-02-10,326.88201904296875
2022-02-11,322.0050354003906
2022-02-14,320.7070617675781
2022-02-15,324.72174072265625
2022-02-16,324.2117614746094
2022-02-17,318.6578369140625
2022-02-18,316.632568359375
2022-02-22,312.01751708984375
2022-02-23,307.8480529785156
2022-02-24,308.60955810546875
2022-02-25,316.22406005859375
2022-02-28,315.1097717285156
2022-03-01,309.3709411621094
2022-03-02,314.79400634765625
2022-03-03,313.986083984375
2022-03-04,312.4446716308594
2022-03-07,305.0158996582031
2022-03-08,303.2143249511719
2022-03-09,309.59381103515625
2022-03-10,308.3959655761719
2022-03-11,306.4552001953125
2022-03-14,306.501708984375
2022-03-15,312.1846008300781
2022-03-16,316.9854736328125
2022-03-17,320.7834777832031
2022-03-18,323.1214294433594
2022-03-21,321.4926452636719
2022-03-22,324.00543212890625
2022-03-23,319.60333251953125
2022-03-24,323.0002746582031
2022-03-25,324.37762451171875
2022-03-28,325.26177978515625
2022-03-29,328.50067138671875
2022-03-30,327.7095947265625
2022-03-31,322.7862548828125
2022-04-01,323.884521484375
2022-04-04,325.0291442871094
2022-04-05,322.3301696777344
2022-04-06,320.8504943847656
2022-04-07,321.98577880859375
2022-04-08,323.2889099121094
2022-04-11,319.4079284667969
2022-04-12,318.4959411621094
2022-04-13,321.7904968261719
2022-04-14,320.53912353515625
2022-04-18,320.3623046875
2022-04-19,325.0359802246094
2022-04-20,327.2796936035156
2022-04-21,323.72320556640625
2022-04-22,314.93450927734375
2022-04-25,317.0664978027344
2022-04-26,309.515869140625
2022-04-27,310.05596923828125
2022-04-28,315.88409423828125
2022-04-29,306.9461975097656
2022-05-02,307.9239196777344
2022-05-03,308.398681640625
2022-05-04,317.0943908691406
2022-05-05,307.45831298828125
2022-05-06,306.3691101074219
2022-05-09,300.345458984375
2022-05-10,299.62860107421875
2022-05-11,296.4910888671875
2022-05-12,295.72760009765625
2022-05-13,300.00103759765625
2022-05-16,300.5130310058594
2022-05-17,304.53509521484375
2022-05-18,293.78179931640625
2022-05-19,291.5752868652344
2022-05-20,291.5613098144531
2022-05-23,297.55255126953125
2022-05-24,298.0658874511719
2022-05-25,299.82977294921875
2022-05-26,304.6545104980469
2022-05-27,309.8992919921875
2022-05-31,308.1541442871094
2022-06-01,306.43707275390625
2022-06-02,310.5525817871094
2022-06-03,307.3609313964844
2022-06-06,307.4543151855469
2022-06-07,309.99273681640625
2022-06-08,307.3890075683594
2022-06-09,301.4349670410156
2022-06-10,293.3811950683594
2022-06-13,285.1780090332031
2022-06-14,283.9833984375
2022-06-15,286.7178649902344
2022-06-16,279.877197265625
2022-06-17,279.420654296875
2022-06-21,285.56622314453125
2022-06-22,284.9302062988281
2022-06-23,286.9225769042969
2022-06-24,294.6676330566406
2022-06-27,294.05023193359375
2022-06-28,289.3544921875
2022-06-29,290.0186462402344
2022-06-30,287.93280029296875
2022-07-01,290.7669982910156
2022-07-05,289.7008056640625
2022-07-06,290.3554382324219
2022-07-07,293.6667785644531
2022-07-08,293.2084045410156
2022-07-11,291.56219482421875
2022-07-12,289.94390869140625
2022-07-13,287.8673095703125
2022-07-14,286.6046142578125
2022-07-15,292.5823059082031
2022-07-18,290.701416015625
2022-07-19,297.68243408203125
2022-07-20,298.2718505859375
2022-07-21,299.8346252441406
2022-07-22,298.5714416503906
2022-07-25,299.41357421875
2022-07-26,297.14892578125
2022-07-27,301.33197021484375
2022-07-28,304.34521484375
2022-07-29,307.554931640625
2022-08-01,306.9747009277344
2022-08-02,303.2315368652344
2022-08-03,307.0869445800781
2022-08-04,306.3382873535156
2022-08-05,306.9092102050781
2022-08-08,307.330322265625
2022-08-09,306.8530578613281
2022-08-10,311.803466796875
2022-08-11,312.2804260253906
2022-08-12,316.13604736328125
2022-08-15,317.5770568847656
2022-08-16,319.7948303222656
2022-08-17,318.3539123535156
2022-08-18,318.7093811035156
2022-08-19,316.00537109375
2022-08-22,310.1173095703125
2022-08-23,308.5703430175781
2022-08-24,309.2735290527344
2022-08-25,312.35821533203125
2022-08-26,302.7760314941406
2022-08-29,301.0602111816406
2022-08-30,298.19122314453125
2022-08-31,295.9503479003906
2022-09-01,297.27227783203125
2022-09-02,294.17828369140625
2022-09-06,292.7157287597656
2022-09-07,296.5880432128906
2022-09-08,298.3787536621094
2022-09-09,302.16644287109375
2022-09-12,304.313720703125
2022-09-13,292.2749938964844
2022-09-14,292.5844421386719
2022-09-15,290.99053955078125
2022-09-16,289.5926513671875
2022-09-19,291.5668640136719
2022-09-20,288.62432861328125
2022-09-21,283.7265319824219
2022-09-22,282.5135803222656
2022-09-23,278.13299560546875
2022-09-26,275.1811218261719
2022-09-27,273.84619140625
2022-09-28,278.950927734375
2022-09-29,274.7017517089844
2022-09-30,270.0858154296875
2022-10-03,277.12701416015625
2022-10-04,284.97674560546875
2022-10-05,284.6478271484375
2022-10-06,281.3011169433594
2022-10-07,275.4161071777344
2022-10-10,274.4665222167969
2022-10-11,274.7768859863281
2022-10-12,274.6546325683594
2022-10-13,282.5513000488281
2022-10-14,279.0354919433594
2022-10-17,283.96148681640625
2022-10-18,287.16717529296875
2022-10-19,286.1142883300781
2022-10-20,285.1365661621094
2022-10-21,292.42840576171875
2022-10-24,296.3509826660156
2022-10-25,299.5868835449219
2022-10-26,299.4833679199219
2022-10-27,301.4400329589844
2022-10-28,309.0779724121094
2022-10-31,307.98675537109375
2022-11-01,307.03680419921875
2022-11-02,302.2864685058594
2022-11-03,300.8848571777344
2022-11-04,304.9016418457031
2022-11-07,308.9275207519531
2022-11-08,312.022216796875
2022-11-09,306.0302429199219
2022-11-10,317.2427978515625
2022-11-11,317.74139404296875
2022-11-14,315.84124755859375
2022-11-15,316.2550964355469
2022-11-16,316.1233825683594
2022-11-17,316.1516418457031
2022-11-18,317.9905090332031
2022-11-21,317.68896484375
2022-11-22,321.37432861328125
2022-11-23,322.3076477050781
2022-11-25,323.7873229980469
2022-11-28,319.04620361328125
2022-11-29,319.036865234375
2022-11-30,326.26617431640625
2022-12-01,324.62615966796875
2022-12-02,324.93719482421875
2022-12-05,320.497802734375
2022-12-06,317.1328430175781
2022-12-07,317.11395263671875
2022-12-08,319.0179748535156
2022-12-09,316.1053466796875
2022-12-12,321.053955078125
2022-12-13,322.175537109375
2022-12-14,320.67681884765625
2022-12-15,313.68304443359375
2022-12-16,310.7734375
2022-12-19,309.27142333984375
2022-12-20,310.2160339355469
2022-12-21,315.1474609375
2022-12-22,311.99212646484375
2022-12-23,313.5697326660156
2022-12-27,313.98541259765625
2022-12-28,310.39556884765625
2022-12-29,313.6925048828125
2022-12-30,313.00286865234375
2023-01-03,312.8989562988281
2023-01-04,314.1649169921875
2023-01-05,311.0096435546875
2023-01-06,317.67913818359375
2023-01-09,316.743896484375
2023-01-10,318.57659912109375
2023-01-11,320.96661376953125
2023-01-12,323.0826721191406
2023-01-13,324.06512451171875
2023-01-17,320.39984130859375
2023-01-18,314.5522155761719
2023-01-19,312.3416748046875
2023-01-20,315.48065185546875
2023-01-23,317.8443298339844
2023-01-24,318.7237548828125
2023-01-25,318.93157958984375
2023-01-26,320.8605651855469
2023-01-27,321.0968322753906
2023-01-30,318.6858825683594
2023-01-31,322.25030517578125
2023-02-01,322.2881774902344
2023-02-02,321.8721923828125
2023-02-03,320.5010986328125
2023-02-06,320.0284423828125
2023-02-07,322.9027404785156
2023-02-08,320.91729736328125
2023-02-09,318.7047424316406
2023-02-10,320.2647399902344
2023-02-13,323.8765563964844
2023-02-14,322.54345703125
2023-02-15,323.0350341796875
2023-02-16,318.9978332519531
2023-02-17,320.3730163574219
2023-02-21,313.70574951171875
2023-02-22,313.01446533203125
2023-02-23,314.10357666015625
2023-02-24,310.7416076660156
2023-02-27,311.63189697265625
2023-02-28,309.2736511230469
2023-03-01,309.68096923828125
2023-03-02,312.938720703125
2023-03-03,316.509033203125
2023-03-06,316.9541931152344
2023-03-07,311.4518737792969
2023-03-08,311.09197998046875
2023-03-09,305.9684753417969
2023-03-10,302.7958984375
2023-03-13,301.93414306640625
2023-03-14,305.1257629394531
2023-03-15,302.6159973144531
2023-03-16,306.1295471191406
2023-03-17,302.4338073730469
2023-03-20,306.0420837402344
2023-03-21,309.19476318359375
2023-03-22,304.02911376953125
2023-03-23,304.6558532714844
2023-03-24,306.0611572265625
2023-03-27,307.9507751464844
2023-03-28,307.47601318359375
2023-03-29,310.5810546875
2023-03-30,311.9103088378906
2023-03-31,315.84149169921875
2023-04-03,318.96563720703125
2023-04-04,317.094970703125
2023-04-05,317.9306640625
2023-04-06,318.006591796875
2023-04-10,319.01312255859375
2023-04-11,319.9056396484375
2023-04-12,319.6302795410156
2023-04-13,323.20062255859375
2023-04-14,321.74786376953125
2023-04-17,322.77325439453125
2023-04-18,322.6594543457031
2023-04-19,321.8902282714844
2023-04-20,320.90277099609375
2023-04-21,321.2295837402344
2023-04-24,321.8375244140625
2023-04-25,318.5883483886719
2023-04-26,316.3271484375
2023-04-27,321.31494140625
2023-04-28,324.0037536621094
2023-05-01,323.3672180175781
2023-05-02,320.0515441894531
2023-05-03,317.4292297363281
2023-05-04,314.7881164550781
2023-05-05,319.9184875488281
2023-05-08,319.4339599609375
2023-05-09,319.00640869140625
2023-05-10,318.7403869628906
2023-05-11,316.6881103515625
2023-05-12,316.5646057128906
2023-05-15,317.10626220703125
2023-05-16,313.8570251464844
2023-05-17,317.90423583984375
2023-05-18,319.2819519042969
2023-05-19,318.1927185058594
2023-05-22,316.9644775390625
2023-05-23,314.7840576171875
2023-05-24,312.30853271484375
2023-05-25,312.0610046386719
2023-05-26,315.0030212402344
2023-05-30,314.6983947753906
2023-05-31,313.74609375
2023-06-01,315.09820556640625
2023-06-02,321.88690185546875
2023-06-05,320.03985595703125
2023-06-06,320.0780029296875
2023-06-07,321.030029296875
2023-06-08,322.591552734375
2023-06-09,323.0294189453125
2023-06-12,324.838623046875
2023-06-13,326.21917724609375
2023-06-14,324.12445068359375
2023-06-15,328.2662658691406
2023-06-16,327.27001953125
2023-06-20,324.893798828125
2023-06-21,323.91094970703125
2023-06-22,323.8249816894531
2023-06-23,321.74462890625
2023-06-26,321.7256164550781
2023-06-27,323.72003173828125
2023-06-28,323.14739990234375
2023-06-29,325.56170654296875
2023-06-30,328.12884521484375
2023-07-03,328.3388366699219
2023-07-05,327.1362609863281
2023-07-06,323.72003173828125
2023-07-07,322.0022277832031
2023-07-10,324.053955078125
2023-07-11,326.97412109375
2023-07-12,327.91888427734375
2023-07-13,328.1957092285156
2023-07-14,329.3884582519531
2023-07-17,330.037353515625
2023-07-18,333.5968322753906
2023-07-19,334.65606689453125
2023-07-20,336.31634521484375
2023-07-21,336.2955322265625
2023-07-24,338.1386413574219
2023-07-25,338.37744140625
2023-07-26,339.26556396484375
2023-07-27,336.8970947265625
2023-07-28,338.53033447265625
2023-07-31,339.57110595703125
2023-08-01,340.1728515625
2023-08-02,336.8685607910156
2023-08-03,336.15216064453125
2023-08-04,334.8725891113281
2023-08-07,338.6639404296875
2023-08-08,337.13592529296875
2023-08-09,335.47418212890625
2023-08-10,336.05682373046875
2023-08-11,337.1167297363281
2023-08-14,337.31732177734375
2023-08-15,333.87933349609375
2023-08-16,332.1222229003906
2023-08-17,329.53411865234375
2023-08-18,330.0791931152344
2023-08-21,329.64874267578125
2023-08-22,328.01336669921875
2023-08-23,329.80194091796875
2023-08-24,326.16748046875
2023-08-25,328.5298767089844
2023-08-28,330.6435852050781
2023-08-29,333.4266662597656
2023-08-30,334.1727600097656
2023-08-31,332.652099609375
2023-09-01,333.7710266113281
2023-09-05,331.8582458496094
2023-09-06,329.9644775390625
2023-09-07,330.6243896484375
2023-09-08,331.4087829589844
2023-09-11,332.23114013671875
2023-09-12,332.0781555175781
2023-09-13,331.4468688964844
2023-09-14,334.6891784667969
2023-09-15,331.93035888671875
2023-09-18,331.9397888183594
2023-09-19,330.90423583984375
2023-09-20,330.1849060058594
2023-09-21,326.5985107421875
2023-09-22,325.63946533203125
2023-09-25,326.023193359375
2023-09-26,322.2449645996094
2023-09-27,321.659912109375
2023-09-28,322.8011779785156
2023-09-29,321.19976806640625
2023-10-02,320.3748779296875
2023-10-03,316.4337158203125
2023-10-04,317.40216064453125
2023-10-05,317.5748596191406
2023-10-06,320.3845520019531
2023-10-09,322.2928161621094
2023-10-10,323.5970153808594
2023-10-11,324.1532287597656
2023-10-12,322.4654846191406
2023-10-13,322.858642578125
2023-10-16,325.9368591308594
2023-10-17,326.03271484375
2023-10-18,322.8107604980469
2023-10-19,320.4037780761719
2023-10-20,317.77178955078125
2023-10-23,315.9775695800781
2023-10-24,318.0116882324219
2023-10-25,316.9659118652344
2023-10-26,314.538330078125
2023-10-27,311.05548095703125
2023-10-30,315.8913269042969
2023-10-31,317.0906677246094
2023-11-01,319.2014465332031
2023-11-02,324.6801452636719
2023-11-03,326.8101501464844
2023-11-06,327.2228088378906
2023-11-07,327.7025146484375
2023-11-08,327.29962158203125
2023-11-09,325.3710021972656
2023-11-10,329.11297607421875
2023-11-13,329.65020751953125
2023-11-14,334.30377197265625
2023-11-15,336.0787658691406
2023-11-16,335.83892822265625
2023-11-17,335.951416015625
2023-11-20,337.9609069824219
2023-11-21,337.287841796875
2023-11-22,338.960693359375
2023-11-24,340.1528625488281
2023-11-27,339.6914367675781
2023-11-28,340.4508361816406
2023-11-29,340.97015380859375
2023-11-30,346.1137390136719
2023-12-01,349.04608154296875
2023-12-04,348.6518859863281
2023-12-05,347.9501037597656
2023-12-06,347.2866516113281
2023-12-07,347.8731689453125
2023-12-08,349.1134338378906
2023-12-11,350.6228332519531
2023-12-12,352.2765197753906
2023-12-13,357.40087890625
2023-12-14,358.9295654296875
2023-12-15,359.0577697753906
2023-12-18,359.39501953125
2023-12-19,361.8231201171875
2023-12-20,357.29437255859375
2023-12-21,360.26214599609375
2023-12-22,360.18511962890625
2023-12-26,361.6785888671875
2023-12-27,362.8445739746094
2023-12-28,363.2974853515625
2023-12-29,363.14324951171875
2024-01-02,363.3551940917969
2024-01-03,360.5801696777344
2024-01-04,360.89813232421875
2024-01-05,360.9945068359375
2024-01-08,363.11431884765625
2024-01-09,361.5148010253906
2024-01-10,363.2203674316406
2024-01-11,363.4322814941406
2024-01-12,362.2181701660156
2024-01-16,360.0501708984375
2024-01-17,359.14447021484375
2024-01-18,361.1582946777344
2024-01-19,365.0177001953125
2024-01-22,366.4349670410156
2024-01-23,365.44195556640625
2024-01-24,364.5260009765625
2024-01-25,366.830322265625
2024-01-26,367.4184265136719
2024-01-29,369.5587463378906
2024-01-30,370.6964111328125
2024-01-31,367.68829345703125
2024-02-01,371.2845153808594
2024-02-02,372.5571594238281
2024-02-05,369.8189697265625
2024-02-06,371.26519775390625
2024-02-07,372.7982482910156
2024-02-08,373.4537353515625
2024-02-09,372.846435546875
2024-02-12,374.1865539550781
2024-02-13,369.0863037109375
2024-02-14,370.50341796875
2024-02-15,374.32147216796875
2024-02-16,372.92327880859375
2024-02-20,372.4403076171875
2024-02-21,372.7880554199219
2024-02-22,377.1238098144531
2024-02-23,377.8383483886719
2024-02-26,377.2879333496094
2024-02-27,376.2740173339844
2024-02-28,376.2160949707031
2024-02-29,376.5540466308594
2024-03-01,377.8673400878906
2024-03-04,376.8244323730469
2024-03-05,372.92327880859375
2024-03-06,373.879150390625
2024-03-07,375.10565185546875
2024-03-08,374.661376953125
2024-03-11,375.0766296386719
2024-03-12,377.365234375
2024-03-13,377.7804260253906
2024-03-14,376.6698913574219
2024-03-15,374.60137939453125
2024-03-18,375.30810546875
2024-03-19,378.3764343261719
2024-03-20,382.33538818359375
2024-03-21,385.00701904296875
2024-03-22,381.8901062011719
2024-03-25,380.3607482910156
2024-03-26,380.2640380859375
2024-03-27,384.8231201171875
2024-03-28,385.0166931152344
2024-04-01,382.6644287109375
2024-04-02,379.0831298828125
2024-04-03,378.7249450683594
2024-04-04,373.65277099609375
2024-04-05,376.40179443359375
2024-04-08,376.6341552734375
2024-04-09,376.38250732421875
2024-04-10,372.19110107421875
2024-04-11,372.2202453613281
2024-04-12,367.6998596191406
2024-04-15,365.2218322753906
2024-04-16,365.87042236328125
2024-04-17,365.35736083984375
2024-04-18,365.73486328125
2024-04-19,367.8248596191406
2024-04-22,370.3137512207031
2024-04-23,372.88031005859375
2024-04-24,372.31854248046875
2024-04-25,368.90960693359375
2024-04-26,370.2557678222656
2024-04-29,371.69879150390625
2024-04-30,366.2074279785156
2024-05-01,366.9435119628906
2024-05-02,370.17828369140625
2024-05-03,374.5750427246094
2024-05-06,376.2021179199219
2024-05-07,376.48297119140625
2024-05-08,378.1680908203125
2024-05-09,381.57708740234375
2024-05-10,382.7198791503906
2024-05-13,382.0225524902344
2024-05-14,383.1072998046875
2024-05-15,386.69061279296875
2024-05-16,386.622802734375
2024-05-17,387.91668701171875
2024-05-20,386.1223449707031
2024-05-21,386.7819519042969
2024-05-22,384.72564697265625
2024-05-23,378.9062194824219
2024-05-24,378.8868103027344
2024-05-28,376.90826416015625
2024-05-29,373.00909423828125
2024-05-30,370.00244140625
2024-05-31,375.8704528808594
2024-06-03,374.6191711425781
2024-06-04,375.8509521484375
2024-06-05,376.84033203125
2024-06-06,377.6162109375
2024-06-07,376.80145263671875
2024-06-10,377.57745361328125
2024-06-11,376.29718017578125
2024-06-12,376.0255126953125
2024-06-13,375.239990234375
2024-06-14,374.83251953125
2024-06-17,376.8887939453125
2024-06-18,377.4319152832031
2024-06-20,380.27386474609375
2024-06-21,380.4137268066406
2024-06-24,382.98004150390625
2024-06-25,380.1026916503906
2024-06-26,380.3165588378906
2024-06-27,380.627685546875
2024-06-28,380.2096862792969
2024-07-01,380.5303649902344
2024-07-02,382.30938720703125
2024-07-03,381.8620910644531
2024-07-05,382.7079772949219
2024-07-08,382.474609375
2024-07-09,381.9690856933594
2024-07-10,386.16845703125
2024-07-11,386.5282287597656
2024-07-12,389.14306640625
2024-07-15,391.1260681152344
2024-07-16,398.22222900390625
2024-07-17,400.42889404296875
2024-07-18,395.36431884765625
2024-07-19,391.8865966796875
2024-07-22,393.0535583496094
2024-07-23,392.4117736816406
2024-07-24,387.7240905761719
2024-07-25,388.5215148925781
2024-07-26,394.8236389160156
2024-07-29,394.3762512207031
2024-07-30,396.2240295410156
2024-07-31,397.2744445800781
2024-08-01,392.158935546875
2024-08-02,386.22637939453125
2024-08-05,376.189697265625
2024-08-06,379.2532043457031
2024-08-07,377.1232604980469
2024-08-08,383.68798828125
2024-08-09,384.3007507324219
2024-08-12,382.9586486816406
2024-08-13,386.8682861328125
2024-08-14,389.10504150390625
2024-08-15,394.7361145019531
2024-08-16,395.89141845703125
2024-08-19,398.1982421875
2024-08-20,397.6628723144531
2024-08-21,398.0814208984375
2024-08-22,396.61175537109375
2024-08-23,400.8456726074219
2024-08-26,401.7119140625
2024-08-27,401.87744140625
2024-08-28,400.3687744140625
2024-08-29,402.8702392578125
2024-08-30,405.1087341308594
2024-09-03,399.30780029296875
2024-09-04,399.47332763671875
2024-09-05,397.56561279296875
2024-09-06,393.6820373535156
2024-09-09,398.1397705078125
2024-09-10,397.37091064453125
2024-09-11,398.3539123535156
2024-09-12,400.98193359375
2024-09-13,403.872802734375
2024-09-16,406.2476501464844
2024-09-17,406.1308898925781
2024-09-18,405.0893859863281
2024-09-19,410.1701965332031
2024-09-20,410.56842041015625
2024-09-23,411.0956115722656
2024-09-24,412.09136962890625
2024-09-25,409.1529235839844
2024-09-26,411.5935363769531
2024-09-27,412.89190673828125
2024-09-30,413.0578308105469
2024-10-01,411.47637939453125
2024-10-02,411.8765869140625
2024-10-03,409.99249267578125
2024-10-04,413.34100341796875
2024-10-07,409.6312561035156
2024-10-08,410.7930603027344
2024-10-09,414.9419250488281
2024-10-10,414.5612487792969
2024-10-11,418.5344543457031
2024-10-14,420.64306640625
2024-10-15,417.3728332519531
2024-10-16,420.47705078125
2024-10-17,422.166015625
2024-10-18,422.49700927734375
2024-10-21,419.3036804199219
2024-10-22,419.2450256347656
2024-10-23,415.1923522949219
2024-10-24,413.8447570800781
2024-10-25,411.2666015625
2024-10-28,414.1279296875
2024-10-29,412.5946960449219
2024-10-30,411.8622741699219
2024-10-31,407.87799072265625
2024-11-01,410.5634765625
2024-11-04,408.2491149902344
2024-11-05,412.3994445800781
2024-11-06,426.9794006347656
2024-11-07,427.13568115234375
2024-11-08,429.7918395996094
2024-11-11,432.6239318847656
2024-11-12,429.0887756347656
2024-11-13,429.4989013671875
2024-11-14,427.4383544921875
2024-11-15,424.5811767578125
2024-11-18,424.2685546875
2024-11-19,422.9493103027344
2024-11-20,424.36627197265625
2024-11-21,428.93927001953125
2024-11-22,433.0335693359375
2024-11-25,437.3330078125
2024-11-26,438.62286376953125
2024-11-27,437.5089416503906
2024-11-29,439.80517578125
2024-12-02,438.4860534667969
2024-12-03,437.6555480957031
2024-12-04,440.6357727050781
2024-12-05,438.4176330566406
2024-12-06,436.932373046875
2024-12-09,434.90966796875
2024-12-10,433.5514831542969
2024-12-11,432.3984375
2024-12-12,430.2095642089844
2024-12-13,429.3301086425781
2024-12-16,428.35302734375
2024-12-17,425.6169128417969
2024-12-18,414.5263366699219
2024-12-19,414.8292541503906
2024-12-20,419.95745849609375
2024-12-23,420.3004455566406
2024-12-24,423.8381652832031
2024-12-26,424.53387451171875
2024-12-27,421.38824462890625
2024-12-30,417.242919921875
2024-12-31,416.9783630371094
2025-01-02,415.31231689453125
2025-01-03,418.6050720214844
2025-01-06,418.5757141113281
2025-01-07,416.81170654296875
2025-01-08,417.595703125
2025-01-10,410.9319152832031
2025-01-13,414.48919677734375
2025-01-14,416.6353759765625
2025-01-15,423.5833740234375
2025-01-16,422.9169616699219
2025-01-17,426.1736755371094
2025-01-21,431.4479064941406
2025-01-22,432.6047668457031
2025-01-23,436.6241149902344
2025-01-24,435.38885498046875
2025-01-27,438.3298645019531
2025-01-28,439.59454345703125
2025-01-29,438.38873291015625
2025-01-30,439.9964904785156
2025-01-31,436.6339111328125
2025-02-03,435.535888671875
2025-02-04,436.7711181640625
2025-02-05,439.8493957519531
2025-02-06,438.565185546875
2025-02-07,434.40850830078125
2025-02-10,436.0359191894531
2025-02-11,437.33966064453125
2025-02-12,434.9085388183594
2025-02-13,438.4671325683594
2025-02-14,437.0260314941406
2025-02-18,437.1535339355469
2025-02-19,437.8887939453125
2025-02-20,433.69293212890625
2025-02-21,426.2498779296875
2025-02-24,426.6229553222656
2025-02-25,428.19378662109375
2025-02-26,426.4363098144531
2025-02-27,424.4825744628906
2025-02-28,430.39300537109375
2025-03-03,424.2273254394531
2025-03-04,417.8259582519531
2025-03-05,422.6368103027344
2025-03-06,418.14990234375
2025-03-07,420.467041015625
2025-03-10,411.85662841796875
2025-03-11,407.1929931640625
2025-03-12,406.4174499511719
2025-03-13,401.34149169921875
2025-03-14,407.8017883300781
2025-03-17,411.5816650390625
2025-03-18,408.9504699707031
2025-03-19,412.7696533203125
2025-03-20,412.4751281738281
2025-03-21,412.77117919921875
2025-03-24,418.5453796386719
2025-03-25,418.8699951171875
2025-03-26,417.3059997558594
2025-03-27,416.0370788574219
2025-03-28,408.8364562988281
2025-03-31,413.0269470214844
2025-04-01,412.7417297363281
2025-04-02,415.1418762207031
2025-04-03,398.606201171875
2025-04-04,376.96533203125
2025-04-07,373.3748779296875
2025-04-08,370.3353271484375
2025-04-09,399.45220947265625
2025-04-10,389.221923828125
2025-04-11,395.35028076171875
2025-04-14,398.802978515625
2025-04-15,397.120849609375
2025-04-16,390.29412841796875
2025-04-17,385.1636962890625
2025-04-21,375.5779113769531
2025-04-22,385.6656188964844
2025-04-23,389.6416320800781
2025-04-24,394.63134765625
2025-04-25,394.6707458496094
2025-04-28,395.9009094238281
2025-04-29,398.7944030761719
2025-04-30,399.9065246582031
2025-05-01,400.9693908691406
2025-05-02,406.5004577636719
2025-05-05,405.7327575683594
2025-05-06,401.7763977050781
2025-05-07,404.5419006347656
2025-05-08,407.3271789550781
2025-05-09,405.8902893066406
2025-05-12,417.5132751464844
2025-05-13,414.8363342285156
2025-05-14,413.8915100097656
2025-05-15,416.775146484375
2025-05-16,420.1159362792969
2025-05-19,421.58355712890625
2025-05-20,420.5296630859375
2025-05-21,412.43359375
2025-05-22,412.50262451171875
2025-05-23,410.05010986328125
2025-05-27,417.4567565917969
2025-05-28,415.0633544921875
2025-05-29,416.0877380371094
2025-05-30,416.4718017578125
2025-06-02,417.3187255859375
2025-06-03,419.5841369628906
2025-06-04,418.5303039550781
2025-06-05,417.57489013671875
2025-06-06,421.9183654785156
2025-06-09,421.898681640625
2025-06-10,423.12982177734375
2025-06-11,423.1199645996094
2025-06-12,423.99652099609375
2025-06-13,416.432373046875
2025-06-16,419.85003662109375
2025-06-17,416.72784423828125
2025-06-18,416.4619445800781
2025-06-20,416.5794677734375
2025-06-23,420.4908752441406
2025-06-24,425.49853515625
2025-06-25,424.5799560546875
2025-06-26,428.5999755859375
2025-06-27,432.6199645996094
2025-06-30,435.23748779296875
2025-07-01,439.4253845214844
2025-07-02,439.24761962890625
2025-07-03,442.5860595703125
2025-07-07,438.5462341308594
2025-07-08,436.94622802734375
2025-07-09,439.05987548828125
2025-07-10,441.0155944824219
2025-07-11,438.12158203125
2025-07-14,439.1191711425781
2025-07-15,434.7435607910156
2025-07-16,436.9264221191406
2025-07-17,439.75128173828125
2025-07-18,437.99346923828125
2025-07-21,438.1713562011719
2025-07-22,439.6732482910156
2025-07-23,444.8608703613281
2025-07-24,441.7977294921875
2025-07-25,443.6849365234375
2025-07-28,443.0130615234375
2025-07-29,441.1752014160156
2025-07-30,439.4756774902344
2025-07-31,436.0863952636719
2025-08-01,430.54302978515625
2025-08-04,436.5606384277344
2025-08-05,435.89862060546875
2025-08-06,436.71881103515625
2025-08-07,434.4955139160156
2025-08-08,436.66937255859375
2025-08-11,434.78204345703125
2025-08-12,439.3965759277344
2025-08-13,444.0802917480469
2025-08-14,443.8233642578125
2025-08-15,444.4521179199219
2025-08-18,443.97760009765625
2025-08-19,444.21490478515625
2025-08-20,444.2840576171875
2025-08-21,442.8900146484375
2025-08-22,451.4818420410156
2025-08-25,447.9521789550781
2025-08-26,449.3561706542969
2025-08-27,450.8787536621094
2025-08-28,451.63018798828125
2025-08-29,450.93804931640625
2025-09-02,448.486083984375
2025-09-03,448.1401062011719
2025-09-04,451.88720703125
2025-09-05,449.8504943847656
2025-09-08,451.0468444824219
2025-09-09,452.83642578125
2025-09-10,450.7798767089844
2025-09-11,456.7022399902344
2025-09-12,454.131591796875
2025-09-15,454.8731384277344
2025-09-16,453.59765625
2025-09-17,456.0497131347656
2025-09-18,457.4042053222656
2025-09-19,459.01837158203125
2025-09-22,459.74224853515625
2025-09-23,458.948974609375
2025-09-24,457.1146240234375
2025-09-25,455.5381774902344
2025-09-26,458.3639831542969
2025-09-29,459.1175537109375
2025-09-30,459.8116149902344
2025-10-01,460.3272705078125
2025-10-02,461.16998291015625
2025-10-03,463.54974365234375
2025-10-06,462.8853454589844
2025-10-07,462.0227355957031
2025-10-08,462.1219177246094
2025-10-09,459.5736999511719
2025-10-10,451.0167541503906
2025-10-13,456.7775573730469
2025-10-14,458.79034423828125
2025-10-15,458.79034423828125
2025-10-16,455.6670227050781
2025-10-17,458.022705078125
2025-10-20,463.2201232910156
2025-10-21,465.4021911621094
2025-10-22,461.9902038574219
2025-10-23,463.4879150390625
2025-10-24,468.36785888671875
2025-10-27,471.4822998046875
2025-10-28,473.26763916015625
2025-10-29,472.4940185546875
2025-10-30,471.1451110839844
2025-10-31,471.79974365234375
2025-11-03,469.61761474609375
2025-11-04,467.0685119628906
2025-11-05,469.2605285644531
2025-11-06,465.46173095703125
2025-11-07,466.0369567871094
2025-11-10,469.96478271484375
2025-11-11,475.50927734375
2025-11-12,478.83203125
2025-11-13,470.87725830078125
2025-11-14,467.9612121582031
2025-11-17,462.52581787109375
2025-11-18,457.546630859375
2025-11-19,458.0029296875
2025-11-20,454.37274169921875
2025-11-21,459.3839111328125
2025-11-24,461.24102783203125
2025-11-25,467.93463134765625
2025-11-26,471.0827941894531
2025-11-28,473.8932800292969
2025-12-01,470.0598449707031
2025-12-02,471.986572265625
2025-12-03,476.1079406738281
2025-12-04,475.7702941894531
2025-12-05,476.7236328125
2025-12-08,474.8565673828125
2025-12-09,473.1385192871094
2025-12-10,478.0345458984375
2025-12-11,484.5096740722656
2025-12-12,482.056640625
2025-12-15,481.8282775878906
2025-12-16,478.66021728515625
2025-12-17,476.4952087402344
2025-12-18,477.2003479003906
2025-12-19,478.87640380859375
2025-12-22,481.1755065917969
2025-12-23,481.94183349609375
2025-12-24,484.7087097167969
2025-12-26,484.7286071777344
2025-12-29,482.3001403808594
2025-12-30,481.30487060546875
2025-12-31,478.2991638183594
2026-01-02,481.3446960449219
2026-01-05,487.45562744140625
2026-01-06,492.2727966308594
2026-01-07,487.6448059082031
2026-01-08,490.2026062011719
2026-01-09,492.68084716796875
2026-01-12,493.55670166015625
2026-01-13,489.6153869628906
2026-01-14,489.2571105957031
2026-01-15,492.1434020996094
2026-01-16,491.26629638671875
2026-01-20,482.7635498046875
2026-01-21,488.65765380859375
2026-01-22,491.53509521484375
2026-01-23,488.7870788574219
2026-01-26,491.9034729003906
2026-01-27,487.9208984375
2026-01-28,487.9906311035156
2026-01-29,488.0702209472656
2026-01-30,486.8953857421875
2026-02-02,491.87359619140625
2026-02-03,490.1611022949219
2026-02-04,492.5904541015625
2026-02-05,486.77593994140625
2026-02-06,498.843017578125
2026-02-09,499.0321960449219
2026-02-10,499.709228515625
2026-02-11,499.1417236328125
2026-02-12,492.51080322265625
2026-02-13,493.1181335449219
2026-02-17,493.6856384277344
2026-02-18,494.8305969238281
2026-02-19,492.2220458984375
2026-02-20,494.5278015136719
2026-02-23,486.4830627441406
2026-02-24,490.25128173828125
2026-02-25,493.27178955078125
2026-02-26,493.3116455078125
2026-02-27,488.1278991699219
2026-03-02,487.6494140625
2026-03-03,484.0008544921875
2026-03-04,486.2138977050781
2026-03-05,478.3386535644531
2026-03-06,473.7430725097656
2026-03-09,476.384765625
2026-03-10,476.205322265625
2026-03-11,473.32440185546875
2026-03-12,466.0173034667969
2026-03-13,464.9506530761719
2026-03-16,468.8284606933594
2026-03-17,469.4266052246094
2026-03-18,461.55133056640625
2026-03-19,459.6174011230469
2026-03-20,455.4454650878906
2026-03-23,461.51953125
2026-03-24,460.7203369140625
2026-03-25,463.68743896484375
2026-03-26,458.8621520996094
2026-03-27,450.94989013671875
2026-03-30,451.61920166015625
2026-03-31,462.73834228515625
2026-04-01,465.026123046875
2026-04-02,464.6065368652344
2026-04-06,466.3148498535156
2026-04-07,465.4257507324219
2026-04-08,478.6927795410156
2026-04-09,481.43011474609375
2026-04-10,478.7826843261719
2026-04-13,481.6598815917969
2026-04-14,485.0166015625
2026-04-15,484.24737548828125
2026-04-16,485.1564636230469
2026-04-17,493.9476318359375
2026-04-20,494.05755615234375
2026-04-21,491.0892028808594
2026-04-22,494.4873352050781
2026-04-23,492.7283020019531
2026-04-24,491.938720703125
2026-04-27,491.5589294433594
2026-04-28,491.1492004394531
2026-04-29,488.40069580078125
2026-04-30,496.37628173828125
2026-05-01,494.7471923828125
2026-05-04,489.2901916503906
2026-05-05,492.6883239746094
2026-05-06,498.77496337890625
2026-05-07,495.63671875
2026-05-08,495.8565979003906
2026-05-11,496.8360290527344
2026-05-12,497.6156311035156
2026-05-13,496.86602783203125
2026-05-14,500.52398681640625
2026-05-15,495.3699951171875
2026-05-18,497.010009765625
2026-05-19,493.9800109863281
2026-05-20,500.239990234375
2026-05-21,503.1099853515625
2026-05-22,506.1199951171875
2026-05-26,505.25
2026-05-27,506.8800048828125
2026-05-28,507.04998779296875
2026-05-29,510.7799987792969
