date,close
2005-01-03,33.6529426574707
2005-01-04,33.03952407836914
2005-01-05,32.83506774902344
2005-01-06,32.67314910888672
2005-01-07,32.843563079833984
2005-01-10,32.82652282714844
2005-01-11,32.59649658203125
2005-01-12,32.869144439697266
2005-01-13,32.434627532958984
2005-01-14,32.7413444519043
2005-01-18,32.98843002319336
2005-01-19,32.443153381347656
2005-01-20,31.821195602416992
2005-01-21,31.565610885620117
2005-01-24,31.122591018676758
2005-01-25,31.275930404663086
2005-01-26,31.65081214904785
2005-01-27,31.608190536499023
2005-01-28,31.454877853393555
2005-01-31,31.863807678222656
2005-02-01,31.966032028198242
2005-02-02,32.01715850830078
2005-02-03,31.65081214904785
2005-02-04,32.1619987487793
2005-02-07,32.09384536743164
2005-02-08,32.153465270996094
2005-02-09,31.61672592163086
2005-02-10,31.65081214904785
2005-02-11,32.119388580322266
2005-02-14,32.26422882080078
2005-02-15,32.47720718383789
2005-02-16,32.35792922973633
2005-02-17,31.923437118530273
2005-02-18,31.821195602416992
2005-02-22,31.429304122924805
2005-02-23,31.471904754638672
2005-02-24,31.872329711914062
2005-02-25,32.05125045776367
2005-02-28,31.710445404052734
2005-03-01,32.05976867675781
2005-03-02,32.042724609375
2005-03-03,31.778606414794922
2005-03-04,31.966032028198242
2005-03-07,32.426109313964844
2005-03-08,32.102378845214844
2005-03-09,32.008628845214844
2005-03-10,31.966032028198242
2005-03-11,31.6678466796875
2005-03-14,31.812685012817383
2005-03-15,31.55711555480957
2005-03-16,31.199256896972656
2005-03-17,31.275930404663086
2005-03-18,31.10554313659668
2005-03-21,31.165170669555664
2005-03-22,30.781801223754883
2005-03-23,30.89254379272461
2005-03-24,30.90108871459961
2005-03-28,30.960718154907227
2005-03-29,30.71364402770996
2005-03-30,31.292980194091797
2005-03-31,31.156654357910156
2005-04-01,30.841432571411133
2005-04-04,31.062946319580078
2005-04-05,31.148168563842773
2005-04-06,31.097009658813477
2005-04-07,31.471904754638672
2005-04-08,31.21630096435547
2005-04-11,31.079986572265625
2005-04-12,31.23333740234375
2005-04-13,30.72215461730957
2005-04-14,30.287656784057617
2005-04-15,29.597551345825195
2005-04-18,29.6060733795166
2005-04-19,29.81053924560547
2005-04-20,29.563465118408203
2005-04-21,30.347280502319336
2005-04-22,29.895750045776367
2005-04-25,30.142822265625
2005-04-26,29.861658096313477
2005-04-27,29.904268264770508
2005-04-28,29.6060733795166
2005-04-29,29.80202293395996
2005-05-02,29.92130470275879
2005-05-03,30.074663162231445
2005-05-04,30.44101333618164
2005-05-05,30.466571807861328
2005-05-06,30.551759719848633
2005-05-09,30.696592330932617
2005-05-10,30.475095748901367
2005-05-11,30.62844467163086
2005-05-12,30.543245315551758
2005-05-13,30.875513076782227
2005-05-16,31.079986572265625
2005-05-17,31.267419815063477
2005-05-18,31.69340705871582
2005-05-19,31.957521438598633
2005-05-20,32.085296630859375
2005-05-23,32.2471923828125
2005-05-24,32.349430084228516
2005-05-25,32.213130950927734
2005-05-26,32.53685760498047
2005-05-27,32.55388641357422
2005-05-31,32.443153381347656
2005-06-01,32.707275390625
2005-06-02,32.93729019165039
2005-06-03,32.460182189941406
2005-06-06,32.46870422363281
2005-06-07,32.19607925415039
2005-06-08,32.127906799316406
2005-06-09,32.33237075805664
2005-06-10,31.991596221923828
2005-06-13,32.144962310791016
2005-06-14,32.01715850830078
2005-06-15,32.119388580322266
2005-06-16,32.28980255126953
2005-06-17,32.29404067993164
2005-06-20,32.29404067993164
2005-06-21,32.277000427246094
2005-06-22,32.24289321899414
2005-06-23,31.884719848632812
2005-06-24,31.526565551757812
2005-06-27,31.3815975189209
2005-06-28,31.6800594329834
2005-06-29,31.611845016479492
2005-06-30,31.36454963684082
2005-07-01,31.321903228759766
2005-07-05,31.64595603942871
2005-07-06,31.492456436157227
2005-07-07,31.60333251953125
2005-07-08,32.20876693725586
2005-07-11,32.507240295410156
2005-07-12,32.660743713378906
2005-07-13,32.737510681152344
2005-07-14,33.061546325683594
2005-07-15,33.163856506347656
2005-07-18,33.02742004394531
2005-07-19,33.41117858886719
2005-07-20,33.649940490722656
2005-07-21,33.658485412597656
2005-07-22,33.6158332824707
2005-07-25,33.48792266845703
2005-07-26,33.6158332824707
2005-07-27,33.87167739868164
2005-07-28,34.03368377685547
2005-07-29,33.752288818359375
2005-08-01,33.81196212768555
2005-08-02,34.17866516113281
2005-08-03,34.16160202026367
2005-08-04,33.82902145385742
2005-08-05,33.66697692871094
2005-08-08,33.419700622558594
2005-08-09,33.641422271728516
2005-08-10,33.35148239135742
2005-08-11,33.624366760253906
2005-08-12,33.43675231933594
2005-08-15,33.641422271728516
2005-08-16,33.09565734863281
2005-08-17,33.29179763793945
2005-08-18,33.12122344970703
2005-08-19,33.10417556762695
2005-08-22,33.12122344970703
2005-08-23,33.02742004394531
2005-08-24,32.83129119873047
2005-08-25,32.908042907714844
2005-08-26,32.797183990478516
2005-08-29,33.05298614501953
2005-08-30,32.933616638183594
2005-08-31,33.240604400634766
2005-09-01,33.189456939697266
2005-09-02,33.061546325683594
2005-09-06,33.5476188659668
2005-09-07,33.6072998046875
2005-09-08,33.59878921508789
2005-09-09,33.786380767822266
2005-09-12,33.880157470703125
2005-09-13,33.79492950439453
2005-09-14,33.41117858886719
2005-09-15,33.39411544799805
2005-09-16,33.59878921508789
2005-09-19,33.33441162109375
2005-09-20,33.197959899902344
2005-09-21,32.83129119873047
2005-09-22,32.95066833496094
2005-09-23,33.04449462890625
2005-09-26,33.05298614501953
2005-09-27,32.976261138916016
2005-09-28,32.984806060791016
2005-09-29,33.42823028564453
2005-09-30,33.649940490722656
2005-10-03,33.7352180480957
2005-10-04,33.51348876953125
2005-10-05,33.05298614501953
2005-10-06,32.618099212646484
2005-10-07,32.69483184814453
2005-10-10,32.5157585144043
2005-10-11,32.3537483215332
2005-10-12,31.96999740600586
2005-10-13,32.21729278564453
2005-10-14,32.45608139038086
2005-10-17,32.558406829833984
2005-10-18,32.32816696166992
2005-10-19,32.976261138916016
2005-10-20,32.66926193237305
2005-10-21,32.873924255371094
2005-10-24,33.39411544799805
2005-10-25,33.266204833984375
2005-10-26,33.09565734863281
2005-10-27,32.430511474609375
2005-10-28,32.67779541015625
2005-10-31,33.146827697753906
2005-11-01,33.12122344970703
2005-11-02,33.55614471435547
2005-11-03,34.05928039550781
2005-11-04,34.17866516113281
2005-11-07,34.22128677368164
2005-11-08,34.22981262207031
2005-11-09,34.24687194824219
2005-11-10,34.6220817565918
2005-11-11,34.71590805053711
2005-11-14,34.71590805053711
2005-11-15,34.553871154785156
2005-11-16,34.767059326171875
2005-11-17,35.227542877197266
2005-11-18,35.34693908691406
2005-11-21,35.43221664428711
2005-11-22,35.56012725830078
2005-11-23,35.64541244506836
2005-11-25,35.72215270996094
2005-11-28,35.42366409301758
2005-11-29,35.253108978271484
2005-11-30,35.167850494384766
2005-12-01,35.82448196411133
2005-12-02,35.90975570678711
2005-12-05,35.64541244506836
2005-12-06,35.764793395996094
2005-12-07,35.696571350097656
2005-12-08,35.44074630737305
2005-12-09,35.577186584472656
2005-12-12,35.70511245727539
2005-12-13,35.850074768066406
2005-12-14,35.730682373046875
2005-12-15,35.790382385253906
2005-12-16,35.5433349609375
2005-12-19,34.979148864746094
2005-12-20,35.004791259765625
2005-12-21,35.15865707397461
2005-12-22,35.38945388793945
2005-12-23,35.38945388793945
2005-12-27,35.08172607421875
2005-12-28,35.03899383544922
2005-12-29,34.80819320678711
2005-12-30,34.543190002441406
2006-01-03,35.31251525878906
2006-01-04,35.68010711669922
2006-01-05,35.833953857421875
2006-01-06,36.48363494873047
2006-01-09,36.62895202636719
2006-01-10,36.65457534790039
2006-01-11,36.93669891357422
2006-01-12,36.75716018676758
2006-01-13,36.74006652832031
2006-01-17,36.5007209777832
2006-01-18,36.08186340332031
2006-01-19,36.34686279296875
2006-01-20,35.26122283935547
2006-01-23,35.2697868347168
2006-01-24,35.423648834228516
2006-01-25,35.2697868347168
2006-01-26,35.51769256591797
2006-01-27,35.996376037597656
2006-01-30,36.06475067138672
2006-01-31,35.90235137939453
2006-02-01,36.030574798583984
2006-02-02,35.41511535644531
2006-02-03,34.979148864746094
2006-02-06,34.8851318359375
2006-02-07,34.731258392333984
2006-02-08,35.13300323486328
2006-02-09,34.79965591430664
2006-02-10,35.013343811035156
2006-02-13,34.61156463623047
2006-02-14,34.96206283569336
2006-02-15,35.18431854248047
2006-02-16,35.509117126464844
2006-02-17,35.22705841064453
2006-02-21,34.83382797241211
2006-02-22,35.2697868347168
2006-02-23,35.17576217651367
2006-02-24,35.2697868347168
2006-02-27,35.66300582885742
2006-02-28,35.13300323486328
2006-03-01,35.61170959472656
2006-03-02,35.637359619140625
2006-03-03,35.43220520019531
2006-03-06,35.12447738647461
2006-03-07,34.9193115234375
2006-03-08,34.93640899658203
2006-03-09,34.63722610473633
2006-03-10,34.67141342163086
2006-03-13,34.77399826049805
2006-03-14,35.363807678222656
2006-03-15,35.66300582885742
2006-03-16,35.363807678222656
2006-03-17,35.457054138183594
2006-03-20,35.542606353759766
2006-03-21,35.16621017456055
2006-03-22,35.25177001953125
2006-03-23,35.14912796020508
2006-03-24,35.3287467956543
2006-03-27,35.337303161621094
2006-03-28,35.19187927246094
2006-03-29,35.85911178588867
2006-03-30,35.97031784057617
2006-03-31,35.867637634277344
2006-04-03,35.910438537597656
2006-04-04,36.10719299316406
2006-04-05,36.44934844970703
2006-04-06,36.5519905090332
2006-04-07,36.20127487182617
2006-04-10,36.14995193481445
2006-04-11,35.85911178588867
2006-04-12,35.867637634277344
2006-04-13,36.0130729675293
2006-04-17,35.636695861816406
2006-04-18,36.32102584838867
2006-04-19,36.48356246948242
2006-04-20,36.35524368286133
2006-04-21,35.927555084228516
2006-04-24,35.8933219909668
2006-04-25,35.81631851196289
2006-04-26,35.807777404785156
2006-04-27,36.14995193481445
2006-04-28,35.79924774169922
2006-05-01,35.44851303100586
2006-05-02,35.542606353759766
2006-05-03,35.491275787353516
2006-05-04,35.78211212158203
2006-05-05,36.064388275146484
2006-05-08,36.09861755371094
2006-05-09,35.96175765991211
2006-05-10,35.6452522277832
2006-05-11,34.849708557128906
2006-05-12,34.379241943359375
2006-05-15,34.353553771972656
2006-05-16,34.096954345703125
2006-05-17,33.63502883911133
2006-05-18,33.404052734375
2006-05-19,33.66069030761719
2006-05-22,33.33563232421875
2006-05-23,33.01057052612305
2006-05-24,33.23297119140625
2006-05-25,33.66923522949219
2006-05-26,33.78044891357422
2006-05-30,33.053340911865234
2006-05-31,33.20731735229492
2006-06-01,33.994285583496094
2006-06-02,33.90876388549805
2006-06-05,33.173095703125
2006-06-06,33.147438049316406
2006-06-07,32.89936447143555
2006-06-08,32.84804916381836
2006-06-09,32.63417053222656
2006-06-12,31.99260902404785
2006-06-13,31.864315032958984
2006-06-14,32.18936538696289
2006-06-15,33.0618896484375
2006-06-16,32.81876754760742
2006-06-19,32.55343246459961
2006-06-20,32.59621810913086
2006-06-21,33.109825134277344
2006-06-22,32.690372467041016
2006-06-23,32.65614700317383
2006-06-26,32.74174880981445
2006-06-27,32.125431060791016
2006-06-28,32.3651123046875
2006-06-29,33.34949493408203
2006-06-30,33.18687057495117
2006-07-03,33.38374328613281
2006-07-05,32.65614700317383
2006-07-06,32.621910095214844
2006-07-07,32.26238250732422
2006-07-10,31.979909896850586
2006-07-11,32.219600677490234
2006-07-12,31.611845016479492
2006-07-13,31.08112907409668
2006-07-14,30.764406204223633
2006-07-17,30.841432571411133
2006-07-18,30.94416046142578
2006-07-19,31.346467971801758
2006-07-20,30.884248733520508
2006-07-21,30.558961868286133
2006-07-24,31.166730880737305
2006-07-25,31.346467971801758
2006-07-26,31.32080078125
2006-07-27,31.115346908569336
2006-07-28,31.765914916992188
2006-07-31,31.757343292236328
2006-08-01,31.226633071899414
2006-08-02,31.577592849731445
2006-08-03,31.77446174621582
2006-08-04,31.62895965576172
2006-08-07,31.423526763916016
2006-08-08,31.226633071899414
2006-08-09,31.269437789916992
2006-08-10,31.49199104309082
2006-08-11,31.269437789916992
2006-08-14,31.474878311157227
2006-08-15,32.27095413208008
2006-08-16,33.032798767089844
2006-08-17,33.15264892578125
2006-08-18,33.20398712158203
2006-08-21,32.887264251708984
2006-08-22,32.895816802978516
2006-08-23,32.64759063720703
2006-08-24,32.74174880981445
2006-08-25,32.801658630371094
2006-08-28,33.04990768432617
2006-08-29,33.15264892578125
2006-08-30,33.30670928955078
2006-08-31,33.272464752197266
2006-09-01,33.45222473144531
2006-09-05,33.77750778198242
2006-09-06,33.10126495361328
2006-09-07,32.94718551635742
2006-09-08,33.144073486328125
2006-09-11,33.34949493408203
2006-09-12,33.965816497802734
2006-09-13,34.196956634521484
2006-09-14,34.231178283691406
2006-09-15,34.3536491394043
2006-09-18,34.36222457885742
2006-09-19,34.13096618652344
2006-09-20,34.627708435058594
2006-09-21,34.41361999511719
2006-09-22,34.14809799194336
2006-09-25,34.74763107299805
2006-09-26,34.91893005371094
2006-09-27,34.87611389160156
2006-09-28,34.970333099365234
2006-09-29,34.816139221191406
2006-10-02,34.37934112548828
2006-10-03,34.524959564208984
2006-10-04,35.37286376953125
2006-10-05,35.544166564941406
2006-10-06,35.467079162597656
2006-10-09,35.58699417114258
2006-10-10,35.64695739746094
2006-10-11,35.57843780517578
2006-10-12,36.143699645996094
2006-10-13,36.3406982421875
2006-10-16,36.37496566772461
2006-10-17,35.97241973876953
2006-10-18,35.80110549926758
2006-10-19,35.88675308227539
2006-10-20,35.97241973876953
2006-10-23,36.3406982421875
2006-10-24,36.09232711791992
2006-10-25,36.3406982421875
2006-10-26,36.67474365234375
2006-10-27,36.15228271484375
2006-10-30,36.383522033691406
2006-10-31,36.46917724609375
2006-11-01,35.97241973876953
2006-11-02,36.00667953491211
2006-11-03,35.91244888305664
2006-11-06,36.43490982055664
2006-11-07,36.68328857421875
2006-11-08,36.85457992553711
2006-11-09,36.68328857421875
2006-11-10,36.85457992553711
2006-11-13,37.2314567565918
2006-11-14,37.62544250488281
2006-11-15,37.77959060668945
2006-11-16,37.942325592041016
2006-11-17,37.942325592041016
2006-11-20,38.01941680908203
2006-11-21,38.0708122253418
2006-11-22,38.31062316894531
2006-11-24,38.24209976196289
2006-11-27,37.377052307128906
2006-11-28,37.48838806152344
2006-11-29,37.745338439941406
2006-11-30,37.71965026855469
2006-12-01,37.394168853759766
2006-12-04,37.908084869384766
2006-12-05,38.045108795166016
2006-12-06,37.908084869384766
2006-12-07,37.428436279296875
2006-12-08,37.59974670410156
2006-12-11,37.73677444458008
2006-12-12,37.51409912109375
2006-12-13,37.58260726928711
2006-12-14,38.00226593017578
2006-12-15,38.10003662109375
2006-12-18,37.722740173339844
2006-12-19,37.60268783569336
2006-12-20,37.46547317504883
2006-12-21,37.19963073730469
2006-12-22,36.813751220703125
2006-12-26,36.968109130859375
2006-12-27,37.156761169433594
2006-12-28,36.976680755615234
2006-12-29,37.010986328125
2007-01-03,37.079593658447266
2007-01-04,37.782752990722656
2007-01-05,37.60268783569336
2007-01-08,37.62840270996094
2007-01-09,37.817054748535156
2007-01-10,38.26298141479492
2007-01-11,38.657432556152344
2007-01-12,38.85466766357422
2007-01-16,38.828941345214844
2007-01-17,38.51165771484375
2007-01-18,37.799903869628906
2007-01-19,37.87709045410156
2007-01-22,37.46547317504883
2007-01-23,37.37114715576172
2007-01-24,37.98856735229492
2007-01-25,37.4997673034668
2007-01-26,37.362571716308594
2007-01-29,37.3968620300293
2007-01-30,37.41400909423828
2007-01-31,37.79134750366211
2007-02-01,37.73128890991211
2007-02-02,37.86851501464844
2007-02-05,37.8342170715332
2007-02-06,37.782752990722656
2007-02-07,38.125770568847656
2007-02-08,38.11720275878906
2007-02-09,37.62840270996094
2007-02-12,37.48262405395508
2007-02-13,37.61124801635742
2007-02-14,38.2458381652832
2007-02-15,38.46878433227539
2007-02-16,38.34016418457031
2007-02-20,38.631717681884766
2007-02-21,38.75175094604492
2007-02-22,38.948997497558594
2007-02-23,38.81178283691406
2007-02-26,38.623130798339844
2007-02-27,37.036712646484375
2007-02-28,37.156761169433594
2007-03-01,36.985260009765625
2007-03-02,36.4278564453125
2007-03-05,36.144874572753906
2007-03-06,36.745140075683594
2007-03-07,36.599361419677734
2007-03-08,36.84804153442383
2007-03-09,36.813751220703125
2007-03-12,37.05386734008789
2007-03-13,36.333534240722656
2007-03-14,36.865203857421875
2007-03-15,36.77944564819336
2007-03-16,36.75112533569336
2007-03-19,37.1286735534668
2007-03-20,37.39468002319336
2007-03-21,38.11547088623047
2007-03-22,37.97816467285156
2007-03-23,37.85804748535156
2007-03-26,38.012481689453125
2007-03-27,37.746498107910156
2007-03-28,37.34320831298828
2007-03-29,37.386112213134766
2007-03-30,37.35177230834961
2007-04-02,37.40327453613281
2007-04-03,37.8923454284668
2007-04-04,38.04682540893555
2007-04-05,38.235599517822266
2007-04-09,38.14121627807617
2007-04-10,38.338565826416016
2007-04-11,37.935272216796875
2007-04-12,38.235599517822266
2007-04-13,38.312828063964844
2007-04-16,38.66461944580078
2007-04-17,38.750465393066406
2007-04-18,38.62171936035156
2007-04-19,38.74186325073242
2007-04-20,38.95637893676758
2007-04-23,39.016441345214844
2007-04-24,39.21380615234375
2007-04-25,39.73721694946289
2007-04-26,39.94314956665039
2007-04-27,39.960323333740234
2007-04-30,39.4368896484375
2007-05-01,39.40258026123047
2007-05-02,39.83158874511719
2007-05-03,39.97746276855469
2007-05-04,40.01179122924805
2007-05-07,40.01179122924805
2007-05-08,40.097599029541016
2007-05-09,40.18341827392578
2007-05-10,39.6342658996582
2007-05-11,40.14049530029297
2007-05-14,39.865936279296875
2007-05-15,39.55702209472656
2007-05-16,39.94314956665039
2007-05-17,39.754356384277344
2007-05-18,40.080448150634766
2007-05-21,40.33784103393555
2007-05-22,40.372196197509766
2007-05-23,40.18341827392578
2007-05-24,39.608497619628906
2007-05-25,39.85734558105469
2007-05-29,40.1662483215332
2007-05-30,40.49232864379883
2007-05-31,40.681095123291016
2007-06-01,40.70684051513672
2007-06-04,40.826961517333984
2007-06-05,40.826961517333984
2007-06-06,40.38936233520508
2007-06-07,39.762962341308594
2007-06-08,40.252044677734375
2007-06-11,40.17483901977539
2007-06-12,39.93457794189453
2007-06-13,40.372196197509766
2007-06-14,40.63819122314453
2007-06-15,41.01346206665039
2007-06-18,41.02205276489258
2007-06-19,41.01346206665039
2007-06-20,40.62703323364258
2007-06-21,40.99628448486328
2007-06-22,40.609840393066406
2007-06-25,40.438114166259766
2007-06-26,40.206241607666016
2007-06-27,40.82452392578125
2007-06-28,40.80735778808594
2007-06-29,40.876060485839844
2007-07-02,41.24532699584961
2007-07-03,41.48577117919922
2007-07-05,41.78632736206055
2007-07-06,41.95806884765625
2007-07-09,41.98384094238281
2007-07-10,41.631744384765625
2007-07-11,41.91511535644531
2007-07-12,42.559200286865234
2007-07-13,42.85115432739258
2007-07-16,42.8082275390625
2007-07-17,43.13453674316406
2007-07-18,43.083030700683594
2007-07-19,43.21182632446289
2007-07-20,42.97997283935547
2007-07-23,42.99714660644531
2007-07-24,42.36167907714844
2007-07-25,42.42177963256836
2007-07-26,42.06113815307617
2007-07-27,41.21095275878906
2007-07-30,41.69185256958008
2007-07-31,40.81593704223633
2007-08-01,41.1336669921875
2007-08-02,41.511539459228516
2007-08-03,40.72148132324219
2007-08-06,41.19377899169922
2007-08-07,41.48577117919922
2007-08-08,41.9409065246582
2007-08-09,40.97052001953125
2007-08-10,40.601253509521484
2007-08-13,40.876060485839844
2007-08-14,40.180484771728516
2007-08-15,39.41620635986328
2007-08-16,39.02978515625
2007-08-17,39.76828384399414
2007-08-20,39.95720672607422
2007-08-21,40.37798309326172
2007-08-22,40.92757797241211
2007-08-23,40.81593704223633
2007-08-24,41.391319274902344
2007-08-27,41.11650848388672
2007-08-28,40.13753128051758
2007-08-29,41.28826904296875
2007-08-30,41.50293731689453
2007-08-31,41.96665954589844
2007-09-04,42.662235260009766
2007-09-05,42.23286437988281
2007-09-06,42.19850158691406
2007-09-07,41.41706466674805
2007-09-10,41.391319274902344
2007-09-11,42.018184661865234
2007-09-12,42.0267448425293
2007-09-13,42.23286437988281
2007-09-14,42.267234802246094
2007-09-17,41.91511535644531
2007-09-18,42.97138214111328
2007-09-19,43.083030700683594
2007-09-20,42.96279525756836
2007-09-21,43.268680572509766
2007-09-24,43.46628189086914
2007-09-25,43.87868881225586
2007-09-26,44.0934944152832
2007-09-27,44.31687927246094
2007-09-28,44.17082214355469
2007-10-01,44.67774200439453
2007-10-02,44.68632507324219
2007-10-03,44.37702560424805
2007-10-04,44.480125427246094
2007-10-05,45.38227081298828
2007-10-08,45.665794372558594
2007-10-09,45.8634033203125
2007-10-10,45.975101470947266
2007-10-11,45.24480438232422
2007-10-12,45.99229049682617
2007-10-15,45.64002227783203
2007-10-16,45.42523956298828
2007-10-17,46.00946807861328
2007-10-18,46.20709991455078
2007-10-19,45.05577087402344
2007-10-22,45.597068786621094
2007-10-23,46.5507698059082
2007-10-24,46.1984977722168
2007-10-25,45.57988357543945
2007-10-26,46.335975646972656
2007-10-29,46.52499008178711
2007-10-30,46.6195182800293
2007-10-31,47.281063079833984
2007-11-01,46.3961067199707
2007-11-02,46.75696563720703
2007-11-05,46.45626449584961
2007-11-06,46.98036575317383
2007-11-07,45.8376350402832
2007-11-08,44.44575119018555
2007-11-09,42.95936584472656
2007-11-12,41.86819839477539
2007-11-13,43.595157623291016
2007-11-14,43.03668975830078
2007-11-15,42.8046989440918
2007-11-16,43.1999397277832
2007-11-19,42.701629638671875
2007-11-20,42.87344741821289
2007-11-21,42.36653137207031
2007-11-23,42.82188415527344
2007-11-26,42.08299255371094
2007-11-27,42.924983978271484
2007-11-28,44.230979919433594
2007-11-29,44.41997528076172
2007-11-30,44.08489227294922
2007-12-03,43.71544647216797
2007-12-04,43.5350227355957
2007-12-05,44.31687927246094
2007-12-06,44.95267105102539
2007-12-07,44.96126937866211
2007-12-10,45.14169692993164
2007-12-11,44.0934944152832
2007-12-12,44.48871994018555
2007-12-13,44.248138427734375
2007-12-14,43.79277038574219
2007-12-17,42.72737503051758
2007-12-18,42.864830017089844
2007-12-19,42.85626983642578
2007-12-20,43.73263168334961
2007-12-21,44.59528350830078
2007-12-24,44.930728912353516
2007-12-26,45.15435028076172
2007-12-27,44.61248779296875
2007-12-28,44.569480895996094
2007-12-31,44.05344772338867
2008-01-02,43.356773376464844
2008-01-03,43.53738784790039
2008-01-04,41.628021240234375
2008-01-07,41.43016815185547
2008-01-08,40.3550910949707
2008-01-09,41.21515655517578
2008-01-10,41.27537536621094
2008-01-11,40.46689987182617
2008-01-14,41.17216873168945
2008-01-15,40.03684997558594
2008-01-16,39.60680389404297
2008-01-17,39.05635452270508
2008-01-18,39.00475311279297
2008-01-22,37.998443603515625
2008-01-23,37.852237701416016
2008-01-24,38.62631607055664
2008-01-25,37.83504104614258
2008-01-28,38.12745666503906
2008-01-29,38.19627380371094
2008-01-30,38.161861419677734
2008-01-31,38.815528869628906
2008-02-01,39.211181640625
2008-02-04,38.66073226928711
2008-02-05,37.55982208251953
2008-02-06,36.820152282714844
2008-02-07,37.078182220458984
2008-02-08,37.49960708618164
2008-02-11,37.90385437011719
2008-02-12,37.6888313293457
2008-02-13,38.51449966430664
2008-02-14,37.81782913208008
2008-02-15,37.6888313293457
2008-02-19,37.620025634765625
2008-02-20,37.79201889038086
2008-02-21,37.43080139160156
2008-02-22,37.568424224853516
2008-02-25,37.757633209228516
2008-02-26,37.90385437011719
2008-02-27,38.09307861328125
2008-02-28,37.94684982299805
2008-02-29,36.94057083129883
2008-03-03,36.699729919433594
2008-03-04,36.90614700317383
2008-03-05,37.08675765991211
2008-03-06,36.26970291137695
2008-03-07,36.18368148803711
2008-03-10,35.48700714111328
2008-03-11,36.83734893798828
2008-03-12,36.73413848876953
2008-03-13,37.017967224121094
2008-03-14,36.3385009765625
2008-03-17,35.67623519897461
2008-03-18,37.267391204833984
2008-03-19,36.34710693359375
2008-03-20,37.089935302734375
2008-03-24,38.37245559692383
2008-03-25,38.58766174316406
2008-03-26,38.475738525390625
2008-03-27,37.62358856201172
2008-03-28,37.43423843383789
2008-03-31,37.63221740722656
2008-04-01,39.2418327331543
2008-04-02,39.15573501586914
2008-04-03,39.2418327331543
2008-04-04,39.47420883178711
2008-04-07,39.388153076171875
2008-04-08,39.08687973022461
2008-04-09,38.64788818359375
2008-04-10,39.19877624511719
2008-04-11,38.114227294921875
2008-04-14,37.94207763671875
2008-04-15,37.99371337890625
2008-04-16,39.052459716796875
2008-04-17,38.96636199951172
2008-04-18,40.205875396728516
2008-04-21,40.489906311035156
2008-04-22,39.887393951416016
2008-04-23,40.32635498046875
2008-04-24,40.68788528442383
2008-04-25,40.58460235595703
2008-04-28,40.66206741333008
2008-04-29,40.9719352722168
2008-04-30,40.63623809814453
2008-05-01,41.91876220703125
2008-05-02,41.9790153503418
2008-05-05,41.8585205078125
2008-05-06,42.11671829223633
2008-05-07,41.35066604614258
2008-05-08,41.660560607910156
2008-05-09,41.49700927734375
2008-05-12,42.25446701049805
2008-05-13,42.366355895996094
2008-05-14,42.271690368652344
2008-05-15,43.01192092895508
2008-05-16,43.04634094238281
2008-05-19,42.73649597167969
2008-05-20,42.40939712524414
2008-05-21,41.4711799621582
2008-05-22,41.61750793457031
2008-05-23,41.48836898803711
2008-05-27,42.22004318237305
2008-05-28,42.39218521118164
2008-05-29,42.77091598510742
2008-05-30,43.04634094238281
2008-06-02,42.52128601074219
2008-06-03,42.28889083862305
2008-06-04,42.831146240234375
2008-06-05,43.51116943359375
2008-06-06,42.20281982421875
2008-06-09,41.9790153503418
2008-06-10,41.78105163574219
2008-06-11,40.77395248413086
2008-06-12,40.8170051574707
2008-06-13,41.63471984863281
2008-06-16,42.004844665527344
2008-06-17,41.78105163574219
2008-06-18,41.33344268798828
2008-06-19,41.9790153503418
2008-06-20,40.84547424316406
2008-06-23,40.52677536010742
2008-06-24,40.320037841796875
2008-06-25,40.97467041015625
2008-06-26,39.32087707519531
2008-06-27,39.32087707519531
2008-06-30,38.90741729736328
2008-07-01,39.45867156982422
2008-07-02,38.51120376586914
2008-07-03,38.44228744506836
2008-07-07,38.67485046386719
2008-07-08,39.59650802612305
2008-07-09,38.54566192626953
2008-07-10,39.002166748046875
2008-07-11,38.38200759887695
2008-07-14,38.09774398803711
2008-07-15,38.10637283325195
2008-07-16,39.05385971069336
2008-07-17,39.3122673034668
2008-07-18,38.407833099365234
2008-07-21,38.57148361206055
2008-07-22,38.57148361206055
2008-07-23,39.07969284057617
2008-07-24,38.49397277832031
2008-07-25,38.99355697631836
2008-07-28,38.26141357421875
2008-07-29,39.05385971069336
2008-07-30,39.251976013183594
2008-07-31,39.15721893310547
2008-08-01,38.65763854980469
2008-08-04,38.27001953125
2008-08-05,39.56206130981445
2008-08-06,40.165008544921875
2008-08-07,39.85490798950195
2008-08-08,40.75935363769531
2008-08-11,41.12971115112305
2008-08-12,41.17277908325195
2008-08-13,41.086647033691406
2008-08-14,41.560394287109375
2008-08-15,41.48286819458008
2008-08-18,41.00051498413086
2008-08-19,40.49232482910156
2008-08-20,40.56122970581055
2008-08-21,40.37173080444336
2008-08-22,40.90576934814453
2008-08-25,40.04441452026367
2008-08-26,39.99272537231445
2008-08-27,40.251155853271484
2008-08-28,40.57845687866211
2008-08-29,39.725704193115234
2008-09-02,39.2347297668457
2008-09-03,38.86435317993164
2008-09-04,37.60676574707031
2008-09-05,37.425907135009766
2008-09-08,37.35698699951172
2008-09-09,36.564537048339844
2008-09-10,36.86600875854492
2008-09-11,37.55512237548828
2008-09-12,37.40865707397461
2008-09-15,36.24584197998047
2008-09-16,36.530086517333984
2008-09-17,34.63510513305664
2008-09-18,35.80655288696289
2008-09-19,36.9770393371582
2008-09-22,35.23595428466797
2008-09-23,34.968753814697266
2008-09-24,35.2100830078125
2008-09-25,35.770328521728516
2008-09-26,35.4083251953125
2008-09-29,32.598411560058594
2008-09-30,33.53791809082031
2008-10-01,33.18454360961914
2008-10-02,31.676128387451172
2008-10-03,31.184846878051758
2008-10-06,30.047094345092773
2008-10-07,28.1422061920166
2008-10-08,27.91811180114746
2008-10-09,27.16822624206543
2008-10-10,26.995830535888672
2008-10-13,30.279813766479492
2008-10-14,28.969663619995117
2008-10-15,26.375242233276367
2008-10-16,27.806053161621094
2008-10-17,27.84053611755371
2008-10-20,28.616270065307617
2008-10-21,27.133747100830078
2008-10-22,26.38386344909668
2008-10-23,26.280431747436523
2008-10-24,25.43573570251465
2008-10-27,24.728940963745117
2008-10-28,27.461275100708008
2008-10-29,27.392324447631836
2008-10-30,28.305980682373047
2008-10-31,28.349075317382812
2008-11-03,28.288742065429688
2008-11-04,29.090343475341797
2008-11-05,27.573333740234375
2008-11-06,26.340761184692383
2008-11-07,26.88377571105957
2008-11-10,26.521770477294922
2008-11-11,25.944276809692383
2008-11-12,24.746185302734375
2008-11-13,26.25457191467285
2008-11-14,24.978904724121094
2008-11-17,24.4531307220459
2008-11-18,24.42727279663086
2008-11-19,23.15159797668457
2008-11-20,22.031082153320312
2008-11-21,22.987829208374023
2008-11-24,24.392791748046875
2008-11-25,24.280736923217773
2008-11-26,25.29782485961914
2008-11-28,25.099576950073242
2008-12-01,23.211929321289062
2008-12-02,23.9876708984375
2008-12-03,24.668607711791992
2008-12-04,23.970439910888672
2008-12-05,24.944433212280273
2008-12-08,25.927030563354492
2008-12-09,25.866689682006836
2008-12-10,25.780500411987305
2008-12-11,25.07372283935547
2008-12-12,25.582260131835938
2008-12-15,25.13405990600586
2008-12-16,26.340761184692383
2008-12-17,26.0218505859375
2008-12-18,25.565017700195312
2008-12-19,25.7747745513916
2008-12-22,25.21370506286621
2008-12-23,25.08422088623047
2008-12-24,25.153274536132812
2008-12-26,25.144655227661133
2008-12-29,24.93747329711914
2008-12-30,25.45539665222168
2008-12-31,25.67119598388672
2009-01-02,26.784704208374023
2009-01-05,26.776081085205078
2009-01-06,27.043668746948242
2009-01-07,26.27542495727539
2009-01-08,26.5516357421875
2009-01-09,25.956045150756836
2009-01-12,25.481298446655273
2009-01-13,25.489919662475586
2009-01-14,24.713050842285156
2009-01-15,25.118759155273438
2009-01-16,25.39497184753418
2009-01-20,24.13471221923828
2009-01-21,25.16191291809082
2009-01-22,24.82526969909668
2009-01-23,24.94611167907715
2009-01-26,25.127384185791016
2009-01-27,25.308650970458984
2009-01-28,26.197738647460938
2009-01-29,25.5330810546875
2009-01-30,25.08422088623047
2009-02-02,25.386348724365234
2009-02-03,25.783401489257812
2009-02-04,25.81792640686035
2009-02-05,26.38763427734375
2009-02-06,27.07819175720215
2009-02-09,27.190401077270508
2009-02-10,26.189117431640625
2009-02-11,26.068267822265625
2009-02-12,26.38763427734375
2009-02-13,26.266794204711914
2009-02-17,25.222333908081055
2009-02-18,25.23960304260254
2009-02-19,24.851163864135742
2009-02-20,24.920228958129883
2009-02-23,24.04840087890625
2009-02-24,24.84254264831543
2009-02-25,24.678524017333984
2009-02-26,23.98797607421875
2009-02-27,23.763551712036133
2009-03-02,22.995309829711914
2009-03-03,22.978052139282227
2009-03-04,23.590917587280273
2009-03-05,22.883100509643555
2009-03-06,22.70182991027832
2009-03-09,22.218442916870117
2009-03-10,23.590917587280273
2009-03-11,23.953449249267578
2009-03-12,24.747589111328125
2009-03-13,24.80801010131836
2009-03-16,24.393674850463867
2009-03-17,25.317283630371094
2009-03-18,25.63666534423828
2009-03-19,25.619401931762695
2009-03-20,25.229459762573242
2009-03-23,26.716602325439453
2009-03-24,26.223773956298828
2009-03-25,26.344812393188477
2009-03-26,27.157554626464844
2009-03-27,26.647432327270508
2009-03-30,25.990324020385742
2009-03-31,26.215126037597656
2009-04-01,26.604198455810547
2009-04-02,27.460161209106445
2009-04-03,27.97028923034668
2009-04-06,27.9011173248291
2009-04-07,27.166196823120117
2009-04-08,27.624448776245117
2009-04-09,28.480424880981445
2009-04-13,28.43718719482422
2009-04-14,28.091337203979492
2009-04-15,28.013519287109375
2009-04-16,28.73980140686035
2009-04-17,28.800317764282227
2009-04-20,27.87519073486328
2009-04-21,28.264251708984375
2009-04-22,28.35072135925293
2009-04-23,28.62740707397461
2009-04-24,29.128875732421875
2009-04-27,29.163454055786133
2009-04-28,28.94731330871582
2009-04-29,29.34502601623535
2009-04-30,29.63898468017578
2009-05-01,29.716812133789062
2009-05-04,30.30476188659668
2009-05-05,30.27881622314453
2009-05-06,30.28744888305664
2009-05-07,29.578475952148438
2009-05-08,29.595766067504883
2009-05-11,29.69951820373535
2009-05-12,29.336380004882812
2009-05-13,28.549579620361328
2009-05-14,28.869491577148438
2009-05-15,28.852197647094727
2009-05-18,29.604406356811523
2009-05-19,29.742755889892578
2009-05-20,29.63898468017578
2009-05-21,29.094280242919922
2009-05-22,28.999187469482422
2009-05-26,30.07994842529297
2009-05-27,29.8724422454834
2009-05-28,30.21829605102539
2009-05-29,30.590085983276367
2009-06-01,31.46333885192871
2009-06-02,31.506559371948242
2009-06-03,31.411449432373047
2009-06-04,31.765960693359375
2009-06-05,31.800518035888672
2009-06-08,31.705432891845703
2009-06-09,31.94751739501953
2009-06-10,31.835102081298828
2009-06-11,31.835102081298828
2009-06-12,31.688135147094727
2009-06-15,31.039670944213867
2009-06-16,30.737056732177734
2009-06-17,31.031042098999023
2009-06-18,30.97051239013672
2009-06-19,31.302934646606445
2009-06-22,30.367998123168945
2009-06-23,30.29874038696289
2009-06-24,30.80948829650879
2009-06-25,31.415454864501953
2009-06-26,31.484716415405273
2009-06-29,31.553970336914062
2009-06-30,31.49336814880371
2009-07-01,31.510698318481445
2009-07-02,30.818143844604492
2009-07-06,30.653663635253906
2009-07-07,29.891870498657227
2009-07-08,30.04767417907715
2009-07-09,30.099639892578125
2009-07-10,30.229476928710938
2009-07-13,30.80948829650879
2009-07-14,30.922025680541992
2009-07-15,31.96084213256836
2009-07-16,32.34173583984375
2009-07-17,32.514869689941406
2009-07-20,32.82651901245117
2009-07-21,33.051605224609375
2009-07-22,33.328617095947266
2009-07-23,34.06442642211914
2009-07-24,33.80473327636719
2009-07-27,34.06442642211914
2009-07-28,33.830684661865234
2009-07-29,34.055782318115234
2009-07-30,34.25489044189453
2009-07-31,34.15099334716797
2009-08-03,34.66176223754883
2009-08-04,34.66176223754883
2009-08-05,34.39338684082031
2009-08-06,34.090396881103516
2009-08-07,34.52326202392578
2009-08-10,34.280860900878906
2009-08-11,33.986534118652344
2009-08-12,34.51458740234375
2009-08-13,34.70505142211914
2009-08-14,34.306827545166016
2009-08-17,33.31127166748047
2009-08-18,33.787418365478516
2009-08-19,34.02115249633789
2009-08-20,34.41937255859375
2009-08-21,34.87818145751953
2009-08-24,34.843563079833984
2009-08-25,34.94742965698242
2009-08-26,34.88680648803711
2009-08-27,34.973411560058594
2009-08-28,35.00802993774414
2009-08-31,34.653079986572266
2009-09-01,34.00383377075195
2009-09-02,33.977882385253906
2009-09-03,34.20295333862305
2009-09-04,34.93876266479492
2009-09-08,35.267730712890625
2009-09-09,35.570716857910156
2009-09-10,35.9083251953125
2009-09-11,35.94296646118164
2009-09-14,36.081459045410156
2009-09-15,36.193992614746094
2009-09-16,36.722068786621094
2009-09-17,36.71341323852539
2009-09-18,36.77494812011719
2009-09-21,36.88758087158203
2009-09-22,36.95691680908203
2009-09-23,36.783592224121094
2009-09-24,36.45432662963867
2009-09-25,36.13371658325195
2009-09-28,36.74894332885742
2009-09-29,36.58430862426758
2009-09-30,36.61030197143555
2009-10-01,35.527156829833984
2009-10-02,35.42317199707031
2009-10-05,35.709136962890625
2009-10-06,36.3416748046875
2009-10-07,36.44565963745117
2009-10-08,36.60161590576172
2009-10-09,36.809593200683594
2009-10-12,36.88758087158203
2009-10-13,36.89625549316406
2009-10-14,37.39881896972656
2009-10-15,37.31217956542969
2009-10-16,37.069549560546875
2009-10-19,37.442138671875
2009-10-20,37.45081329345703
2009-10-21,37.38149642944336
2009-10-22,37.5287971496582
2009-10-23,37.372840881347656
2009-10-26,37.25150680541992
2009-10-27,36.68828201293945
2009-10-28,35.86508560180664
2009-10-29,36.471656799316406
2009-10-30,35.492488861083984
2009-11-02,35.63980484008789
2009-11-03,35.75244903564453
2009-11-04,35.81309127807617
2009-11-05,36.69694519042969
2009-11-06,36.913570404052734
2009-11-09,37.70209884643555
2009-11-10,37.79744338989258
2009-11-11,38.040042877197266
2009-11-12,37.82342529296875
2009-11-13,38.13536834716797
2009-11-16,38.525291442871094
2009-11-17,38.64659881591797
2009-11-18,38.42999267578125
2009-11-19,37.83209228515625
2009-11-20,37.641448974609375
2009-11-23,38.248016357421875
2009-11-24,38.11803436279297
2009-11-25,38.28268051147461
2009-11-27,37.70209884643555
2009-11-30,37.74544143676758
2009-12-01,38.13536834716797
2009-12-02,38.1873664855957
2009-12-03,38.031375885009766
2009-12-04,38.23067855834961
2009-12-07,38.048702239990234
2009-12-08,37.81476593017578
2009-12-09,38.19602966308594
2009-12-10,38.38665008544922
2009-12-11,38.239356994628906
2009-12-14,38.603275299072266
2009-12-15,38.38665008544922
2009-12-16,38.43864440917969
2009-12-17,37.97072219848633
2009-12-18,38.589576721191406
2009-12-21,39.0235481262207
2009-12-22,39.25791931152344
2009-12-23,39.544342041015625
2009-12-24,39.908878326416016
2009-12-28,40.1171875
2009-12-29,39.95228576660156
2009-12-30,40.073814392089844
2009-12-31,39.70925521850586
2010-01-04,40.29079055786133
2010-01-05,40.29079055786133
2010-01-06,40.047752380371094
2010-01-07,40.073814392089844
2010-01-08,40.40360641479492
2010-01-11,40.238704681396484
2010-01-12,39.73530960083008
2010-01-13,40.230037689208984
2010-01-14,40.264739990234375
2010-01-15,39.796043395996094
2010-01-19,40.4383544921875
2010-01-20,39.8568000793457
2010-01-21,39.48360824584961
2010-01-22,38.32920455932617
2010-01-25,38.45939254760742
2010-01-26,38.49412155151367
2010-01-27,38.79789733886719
2010-01-28,37.79973602294922
2010-01-29,37.14009475708008
2010-02-01,37.54802322387695
2010-02-02,37.88653564453125
2010-02-03,38.094844818115234
2010-02-04,36.992530822753906
2010-02-05,37.30500411987305
2010-02-08,37.03593826293945
2010-02-09,37.41782760620117
2010-02-10,37.33972930908203
2010-02-11,37.90388488769531
2010-02-12,37.982017517089844
2010-02-16,38.46806716918945
2010-02-17,38.68506622314453
2010-02-18,38.928096771240234
2010-02-19,38.910728454589844
2010-02-22,38.832618713378906
2010-02-23,38.32920455932617
2010-02-24,38.719783782958984
2010-02-25,38.71108627319336
2010-02-26,38.849971771240234
2010-03-01,39.41413879394531
2010-03-02,39.535648345947266
2010-03-03,39.57905578613281
2010-03-04,39.70925521850586
2010-03-05,40.308162689208984
2010-03-08,40.38624572753906
2010-03-09,40.6119384765625
2010-03-10,40.94175720214844
2010-03-11,41.097991943359375
2010-03-12,41.106666564941406
2010-03-15,41.00252914428711
2010-03-16,41.26290512084961
2010-03-17,41.375732421875
2010-03-18,41.51461410522461
2010-03-19,41.26348876953125
2010-03-22,41.63713073730469
2010-03-23,41.923858642578125
2010-03-24,41.7240104675293
2010-03-25,41.663204193115234
2010-03-26,41.70663833618164
2010-03-29,41.906494140625
2010-03-30,42.0455207824707
2010-03-31,41.845664978027344
2010-04-01,41.845664978027344
2010-04-05,42.23666000366211
2010-04-06,42.35830307006836
2010-04-07,42.25404739379883
2010-04-08,42.34961700439453
2010-04-09,42.60158920288086
2010-04-12,42.63634490966797
2010-04-13,42.85356521606445
2010-04-14,43.36622619628906
2010-04-15,43.5573844909668
2010-04-16,43.036033630371094
2010-04-19,43.009971618652344
2010-04-20,43.2271842956543
2010-04-21,43.47047424316406
2010-04-22,43.713775634765625
2010-04-23,43.89623260498047
2010-04-26,43.800662994384766
2010-04-27,42.870941162109375
2010-04-28,42.89702224731445
2010-04-29,43.64426040649414
2010-04-30,42.78406524658203
2010-05-03,43.38359451293945
2010-05-04,42.08027267456055
2010-05-05,41.86302947998047
2010-05-06,40.46413803100586
2010-05-07,39.456207275390625
2010-05-10,41.506797790527344
2010-05-11,41.463356018066406
2010-05-12,42.24535369873047
2010-05-13,41.57630920410156
2010-05-14,40.77692413330078
2010-05-17,40.90726852416992
2010-05-18,40.34248352050781
2010-05-19,40.02099609375
2010-05-20,38.53521728515625
2010-05-21,38.96094512939453
2010-05-24,38.80453872680664
2010-05-25,38.83929443359375
2010-05-26,38.404869079589844
2010-05-27,39.855892181396484
2010-05-28,39.62130355834961
2010-06-01,39.256378173828125
2010-06-02,40.18608093261719
2010-06-03,40.56838607788086
2010-06-04,39.17818069458008
2010-06-07,38.4656867980957
2010-06-08,38.396175384521484
2010-06-09,38.07468795776367
2010-06-10,39.160804748535156
2010-06-11,39.53443145751953
2010-06-14,39.5257568359375
2010-06-15,40.585784912109375
2010-06-16,40.75086975097656
2010-06-17,40.881195068359375
2010-06-18,40.91515350341797
2010-06-21,40.56692123413086
2010-06-22,40.25353240966797
2010-06-23,40.088134765625
2010-06-24,39.47875213623047
2010-06-25,39.48661422729492
2010-06-28,39.347068786621094
2010-06-29,37.829349517822266
2010-06-30,37.25366973876953
2010-07-01,37.148983001708984
2010-07-02,37.044334411621094
2010-07-06,37.15769958496094
2010-07-07,38.34396743774414
2010-07-08,38.55331039428711
2010-07-09,38.91966247558594
2010-07-12,39.03305435180664
2010-07-13,39.5389518737793
2010-07-14,39.73957824707031
2010-07-15,39.77446365356445
2010-07-16,38.67544174194336
2010-07-19,39.006893157958984
2010-07-20,39.47788619995117
2010-07-21,38.937103271484375
2010-07-22,39.9227409362793
2010-07-23,40.17568588256836
2010-07-26,40.50713348388672
2010-07-27,40.48970413208008
2010-07-28,40.16696548461914
2010-07-29,39.87040328979492
2010-07-30,39.957637786865234
2010-08-02,40.70775604248047
2010-08-03,40.53331756591797
2010-08-04,40.94327163696289
2010-08-05,40.84733200073242
2010-08-06,40.7862548828125
2010-08-09,41.06538009643555
2010-08-10,40.70775604248047
2010-08-11,39.60000991821289
2010-08-12,39.28599548339844
2010-08-13,39.006893157958984
2010-08-16,39.076663970947266
2010-08-17,39.57384490966797
2010-08-18,39.7308349609375
2010-08-19,39.12900161743164
2010-08-20,39.181339263916016
2010-08-23,38.79755783081055
2010-08-24,38.073585510253906
2010-08-25,38.43992614746094
2010-08-26,37.97764205932617
2010-08-27,38.43992614746094
2010-08-30,38.03868103027344
2010-08-31,37.90784454345703
2010-09-01,39.04177474975586
2010-09-02,39.47788619995117
2010-09-03,40.1320686340332
2010-09-07,39.8616828918457
2010-09-08,40.3414192199707
2010-09-09,40.49842834472656
2010-09-10,40.646690368652344
2010-09-13,41.21367263793945
2010-09-14,41.38812255859375
2010-09-15,41.64978790283203
2010-09-16,41.815521240234375
2010-09-17,41.95714569091797
2010-09-20,42.69154357910156
2010-09-21,42.68281173706055
2010-09-22,42.56914520263672
2010-09-23,42.551666259765625
2010-09-24,43.41721725463867
2010-09-27,43.181156158447266
2010-09-28,43.163658142089844
2010-09-29,43.09373474121094
2010-09-30,42.90139389038086
2010-10-01,42.848915100097656
2010-10-04,42.38555145263672
2010-10-05,43.41721725463867
2010-10-06,43.0412712097168
2010-10-07,43.198631286621094
2010-10-08,43.49589538574219
2010-10-11,43.51339340209961
2010-10-12,43.810638427734375
2010-10-13,44.16911315917969
2010-10-14,44.08168029785156
2010-10-15,45.01716613769531
2010-10-18,44.85104751586914
2010-10-19,44.4313850402832
2010-10-20,44.75486373901367
2010-10-21,44.842308044433594
2010-10-22,45.1483039855957
2010-10-25,45.36687469482422
2010-10-26,45.489280700683594
2010-10-27,45.6291618347168
2010-10-28,45.725345611572266
2010-10-29,45.62041091918945
2010-11-01,45.6553955078125
2010-11-02,46.14500427246094
2010-11-03,46.35481262207031
2010-11-04,46.92311477661133
2010-11-05,46.92311477661133
2010-11-08,46.98431396484375
2010-11-09,46.730770111083984
2010-11-10,46.966835021972656
2010-11-11,46.66957473754883
2010-11-12,45.90895080566406
2010-11-15,45.734092712402344
2010-11-16,44.9821891784668
2010-11-17,45.11333465576172
2010-11-18,45.83900451660156
2010-11-19,45.87397003173828
2010-11-22,46.25864791870117
2010-11-23,45.52425003051758
2010-11-24,46.44224548339844
2010-11-26,46.13624954223633
2010-11-29,46.101280212402344
2010-11-30,45.5417366027832
2010-12-01,46.503448486328125
2010-12-02,46.9755744934082
2010-12-03,47.097965240478516
2010-12-06,47.080474853515625
2010-12-07,47.10671615600586
2010-12-08,47.28157424926758
2010-12-09,47.3253059387207
2010-12-10,47.64002990722656
2010-12-13,47.47391128540039
2010-12-14,47.561344146728516
2010-12-15,47.35152053833008
2010-12-16,47.71870803833008
2010-12-17,47.76076126098633
2010-12-20,47.79580307006836
2010-12-21,48.08489990234375
2010-12-22,48.07614517211914
2010-12-23,47.9534797668457
2010-12-27,47.97975540161133
2010-12-28,47.892173767089844
2010-12-29,47.99729919433594
2010-12-30,47.88340759277344
2010-12-31,47.70820999145508
2011-01-03,48.45283889770508
2011-01-04,48.417781829833984
2011-01-05,48.82951354980469
2011-01-06,48.98720169067383
2011-01-07,48.94339370727539
2011-01-10,49.12736511230469
2011-01-11,49.197444915771484
2011-01-12,49.5478515625
2011-01-13,49.56538009643555
2011-01-14,49.93329620361328
2011-01-18,50.07345962524414
2011-01-19,49.5040397644043
2011-01-20,49.15364456176758
2011-01-21,48.7769660949707
2011-01-24,49.45149612426758
2011-01-25,49.521568298339844
2011-01-26,49.784385681152344
2011-01-27,50.09099578857422
2011-01-28,48.82075500488281
2011-01-31,49.057273864746094
2011-02-01,49.97710418701172
2011-02-02,49.89826965332031
2011-02-03,49.985862731933594
2011-02-04,50.26620101928711
2011-02-07,50.50271987915039
2011-02-08,50.83559799194336
2011-02-09,50.74800109863281
2011-02-10,50.826839447021484
2011-02-11,51.19477462768555
2011-02-14,51.31742477416992
2011-02-15,51.247337341308594
2011-02-16,51.580230712890625
2011-02-17,51.56270217895508
2011-02-18,51.44880676269531
2011-02-22,49.95956802368164
2011-02-23,49.5478515625
2011-02-24,49.810665130615234
2011-02-25,50.50271987915039
2011-02-28,50.60783767700195
2011-03-01,49.79314422607422
2011-03-02,50.05594253540039
2011-03-03,51.04585266113281
2011-03-04,50.78305435180664
2011-03-07,50.09974670410156
2011-03-08,50.30122756958008
2011-03-09,49.95956802368164
2011-03-10,49.179927825927734
2011-03-11,49.48652648925781
2011-03-14,49.311317443847656
2011-03-15,48.610504150390625
2011-03-16,47.436649322509766
2011-03-17,47.8746452331543
2011-03-18,47.76674270629883
2011-03-21,48.687862396240234
2011-03-22,48.60013198852539
2011-03-23,48.87209701538086
2011-03-24,49.7405891418457
2011-03-25,49.86339569091797
2011-03-28,49.59144973754883
2011-03-29,50.07392883300781
2011-03-30,50.31079864501953
2011-03-31,50.3809700012207
2011-04-01,50.40730285644531
2011-04-04,50.24062728881836
2011-04-05,50.10903549194336
2011-04-06,50.231849670410156
2011-04-07,50.196754455566406
2011-04-08,49.95988845825195
2011-04-11,49.793212890625
2011-04-12,49.45108413696289
2011-04-13,49.872161865234375
2011-04-14,49.78444290161133
2011-04-15,49.69673156738281
2011-04-18,49.3458251953125
2011-04-19,49.65285873413086
2011-04-20,50.77574920654297
2011-04-21,51.179298400878906
2011-04-25,51.310890197753906
2011-04-26,51.600364685058594
2011-04-27,51.951271057128906
2011-04-28,51.872318267822266
2011-04-29,51.82847595214844
2011-05-02,51.731964111328125
2011-05-03,51.48632049560547
2011-05-04,51.407371520996094
2011-05-05,51.12664794921875
2011-05-06,51.29332733154297
2011-05-09,51.48632049560547
2011-05-10,51.924949645996094
2011-05-11,51.547725677490234
2011-05-12,51.854774475097656
2011-05-13,51.24069595336914
2011-05-16,50.35466384887695
2011-05-17,50.49502944946289
2011-05-18,50.91609191894531
2011-05-19,51.065242767333984
2011-05-20,50.67925262451172
2011-05-23,49.9335823059082
2011-05-24,49.626548767089844
2011-05-25,49.819541931152344
2011-05-26,50.12657165527344
2011-05-27,50.3809700012207
2011-05-31,51.196842193603516
2011-06-01,50.08270263671875
2011-06-02,50.187984466552734
2011-06-03,49.43354797363281
2011-06-06,49.030006408691406
2011-06-07,48.942291259765625
2011-06-08,48.59136199951172
2011-06-09,48.67909240722656
2011-06-10,47.93342590332031
2011-06-13,47.93342590332031
2011-06-14,48.54750442504883
2011-06-15,47.62639236450195
2011-06-16,47.44217300415039
2011-06-17,47.29357147216797
2011-06-20,47.53976058959961
2011-06-21,48.55965805053711
2011-06-22,48.20797348022461
2011-06-23,48.65638732910156
2011-06-24,47.812320709228516
2011-06-27,48.57725524902344
2011-06-28,49.2982177734375
2011-06-29,49.500423431396484
2011-06-30,50.15985870361328
2011-07-01,50.91598129272461
2011-07-05,51.17097091674805
2011-07-06,51.338016510009766
2011-07-07,52.04138946533203
2011-07-08,51.900726318359375
2011-07-11,50.959938049316406
2011-07-12,50.573097229003906
2011-07-13,50.784095764160156
2011-07-14,50.19501495361328
2011-07-15,50.863224029541016
2011-07-18,50.5906867980957
2011-07-19,51.74244689941406
2011-07-20,51.52265930175781
2011-07-21,51.86555099487305
2011-07-22,52.40187454223633
2011-07-25,52.296363830566406
2011-07-26,52.42826461791992
2011-07-27,51.07424545288086
2011-07-28,51.16216278076172
2011-07-29,50.995113372802734
2011-08-01,50.757728576660156
2011-08-02,49.47403335571289
2011-08-03,49.948848724365234
2011-08-04,47.62767791748047
2011-08-05,47.328731536865234
2011-08-08,44.48004913330078
2011-08-09,46.6253662109375
2011-08-10,44.71744155883789
2011-08-11,46.68690872192383
2011-08-12,47.10015106201172
2011-08-15,47.79473876953125
2011-08-16,47.390281677246094
2011-08-17,47.10894775390625
2011-08-18,44.79655838012695
2011-08-19,43.987667083740234
2011-08-22,44.145938873291016
2011-08-23,45.9659309387207
2011-08-24,46.326419830322266
2011-08-25,45.57029724121094
2011-08-26,46.713287353515625
2011-08-29,48.0145378112793
2011-08-30,48.33107376098633
2011-08-31,48.410186767578125
2011-09-01,47.9705810546875
2011-09-02,46.84516143798828
2011-09-06,46.853965759277344
2011-09-07,48.04091262817383
2011-09-08,47.821102142333984
2011-09-09,46.757240295410156
2011-09-12,47.35511016845703
2011-09-13,47.9881706237793
2011-09-14,48.673954010009766
2011-09-15,49.394935607910156
2011-09-16,49.84769058227539
2011-09-19,49.865299224853516
2011-09-20,49.64508819580078
2011-09-21,48.78183364868164
2011-09-22,47.196311950683594
2011-09-23,47.69838333129883
2011-09-26,48.25333023071289
2011-09-27,48.75542068481445
2011-09-28,48.033119201660156
2011-09-29,47.460575103759766
2011-09-30,46.23616027832031
2011-10-03,45.0470085144043
2011-10-04,45.97190856933594
2011-10-05,47.15225601196289
2011-10-06,47.94504165649414
2011-10-07,47.6279182434082
2011-10-10,49.27512741088867
2011-10-11,49.60984420776367
2011-10-12,49.85648727416992
2011-10-13,50.314537048339844
2011-10-14,51.248252868652344
2011-10-17,50.455467224121094
2011-10-18,51.080902099609375
2011-10-19,50.09431838989258
2011-10-20,49.84769058227539
2011-10-21,50.47309494018555
2011-10-24,51.521305084228516
2011-10-25,50.50833511352539
2011-10-26,50.44667053222656
2011-10-27,51.83841323852539
2011-10-28,51.917686462402344
2011-10-31,51.0456428527832
2011-11-01,49.71556091308594
2011-11-02,50.13835906982422
2011-11-03,51.17777633666992
2011-11-04,50.91351318359375
2011-11-07,51.2746696472168
2011-11-08,51.86485290527344
2011-11-09,50.0414924621582
2011-11-10,50.015052795410156
2011-11-11,50.95755386352539
2011-11-14,50.640472412109375
2011-11-15,51.20420837402344
2011-11-16,50.35858154296875
2011-11-17,49.178226470947266
2011-11-18,48.799461364746094
2011-11-21,47.86575698852539
2011-11-22,48.02431106567383
2011-11-23,46.94085693359375
2011-11-25,46.5797119140625
2011-11-28,48.20047378540039
2011-11-29,47.90100860595703
2011-11-30,49.67149353027344
2011-12-01,50.015052795410156
2011-12-02,49.87409591674805
2011-12-05,50.42024612426758
2011-12-06,50.279296875
2011-12-07,50.279296875
2011-12-08,49.4337043762207
2011-12-09,50.22645568847656
2011-12-12,49.66271209716797
2011-12-13,49.11656951904297
2011-12-14,48.3502311706543
2011-12-15,48.21811294555664
2011-12-16,48.466346740722656
2011-12-19,47.989288330078125
2011-12-20,49.41164779663086
2011-12-21,48.70487594604492
2011-12-22,49.12010955810547
2011-12-23,49.544166564941406
2011-12-27,49.728973388671875
2011-12-28,49.15422439575195
2011-12-29,49.50792694091797
2011-12-30,49.366424560546875
2012-01-03,50.31257629394531
2012-01-04,50.524776458740234
2012-01-05,50.94036865234375
2012-01-06,51.11720657348633
2012-01-09,50.949188232421875
2012-01-10,51.320587158203125
2012-01-11,51.42668914794922
2012-01-12,51.63005828857422
2012-01-13,51.44436264038086
2012-01-17,51.91300582885742
2012-01-18,52.602718353271484
2012-01-19,52.92987060546875
2012-01-20,52.85028839111328
2012-01-23,52.86798095703125
2012-01-24,52.770721435546875
2012-01-25,53.43387985229492
2012-01-26,53.248207092285156
2012-01-27,53.40735626220703
2012-01-30,53.451560974121094
2012-01-31,53.52231216430664
2012-02-01,53.95557403564453
2012-02-02,54.123573303222656
2012-02-03,54.86632537841797
2012-02-06,54.822120666503906
2012-02-07,54.93706512451172
2012-02-08,55.2288703918457
2012-02-09,55.62676239013672
2012-02-10,55.23770523071289
2012-02-13,55.75056457519531
2012-02-14,55.89202117919922
2012-02-15,55.50297927856445
2012-02-16,56.26341247558594
2012-02-17,56.0865592956543
2012-02-21,56.2457275390625
2012-02-22,55.98930358886719
2012-02-23,56.36067581176758
2012-02-24,56.55522155761719
2012-02-27,56.63478469848633
2012-02-28,57.209529876708984
2012-02-29,56.95311737060547
2012-03-01,57.40406799316406
2012-03-02,57.359840393066406
2012-03-05,56.767417907714844
2012-03-06,56.210357666015625
2012-03-07,56.643638610839844
2012-03-08,57.253746032714844
2012-03-09,57.49247741699219
2012-03-12,57.5190315246582
2012-03-13,58.58892059326172
2012-03-14,58.79228973388672
2012-03-15,58.96031188964844
2012-03-16,58.91868209838867
2012-03-19,59.33498001098633
2012-03-20,59.44125747680664
2012-03-21,59.45010757446289
2012-03-22,59.32612228393555
2012-03-23,59.29070281982422
2012-03-26,60.32699203491211
2012-03-27,60.41555404663086
2012-03-28,60.17641830444336
2012-03-29,59.94613265991211
2012-03-30,59.830955505371094
2012-04-02,60.45096969604492
2012-04-03,60.43327713012695
2012-04-04,59.60954666137695
2012-04-05,59.981563568115234
2012-04-09,59.52981948852539
2012-04-10,58.573238372802734
2012-04-11,58.856658935546875
2012-04-12,59.52981948852539
2012-04-13,58.62639236450195
2012-04-16,57.97093963623047
2012-04-17,59.14896774291992
2012-04-18,58.998390197753906
2012-04-19,58.334110260009766
2012-04-20,58.174686431884766
2012-04-23,57.64323425292969
2012-04-24,57.33323669433594
2012-04-25,58.856658935546875
2012-04-26,59.20212173461914
2012-04-27,59.55641555786133
2012-04-30,59.13127136230469
2012-05-01,59.22868728637695
2012-05-02,59.396968841552734
2012-05-03,58.76810073852539
2012-05-04,57.30665588378906
2012-05-07,57.35979461669922
2012-05-08,57.14720153808594
2012-05-09,56.97007751464844
2012-05-10,56.85494613647461
2012-05-11,56.846065521240234
2012-05-14,56.31464385986328
2012-05-15,56.12863540649414
2012-05-16,55.74776077270508
2012-05-17,54.56975173950195
2012-05-18,53.86117172241211
2012-05-21,55.36691665649414
2012-05-22,55.30490493774414
2012-05-23,55.41117858886719
2012-05-24,55.04804611206055
2012-05-25,54.977195739746094
2012-05-29,55.676910400390625
2012-05-30,55.20747375488281
2012-05-31,54.96833038330078
2012-06-01,53.506874084472656
2012-06-04,53.914302825927734
2012-06-05,54.135746002197266
2012-06-06,55.37577819824219
2012-06-07,55.15433883666992
2012-06-08,55.6857795715332
2012-06-11,54.74690628051758
2012-06-12,55.41117858886719
2012-06-13,55.030330657958984
2012-06-14,55.234039306640625
2012-06-15,55.920291900634766
2012-06-18,56.444068908691406
2012-06-19,57.02998733520508
2012-06-20,57.07438278198242
2012-06-21,55.65397644042969
2012-06-22,56.239898681640625
2012-06-25,55.15679931640625
2012-06-26,55.50304412841797
2012-06-27,55.840389251708984
2012-06-28,55.21895980834961
2012-06-29,56.9589729309082
2012-07-02,57.12764358520508
2012-07-03,57.6070442199707
2012-07-05,57.64255905151367
2012-07-06,56.9234619140625
2012-07-09,56.81692123413086
2012-07-10,56.25764083862305
2012-07-11,55.946929931640625
2012-07-12,55.42314529418945
2012-07-13,56.266517639160156
2012-07-16,56.106719970703125
2012-07-17,56.39967727661133
2012-07-18,57.16316223144531
2012-07-19,57.7934684753418
2012-07-20,57.02998733520508
2012-07-23,56.33754348754883
2012-07-24,55.893653869628906
2012-07-25,55.520790100097656
2012-07-26,56.25764083862305
2012-07-27,57.58928680419922
2012-07-30,57.544898986816406
2012-07-31,57.52715301513672
2012-08-01,57.35845947265625
2012-08-02,57.15428161621094
2012-08-03,58.23733901977539
2012-08-06,58.681236267089844
2012-08-07,59.169525146484375
2012-08-08,59.142879486083984
2012-08-09,59.3204460144043
2012-08-10,59.35595703125
2012-08-13,59.49798583984375
2012-08-14,59.52460479736328
2012-08-15,59.6755485534668
2012-08-16,60.38573455810547
2012-08-17,60.65205764770508
2012-08-20,60.74086380004883
2012-08-21,60.50115203857422
2012-08-22,60.74970626831055
2012-08-23,60.25257873535156
2012-08-24,60.625465393066406
2012-08-27,60.723114013671875
2012-08-28,60.723114013671875
2012-08-29,60.723114013671875
2012-08-30,60.110557556152344
2012-08-31,60.5100212097168
2012-09-04,60.44788360595703
2012-09-05,60.38573455810547
2012-09-06,61.72627258300781
2012-09-07,61.63749694824219
2012-09-10,60.84737777709961
2012-09-11,60.74970626831055
2012-09-12,60.927276611328125
2012-09-13,61.75291061401367
2012-09-14,62.303306579589844
2012-09-17,62.329959869384766
2012-09-18,62.383216857910156
2012-09-19,62.49863052368164
2012-09-20,62.43648910522461
2012-09-21,62.45430374145508
2012-09-24,62.0892448425293
2012-09-25,61.21678924560547
2012-09-26,60.71820068359375
2012-09-27,61.555091857910156
2012-09-28,61.047607421875
2012-10-01,60.95857620239258
2012-10-02,61.13665771484375
2012-10-03,61.528377532958984
2012-10-04,61.7420654296875
2012-10-05,61.41264724731445
2012-10-08,60.851768493652344
2012-10-09,59.88131332397461
2012-10-10,59.57862854003906
2012-10-11,59.39167022705078
2012-10-12,59.36497497558594
2012-10-15,59.80119323730469
2012-10-16,60.6469841003418
2012-10-17,60.61137390136719
2012-10-18,59.90803146362305
2012-10-19,58.474674224853516
2012-10-22,58.77735137939453
2012-10-23,58.216453552246094
2012-10-24,58.011714935302734
2012-10-25,58.011714935302734
2012-10-26,58.18086624145508
2012-10-31,57.82474899291992
2012-11-01,58.643802642822266
2012-11-02,58.02061080932617
2012-11-05,58.40342712402344
2012-11-06,58.51026916503906
2012-11-07,57.13032150268555
2012-11-08,56.23112106323242
2012-11-09,56.47148513793945
2012-11-12,56.462581634521484
2012-11-13,56.070858001708984
2012-11-14,55.41206741333008
2012-11-15,55.22507095336914
2012-11-16,55.465457916259766
2012-11-19,56.78309631347656
2012-11-20,56.800899505615234
2012-11-21,56.916648864746094
2012-11-23,57.780235290527344
2012-11-26,58.02950668334961
2012-11-27,57.833648681640625
2012-11-28,58.33220291137695
2012-11-29,58.6794319152832
2012-11-30,58.58150100708008
2012-12-03,58.46577072143555
2012-12-04,58.43014144897461
2012-12-05,57.780235290527344
2012-12-06,58.15414810180664
2012-12-07,57.80694580078125
2012-12-10,57.97608947753906
2012-12-11,58.73284149169922
2012-12-12,58.60820770263672
2012-12-13,58.145240783691406
2012-12-14,57.593265533447266
2012-12-17,58.35892868041992
2012-12-18,59.249210357666016
2012-12-19,58.991031646728516
2012-12-20,58.991031646728516
2012-12-21,58.370628356933594
2012-12-24,58.254234313964844
2012-12-26,57.743953704833984
2012-12-27,57.65442657470703
2012-12-28,57.0993537902832
2012-12-31,58.30795669555664
2013-01-02,60.16111373901367
2013-01-03,59.84780502319336
2013-01-04,59.65082931518555
2013-01-07,59.668766021728516
2013-01-08,59.55236053466797
2013-01-09,59.77616500854492
2013-01-10,60.1342658996582
2013-01-11,60.214820861816406
2013-01-14,59.94625473022461
2013-01-15,59.65082931518555
2013-01-16,59.89257049560547
2013-01-17,60.179046630859375
2013-01-18,60.044761657714844
2013-01-22,60.143218994140625
2013-01-23,60.510257720947266
2013-01-24,59.677696228027344
2013-01-25,59.98207473754883
2013-01-28,60.116371154785156
2013-01-29,60.125308990478516
2013-01-30,59.99999237060547
2013-01-31,59.86570358276367
2013-02-01,60.572959899902344
2013-02-04,59.51654815673828
2013-02-05,60.393890380859375
2013-02-06,60.19695281982422
2013-02-07,60.250640869140625
2013-02-08,60.86838912963867
2013-02-11,60.886295318603516
2013-02-12,60.63561248779297
2013-02-13,60.8504638671875
2013-02-14,60.83256530761719
2013-02-15,60.65351867675781
2013-02-19,61.092185974121094
2013-02-20,60.15217971801758
2013-02-21,59.50758361816406
2013-02-22,60.1074104309082
2013-02-25,59.3643684387207
2013-02-26,59.58818054199219
2013-02-27,60.19695281982422
2013-02-28,60.071598052978516
2013-03-01,60.322269439697266
2013-03-04,60.59086608886719
2013-03-05,61.48611068725586
2013-03-06,61.333927154541016
2013-03-07,61.49506759643555
2013-03-08,61.56669998168945
2013-03-11,61.74573516845703
2013-03-12,61.521907806396484
2013-03-13,61.44134521484375
2013-03-14,61.64726257324219
2013-03-15,61.47587585449219
2013-03-18,61.34127426147461
2013-03-19,61.224632263183594
2013-03-20,61.655330657958984
2013-03-21,60.95542907714844
2013-03-22,61.54762649536133
2013-03-25,61.32331085205078
2013-03-26,61.655330657958984
2013-03-27,61.73607635498047
2013-03-28,61.888641357421875
2013-04-01,61.46687698364258
2013-04-02,61.95146560668945
2013-04-03,61.38613510131836
2013-04-04,61.40406799316406
2013-04-05,60.89259338378906
2013-04-08,61.215641021728516
2013-04-09,61.628414154052734
2013-04-10,62.83082580566406
2013-04-11,62.80390930175781
2013-04-12,62.75902557373047
2013-04-15,61.52070999145508
2013-04-16,62.337276458740234
2013-04-17,61.11693572998047
2013-04-18,60.2734260559082
2013-04-19,61.09899139404297
2013-04-22,61.72712707519531
2013-04-23,62.31932830810547
2013-04-24,62.292423248291016
2013-04-25,62.62445068359375
2013-04-26,62.427005767822266
2013-04-29,63.00131607055664
2013-04-30,63.458961486816406
2013-05-01,63.162845611572266
2013-05-02,63.96147155761719
2013-05-03,64.71521759033203
2013-05-06,64.96647644042969
2013-05-07,64.93055725097656
2013-05-08,65.24464416503906
2013-05-09,65.15491485595703
2013-05-10,65.54974365234375
2013-05-13,65.63045501708984
2013-05-14,65.97149658203125
2013-05-15,66.10608673095703
2013-05-16,66.0343017578125
2013-05-17,66.67140197753906
2013-05-20,66.57270050048828
2013-05-21,66.64445495605469
2013-05-22,66.06122589111328
2013-05-23,65.90865325927734
2013-05-24,65.87272644042969
2013-05-28,66.30348205566406
2013-05-29,65.98941802978516
2013-05-30,66.3393783569336
2013-05-31,65.72920227050781
2013-06-03,65.8458480834961
2013-06-04,65.50485229492188
2013-06-05,64.65240478515625
2013-06-06,64.96647644042969
2013-06-07,65.85480499267578
2013-06-10,65.88174438476562
2013-06-11,65.22669982910156
2013-06-12,64.4729232788086
2013-06-13,65.2895278930664
2013-06-14,64.85874938964844
2013-06-17,65.4869155883789
2013-06-18,66.02532958984375
2013-06-19,65.2895278930664
2013-06-20,63.73712921142578
2013-06-21,63.398643493652344
2013-06-24,62.7685546875
2013-06-25,63.2276611328125
2013-06-26,63.79471969604492
2013-06-27,64.06481170654297
2013-06-28,64.15482330322266
2013-07-01,64.55087280273438
2013-07-02,64.57791137695312
2013-07-03,64.83892059326172
2013-07-05,65.33403778076172
2013-07-08,65.39705657958984
2013-07-09,65.79309844970703
2013-07-10,66.1711654663086
2013-07-11,67.48541259765625
2013-07-12,67.782470703125
2013-07-15,67.93550872802734
2013-07-16,67.8454818725586
2013-07-17,68.0165023803711
2013-07-18,67.8454818725586
2013-07-19,67.14334106445312
2013-07-22,67.34138488769531
2013-07-23,66.84628295898438
2013-07-24,67.0623550415039
2013-07-25,67.48541259765625
2013-07-26,67.8454818725586
2013-07-29,67.71944427490234
2013-07-30,68.07949829101562
2013-07-31,68.20556640625
2013-08-01,68.89871978759766
2013-08-02,69.2857437133789
2013-08-05,69.33074188232422
2013-08-06,68.91667175292969
2013-08-07,68.7906494140625
2013-08-08,69.13275146484375
2013-08-09,68.85367584228516
2013-08-12,69.0157241821289
2013-08-13,69.40274810791016
2013-08-14,69.14171600341797
2013-08-15,67.97148132324219
2013-08-16,67.94451141357422
2013-08-19,67.82747650146484
2013-08-20,68.12452697753906
2013-08-21,67.8904800415039
2013-08-22,68.55663299560547
2013-08-23,69.0157241821289
2013-08-26,69.05172729492188
2013-08-27,67.63845825195312
2013-08-28,67.89950561523438
2013-08-29,68.37657928466797
2013-08-30,67.93550872802734
2013-09-03,68.32257843017578
2013-09-04,69.05172729492188
2013-09-05,69.16873931884766
2013-09-06,69.24972534179688
2013-09-09,70.05989074707031
2013-09-10,70.4019546508789
2013-09-11,70.26692962646484
2013-09-12,70.22190856933594
2013-09-13,70.26692962646484
2013-09-16,70.07789611816406
2013-09-17,70.54602813720703
2013-09-18,71.39216613769531
2013-09-19,71.56317901611328
2013-09-20,71.31758117675781
2013-09-23,71.17312622070312
2013-09-24,71.17312622070312
2013-09-25,70.92936706542969
2013-09-26,71.48011016845703
2013-09-27,71.38983154296875
2013-09-30,71.21826171875
2013-10-01,71.94054412841797
2013-10-02,71.91345977783203
2013-10-03,71.07383728027344
2013-10-04,71.68775939941406
2013-10-07,71.09186553955078
2013-10-08,69.71952819824219
2013-10-09,69.5028305053711
2013-10-10,70.97447967529297
2013-10-11,71.5343017578125
2013-10-14,72.03990173339844
2013-10-15,71.75999450683594
2013-10-16,72.57257843017578
2013-10-17,72.98789978027344
2013-10-18,74.170654296875
2013-10-21,74.33318328857422
2013-10-22,74.44153594970703
2013-10-23,73.99009704589844
2013-10-24,74.31510925292969
2013-10-25,74.84783935546875
2013-10-28,74.8658676147461
2013-10-29,74.99224853515625
2013-10-30,74.9200210571289
2013-10-31,74.7485122680664
2013-11-01,74.76654052734375
2013-11-04,74.87487030029297
2013-11-05,74.95612335205078
2013-11-06,74.9380874633789
2013-11-07,73.52962493896484
2013-11-08,74.52276611328125
2013-11-11,74.40541076660156
2013-11-12,74.52276611328125
2013-11-13,75.4256362915039
2013-11-14,75.66040802001953
2013-11-15,75.80485534667969
2013-11-18,75.06450653076172
2013-11-19,74.84783935546875
2013-11-20,74.66722106933594
2013-11-21,75.4256362915039
2013-11-22,75.83194732666016
2013-11-25,76.01253509521484
2013-11-26,76.40977478027344
2013-11-27,76.94245147705078
2013-11-29,77.40292358398438
2013-12-02,77.17720031738281
2013-12-03,77.114013671875
2013-12-04,77.18624114990234
2013-12-05,77.08690643310547
2013-12-06,77.6467056274414
2013-12-09,77.96270751953125
2013-12-10,77.90853881835938
2013-12-11,76.90633392333984
2013-12-12,76.70773315429688
2013-12-13,76.60838317871094
2013-12-16,77.03274536132812
2013-12-17,76.8792724609375
2013-12-18,77.77308654785156
2013-12-19,77.5564193725586
2013-12-20,78.34619903564453
2013-12-23,79.17044830322266
2013-12-24,79.20669555664062
2013-12-26,79.4693374633789
2013-12-27,79.27007293701172
2013-12-30,79.15231323242188
2013-12-31,79.66858673095703
2014-01-02,79.04363250732422
2014-01-03,78.4730224609375
2014-01-06,78.18317413330078
2014-01-07,78.90776824951172
2014-01-08,79.07984161376953
2014-01-09,78.81719970703125
2014-01-10,79.07080841064453
2014-01-13,77.90239715576172
2014-01-14,79.38780212402344
2014-01-15,80.03997802734375
2014-01-16,80.04899597167969
2014-01-17,79.59616088867188
2014-01-21,80.20292663574219
2014-01-22,80.41130828857422
2014-01-23,80.13957214355469
2014-01-24,78.56360626220703
2014-01-27,77.80278015136719
2014-01-28,77.7574691772461
2014-01-29,76.92418670654297
2014-01-30,78.34619903564453
2014-01-31,78.13789367675781
2014-02-03,76.34455108642578
2014-02-04,76.90608215332031
2014-02-05,76.70684051513672
2014-02-06,77.68502044677734
2014-02-07,79.07080841064453
2014-02-10,79.52366638183594
2014-02-11,80.42943572998047
2014-02-12,80.5833511352539
2014-02-13,81.18115997314453
2014-02-14,81.34419250488281
2014-02-18,81.74270629882812
2014-02-19,81.18115997314453
2014-02-20,81.56156158447266
2014-02-21,81.45287322998047
2014-02-24,81.88766479492188
2014-02-25,81.79706573486328
2014-02-26,81.7245864868164
2014-02-27,82.25487518310547
2014-02-28,82.1639175415039
2014-03-03,81.55453491210938
2014-03-04,82.59136962890625
2014-03-05,82.8187255859375
2014-03-06,82.7459716796875
2014-03-07,82.33670806884766
2014-03-10,82.40943908691406
2014-03-11,82.05477142333984
2014-03-12,82.36397552490234
2014-03-13,81.19978332519531
2014-03-14,80.64505004882812
2014-03-17,81.35443878173828
2014-03-18,82.33670806884766
2014-03-19,81.89104461669922
2014-03-20,82.1184310913086
2014-03-21,81.1302719116211
2014-03-24,80.41925048828125
2014-03-25,80.68358612060547
2014-03-26,79.64439392089844
2014-03-27,79.19772338867188
2014-03-28,79.35272216796875
2014-03-31,79.91789245605469
2014-04-01,81.32170867919922
2014-04-02,81.53138732910156
2014-04-03,80.8841552734375
2014-04-04,78.7328109741211
2014-04-07,77.98534393310547
2014-04-08,78.70549011230469
2014-04-09,80.05459594726562
2014-04-10,77.57510375976562
2014-04-11,76.67267608642578
2014-04-14,77.27428436279297
2014-04-15,77.529541015625
2014-04-16,78.55963897705078
2014-04-17,78.57785034179688
2014-04-21,79.16126251220703
2014-04-22,79.79025268554688
2014-04-23,79.08833312988281
2014-04-24,79.84494018554688
2014-04-25,78.56874084472656
2014-04-28,78.82398986816406
2014-04-29,79.4530029296875
2014-04-30,79.66261291503906
2014-05-01,79.8996810913086
2014-05-02,79.75381469726562
2014-05-05,80.17313385009766
2014-05-06,79.13392639160156
2014-05-07,78.90603637695312
2014-05-08,78.83312225341797
2014-05-09,79.12480926513672
2014-05-12,80.4283676147461
2014-05-13,80.48304748535156
2014-05-14,80.06375122070312
2014-05-15,79.43473052978516
2014-05-16,79.95435333251953
2014-05-19,80.51042938232422
2014-05-20,80.21871185302734
2014-05-21,80.98440551757812
2014-05-22,81.33995819091797
2014-05-23,81.93246459960938
2014-05-27,82.95343780517578
2014-05-28,82.69819641113281
2014-05-29,83.22691345214844
2014-05-30,83.23600769042969
2014-06-02,83.15396881103516
2014-06-03,83.1175308227539
2014-06-04,83.42742919921875
2014-06-05,84.1293716430664
2014-06-06,84.61251068115234
2014-06-09,84.54866027832031
2014-06-10,84.69454193115234
2014-06-11,84.67630004882812
2014-06-12,83.91056823730469
2014-06-13,84.15669250488281
2014-06-16,84.22962951660156
2014-06-17,84.2752456665039
2014-06-18,84.74923706054688
2014-06-19,84.69454193115234
2014-06-20,84.79413604736328
2014-06-23,84.81244659423828
2014-06-24,84.73014831542969
2014-06-25,85.26944732666016
2014-06-26,85.315185546875
2014-06-27,85.68991088867188
2014-06-30,85.83617401123047
2014-07-01,86.7776107788086
2014-07-02,86.92383575439453
2014-07-03,87.4722671508789
2014-07-07,87.20721435546875
2014-07-08,86.15605163574219
2014-07-09,86.7958755493164
2014-07-10,86.52167510986328
2014-07-11,87.07923889160156
2014-07-14,87.60022735595703
2014-07-15,87.2986068725586
2014-07-16,87.64593505859375
2014-07-17,86.4851303100586
2014-07-18,87.85618591308594
2014-07-21,87.7464828491211
2014-07-22,88.30399322509766
2014-07-23,88.87071990966797
2014-07-24,88.7701644897461
2014-07-25,88.42284393310547
2014-07-28,88.45025634765625
2014-07-29,88.2948989868164
2014-07-30,88.64220428466797
2014-07-31,86.8507308959961
2014-08-01,86.53081512451172
2014-08-04,87.12493133544922
2014-08-05,86.45771026611328
2014-08-06,86.3936996459961
2014-08-07,86.11952209472656
2014-08-08,86.74105072021484
2014-08-11,87.25292205810547
2014-08-12,87.21634674072266
2014-08-13,88.13949584960938
2014-08-14,88.59652709960938
2014-08-15,89.02611541748047
2014-08-18,89.71163177490234
2014-08-19,90.21435546875
2014-08-20,90.21435546875
2014-08-21,90.39713287353516
2014-08-22,90.53426361083984
2014-08-25,90.8541488647461
2014-08-26,90.94554138183594
2014-08-27,90.96383666992188
2014-08-28,90.86329650878906
2014-08-29,91.20146179199219
2014-09-02,91.46656036376953
2014-09-03,90.92729187011719
2014-09-04,90.84500122070312
2014-09-05,91.30204010009766
2014-09-08,91.47567749023438
2014-09-09,90.7170639038086
2014-09-10,91.46656036376953
2014-09-11,91.3934326171875
2014-09-12,90.92729187011719
2014-09-15,90.04981994628906
2014-09-16,90.83589172363281
2014-09-17,90.97296905517578
2014-09-18,91.65850067138672
2014-09-19,91.6017074584961
2014-09-22,90.7496109008789
2014-09-23,90.50225067138672
2014-09-24,91.47342681884766
2014-09-25,89.5494155883789
2014-09-26,90.50225067138672
2014-09-29,90.38314056396484
2014-09-30,90.51141357421875
2014-10-01,89.06381225585938
2014-10-02,89.06381225585938
2014-10-03,89.94336700439453
2014-10-06,89.75099182128906
2014-10-07,88.47745513916016
2014-10-08,90.19988250732422
2014-10-09,88.7431640625
2014-10-10,86.52594757080078
2014-10-13,85.1699447631836
2014-10-14,85.17915344238281
2014-10-15,84.6294174194336
2014-10-16,84.09803771972656
2014-10-17,85.20662689208984
2014-10-20,86.48013305664062
2014-10-21,88.75231170654297
2014-10-22,88.29421997070312
2014-10-23,89.62269592285156
2014-10-24,90.35565948486328
2014-10-27,90.41978454589844
2014-10-28,91.78490447998047
2014-10-29,91.44595336914062
2014-10-30,91.63834381103516
2014-10-31,92.90267944335938
2014-11-03,93.17758178710938
2014-11-04,92.86605072021484
2014-11-05,92.8752212524414
2014-11-06,93.16838073730469
2014-11-07,93.0859375
2014-11-10,93.415771484375
2014-11-11,93.70896911621094
2014-11-12,93.87386322021484
2014-11-13,94.27699279785156
2014-11-14,94.5701904296875
2014-11-17,94.2861557006836
2014-11-18,94.99163055419922
2014-11-19,94.5610122680664
2014-11-20,94.98249816894531
2014-11-21,95.16570281982422
2014-11-24,95.90782165527344
2014-11-25,96.05441284179688
2014-11-26,96.67742156982422
2014-11-28,97.12639617919922
2014-12-01,96.02692413330078
2014-12-02,96.4117431640625
2014-12-03,96.58580780029297
2014-12-04,96.54000091552734
2014-12-05,96.54918670654297
2014-12-08,95.8620376586914
2014-12-09,96.16438293457031
2014-12-10,94.6526107788086
2014-12-11,95.10160064697266
2014-12-12,94.0662612915039
2014-12-15,93.09510040283203
2014-12-16,91.6017074584961
2014-12-17,93.2691879272461
2014-12-18,95.51387786865234
2014-12-19,95.93415069580078
2014-12-22,96.17323303222656
2014-12-23,95.83296203613281
2014-12-24,95.91573333740234
2014-12-26,96.59625244140625
2014-12-29,96.57785034179688
2014-12-30,95.93415069580078
2014-12-31,94.9501724243164
2015-01-02,94.66509246826172
2015-01-05,93.27642822265625
2015-01-06,92.0257797241211
2015-01-07,93.21208190917969
2015-01-08,94.99612426757812
2015-01-09,94.37080383300781
2015-01-12,93.38680267333984
2015-01-13,93.35921478271484
2015-01-14,92.84423828125
2015-01-15,91.63953399658203
2015-01-16,92.7154769897461
2015-01-20,93.45117950439453
2015-01-21,93.92936706542969
2015-01-22,95.6674575805664
2015-01-23,95.8789291381836
2015-01-26,95.76856994628906
2015-01-27,93.28565979003906
2015-01-28,92.80742645263672
2015-01-29,93.69944763183594
2015-01-30,92.97299194335938
2015-02-02,93.78224182128906
2015-02-03,94.68343353271484
2015-02-04,94.60070037841797
2015-02-05,95.41914367675781
2015-02-06,94.83979034423828
2015-02-09,94.53633880615234
2015-02-10,96.0077133178711
2015-02-11,96.357177734375
2015-02-12,97.47907257080078
2015-02-13,98.31591033935547
2015-02-17,98.40789794921875
2015-02-18,98.54585266113281
2015-02-19,99.03321838378906
2015-02-20,99.69535827636719
2015-02-23,99.79651641845703
2015-02-24,99.87006378173828
2015-02-25,99.62178802490234
2015-02-26,100.1275634765625
2015-02-27,99.68617248535156
2015-03-02,100.58736419677734
2015-03-03,100.1183853149414
2015-03-04,99.73213195800781
2015-03-05,99.9068603515625
2015-03-06,98.77574157714844
2015-03-09,99.06083679199219
2015-03-10,97.22159576416016
2015-03-11,96.66062927246094
2015-03-12,97.29515075683594
2015-03-13,96.87213897705078
2015-03-16,98.12281036376953
2015-03-17,98.2791519165039
2015-03-18,99.2447280883789
2015-03-19,99.39189910888672
2015-03-20,100.03523254394531
2015-03-23,99.84169006347656
2015-03-24,99.48222351074219
2015-03-25,97.20555114746094
2015-03-26,96.87371063232422
2015-03-27,97.26081848144531
2015-03-30,98.37615203857422
2015-03-31,97.33460235595703
2015-04-01,96.82764434814453
2015-04-02,96.89213562011719
2015-04-06,97.68482971191406
2015-04-07,97.51893615722656
2015-04-08,98.2931900024414
2015-04-09,98.91075134277344
2015-04-10,99.31629180908203
2015-04-13,99.06744384765625
2015-04-14,98.78169250488281
2015-04-15,99.39926147460938
2015-04-16,99.26097869873047
2015-04-17,97.71249389648438
2015-04-20,99.17803955078125
2015-04-21,99.60205841064453
2015-04-22,100.1458511352539
2015-04-23,100.52376556396484
2015-04-24,101.88795471191406
2015-04-27,101.62983703613281
2015-04-28,101.42705535888672
2015-04-29,100.79105377197266
2015-04-30,99.20570373535156
2015-05-01,100.51456451416016
2015-05-04,100.68047332763672
2015-05-05,99.0397720336914
2015-05-06,98.35771942138672
2015-05-07,98.94759368896484
2015-05-08,100.18274688720703
2015-05-11,99.79558563232422
2015-05-12,99.34394073486328
2015-05-13,99.54671478271484
2015-05-14,101.00308227539062
2015-05-15,101.00308227539062
2015-05-18,101.44548797607422
2015-05-19,101.33490753173828
2015-05-20,101.3994140625
2015-05-21,101.92481231689453
2015-05-22,101.8233871459961
2015-05-26,100.65281677246094
2015-05-27,102.2750473022461
2015-05-28,102.04460144042969
2015-05-29,101.436279296875
2015-06-01,101.77731323242188
2015-06-02,101.45471954345703
2015-06-03,101.75888061523438
2015-06-04,100.98463439941406
2015-06-05,100.74500274658203
2015-06-08,99.72186279296875
2015-06-09,99.55593872070312
2015-06-10,100.92012786865234
2015-06-11,101.0676040649414
2015-06-12,100.2380142211914
2015-06-15,99.74028015136719
2015-06-16,100.28409576416016
2015-06-17,100.56063842773438
2015-06-18,102.02619171142578
2015-06-19,101.5217514038086
2015-06-22,102.27008819580078
2015-06-23,102.35321807861328
2015-06-24,101.82662963867188
2015-06-25,101.6233901977539
2015-06-26,100.948974609375
2015-06-29,98.56546020507812
2015-06-30,98.91653442382812
2015-07-01,99.70178985595703
2015-07-02,99.7295150756836
2015-07-06,99.49855041503906
2015-07-07,99.74800872802734
2015-07-08,98.01114654541016
2015-07-09,97.9556884765625
2015-07-10,99.45234680175781
2015-07-13,101.19841766357422
2015-07-14,101.86357879638672
2015-07-15,101.97445678710938
2015-07-16,103.4156494140625
2015-07-17,104.94000244140625
2015-07-20,105.30030059814453
2015-07-21,105.23563385009766
2015-07-22,104.04387664794922
2015-07-23,103.65585327148438
2015-07-24,102.6396255493164
2015-07-27,101.78968811035156
2015-07-28,102.6673583984375
2015-07-29,103.05536651611328
2015-07-30,103.54501342773438
2015-07-31,103.42491912841797
2015-08-03,103.10157775878906
2015-08-04,102.90752410888672
2015-08-05,103.70204162597656
2015-08-06,102.03913116455078
2015-08-07,101.9097671508789
2015-08-10,103.07384490966797
2015-08-11,101.75272369384766
2015-08-12,102.10379028320312
2015-08-13,101.93746948242188
2015-08-14,102.09456634521484
2015-08-17,102.94447326660156
2015-08-18,102.41791534423828
2015-08-19,101.74349975585938
2015-08-20,98.92572021484375
2015-08-21,94.60213470458984
2015-08-24,90.96216583251953
2015-08-25,90.6203384399414
2015-08-26,95.18416595458984
2015-08-27,97.59538269042969
2015-08-28,97.5769271850586
2015-08-31,96.36669158935547
2015-09-01,93.35493469238281
2015-09-02,95.9878921508789
2015-09-03,95.5167236328125
2015-09-04,94.38040161132812
2015-09-08,97.04109191894531
2015-09-09,95.95093536376953
2015-09-10,96.99488067626953
2015-09-11,97.53074645996094
2015-09-14,97.23511505126953
2015-09-15,98.38066864013672
2015-09-16,98.93498992919922
2015-09-17,98.97193145751953
2015-09-18,97.56428527832031
2015-09-21,97.8698959350586
2015-09-22,96.40665435791016
2015-09-23,96.4807357788086
2015-09-24,96.12882232666016
2015-09-25,95.31388092041016
2015-09-28,92.60039520263672
2015-09-29,92.11884307861328
2015-09-30,94.23960876464844
2015-10-01,94.66558074951172
2015-10-02,96.32330322265625
2015-10-05,97.70320129394531
2015-10-06,97.24015045166016
2015-10-07,97.8235855102539
2015-10-08,98.21253967285156
2015-10-09,98.65706634521484
2015-10-12,98.8978500366211
2015-10-13,98.25884246826172
2015-10-14,98.10139465332031
2015-10-15,99.71279907226562
2015-10-16,100.12956237792969
2015-10-19,100.7037353515625
2015-10-20,100.18514251708984
2015-10-21,99.57390594482422
2015-10-22,101.60208129882812
2015-10-23,104.44515991210938
2015-10-26,104.5099868774414
2015-10-27,104.72298431396484
2015-10-28,105.59352111816406
2015-10-29,105.42682647705078
2015-10-30,104.95455932617188
2015-11-02,106.13994598388672
2015-11-03,106.5103759765625
2015-11-04,106.51961517333984
2015-11-05,106.2325668334961
2015-11-06,106.30663299560547
2015-11-09,105.17680358886719
2015-11-10,104.90821838378906
2015-11-11,104.77857208251953
2015-11-12,103.75989532470703
2015-11-13,101.72245788574219
2015-11-16,103.18568420410156
2015-11-17,103.25050354003906
2015-11-18,105.23236083984375
2015-11-19,105.30644226074219
2015-11-20,106.01954650878906
2015-11-23,105.71393585205078
2015-11-24,105.62132263183594
2015-11-25,105.71393585205078
2015-11-27,105.86210632324219
2015-11-30,105.59352111816406
2015-12-01,106.64928436279297
2015-12-02,105.99176788330078
2015-12-03,104.19513702392578
2015-12-04,106.63075256347656
2015-12-07,106.14918518066406
2015-12-08,106.158447265625
2015-12-09,104.54707336425781
2015-12-10,105.01936340332031
2015-12-11,102.60223388671875
2015-12-14,103.38016510009766
2015-12-15,104.00989532470703
2015-12-16,105.55648803710938
2015-12-17,104.0191650390625
2015-12-18,102.02383422851562
2015-12-21,103.15714263916016
2015-12-22,103.83522033691406
2015-12-23,104.60624694824219
2015-12-24,104.58765411376953
2015-12-28,104.53193664550781
2015-12-29,106.1761245727539
2015-12-30,105.2193374633789
2015-12-31,103.90955352783203
2016-01-04,101.71728515625
2016-01-05,101.54077911376953
2016-01-06,100.56541442871094
2016-01-07,97.41635131835938
2016-01-08,96.61749267578125
2016-01-11,96.91474914550781
2016-01-12,98.03874206542969
2016-01-13,94.65745544433594
2016-01-14,96.6732177734375
2016-01-15,93.67280578613281
2016-01-19,93.87716674804688
2016-01-20,93.58921813964844
2016-01-21,93.6821060180664
2016-01-22,96.39454650878906
2016-01-25,94.96401977539062
2016-01-26,95.8186264038086
2016-01-27,93.43128967285156
2016-01-28,94.7503662109375
2016-01-29,96.72897338867188
2016-02-01,96.98909759521484
2016-02-02,94.88967895507812
2016-02-03,94.43450164794922
2016-02-04,94.42522430419922
2016-02-05,91.14615631103516
2016-02-08,89.75275421142578
2016-02-09,89.47406005859375
2016-02-10,89.81775665283203
2016-02-11,89.68771362304688
2016-02-12,91.05323791503906
2016-02-16,93.10615539550781
2016-02-17,95.21483612060547
2016-02-18,94.12797546386719
2016-02-19,94.40663146972656
2016-02-22,95.93939208984375
2016-02-23,94.36019897460938
2016-02-24,95.2612533569336
2016-02-25,96.1994400024414
2016-02-26,96.07872009277344
2016-02-29,95.21483612060547
2016-03-01,98.2709732055664
2016-03-02,98.30813598632812
2016-03-03,98.12235260009766
2016-03-04,98.15950775146484
2016-03-07,97.55570983886719
2016-03-08,96.7475357055664
2016-03-09,97.36994934082031
2016-03-10,97.22128295898438
2016-03-11,98.92122650146484
2016-03-14,99.08842468261719
2016-03-15,99.05125427246094
2016-03-16,99.93376159667969
2016-03-17,99.87800598144531
2016-03-18,100.0345230102539
2016-03-21,100.42584991455078
2016-03-22,100.7332992553711
2016-03-23,99.90409851074219
2016-03-24,99.93206024169922
2016-03-28,99.79229736328125
2016-03-29,101.3947982788086
2016-03-30,101.88860321044922
2016-03-31,101.73951721191406
2016-04-01,102.82025146484375
2016-04-04,102.42897033691406
2016-04-05,101.44137573242188
2016-04-06,103.10907745361328
2016-04-07,101.627685546875
2016-04-08,101.55316925048828
2016-04-11,101.18051147460938
2016-04-12,102.02836608886719
2016-04-13,103.33271026611328
2016-04-14,103.34199523925781
2016-04-15,103.08114624023438
2016-04-18,103.6308364868164
2016-04-19,102.99726867675781
2016-04-20,103.08114624023438
2016-04-21,103.09044647216797
2016-04-22,101.53455352783203
2016-04-25,101.53455352783203
2016-04-26,101.04073333740234
2016-04-27,100.2302017211914
2016-04-28,99.01898193359375
2016-04-29,98.49728393554688
2016-05-02,99.428955078125
2016-05-03,98.50659942626953
2016-05-04,97.87303924560547
2016-05-05,97.84507751464844
2016-05-06,98.36683654785156
2016-05-09,98.6463623046875
2016-05-10,99.99727630615234
2016-05-11,99.09354400634766
2016-05-12,98.65567016601562
2016-05-13,98.29230499267578
2016-05-16,99.52210235595703
2016-05-17,98.27364349365234
2016-05-18,98.62767791748047
2016-05-19,98.1152572631836
2016-05-20,99.19603729248047
2016-05-23,99.06559753417969
2016-05-24,101.05007934570312
2016-05-25,101.77676391601562
2016-05-26,102.0749282836914
2016-05-27,102.60597229003906
2016-05-31,102.80160522460938
2016-06-01,102.81095123291016
2016-06-02,103.02523803710938
2016-06-03,102.54075622558594
2016-06-06,102.91344451904297
2016-06-07,102.6525650024414
2016-06-08,102.8296127319336
2016-06-09,102.66188049316406
2016-06-10,101.49726867675781
2016-06-13,100.6494369506836
2016-06-14,100.6494369506836
2016-06-15,100.36062622070312
2016-06-16,100.65876007080078
2016-06-17,99.47888946533203
2016-06-20,100.10481262207031
2016-06-21,100.42241668701172
2016-06-22,100.17953491210938
2016-06-23,101.60880279541016
2016-06-24,97.42378997802734
2016-06-27,95.49003601074219
2016-06-28,97.58256530761719
2016-06-29,99.31077575683594
2016-06-30,100.45980834960938
2016-07-01,100.96426391601562
2016-07-05,100.34767150878906
2016-07-06,101.16973876953125
2016-07-07,101.46869659423828
2016-07-08,103.03807067871094
2016-07-11,103.62660217285156
2016-07-12,104.14972686767578
2016-07-13,103.89749145507812
2016-07-14,104.60746765136719
2016-07-15,104.43931579589844
2016-07-18,105.13060760498047
2016-07-19,104.74758911132812
2016-07-20,105.9713363647461
2016-07-21,105.72844696044922
2016-07-22,106.1675033569336
2016-07-25,106.1768569946289
2016-07-26,106.29827117919922
2016-07-27,107.0362777709961
2016-07-28,107.40997314453125
2016-07-29,107.64347076416016
2016-08-01,108.21331024169922
2016-08-02,107.39128875732422
2016-08-03,107.74626922607422
2016-08-04,108.05452728271484
2016-08-05,109.09143829345703
2016-08-08,108.97000885009766
2016-08-09,109.22223663330078
2016-08-10,108.94197082519531
2016-08-11,109.4090576171875
2016-08-12,109.48380279541016
2016-08-15,109.95088195800781
2016-08-16,109.34367370605469
2016-08-17,109.5398178100586
2016-08-18,109.56787872314453
2016-08-19,109.5398178100586
2016-08-22,109.62389373779297
2016-08-23,109.82007598876953
2016-08-24,109.1101303100586
2016-08-25,108.93260955810547
2016-08-26,109.09143829345703
2016-08-29,109.24092864990234
2016-08-30,108.88592529296875
2016-08-31,108.77384185791016
2016-09-01,109.0541000366211
2016-09-02,109.4090576171875
2016-09-06,110.09098815917969
2016-09-07,110.15638732910156
2016-09-08,109.51181030273438
2016-09-09,106.75602722167969
2016-09-12,108.67107391357422
2016-09-13,107.6995620727539
2016-09-14,108.21331024169922
2016-09-15,109.89482879638672
2016-09-16,109.84237670898438
2016-09-19,109.36476135253906
2016-09-20,109.57079315185547
2016-09-21,110.64776611328125
2016-09-22,111.52808380126953
2016-09-23,110.81635284423828
2016-09-26,109.88919830322266
2016-09-27,110.97554779052734
2016-09-28,111.16285705566406
2016-09-29,110.35746765136719
2016-09-30,111.18156433105469
2016-10-03,111.02236938476562
2016-10-04,110.85380554199219
2016-10-05,111.24713134765625
2016-10-06,111.19095611572266
2016-10-07,110.94745635986328
2016-10-10,111.64982604980469
2016-10-11,110.05780029296875
2016-10-12,109.96412658691406
2016-10-13,109.57079315185547
2016-10-14,109.701904296875
2016-10-17,109.40220642089844
2016-10-18,110.37618255615234
2016-10-19,110.3668212890625
2016-10-20,110.23571014404297
2016-10-21,110.64776611328125
2016-10-24,111.97760009765625
2016-10-25,111.6217269897461
2016-10-26,110.8631591796875
2016-10-27,110.35746765136719
2016-10-28,109.66445922851562
2016-10-31,109.5614242553711
2016-11-01,108.73729705810547
2016-11-02,107.86637878417969
2016-11-03,106.80812072753906
2016-11-04,106.43347930908203
2016-11-07,108.9620590209961
2016-11-08,109.67378234863281
2016-11-09,110.17950439453125
2016-11-10,108.400146484375
2016-11-11,108.44699096679688
2016-11-14,107.3512954711914
2016-11-15,108.84033203125
2016-11-16,109.48651885986328
2016-11-17,110.28252410888672
2016-11-18,109.8704605102539
2016-11-21,111.01299285888672
2016-11-22,111.35012817382812
2016-11-23,110.9006118774414
2016-11-25,111.2564926147461
2016-11-28,111.003662109375
2016-11-29,111.38761138916016
2016-11-30,110.0390396118164
2016-12-01,108.13795471191406
2016-12-02,108.35334014892578
2016-12-05,109.19620513916016
2016-12-06,109.45841217041016
2016-12-07,110.84442901611328
2016-12-08,111.04112243652344
2016-12-09,111.91203308105469
2016-12-12,111.40634155273438
2016-12-13,112.81110382080078
2016-12-14,112.57696533203125
2016-12-15,112.75489807128906
2016-12-16,112.33692169189453
2016-12-19,112.79714965820312
2016-12-20,113.22923278808594
2016-12-21,113.14470672607422
2016-12-22,112.82534790039062
2016-12-23,112.90045928955078
2016-12-27,113.48283386230469
2016-12-28,112.59996032714844
2016-12-29,112.44025421142578
2016-12-30,111.28491973876953
2017-01-03,112.28055572509766
2017-01-04,112.89112091064453
2017-01-05,113.52981567382812
2017-01-06,114.52542877197266
2017-01-09,114.9011459350586
2017-01-10,115.15476989746094
2017-01-11,115.4646987915039
2017-01-12,115.28623962402344
2017-01-13,115.68074798583984
2017-01-17,115.33319854736328
2017-01-18,115.56800842285156
2017-01-19,115.51167297363281
2017-01-20,115.76527404785156
2017-01-23,115.85917663574219
2017-01-24,116.6388168334961
2017-01-25,117.81287384033203
2017-01-26,117.93500518798828
2017-01-27,118.1604232788086
2017-01-30,117.23992919921875
2017-01-31,117.00514221191406
2017-02-01,117.81287384033203
2017-02-02,117.70957946777344
2017-02-03,118.0477294921875
2017-02-06,118.18861389160156
2017-02-07,118.62068176269531
2017-02-08,118.81790924072266
2017-02-09,119.25
2017-02-10,119.64445495605469
2017-02-13,120.32077026367188
2017-02-14,120.72466278076172
2017-02-15,121.43850708007812
2017-02-16,121.40092468261719
2017-02-17,121.92691802978516
2017-02-21,122.52803039550781
2017-02-22,122.5749740600586
2017-02-23,122.1147689819336
2017-02-24,122.34955596923828
2017-02-27,122.49983978271484
2017-02-28,122.12413024902344
2017-03-01,123.45791625976562
2017-03-02,122.83799743652344
2017-03-03,123.06343078613281
2017-03-06,122.79103088378906
2017-03-07,122.58438873291016
2017-03-08,122.80040740966797
2017-03-09,122.89433288574219
2017-03-10,123.41096496582031
2017-03-13,123.61760711669922
2017-03-14,123.3170166015625
2017-03-15,124.07786560058594
2017-03-16,123.99327850341797
2017-03-17,123.95002746582031
2017-03-20,124.06298828125
2017-03-21,122.18050384521484
2017-03-22,123.00875854492188
2017-03-23,122.69820404052734
2017-03-24,122.95228576660156
2017-03-27,123.14994049072266
2017-03-28,123.9029312133789
2017-03-29,124.47710418701172
2017-03-30,124.68413543701172
2017-03-31,124.59944152832031
2017-04-03,124.52416229248047
2017-04-04,124.72180938720703
2017-04-05,124.21355438232422
2017-04-06,124.2794418334961
2017-04-07,124.21355438232422
2017-04-10,124.26060485839844
2017-04-11,123.72412872314453
2017-04-12,123.22526550292969
2017-04-13,122.73580169677734
2017-04-17,123.75232696533203
2017-04-18,123.5641098022461
2017-04-19,123.7617416381836
2017-04-20,124.79708862304688
2017-04-21,124.7688980102539
2017-04-24,126.27485656738281
2017-04-25,127.18780517578125
2017-04-26,127.00898742675781
2017-04-27,127.77136993408203
2017-04-28,127.99730682373047
2017-05-01,129.1361083984375
2017-05-02,129.35263061523438
2017-05-03,128.93850708007812
2017-05-04,128.98558044433594
2017-05-05,129.45619201660156
2017-05-08,129.73851013183594
2017-05-09,130.19032287597656
2017-05-10,130.2655792236328
2017-05-11,130.1620330810547
2017-05-12,130.453857421875
2017-05-15,130.8679962158203
2017-05-16,131.41397094726562
2017-05-17,128.07261657714844
2017-05-18,129.19261169433594
2017-05-19,129.73851013183594
2017-05-22,130.83038330078125
2017-05-23,130.9621124267578
2017-05-24,131.56446838378906
2017-05-25,132.6845703125
2017-05-26,132.91986083984375
2017-05-30,133.03286743164062
2017-05-31,132.98573303222656
2017-06-01,133.50340270996094
2017-06-02,135.02822875976562
2017-06-05,135.00003051757812
2017-06-06,134.4635009765625
2017-06-07,134.99058532714844
2017-06-08,135.13174438476562
2017-06-09,131.75270080566406
2017-06-12,131.04685974121094
2017-06-13,132.11045837402344
2017-06-14,131.53627014160156
2017-06-15,130.95272827148438
2017-06-16,130.3845672607422
2017-06-19,132.56471252441406
2017-06-20,131.5265655517578
2017-06-21,132.82901000976562
2017-06-22,132.7912139892578
2017-06-23,133.3008575439453
2017-06-26,132.67800903320312
2017-06-27,130.27125549316406
2017-06-28,132.1494598388672
2017-06-29,129.8560333251953
2017-06-30,129.90322875976562
2017-07-03,128.5347137451172
2017-07-05,129.79940795898438
2017-07-06,128.6291046142578
2017-07-07,130.0164794921875
2017-07-10,130.8658905029297
2017-07-11,131.23402404785156
2017-07-12,132.7912139892578
2017-07-13,133.08380126953125
2017-07-14,134.13140869140625
2017-07-17,134.19747924804688
2017-07-18,135.09413146972656
2017-07-19,135.8868408203125
2017-07-20,136.06617736816406
2017-07-21,136.009521484375
2017-07-24,136.63243103027344
2017-07-25,136.2832489013672
2017-07-26,136.72686767578125
2017-07-27,135.86801147460938
2017-07-28,135.7547149658203
2017-07-31,135.17901611328125
2017-08-01,135.49044799804688
2017-08-02,135.8585662841797
2017-08-03,135.3300323486328
2017-08-04,135.5753936767578
2017-08-07,136.43429565429688
2017-08-08,136.1982879638672
2017-08-09,136.0189971923828
2017-08-10,133.1027374267578
2017-08-11,134.11253356933594
2017-08-14,135.8396759033203
2017-08-15,135.93402099609375
2017-08-16,136.1699676513672
2017-08-17,133.38580322265625
2017-08-18,133.29139709472656
2017-08-21,133.12152099609375
2017-08-22,135.15069580078125
2017-08-23,134.6693572998047
2017-08-24,134.27296447753906
2017-08-25,133.98985290527344
2017-08-28,134.40512084960938
2017-08-29,134.93360900878906
2017-08-30,136.51918029785156
2017-08-31,137.9821014404297
2017-09-01,137.79331970214844
2017-09-05,136.55694580078125
2017-09-06,136.97219848632812
2017-09-07,137.29310607910156
2017-09-08,136.1039276123047
2017-09-11,137.67062377929688
2017-09-12,138.00094604492188
2017-09-13,138.189697265625
2017-09-14,137.3780059814453
2017-09-15,137.84991455078125
2017-09-18,137.6692657470703
2017-09-19,137.90576171875
2017-09-20,137.48013305664062
2017-09-21,136.6383056640625
2017-09-22,136.50588989257812
2017-09-25,135.0681610107422
2017-09-26,135.4181365966797
2017-09-27,136.6383056640625
2017-09-28,136.5910186767578
2017-09-29,137.57472229003906
2017-10-02,137.69766235351562
2017-10-03,137.99087524414062
2017-10-04,138.12330627441406
2017-10-05,139.47589111328125
2017-10-06,139.6650848388672
2017-10-09,139.50424194335938
2017-10-10,139.60830688476562
2017-10-11,140.0244598388672
2017-10-12,139.76902770996094
2017-10-13,140.30816650390625
2017-10-16,140.7905731201172
2017-10-17,140.97032165527344
2017-10-18,140.80003356933594
2017-10-19,140.27981567382812
2017-10-20,140.65818786621094
2017-10-23,139.74070739746094
2017-10-24,139.97714233398438
2017-10-25,139.44749450683594
2017-10-26,139.00294494628906
2017-10-27,143.0511932373047
2017-10-30,143.37277221679688
2017-10-31,143.91192626953125
2017-11-01,143.86465454101562
2017-11-02,143.59030151367188
2017-11-03,144.97128295898438
2017-11-06,145.463134765625
2017-11-07,145.54820251464844
2017-11-08,146.13462829589844
2017-11-09,145.36851501464844
2017-11-10,145.35911560058594
2017-11-13,145.53878784179688
2017-11-14,145.0091094970703
2017-11-15,144.32810974121094
2017-11-16,146.1724853515625
2017-11-17,145.61447143554688
2017-11-20,145.5009765625
2017-11-21,147.08055114746094
2017-11-22,147.26023864746094
2017-11-24,147.79940795898438
2017-11-27,147.73316955566406
2017-11-28,148.1115264892578
2017-11-29,145.5293731689453
2017-11-30,146.74948120117188
2017-12-01,146.12521362304688
2017-12-04,144.4416046142578
2017-12-05,144.53622436523438
2017-12-06,145.1887664794922
2017-12-07,145.6806640625
2017-12-08,146.32382202148438
2017-12-11,147.4588623046875
2017-12-12,147.26023864746094
2017-12-13,147.54397583007812
2017-12-14,147.43997192382812
2017-12-15,149.11412048339844
2017-12-18,150.3643035888672
2017-12-19,149.47332763671875
2017-12-20,149.31219482421875
2017-12-21,149.33120727539062
2017-12-22,149.16053771972656
2017-12-26,148.3549346923828
2017-12-27,148.37388610839844
2017-12-28,148.553955078125
2017-12-29,147.6345672607422
2018-01-02,150.2222137451172
2018-01-03,151.68179321289062
2018-01-04,151.9471893310547
2018-01-05,153.4731903076172
2018-01-08,154.0703582763672
2018-01-09,154.07984924316406
2018-01-10,153.7196044921875
2018-01-11,154.77175903320312
2018-01-12,155.90914916992188
2018-01-16,155.4636688232422
2018-01-17,157.14134216308594
2018-01-18,157.1697540283203
2018-01-19,157.6626434326172
2018-01-22,159.3498077392578
2018-01-23,160.66726684570312
2018-01-24,159.62461853027344
2018-01-25,159.56781005859375
2018-01-26,162.0131378173828
2018-01-29,161.2264862060547
2018-01-30,159.89955139160156
2018-01-31,160.56300354003906
2018-02-01,159.1981658935547
2018-02-02,156.02288818359375
2018-02-05,149.8714141845703
2018-02-06,153.84286499023438
2018-02-07,151.85243225097656
2018-02-08,145.44505310058594
2018-02-09,147.9568328857422
2018-02-12,150.5823211669922
2018-02-13,151.3595428466797
2018-02-14,154.1935577392578
2018-02-15,157.05601501464844
2018-02-16,156.35467529296875
2018-02-20,156.6674346923828
2018-02-21,156.22193908691406
2018-02-22,156.2029571533203
2018-02-23,159.39712524414062
2018-02-26,161.5108184814453
2018-02-27,159.5109100341797
2018-02-28,158.48728942871094
2018-03-01,155.89967346191406
2018-03-02,157.3308868408203
2018-03-05,159.07489013671875
2018-03-06,159.7478485107422
2018-03-07,160.11753845214844
2018-03-08,160.99900817871094
2018-03-09,164.1268768310547
2018-03-12,164.99887084960938
2018-03-13,162.75253295898438
2018-03-14,162.72409057617188
2018-03-15,162.5819091796875
2018-03-16,162.09844970703125
2018-03-19,158.63995361328125
2018-03-20,159.16209411621094
2018-03-21,158.46910095214844
2018-03-22,154.5576629638672
2018-03-23,150.48483276367188
2018-03-26,156.07662963867188
2018-03-27,151.0260009765625
2018-03-28,149.28863525390625
2018-03-29,152.02281188964844
2018-04-02,147.63668823242188
2018-04-03,149.29811096191406
2018-04-04,151.6526336669922
2018-04-05,152.5165252685547
2018-04-06,148.70005798339844
2018-04-09,149.74429321289062
2018-04-10,153.04818725585938
2018-04-11,152.1652374267578
2018-04-12,153.9975128173828
2018-04-13,153.2000274658203
2018-04-16,154.3677978515625
2018-04-17,157.69058227539062
2018-04-18,158.0133819580078
2018-04-19,156.560791015625
2018-04-20,154.08297729492188
2018-04-23,153.69371032714844
2018-04-24,150.43736267089844
2018-04-25,150.61773681640625
2018-04-26,153.78866577148438
2018-04-27,153.88357543945312
2018-04-30,152.79183959960938
2018-05-01,154.5386505126953
2018-05-02,153.62728881835938
2018-05-03,153.6082305908203
2018-05-04,156.52285766601562
2018-05-07,157.8235321044922
2018-05-08,157.66207885742188
2018-05-09,159.3804473876953
2018-05-10,161.03236389160156
2018-05-11,160.88046264648438
2018-05-14,161.1558074951172
2018-05-15,159.37094116210938
2018-05-16,160.4247589111328
2018-05-17,159.8076934814453
2018-05-18,158.98175048828125
2018-05-21,159.8740997314453
2018-05-22,159.66522216796875
2018-05-23,161.01333618164062
2018-05-24,160.96588134765625
2018-05-25,161.1273193359375
2018-05-29,160.41525268554688
2018-05-30,161.56399536132812
2018-05-31,161.4595947265625
2018-06-01,163.9944305419922
2018-06-04,165.47537231445312
2018-06-05,165.98805236816406
2018-06-06,166.9564208984375
2018-06-07,165.59886169433594
2018-06-08,165.6083221435547
2018-06-11,166.05455017089844
2018-06-12,166.92799377441406
2018-06-13,166.91847229003906
2018-06-14,168.6083221435547
2018-06-15,168.01971435546875
2018-06-18,167.92266845703125
2018-06-19,167.44700622558594
2018-06-20,168.63623046875
2018-06-21,167.17112731933594
2018-06-22,166.8000030517578
2018-06-25,163.04200744628906
2018-06-26,163.7080078125
2018-06-27,161.48167419433594
2018-06-28,162.8707275390625
2018-06-29,163.30836486816406
2018-07-02,164.4024658203125
2018-07-03,162.49966430664062
2018-07-05,164.51666259765625
2018-07-06,167.07591247558594
2018-07-09,168.5791473388672
2018-07-10,168.70286560058594
2018-07-11,167.84657287597656
2018-07-12,170.73883056640625
2018-07-13,170.88150024414062
2018-07-16,170.472412109375
2018-07-17,171.50946044921875
2018-07-18,171.18594360351562
2018-07-19,170.32974243164062
2018-07-20,170.29168701171875
2018-07-23,170.83396911621094
2018-07-24,171.53805541992188
2018-07-25,173.93557739257812
2018-07-26,171.3001708984375
2018-07-27,168.9882354736328
2018-07-30,166.60025024414062
2018-07-31,167.87513732910156
2018-08-01,168.5125732421875
2018-08-02,170.8054656982422
2018-08-03,171.32867431640625
2018-08-06,172.33717346191406
2018-08-07,172.96511840820312
2018-08-08,173.17445373535156
2018-08-09,173.06976318359375
2018-08-10,171.7473602294922
2018-08-13,171.55702209472656
2018-08-14,172.6321563720703
2018-08-15,170.52000427246094
2018-08-16,171.08135986328125
2018-08-17,171.119384765625
2018-08-20,170.9671630859375
2018-08-21,171.5951385498047
2018-08-22,172.26107788085938
2018-08-23,172.01370239257812
2018-08-24,173.61204528808594
2018-08-27,175.3816680908203
2018-08-28,175.6385955810547
2018-08-29,177.66506958007812
2018-08-30,177.3511199951172
2018-08-31,177.57943725585938
2018-09-04,176.81829833984375
2018-09-05,174.5349578857422
2018-09-06,172.9746551513672
2018-09-07,172.30862426757812
2018-09-10,172.88902282714844
2018-09-11,174.22097778320312
2018-09-12,173.70721435546875
2018-09-13,175.5624542236328
2018-09-14,175.04873657226562
2018-09-17,172.52743530273438
2018-09-18,173.95455932617188
2018-09-19,173.82142639160156
2018-09-20,175.7432403564453
2018-09-21,174.78233337402344
2018-09-24,175.2683868408203
2018-09-25,175.50665283203125
2018-09-26,175.6305389404297
2018-09-27,177.11746215820312
2018-09-28,177.0792999267578
2018-10-01,177.4414520263672
2018-10-02,177.04119873046875
2018-10-03,177.23182678222656
2018-10-04,173.82919311523438
2018-10-05,171.7037353515625
2018-10-08,170.65525817871094
2018-10-09,171.20809936523438
2018-10-10,163.67848205566406
2018-10-11,161.64837646484375
2018-10-12,166.14710998535156
2018-10-15,164.1360321044922
2018-10-16,168.9111328125
2018-10-17,168.97781372070312
2018-10-18,165.0605010986328
2018-10-19,164.90797424316406
2018-10-22,165.75631713867188
2018-10-23,165.14633178710938
2018-10-24,157.5880889892578
2018-10-25,163.03994750976562
2018-10-26,158.84625244140625
2018-10-29,155.57705688476562
2018-10-30,158.14088439941406
2018-10-31,161.85806274414062
2018-11-01,163.9929962158203
2018-11-02,161.438720703125
2018-11-05,161.03842163085938
2018-11-06,162.2583770751953
2018-11-07,167.34805297851562
2018-11-08,166.28048706054688
2018-11-09,163.47837829589844
2018-11-12,158.53173828125
2018-11-13,158.66514587402344
2018-11-14,157.4546661376953
2018-11-15,160.20916748046875
2018-11-16,159.64683532714844
2018-11-19,154.46189880371094
2018-11-20,151.69786071777344
2018-11-21,152.85108947753906
2018-11-23,151.7455291748047
2018-11-26,155.25294494628906
2018-11-27,155.77716064453125
2018-11-28,160.7906036376953
2018-11-29,160.266357421875
2018-11-30,161.42921447753906
2018-12-03,164.25039672851562
2018-12-04,157.9502716064453
2018-12-06,159.0654296875
2018-12-07,153.81370544433594
2018-12-10,155.42454528808594
2018-12-11,155.93919372558594
2018-12-12,157.31170654296875
2018-12-13,157.35934448242188
2018-12-14,153.52784729003906
2018-12-17,150.04896545410156
2018-12-18,150.9925537109375
2018-12-19,147.2849578857422
2018-12-20,145.14990234375
2018-12-21,140.6512451171875
2018-12-24,137.16334533691406
2018-12-26,145.7277069091797
2018-12-27,146.2916717529297
2018-12-28,146.21517944335938
2018-12-31,147.44822692871094
2019-01-02,148.04086303710938
2019-01-03,143.20431518554688
2019-01-04,149.3312225341797
2019-01-07,151.109130859375
2019-01-08,152.4759521484375
2019-01-09,153.7185516357422
2019-01-10,154.15826416015625
2019-01-11,153.59426879882812
2019-01-14,152.23696899414062
2019-01-15,155.20968627929688
2019-01-16,155.1809844970703
2019-01-17,156.40444946289062
2019-01-18,157.9529571533203
2019-01-22,154.78909301757812
2019-01-23,154.98983764648438
2019-01-24,155.99346923828125
2019-01-25,157.8573455810547
2019-01-28,155.9073944091797
2019-01-29,154.43545532226562
2019-01-30,158.36392211914062
2019-01-31,160.7344512939453
2019-02-01,160.05580139160156
2019-02-04,162.04391479492188
2019-02-05,163.4777069091797
2019-02-06,162.99021911621094
2019-02-07,160.8013458251953
2019-02-08,161.11679077148438
2019-02-11,160.96380615234375
2019-02-12,163.34388732910156
2019-02-13,163.4585723876953
2019-02-14,163.65933227539062
2019-02-15,164.3475341796875
2019-02-19,164.67251586914062
2019-02-20,164.64381408691406
2019-02-21,164.04165649414062
2019-02-22,165.25555419921875
2019-02-25,165.85777282714844
2019-02-26,166.02978515625
2019-02-27,165.92462158203125
2019-02-28,165.54232788085938
2019-03-01,166.68936157226562
2019-03-04,166.718017578125
2019-03-05,166.84226989746094
2019-03-06,165.89596557617188
2019-03-07,163.8600311279297
2019-03-08,163.61151123046875
2019-03-11,167.0143585205078
2019-03-12,167.9319305419922
2019-03-13,169.193603515625
2019-03-14,168.90689086914062
2019-03-15,170.47445678710938
2019-03-18,170.88046264648438
2019-03-19,171.4550018310547
2019-03-20,172.13485717773438
2019-03-21,174.8257293701172
2019-03-22,170.98582458496094
2019-03-25,170.66026306152344
2019-03-26,171.4550018310547
2019-03-27,170.35379028320312
2019-03-28,170.74644470214844
2019-03-29,172.03916931152344
2019-04-01,174.31822204589844
2019-04-02,174.97889709472656
2019-04-03,175.98440551757812
2019-04-04,175.91737365722656
2019-04-05,176.82705688476562
2019-04-08,177.27713012695312
2019-04-09,176.6546630859375
2019-04-10,177.60269165039062
2019-04-11,177.1813507080078
2019-04-12,177.9474639892578
2019-04-15,177.97613525390625
2019-04-16,178.58901977539062
2019-04-17,179.21144104003906
2019-04-18,179.44126892089844
2019-04-22,179.94879150390625
2019-04-23,182.2373809814453
2019-04-24,181.66285705566406
2019-04-25,182.40017700195312
2019-04-26,182.56300354003906
2019-04-29,182.91726684570312
2019-04-30,181.50006103515625
2019-05-01,180.91592407226562
2019-05-02,180.1307373046875
2019-05-03,183.00352478027344
2019-05-06,181.88307189941406
2019-05-07,178.3400115966797
2019-05-08,177.8899688720703
2019-05-09,176.93238830566406
2019-05-10,177.1526336669922
2019-05-13,171.00497436523438
2019-05-14,172.8818359375
2019-05-15,175.32363891601562
2019-05-16,177.08560180664062
2019-05-17,175.27578735351562
2019-05-20,172.3168487548828
2019-05-21,174.1171112060547
2019-05-22,173.34146118164062
2019-05-23,170.68898010253906
2019-05-24,170.60276794433594
2019-05-28,169.96121215820312
2019-05-29,168.5631103515625
2019-05-30,169.27174377441406
2019-05-31,166.57138061523438
2019-06-03,162.90383911132812
2019-06-04,167.4906463623047
2019-06-05,168.73548889160156
2019-06-06,170.07611083984375
2019-06-07,173.36065673828125
2019-06-10,175.38107299804688
2019-06-11,175.62051391601562
2019-06-12,174.60548400878906
2019-06-13,175.6396942138672
2019-06-14,174.89273071289062
2019-06-17,175.9461212158203
2019-06-18,178.50283813476562
2019-06-19,179.17315673828125
2019-06-20,180.83932495117188
2019-06-21,180.57125854492188
2019-06-24,180.57701110839844
2019-06-25,177.47715759277344
2019-06-26,178.30242919921875
2019-06-27,178.98388671875
2019-06-28,179.2141876220703
2019-07-01,181.6326141357422
2019-07-02,182.35240173339844
2019-07-03,183.7248077392578
2019-07-05,183.35049438476562
2019-07-08,182.06451416015625
2019-07-09,182.97621154785156
2019-07-10,184.7996826171875
2019-07-11,184.66529846191406
2019-07-12,185.73052978515625
2019-07-15,186.3255615234375
2019-07-16,185.36585998535156
2019-07-17,184.4541473388672
2019-07-18,184.66529846191406
2019-07-19,183.3121337890625
2019-07-22,184.7708282470703
2019-07-23,185.98011779785156
2019-07-24,187.28526306152344
2019-07-25,185.50979614257812
2019-07-26,187.4196319580078
2019-07-29,186.77667236328125
2019-07-30,185.9705047607422
2019-07-31,183.3985137939453
2019-08-01,182.4867401123047
2019-08-02,179.7996368408203
2019-08-05,173.44639587402344
2019-08-06,175.87445068359375
2019-08-07,176.82456970214844
2019-08-08,180.67294311523438
2019-08-09,178.97430419921875
2019-08-12,176.9205322265625
2019-08-13,180.79766845703125
2019-08-14,175.39459228515625
2019-08-15,175.1930389404297
2019-08-16,178.00498962402344
2019-08-19,180.83604431152344
2019-08-20,179.43492126464844
2019-08-21,181.0280303955078
2019-08-22,180.44259643554688
2019-08-23,174.73239135742188
2019-08-26,177.37155151367188
2019-08-27,176.99728393554688
2019-08-28,177.6306915283203
2019-08-29,180.3466339111328
2019-08-30,179.91476440429688
2019-09-03,178.16812133789062
2019-09-04,180.74012756347656
2019-09-05,184.05108642578125
2019-09-06,183.8687286376953
2019-09-09,183.4849090576172
2019-09-10,182.95703125
2019-09-11,184.6748809814453
2019-09-12,185.44259643554688
2019-09-13,184.78042602539062
2019-09-16,183.95509338378906
2019-09-17,184.83807373046875
2019-09-18,184.76123046875
2019-09-19,185.068359375
2019-09-20,183.1105499267578
2019-09-23,183.19129943847656
2019-09-24,180.75840759277344
2019-09-25,182.78749084472656
2019-09-26,182.11431884765625
2019-09-27,179.8544464111328
2019-09-30,181.56619262695312
2019-10-01,180.0852508544922
2019-10-02,176.9888153076172
2019-10-03,178.9313201904297
2019-10-04,181.56619262695312
2019-10-07,181.01803588867188
2019-10-08,178.30625915527344
2019-10-09,180.04678344726562
2019-10-10,181.441162109375
2019-10-11,183.77793884277344
2019-10-14,183.75868225097656
2019-10-15,186.09548950195312
2019-10-16,185.63392639160156
2019-10-17,186.12437438964844
2019-10-18,184.3357391357422
2019-10-21,185.97047424316406
2019-10-22,184.48956298828125
2019-10-23,184.84536743164062
2019-10-24,186.6436004638672
2019-10-25,188.1341552734375
2019-10-28,189.99009704589844
2019-10-29,188.51876831054688
2019-10-30,189.43235778808594
2019-10-31,189.5189208984375
2019-11-01,191.24020385742188
2019-11-04,192.4230499267578
2019-11-05,192.52882385253906
2019-11-06,192.09609985351562
2019-11-07,192.74038696289062
2019-11-08,193.50965881347656
2019-11-11,193.25006103515625
2019-11-12,193.8077850341797
2019-11-13,193.8558807373047
2019-11-14,193.7019805908203
2019-11-15,195.12522888183594
2019-11-18,195.2791290283203
2019-11-19,195.5675506591797
2019-11-20,194.3943328857422
2019-11-21,193.9616241455078
2019-11-22,194.08663940429688
2019-11-25,196.38497924804688
2019-11-26,196.760009765625
2019-11-27,198.13511657714844
2019-11-29,197.23117065429688
2019-12-02,195.21176147460938
2019-12-03,193.68272399902344
2019-12-04,194.6636505126953
2019-12-05,195.0482635498047
2019-12-06,197.1350555419922
2019-12-09,196.24070739746094
2019-12-10,196.07723999023438
2019-12-11,197.11578369140625
2019-12-12,198.5871124267578
2019-12-13,199.24102783203125
2019-12-16,201.2412567138672
2019-12-17,201.3566131591797
2019-12-18,201.510498046875
2019-12-19,202.77023315429688
2019-12-20,203.58761596679688
2019-12-23,204.12533569335938
2019-12-24,204.23138427734375
2019-12-26,206.0335235595703
2019-12-27,205.8600616455078
2019-12-30,204.51087951660156
2019-12-31,204.89633178710938
2020-01-02,208.31759643554688
2020-01-03,206.40940856933594
2020-01-06,207.73927307128906
2020-01-07,207.71041870117188
2020-01-08,209.27163696289062
2020-01-09,211.04489135742188
2020-01-10,210.5052032470703
2020-01-13,212.9337615966797
2020-01-14,212.0953369140625
2020-01-15,212.18203735351562
2020-01-16,214.21551513671875
2020-01-17,215.27561950683594
2020-01-21,215.17921447753906
2020-01-22,215.74781799316406
2020-01-23,216.4417266845703
2020-01-24,214.62025451660156
2020-01-27,210.18716430664062
2020-01-28,213.4156036376953
2020-01-29,213.7625732421875
2020-01-30,214.52389526367188
2020-01-31,211.12196350097656
2020-02-03,214.3118896484375
2020-02-04,219.2172393798828
2020-02-05,219.94000244140625
2020-02-06,221.83851623535156
2020-02-07,220.8844451904297
2020-02-10,223.553955078125
2020-02-11,223.59254455566406
2020-02-12,225.7705078125
2020-02-13,225.4813690185547
2020-02-14,226.12705993652344
2020-02-18,226.21377563476562
2020-02-19,228.38218688964844
2020-02-20,226.2620086669922
2020-02-21,221.91563415527344
2020-02-24,213.3577880859375
2020-02-25,207.55621337890625
2020-02-26,208.62596130371094
2020-02-27,198.17921447753906
2020-02-28,198.3334197998047
2020-03-02,208.568115234375
2020-03-03,201.87986755371094
2020-03-04,210.30282592773438
2020-03-05,203.91336059570312
2020-03-06,200.47286987304688
2020-03-09,186.5471649169922
2020-03-10,196.70469665527344
2020-03-11,188.1372833251953
2020-03-12,170.88670349121094
2020-03-13,185.3617401123047
2020-03-16,163.15768432617188
2020-03-17,175.53182983398438
2020-03-18,170.19277954101562
2020-03-19,171.21435546875
2020-03-20,164.50689697265625
2020-03-23,164.6256103515625
2020-03-24,177.3738250732422
2020-03-25,176.06040954589844
2020-03-26,185.33177185058594
2020-03-27,178.95774841308594
2020-03-30,185.46702575683594
2020-03-31,183.88316345214844
2020-04-01,176.070068359375
2020-04-02,179.6434326171875
2020-04-03,177.09376525878906
2020-04-06,189.7550506591797
2020-04-07,189.67779541015625
2020-04-08,193.70509338378906
2020-04-09,193.98512268066406
2020-04-13,196.0808868408203
2020-04-14,204.60862731933594
2020-04-15,202.26181030273438
2020-04-16,205.95108032226562
2020-04-17,207.92127990722656
2020-04-20,205.45852661132812
2020-04-21,197.877197265625
2020-04-22,203.74911499023438
2020-04-23,203.31455993652344
2020-04-24,206.52085876464844
2020-04-27,208.18197631835938
2020-04-28,204.260986328125
2020-04-29,211.50425720214844
2020-04-30,211.41734313964844
2020-05-01,205.45852661132812
2020-05-04,207.85362243652344
2020-05-05,210.2101593017578
2020-05-06,211.50425720214844
2020-05-07,214.22775268554688
2020-05-08,217.16372680664062
2020-05-11,219.10488891601562
2020-05-12,214.5174560546875
2020-05-13,211.83262634277344
2020-05-14,214.2374267578125
2020-05-15,215.6281280517578
2020-05-18,219.645751953125
2020-05-19,219.0952911376953
2020-05-20,223.47019958496094
2020-05-21,221.0364532470703
2020-05-22,221.79937744140625
2020-05-26,221.2006378173828
2020-05-27,222.40785217285156
2020-05-28,222.1181182861328
2020-05-29,225.3727264404297
2020-06-01,226.048828125
2020-06-02,227.56507873535156
2020-06-03,228.58880615234375
2020-06-04,226.98561096191406
2020-06-05,231.4861297607422
2020-06-08,233.28244018554688
2020-06-09,234.9725799560547
2020-06-10,237.7926025390625
2020-06-11,226.0102081298828
2020-06-12,227.80650329589844
2020-06-15,230.5782928466797
2020-06-16,234.5379180908203
2020-06-17,235.28160095214844
2020-06-18,235.91905212402344
2020-06-19,235.88035583496094
2020-06-22,238.70924377441406
2020-06-23,240.74090576171875
2020-06-24,235.77781677246094
2020-06-25,238.0223388671875
2020-06-26,232.4014434814453
2020-06-29,234.93612670898438
2020-06-30,239.5412139892578
2020-07-01,242.337158203125
2020-07-02,243.9818572998047
2020-07-06,249.9800567626953
2020-07-07,248.25794982910156
2020-07-08,251.52792358398438
2020-07-09,253.646728515625
2020-07-10,255.37840270996094
2020-07-13,250.12515258789062
2020-07-14,251.89559936523438
2020-07-15,252.4083251953125
2020-07-16,250.68624877929688
2020-07-17,250.97650146484375
2020-07-20,258.0969543457031
2020-07-21,255.40736389160156
2020-07-22,256.30712890625
2020-07-23,249.61236572265625
2020-07-24,247.24215698242188
2020-07-27,251.6537322998047
2020-07-28,248.45147705078125
2020-07-29,251.31509399414062
2020-07-30,252.63082885742188
2020-07-31,257.13916015625
2020-08-03,260.6123046875
2020-08-04,261.5797424316406
2020-08-05,262.22802734375
2020-08-06,265.701171875
2020-08-07,262.6343994140625
2020-08-10,261.5120849609375
2020-08-11,256.5587463378906
2020-08-12,263.0116271972656
2020-08-13,263.6114501953125
2020-08-14,263.3018493652344
2020-08-17,266.3589172363281
2020-08-18,268.9228210449219
2020-08-19,267.113525390625
2020-08-20,270.8189392089844
2020-08-21,272.69580078125
2020-08-24,274.3985290527344
2020-08-25,276.555908203125
2020-08-26,282.4573974609375
2020-08-27,281.5769958496094
2020-08-28,283.0088195800781
2020-08-31,285.2823791503906
2020-09-01,290.1583251953125
2020-09-02,292.90594482421875
2020-09-03,278.0555419921875
2020-09-04,274.35015869140625
2020-09-08,261.1637878417969
2020-09-09,268.8356628417969
2020-09-10,263.47601318359375
2020-09-11,261.64752197265625
2020-09-14,266.2041931152344
2020-09-15,269.97723388671875
2020-09-16,265.67205810546875
2020-09-17,261.521728515625
2020-09-18,258.18408203125
2020-09-21,258.80322265625
2020-09-22,263.6114501953125
2020-09-23,255.5622100830078
2020-09-24,256.7521667480469
2020-09-25,262.7213439941406
2020-09-28,268.1778564453125
2020-09-29,266.96856689453125
2020-09-30,268.7969665527344
2020-10-01,273.0635070800781
2020-10-02,265.38189697265625
2020-10-05,271.0414733886719
2020-10-06,266.2041931152344
2020-10-07,270.8092346191406
2020-10-08,272.2507629394531
2020-10-09,276.4108581542969
2020-10-12,284.94378662109375
2020-10-13,284.9340515136719
2020-10-14,282.55419921875
2020-10-15,280.65802001953125
2020-10-16,279.1197509765625
2020-10-19,274.5629577636719
2020-10-20,275.1531677246094
2020-10-21,274.94024658203125
2020-10-22,274.9306335449219
2020-10-23,275.47235107421875
2020-10-26,271.3413391113281
2020-10-27,273.4601135253906
2020-10-28,262.7988586425781
2020-10-29,267.39410400390625
2020-10-30,260.6123046875
2020-11-02,261.19287109375
2020-11-03,265.71075439453125
2020-11-04,277.57183837890625
2020-11-05,284.808349609375
2020-11-06,285.0211486816406
2020-11-09,279.19708251953125
2020-11-10,274.1954040527344
2020-11-11,280.32904052734375
2020-11-12,279.0132751464844
2020-11-13,281.4609375
2020-11-16,283.65704345703125
2020-11-17,282.7572937011719
2020-11-18,280.6676025390625
2020-11-19,282.8638000488281
2020-11-20,280.9288330078125
2020-11-23,280.9385986328125
2020-11-24,284.8857421875
2020-11-25,286.6368103027344
2020-11-27,289.2779846191406
2020-11-30,289.8680725097656
2020-12-01,293.58319091796875
2020-12-02,293.9604187011719
2020-12-03,294.37646484375
2020-12-04,295.57598876953125
2020-12-07,297.2498474121094
2020-12-08,298.25592041015625
2020-12-09,291.50311279296875
2020-12-10,292.6737060546875
2020-12-11,292.0255432128906
2020-12-14,294.144287109375
2020-12-15,297.2884521484375
2020-12-16,298.92340087890625
2020-12-17,300.8777160644531
2020-12-18,299.96826171875
2020-12-21,299.4071044921875
2020-12-22,300.2213134765625
2020-12-23,298.7093200683594
2020-12-24,300.02740478515625
2020-12-28,303.05133056640625
2020-12-29,303.3226623535156
2020-12-30,303.3324279785156
2020-12-31,304.0787048339844
2021-01-04,299.7851257324219
2021-01-05,302.2565612792969
2021-01-06,298.0696716308594
2021-01-07,305.2805480957031
2021-01-08,309.2058410644531
2021-01-11,304.7378234863281
2021-01-12,304.253173828125
2021-01-13,306.3078918457031
2021-01-14,304.66986083984375
2021-01-15,302.2565612792969
2021-01-19,306.6664733886719
2021-01-20,313.79986572265625
2021-01-21,316.31011962890625
2021-01-22,315.3990173339844
2021-01-25,318.00616455078125
2021-01-26,318.4714050292969
2021-01-27,309.59344482421875
2021-01-28,311.4252624511719
2021-01-29,304.8735046386719
2021-02-01,312.491455078125
2021-02-02,317.58941650390625
2021-02-03,316.32952880859375
2021-02-04,320.07061767578125
2021-02-05,321.15606689453125
2021-02-08,323.3077392578125
2021-02-09,323.2398681640625
2021-02-10,322.5033264160156
2021-02-11,324.27691650390625
2021-02-12,326.08941650390625
2021-02-16,325.2074890136719
2021-02-17,323.6469421386719
2021-02-18,322.23199462890625
2021-02-19,320.82659912109375
2021-02-22,312.5108337402344
2021-02-23,311.5804138183594
2021-02-24,314.1486511230469
2021-02-25,303.19671630859375
2021-02-26,304.46636962890625
2021-03-01,313.6253662109375
2021-03-02,308.59521484375
2021-03-03,299.6397399902344
2021-03-04,294.7355651855469
2021-03-05,299.174560546875
2021-03-08,290.7036437988281
2021-03-09,302.16937255859375
2021-03-10,301.30682373046875
2021-03-11,308.2463073730469
2021-03-12,305.7457580566406
2021-03-15,309.011962890625
2021-03-16,310.7080383300781
2021-03-17,311.9873962402344
2021-03-18,302.43109130859375
2021-03-19,303.49725341796875
2021-03-22,309.1887512207031
2021-03-23,307.8398132324219
2021-03-24,302.6480407714844
2021-03-25,302.1239929199219
2021-03-26,306.6559143066406
2021-03-29,306.5685729980469
2021-03-30,305.0256652832031
2021-03-31,309.6933898925781
2021-04-01,314.9725646972656
2021-04-05,321.2608337402344
2021-04-06,321.03759765625
2021-04-07,321.8140869140625
2021-04-08,325.1717224121094
2021-04-09,327.1417236328125
2021-04-12,326.7147216796875
2021-04-13,330.5285339355469
2021-04-14,326.5594482421875
2021-04-15,331.5086669921875
2021-04-16,331.8968200683594
2021-04-19,328.859375
2021-04-20,326.46240234375
2021-04-21,329.25726318359375
2021-04-22,325.2882385253906
2021-04-23,329.3833312988281
2021-04-26,331.528076171875
2021-04-27,330.09173583984375
2021-04-28,328.9758605957031
2021-04-29,330.15985107421875
2021-04-30,327.9956970214844
2021-05-03,326.2489318847656
2021-05-04,320.37774658203125
2021-05-05,319.3006286621094
2021-05-06,321.7073059082031
2021-05-07,324.3177795410156
2021-05-10,316.1273193359375
2021-05-11,315.6907043457031
2021-05-12,307.51971435546875
2021-05-13,309.8971862792969
2021-05-14,316.7386474609375
2021-05-17,314.8172912597656
2021-05-18,312.69195556640625
2021-05-19,313.0511169433594
2021-05-20,319.1064758300781
2021-05-21,317.3403015136719
2021-05-24,322.677734375
2021-05-25,323.1241455078125
2021-05-26,324.2498474121094
2021-05-27,323.03680419921875
2021-05-28,324.0557861328125
2021-06-01,322.9785461425781
2021-06-02,323.609375
2021-06-03,320.241943359375
2021-06-04,325.6763916015625
2021-06-07,326.6467590332031
2021-06-08,326.8022155761719
2021-06-09,326.8797302246094
2021-06-10,330.285888671875
2021-06-11,331.1495361328125
2021-06-14,334.32293701171875
2021-06-15,332.1394348144531
2021-06-16,330.92645263671875
2021-06-17,335.1282958984375
2021-06-18,332.4984130859375
2021-06-21,334.5649719238281
2021-06-22,337.6837158203125
2021-06-23,337.848876953125
2021-06-24,339.9376525878906
2021-06-25,339.51983642578125
2021-06-28,343.64898681640625
2021-06-29,344.892578125
2021-06-30,344.3485107421875
2021-07-01,344.48455810546875
2021-07-02,348.43878173828125
2021-07-06,349.9447021484375
2021-07-07,350.68310546875
2021-07-08,348.5650634765625
2021-07-09,350.7413635253906
2021-07-12,352.1112365722656
2021-07-13,352.1112365722656
2021-07-14,352.7428283691406
2021-07-15,350.2652282714844
2021-07-16,347.42840576171875
2021-07-19,344.5816955566406
2021-07-20,348.58453369140625
2021-07-21,351.2757873535156
2021-07-22,353.5977783203125
2021-07-23,357.7268981933594
2021-07-26,358.00860595703125
2021-07-27,354.06414794921875
2021-07-28,355.4242248535156
2021-07-29,356.0557861328125
2021-07-30,354.2001647949219
2021-08-02,354.2292175292969
2021-08-03,356.3763732910156
2021-08-04,356.8912658691406
2021-08-05,359.15509033203125
2021-08-06,357.5811767578125
2021-08-09,358.2417907714844
2021-08-10,356.40557861328125
2021-08-11,355.7934265136719
2021-08-12,357.07586669921875
2021-08-13,358.3292236328125
2021-08-16,358.48468017578125
2021-08-17,355.3271789550781
2021-08-18,351.9072265625
2021-08-19,353.607421875
2021-08-20,357.2702331542969
2021-08-23,362.61383056640625
2021-08-24,363.72137451171875
2021-08-25,364.1391296386719
2021-08-26,361.8268127441406
2021-08-27,365.3438415527344
2021-08-30,369.4438171386719
2021-08-31,369.142578125
2021-09-01,369.75469970703125
2021-09-02,369.57989501953125
2021-09-03,370.7165832519531
2021-09-07,371.24114990234375
2021-09-08,369.9490051269531
2021-09-09,368.6763610839844
2021-09-10,365.8782043457031
2021-09-13,365.6255798339844
2021-09-14,364.5860290527344
2021-09-15,367.2966613769531
2021-09-16,367.54937744140625
2021-09-17,363.1966857910156
2021-09-20,355.6918640136719
2021-09-21,356.1296081542969
2021-09-22,359.4559631347656
2021-09-23,362.7726745605469
2021-09-24,363.113037109375
2021-09-27,360.21466064453125
2021-09-28,350.0214538574219
2021-09-29,349.4476013183594
2021-09-30,348.16363525390625
2021-10-01,350.3228759765625
2021-10-04,342.9698486328125
2021-10-05,347.5995788574219
2021-10-06,349.826904296875
2021-10-07,353.0365905761719
2021-10-08,351.2760925292969
2021-10-11,348.58197021484375
2021-10-12,347.3662109375
2021-10-13,350.1477966308594
2021-10-14,356.5964050292969
2021-10-15,358.8431701660156
2021-10-18,362.4516906738281
2021-10-19,365.1944885253906
2021-10-20,364.7179260253906
2021-10-21,366.9453125
2021-10-22,363.86199951171875
2021-10-25,367.5872802734375
2021-10-26,368.7445983886719
2021-10-27,369.6004638671875
2021-10-28,373.70501708984375
2021-10-29,375.5433349609375
2021-11-01,376.8271484375
2021-11-02,378.4028015136719
2021-11-03,382.41986083984375
2021-11-04,387.3218994140625
2021-11-05,387.6914978027344
2021-11-08,387.1663818359375
2021-11-09,384.501220703125
2021-11-10,378.85028076171875
2021-11-11,379.9006652832031
2021-11-12,383.89825439453125
2021-11-15,383.8106384277344
2021-11-16,386.5438232421875
2021-11-17,386.7480773925781
2021-11-18,390.7552795410156
2021-11-19,392.93402099609375
2021-11-22,388.372314453125
2021-11-23,386.60211181640625
2021-11-24,387.84716796875
2021-11-26,380.4940490722656
2021-11-29,388.75177001953125
2021-11-30,383.0423278808594
2021-12-01,376.525634765625
2021-12-02,379.2393798828125
2021-12-03,372.6449279785156
2021-12-06,375.6307678222656
2021-12-07,386.94256591796875
2021-12-08,388.673828125
2021-12-09,382.954833984375
2021-12-10,387.11767578125
2021-12-13,381.5249938964844
2021-12-14,377.57611083984375
2021-12-15,386.1839599609375
2021-12-16,376.2533264160156
2021-12-17,374.3761901855469
2021-12-20,370.7445983886719
2021-12-21,379.0419616699219
2021-12-22,383.658203125
2021-12-23,386.55059814453125
2021-12-27,392.93927001953125
2021-12-28,391.11798095703125
2021-12-29,391.05963134765625
2021-12-30,389.89093017578125
2021-12-31,387.456298828125
2022-01-03,391.1861572265625
2022-01-04,386.1122741699219
2022-01-05,374.2505798339844
2022-01-06,373.98748779296875
2022-01-07,369.9361877441406
2022-01-10,370.17974853515625
2022-01-11,375.7406005859375
2022-01-12,377.2305908203125
2022-01-13,367.79376220703125
2022-01-14,370.0823669433594
2022-01-18,360.8694763183594
2022-01-19,356.90582275390625
2022-01-20,352.2701416015625
2022-01-21,342.502197265625
2022-01-24,344.0701599121094
2022-01-25,336.0940246582031
2022-01-26,335.5682067871094
2022-01-27,332.1888732910156
2022-01-28,342.6093444824219
2022-01-31,353.5653991699219
2022-02-01,355.9708251953125
2022-02-02,358.8633117675781
2022-02-03,344.3135986328125
2022-02-04,348.65704345703125
2022-02-07,345.8523254394531
2022-02-08,349.7380676269531
2022-02-09,357.1492919921875
2022-02-10,349.06610107421875
2022-02-11,337.99322509765625
2022-02-14,338.4118957519531
2022-02-15,346.8262023925781
2022-02-16,346.73858642578125
2022-02-17,336.42523193359375
2022-02-18,332.5882263183594
2022-02-22,329.2477722167969
2022-02-23,320.81402587890625
2022-02-24,331.5948181152344
2022-02-25,336.7368469238281
2022-02-28,337.73992919921875
2022-03-01,332.568603515625
2022-03-02,338.14892578125
2022-03-03,333.3185729980469
2022-03-04,328.48809814453125
2022-03-07,316.37310791015625
2022-03-08,314.902587890625
2022-03-09,326.23846435546875
2022-03-10,322.61566162109375
2022-03-11,315.9252014160156
2022-03-14,309.85784912109375
2022-03-15,319.5771789550781
2022-03-16,331.4292297363281
2022-03-17,335.4415588378906
2022-03-18,342.3074035644531
2022-03-21,341.3556823730469
2022-03-22,348.06427001953125
2022-03-23,343.0621337890625
2022-03-24,350.68731689453125
2022-03-25,350.394775390625
2022-03-28,355.8161926269531
2022-03-29,361.939697265625
2022-03-30,357.9418029785156
2022-03-31,353.5052490234375
2022-04-01,352.83245849609375
2022-04-04,360.0966796875
2022-04-05,352.10113525390625
2022-04-06,344.45660400390625
2022-04-07,345.2756042480469
2022-04-08,340.4488525390625
2022-04-11,332.3948059082031
2022-04-12,330.99066162109375
2022-04-13,337.7187194824219
2022-04-14,329.99609375
2022-04-18,330.2495422363281
2022-04-19,337.6310119628906
2022-04-20,332.70684814453125
2022-04-21,325.8227844238281
2022-04-22,317.29071044921875
2022-04-25,321.3666076660156
2022-04-26,309.2366638183594
2022-04-27,308.8660583496094
2022-04-28,319.8357849121094
2022-04-29,305.4436340332031
2022-05-02,310.543212890625
2022-05-03,310.87481689453125
2022-05-04,321.3861999511719
2022-05-05,305.1997985839844
2022-05-06,301.54327392578125
2022-05-09,289.7447814941406
2022-05-10,293.26483154296875
2022-05-11,284.5670471191406
2022-05-12,283.89434814453125
2022-05-13,294.4154052734375
2022-05-16,291.0025634765625
2022-05-17,298.5400085449219
2022-05-18,283.8845520019531
2022-05-19,282.36346435546875
2022-05-20,281.48583984375
2022-05-23,286.16632080078125
2022-05-24,280.081787109375
2022-05-25,284.0016174316406
2022-05-26,291.8704833984375
2022-05-27,301.39703369140625
2022-05-31,300.5974426269531
2022-06-01,298.3742370605469
2022-06-02,306.54547119140625
2022-06-03,298.5692443847656
2022-06-06,299.5638732910156
2022-06-07,302.1477966308594
2022-06-08,299.9733581542969
2022-06-09,291.938720703125
2022-06-10,281.641845703125
2022-06-13,268.54656982421875
2022-06-14,269.0341491699219
2022-06-15,275.7523498535156
2022-06-16,264.6267395019531
2022-06-17,267.8445129394531
2022-06-21,274.60211181640625
2022-06-22,274.20159912109375
2022-06-23,278.28521728515625
2022-06-24,287.82025146484375
2022-06-27,285.7100830078125
2022-06-28,277.00543212890625
2022-06-29,277.25946044921875
2022-06-30,273.8205871582031
2022-07-01,275.6278991699219
2022-07-05,280.3465881347656
2022-07-06,282.1441955566406
2022-07-07,288.181884765625
2022-07-08,288.5433044433594
2022-07-11,282.3786926269531
2022-07-12,279.6432189941406
2022-07-13,279.0667724609375
2022-07-14,280.0633239746094
2022-07-15,285.1434631347656
2022-07-18,282.7303466796875
2022-07-19,291.4251708984375
2022-07-20,296.0462341308594
2022-07-21,300.29595947265625
2022-07-22,295.03021240234375
2022-07-25,293.3498840332031
2022-07-26,287.5857849121094
2022-07-27,299.73919677734375
2022-07-28,302.669921875
2022-07-29,308.18975830078125
2022-08-01,308.0041809082031
2022-08-02,307.0858459472656
2022-08-03,315.4486083984375
2022-08-04,316.9237976074219
2022-08-05,314.33477783203125
2022-08-08,313.3187561035156
2022-08-09,309.7724304199219
2022-08-10,318.41845703125
2022-08-11,316.611083984375
2022-08-12,322.7757263183594
2022-08-15,325.3841857910156
2022-08-16,324.6221618652344
2022-08-17,320.9194641113281
2022-08-18,321.6912841796875
2022-08-19,315.4191589355469
2022-08-22,307.1150817871094
2022-08-23,306.8610534667969
2022-08-24,307.7500915527344
2022-08-25,313.19183349609375
2022-08-26,300.3546447753906
2022-08-29,297.39447021484375
2022-08-30,294.08258056640625
2022-08-31,292.3728332519531
2022-09-01,292.4998779296875
2022-09-02,288.367431640625
2022-09-06,286.2962951660156
2022-09-07,292.0798034667969
2022-09-08,293.59405517578125
2022-09-09,300.01263427734375
2022-09-12,303.57855224609375
2022-09-13,286.9312744140625
2022-09-14,289.20751953125
2022-09-15,284.39117431640625
2022-09-16,282.6521911621094
2022-09-19,284.85333251953125
2022-09-20,282.582763671875
2022-09-21,277.5227966308594
2022-09-22,274.1071472167969
2022-09-23,269.6441955566406
2022-09-26,268.5284729003906
2022-09-27,268.6361083984375
2022-09-28,273.97991943359375
2022-09-29,266.0817565917969
2022-09-30,261.5699157714844
2022-10-03,267.70635986328125
2022-10-04,276.1232604980469
2022-10-05,275.9764404296875
2022-10-06,273.8036804199219
2022-10-07,263.37066650390625
2022-10-10,260.7379150390625
2022-10-11,257.15582275390625
2022-10-12,257.0677795410156
2022-10-13,263.0965881347656
2022-10-14,255.18858337402344
2022-10-17,263.6153564453125
2022-10-18,265.7000427246094
2022-10-19,264.73101806640625
2022-10-20,263.3804626464844
2022-10-21,269.55615234375
2022-10-24,272.5216064453125
2022-10-25,278.1589050292969
2022-10-26,272.0126647949219
2022-10-27,267.0603942871094
2022-10-28,275.23260498046875
2022-10-31,272.0322265625
2022-11-01,269.2527160644531
2022-11-02,260.02349853515625
2022-11-03,254.94398498535156
2022-11-04,259.0447692871094
2022-11-07,261.8927917480469
2022-11-08,263.80126953125
2022-11-09,257.7137756347656
2022-11-10,276.73004150390625
2022-11-11,281.8291320800781
2022-11-14,279.3627624511719
2022-11-15,283.22869873046875
2022-11-16,279.3627624511719
2022-11-17,278.7462463378906
2022-11-18,278.75604248046875
2022-11-21,275.8883361816406
2022-11-22,279.8619689941406
2022-11-23,282.6708679199219
2022-11-25,280.811279296875
2022-11-28,276.6908874511719
2022-11-29,274.5965270996094
2022-11-30,287.1141052246094
2022-12-01,287.46649169921875
2022-12-02,286.3213806152344
2022-12-05,281.5159606933594
2022-12-06,275.6828918457031
2022-12-07,274.5572814941406
2022-12-08,277.8066101074219
2022-12-09,276.0351257324219
2022-12-12,279.4997863769531
2022-12-13,282.5044250488281
2022-12-14,280.4100036621094
2022-12-15,270.9948425292969
2022-12-16,268.4110107421875
2022-12-19,264.63885498046875
2022-12-20,264.432861328125
2022-12-21,268.26873779296875
2022-12-22,261.7055358886719
2022-12-23,262.29412841796875
2022-12-27,258.58575439453125
2022-12-28,255.17172241210938
2022-12-29,261.3916015625
2022-12-30,261.234619140625
2023-01-03,259.46875
2023-01-04,260.704833984375
2023-01-05,256.6236572265625
2023-01-06,263.7068786621094
2023-01-09,265.41400146484375
2023-01-10,267.6605529785156
2023-01-11,272.29107666015625
2023-01-12,273.7626647949219
2023-01-13,275.64630126953125
2023-01-17,276.2054748535156
2023-01-18,272.6148681640625
2023-01-19,269.9364929199219
2023-01-20,277.3238830566406
2023-01-23,283.4848937988281
2023-01-24,282.90606689453125
2023-01-25,282.2782287597656
2023-01-26,287.7818603515625
2023-01-27,290.64654541015625
2023-01-30,284.77008056640625
2023-01-31,289.0376892089844
2023-02-01,295.21832275390625
2023-02-02,305.81365966796875
2023-02-03,300.37860107421875
2023-02-06,297.837646484375
2023-02-07,304.0085144042969
2023-02-08,298.6029052734375
2023-02-09,295.96392822265625
2023-02-10,294.02142333984375
2023-02-13,298.7304992675781
2023-02-14,300.93780517578125
2023-02-15,303.2433166503906
2023-02-16,297.55316162109375
2023-02-17,295.4537658691406
2023-02-21,288.4588623046875
2023-02-22,288.6746826171875
2023-02-23,291.1959533691406
2023-02-24,286.3201599121094
2023-02-27,288.3704833984375
2023-02-28,287.99774169921875
2023-03-01,285.6824035644531
2023-03-02,288.0467224121094
2023-03-03,294.0018310546875
2023-03-06,294.3352966308594
2023-03-07,290.72503662109375
2023-03-08,292.177001953125
2023-03-09,287.1147155761719
2023-03-10,283.0826721191406
2023-03-13,285.18212890625
2023-03-14,291.7355651855469
2023-03-15,293.2659912109375
2023-03-16,300.99664306640625
2023-03-17,299.5741271972656
2023-03-20,300.6373291015625
2023-03-21,304.9311218261719
2023-03-22,300.7846374511719
2023-03-23,304.35137939453125
2023-03-24,305.4715270996094
2023-03-27,303.378662109375
2023-03-28,301.7672424316406
2023-03-29,307.2696838378906
2023-03-30,310.1781005859375
2023-03-31,315.3365173339844
2023-04-03,314.57012939453125
2023-04-04,313.5090026855469
2023-04-05,310.41387939453125
2023-04-06,312.5066833496094
2023-04-10,312.3298645019531
2023-04-11,310.325439453125
2023-04-12,307.5840759277344
2023-04-13,313.60723876953125
2023-04-14,313.0177001953125
2023-04-17,313.282958984375
2023-04-18,313.3026123046875
2023-04-19,313.1552734375
2023-04-20,310.767578125
2023-04-21,311.09185791015625
2023-04-24,310.443359375
2023-04-25,304.5871887207031
2023-04-26,306.4344787597656
2023-04-27,314.7667236328125
2023-04-28,316.93817138671875
2023-05-01,316.5745849609375
2023-05-02,313.8135070800781
2023-05-03,311.7599792480469
2023-05-04,310.6595153808594
2023-05-05,317.2624816894531
2023-05-08,318.0484924316406
2023-05-09,316.0341796875
2023-05-10,319.47314453125
2023-05-11,320.51470947265625
2023-05-12,319.3651123046875
2023-05-15,321.09442138671875
2023-05-16,321.45794677734375
2023-05-17,325.34893798828125
2023-05-18,331.39178466796875
2023-05-19,330.64501953125
2023-05-22,331.75537109375
2023-05-23,327.5498352050781
2023-05-24,325.86968994140625
2023-05-25,333.7991027832031
2023-05-26,342.3277893066406
2023-05-30,343.8802490234375
2023-05-31,341.9248962402344
2023-06-01,345.8749084472656
2023-06-02,348.4688720703125
2023-06-05,348.7144775390625
2023-06-06,348.655517578125
2023-06-07,342.740478515625
2023-06-08,346.99493408203125
2023-06-09,348.3214416503906
2023-06-12,354.20703125
2023-06-13,356.9288330078125
2023-06-14,359.5228271484375
2023-06-15,363.8067932128906
2023-06-16,361.5173645019531
2023-06-20,360.9998474121094
2023-06-21,356.080322265625
2023-06-22,360.2816162109375
2023-06-23,356.71002197265625
2023-06-26,351.92803955078125
2023-06-27,357.97918701171875
2023-06-28,358.6778259277344
2023-06-29,357.9595947265625
2023-06-30,363.4793395996094
2023-07-03,364.33538818359375
2023-07-05,364.32550048828125
2023-07-06,361.55084228515625
2023-07-07,360.3504943847656
2023-07-10,360.468505859375
2023-07-11,362.2494201660156
2023-07-12,366.82470703125
2023-07-13,373.0528869628906
2023-07-14,372.9742126464844
2023-07-17,376.4572448730469
2023-07-18,379.5368957519531
2023-07-19,379.4483337402344
2023-07-20,370.7013244628906
2023-07-21,369.5895080566406
2023-07-24,370.1798400878906
2023-07-25,372.6888427734375
2023-07-26,371.4491271972656
2023-07-27,370.56353759765625
2023-07-28,377.313232421875
2023-07-31,377.5099792480469
2023-08-01,376.63433837890625
2023-08-02,368.3694763183594
2023-08-03,367.77911376953125
2023-08-04,366.05731201171875
2023-08-07,369.1565856933594
2023-08-08,366.0178527832031
2023-08-09,361.99359130859375
2023-08-10,362.6626281738281
2023-08-11,360.3504943847656
2023-08-14,364.3944396972656
2023-08-15,360.527587890625
2023-08-16,356.71002197265625
2023-08-17,352.8136901855469
2023-08-18,352.37091064453125
2023-08-21,358.048095703125
2023-08-22,357.536376953125
2023-08-23,363.1742858886719
2023-08-24,355.4112243652344
2023-08-25,358.1661682128906
2023-08-28,360.86212158203125
2023-08-29,368.7432556152344
2023-08-30,370.7996826171875
2023-08-31,371.9114685058594
2023-09-01,371.5179138183594
2023-09-05,371.99017333984375
2023-09-06,368.71380615234375
2023-09-07,366.0769348144531
2023-09-08,366.5885009765625
2023-09-11,370.9079284667969
2023-09-12,366.795166015625
2023-09-13,368.19232177734375
2023-09-14,371.20306396484375
2023-09-15,364.8470153808594
2023-09-18,365.2273864746094
2023-09-19,364.4488830566406
2023-09-20,359.197021484375
2023-09-21,352.61492919921875
2023-09-22,352.6641540527344
2023-09-25,354.33929443359375
2023-09-26,349.0184631347656
2023-09-27,349.8363037109375
2023-09-28,352.76275634765625
2023-09-29,353.0188903808594
2023-10-02,355.965087890625
2023-10-03,349.7179870605469
2023-10-04,354.4772644042969
2023-10-05,353.4327697753906
2023-10-06,359.3547058105469
2023-10-09,361.18743896484375
2023-10-10,363.1876525878906
2023-10-11,365.7790832519531
2023-10-12,364.5080261230469
2023-10-13,359.9261169433594
2023-10-16,363.99566650390625
2023-10-17,362.80340576171875
2023-10-18,358.044189453125
2023-10-19,354.6939697265625
2023-10-20,349.4027099609375
2023-10-23,350.4570617675781
2023-10-24,353.86627197265625
2023-10-25,345.20513916015625
2023-10-26,338.623046875
2023-10-27,340.2488098144531
2023-10-30,344.08184814453125
2023-10-31,345.72735595703125
2023-11-01,351.7281799316406
2023-11-02,358.11309814453125
2023-11-03,362.3205871582031
2023-11-06,363.7985534667969
2023-11-07,367.2374572753906
2023-11-08,367.47393798828125
2023-11-09,364.64593505859375
2023-11-10,372.8440856933594
2023-11-13,371.6813049316406
2023-11-14,379.68231201171875
2023-11-15,379.9680480957031
2023-11-16,380.293212890625
2023-11-17,380.38189697265625
2023-11-20,385.01300048828125
2023-11-21,382.77630615234375
2023-11-22,384.343017578125
2023-11-24,383.80108642578125
2023-11-27,383.466064453125
2023-11-28,384.4710693359375
2023-11-29,384.0966796875
2023-11-30,383.1310119628906
2023-12-01,384.2247619628906
2023-12-04,380.6578063964844
2023-12-05,381.61358642578125
2023-12-06,379.4064025878906
2023-12-07,384.70751953125
2023-12-08,386.42205810546875
2023-12-11,389.7230224609375
2023-12-12,392.8267517089844
2023-12-13,397.8225402832031
2023-12-14,397.4776306152344
2023-12-15,399.3990173339844
2023-12-18,401.9146423339844
2023-12-19,403.96832275390625
2023-12-20,397.9654235839844
2023-12-21,402.5959167480469
2023-12-22,403.19818115234375
2023-12-26,405.66644287109375
2023-12-27,406.4923400878906
2023-12-28,406.29473876953125
2023-12-29,404.5364074707031
2024-01-02,397.6907653808594
2024-01-03,393.4825744628906
2024-01-04,391.45751953125
2024-01-05,391.9218444824219
2024-01-08,400.0220947265625
2024-01-09,400.8122863769531
2024-01-10,403.5289001464844
2024-01-11,404.3684997558594
2024-01-12,404.5758972167969
2024-01-16,404.5364074707031
2024-01-17,402.2545166015625
2024-01-18,407.96417236328125
2024-01-19,416.0545349121094
2024-01-22,416.59783935546875
2024-01-23,418.3265380859375
2024-01-24,420.64788818359375
2024-01-25,421.1615905761719
2024-01-26,418.6524963378906
2024-01-29,422.939697265625
2024-01-30,420.1243591308594
2024-01-31,411.8957824707031
2024-02-01,416.7460021972656
2024-02-02,423.7892150878906
2024-02-05,423.236083984375
2024-02-06,422.38653564453125
2024-02-07,426.73297119140625
2024-02-08,427.5232238769531
2024-02-09,431.7314147949219
2024-02-12,430.04217529296875
2024-02-13,423.33477783203125
2024-02-14,427.947998046875
2024-02-15,429.2223205566406
2024-02-16,425.33026123046875
2024-02-20,422.1198425292969
2024-02-21,420.4305725097656
2024-02-22,432.7389221191406
2024-02-23,431.46466064453125
2024-02-26,431.2374572753906
2024-02-27,432.27471923828125
2024-02-28,429.97308349609375
2024-02-29,433.6576843261719
2024-03-01,440.1872253417969
2024-03-04,438.6165771484375
2024-03-05,430.74359130859375
2024-03-06,433.4502258300781
2024-03-07,440.02923583984375
2024-03-08,433.67742919921875
2024-03-11,432.0672912597656
2024-03-12,438.2609558105469
2024-03-13,434.8924560546875
2024-03-14,433.79595947265625
2024-03-15,428.6395263671875
2024-03-18,432.7276306152344
2024-03-19,433.8057556152344
2024-03-20,438.9492492675781
2024-03-21,441.0264587402344
2024-03-22,441.5308532714844
2024-03-25,439.92852783203125
2024-03-26,438.504150390625
2024-03-27,439.9977722167969
2024-03-28,439.1866455078125
2024-04-01,440.1164855957031
2024-04-02,436.3181457519531
2024-04-03,437.2974548339844
2024-04-04,430.61083984375
2024-04-05,435.68511962890625
2024-04-08,435.813720703125
2024-04-09,437.426025390625
2024-04-10,433.6079406738281
2024-04-11,440.5318908691406
2024-04-12,433.50897216796875
2024-04-15,426.3773193359375
2024-04-16,426.41693115234375
2024-04-17,421.2140197753906
2024-04-18,418.8104248046875
2024-04-19,410.14556884765625
2024-04-22,414.27032470703125
2024-04-23,420.452392578125
2024-04-24,421.87677001953125
2024-04-25,419.8392028808594
2024-04-26,426.3180236816406
2024-04-29,428.0489501953125
2024-04-30,419.97760009765625
2024-05-01,416.9409484863281
2024-05-02,422.26251220703125
2024-05-03,430.74932861328125
2024-05-06,435.4674987792969
2024-05-07,435.5367431640625
2024-05-08,435.279541015625
2024-05-09,436.2290954589844
2024-05-10,437.2578430175781
2024-05-13,438.2667541503906
2024-05-14,441.0858154296875
2024-05-15,447.9801025390625
2024-05-16,447.0700988769531
2024-05-17,446.85247802734375
2024-05-20,449.9682312011719
2024-05-21,450.84857177734375
2024-05-22,450.75958251953125
2024-05-23,448.73187255859375
2024-05-24,452.97528076171875
2024-05-28,454.6864318847656
2024-05-29,451.48162841796875
2024-05-30,446.64471435546875
2024-05-31,445.8138427734375
2024-06-03,448.2076110839844
2024-06-04,449.43414306640625
2024-06-05,458.49462890625
2024-06-06,458.33636474609375
2024-06-07,457.9307861328125
2024-06-10,459.780517578125
2024-06-11,462.9358215332031
2024-06-12,468.9992370605469
2024-06-13,471.5413513183594
2024-06-14,473.9844665527344
2024-06-17,479.790771484375
2024-06-18,479.9390869140625
2024-06-20,476.2397766113281
2024-06-21,474.9637451171875
2024-06-24,469.55645751953125
2024-06-25,474.92608642578125
2024-06-26,475.9068603515625
2024-06-27,477.1353454589844
2024-06-28,474.6585998535156
2024-07-01,477.4425048828125
2024-07-02,482.4555358886719
2024-07-03,486.4777526855469
2024-07-05,491.5502014160156
2024-07-08,492.71923828125
2024-07-09,493.14520263671875
2024-07-10,498.2869873046875
2024-07-11,487.3594970703125
2024-07-12,490.22265625
2024-07-15,491.540283203125
2024-07-16,491.728515625
2024-07-17,477.29388427734375
2024-07-18,475.0350646972656
2024-07-19,470.8246154785156
2024-07-22,477.8387756347656
2024-07-23,476.1545715332031
2024-07-24,459.07476806640625
2024-07-25,454.01220703125
2024-07-26,458.6685485839844
2024-07-29,459.5899353027344
2024-07-30,453.2790832519531
2024-07-31,466.69329833984375
2024-08-01,455.3892822265625
2024-08-02,444.5806884765625
2024-08-05,431.3249816894531
2024-08-06,435.4463195800781
2024-08-07,430.7305603027344
2024-08-08,443.9070129394531
2024-08-09,446.2252502441406
2024-08-12,447.186279296875
2024-08-13,458.2821350097656
2024-08-14,458.4307861328125
2024-08-15,470.0122375488281
2024-08-16,470.61651611328125
2024-08-19,476.7984924316406
2024-08-20,475.7979431152344
2024-08-21,478.0171203613281
2024-08-22,470.438232421875
2024-08-23,475.5403137207031
2024-08-26,470.923583984375
2024-08-27,472.3304138183594
2024-08-28,466.9706726074219
2024-08-29,466.287109375
2024-08-30,471.844970703125
2024-09-03,457.5193176269531
2024-09-04,456.3304443359375
2024-09-05,456.7565002441406
2024-09-06,444.521240234375
2024-09-09,450.2376403808594
2024-09-10,454.39862060546875
2024-09-11,464.26605224609375
2024-09-12,468.8233337402344
2024-09-13,470.923583984375
2024-09-16,468.8431701660156
2024-09-17,469.0907897949219
2024-09-18,467.0598449707031
2024-09-19,478.869140625
2024-09-20,477.9576416015625
2024-09-23,479.224609375
2024-09-24,481.5361328125
2024-09-25,481.9826354980469
2024-09-26,485.60382080078125
2024-09-27,482.90533447265625
2024-09-30,484.2148742675781
2024-10-01,477.4685363769531
2024-10-02,478.1431884765625
2024-10-03,477.78607177734375
2024-10-04,483.4707946777344
2024-10-07,478.2920227050781
2024-10-08,485.4351501464844
2024-10-09,489.25469970703125
2024-10-10,488.6991271972656
2024-10-11,489.4630432128906
2024-10-14,493.5703430175781
2024-10-15,486.9728698730469
2024-10-16,487.03240966796875
2024-10-17,487.3697204589844
2024-10-18,490.56427001953125
2024-10-21,491.5068054199219
2024-10-22,492.0425720214844
2024-10-23,484.5025329589844
2024-10-24,488.4312744140625
2024-10-25,491.4075927734375
2024-10-28,491.4869384765625
2024-10-29,496.2093811035156
2024-10-30,492.459228515625
2024-10-31,480.0281982421875
2024-11-01,483.5799255371094
2024-11-04,482.1711730957031
2024-11-05,488.3221740722656
2024-11-06,501.5865173339844
2024-11-07,509.4836120605469
2024-11-08,510.07891845703125
2024-11-11,509.78131103515625
2024-11-12,508.8586120605469
2024-11-13,508.203857421875
2024-11-14,504.6719970703125
2024-11-15,492.6477355957031
2024-11-18,496.0704650878906
2024-11-19,499.4832763671875
2024-11-20,499.19561767578125
2024-11-21,500.9913330078125
2024-11-22,501.79486083984375
2024-11-25,502.58856201171875
2024-11-26,505.2870788574219
2024-11-27,501.3087463378906
2024-11-29,505.71368408203125
2024-12-02,511.2198181152344
2024-12-03,512.787353515625
2024-12-04,519.126953125
2024-12-05,517.6883544921875
2024-12-06,522.3214721679688
2024-12-09,518.2538452148438
2024-12-10,516.4878540039062
2024-12-11,525.7342529296875
2024-12-12,522.34130859375
2024-12-13,526.3394775390625
2024-12-16,533.9191284179688
2024-12-17,531.5677490234375
2024-12-18,512.3904418945312
2024-12-19,510.10870361328125
2024-12-20,514.563232421875
2024-12-23,519.576416015625
2024-12-24,526.621826171875
2024-12-26,526.2640991210938
2024-12-27,519.2684326171875
2024-12-30,512.3621826171875
2024-12-31,508.0097961425781
2025-01-02,507.0160827636719
2025-01-03,515.3134765625
2025-01-06,521.2359008789062
2025-01-07,511.9348449707031
2025-01-08,512.0243530273438
2025-01-10,503.9952087402344
2025-01-13,502.37548828125
2025-01-14,501.89849853515625
2025-01-15,513.4453125
2025-01-16,509.84814453125
2025-01-17,518.4535522460938
2025-01-21,521.4943237304688
2025-01-22,528.1620483398438
2025-01-23,529.284912109375
2025-01-24,526.2938232421875
2025-01-27,510.9710388183594
2025-01-28,518.5231323242188
2025-01-29,517.5493774414062
2025-01-30,519.7553100585938
2025-01-31,519.0000610351562
2025-02-03,514.8463745117188
2025-02-04,521.1663818359375
2025-02-05,523.5314331054688
2025-02-06,526.2640991210938
2025-02-07,519.6260986328125
2025-02-10,525.9161987304688
2025-02-11,524.6641845703125
2025-02-12,524.9722290039062
2025-02-13,532.5243530273438
2025-02-14,534.76025390625
2025-02-18,535.9724731445312
2025-02-19,536.1216430664062
2025-02-20,533.845947265625
2025-02-21,522.7661743164062
2025-02-24,516.5953369140625
2025-02-25,510.08660888671875
2025-02-26,511.3187561035156
2025-02-27,497.1187744140625
2025-02-28,504.96905517578125
2025-03-03,493.9190673828125
2025-03-04,492.42852783203125
2025-03-05,498.8478088378906
2025-03-06,485.1248474121094
2025-03-07,488.6922302246094
2025-03-10,469.7523193359375
2025-03-11,468.62939453125
2025-03-12,473.9159240722656
2025-03-13,465.389892578125
2025-03-14,476.63861083984375
2025-03-17,479.72900390625
2025-03-18,471.5509033203125
2025-03-19,477.8608703613281
2025-03-20,476.2411193847656
2025-03-21,477.8111877441406
2025-03-24,488.29644775390625
2025-03-25,491.0829162597656
2025-03-26,482.04669189453125
2025-03-27,479.29998779296875
2025-03-28,466.6810607910156
2025-03-31,466.66119384765625
2025-04-01,470.4229736328125
2025-04-02,473.8563232421875
2025-04-03,448.4891357421875
2025-04-04,420.63397216796875
2025-04-07,421.6490478515625
2025-04-08,414.0557556152344
2025-04-09,463.7552185058594
2025-04-10,444.03070068359375
2025-04-11,452.21112060546875
2025-04-14,455.27630615234375
2025-04-15,455.7838134765625
2025-04-16,442.0403137207031
2025-04-17,441.9607238769531
2025-04-21,431.02362060546875
2025-04-22,442.3388977050781
2025-04-23,452.3703308105469
2025-04-24,465.09869384765625
2025-04-25,470.2835998535156
2025-04-28,470.13433837890625
2025-04-29,473.2393493652344
2025-04-30,473.1795959472656
2025-05-01,479.3596496582031
2025-05-02,486.4752502441406
2025-05-05,483.5892028808594
2025-05-06,479.0910339355469
2025-05-07,480.9718933105469
2025-05-08,485.9378356933594
2025-05-09,485.619384765625
2025-05-12,505.40362548828125
2025-05-13,513.1063232421875
2025-05-14,516.1815185546875
2025-05-15,516.7487182617188
2025-05-16,518.997802734375
2025-05-19,519.4954833984375
2025-05-20,517.7638549804688
2025-05-21,510.5686340332031
2025-05-22,511.5240478515625
2025-05-23,506.78692626953125
2025-05-27,518.7091674804688
2025-05-28,516.4103393554688
2025-05-29,517.4254760742188
2025-05-30,516.6094360351562
2025-06-02,520.689697265625
2025-06-03,524.7599487304688
2025-06-04,526.222900390625
2025-06-05,522.2620239257812
2025-06-06,527.3673095703125
2025-06-09,528.1435546875
2025-06-10,531.63671875
2025-06-11,529.8452758789062
2025-06-12,531.0892944335938
2025-06-13,524.421630859375
2025-06-16,531.7162475585938
2025-06-17,526.5313110351562
2025-06-18,526.4417114257812
2025-06-20,524.292236328125
2025-06-23,529.6832275390625
2025-06-24,537.7831420898438
2025-06-25,539.157958984375
2025-06-26,544.19921875
2025-06-27,546.0623779296875
2025-06-30,549.5991821289062
2025-07-01,544.9664306640625
2025-07-02,548.7623291015625
2025-07-03,554.1622924804688
2025-07-07,549.98779296875
2025-07-08,550.2966918945312
2025-07-09,554.192138671875
2025-07-10,553.3951416015625
2025-07-11,552.1498413085938
2025-07-14,554.15234375
2025-07-15,554.6604614257812
2025-07-16,555.2283325195312
2025-07-17,559.7216796875
2025-07-18,559.1836547851562
2025-07-21,562.0828857421875
2025-07-22,559.1736450195312
2025-07-23,561.7241821289062
2025-07-24,562.9197998046875
2025-07-25,564.2747802734375
2025-07-28,566.0381469726562
2025-07-29,565.1614379882812
2025-07-30,565.918701171875
2025-07-31,562.9197998046875
2025-08-01,551.8309326171875
2025-08-04,562.0131225585938
2025-08-05,558.1973266601562
2025-08-06,565.2212524414062
2025-08-07,567.1341552734375
2025-08-08,572.4244995117188
2025-08-11,570.730712890625
2025-08-12,577.9041137695312
2025-08-13,578.193115234375
2025-08-14,577.7447509765625
2025-08-15,575.2042236328125
2025-08-18,574.9749755859375
2025-08-19,567.1740112304688
2025-08-20,563.8064575195312
2025-08-21,561.1962280273438
2025-08-22,569.85400390625
2025-08-25,568.2101440429688
2025-08-26,570.4916381835938
2025-08-27,571.368408203125
2025-08-28,574.9451293945312
2025-08-29,568.2899169921875
2025-09-02,563.5274658203125
2025-09-03,567.9610595703125
2025-09-04,573.1019287109375
2025-09-05,573.9288940429688
2025-09-08,576.728515625
2025-09-09,578.3624267578125
2025-09-10,578.5516967773438
2025-09-11,581.9192504882812
2025-09-12,584.4896850585938
2025-09-15,589.4910888671875
2025-09-16,588.992919921875
2025-09-17,587.8173828125
2025-09-18,593.11767578125
2025-09-19,597.1326904296875
2025-09-22,600.667724609375
2025-09-23,596.6779174804688
2025-09-24,594.583251953125
2025-09-25,592.0198364257812
2025-09-26,594.4535522460938
2025-09-29,597.20654296875
2025-09-30,598.8424072265625
2025-10-01,601.7150268554688
2025-10-02,604.188720703125
2025-10-03,601.645263671875
2025-10-06,606.1636962890625
2025-10-07,602.9718627929688
2025-10-08,609.8842163085938
2025-10-09,609.1461181640625
2025-10-10,588.0000610351562
2025-10-13,600.4782104492188
2025-10-14,596.4784545898438
2025-10-15,600.6876831054688
2025-10-16,598.46337890625
2025-10-17,602.393310546875
2025-10-20,609.9839477539062
2025-10-21,609.8244018554688
2025-10-22,603.9493408203125
2025-10-23,609.0264282226562
2025-10-24,615.52978515625
2025-10-27,626.4918823242188
2025-10-28,631.3095703125
2025-10-29,634.15234375
2025-10-30,624.45703125
2025-10-31,627.4694213867188
2025-11-03,630.4716796875
2025-11-04,617.67431640625
2025-11-05,621.6941528320312
2025-11-06,610.1136474609375
2025-11-07,608.1885375976562
2025-11-10,621.6442260742188
2025-11-11,619.9884643554688
2025-11-12,619.4996948242188
2025-11-13,606.8519897460938
2025-11-14,607.310791015625
2025-11-17,602.1240234375
2025-11-18,594.7926635742188
2025-11-19,598.3436279296875
2025-11-20,584.1797485351562
2025-11-21,588.568603515625
2025-11-24,603.6201782226562
2025-11-25,607.3407592773438
2025-11-26,612.70703125
2025-11-28,617.67431640625
2025-12-01,615.599609375
2025-12-02,620.4172973632812
2025-12-03,621.9334716796875
2025-12-04,621.35498046875
2025-12-05,623.8884887695312
2025-12-08,622.6915283203125
2025-12-09,623.4595336914062
2025-12-10,626.0130615234375
2025-12-11,623.98828125
2025-12-12,612.0586547851562
2025-12-15,608.9865112304688
2025-12-16,610.1934204101562
2025-12-17,598.8822631835938
2025-12-18,607.5601196289062
2025-12-19,615.47998046875
2025-12-22,618.4302368164062
2025-12-23,621.3265380859375
2025-12-24,623.144287109375
2025-12-26,623.1043090820312
2025-12-29,620.088134765625
2025-12-30,618.64990234375
2025-12-31,613.536376953125
2026-01-02,612.347900390625
2026-01-05,617.2117309570312
2026-01-06,622.6348876953125
2026-01-07,623.2341918945312
2026-01-08,619.6885986328125
2026-01-09,625.86083984375
2026-01-12,626.3801879882812
2026-01-13,625.4513549804688
2026-01-14,618.769775390625
2026-01-15,620.9970092773438
2026-01-16,620.4776611328125
2026-01-20,607.2942504882812
2026-01-21,615.50390625
2026-01-22,619.978271484375
2026-01-23,621.935791015625
2026-01-26,624.67236328125
2026-01-27,630.335205078125
2026-01-28,632.4225463867188
2026-01-29,628.6373291015625
2026-01-30,621.0868530273438
2026-02-02,625.3515014648438
2026-02-03,615.7435913085938
2026-02-04,604.9871826171875
2026-02-05,596.2781982421875
2026-02-06,608.8822631835938
2026-02-09,613.54638671875
2026-02-10,610.699951171875
2026-02-11,612.337890625
2026-02-12,599.8836059570312
2026-02-13,601.1619873046875
2026-02-17,600.542724609375
2026-02-18,605.027099609375
2026-02-19,602.7100219726562
2026-02-20,608.0433349609375
2026-02-23,600.652587890625
2026-02-24,607.1044921875
2026-02-25,615.9033813476562
2026-02-26,608.4727783203125
2026-02-27,606.5252075195312
2026-03-02,607.32421875
2026-03-03,600.8224487304688
2026-03-04,609.9808959960938
2026-03-05,608.1431274414062
2026-03-06,598.9946899414062
2026-03-09,606.99462890625
2026-03-10,607.004638671875
2026-03-11,606.9247436523438
2026-03-12,596.5078735351562
2026-03-13,592.9722900390625
2026-03-16,599.6239013671875
2026-03-17,602.5502319335938
2026-03-18,594.15087890625
2026-03-19,592.273193359375
2026-03-20,581.3269653320312
2026-03-23,588.0
2026-03-24,583.97998046875
2026-03-25,587.8200073242188
2026-03-26,573.7899780273438
2026-03-27,562.5800170898438
2026-03-30,558.280029296875
2026-03-31,577.1799926757812
2026-04-01,584.3099975585938
2026-04-02,584.97998046875
2026-04-06,588.5
2026-04-07,588.5900268554688
2026-04-08,606.0900268554688
2026-04-09,610.1900024414062
2026-04-10,611.0700073242188
2026-04-13,617.3900146484375
2026-04-14,628.5999755859375
2026-04-15,637.4000244140625
2026-04-16,640.469970703125
2026-04-17,648.8499755859375
2026-04-20,646.7899780273438
2026-04-21,644.3300170898438
2026-04-22,655.1099853515625
2026-04-23,651.4199829101562
2026-04-24,663.8800048828125
2026-04-27,664.22998046875
2026-04-28,657.5499877929688
2026-04-29,661.5700073242188
2026-04-30,667.739990234375
2026-05-01,674.1500244140625
2026-05-04,672.8800048828125
2026-05-05,681.6099853515625
2026-05-06,695.77001953125
2026-05-07,694.9400024414062
2026-05-08,711.22998046875
2026-05-11,713.2899780273438
2026-05-12,707.239990234375
2026-05-13,714.7100219726562
2026-05-14,719.7899780273438
2026-05-15,708.9299926757812
2026-05-18,705.8800048828125
2026-05-19,701.530029296875
2026-05-20,713.1500244140625
2026-05-21,714.510009765625
2026-05-22,717.5399780273438
2026-05-26,730.280029296875
2026-05-27,729.4500122070312
2026-05-28,735.5999755859375
2026-05-29,738.3099975585938
