Date,BTC-USD,DIA,ETH-USD,GLD,QQQ,SPY,TLT,VIX,market_mean_return,market_volatility,cross_asset_dispersion,regime,regime_label,risk_signal,signal_strength
2024-08-16,0.0231759129469639,0.0029266203391418,0.0089875833552688,0.0223877385265893,0.0012857306108033,0.0022420920844279,0.0035012120949178,-0.0282337074475266,0.0045341478138232,0.0159431506553822,0.0514096203944905,1,normal,risk_on,0.0718869188636959
2024-08-19,0.0172609412502557,0.0058269872507912,0.0091641582536232,-0.0016380226467286,0.0131359750970776,0.009561370914747,0.004618246307708,-0.0101351736669905,0.0059743103450604,0.0086275581291303,0.0273961149172462,1,normal,risk_on,0.0419979833914369
2024-08-20,-0.0080792109215798,-0.0013443273730298,-0.0243428154484458,0.0036699887797402,-0.0020986020371315,-0.0016261140417987,0.0079682678038661,0.083959080405358,0.0072632833958723,0.0324494087839305,0.1083018958538038,1,normal,risk_on,0.14801458803360662
2024-08-21,0.0366428757006145,0.0010523674238063,0.0226529933357029,-0.0013336178629831,0.0046641813780896,0.0034364414493197,0.000607995554319,0.024559215397492,0.0115353065470451,0.0142994831110359,0.0379764935635976,1,normal,risk_on,0.0638112832216786
2024-08-22,-0.0129673046461273,-0.0036920247282862,-0.003208978571182,-0.0119750112099357,-0.0158548462317088,-0.0078483566284003,-0.0099261156306422,0.0786723259547352,0.0016499610385565,0.0314291425166806,0.0945271721864439,1,normal,risk_on,0.12760627574168099
2024-08-23,0.0614826718213559,0.0106753734349334,0.0539451873202012,0.0115534255207159,0.0108454446615446,0.0106253094436228,0.0065473630161489,-0.0962962765727367,0.0086723123307232,0.0476330274287057,0.1577789483940926,0,stress,defensive,0.21408428815352148
2024-08-26,-0.0225835970701276,0.0021611107862771,-0.0246683332519281,0.0031893380775309,-0.0097083870848502,-0.0023836693208421,-0.0025408449842042,0.0182849916854148,-0.0047811738953411,0.0140978330761824,0.0429533249373429,1,normal,neutral,0.0618323319088664
2024-08-27,-0.0536973901889672,0.0004118268841137,-0.0830234009249578,0.002706671669018,0.0029873843457015,0.0013730985152622,-0.0017323904103557,-0.044582001879949,-0.0219445252487667,0.0336635854828497,0.0860107852706593,1,normal,neutral,0.1416188960022757
2024-08-28,-0.008007978437422,-0.0037540477551385,0.0283435197336019,-0.0070268623074566,-0.011347504258488,-0.0058055825658068,-0.0012246796721903,0.1088788251424888,0.0125069612349485,0.040879839442395,0.1202263294009768,0,stress,defensive,0.1736131300783203
2024-08-29,0.0061082363977882,0.0062478261959895,0.0001491832578726,0.0051779803591895,-0.0014637594070461,8.974548448503761e-05,-0.003270629794895,-0.0853302711712347,-0.0090364610847313,0.0310391951112728,0.0915780973672242,1,normal,neutral,0.1316537535632283
2024-08-30,-0.0045245219909738,0.0055567465202159,-0.0011747515310726,-0.0071260085162319,0.0119193965533885,0.0095459866384983,-0.010663097480788,-0.0415335229631983,-0.0047499715962702,0.0168817059948062,0.0534529195165868,1,normal,neutral,0.0750845971076632
2024-09-03,-0.0284450427036115,-0.0143195963782277,-0.0463257767220719,-0.0043235765879541,-0.0303609300492961,-0.0205789961944716,0.0163551937819632,0.3813332875569659,0.031666820337912,0.1425204205099002,0.4276590642790377,2,shock,risk_off,0.6018463051268499
2024-09-04,0.0094115617770285,0.0004142299766616,0.0117215760329034,0.0006079265001952,-0.0025984535479404,-0.0020468769013446,0.0128898145294713,0.0289575483278619,0.0074196658368546,0.0107020095675742,0.0315560018758023,1,normal,risk_on,0.0496776772802311
2024-09-05,-0.0312403432880655,-0.0047754997177603,-0.0331728310509111,0.0083323069425074,0.0009336564248683,-0.0024320392583009,0.0056562342537815,-0.066604132111628,-0.0154128309756885,0.0260304095936608,0.0749364390541354,1,normal,neutral,0.1163796796234847
2024-09-06,-0.0393823921886807,-0.0097682366772627,-0.0607588810067132,-0.0074026304089563,-0.0267874007341084,-0.0168301579231198,-0.0001005714120037,0.1246230949636313,-0.0045508969234016,0.0557531440301367,0.1853819759703445,0,stress,defensive,0.2456860169238828
2024-09-09,0.0397138319111138,0.0113233365164948,0.0266353529204719,0.0042058760792897,0.0128596782989951,0.0111960846976155,0.0043190745906347,-0.1309203980205504,-0.0025833953757418,0.0532228133444293,0.1706342299316642,0,stress,defensive,0.22644043865183527
2024-09-10,0.0110343898722757,-0.0019312835278439,0.0131859707258841,0.0044040975250061,0.0092416744710892,0.0043559000250688,0.0070009138081488,-0.0190231786488364,0.003533560531349,0.0102409656826668,0.0322091493747205,1,normal,risk_on,0.0459836755887363
2024-09-11,-0.0053000155169341,0.0024739172340171,-0.0208151558012874,-0.0015905559494191,0.0217155002040667,0.0102588328278108,-0.0007947257642239,-0.0728511213420615,-0.0083629155135039,0.0287730733078948,0.0945666215461281,1,normal,neutral,0.1317026103675268
2024-09-12,0.0136692794995481,0.0065971244124936,0.0093767825950588,0.0175672845255314,0.009816032542016,0.0084232853476851,-0.0046713925666933,-0.035048096128643,0.0032162875283745,0.0167402249854075,0.0526153806541744,1,normal,risk_on,0.0725718931679564
2024-09-13,0.0420508295579824,0.0072093981320422,0.03379882152498,0.0099436839441422,0.0044798980992752,0.0052227385698044,0.0026962862305786,-0.0298769910954639,0.0094405831204176,0.021698383873575,0.0719278206534463,1,normal,risk_on,0.1030667876474389
2024-09-16,-0.0167333671885179,0.00588018652415,-0.011036044683605,-8.374817448175698e-05,-0.0044178605392637,0.0014767910499231,0.009162259404315,0.0350241511117734,0.0024090459380366,0.0156857169353389,0.0517575183002913,1,normal,risk_on,0.06985228117366679
2024-09-17,0.0363626062794542,-0.0002874115182306,0.0202258537536954,-0.0055309113549144,0.0005282804484421,0.0004089012702179,-0.0048357682547885,0.0274213090688311,0.0092866074615884,0.0162473223388415,0.0418935176343686,1,normal,risk_on,0.0674274474347985
2024-09-18,0.0222379889456469,-0.0025643786636059,0.0119661559264923,-0.0077104654052888,-0.0043295994162577,-0.002965840428997,-0.0123956964012051,0.0352072067232249,0.0049306714100012,0.0166046229593336,0.04760290312443,1,normal,risk_on,0.0691381974937648
2024-09-19,0.0209372919744741,0.012542291416961,0.0400987594795603,0.0155407572819721,0.025284134846367,0.017064154230888,-0.0033137430036201,-0.1042237886034085,0.0029912322028992,0.0450040902827774,0.1443225480829688,0,stress,defensive,0.1923178705686454
2024-09-20,0.0040120384115518,0.0009710980044128,0.0390789079427971,0.0127106600668804,-0.0019031861735283,-0.0017286360158116,-0.0038283617538282,-0.0110226764247853,0.004786230507211,0.0154238379442436,0.0501015843675824,1,normal,risk_on,0.07031165281903701
2024-09-23,-0.0050104731353185,0.0012839030533895,0.0254306362219802,0.0019404068737312,0.0026506672288868,0.0024990436022265,-0.0021237519069601,-0.0160990267089047,0.0013214256536288,0.0115895679590155,0.0415296629308849,1,normal,risk_on,0.0544406565435292
2024-09-24,0.0153508767871859,0.0024223539822969,0.0021931251720292,0.0139690734743285,0.0048235933101921,0.0028611139345868,-0.0002026450582864,-0.031466330345934,0.0012438951570498,0.0143959709801852,0.0468172071331199,1,normal,risk_on,0.06245707327035489
2024-09-25,-0.0180215978029444,-0.0071305681852853,-0.0282427592184791,-0.001381767735032,0.0009271830486856,-0.0022054529497933,-0.008312209802593,0.0012995129072905,-0.0078834574672688,0.0103819882762325,0.0295422721257695,1,normal,neutral,0.0478077178692708
2024-09-26,0.0322738915701519,0.0059648880725733,0.0204743394714863,0.0050868840667948,0.0075130399281178,0.0039647481065621,0.0023510984269814,-0.0025957146170734,0.0093791468781992,0.011357452924319,0.0348696061872252,1,normal,risk_on,0.0556062059897434
2024-09-27,0.0093530990407064,0.0031543481892359,0.0242005488851217,-0.0079358307919007,-0.0055570341494438,-0.001450471568814,0.0052008478726903,0.103448224512185,0.0163017164987226,0.0366092789448904,0.1113840553040857,0,stress,defensive,0.16429505074769868
2024-09-30,-0.0351305550949797,0.0004020801736039,-0.0211646623399097,-0.0079993742538982,0.0027118575516436,0.0040073380164611,-0.0047682377522485,-0.0135612944959943,-0.0094378560244152,0.0134362154986898,0.0391378931114408,1,normal,neutral,0.0620119646345458
2024-10-01,-0.0393575219684348,-0.0038287176728913,-0.0592154768107168,0.0104912493926243,-0.0139324670858913,-0.0089584326386634,0.0072199814937865,0.1512253888745367,0.0054555004480437,0.0634009083628154,0.2104408656852535,0,stress,defensive,0.2792972744961126
2024-10-02,-0.003356881996554,0.0009726877584037,-0.0341740089829495,0.0002035871977259,0.0014129131673268,0.0004219725084146,-0.0084272173996984,-0.0186916202530317,-0.0077048210000453,0.0126929340747834,0.0355869221502763,1,normal,neutral,0.055984677225105
2024-10-03,0.0020882627636797,-0.0045743400838136,-0.0065280833824232,-0.0006920058878574,-0.0007469462039808,-0.0018280675094037,-0.0094202182782503,0.0841269938984015,0.007803199414544,0.0310558303216878,0.0935472121766518,1,normal,risk_on,0.13240624191288358
2024-10-04,0.0215287538766344,0.0081669499642564,0.0276631744529336,-0.0019960303156933,0.0118981160815867,0.0090872694961003,-0.0123011565967116,-0.0624695315248242,0.0001971931792852,0.0282261657928743,0.0901327059777578,1,normal,risk_on,0.1185560649499173
2024-10-07,-0.0092693835185588,-0.0089746607369151,-0.0074432160600884,-0.0033877625757333,-0.0107115286412323,-0.0090403495564238,-0.0075352606014519,0.1785528614599589,0.0152738374711944,0.0660101645547077,0.1892643901011912,0,stress,defensive,0.2705483921270933
2024-10-08,-0.0016821501344571,0.0028359954703935,0.0074507451299583,-0.0073719255652053,0.0149345287217741,0.0094576497334462,0.0016869765051732,-0.0538868969189243,-0.0033218846322301,0.0215525367573435,0.0688214256406984,1,normal,neutral,0.093695847030272
2024-10-09,-0.0249447622324054,0.0100996466275167,-0.0293287055660089,-0.0054461859637017,0.0078683637085115,0.0069263522125815,-0.0056844410983775,-0.0261437658238924,-0.008331687266972,0.0164074752098,0.0394283521935256,1,normal,neutral,0.0641675146702976
2024-10-10,-0.0050774330134892,-0.0009172735059977,0.0065762664129611,0.0073428925536287,-0.0011354862661926,-0.0017502763905918,-0.0039176665964718,0.0033556899700897,0.000559589145492,0.0046635901379926,0.0124203255671179,1,normal,risk_on,0.017643504850602502
2024-10-11,0.0360117436685496,0.0095838997021939,0.0220883624622885,0.0109134083541395,0.0015630372355059,0.0059882686872427,-0.0040390855363668,-0.0224558630602073,0.0074567214391682,0.0173606942824009,0.0584676067287569,1,normal,risk_on,0.083285022450326
2024-10-14,0.0508302324332601,0.0050383038842876,0.0653338748397864,-0.001629502157067,0.008391502964949,0.0081784513340124,0.0007470021109221,-0.037145569674535,0.0124680369669519,0.0319694222086159,0.1024794445143214,1,normal,risk_on,0.1469169036898892
2024-10-15,0.0150649924579224,-0.0077748001724364,-0.0087024727214237,0.0034683593231465,-0.0133667727818042,-0.0077696278185275,0.0121574033704385,0.0477156644824783,0.0050990932674742,0.0201096383106344,0.0610824372642825,1,normal,risk_on,0.0862911688423911
2024-10-16,0.0085262517331365,0.0074379578530103,0.0019493612019787,0.0050016092090814,0.000122202441442,0.0043464973089029,0.0042145330847738,-0.0513565647910828,-0.0024697689948446,0.019936342360012,0.0598828165242193,1,normal,neutral,0.0822889278790759
2024-10-17,-0.0031485616380424,0.0040166367232161,-0.0026152226716711,0.0059883108350307,0.0006926465300813,8.578339713571914e-05,-0.0158428552889471,-0.0240040508266524,-0.0043534141174811,0.0103150790399978,0.0299923616616831,1,normal,neutral,0.044660854819162
2024-10-18,0.0151180356869842,0.0007841812823561,0.0143144756065001,0.0106181850050348,0.0065546108197478,0.0038464792403316,0.0007461184800587,-0.0565149078603919,-0.0005666027174223,0.0232885671757353,0.0716329435473761,1,normal,neutral,0.09548811344053369
2024-10-21,-0.023678423698328,-0.0075583716834205,-0.0293667755138252,-0.0001990012771423,0.0019213290856936,-0.0016422048779181,-0.0174709408401051,0.0188574675340817,-0.0073921151588704,0.0156311187000617,0.0482242430479069,1,normal,neutral,0.071247476906839
2024-10-22,-9.56734161845496e-05,-0.0001398861681765,-0.0170741046805968,0.0107873236283337,0.0010899871132541,-0.000531198659889,0.0009758023357209,-0.0092542225654596,-0.0017802465516247,0.0081995554791116,0.0278614283089305,1,normal,neutral,0.0378412303396668
2024-10-23,-0.0137944112100539,-0.0096665257175792,-0.0424008619191603,-0.012050555849465,-0.0153238956165786,-0.0091373190288617,-0.0027078704546982,0.0571428002517699,-0.0059923299430783,0.0281080997517793,0.0995436621709301,1,normal,neutral,0.13364409186578768
2024-10-24,0.0260244203411819,-0.0032457127602274,0.0101230200357702,0.0076932593460161,0.0081088780871014,0.0021626194363795,0.0064082990282645,-0.0083160004841733,0.0061198478787891,0.0102155313273217,0.0343404208253552,1,normal,risk_on,0.050675800031465996
2024-10-25,-0.0222801808446562,-0.0062296168990977,-0.0388891339875734,0.0020569789010425,0.0060935648713453,-0.0003451608671668,-0.005612108058511,0.0655136270963465,3.849627646615103e-05,0.0302668616406542,0.1044027610839199,1,normal,risk_on,0.13470811900104024
2024-10-28,0.029125296867722,0.0069572801671546,0.0237066548795719,3.945407605776552e-05,0.0001614661724642,0.0030913186317853,-0.0027131603091795,-0.0260698813888086,0.0042873036370959,0.0169378199138797,0.0551951782565306,1,normal,risk_on,0.0764203018075062
2024-10-29,0.0402349390541754,-0.0037023183096187,0.028303906880938,0.0108948584332169,0.0096084804238969,0.0016181787103388,0.0015235210747224,-0.0232322778887614,0.0081561610473635,0.019483267960997,0.0634672169429368,1,normal,risk_on,0.0911066459512973
2024-10-30,-0.0052385938755442,-0.0017752343674012,0.0073598755547625,0.0055058912189955,-0.0075576626486358,-0.0030250183950935,0.0029335909622836,0.0522233826738975,0.006303278890408,0.019270195290828,0.0597810453225333,1,normal,risk_on,0.0853545195037693
2024-10-31,-0.0293663961649603,-0.0096737499021924,-0.0532756469278883,-0.0154951669637438,-0.0252427618855984,-0.0196030585767318,0.0016253402510895,0.1380835092514842,-0.0016184913648176,0.0586814396218323,0.1913591561793725,0,stress,defensive,0.25165908716602237
2024-11-01,-0.0104353313875292,0.0065837417776177,-0.0015556957718574,-0.0041023758773534,0.007398997670819,0.0042204502381733,-0.0140982641121027,-0.0552677329481301,-0.0084070263012953,0.0204656767269225,0.0626667306189491,1,normal,neutral,0.0915394336471669
2024-11-04,-0.0135233381858542,-0.0056370379939795,-0.0241810430593077,0.00142591440017,-0.0029131110253689,-0.002154015479579,0.0155218084727584,0.0045704015221827,-0.0033613026686222,0.011868127847173,0.0397028515320661,1,normal,neutral,0.0549322820478613
2024-11-05,0.0228287902369077,0.0101663202517958,0.0106900232425022,0.002254447895035,0.0127568191592479,0.0120918183990941,0.0053115318532053,-0.0677888899977003,0.0010388576300109,0.0284547950942301,0.090617680234608,1,normal,risk_on,0.12011133295884902
2024-11-06,0.0905356867699389,0.0353541142730919,0.1244581246510063,-0.0303867290201582,0.0271632250798996,0.0248656934100541,-0.0273883799184619,-0.2059540927522519,0.0048309553116398,0.1001402246957521,0.3304122174032582,0,stress,defensive,0.43538339741065013
2024-11-07,0.0035138086897459,0.0003657997137214,0.0629242340854889,0.0160765038555303,0.0157441098156072,0.0077319549699688,0.0125275936843918,-0.0657652500549227,0.0066398443449414,0.0351879899333602,0.1286894841404116,0,stress,defensive,0.1705173184187132
2024-11-08,0.0084397388095418,0.0062185360630009,0.0230389269495134,-0.0067694260922672,0.0011686302970068,0.0043317426181115,0.0127013305454881,-0.0171052784305532,0.0040030250949802,0.0121441757113006,0.0401442053800666,1,normal,risk_on,0.0562914061863474
2024-11-11,0.1022352276001543,0.0065895225150598,0.0574937768198808,-0.0234715565681312,-0.0005833937806908,0.0009529299349826,-0.0048652262731028,0.0020080781451226,0.0175449197991594,0.0412626940682593,0.1257067841682855,0,stress,defensive,0.1845143980357042
2024-11-12,-0.0084065320919269,-0.0081713596310328,-0.0380926778784183,-0.0086313551794778,-0.0018102289338864,-0.0031063437917482,-0.0149935910827528,-0.0173680844518407,-0.0125725216301354,0.011574796084118,0.0362824489445319,1,normal,neutral,0.0604297666587853
2024-11-13,0.0298826363806257,0.0009559484230228,-0.016530228997185,-0.0100812253204742,-0.0012865924389651,0.0004857694632012,-0.009485790052484,-0.0469068374299079,-0.0066207899965208,0.0214149793714335,0.0767894738105336,1,normal,neutral,0.1048252431784879
2024-11-14,-0.036802617869276,-0.0047975592701429,-0.0418616132465307,-0.0026091417886486,-0.006949751768844,-0.0064300171502496,0.0057903275400117,0.020684732695029,-0.0091219551073313,0.0207777396388641,0.0625463459415597,1,normal,neutral,0.0924460406877551
2024-11-15,0.0437313390738136,-0.0066844905468629,0.0144140359188835,-0.0017720694429753,-0.0238260148761342,-0.0128087089210505,-0.0026569486369268,0.1278825238553527,0.0172849583030125,0.0490926239980866,0.1517085387314869,0,stress,defensive,0.218086121032586
2024-11-18,0.0077553838088482,-0.0007364505956367,0.0429809389017701,0.0190202462895905,0.0069476832765298,0.0040971695715685,0.0017758369855089,-0.0346963746666274,0.0058930541964439,0.0215937941700657,0.0776773135683975,1,normal,risk_on,0.1051641619349071
2024-11-19,0.0198928198367862,-0.0031093840271975,-0.0300737934362199,0.0089593251272113,0.0068796909500421,0.0036554834893203,0.0050976771129276,0.0494223659521371,0.0075905231256259,0.0222274478107748,0.079496159388357,1,normal,risk_on,0.1093141303247577
2024-11-20,0.0216116659849128,0.0033501924064325,-0.0125976235988853,0.0056320457027234,-0.0005759125932581,0.0003389043810759,-0.0031973655016174,0.0495412505837244,0.0080128946706385,0.0193466914630428,0.0621388741826096,1,normal,risk_on,0.0894984603162909
2024-11-21,0.044151545428309,0.0107760630852169,0.0940261363883798,0.008339500390982,0.0035972179607071,0.0053683415882601,-0.0007741944088582,-0.0168997092515968,0.0185731126476749,0.0349371243421102,0.1109258456399766,0,stress,defensive,0.1644360826297617
2024-11-22,0.0050042014957245,0.0095450295091246,-0.0087630622398965,0.0128922104458308,0.0016040585550509,0.0030994883756365,0.0005534759997312,-0.0966212796103989,-0.0090857346836496,0.0359501703041431,0.1095134900562297,1,normal,neutral,0.1545493950440224
2024-11-25,-0.0501105193312582,0.0099287205463871,0.0148302844242782,-0.029458856541119,0.0015816025673462,0.003391943612276,0.0258877533048225,-0.04199471123755,-0.0082429728318521,0.0282882375518899,0.0759982726360807,1,normal,neutral,0.11252948301982268
2024-11-26,-0.0119973040407334,0.0029493679507135,-0.0254945044570557,0.0019383092584317,0.0053692364881956,0.0052215854367476,-0.0038821952955542,-0.0342465744476691,-0.0075177598883655,0.0151101674500776,0.0396158109358647,1,normal,neutral,0.0622437382743078
2024-11-27,0.0432374527151537,-0.0025397288794372,0.099422879963656,0.0022227147631408,-0.0078734103562023,-0.0030301632347228,0.0069285688202318,0.0,0.0172960392239775,0.0368233831462059,0.1072962903198583,0,stress,defensive,0.16141571269004168
2024-11-29,0.018912786163713,0.005248637879909,0.0038222295331866,0.0086245463770606,0.0087868759049571,0.0062121692989396,0.0103214725048492,-0.0418439813209702,0.0025105920427056,0.0185050616344743,0.0607567674846832,1,normal,risk_on,0.08177242116186309
2024-12-02,-0.014540372554583,-0.0029994718814515,-0.0180446172642572,-0.0087544033899751,0.0108879089573696,0.0017924648629352,0.0024027971739366,-0.0125832770846677,-0.0052298713975866,0.0099263459399482,0.0289325262216268,1,normal,neutral,0.0440887435591616
2024-12-03,0.0014276215513644,-0.0018941684860641,-0.0064449882448404,0.0020127761643977,0.0030660856612827,0.0004636795820729,-0.0086290066025138,-0.0029984978557341,-0.0016245622787543,0.004194692607594,0.0116950922637965,1,normal,neutral,0.0175143471501448
2024-12-04,0.028815675297684,0.0068098709903161,0.0609326024489504,0.0030336798072536,0.0123631391368239,0.0062096037289514,0.0107456285955414,0.0112781666450476,0.017523545831321,0.0191839867623854,0.0578989226416968,1,normal,risk_on,0.0946064552354032
2024-12-05,-0.0220207885039295,-0.005034021285076,-0.0078938142728541,-0.0073977094541191,-0.0027713060539592,-0.0016457026008052,0.0020201552851406,0.0066914612538429,-0.0047564657039699,0.0084983051504714,0.0287122497577724,1,normal,neutral,0.041967020612213704
2024-12-06,0.0344447421731697,-0.0033878437178714,0.0511156708983855,0.0003705687954558,0.0089497459561969,0.0018957391595642,0.0014853349662082,-0.0568685012007914,0.0047506821287896,0.0315101785459294,0.1079841720991769,1,normal,risk_on,0.1442450327738959
2024-12-09,-0.037568614800964,-0.0046294019863941,-0.0716513546415676,0.009919751769426,-0.0077875928328998,-0.0051497285097474,-0.0092168887465186,0.1111980479026784,-0.0018607227307483,0.0523376062101961,0.182849402544246,0,stress,defensive,0.2370477314851904
2024-12-10,-0.0077724307831654,-0.0031229126639107,-0.0233567948436148,0.0131643125183575,-0.0034074617913335,-0.0031090164456581,-0.0047050558383532,-0.0007046705780981,-0.004126753803222,0.0099762028834219,0.0365211073619722,1,normal,neutral,0.0506240640486161
2024-12-11,0.0465226953429465,-0.0026596062932379,0.0553407164605033,0.0095338123451884,0.0179023315384363,0.0077307668483295,-0.0094540727041236,-0.0423131430576005,0.0103254375600552,0.031011623797798,0.0976538595181037,1,normal,risk_on,0.13899092087595688
2024-12-12,-0.0111692932003557,-0.0050620975761582,0.0131181517779301,-0.0146637226495059,-0.0064537250845462,-0.0051527971421464,-0.0121476738672973,0.0250368302281329,-0.0020617909392433,0.0138671837164112,0.0397005528776388,1,normal,neutral,0.055629527533293296
2024-12-13,0.0141564908339413,-0.0020438946830648,0.0072374516384092,-0.0120915784047407,0.0076543227187533,-0.0001985190336163,-0.0102106246657633,-0.0079022741432721,-0.0004248282174191,0.0094646540908699,0.026248069238682,1,normal,neutral,0.036137551546971
2024-12-16,0.0165967889848814,-0.0022761112524455,0.008992996976429,0.002415209844427,0.0144005725718863,0.0042700863826947,0.0029946356843308,0.0637218779165704,0.0138895071385967,0.0211087312606413,0.0659979891690159,1,normal,risk_on,0.10099622756825391
2024-12-17,0.0010457710706697,-0.0063873797828939,-0.025257761688468,-0.0038386247250202,-0.0044037710354571,-0.0041202573294781,0.0024331839707798,0.0803267759620312,0.0049747420552704,0.0316030703645484,0.1055845376504991,1,normal,risk_on,0.1421623500703179
2024-12-18,-0.0574621060198967,-0.0260576453773699,-0.0689454538053996,-0.019185077837713,-0.0360767633608892,-0.0298034767707047,-0.012504104882916,0.7403907396600702,0.0612945139506476,0.2750508726697885,0.8093361934654698,2,shock,risk_off,1.145681580085906
2024-12-19,-0.0254952688793256,0.0007305347244732,-0.055505627938045,0.0014210967336201,-0.0044534209441398,-0.0003069993520904,-0.0151414956389474,-0.1278059587033482,-0.0283196424997253,0.044562916407851,0.1292270554369683,1,normal,neutral,0.2021096143445446
2024-12-20,0.0027179605287093,0.0123623532015157,0.0159820477858556,0.0104340564954739,0.0087326889274286,0.012010996856451,0.005694377603441,-0.2378580118697417,-0.0212404413088583,0.0876230916603608,0.2538400596555973,0,stress,defensive,0.3627035926248164
2024-12-23,-0.0044024561027654,0.0008165731874338,0.0421811628403108,-0.0047087953775638,0.0097424799287832,0.0059882190178353,-0.0091724869535241,-0.0860566378639023,-0.005701492665424,0.036217733688237,0.1282378007042131,1,normal,neutral,0.17015702705787408
2024-12-24,0.0421376059533464,0.0084169764407144,0.0223270479135351,0.0019920140860099,0.0135600288508752,0.0111150666055399,0.0042286981721271,-0.149582844229526,-0.0057256757759222,0.0595062420206186,0.1917204501828724,0,stress,defensive,0.2569523679794132
2024-12-26,-0.0352840692865005,0.0016417385363791,-0.0463780722395097,0.006751179863859,-0.0006795181320541,6.672961356235518e-05,-0.0005690120388109,0.032235393813347,-0.0052769537337159,0.0246730203319812,0.0786134660528567,1,normal,neutral,0.10856344011855379
2024-12-27,-0.017022260795415,-0.0074098956899754,-0.0006930895737473,-0.006870503877127,-0.0132929574557165,-0.0105267179180431,-0.0081985488839236,0.0828241890660361,0.002351276859011,0.0328692150733319,0.0998464498614511,1,normal,risk_on,0.135066941793794
2024-12-30,-0.0094837322393019,-0.009837234766075,0.0020537760301735,-0.0031896811646237,-0.0132999611880728,-0.0114116097938559,0.0080365923652372,0.0909090800379102,0.0067221536601739,0.0347968945333825,0.104209041225983,1,normal,risk_on,0.1457280894195394
2024-12-31,0.0084840775653842,-0.0006339134247022,-0.0071090729967826,0.0062336365771613,-0.0084948053151678,-0.0036378404462001,-0.005352996451939,-0.0028735194342935,-0.0016730542408174,0.0061143036477916,0.016978882880552,1,normal,neutral,0.024766240769161
2025-01-02,0.0261292471476068,-0.0039954486196007,0.0291898931220861,0.0135877141196323,-0.0019560310225643,-0.002457043471793,0.0027480908395305,0.0334293896803317,0.0120844764744036,0.0155932203491967,0.0374248382999324,1,normal,risk_on,0.0651025351235327
2025-01-03,0.0125977299556827,0.007928382451114,0.0445087552408929,-0.0078640399730287,0.0163652694974805,0.0125033653619053,-0.0031972732757994,-0.1003904692566893,-0.0021935349998052,0.0426590582657297,0.1448992244975822,0,stress,defensive,0.1897518177631171
2025-01-06,0.0382762192459422,-7.020561277470971e-05,0.014998902607803,-0.001232095958724,0.011492856065874,0.0057604568783216,-0.0044677284243017,-0.0055795567217488,0.0073973560100489,0.0144921292699989,0.0438557759676909,1,normal,risk_on,0.06574526124773869
2025-01-07,-0.0505043052595688,-0.0042140906797948,-0.0832383540130119,0.005633435188264,-0.0178442914637472,-0.0113040165468162,-0.0112775691855396,0.1109724861408061,-0.007722088227426,0.0559847341220645,0.194210840153818,0,stress,defensive,0.2579176625033085
2025-01-08,-0.0193884366295112,0.0018807902042519,-0.0163379513348587,0.0053156814881241,0.0001746638257862,0.0014610443232185,0.001280293903745,-0.0067339469102022,-0.0040434826411808,0.0092039301132875,0.0247041181176352,1,normal,neutral,0.0379515308721035
2025-01-10,0.0239761810251548,-0.0159575824715646,0.0149278960122813,0.0095583100043994,-0.0156809996321375,-0.0152674818749335,-0.0066256818335869,0.1039548063998117,0.012360680953678,0.0400907983402662,0.1199123888713763,0,stress,defensive,0.1723638681653205
2025-01-13,0.000297242056733,0.008656768668954,-0.0399428555879884,-0.0099512556057035,-0.0032138825289816,0.0015504405181789,-0.0003510161297068,-0.0179119941182602,-0.0076083190908468,0.0153068177830397,0.0485996242569424,1,normal,neutral,0.0715147611308289
2025-01-14,0.0213457220401691,0.0051775940834566,0.0281246440183362,0.0052494232005242,-0.0009494079002959,0.0013760358876975,-0.0016386820221273,-0.0250131024609965,0.0042090283558454,0.0159928887814123,0.0531377464793327,1,normal,risk_on,0.07333966361659039
2025-01-15,0.0411299996325777,0.0166765233653565,0.0703707271588793,0.0074889936957351,0.0230062731778324,0.0181899787390411,0.0172352089735778,-0.1384285607682731,0.0069586429968408,0.0620025444946917,0.2087992879271524,0,stress,defensive,0.2777604754186849
2025-01-16,-0.007438333563293,-0.0015731291812473,-0.0412087620517692,0.0069109658749524,-0.0070060012210708,-0.0019231741492636,0.0032274029357703,0.0297766449904945,-0.0024042982956783,0.0196662481967193,0.0709854070422637,1,normal,neutral,0.09305595353466131
2025-01-17,0.0471659856883341,0.0077004539713256,0.050104191710977,-0.0053072697472533,0.0168785546735343,0.01003995363599,0.0017233141376988,-0.0379518132508102,0.0112941713524745,0.0283625862756517,0.0880560049617872,1,normal,risk_on,0.1277127625899134
2025-01-21,0.0404796765356885,0.0123757792596241,0.0150611093472303,0.0154852190162939,0.005864843712475,0.0091534807380355,0.0089457985107743,-0.0569818304443531,0.006298009584471,0.0277391231266232,0.0974615069800416,1,normal,risk_on,0.1314986396911358
2025-01-22,-0.0234882998268456,0.0026812736796211,-0.0262010809846258,0.0051356526997681,0.0127858062616321,0.0056215707150553,-0.0052288323218385,0.0026560398896753,-0.0032547337359447,0.0142251730172305,0.0389868872462579,1,normal,neutral,0.0564667939994331
2025-01-23,0.0029627830760259,0.0092912528303052,0.0291614049469708,-0.0014148699521492,0.0021260992492435,0.005458021479211,-0.0077705649590839,-0.005298008058611,0.004314514826489,0.0114725474710508,0.0369319699060547,1,normal,risk_on,0.0527190322035945
2025-01-24,0.0082657856802432,-0.0028291851013118,-0.0075446286690764,0.0062187055800311,-0.0056510732945532,-0.0029192782547332,0.0044917699630313,-0.0113182470780865,-0.0014107688968069,0.0070176776814326,0.0195840327583297,1,normal,neutral,0.0280124793365692
2025-01-27,-0.0057927348866652,0.0067548329964444,-0.0176796950571722,-0.0104048052682425,-0.0291145601329684,-0.014145469544892,0.0118090741166607,0.2053871487347855,0.0183517238697437,0.0766968205725918,0.2345017088677539,0,stress,defensive,0.3295502533100894
2025-01-28,-0.0073976691606418,0.0028853614154848,-0.0320259233300908,0.0086564177835726,0.0147797055573803,0.0085924487859183,-0.0006799292118447,-0.0832402124509377,-0.0110537250763948,0.0325309316411595,0.098019918008318,1,normal,neutral,0.1416045747258723
2025-01-29,0.023395602825692,-0.0027432142501354,0.0116623860973306,-0.0038404097330004,-0.001877939356472,-0.0044829196112522,-0.0020408086528892,0.0091407446633176,0.0036516802478238,0.0100733214891517,0.0278785224369442,1,normal,risk_on,0.0416035241739197
2025-01-30,0.0099523798797513,0.0036674945980263,0.0432961927853559,0.0151455188471558,0.0042623834722876,0.0053670784071064,0.0037492103757499,-0.0434782208076308,0.0052452546947253,0.0237478767916658,0.0867744135929867,1,normal,risk_on,0.1157675450793778
2025-01-31,-0.0222492430508784,-0.0076423566307324,0.0155444971538927,0.0019763991077346,-0.0014532031592108,-0.0053218473701011,-0.0065654962080303,0.0372474840217409,0.0014420292330518,0.0179015205068375,0.0594967270726193,1,normal,risk_on,0.0788402768125086
2025-02-03,0.0380436508117398,-0.002514464671897,0.0055334537401428,0.0053372714102839,-0.0080030143605491,-0.0067297512251485,0.0081423159341338,0.1332927871807601,0.0216377811024332,0.047373592887317,0.1412958015413092,0,stress,defensive,0.21030717553105938
2025-02-04,-0.0348462784056634,0.0028360436731804,-0.0518328743900328,0.0098484170752857,0.0122751635874434,0.0067084311270706,0.0030623825610567,-0.0757251176804346,-0.0159592290565117,0.0336106335983724,0.088000281267878,1,normal,neutral,0.1375701439227621
2025-02-05,-0.0128369432180627,0.0070479440602673,0.019278535576469,0.0062095424107142,0.0045379976643056,0.0040543972249456,0.0165103468199927,-0.0836722082111085,-0.0048587984590596,0.0332661972075396,0.1029507437875775,1,normal,neutral,0.1410757394541767
2025-02-06,-0.0002292432377489,-0.0029199358245493,-0.0356477941573779,-0.0026502562908058,0.0052197967784923,0.0034757168666037,-0.0004450478031906,-0.0171211445736356,-0.0062897385302765,0.0136410081495117,0.0408675909358701,1,normal,neutral,0.060798337615658296
2025-02-07,-0.0006647556256734,-0.0094778316992326,-0.0246204715170877,0.001784159867026,-0.0126133251993955,-0.0091535833228739,-0.0064553488444683,0.0670968332598287,0.0007369596147654,0.0279842245982595,0.0917173047769163,1,normal,risk_on,0.1204384889899412
2025-02-10,0.0097146116762192,0.0037462684491091,0.0123427150611084,0.016938239196991,0.0121051678300272,0.0067911928257629,-0.0030244858590706,-0.0441354568019,0.0018097815472808,0.0195345618456461,0.061073695998891,1,normal,risk_on,0.08241803939181791
2025-02-11,-0.0173457247097439,0.0029901963357426,-0.0219395367343481,-0.0036516022155236,-0.0023807501138498,0.0007606343957031,-0.0064044460132013,0.0132827345081161,-0.0043360618183881,0.0111980607663323,0.0352222712424642,1,normal,neutral,0.0507563938271846
2025-02-12,0.0223340688567765,-0.0055592349011206,0.0515295242142033,0.0010471549570203,0.00058712685686,-0.0032213905817672,-0.0135698659262833,-0.0081148633412128,0.0056290650168095,0.0213585964073809,0.0650993901404866,1,normal,risk_on,0.092087051564677
2025-02-13,-0.0128924871841327,0.0081826073404536,-0.0222877945570125,0.0098628310921053,0.0143858753689189,0.0105574644597792,0.0166225401307877,-0.0497167995458852,-0.0031607203618732,0.0233414216418407,0.0663393396766729,1,normal,neutral,0.09284148168038679
2025-02-14,0.0091602788033979,-0.0032867491869953,0.0187559013063003,-0.0148717733342453,0.0041984531592411,-4.915215577905308e-05,0.0053000277360848,-0.0218542990310797,-0.0003309140878844,0.013039067538037,0.04061020033738,1,normal,neutral,0.0539801819633014
2025-02-18,-0.0024415545387781,0.000291680391194,-0.026925068435387,0.0165609054812336,0.0022669605733531,0.0029357669585812,-0.0117777595372136,0.0392687817014376,0.0025224640743025,0.0194527898861529,0.0661938501368246,1,normal,risk_on,0.08816910409728
2025-02-19,0.0114723435043504,0.0016817867610827,0.0173946176249897,0.0005540963787236,0.0002780886314701,0.0023549433000009,0.0012482905298785,-0.0052117212845564,0.0037215556807424,0.0071799956531742,0.0226063389095461,1,normal,risk_on,0.0335078902434627
2025-02-20,0.0175745580328421,-0.0095819583284577,0.0090639006569519,0.0005168326664386,-0.0042445110695068,-0.0041603640414509,0.0037412077187521,0.0255402343128385,0.0048062374935509,0.0119518425534249,0.0351221926412962,1,normal,risk_on,0.051880272688272
2025-02-21,-0.0224580717618472,-0.017162039533755,-0.0294596976664606,-0.0009225433005247,-0.020754625947747,-0.0171040827814761,0.0120846377935519,0.1628352019097845,0.0083823473389407,0.0637967319844855,0.1922948995762451,0,stress,defensive,0.2644739788996713
2025-02-24,-0.0504368151357187,0.0008753984469784,-0.108988016445359,0.0054295681233886,-0.0118042017741737,-0.0045504799941541,0.0029017607612695,0.042284486352349,-0.0155360374581775,0.0454784139569235,0.151272502797708,0,stress,defensive,0.212286954212809
2025-02-25,-0.0293377120214919,0.0036820846061123,-0.0080470158533699,-0.0131883341926597,-0.0125993366177143,-0.0049730532965037,0.0172469298856032,0.0237092083136283,-0.0029384036470494,0.017266522854168,0.0530469203351202,1,normal,neutral,0.07325184683633759
2025-02-26,-0.0494629004695273,-0.0041042530301534,-0.0650226092166886,0.0015263333689308,0.0024157443496573,0.0005047507949251,0.0059069776421332,-0.0169840410974233,-0.0156524997072682,0.0268943102665559,0.0709295868588218,1,normal,neutral,0.11347639683264589
2025-02-27,0.0042349227090945,-0.0045816829437043,-0.0111382325807387,-0.0152399588228788,-0.0277714065053824,-0.0159620332277994,-0.0070684470992602,0.1062826564792283,0.0035944772510698,0.0425338258027921,0.1340540629846107,0,stress,defensive,0.1801823660384726
2025-02-28,-0.0039102977908145,0.0139238471467517,-0.0293123225189934,-0.0062658200581346,0.0157914982257378,0.0156057159748896,0.0122659609565849,-0.0709891178218854,-0.0066113169857329,0.0303333362984664,0.0867806160476232,1,normal,neutral,0.1237252693318225
2025-03-03,-0.0868204011194161,-0.0143258381355216,-0.148478553086045,0.0131803903426415,-0.0218824457259927,-0.0175200810850861,0.0046668296563578,0.1604687549948877,-0.0138389180197718,0.0886310854772243,0.3089473080809327,0,stress,defensive,0.41141731157792877
2025-03-04,0.0134376855754954,-0.0150893311886557,0.0113914329678728,0.008697635934455,-0.0030177809467435,-0.0118368947082254,-0.012315153795791,0.0320456330216127,0.0029141533575025,0.0163599654814267,0.0471349642102684,1,normal,risk_on,0.0664090830491976
2025-03-05,0.0389965785120813,0.0115139356155671,0.0331620535661045,0.002081311096689,0.0130360888498426,0.0107480240456043,-0.0079841661065053,-0.0672054405922566,0.0042935481233908,0.0326795236123461,0.1062020191043379,1,normal,risk_on,0.1431750908400748
2025-03-06,-0.0073031330841799,-0.0106163905557404,-0.0176185942519219,-0.0050812074104223,-0.0275094338168265,-0.017751100994333,-0.003307591774334,0.1340629499838053,0.0056094372620059,0.0525169850067672,0.1615723838006318,0,stress,defensive,0.2196988060694049
2025-03-07,-0.0357824911826653,0.0055411143694501,-0.0288263002911428,0.0005219558189655,0.0073535355517866,0.0056048623911137,-0.0032077478641748,-0.0603136288453071,-0.0136385875064967,0.0250363807717896,0.0676671643970937,1,normal,neutral,0.10634213267538
2025-03-10,-0.0256701289036189,-0.0204780698542393,-0.0765850096399071,-0.0087559371632878,-0.0387563792400483,-0.0266357680375084,0.0104313810520144,0.1921266414154498,0.0007095912036068,0.0812836215848162,0.2687116510553569,0,stress,defensive,0.35070486384377986
2025-03-11,0.0551394455444913,-0.0113234443194089,0.0315361794588049,0.0117275410350945,-0.0023903966278354,-0.0083128488954309,-0.0071388424428787,-0.0337401476476763,0.004437185763145,0.0277934057629582,0.0888795931921676,1,normal,risk_on,0.12111018471827079
2025-03-12,0.0103804668952023,-0.001904608586185,-0.0056579072025392,0.004346793335703,0.0112808321516055,0.0053064416889545,-0.0059734583858811,-0.0999257253504416,-0.0102683956816977,0.0368297566870056,0.1112065575020471,1,normal,neutral,0.1583047098707504
2025-03-13,-0.0317197970748182,-0.0124894443290571,-0.0241034464809859,0.0177561445232554,-0.0179904705157876,-0.01333030934131,0.0087915962724762,0.0177466080602366,-0.0069173898607488,0.0191578955226609,0.0494759415980736,1,normal,neutral,0.0755512269814833
2025-03-14,0.0358025962030881,0.0160966813720888,0.0249590356668014,0.0003997577494658,0.0241703911724522,0.0206557163876768,-0.0052952245669208,-0.1171938121464231,-5.060727022135163e-05,0.0491896000368939,0.1529964083495112,0,stress,defensive,0.20223661565662646
2025-03-17,0.0181158350835366,0.0092691318497375,0.0209638317957441,0.0054135329342379,0.0064837877454766,0.0077114359987449,0.004990727750834,-0.0578778228014454,0.0018838075446082,0.0248732630575215,0.0788416545971895,1,normal,risk_on,0.1055987251993192
2025-03-18,-0.0161424490284424,-0.0063931826220036,0.0028752044215358,0.011671955843306,-0.0170474601999356,-0.0108084454750402,0.0009931001613587,0.0580205032071075,0.0028961532884857,0.0243593766064274,0.0750679634070431,1,normal,risk_on,0.1023234933019562
2025-03-19,0.0499976010505509,0.0093391381969925,0.0647879694248063,0.0041077079996585,0.0133814365323243,0.0108908944837604,0.0051813691770044,-0.0829493585771353,0.0093420947859952,0.0436025115292032,0.1477373280019416,0,stress,defensive,0.20068193431714
2025-03-20,-0.0309372537911718,-0.0007135339144126,-0.036763069286021,-0.0012805854303336,-0.003389586747071,-0.0028918016778258,0.0006581768026774,-0.0050251448938025,-0.0100428498672451,0.014877847341786,0.0374212460886984,1,normal,neutral,0.062341943297729505
2025-03-21,-0.0014727011460912,0.0007179646914374,-0.0087040616573061,-0.0080499012132679,0.0032967286470706,0.0003298107530131,-0.0059187264528567,-0.026262554063221,-0.0057579300551527,0.0093636540206857,0.0295592827102916,1,normal,neutral,0.04468086678613
2025-03-24,0.0167863523789464,0.0139887143641999,0.0359945337704159,-0.0044525486655065,0.0219443585221792,0.01790855519805,-0.0102536939365984,-0.0933610518829477,-0.0001805975314076,0.0403844594425031,0.1293555856533636,0,stress,defensive,0.1699206426272743
2025-03-25,-0.0003109860024155,0.0007755800700202,-0.0046762656718711,0.0044003650881987,0.0057065723829343,0.0024038818271738,-0.0001111506571983,-0.0188787146652199,-0.0013363397035472,0.0077681062036281,0.0245852870481542,1,normal,neutral,0.033689732955329496
2025-03-26,-0.0065257711020474,-0.0037339169269419,-0.0283276159971436,-0.000825981201996,-0.0184006692598703,-0.0119382329844617,-0.0065730277895896,0.0688046840479696,-0.0009400664017601,0.0295465477211554,0.0971323000451132,1,normal,neutral,0.1276189141680287
2025-03-27,0.0031785494123917,-0.0030408175697401,-0.0034003312052732,0.0134057328825598,-0.0056980675634252,-0.0026558603843261,-0.0029159386205056,0.0196399679132557,0.0023141543581171,0.0092700423573441,0.0253380354766809,1,normal,risk_on,0.0369222321921421
2025-03-28,-0.0323932899165662,-0.0173075740964629,-0.053364344956677,0.0074121230231676,-0.0263277010048771,-0.0201381772632941,0.0138343108511023,0.1583734082339292,0.0037610943587902,0.0660201508230945,0.2117377531906062,0,stress,defensive,0.2815189983724909
2025-03-31,0.0026038970780313,0.010249722451403,0.0095566241384896,0.0143632229983463,-4.26360984151497e-05,0.0067126605962857,0.0098733690068726,0.029099357007656,0.0103020271473336,0.0088618915049284,0.0291419931060711,1,normal,risk_on,0.0483059117583331
2025-04-01,0.0317418810684309,-0.0006907015231049,0.0449752536292133,-0.0019782303576065,0.0080609858226312,0.0028244690642666,0.0086653609112317,-0.0228904943071894,0.0088385655384841,0.0209822010208947,0.0678657479364027,1,normal,risk_on,0.0976865144957815
2025-04-02,-0.0315074208005501,0.0058152044279222,-0.0578214204858413,0.0020516615880092,0.0072984314639048,0.0063284348170113,-0.0006556102184197,-0.0119430511444528,-0.010054221294052,0.0233046399676099,0.0651198519497461,1,normal,neutral,0.098478713211408
2025-04-03,0.0074815041355174,-0.0398310947576433,0.0113205730578602,-0.0060382780825311,-0.0535335034893007,-0.0492808064503782,0.0045937706900478,0.3956299459939247,0.0337927638871871,0.1485694108286225,0.4491634494832254,2,shock,risk_off,0.631525624199035
2025-04-04,0.0089163820199409,-0.0542914957129831,-0.0001663338644721,-0.0233922627362829,-0.0621088968488287,-0.0585429589677871,0.0108872895659428,0.5093271379872046,0.0413286076803418,0.1915080465196486,0.5714360348360333,2,shock,risk_off,0.8042726890360237
2025-04-07,0.0130519502961308,-0.0095247077491014,-0.0136276264354058,-0.0214858063041513,0.0024132044114437,-0.0017811932094612,-0.0301561099144982,0.0368571643860009,-0.0030316405648803,0.0210839699414939,0.0670132743004991,1,normal,neutral,0.0911288848068733
2025-04-08,-0.037399763343434,-0.0081404217022224,-0.0531672377311657,0.0054437937907636,-0.0180084890669517,-0.0156627146767479,-0.0188784695467147,0.1138782958907558,-0.0039918757982146,0.0508333515944222,0.1670455336219215,0,stress,defensive,0.2218707610145583
2025-04-09,0.0826253916648998,0.07862283707883,0.1327537447707503,0.0369912508147816,0.1200308466109301,0.1050194055995685,0.0058857655894186,-0.3575387396234843,0.0255488128132118,0.1603939582113955,0.4902924843942346,2,shock,risk_off,0.6762352554188419
2025-04-10,-0.0356990599146636,-0.025610709123081,-0.0872408556308775,0.0244235794430141,-0.0425321743781442,-0.0438192142475996,-0.0275683389575182,0.2111838939436969,-0.0033578598581466,0.0919125107376482,0.2984247495745744,0,stress,defensive,0.3936951201703692
2025-04-11,0.0474554622745788,0.0157449890724701,0.0293139115784086,0.0190866648050962,0.0184230953158894,0.0178429429834785,0.0054385542391879,-0.0776031373448359,0.0094628103655342,0.0372573662499619,0.1250585996194147,0,stress,defensive,0.1717787762349108
2025-04-14,0.0102457346314681,0.0087331852393675,0.0163364054418753,-0.0057059770122006,0.0067782179765303,0.0097013201407898,0.0071352545734164,-0.1775825809310439,-0.0155448049924746,0.0657637513923088,0.1939189863729192,0,stress,defensive,0.2752275427577026
2025-04-15,-0.0103308935439746,-0.0042177154455834,-0.0210365321819735,0.0052323793521389,0.0011146567475242,-0.0028006951238727,0.0035426718705378,-0.0249271144587033,-0.0066779053479883,0.0112165217316274,0.0301594938108422,1,normal,neutral,0.0480539208904579
2025-04-16,0.0043609345644122,-0.0171906125464522,-0.0066265168094518,0.0325408102664011,-0.0301534845076267,-0.0222281450015812,0.00557955406227,0.0836652881872621,0.0062434785269041,0.0369165791327348,0.1138187726948888,1,normal,risk_on,0.1569788303545277
2025-04-17,0.0102563744993067,-0.0131450394822677,0.0028153970667488,-0.0043906920940446,-0.0001800510977835,0.0014268092873082,-0.0088326466367549,-0.091605386857526,-0.0129569044143766,0.0325878366739344,0.1018617613568327,1,normal,neutral,0.1474065024451437
2025-04-21,0.0275270995296317,-0.0248876380680046,-0.0049006079777363,0.0309355852990846,-0.0247467765360284,-0.023802760939665,-0.0174796679934017,0.1406408138261097,0.0129107558924987,0.056428226062401,0.1655284518941143,0,stress,defensive,0.23486743384901398
2025-04-22,0.0676766270145201,0.0268590795581387,0.1124221622672112,-0.0141956685519636,0.0262521752318181,0.0260178205468124,0.0055813743945956,-0.0960969849002505,0.0193145731951102,0.0606974459441851,0.2085191471674617,0,stress,defensive,0.288531166306757
2025-04-23,0.0027527134594511,0.010309642183693,0.0220633269058807,-0.0239786307297341,0.022678091273127,0.0154954728373166,0.0097134236411935,-0.0693490007539548,-0.0012893701478783,0.0312144002546398,0.0920270920270818,1,normal,neutral,0.1245308624295999
2025-04-24,0.0026114175645013,0.0128058304271894,-0.0146275379262544,0.0145562770182079,0.0281371095488978,0.0210487865706725,0.0105359030374592,-0.0695958311594924,0.0006839943851476,0.0311270424274211,0.0977329407083902,1,normal,risk_on,0.1295439775209589
2025-04-25,0.0082677425315635,9.991276965615192e-05,0.0094940421607507,-0.0108416796782672,0.0111479030508148,0.0072254914570717,0.0073661961468582,-0.0615791160955656,-0.0036024384571397,0.0244801836922318,0.0727270191463804,1,normal,neutral,0.1008096412957519
2025-04-28,0.0130543255265145,0.0031170133829527,0.0033392455309573,0.0142421034404955,-0.0003173860935312,0.0003813020506449,0.0063000174257525,0.0124798495989577,0.0065745588578429,0.0059040380354605,0.0145594895340267,1,normal,risk_on,0.0270380864273301
2025-04-29,-0.0073064863193083,0.007308552771192,0.0001800329175905,-0.0097389254676772,0.0066044536960572,0.0062993403781015,0.0083845733372518,-0.0389661851729921,-0.003404330482473,0.015950495709247,0.0473507585102439,1,normal,neutral,0.0667055847019639
2025-04-30,-0.0008217291810309,0.0027885558402951,-0.0030015237962643,-0.0074822210128372,-0.0001262002078272,0.0003968127129749,-0.0080933426565705,0.0219280382694468,0.0006985487460233,0.0093812483225538,0.0300213809260172,1,normal,risk_on,0.0401011779945943
2025-05-01,0.0242552661450776,0.002657939447515,0.0253354836005152,-0.0207722875425647,0.0130607580746242,0.007087027044478,-0.0050703659789627,-0.0040485983150158,0.0053131528094583,0.0156105715461163,0.0461077711430799,1,normal,risk_on,0.0670314954986545
2025-05-02,0.0043291974532626,0.0137941600579527,0.0018955454880142,0.001748199913226,0.014843906074349,0.0148440185844551,-0.0108241536584676,-0.0780487823788901,-0.0046772385582622,0.0309149034383315,0.0928928009633451,1,normal,neutral,0.12848494295993879
2025-05-05,0.0045811763897039,-0.0018884841654487,0.0061391722086467,0.0298677547766541,-0.0059325677140468,-0.0057341861650381,-0.0055854387671342,0.0423280013913218,0.0079719284943323,0.0182711548140572,0.0482605691053686,1,normal,risk_on,0.0745036524137581
2025-05-06,0.0216829979441366,-0.0097512969486692,-0.0025333800408158,0.0280240027589926,-0.0093016953978577,-0.0083583207985179,0.0033240280538862,0.0473773632889273,0.0088079623575102,0.0212078425807958,0.0571286602375964,1,normal,risk_on,0.08714446517590241
2025-05-07,0.0023743581586117,0.0068834175135323,-0.0019177229274721,-0.0149930608013485,0.0039259553595438,0.0042054369076196,0.0042270356425029,-0.048869183385946,-0.0055204704416195,0.0188105120146665,0.0557526008994783,1,normal,neutral,0.08008358335576429
2025-05-08,0.0639904374645787,0.0068847907793818,0.2179876908621854,-0.0196942722998793,0.0103248713063244,0.0069677905123632,-0.011148913744907,-0.045435232674673,0.0287346452756717,0.0826239736611366,0.2634229235368583,0,stress,defensive,0.3747815424736666
2025-05-09,-0.0026211308184007,-0.0035276058911107,0.0629919569669184,0.0072546742594454,-0.0006553954064041,-0.0012741154091596,0.0014957636698906,-0.025800708875297,0.0047329298119852,0.0254409486430834,0.0887926658422154,1,normal,risk_on,0.11896654429728401
2025-05-12,-0.0124238928127439,0.0286357841514106,-0.0055134569041194,-0.0281905683734888,0.0407402203110256,0.0330473983342731,-0.0093049438389403,-0.160273985845731,-0.0141604306222892,0.0640552817516153,0.2010142061567565,0,stress,defensive,0.279229918530661
2025-05-13,0.013197358248725,-0.006411558039961,0.0735988233044782,0.0042589925995972,0.015240685593548,0.0066038344237007,-0.0040585025878918,-0.0092441588872288,0.0116481843318709,0.0265722132215041,0.082842982191707,1,normal,risk_on,0.121063379745082
2025-05-14,-0.0060516422404043,-0.0022775095217465,-0.026142916834695,-0.0210378279995169,0.0059931716645251,0.0012779544649297,-0.0066362886481912,0.021953981391521,-0.0041151347154472,0.0150994132400498,0.048096898226216,1,normal,neutral,0.067311446181713
2025-05-15,0.0019821105262978,0.0069670570057005,-0.0242163860411442,0.0159639535315851,0.0010989560626866,0.0048844479764789,0.0087901805140544,-0.0424275445714678,-0.003369653124476,0.0196590315906431,0.0583914981030529,1,normal,neutral,0.081420182818172
2025-05-16,-0.002461347024402,0.0080159550257716,-0.0041460225082118,-0.0120870472326742,0.0043524936363235,0.0063340782442991,0.0026724642956361,-0.0330903059513449,-0.0038012164393253,0.0135181421360261,0.0411062609771165,1,normal,neutral,0.0584256195524679
2025-05-19,-0.007889709931436,0.0034930073386858,0.0123819905958946,0.0128806711212263,0.0009588086264786,0.0010938140906693,-0.0028970337265481,0.0522041549001659,0.009028212876892,0.0188125615982548,0.0600938648316019,1,normal,risk_on,0.0879346393067487
2025-05-20,0.0112200465304801,-0.0024997019424665,-0.0019744259043442,0.0186222454642182,-0.0033331711981111,-0.0033622318319923,-0.0072051883065309,-0.0027562976153726,0.001088909399485,0.0089063789057651,0.0258274337707491,1,normal,risk_on,0.0358227220759992
2025-05-21,0.0270340184497199,-0.0192520055457526,0.0111617037332287,0.0073786838758551,-0.013896839389257,-0.0168506910272413,-0.0170899052906212,0.1536761007847649,0.016520133198837,0.0579194820642552,0.1729281063305175,0,stress,defensive,0.2473677215936097
2025-05-22,0.0181914486386793,0.000167226258015,0.0438066638646603,-0.0088614933874591,0.0018713337879572,0.0003946470773714,0.0052398126600279,-0.0282702505444443,0.0040674235443509,0.0207931152648066,0.0720769144091046,1,normal,risk_on,0.09693745321826211
2025-05-23,-0.0392706682020235,-0.0059452311642239,-0.051691806751355,0.0219062880450344,-0.0092608584814081,-0.0068257810183151,0.0016588234126917,0.0991124339658149,0.0012103999757769,0.0457885200818708,0.1508042407171699,0,stress,defensive,0.1978031607748176
2025-05-27,-0.0040727802177084,0.0180625597857422,0.0385827049796951,-0.0169491525423728,0.0235252758666328,0.0207905611185124,0.0139560932258877,-0.1493944232516827,-0.0069373951294117,0.0600391243437783,0.1879771282313778,0,stress,defensive,0.2549536477045678
2025-05-28,-0.0109391846531444,-0.0057330750047828,0.0071883456573902,-0.0022660178699714,-0.0044319418930234,-0.0057854150812619,-0.0043158798720874,0.0184599366229063,-0.0009779040117468,0.00936711501486,0.0293991212760507,1,normal,neutral,0.0397441403026575
2025-05-29,-0.0200419633794435,0.0024677965563342,-0.0184765741906497,0.0059247154716219,0.0019657559916732,0.0039474878343301,0.0092550183050381,-0.0067322198012426,-0.0027112479015422,0.0111859251218378,0.0292969816844816,1,normal,neutral,0.0431941547078616
2025-05-30,-0.0155543369783418,0.0009231822452111,-0.0390142992616211,-0.0065769423264578,-0.0015772340403696,-0.0011185613277848,0.0015090398895716,-0.0318039937771509,-0.0116516431971179,0.0157642685309826,0.0405233391511927,1,normal,neutral,0.0679392508792932
2025-06-02,0.0021715582000447,0.002033861343943,0.0279272933933878,0.0265810512581716,0.0078982737501134,0.0056330064704315,-0.0093066379980532,-0.0113085130815155,0.0064537366670654,0.0144950335956795,0.0392358064749033,1,normal,risk_on,0.0601845767376482
2025-06-03,-0.0042411787466475,0.0054282710616626,-0.005299816803046,-0.0088555512135111,0.0078170386051779,0.0057024856312963,-0.0017614688623661,-0.0364923776699761,-0.0047128247496762,0.0141658425589908,0.044309416275154,1,normal,neutral,0.063188083583821
2025-06-04,-0.0066439151364365,-0.0025118310990511,0.0059240773649142,0.0064419740726546,0.0027878493084227,-0.0002683402981673,0.0162333055470236,-0.0045223245500776,0.0021800994011603,0.0073760006371863,0.0228772206834601,1,normal,risk_on,0.0324333207218067
2025-06-05,-0.030134359325224,-0.0022825644783996,-0.07373849813037,-0.0050498789161812,-0.0075268777294703,-0.0048328721496471,0.0006945375098543,0.0494036855043242,-0.0091833534643892,0.0342734847839449,0.1231421836346942,1,normal,neutral,0.1665990218830283
2025-06-06,0.0277072529315731,0.0104016671666753,0.0252077728580455,-0.0134160736968023,0.00977521584734,0.0102688757617701,-0.0127240743950981,-0.0925324202830431,-0.0044139729761924,0.0386570999913845,0.1202396732146161,1,normal,neutral,0.163310746182193
2025-06-09,0.0425399179579173,-4.6725517673151806e-05,0.0679985889011709,0.0047185348842186,0.0014719249811292,0.0009013860201088,0.001054547289468,0.0232557769232431,0.0177367439299478,0.0253092447125797,0.068045314418844,1,normal,risk_on,0.1110913030613715
2025-06-10,-0.0003342625487465,0.0029180219628874,0.0492260477403638,0.0002935109885975,0.0066139272103975,0.0056697676151933,0.0051498131259457,-0.0122377089941714,0.0071623896375584,0.0180225664119644,0.0614637567345352,1,normal,risk_on,0.086648712784058
2025-06-11,-0.0142449552984263,-2.3223749211820355e-05,-0.014212913244583,0.0054122907905089,-0.0033695604130036,-0.0028520166647609,0.0030274425826823,0.0182890532146868,-0.0009967353477634,0.010619483757845,0.0325340085131131,1,normal,neutral,0.0441502276187215
2025-06-12,-0.0253717539991695,0.0020716498152335,-0.0438914169742269,0.0124202002480438,0.0023478902451739,0.0039742260971544,0.0119572655265125,0.0440324576363619,0.0009425648243854,0.0262536219286764,0.0879238746105888,1,normal,risk_on,0.1151200613636506
2025-06-13,0.0015285141831733,-0.0178401179600443,-0.0272679741474511,0.013100564311248,-0.0125546939923347,-0.0111800643964674,-0.0096361533963316,0.1553828615944461,0.0114416170245297,0.0594111483927702,0.1826508357418972,0,stress,defensive,0.2535036011591971
2025-06-16,0.011792615001237,0.0082071539836561,-0.0024470263889081,-0.0142590965372985,0.0139098318413468,0.0095141964787153,-0.0100778365372888,-0.0821325220719267,-0.0081865855288083,0.0316473623003355,0.0960423539132735,1,normal,neutral,0.1358763017424173
2025-06-17,-0.0205590569411744,-0.0074365909056546,-0.0117466139320362,0.0005131941200071,-0.0097513223401475,-0.0085450325365789,0.0121695647908939,0.1302982570167672,0.0106177999090095,0.0492923676671862,0.1508573139579416,0,stress,defensive,0.21076748153413732
2025-06-18,0.0026979724986506,-0.0006380654949735,0.0053928018250346,-0.0053856275650212,-0.0001701695749087,-0.0001507390708749,0.0017339976343553,-0.0675926373165157,-0.0080140583830316,0.0242716632898446,0.0729854391415503,1,normal,neutral,0.1052711608144265
2025-06-20,-0.0131317460557932,0.0002821943154442,-0.0453469766213401,-0.000419019141109,-0.0040830258146429,-0.002348536060589,-0.0018465425563133,0.0238332405229202,-0.0053825514264278,0.0192386930416058,0.0691802171442603,1,normal,neutral,0.0938014616122939
2025-06-23,0.0454575977108471,0.0093893429064304,0.0868910668308287,0.0030631724583116,0.0102824166321691,0.0098774805044956,0.0032373356480477,-0.0383123609783867,0.0162357564640929,0.0364237074001937,0.1252034278092154,0,stress,defensive,0.177862891673502
2025-06-24,0.0044314192255339,0.0119092261974962,0.0108116145545347,-0.0157193787512376,0.0152919974234673,0.0110472089930877,0.007260752366915,-0.1185073318462488,-0.0091843114795564,0.0452030919323873,0.1337993292697161,0,stress,defensive,0.1881867326816598
2025-06-25,0.0124062157498381,-0.0021589733666372,-0.0117231957893073,0.003037305817845,0.0025564521959329,0.0005603646306042,0.0012583767149485,-0.0411898931470097,-0.0044066683992231,0.0162784886807158,0.0535961088968478,1,normal,neutral,0.07428126597678669
2025-06-26,-0.0037374544661238,0.009468155423602,-0.0013076347482894,-0.0011070472235482,0.0093502464011128,0.0078238812594979,0.0050279979936314,-0.0101432025043168,0.0019218677669457,0.0071094196677438,0.0196113579279188,1,normal,risk_on,0.0286426453626083
2025-06-27,0.0012007263229245,0.0093794926832921,0.0031952591093227,-0.0181237289937983,0.003423783332735,0.0049683312642012,-0.0063672802655871,-0.0162748918191875,-0.0023247885457621,0.0101887872222495,0.0275032216770904,1,normal,neutral,0.040016797445102
2025-06-30,-0.0115350629368401,0.006050257010183,-0.0057960166076853,0.0119845472974335,0.0064769226865766,0.0047812055897382,0.0098411232033954,0.0251225401396384,0.0058656895478049,0.011112644931844,0.0366576030764785,1,normal,risk_on,0.0536359375561274
2025-07-01,-0.0134134520130533,0.0096220963028599,-0.0324443142255167,0.0089230106633826,-0.0084293265001109,-0.0003236793082248,0.0024792768561239,0.0059773092771022,-0.0034511348684296,0.0142553738010501,0.0420664105283766,1,normal,neutral,0.059772919197856295
2025-07-02,0.0299062484755399,-0.0004046089023682,0.0688100528844413,0.0055275964054846,0.0069651555187406,0.0045332765158159,-0.0063534728581852,-0.0112893960141966,0.012211856503159,0.0259223308566469,0.0800994488986378,1,normal,risk_on,0.11823363625844371
2025-07-03,0.0072447287722909,0.0076004997893459,0.0076504506660057,-0.0068229114035973,0.0098403711922283,0.0078813859548749,-0.0069649265167349,-0.01562501432804,0.0013505730157966,0.0096535948269747,0.0254653855202683,1,normal,risk_on,0.0364695533630396
2025-07-07,-0.0085342953523908,-0.0091275669428918,-0.0109765818424891,0.0007487805488752,-0.0075328807701394,-0.0074519186522585,-0.0095434955301872,0.0860806976192025,0.0042078423847151,0.0332711487849189,0.0970572794616916,1,normal,risk_on,0.13453627063132562
2025-07-08,0.0060057503829968,-0.0036487095663927,0.0285066063553804,-0.0104434118686642,0.0005615358382493,-0.0005478153334741,-0.0012771846318028,-0.0550872062479549,-0.0044913043839577,0.0234415564234993,0.0835938126033353,1,normal,neutral,0.11152667341079231
2025-07-09,0.0218106956047536,0.0048374571243328,0.0593658499976477,0.0044712826643482,0.0070789228245018,0.0059966267672113,0.010461516433091,-0.0517549026293385,0.0077834310983184,0.0303146204818145,0.1111207526269862,1,normal,risk_on,0.1492188042071191
2025-07-10,0.0418646606874946,0.0044543329222015,0.066431758275212,0.0022257895319868,-0.001438123940997,0.0028203102183428,0.0006902076751931,-0.0100376318459264,0.0133764129404384,0.0263776121185029,0.0764693901211384,1,normal,risk_on,0.1162234151800797
2025-07-11,0.0131892917604998,-0.0065621540079716,0.0010291624108509,0.009601575193336,-0.0022505116729369,-0.0035154238705955,-0.0137946323427431,0.0392902342237455,0.0046234427117731,0.0164347033454253,0.0530848665664886,1,normal,risk_on,0.074143012623687
2025-07-14,0.0061585783252593,0.0022768291898878,0.0134500895731117,-0.003655317426628,0.0036269588131085,0.0019081172266208,-0.0020981378922393,0.0487805587205785,0.0088059595662124,0.0169779678045125,0.0524358761472065,1,normal,risk_on,0.0782198035179314
2025-07-15,-0.0172926221005188,-0.0099645869749899,0.0419927268661559,-0.0041557051352677,0.0009167073914724,-0.004273167050627,-0.0070085902414598,0.0104650226652889,0.0013349731775067,0.0182931169182169,0.0592853489666747,1,normal,risk_on,0.0789134390623983
2025-07-16,0.0081621945039229,0.0050211730928861,0.073766027928803,0.0049880961252437,0.0010239276654802,0.0033431911185151,0.001411499704234,-0.0126581889515343,0.0106322401484438,0.0262630451035279,0.0864242168803373,1,normal,risk_on,0.123319502132309
2025-07-17,0.004643278306736,0.0064652982198691,0.0312256783134627,-0.0021735334020257,0.0080927915684321,0.0061195913698575,-0.0002347168764874,-0.0372960020594029,0.0021052981800551,0.0189044916817099,0.0685216803728656,1,normal,risk_on,0.0895314702346306
2025-07-18,-0.0107856389702077,-0.0039973573485213,0.0207754996538493,0.0026009243475786,-0.0009612364892568,-0.000732314966001,0.0015274131169265,-0.0066586324033585,0.0002210821176261,0.0093993516933351,0.031561138624057,1,normal,risk_on,0.0411815724350182
2025-07-21,0.0011828564931994,0.000406140702496,0.0010373538968471,0.0153701157924277,0.0051847562642817,0.0018961751656665,0.0089159952961184,0.014625214707483,0.0060773260398149,0.0061792114975391,0.0149639750899317,1,normal,risk_on,0.027220512627285698
2025-07-22,0.021763326222183,0.0034276366384784,-0.0037800761075303,0.009484882235462,-0.0051758215673384,0.0001431211632245,0.0060465168942085,-0.00900898630432,0.0028625748967959,0.0097732883821701,0.030772312526503,1,normal,risk_on,0.043408175805469
2025-07-23,-0.010337504434577,0.0117988823930681,-0.03185843128317,-0.0124011811200366,0.0045613704566533,0.0085075411221149,-0.0055479183571288,-0.0684848554206617,-0.0129702620804672,0.0264119673893762,0.0802837378137298,1,normal,neutral,0.1196659672835732
2025-07-24,-0.0032584822936673,-0.0068857526215079,0.021572560819185,-0.0061182769777723,0.0021283693114093,0.000331052522827,-0.0017434139611685,0.0013012659669868,0.0009159153457865,0.0089721881324393,0.0284583134406928,1,normal,risk_on,0.0383464169189186
2025-07-25,-0.0061850938387063,0.0042719308776659,0.0051944987325842,-0.0092499926477293,0.0024070577535559,0.0042242526180489,0.0062871778054107,-0.0298895404733733,-0.0028674636465679,0.0123046022159203,0.036176718278784,1,normal,neutral,0.0513487841412722
2025-07-28,-0.0127587682112196,-0.0015142375471759,-0.0226619903849364,-0.0064736183275433,0.0031250141967433,-0.0002511001694515,-0.0064792658089991,0.0066978851809362,-0.0050395101339557,0.0093659767341939,0.0293598755658726,1,normal,neutral,0.043765362434022195
2025-07-29,-1.974250866199068e-05,-0.0041488207855046,0.0015918602984175,0.0027503890763838,-0.0015488514141033,-0.0026375522185667,0.0168859974829576,0.0632069079270261,0.0095100234822435,0.02265704914904,0.0673557287125307,1,normal,risk_on,0.09952280134381421
2025-07-30,-0.0007713643170961,-0.0038521964070239,0.003887439502314,-0.0172734972895408,0.0013399059679111,-0.0012593310110431,-0.0051533918760052,-0.0312891122855456,-0.0067964434645037,0.0117615257907036,0.0351765517878596,1,normal,neutral,0.0537345210430669
2025-07-31,-0.0175928327549105,-0.0077121042190959,-0.0292773089332145,0.0066454015709211,-0.005299173469577,-0.0037512265266995,0.0005754943304923,0.0801033467562382,0.0029614495942692,0.0330782088861983,0.1093806556894527,1,normal,risk_on,0.14542031416992018
2025-08-01,-0.0210621547474024,-0.0127115521629281,-0.0563587413975232,0.0202996899588845,-0.0196987317841567,-0.0163903695197614,0.0142165984030224,0.218899521394646,0.0158992825180976,0.085312100944095,0.2752582627921692,0,stress,defensive,0.3764696462543618
2025-08-04,0.0074787983634865,0.0139767161053967,0.0633637143885297,0.0058232292577014,0.0184514244183764,0.0151997136799502,0.0027327716443354,-0.1403336025895768,-0.001663404341475,0.0592217267343358,0.2036973169781065,0,stress,defensive,0.2645824480539173
2025-08-05,-0.0080857067535434,-0.0015163696550188,-0.028794587423448,0.0008040912066364,-0.0067894060200985,-0.005069869050569,0.0030661797605089,0.0188356115915409,-0.0034437570429989,0.0133017640412697,0.0476301990149889,1,normal,neutral,0.06437572009925749
2025-08-06,0.0077671584153571,0.0018814680715764,0.019939990563959,-0.0021211070007123,0.0125832307783988,0.0076595814753868,-0.0057738002074775,-0.0605041961134753,-0.0023209592521233,0.0248825170325529,0.0804441866774343,1,normal,neutral,0.10764766296211051
2025-08-07,0.0214634561802344,-0.0050908426675115,0.0625434951126753,0.0084379874949678,0.0033843434297078,-0.0008376240775045,-0.0017081282063324,-0.0119261036064469,0.0095333229574737,0.023603014683344,0.0744695987191222,1,normal,risk_on,0.1076059363599399
2025-08-08,-0.0068782400705657,0.0050031785667603,0.0244034224492999,-0.000223579858554,0.0093280983942403,0.0077976708139688,-0.0043343444374878,-0.0856970490311774,-0.0063251053966894,0.0335057589406614,0.1101004714804773,1,normal,neutral,0.1499313358178281
2025-08-11,-0.0048221283567536,-0.0043220310435926,-0.0064056374200328,-0.0143747010875976,-0.0029588631653203,-0.0019775396473949,0.0011455157336979,0.0726072877338093,0.0048614878433519,0.0277394009529031,0.0869819888214069,1,normal,risk_on,0.1195828776176619
2025-08-12,0.0121405153765801,0.0106134377356428,0.0861038246341501,-0.0009074665058316,0.012568801217258,0.0106461144557001,-0.0050348089568358,-0.0935384897085336,0.0040739910310162,0.0486798035829567,0.1796423143426836,0,stress,defensive,0.2323961089566565
2025-08-13,0.0263882795960923,0.0106592875694848,0.0360169423925045,0.0030492830145867,0.0004999798804039,0.003423051355156,0.0082805265905172,-0.0162932639902666,0.0090030108010598,0.0160981417845138,0.0523102063827711,1,normal,risk_on,0.0774113589683447
2025-08-14,-0.0404112226723519,-0.0005784234912095,-0.0437546896560291,-0.0063387067340703,-0.0007753521412967,9.306090191762983e-05,-0.0074139841821571,0.0234644691482734,-0.0094643561033654,0.0222890734765236,0.0672191588043025,1,normal,neutral,0.0989725883841915
2025-08-15,-0.0081212401879706,0.001416744108331,-0.0237849107507586,0.0005858183101099,-0.0043973179149715,-0.0023412898567806,-0.0071248856503749,0.0175320451934877,-0.0032793795936159,0.0115322335320069,0.0413169559442463,1,normal,neutral,0.0561285690698691
2025-08-18,-0.010223232791397,-0.0010677151835759,-0.0359393795176645,-0.0015612675411803,-0.0003985507015702,-0.0002176314371911,-0.0028935171979435,-0.0066269304478818,-0.0073660281023005,0.012060318379351,0.0357217480804734,1,normal,neutral,0.055148094562124904
2025-08-19,-0.0294285140564407,0.000534428208901,-0.055429681352263,-0.0054732794479455,-0.0135674849979672,-0.0054251300666776,0.0058039194146739,0.038692457142232,-0.0080366606444358,0.0272457768863481,0.094122138494495,1,normal,neutral,0.12940457602527888
2025-08-20,0.0127940034305953,0.0001558116723276,0.0640821595131264,0.0101221752844897,-0.0059374259826039,-0.0026570836306466,0.0021926371588243,0.0077071218953825,0.0110574249176869,0.0223641286160048,0.0700195854957303,1,normal,risk_on,0.10344113902942201
2025-08-21,-0.0162390297451311,-0.0031377972513553,-0.0256755138555492,-0.0034698951143765,-0.0046296551899586,-0.0040118222875585,-0.0049515421270679,0.0579987779110058,-0.0005145597074989,0.0249817370516247,0.083674291766555,1,normal,neutral,0.1091705885256786
2025-08-22,0.0396290079888053,0.0193994592706583,0.143999156447339,0.0107064269447694,0.0154273593558158,0.0153567897013831,0.0074064548443641,-0.1433734975751969,0.0135688946222422,0.0778358276910135,0.2873726540225358,0,stress,defensive,0.3787773763357915
2025-08-25,-0.0293859004939791,-0.007818018436737,-0.0850815193572845,-0.0024148368614391,-0.0028848106482866,-0.0044010620924618,-0.0028719113929268,0.0400843659719085,-0.0118467116639008,0.035232468924856,0.125165885329193,1,normal,neutral,0.1722450659179498
2025-08-26,0.0152400868989226,0.0031341764759704,0.0520099702106291,0.0072620472436912,0.0040153373620261,0.0041870363498908,-0.0005759457471644,-0.0114942580616914,0.0092223063415343,0.0188435440164952,0.0635042282723205,1,normal,risk_on,0.09157007863035
2025-08-27,-0.0051930228625494,0.0033884337820049,-0.021092323933093,0.0020187288833615,0.001536867433014,0.0022785132820093,-0.0011527371233899,0.0157319081881683,-0.0003104540438092,0.0103026670183851,0.0368242321212613,1,normal,neutral,0.0474373531834556
2025-08-28,0.0118928039794263,0.0016665995460389,0.0008404036496352,0.0074190380467968,0.0062599211647955,0.0035413627321427,0.0065780935060406,-0.0282828326939329,0.0012394237413678,0.0124360833122582,0.0401756366733592,1,normal,risk_on,0.053851143726985205
2025-08-29,-0.0367317599553232,-0.0015324665460911,-0.0326201696512723,0.0096499017766611,-0.0115753870449382,-0.0059636816039791,-0.0071082773083522,0.0644490181450581,-0.0026791027735296,0.0312252292952956,0.1011807781003813,1,normal,neutral,0.1350851101692065
2025-09-02,0.0178488017370614,-0.0054375444418268,0.0025253408344354,0.0236425593124425,-0.0083803196739463,-0.0074102955558742,-0.0074417485581993,0.1178385716193595,0.0166481706591815,0.0426993688490618,0.1262188912933058,0,stress,defensive,0.1855664308015491
2025-09-03,0.0046998403434108,-0.0007715028696259,0.0289047089926124,0.007831992196408,0.0078676817973766,0.0054196558492098,0.0109773496513954,-0.0477576989621779,0.0021465033748261,0.0219584650376182,0.0766624079547903,1,normal,risk_on,0.1007673763672346
2025-09-04,-0.0089471951854229,0.0083615180854788,-0.0340745526006821,-0.0044188826180945,0.0090513380563592,0.0083572640251161,0.0076239602556136,-0.064220193653627,-0.0097833429544073,0.0264547786001619,0.0732715317099862,1,normal,neutral,0.10950965326455539
2025-09-05,-0.0006558419928113,-0.0045070586137779,0.0019179157066675,0.0133459405521432,0.0014429637916091,-0.0028961484885351,0.0152470259585379,-0.0078431296773284,0.0020064584045631,0.0082356848756763,0.0230901556358662,1,normal,risk_on,0.033332298916105604
2025-09-08,0.0081301778599391,0.00265937131081,0.0006328430576436,0.011388067271604,0.0048778874455228,0.0024565419087134,0.0133242182073163,-0.0046113733261695,0.0048572167169224,0.0058936784452244,0.0179355915334857,1,normal,risk_on,0.0286864866956325
2025-09-09,-0.0048262328231931,0.0039674820599295,0.000224981899441,-0.0022699054686092,0.0028332800126658,0.0023119206976098,-0.0056829194965846,-0.0046326734887307,-0.0010092583259339,0.0038399664526687,0.0096504015565141,1,normal,neutral,0.0144996263351167
2025-09-10,0.0217412410137076,-0.0045413491433322,0.0093070563723149,0.0035922056391106,0.0003272515481658,0.0028908542790047,0.0057153996527017,0.020611730079985,0.0074555486802072,0.0093665235635352,0.0262825901570398,1,normal,risk_on,0.0431046624007822
2025-09-11,0.0136209450438582,0.0131380382915216,0.0257722786138756,-0.001491379781172,0.0058205556033805,0.0083102647317856,0.0066860451373269,-0.0416938324050697,0.0037703644044383,0.019988803288509,0.0674661110189453,1,normal,risk_on,0.0912252787118926
2025-09-12,0.0051428596550617,-0.0056286513414872,0.0569377731731017,0.0019715725978484,0.0044170622178238,-0.000334706509845,-0.0043170217628685,0.0033990612240109,0.0076984936567057,0.0202823151619711,0.0625664245145889,1,normal,risk_on,0.0905472333332657
2025-09-15,0.0003224981011604,0.0016328220208541,-0.0179576071325368,0.0104048360105588,0.0085570824071732,0.005323952420932,0.0023347833545346,0.0630080851680257,0.0092033065438377,0.0234000540504525,0.0809656923005625,1,normal,risk_on,0.1135690528948527
2025-09-16,0.0121123826414988,-0.0028039722560114,-0.0051373497885001,0.0020064107533963,-0.0008451865317253,-0.0013768859187989,0.0021073987350204,0.0427024249768586,0.0060956528264672,0.0156674486801692,0.0478397747653586,1,normal,risk_on,0.06960287627199499
2025-09-17,-0.0032066883445814,0.0054056621564424,0.019799637873646,-0.0077151716641871,-0.0019959461391949,-0.0012423421464923,-0.0025457517485086,-0.0391198239270115,-0.0038275529924859,0.0165452667508042,0.0589194618006575,1,normal,neutral,0.0792922815439476
2025-09-18,0.0057414259447414,0.0029701209247745,-0.00061280568255,-0.0040063094596702,0.0090170088691499,0.0046725385202659,-0.0103196265744616,-0.0012722937292578,0.000773757351624,0.0061490361858464,0.0193366354436115,1,normal,risk_on,0.026259428981081898
2025-09-19,-0.0123645068463384,0.0035291046215557,-0.0259268092841883,0.0106072272522104,0.0067693390576313,0.0049527813713408,-0.0019060464783593,-0.0159235670724318,-0.0037828096723224,0.0128902960320821,0.0365340365363987,1,normal,neutral,0.0532071422408032
2025-09-22,-0.0221808393149213,0.0015768776731726,-0.0558151631765529,0.0173064309332613,0.0059200144898174,0.004731100453688,-0.0035947609741219,0.042071234966281,-0.0012481381186719,0.0286286554222185,0.0978863981428339,1,normal,neutral,0.1277631916837243
2025-09-23,-0.0065101332757383,-0.0017253426091518,-0.0088923685444762,0.0040863750528674,-0.0066422865178928,-0.0054435663888288,0.0069898604286564,0.0335403102723042,0.0019253560522175,0.0139337119531717,0.0424326788167803,1,normal,risk_on,0.0582917468221695
2025-09-24,0.0117318098326555,-0.0039969167838854,-0.0028891265593804,-0.0090630497266709,-0.0035105464204016,-0.0031816334526136,-0.0038064569472346,-0.027644176763541,-0.005295012102634,0.0108294291765964,0.0393759865961965,1,normal,neutral,0.055500427875426896
2025-09-25,-0.0377604815640906,-0.0034488898360094,-0.0686499014554498,0.0041651888770666,-0.0043112810845634,-0.004613497488472,0.0,0.0346105967478409,-0.0100010332254597,0.0307187847684941,0.1032604982032907,1,normal,neutral,0.1439803161972445
2025-09-26,0.0060847628462732,0.0062034264855541,0.0433142421918351,0.0057722704405365,0.0041108687083961,0.0057291443669942,-0.0008990279955127,-0.0866188667318172,-0.0020378974609675,0.0368492759673276,0.1299331089236523,1,normal,neutral,0.1688202823519474
2025-09-29,0.0203147390643254,0.0016440438912381,0.0183184024417619,0.016496514338703,0.0046311283905264,0.0028103664411398,0.0082112112334156,0.054283903168812,0.0158387886212402,0.0171533595204739,0.0526398592775739,1,normal,risk_on,0.085632007419288
2025-09-30,-0.003009577997342,0.001511662340019,-0.0169263675513909,0.0085400040815941,0.0027391934617468,0.0037668667591119,-0.0029006961249953,0.0099255483301647,0.0004558291623635,0.0084323953791691,0.0268519158815556,1,normal,risk_on,0.0357401404230882
2025-10-01,0.0402682917991483,0.0011213167862949,0.0494830890547679,0.0015753722020723,0.0047969542474626,0.0034074772846366,0.0025827229120463,0.0006142646474234,0.0129811861167315,0.0198833400541077,0.0488688244073445,1,normal,risk_on,0.0817333505781837
2025-10-02,0.0171289208453273,0.0018308801603181,0.031442884912465,-0.0034828251513256,0.0041110720810542,0.0011518035371929,0.0029117241726417,0.0208715915365711,0.0094957565117805,0.0121802594170291,0.0349257100637905,1,normal,risk_on,0.0566017259926001
2025-10-03,0.0131360367486641,0.0051600692156148,0.0060042858069202,0.008032937892485,-0.0042097062459061,-1.476736222161268e-05,-0.0018983562383991,0.0012026734078771,0.0034266466531292,0.005714618862561,0.0173457429945702,1,normal,risk_on,0.026487008510260403
2025-10-06,0.0100317367949158,-0.0014329545038589,0.0381688799649984,0.0188457386151279,0.0075101274621713,0.0035862289103361,-0.0079435343682422,-0.0168167438866038,0.0064936848736055,0.0168715164999884,0.0549856238516022,1,normal,risk_on,0.0783508252251961
2025-10-07,-0.0264615748027157,-0.0018637471543392,-0.0504759307690095,0.0051594622581365,-0.0052656295908748,-0.0037074922509618,0.0057515884879226,0.0531459308053101,-0.0029646741270664,0.0295365557425391,0.1036218615743196,1,normal,neutral,0.1361230914439251
2025-10-08,0.015672809406696,0.0002146033164371,0.017185685016793,0.016490956878445,0.0114639089770505,0.0059630524127922,0.0007849501673846,-0.0545243936506532,0.0016564465656181,0.0236991162240152,0.0717100786674462,1,normal,risk_on,0.09706564145707951
2025-10-09,-0.0133702162517275,-0.005514300186029,-0.0350081093558963,-0.0184528480860649,-0.0012103266260649,-0.0028970083792374,-0.0007843345038844,0.0079755260245446,-0.0086577021705449,0.01336135579842,0.0429836353804409,1,normal,neutral,0.0650026933494058
2025-10-10,-0.0697685211783174,-0.018619049427769,-0.1204205719128932,0.0100977000119419,-0.0347142606648129,-0.0270278278990896,0.0161471825898913,0.3183201123002275,0.0092518454773973,0.1323721101674742,0.4387406842131207,2,shock,risk_off,0.5803646398579921
2025-10-13,0.0008796796576793,0.0127727889145876,0.019460066119904,0.024301043940617,0.0212213403381202,0.0153440746932087,-0.0005517321460523,-0.1214219381022215,-0.0034993345730196,0.0484982584637515,0.1457229820428385,0,stress,defensive,0.1977205750796096
2025-10-14,-0.0186726288806453,0.0044065595710653,-0.0282785479644077,0.0071411892226269,-0.0066610525160254,-0.0012216548034567,0.0032020031688948,0.0935364537609295,0.0066815401948726,0.0371614180253716,0.1218150017253372,0,stress,defensive,0.1656579599455814
2025-10-15,-0.02064646024028,0.0,-0.0334397226413459,0.0173324035699771,0.0070567996445609,0.004439523175783,-0.0022011851328965,-0.0081691533232455,-0.0044534743684308,0.0161569276691975,0.050772126211323,1,normal,neutral,0.0713825282489513
2025-10-16,-0.0234433185040173,-0.0068075985845613,-0.023249158708877,0.023387276945731,-0.0037029299714093,-0.0068102611539839,0.007500366809916,0.2262597003096851,0.0241417596428104,0.0830925671845535,0.2497030188137023,0,stress,defensive,0.3569373456410662
2025-10-17,-0.0158823635183403,0.0051696104940366,-0.0159690574399135,-0.0188170557269666,0.006566806282733,0.0056763938002961,-0.0015327755271583,-0.1789805956097521,-0.0267211296556331,0.0624358687680221,0.1855474018924851,0,stress,defensive,0.2747044003161403
2025-10-20,0.0176891223946731,0.011347445525492,-0.0009760969295927,0.0364019743890522,0.0126006979808324,0.0104004753996216,0.0038377354888201,-0.1227141992371523,-0.0039266056235316,0.0492585461883705,0.1591161736262045,0,stress,defensive,0.2123013254381066
2025-10-21,-0.0190981056464526,0.0047108479486779,-0.0261246814971964,-0.0642688926066614,-0.0002614575019992,-1.4904481475785936e-05,0.0049154896333265,-0.0197475980275734,-0.0149861627724193,0.0233526900228599,0.0691843822399879,1,normal,neutral,0.10752323503526709
2025-10-22,-0.0072670287925667,-0.0073315274236226,-0.0177059637541527,0.0001060559483554,-0.0096340209038546,-0.005198906927441,0.0006521303634381,0.0408505600421473,-0.0006910876809621,0.0177494028329516,0.0585565237963,1,normal,neutral,0.07699701431021369
2025-10-23,0.0221113556675538,0.0032420003761273,0.0125794417244853,0.0040023583823969,0.0084064789199833,0.0059298911904996,-0.0068433741005671,-0.0698925332122201,-0.0025580476314676,0.0284327915477955,0.0920038888797739,1,normal,neutral,0.122994728059037
2025-10-24,0.0087598592511493,0.0105286743661199,0.0203683813713873,-0.0033528327110016,0.0106782836215708,0.0081725711046307,0.0004374925179273,-0.0537571351930975,0.0002294117910857,0.0229412827209005,0.0741255165644848,1,normal,risk_on,0.09729621107647099
2025-10-27,-0.0030847352525406,0.0066496923240217,-0.0091070912289757,-0.0278395304987844,0.0178092066904382,0.0117977120231489,0.0033891057134785,-0.035430717632604,-0.0044770447327271,0.0188017353824423,0.0532399243230422,1,normal,neutral,0.0765187044382116
2025-10-28,-0.010192524628483,0.0037866516741962,-0.0334600812276828,-0.0071660303883592,0.0076899447929128,0.002655998956591,0.0026149448868844,0.039898677388406,0.0007284476818081,0.0205281764682242,0.0733587586160888,1,normal,risk_on,0.09461538276612111
2025-10-29,-0.0256812844086571,-0.001634700979202,-0.0198152243343238,-0.0037872684129753,0.0045029785246133,0.0004803870398957,-0.0101065473512397,0.030450669773252,-0.0031988737685796,0.0170596347424745,0.0561319541819091,1,normal,neutral,0.07639046269296319
2025-10-30,-0.0158988957185517,-0.0028549313542792,-0.0253571179726164,0.0196418867295109,-0.0152886173102628,-0.0109981439370768,-0.0058184774283558,-0.0005910300730935,-0.0071456658830906,0.0134702493477236,0.0449990047021272,1,normal,neutral,0.0656149199329414
2025-10-31,0.0115471203791934,0.0013894500767626,0.0112252539206727,-0.0054305507230125,0.0048239173406896,0.0032800997320787,-0.0029813797983053,0.0313424418348897,0.0068995440953711,0.0115585504278483,0.0367729925579022,1,normal,risk_on,0.0552310870811216
2025-11-03,-0.036985858931644,-0.004625117068748,-0.0789440386423853,0.0017929035935666,0.0047848062800315,0.0018767772528909,-0.0025009740028599,-0.015481677149975,-0.0162603973336404,0.0287398948701424,0.0837288449224168,1,normal,neutral,0.1287291371261996
2025-11-04,-0.046523840630681,-0.0054279095026528,-0.0859819964061128,-0.0175171958253196,-0.0202979811122314,-0.0118535399424475,0.0022288067117168,0.1065812414428974,-0.0098490519081038,0.0548174871336305,0.1925632378490102,0,stress,defensive,0.2572297768907445
2025-11-05,0.0226528264854919,0.0046931368786287,0.040271429297028,0.0115643694985267,0.0065079199290669,0.0034653891969962,-0.010896250046838,-0.0521052511114823,0.0032691962659272,0.0269741807497194,0.0923766804085103,1,normal,risk_on,0.1226200574241569
2025-11-06,-0.0249350379808326,-0.0080954143046019,-0.032965748389768,-0.0012005195756796,-0.0186273351910107,-0.010729333212666,0.008992693458488,0.0827318018979654,-0.0006036116622631,0.0361743292526155,0.1156975502877334,1,normal,neutral,0.152475491202612
2025-11-07,0.020445121741957,0.001235948875474,0.0371478368701485,0.0061190214700956,-0.0031553299476135,0.0009845075813768,-0.00211680347032,-0.0215384654509717,0.0048902297087683,0.0174230213915935,0.0586863023211201,1,normal,risk_on,0.0809995534214819
2025-11-10,0.0121940174486727,0.0084280110797518,-0.0039527975796244,0.0273411185983805,0.0221242059735495,0.0156043433079944,-0.0002231382328288,-0.0775681104902673,0.0004934562632035,0.0332324634534208,0.1049092290886477,1,normal,risk_on,0.138635148805272
2025-11-11,-0.0282945413045407,0.0117976818537637,-0.0429254457249836,0.003937814406542,-0.0026635198225943,0.0022892399865568,0.0045784908411889,-0.0181818004482052,-0.008682760026534,0.0191185006428009,0.0547231275787472,1,normal,neutral,0.0825243882480821
2025-11-12,-0.0129545052533147,0.0069879081502297,-0.0006406464052173,0.0161107620919085,-0.0007883526216219,0.0005564884786124,0.0017785806683456,0.0133101581653338,0.0030450491592845,0.0091315261866004,0.0290652673452232,1,normal,risk_on,0.0412418426911081
2025-11-13,-0.0193353696735113,-0.0166129298807439,-0.0528368529003577,-0.0080830985158268,-0.0204159988839279,-0.0165940199802265,-0.0082114392810982,0.1422044396670561,1.434131892047441e-05,0.0591470549030106,0.1950412925674138,0,stress,defensive,0.2542026887893449
2025-11-14,-0.05315783786249,-0.0061927946002342,-0.0398951830750481,-0.0180479111715045,0.0007560348771753,-0.0001637687603371,-0.0057057860928523,-0.0085000038146973,-0.0163634063124985,0.0198017859979774,0.0539138727396653,1,normal,neutral,0.09007906505014121
2025-11-17,-0.0221200653755151,-0.0116151182266147,-0.0220859889442177,-0.0114639792971394,-0.0085405490151937,-0.0093164334292445,0.0024754335168781,0.1285930028679485,0.0057407877621126,0.0502590345916359,0.1507130682434636,0,stress,defensive,0.2067128905972121
2025-11-18,0.0092840050437665,-0.0107652095253082,0.0325471721339232,0.0072649327361036,-0.0121757288245549,-0.0083975527701006,-0.0003367733366584,0.1032172234099355,0.0150797586083883,0.0384849935123628,0.1153929522344903,0,stress,defensive,0.16895770435524138
2025-11-19,-0.0159537467505658,0.0009973396051075,-0.0319913143828485,0.0016294519610446,0.0059700870715941,0.0038632001428369,-0.0020210579646746,-0.0417173213595,-0.0099029202096257,0.0180952212854009,0.0476874084310941,1,normal,neutral,0.0756855499261207
2025-11-20,-0.0528512689185111,-0.0079261905777247,-0.0632777812683677,-0.0002933255655774,-0.023671812130308,-0.0152422454597995,0.0039379543544519,0.1166525886171432,-0.0053340101185866,0.0548356585049651,0.1799303698855109,0,stress,defensive,0.24010003850906259
2025-11-21,-0.0177903401090984,0.0110288984030704,-0.0233345900550919,-0.0015473311468576,0.0075127450031877,0.0099612229766328,0.0030256797222543,-0.1131718305255048,-0.0155394432164259,0.0414486274579509,0.1242007289285752,1,normal,neutral,0.181188799602952
2025-11-24,0.0168832965336012,0.0040425578982341,0.0539096427091589,0.0158442390985904,0.0255731865701389,0.0147185070621804,0.0056984847244749,-0.1241997357878513,0.0015587723510659,0.0531411983241986,0.1781093784970102,0,stress,defensive,0.2328093491722747
2025-11-25,-0.0105207426881414,0.0145121598290742,0.0017688477411781,-0.0003156907704157,0.0061636773483719,0.0094059914420558,0.0025551920441502,-0.0955166154043495,-0.0089933975572595,0.03572490950458,0.1100287752334236,1,normal,neutral,0.1547470822952631
2025-11-26,0.0363683055149117,0.0067277181754044,0.0236231364789525,0.0079983389084441,0.0088357869369599,0.0069034834506269,0.0044327419840903,-0.0738145997470913,0.0026343639627873,0.0327945910266419,0.110182905262003,1,normal,risk_on,0.1456118602514322
2025-11-28,-0.0040106027389381,0.0059661424525343,0.0058921738820569,0.0124243313486391,0.0081072126449606,0.0054584063386149,-0.0047441077133901,-0.048865626904644,-0.0024715088362708,0.0196315046093798,0.0612899582532831,1,normal,neutral,0.0833929716989337
2025-12-01,-0.0450552924720789,-0.0080892364869423,-0.0641431700353459,0.0048210660349776,-0.0033589997289519,-0.0045655054234295,-0.012448683221384,0.0544342121641243,-0.0098007011461288,0.0350810368183704,0.1185773821994702,1,normal,neutral,0.1634591201639694
2025-12-02,0.0582546493801656,0.0040987028305408,0.0706204955824862,-0.0064400507135984,0.0078261079930326,0.001852299674079,0.0004505348623788,-0.0377029946148378,0.0123699681242808,0.0352570176654498,0.108323490197324,0,stress,defensive,0.15595047598705458
2025-12-03,0.0238379498677223,0.008732091585869,0.0645883839006948,-0.0009296182229129,0.0024437973823301,0.0034627677932603,0.0028149905841667,-0.0307414240018726,0.0092761173611572,0.0269909302332892,0.0953298079025674,1,normal,risk_on,0.1315968554970138
2025-12-04,-0.0148210437755016,-0.0007091805356095,-0.0179395530127798,0.0006461951944911,-0.0009302477124336,0.0007310561539983,-0.0053895124633129,-0.0186567283680508,-0.0071336268148998,0.0085675677143457,0.0193877845220491,1,normal,neutral,0.0350889790512946
2025-12-05,-0.0298873303732162,0.0020037792075082,-0.0350582170653738,-0.0017823532991586,0.0040773927632637,0.0018995368427094,-0.004628655382851,-0.0234473949188981,-0.010852905278252,0.0159404102040116,0.0391356098286375,1,normal,neutral,0.06592892531090111
2025-12-08,0.0025945560296725,-0.0039163884137535,0.0208722449759519,-0.0026394498686159,-0.0019184508699994,-0.0030042775146746,-0.0032892007836317,0.0811161591419431,0.0112268990871115,0.0294222881335803,0.0850325475556966,1,normal,risk_on,0.1256817347763884
2025-12-09,0.0226335306163294,-0.0036180999082203,0.0626894655346446,0.0051372020127886,0.0012333639705792,-0.0008630551776172,0.0010242130547137,0.0162065102182826,0.0130553912901875,0.021987487972828,0.0663075654428649,1,normal,risk_on,0.1013504447058804
2025-12-10,-0.0072365222112718,0.0103479772027545,0.0012872624094455,0.0042591479671663,0.0040956411906611,0.0066321775460889,0.0038649467996554,-0.0685174144419523,-0.0056583479421815,0.0258938603083586,0.0788653916447068,1,normal,neutral,0.1104175998952469
2025-12-11,0.0053291196187417,0.0135452504673703,-0.0265632747802294,0.0107698305433077,-0.0032344057942019,0.0023269481305272,-0.0013588211097969,-0.0583386207729006,-0.0071904967121477,0.0240266558410011,0.0718838712402709,1,normal,neutral,0.1031010237934197
2025-12-12,-0.0242232138612067,-0.0050627937848929,-0.0472294070775402,0.0055945790399396,-0.0191182523585052,-0.0107519689275339,-0.0096383069904961,0.0599326172919836,-0.0063120933335314,0.0309873245661307,0.1071620243695238,1,normal,neutral,0.1444614422691859
2025-12-15,-0.019908078936967,-0.0004737898433107,-0.0315009433483649,0.0009103412637567,-0.0050194605687891,-0.0015108877827512,0.0006870896041384,0.0482846404023706,-0.0010663861512396,0.023114476473924,0.0797855837507355,1,normal,neutral,0.1039664463758991
2025-12-16,0.0164800593614091,-0.0065750183883268,-7.412718940891239e-07,0.0002274554276029,0.0019818323680911,-0.0027322975952787,0.0054917864675452,-0.001212148955374,0.0017076159267218,0.0069134390453603,0.0230550777497359,1,normal,risk_on,0.031676132721818
2025-12-17,-0.0193550710910589,-0.0045231227628333,-0.044793940674319,0.0085882284742737,-0.018537002937461,-0.0110036201020413,-0.0009101953824169,0.069174837904296,-0.002669985821445,0.0330993923112276,0.113968778578615,1,normal,neutral,0.1497381567112876
2025-12-18,-0.0079082921072796,0.0014799092725377,-0.0015308565372549,-0.0018032036998042,0.0144901894979121,0.0075513325776148,0.0047836316592113,-0.0425652647149721,-0.0031878192565043,0.0172821206346837,0.0570554542128842,1,normal,neutral,0.07752539410407219
2025-12-19,0.0309009771371784,0.0035122046553721,0.053377404806266,0.0011289903434379,0.0130353157128813,0.0090634454794518,-0.0037324854705337,-0.1161826256263751,-0.0011120966202901,0.0501029416108161,0.1695600304326411,0,stress,defensive,0.2207750686637473
2025-12-22,-0.0014864790528285,0.0048009083967432,0.0014858543703297,0.0230816054990685,0.0047935233785167,0.0062298922783201,-0.002170228023412,-0.0556673328102088,-0.0023665319954338,0.0229308715291528,0.0787489383092773,1,normal,neutral,0.10404634183386391
2025-12-23,-0.0121597404791959,0.0015927411644343,-0.0142044776209103,0.0132523418575676,0.004683311224304,0.0045704548184328,0.0016026260340709,-0.0056818127940017,-0.0007930694744122,0.0092615183628919,0.0274568194784779,1,normal,neutral,0.037511407315782
2025-12-24,0.0022646365284737,0.0057410365957524,-0.0060010809047303,-0.0041340825647866,0.0029255937289227,0.0035176203055324,0.006057155327225,-0.0378571237836565,-0.0034357805959084,0.0145775693014082,0.0439142791108815,1,normal,neutral,0.0619276290081981
2025-12-26,0.0007644603322913,4.1113310676577086e-05,0.0076340306642646,0.0116767354747571,-6.415532994641371e-05,-0.0001014150322431,-0.0032945025243134,0.0096510847708835,0.0032884189582962,0.0055124878558298,0.0149712379990705,1,normal,risk_on,0.023772144813196498
2025-12-29,-0.0079431738202667,-0.0050098885094406,-0.0047581689172321,-0.0435283019531133,-0.0048405608377989,-0.0035636282070548,0.0037613022189564,0.044117603747491,-0.0027206020348073,0.0237335617161901,0.0876459057006042,1,normal,neutral,0.11410006945160159
2025-12-30,0.0148269423496205,-0.0020636532040091,0.0125670254808933,0.000727567838638,-0.002319400003386,-0.0012211007345822,-0.0023846027915731,0.0091549377596538,0.0036609645869069,0.0072870236327162,0.0172115451411936,1,normal,risk_on,0.0281595333608167
2025-12-31,-0.0104184474024646,-0.0062449124674934,-0.0014737583994245,-0.0064679911632223,-0.0082656206220229,-0.0074089673733906,-0.0079670881702841,0.0432658680293094,-0.0006226146961241,0.0179167589985434,0.053684315431774,1,normal,neutral,0.0722236891264415
2026-01-02,0.013667122921255,0.00636735737665,0.0413373405106669,0.0049708592587596,-0.0019370922526258,0.0018330397334518,-0.0014916117935943,-0.029431410434575,0.0044144506649985,0.0195684324532908,0.0707687509452419,1,normal,risk_on,0.09475163406353121
2026-01-05,0.0270098258026907,0.0126956687573251,0.0271976430989517,0.0263131741951609,0.0079429202962948,0.0066601138160631,0.0049408825489412,0.0268779726737806,0.017454775148651,0.0102799183697541,0.0222567605500105,1,normal,risk_on,0.0499914540684156
2026-01-06,-0.0016352711961346,0.0098821463565865,0.0216409128643892,0.0108131490472627,0.0087865419049508,0.0059471833730893,-0.0020581631396412,-0.010067088749702,0.0054136763076,0.0097780784062901,0.0317080016140912,1,normal,risk_on,0.0468997563279813
2026-01-07,-0.0258295272042513,-0.0094013351109686,-0.0391701662449691,-0.009559953917112,0.0009625291018258,-0.0032233567922274,0.0058433560070747,0.042711872165486,-0.0047083227493927,0.024123678704626,0.0818820384104551,1,normal,neutral,0.11071403986447381
2026-01-08,-0.0030767240465419,0.0052454002070072,-0.0197235562903691,0.0055225159137275,-0.0056890223736613,-0.0001015326819857,-0.0050119773593113,0.0045513455333783,-0.0022854438872195,0.0083915027304148,0.0252460722040966,1,normal,neutral,0.0359230188217309
2026-01-09,-0.0056469259849742,0.0050554816795909,-0.0068726868383446,0.0072420011593252,0.0099602303875769,0.0066133423940926,0.0066398559607872,-0.0621359255662433,-0.0048930783510236,0.0239448526154127,0.0720961559538202,1,normal,neutral,0.1009340869202565
2026-01-12,0.0040244574298022,0.0017777319683158,-0.0085158819358567,0.0187227296131688,0.0008298140919966,0.0015704538117717,-0.0029569239114737,0.0434782694542652,0.0073663313152487,0.0165208654730864,0.0519941513901219,1,normal,risk_on,0.075881348178457
2026-01-13,0.0452752888512626,-0.0079854739413532,0.0743033960400323,-0.0014210408732292,-0.0014828582155441,-0.0019994751058702,0.0017110719862019,0.0568782846022783,0.0206598991679723,0.0326589430361259,0.0822888699813855,1,normal,risk_on,0.1356077121854837
2026-01-14,0.0168644233659869,-0.0007318129126927,0.0098212702399587,0.0102222268545422,-0.0106828125587039,-0.0049152373416185,0.0058074251984854,0.048185261565778,0.009321343051467,0.0180658468949431,0.0588680741244819,1,normal,risk_on,0.086255264070892
2026-01-15,-0.0142179941990596,0.0058993971860115,-0.0112144405799193,-0.0061276608305878,0.0035994548785334,0.0027232143965294,-0.0002265200247558,-0.0543283490992304,-0.0092366122840598,0.0196022553306327,0.0602277462852419,1,normal,neutral,0.0890666138999344
2026-01-16,-0.0002728413239239,-0.0017822776295197,-0.0065174797361006,-0.0048188838307005,-0.000836313439151,-0.0008378739908954,-0.0057751142589486,0.0012625949429734,-0.0024472736582832,0.0028631774616881,0.007780074679074,1,normal,neutral,0.013090525799045299
2026-01-20,-0.0458403323749921,-0.0173078158313918,-0.0787716435291594,0.0378361748868929,-0.0212471962656353,-0.020356785723545,-0.0130978825871783,0.2667087381764075,0.0134904070939248,0.1074060808793596,0.3454803817055669,0,stress,defensive,0.4663768696788513
2026-01-21,0.0120716085109815,0.0122090907780647,0.0147483737227156,0.0145689796151404,0.0135184150930425,0.0115410792020944,0.0076167856494342,-0.1587854907829206,-0.0090638947764309,0.0605381973616589,0.1735338645056361,0,stress,defensive,0.2431359566437259
2026-01-22,0.0009565349571438,0.0058884607328326,-0.0098250398575463,0.0184625841495031,0.0072694343430497,0.0052232300197276,0.0043522985945556,-0.0745561718135172,-0.0052785836092813,0.0290511171589827,0.0930187559630203,1,normal,neutral,0.1273484567312843
2026-01-23,0.0004630084862766,-0.005590681894689,0.0012283041671792,0.0137453049815745,0.0031574002207581,0.0003627802397405,0.0027368432578414,0.0287723656897014,0.0056094156435478,0.01079436370274,0.0343630475843904,1,normal,risk_on,0.050766826930678195
2026-01-26,0.0195781267879311,0.0063757701006612,0.0392608386243862,0.0146288476136053,0.0044000880881227,0.0050781470606098,0.0047766235870556,0.0037289910113973,0.0122284291092211,0.012334412700518,0.0355318476129889,1,normal,risk_on,0.060094689422728
2026-01-27,0.0094647870270239,-0.008096251972787,0.0327200793408197,0.0245319423219756,0.0090652990747492,0.0039842647296846,-0.006225261749338,0.0123839484621395,0.0097286009042834,0.0139414897098296,0.0408163313136067,1,normal,risk_on,0.0644864219277197
2026-01-28,0.0009202877056453,0.0001429179734644,-0.0051629472421628,0.0387733484949053,0.0033114782290084,-0.0001006699036498,-0.0022779041271259,0.0,0.0044508138912606,0.0140843522498602,0.0439362957370681,1,normal,risk_on,0.0624714618781889
2026-01-29,-0.0518361456337257,0.0001630970733392,-0.0626535923808434,0.0027094717415592,-0.0059852661907496,-0.0019843824489698,0.0002283193214098,0.0324158267236218,-0.0108678339742948,0.0310886912943849,0.0950694191044652,1,normal,neutral,0.13702594437314491
2026-01-30,-0.0051196968777286,-0.0024071028197498,-0.04110995634679,-0.1027424527456003,-0.0120108617873675,-0.0029825802604032,-0.005592413928771,0.0331754384557436,-0.0173487032888333,0.0399200395377278,0.1359178912013439,1,normal,neutral,0.19318663402790498
2026-02-02,0.0222712915376035,0.0102243943873701,0.0336829937702269,-0.0400494591197523,0.0068664284499229,0.0049713621309355,-0.0028570783629879,-0.0630734144372069,-0.003495435205486,0.0322923877825276,0.0967564082074338,1,normal,neutral,0.1325442311954474
2026-02-03,-0.0388266193494505,-0.0034815731312767,-0.0498208536644421,0.063587206123721,-0.015364015491678,-0.0084553964307005,0.0024264154424298,0.1015911769835082,0.0064570425602639,0.0511939340835722,0.1514120306479502,0,stress,defensive,0.20906300729178628
2026-02-04,-0.034559317366405,0.0049562313191855,-0.0377339920590358,-0.0007044119795716,-0.0174689738443667,-0.0048439216788971,-0.0025357680120347,0.0355555216471357,-0.0071668289967487,0.0233959928166515,0.0732895137061715,1,normal,neutral,0.1038523355195717
2026-02-05,-0.1412989238135854,-0.0118039521711018,-0.1501378221559437,-0.0266317076136776,-0.014395320471625,-0.0124892112562017,0.0108620594834154,0.167918517736296,-0.0222470450328029,0.0986144752722957,0.3180563398922397,0,stress,defensive,0.4389178601973383
2026-02-06,0.1252476912623226,0.0247897988511329,0.1326816155325108,0.0307322947909061,0.0211378933165136,0.0191847118409513,0.0006858410591121,-0.0643086627970649,0.036268897982048,0.0646726679312076,0.1969902783295757,0,stress,defensive,0.29793184424283126
2026-02-09,-0.0020486141417196,0.000379234468822,0.0070877777560895,0.0254029059440665,0.0076601402556373,0.0048218321030104,-0.0002285744899942,-0.1477663281723809,-0.0130864532845586,0.0550930519179871,0.1731692341164473,0,stress,defensive,0.241348739318993
2026-02-10,-0.018921927121284,0.0013566909631661,-0.0399655277788514,-0.0099137205209819,-0.0046393159645153,-0.0026371604320808,0.01154027444376,0.0247696019618441,-0.0048013855561179,0.019442838412873,0.0647351297406955,1,normal,neutral,0.08897935370968639
2026-02-11,-0.0261940461479914,-0.0011356702066485,-0.0390572907924049,0.0113105775418738,0.002682069074972,-0.0002310588144163,-0.0053089935122079,-0.0078696621580763,-0.0082255093768624,0.0164616904617848,0.0503678683342787,1,normal,neutral,0.0750550681729259
2026-02-12,-0.0114957809774772,-0.0132846446133487,0.0032563467246882,-0.0347282895981936,-0.0203389090543734,-0.0154488742279012,0.0132865172057941,0.1796034076378021,0.0126062216371237,0.0690136762579709,0.2143316972359957,0,stress,defensive,0.2959515951310903
2026-02-13,0.0398055966238481,0.001233130965436,0.0521775888127771,0.0248786639143898,0.0021310489817716,0.0007044854938154,0.0054913306790431,-0.0105667299029396,0.0144818894460176,0.0220275866477449,0.0627443187157167,1,normal,risk_on,0.09925379480947921
2026-02-17,-0.0195943587348234,0.0011508497542624,-0.0028646768590002,-0.0311702543391005,-0.0010301095351836,0.001613466470725,0.0016719670610365,-0.0150485174855257,-0.0081589542084511,0.0123370751356789,0.032842221400137,1,normal,neutral,0.053338250744267
2026-02-18,-0.0158368888076062,0.0023192674134058,-0.0191849831887831,0.0224899292675821,0.0074672039410965,0.005037758541617,-0.0037833059543337,-0.0330211949759555,-0.0043140267203721,0.0175946858937868,0.0555111242435376,1,normal,neutral,0.0774198368576965
2026-02-19,0.0080120520683413,-0.0052716654918003,-0.0029545280189438,0.0027930496262249,-0.0038297088481072,-0.0026374339404172,0.0010052919124576,0.0310906563155255,0.00352596420291,0.0119422219669876,0.0363623218073258,1,normal,risk_on,0.0518305079772234
2026-02-20,0.0156501970757347,0.0046843810317878,0.0106874437135671,0.0197145043231021,0.0088488871826379,0.0072318645891229,-0.0023432106409856,-0.0563519236502373,0.0010152679530912,0.0241221347102633,0.0760664279733394,1,normal,risk_on,0.1012038306366939
2026-02-23,-0.0449701411089231,-0.0162675156885165,-0.052253954366616,0.027015500392687,-0.012154967656684,-0.0102113147108746,0.0036907872583809,0.1005762211077649,-0.0005719230965976,0.0479968068104313,0.1528301754743809,0,stress,defensive,0.2013989053814098
2026-02-24,-0.0083058248802962,0.0077458380007826,-0.0013653038868562,-0.013858904264985,0.0107414908833287,0.007268452930395,0.0017829939186695,-0.0694907651554553,-0.0081852528068021,0.0261514453326841,0.0802322560387839,1,normal,neutral,0.1145689541782701
2026-02-25,0.0605505528943264,0.0061611421020464,0.1088298804587177,-0.0025072627221415,0.0144932038444525,0.0084383489435813,0.0001112012428454,-0.082864398726613,0.0141515835046518,0.0549027705284842,0.1916942791853307,0,stress,defensive,0.2607486332184667
2026-02-26,-0.0074507155850581,8.079918186165713e-05,-0.0135476242419575,0.0085758891543217,-0.0120645595597882,-0.005554476391621,0.004003914946685,0.0390406493963502,0.0016354846125992,0.0169360758434561,0.0525882736383077,1,normal,risk_on,0.071159834094363
2026-02-27,-0.0233045014739839,-0.0105080558812968,-0.0473806553262763,0.0131314167491953,-0.0032007525565195,-0.0048019432585273,0.0060928804083157,0.066022625066739,-0.0004936232840442,0.0327290696675662,0.1134032803930153,1,normal,neutral,0.1466259733446257
2026-03-02,0.0462098832761679,-0.0009802453583078,0.0454869720388642,0.0129198966408268,0.0013173586531323,0.0005685787823312,-0.0100421163475248,0.0795568920014293,0.0218796524608648,0.0315656931644937,0.0895990083489541,1,normal,risk_on,0.1430443539743126
2026-03-03,-0.0070112272555694,-0.0074819316195156,-0.0219507138600431,-0.0446122150031887,-0.0107055997748833,-0.0088143384827956,-0.0020086518224448,0.0993469733073504,-0.0004047130638862,0.0424971730999947,0.1439591883105391,0,stress,defensive,0.18686107447442002
2026-03-04,0.0646755560517786,0.0045723952599474,0.0724927895935461,0.0078181164395438,0.0152431842135338,0.0070553083530846,-0.0031309729304952,-0.1026728938322962,0.0082566853935803,0.0531956458577232,0.1751656834258423,0,stress,defensive,0.2366180146771458
2026-03-05,-0.0257108824218965,-0.0161970774134512,-0.0258169591716161,-0.0120177682425977,-0.0030128296914716,-0.0055755468463938,-0.0040381184584313,0.122931462334012,0.0038202850110192,0.0489696626249023,0.1487484215056281,0,stress,defensive,0.2015383691415496
2026-03-06,-0.0381788517968906,-0.009607379668029,-0.04482236094062,0.0158325033906965,-0.0150432309224466,-0.0131071350708364,-0.0037166239411782,0.2416842008891859,0.0166301402424852,0.0929057188736133,0.2865065618298059,0,stress,defensive,0.39604242094590436
2026-03-09,0.0368744827769154,0.0055762147639213,0.0290887939273352,-0.0020696732193965,0.0133556091551101,0.008760025013039,0.0087045896666599,-0.1353000950181722,-0.0043762566168234,0.0544125065482646,0.1721745777950876,0,stress,defensive,0.2309633409601756
2026-03-10,0.0222878063572575,-0.0003766773673787,0.022169403074209,0.0112796787210014,1.6490698843574236e-05,-0.0016071269053671,-0.0106467655004405,-0.0223529292087928,0.0025962349836665,0.0154793340698305,0.0446407355660503,1,normal,risk_on,0.0627163046195473
2026-03-11,0.0039750203504864,-0.0060497442499166,0.0070947000468779,-0.0033901041452459,-0.0001316217610891,-0.0012551629285171,-0.0129134674018552,-0.0280786503959297,-0.0050936288106486,0.011106165199836,0.0351733504428076,1,normal,neutral,0.051373144453292205
2026-03-12,0.0041105135916361,-0.0154378231082689,0.01051046476813,-0.0196539256330744,-0.0171633637055246,-0.0151849488693635,-0.0019508913911446,0.1262897825465081,0.0089399760248622,0.0486836183578044,0.1459437081795825,0,stress,defensive,0.2035673025622491
2026-03-13,0.0067354429926622,-0.0022888643462162,0.0093709452414312,-0.0129369612786007,-0.0059271363429629,-0.0056601095010063,-0.0049441337374518,-0.0036643597696923,-0.0024143970927295,0.0072129837624408,0.0223079065200319,1,normal,neutral,0.031935287375202195
2026-03-16,0.0284541052380089,0.0083402563079144,0.0797711118907251,-0.0008896876689684,0.0112174066813253,0.0101768661114831,0.0077419996775129,-0.1353438849905974,0.0011835216559254,0.0607565594440961,0.2151149968813225,0,stress,defensive,0.277055077981344
2026-03-17,-0.0125380144202507,0.0012758281149685,-0.014087655809712,-0.0025193920477858,0.0048802767196804,0.0026305548699752,0.0027519940871401,-0.0484899778200751,-0.0082620482882574,0.0177568326099978,0.0533702545397555,1,normal,neutral,0.07938913543801071
2026-03-18,-0.0362122396594321,-0.0167763705136289,-0.0493439161675397,-0.0316371614232872,-0.0139396727147379,-0.0139536453871201,-0.0056032601681567,0.1215913818198901,-0.0057343605267515,0.0534125736689602,0.1709352979874298,0,stress,defensive,0.2300822321831415
2026-03-19,-0.0187069723844703,-0.0041900636295125,-0.0300624656626087,-0.0412150626765221,-0.0031602840516394,-0.0024643404851918,0.0060948326537966,-0.0410522391543018,-0.0168445744238062,0.01866439266923,0.0473098953303187,1,normal,neutral,0.0828188624233549
2026-03-20,0.0087222507237532,-0.0090769758171956,0.0042449429393043,-0.0305574415876555,-0.0184817211889275,-0.0143357758725042,-0.018973568236646,0.1130507598120842,0.0043240588465266,0.0457449842981114,0.1436082013997397,0,stress,defensive,0.1936772445443777
2026-03-23,0.045244880148251,0.0133365389002988,0.04826854503462,-0.0225942141070378,0.0114789697810722,0.0105000192449378,0.0065245032768521,-0.0235250579522724,0.0111542730408402,0.026479063400117,0.0717936029868924,1,normal,risk_on,0.10942693942784959
2026-03-24,-0.005598262529164,-0.0017316587529305,0.0016533960130185,0.0002227411543098,-0.006836767910289,-0.0033568497522664,-0.0043986902267327,0.0305927784351585,0.001318335803888,0.0121684301538103,0.0374295463454475,1,normal,risk_on,0.0509163123031458
2026-03-25,0.0112315297786931,0.0064401369183204,0.0057137420984589,0.0300893363897478,0.006575613863315,0.0055727589473859,0.0096500263199601,-0.0601113466928416,0.0018952247028799,0.0263430499742267,0.0902006830825894,1,normal,risk_on,0.118438957759696
2026-03-26,-0.035314289032299,-0.0104063350864249,-0.0500193914202087,-0.0375939695290467,-0.0238679002450772,-0.0178587441581387,-0.0084062509268247,0.0833004586145631,-0.0125208027229321,0.041256541890313,0.1333198500347718,1,normal,neutral,0.18709719464801688
2026-03-27,-0.035662044616623,-0.0172432220149048,-0.0331652329951767,0.0350938424633682,-0.0195366969915354,-0.0170518835233279,-0.0054581408018725,0.1315597169366786,0.0048170423070758,0.0557099492267896,0.1672217615533016,0,stress,defensive,0.227748753087167
2026-03-30,0.0111670731548418,0.0014842259374638,0.0206577387569546,-0.000289427613293,-0.007643335458682,-0.0033434623831846,0.0133115472106122,-0.0141706485513795,0.0026467138816666,0.0116207666365647,0.0348283873083341,1,normal,risk_on,0.0490958678265654
2026-03-31,0.0231194147956335,0.0246206108689044,0.0401249131759802,0.0378938262373593,0.0338539127088421,0.0290679256989148,-0.0010370781576509,-0.1751061909008566,0.0015671668033908,0.0725271080188724,0.2152311040768368,0,stress,defensive,0.2893253788991
2026-04-01,-0.0022680682914228,0.0049440051810294,0.0161679456343519,0.0174998225144955,0.012353174006878,0.00753446378289,-0.0009844112710656,-0.0281187756226795,0.0033910194918096,0.0146689425567724,0.045618598137175,1,normal,risk_on,0.06367856018575699
2026-04-02,-0.0174795775330772,-0.0009022851853816,-0.0382863901294332,-0.0192088153154718,0.0011466223630531,0.0009004744280911,0.0061441630584104,-0.0273023655785608,-0.0118735217365462,0.0160295591230015,0.0444305531878436,1,normal,neutral,0.0723336340473913
2026-04-06,-0.0017695992030517,0.003676902610556,-0.0005851746946151,-0.0040986696877465,0.0060173333255428,0.004726797348638,-0.001613038845367,0.0125680446800595,0.002365324441752,0.005452955869249,0.016666714367806,1,normal,risk_on,0.024484994678807
2026-04-07,0.0447412531208666,-0.001906649812617,0.0635959844746982,0.0097275896679103,0.0001529768147301,0.0004400741058487,-0.0001154158350349,0.0666115269039928,0.0229059174300493,0.0302002075780699,0.0685181767166098,1,normal,risk_on,0.121624301724729
2026-04-08,-0.0113613533715375,0.0285051456386242,-0.0229596926307168,0.0062990695817182,0.02973207020427,0.0254695546383276,0.0032317512556456,-0.1838634462711076,-0.015618362619347,0.0706155473950342,0.2135955164753775,0,stress,defensive,0.2998294264897587
2026-04-09,0.0090612810708508,0.0057183549075103,-0.0005439378020498,0.007778530578574,0.0067646313324261,0.0057690911710883,-0.0025310848583861,-0.0736692527073652,-0.0052065482884189,0.0279574944671788,0.082730533778216,1,normal,neutral,0.1158945765338137
2026-04-10,0.016876904061948,-0.0054990960034108,0.0255828933923991,-0.0017811851128632,0.0014421817455081,-0.0006617805145495,-0.0024221582256489,-0.0133401863486486,0.0025246966243417,0.0125816165317704,0.0389230797410477,1,normal,risk_on,0.0540293928971598
2026-04-13,0.0527357560965484,0.0060094012582645,0.0814312455285828,-0.004049183335572,0.0103425258128657,0.0097723977843517,0.0030061860818029,-0.0057201614987734,0.0191910209660088,0.0310816418572866,0.0871514070273562,1,normal,risk_on,0.1374240698506516
2026-04-14,-0.004068372317531,0.0069690669681887,-0.0199966057178824,0.0223493460899282,0.0181570169123699,0.0121848807523701,0.0053025670105495,-0.0397489642010031,0.0001436169371237,0.0208756796504158,0.0620983102909313,1,normal,risk_on,0.08311760687847079
2026-04-15,0.0084046269048743,-0.0015859788546218,0.0155504172222062,-0.0104024015837408,0.0139994418865865,0.0078909948670389,-0.0043572881448202,-0.0103486126220763,0.0023938999594308,0.010431164686456,0.025952818805947,1,normal,risk_on,0.0387778834518338
2026-04-16,0.0046394535798768,0.001877321759047,-0.0045739691858264,-0.0008627455164704,0.0048163573446433,0.0024573116226043,-0.0063342708259933,-0.0126582026015731,-0.0013298429779614,0.0061197022588523,0.0174745599462164,1,normal,neutral,0.0249241051830301
2026-04-17,0.0262765954018477,0.0181202743280797,0.0308376775588483,0.0132930519042246,0.0130841495560092,0.012085685130224,0.0091562422397017,-0.0256410801631814,0.0121515744944692,0.0170031333700158,0.0564787577220297,1,normal,risk_on,0.08563346558651469
2026-04-20,0.0272985577048689,0.0002225424504975,0.0222062929148116,-0.0086112089362928,-0.0031748441644519,-0.0019996675529057,-0.0002296302732731,0.0795195270822781,0.0144039461531915,0.0292531562332319,0.0881307360185709,1,normal,risk_on,0.1317878384049943
2026-04-21,0.0063296958930805,-0.0060081122827095,0.0055105339914858,-0.0283200007179144,-0.0038033380557359,-0.0065469491549362,-0.0055141517197504,0.0333862815446592,-0.0006207550627276,0.0173528333718671,0.0617062822625736,1,normal,neutral,0.07967987069716831
2026-04-22,0.0242339346915094,0.006919582642592,0.0206693669997179,0.0132458094010079,0.0167305076215558,0.0101266968380706,0.0019637055902894,-0.0297435858310797,0.0080182522442079,0.0168798120033715,0.0539775205225891,1,normal,risk_on,0.0788755847701685
2026-04-23,0.000842058194423,-0.0035572866641679,-0.018759497216376,-0.009695357087768,-0.0056326456990668,-0.0038807239498251,-0.0021903609111992,0.0206130754796927,-0.0027825922317859,0.0111728162241859,0.0393725726960687,1,normal,neutral,0.053327981152040495
2026-04-24,-0.0103954453523936,-0.0016024679232349,-0.0067868908523571,0.0051271144470752,0.0191274788915629,0.0077492979600242,0.0018486100388355,-0.0310720040426705,-0.0020005383541447,0.0148601288678675,0.0501994829342334,1,normal,neutral,0.0670601501562456
2026-04-27,-0.0164118287691947,-0.0007720296121899,-0.0281319251917032,-0.0077553037543277,0.0005271669328243,0.001722806488702,-0.0049590937029736,-0.0368786029114032,-0.0115823513150332,0.0143235926206208,0.0386014094001052,1,normal,neutral,0.0645073533357592
2026-04-28,-0.0131316717641489,-0.0008335297750978,-0.0059244064939814,-0.0185629131043068,-0.0100567467175557,-0.0048659487281461,0.0010431970928934,-0.0105438695466713,-0.0078594861296268,0.0064996789966316,0.0196061101972002,1,normal,neutral,0.033965275323458596
2026-04-29,-0.0075250033613407,-0.0055960686410821,-0.015726215075442,-0.0106657817092288,0.0061136333448092,-0.0001545410939948,-0.00775739779272,0.0549635191491706,0.0017065181025214,0.0225016914317195,0.0706897342246126,1,normal,risk_on,0.09489794375885349
2026-04-30,0.0069703675866772,0.0163300052724602,0.0012582894176169,0.0149732875234569,0.0093262736246331,0.0099496274272041,-0.0009334726289776,-0.1020733721853804,-0.0055248742452887,0.0394654695193993,0.1184033774578406,1,normal,neutral,0.1633937212225286
2026-05-01,0.0245684606038341,-0.0032819645406179,0.0172155161359959,-0.0011330099187528,0.0095995960604928,0.0027691138283709,0.0035754094611646,0.0059206859137612,0.0074042259430311,0.0094197063261214,0.027850425144452,1,normal,risk_on,0.044674357413604496
2026-05-04,0.0164210441710659,-0.0110298771098421,0.0106654243897104,-0.0200151268190801,-0.0018838826451929,-0.0036633796697419,-0.0075925887308113,0.0765156657988361,0.007427159923118,0.03022210095806,0.0965307926179162,1,normal,risk_on,0.1341800534990942
2026-05-05,0.0137689749003031,0.0069450244092503,0.0063014249948132,0.0085843062186732,0.0129740524393653,0.0080221858849922,0.005532029493501,-0.0497540573652018,0.001546742621962,0.0209449212386482,0.0635230322655049,1,normal,risk_on,0.0860146961261151
2026-05-06,0.0061842923164892,0.0123539347455909,-0.0043963627204488,0.0303392611823065,0.0207743936914068,0.0138994394450175,0.0076085862525687,0.000575387190145,0.0109173665128844,0.011085024145289,0.0347356239027553,1,normal,risk_on,0.0567380145609287
2026-05-07,-0.0174085968313082,-0.0062919048856152,-0.0253931789610115,0.0016706915606532,-0.0011929474776779,-0.0030661051573263,-0.0049953565988499,-0.0178263068903218,-0.0093129631551822,0.0096359203455544,0.0270638705216646,1,normal,neutral,0.046012754022401195
2026-05-08,0.0022093920105095,0.0004436296627601,0.0069243808086567,0.0048415408945308,0.0234408408929045,0.0082560730012422,0.0050204354642755,0.0064403167940818,0.0071970761911201,0.0070346160253784,0.0229972112301444,1,normal,risk_on,0.0372289034466429
2026-05-11,-0.0049992471786796,0.0019752306543685,-0.0125295714870474,0.0020287362083613,0.0028963874065546,0.0022775855954315,-0.0060409416984159,0.0692262123175218,0.0068542989772618,0.0257917110980965,0.0817557838045692,1,normal,risk_on,0.1144017938799275
2026-05-12,-0.0153044261941864,0.0015691334870935,-0.0276645159028021,-0.0039572098121614,-0.008481806809764,-0.0015149399914519,-0.0066619882081444,-0.0212186837571199,-0.010404304648567,0.0101455610709588,0.0292336493898956,1,normal,neutral,0.0497835151094214
2026-05-13,-0.0149156611043906,-0.0015063901224766,-0.0075032145747423,-0.0056128998149618,0.0105622304188508,0.0055948480367802,-0.0022354961382192,-0.0066703131412717,-0.0027858620550539,0.0079535649501466,0.0254778915232414,1,normal,neutral,0.0362173185284419
2026-05-14,0.0223788764707975,0.0073620629696413,0.0103466701157008,-0.0076422962715955,0.0071077162744499,0.0078942562687227,0.0014150367083625,-0.0341354550477867,0.0018408584360365,0.0167904429137435,0.0565143315185842,1,normal,risk_on,0.0751456328683642
2026-05-15,-0.0244977136379759,-0.0102971922125069,-0.0252554157471884,-0.0232203906944422,-0.015087714031981,-0.0120293518927245,-0.014837429745691,0.0677867937878782,-0.0071798017718289,0.0308413901780935,0.0930422095350666,1,normal,neutral,0.13106340148498902
