Date,asset,uncertainty_adjusted_signal,risk_adjusted_score,raw_weight,constrained_weight,final_weight,hedging_regime_label
2024-08-03,BTC-USD,-0.1716790063920071,-0.26230810421517553,0.0,0.0,0.0,high_hedge_risk_off
2024-08-03,DIA,-0.0794517242536961,-0.10956765599971219,0.0,0.0,0.0,high_hedge_risk_off
2024-08-03,ETH-USD,-0.2642534384133418,-0.38151877969349124,0.0,0.0,0.0,high_hedge_risk_off
2024-08-03,GLD,0.1325635264489295,0.09329748499989785,0.15957837090730548,0.022254855981757374,0.10781544929283333,high_hedge_risk_off
2024-08-03,QQQ,-0.1938141521505674,-0.23694185794093095,0.0,0.0,0.0,high_hedge_risk_off
2024-08-03,SPY,-0.1496213088547674,-0.18486919281523018,0.0,0.0,0.0,high_hedge_risk_off
2024-08-03,TLT,0.2327406608924283,0.2056572237590403,0.3517613013129216,0.10552839039387647,0.35,high_hedge_risk_off
2024-08-03,VIX,0.4471792638904121,0.285695231389227,0.48866032777977286,0.024433016388988645,0.05,high_hedge_risk_off
2024-08-03,CASH,0.0,0.0,0.0,0.0,0.4921845507071667,high_hedge_risk_off
2024-08-04,BTC-USD,-0.2148939910909962,-0.30552308891416463,0.0,0.0,0.0,high_hedge_risk_off
2024-08-04,DIA,-0.054149158315378,-0.0842650900613941,0.0,0.0,0.0,high_hedge_risk_off
2024-08-04,ETH-USD,-0.3165499066676516,-0.433815247947801,0.0,0.0,0.0,high_hedge_risk_off
2024-08-04,GLD,0.1488394139867845,0.10957337253775284,0.1772658901187427,0.02472156365954005,0.11094171882004718,high_hedge_risk_off
2024-08-04,QQQ,-0.1537650953191922,-0.19689280110955573,0.0,0.0,0.0,high_hedge_risk_off
2024-08-04,SPY,-0.1130402654326815,-0.14828814939314428,0.0,0.0,0.0,high_hedge_risk_off
2024-08-04,TLT,0.2714999780442509,0.2444165409108629,0.395412815001019,0.11862384450030569,0.35,high_hedge_risk_off
2024-08-04,VIX,0.4256241634979753,0.2641401309967902,0.42732129488023846,0.021366064744011926,0.05,high_hedge_risk_off
2024-08-04,CASH,0.0,0.0,0.0,0.0,0.48905828117995287,high_hedge_risk_off
2024-08-05,BTC-USD,-0.231942374178828,-0.32257147200199643,0.0,0.0,0.0,high_hedge_risk_off
2024-08-05,DIA,-0.1522200241029596,-0.1823359558489757,0.0,0.0,0.0,high_hedge_risk_off
2024-08-05,ETH-USD,-0.2876672020590558,-0.40493254333920525,0.0,0.0,0.0,high_hedge_risk_off
2024-08-05,GLD,0.1472836823485246,0.10801764089949295,0.15748644489829186,0.021963115241515493,0.10078395169809097,high_hedge_risk_off
2024-08-05,QQQ,-0.2012310998530903,-0.24435880564345383,0.0,0.0,0.0,high_hedge_risk_off
2024-08-05,SPY,-0.1805644363614724,-0.21581232032193517,0.0,0.0,0.0,high_hedge_risk_off
2024-08-05,TLT,0.2702663382788737,0.24318290114548569,0.35455329557780657,0.10636598867334197,0.35,high_hedge_risk_off
2024-08-05,VIX,0.496168812010408,0.3346847795092229,0.48796025952390165,0.024398012976195083,0.05,high_hedge_risk_off
2024-08-05,CASH,0.0,0.0,0.0,0.0,0.499216048301909,high_hedge_risk_off
2024-08-06,BTC-USD,-0.2086085222026067,-0.29923762002577514,0.0,0.0,0.0,high_hedge_risk_off
2024-08-06,DIA,-0.1162417810258104,-0.1463577127718265,0.0,0.0,0.0,high_hedge_risk_off
2024-08-06,ETH-USD,-0.314976611942668,-0.43224195322281744,0.0,0.0,0.0,high_hedge_risk_off
2024-08-06,GLD,0.1240649769689974,0.08479893551996576,0.13835862185207945,0.019295542282111954,0.08536708669273843,high_hedge_risk_off
2024-08-06,QQQ,-0.1567818352892904,-0.19990954107965395,0.0,0.0,0.0,high_hedge_risk_off
2024-08-06,SPY,-0.1323871460820685,-0.16763503004253127,0.0,0.0,0.0,high_hedge_risk_off
2024-08-06,TLT,0.2606598088214334,0.2335763716880454,0.38110507739048183,0.11433152321714454,0.35,high_hedge_risk_off
2024-08-06,VIX,0.4560010364830407,0.29451700398185554,0.4805363007574388,0.02402681503787194,0.05,high_hedge_risk_off
2024-08-06,CASH,0.0,0.0,0.0,0.0,0.5146329133072617,high_hedge_risk_off
2024-08-07,BTC-USD,-0.2106282910877386,-0.30125738891090703,0.0,0.0,0.0,high_hedge_risk_off
2024-08-07,DIA,-0.0861144856896646,-0.11623041743568069,0.0,0.0,0.0,high_hedge_risk_off
2024-08-07,ETH-USD,-0.3601479683848212,-0.47741330966497064,0.0,0.0,0.0,high_hedge_risk_off
2024-08-07,GLD,0.1492440462523615,0.10997800480332987,0.1763238136984563,0.024590181349155003,0.1053162809478117,high_hedge_risk_off
2024-08-07,QQQ,-0.1438236411896609,-0.18695134698002444,0.0,0.0,0.0,high_hedge_risk_off
2024-08-07,SPY,-0.1105504955124251,-0.14579837947288787,0.0,0.0,0.0,high_hedge_risk_off
2024-08-07,TLT,0.2695441991146915,0.2424607619813035,0.3887286944442067,0.11661860833326201,0.35,high_hedge_risk_off
2024-08-07,VIX,0.4327727276883701,0.27128869518718496,0.4349474918573371,0.021747374592866856,0.05,high_hedge_risk_off
2024-08-07,CASH,0.0,0.0,0.0,0.0,0.4946837190521883,high_hedge_risk_off
2024-08-08,BTC-USD,-0.121522831238383,-0.21215192906155148,0.0,0.0,0.0,high_hedge_risk_off
2024-08-08,DIA,-0.0660832106974518,-0.09619914244346789,0.0,0.0,0.0,high_hedge_risk_off
2024-08-08,ETH-USD,-0.3911125403901178,-0.5083778816702672,0.0,0.0,0.0,high_hedge_risk_off
2024-08-08,GLD,0.1922081351978344,0.15294209374880274,0.2751710177832166,0.03837544735104657,0.15777924207548277,high_hedge_risk_off
2024-08-08,QQQ,-0.1276092701984682,-0.17073697598883175,0.0,0.0,0.0,high_hedge_risk_off
2024-08-08,SPY,-0.0924573721920813,-0.12770525615254408,0.0,0.0,0.0,high_hedge_risk_off
2024-08-08,TLT,0.2234071882160318,0.1963237510826438,0.35322261567282137,0.10596678470184641,0.35,high_hedge_risk_off
2024-08-08,VIX,0.3680256087452116,0.20654157624402647,0.37160636654396206,0.018580318327198104,0.05,high_hedge_risk_off
2024-08-08,CASH,0.0,0.0,0.0,0.0,0.4422207579245173,high_hedge_risk_off
2024-08-09,BTC-USD,-0.1158955290648858,-0.20652462688805426,0.0,0.0,0.0,high_hedge_risk_off
2024-08-09,DIA,-0.0283783727302277,-0.05849430447624379,0.0,0.0,0.0,high_hedge_risk_off
2024-08-09,ETH-USD,-0.3552314351772158,-0.4724967764573652,0.0,0.0,0.0,high_hedge_risk_off
2024-08-09,GLD,0.2151943190565289,0.17592827760749724,0.36244852611777434,0.050547199496332386,0.15265098855783146,high_hedge_risk_off
2024-08-09,QQQ,-0.0943743381835942,-0.13750204397395774,0.0,0.0,0.0,high_hedge_risk_off
2024-08-09,SPY,-0.0514237986738048,-0.08667168263426756,0.0,0.0,0.0,high_hedge_risk_off
2024-08-09,TLT,0.2969177546178266,0.2698343174844386,0.5559143305343344,0.16677429916030032,0.35,high_hedge_risk_off
2024-08-09,VIX,0.2011097475560284,0.03962571505484328,0.0816371433478912,0.00408185716739456,0.012327083161152387,high_hedge_risk_off
2024-08-09,CASH,0.0,0.0,0.0,0.0,0.48502192828101626,high_hedge_risk_off
2024-08-10,BTC-USD,-0.142171495174815,-0.23280059299798347,0.0,0.0,0.0,high_hedge_risk_off
2024-08-10,DIA,-0.0251997775012022,-0.05531570924721829,0.0,0.0,0.0,high_hedge_risk_off
2024-08-10,ETH-USD,-0.3145139197831226,-0.431779261063272,0.0,0.0,0.0,high_hedge_risk_off
2024-08-10,GLD,0.2087506280443287,0.16948458659529705,0.35886790401772733,0.050047844673316105,0.14882770079459817,high_hedge_risk_off
2024-08-10,QQQ,-0.0991922108649015,-0.14231991665526503,0.0,0.0,0.0,high_hedge_risk_off
2024-08-10,SPY,-0.0527155334412518,-0.08796341740171455,0.0,0.0,0.0,high_hedge_risk_off
2024-08-10,TLT,0.2967399862169018,0.2696565490835138,0.5709727504916323,0.1712918251474897,0.35,high_hedge_risk_off
2024-08-10,VIX,0.19461858572579,0.03313455322460488,0.07015934549064025,0.0035079672745320124,0.010431672079769902,high_hedge_risk_off
2024-08-10,CASH,0.0,0.0,0.0,0.0,0.4907406271256319,high_hedge_risk_off
2024-08-11,BTC-USD,-0.1618059229382014,-0.25243502076136987,0.0,0.0,0.0,high_hedge_risk_off
2024-08-11,DIA,-0.0280839747660819,-0.05819990651209799,0.0,0.0,0.0,high_hedge_risk_off
2024-08-11,ETH-USD,-0.2805595586216375,-0.39782489990178693,0.0,0.0,0.0,high_hedge_risk_off
2024-08-11,GLD,0.2003141361337574,0.16104809468472575,0.3413621670217236,0.04760648840751687,0.14752417078849261,high_hedge_risk_off
2024-08-11,QQQ,-0.1084924211638753,-0.15162012695423882,0.0,0.0,0.0,high_hedge_risk_off
2024-08-11,SPY,-0.0651880555466227,-0.10043593950708544,0.0,0.0,0.0,high_hedge_risk_off
2024-08-11,TLT,0.285549288644508,0.25846585151112,0.5478516423660552,0.16435549270981656,0.35,high_hedge_risk_off
2024-08-11,VIX,0.2137508231392398,0.05226679063805468,0.11078619061222124,0.005539309530611062,0.017165350198675048,high_hedge_risk_off
2024-08-11,CASH,0.0,0.0,0.0,0.0,0.4853104790128324,high_hedge_risk_off
2024-08-12,BTC-USD,-0.1525593578141063,-0.24318845563727476,0.0,0.0,0.0,high_hedge_risk_off
2024-08-12,DIA,-0.0652330196336831,-0.09534895137969919,0.0,0.0,0.0,high_hedge_risk_off
2024-08-12,ETH-USD,-0.2251088753426988,-0.3423742166228482,0.0,0.0,0.0,high_hedge_risk_off
2024-08-12,GLD,0.2065549889860567,0.16728894753702506,0.3584637161106132,0.04999147648500054,0.16144441481937674,high_hedge_risk_off
2024-08-12,QQQ,-0.1282088555896934,-0.17133656138005693,0.0,0.0,0.0,high_hedge_risk_off
2024-08-12,SPY,-0.0920372542853565,-0.12728513824581927,0.0,0.0,0.0,high_hedge_risk_off
2024-08-12,TLT,0.2633510528052916,0.23626761567190357,0.5062699524222904,0.15188098572668712,0.35,high_hedge_risk_off
2024-08-12,VIX,0.2246105393450251,0.06312650684383997,0.1352663314670964,0.00676331657335482,0.02184171709253427,high_hedge_risk_off
2024-08-12,CASH,0.0,0.0,0.0,0.0,0.46671386808808896,high_hedge_risk_off
2024-08-13,BTC-USD,-0.178824047716808,-0.2694531455399764,0.0,0.0,0.0,high_hedge_risk_off
2024-08-13,DIA,0.0247586883758799,-0.005357243370136191,0.0,0.0,0.0,high_hedge_risk_off
2024-08-13,ETH-USD,-0.3424816612689169,-0.4597470025490663,0.0,0.0,0.0,high_hedge_risk_off
2024-08-13,GLD,0.2406240299083993,0.20135798845936764,0.36287300770853154,0.05060639784893805,0.1425866063969669,high_hedge_risk_off
2024-08-13,QQQ,-0.0057768632807437,-0.04890456907110725,0.0,0.0,0.0,high_hedge_risk_off
2024-08-13,SPY,0.0214116725406747,-0.013836211419788056,0.0,0.0,0.0,high_hedge_risk_off
2024-08-13,TLT,0.3806247775904971,0.3535413404571091,0.6371269922914685,0.19113809768744056,0.35,high_hedge_risk_off
2024-08-13,VIX,0.0606811176850893,-0.10080291481609582,0.0,0.0,0.0,high_hedge_risk_off
2024-08-13,CASH,0.0,0.0,0.0,0.0,0.5074133936030332,high_hedge_risk_off
2024-08-14,BTC-USD,-0.2147078654097533,-0.30533696323292175,0.0,0.0,0.0,high_hedge_risk_off
2024-08-14,DIA,0.0731064743013323,0.0429905425553162,0.06545151702611421,0.015883520074481523,0.04557153056006266,high_hedge_risk_off
2024-08-14,ETH-USD,-0.291930323253248,-0.4091956645333975,0.0,0.0,0.0,high_hedge_risk_off
2024-08-14,GLD,0.2650826075186821,0.2258165660696505,0.34379740148356597,0.04794610706587248,0.13756254741660387,high_hedge_risk_off
2024-08-14,QQQ,0.0431610286551872,3.332286482365032e-05,5.073283389149377e-05,1.2311647188091438e-05,3.532344237586345e-05,high_hedge_risk_off
2024-08-14,SPY,0.0730590881290656,0.037811204168602855,0.05756616516841695,0.013969933495944118,0.04008124447522641,high_hedge_risk_off
2024-08-14,TLT,0.3772621471820866,0.3501787100486986,0.5331341834880113,0.15994025504640338,0.35,high_hedge_risk_off
2024-08-14,VIX,-0.0425638275330236,-0.20404786003420872,0.0,0.0,0.0,high_hedge_risk_off
2024-08-14,CASH,0.0,0.0,0.0,0.0,0.42674935410573117,high_hedge_risk_off
2024-08-15,BTC-USD,-0.2558374606582854,-0.3464665584814538,0.0,0.0,0.0,high_hedge_risk_off
2024-08-15,DIA,0.0968482973747368,0.0667323656287207,0.09216288306015123,0.021746651190767175,0.06287242640841208,high_hedge_risk_off
2024-08-15,ETH-USD,-0.3485751482124664,-0.4658404894926158,0.0,0.0,0.0,high_hedge_risk_off
2024-08-15,GLD,0.2562945754008563,0.21702853395182467,0.29973424749548366,0.041801044044290546,0.12085231157729966,high_hedge_risk_off
2024-08-15,QQQ,0.1037530940732282,0.060625388282864665,0.08372864528550705,0.019756517843642275,0.057118689370354456,high_hedge_risk_off
2024-08-15,SPY,0.1143793001891627,0.07913141622869996,0.10928699127565512,0.025787236684088465,0.07455429005938179,high_hedge_risk_off
2024-08-15,TLT,0.3276355908078477,0.3005521536744597,0.4150872328832029,0.12452616986496086,0.35,high_hedge_risk_off
2024-08-15,VIX,-0.0070066143661413,-0.1684906468673264,0.0,0.0,0.0,high_hedge_risk_off
2024-08-15,CASH,0.0,0.0,0.0,0.0,0.3346022825845521,high_hedge_risk_off
2024-08-16,BTC-USD,-0.2165731458842042,-0.30720224370737265,0.0,0.0,0.0,high_hedge_risk_off
2024-08-16,DIA,0.0876579952808992,0.0575420635348831,0.0800850720989141,0.018893820524129346,0.05651036828034829,high_hedge_risk_off
2024-08-16,ETH-USD,-0.3369167844393299,-0.45418212571947936,0.0,0.0,0.0,high_hedge_risk_off
2024-08-16,GLD,0.3083136930012221,0.26904765155219046,0.374451301343037,0.0522211107695261,0.15619044321004363,high_hedge_risk_off
2024-08-16,QQQ,0.0806589888200565,0.037531283029692955,0.052234753548169185,0.012323321098372577,0.03685836926505426,high_hedge_risk_off
2024-08-16,SPY,0.098017446206377,0.06276956224591426,0.08736052566196056,0.020610259184283854,0.061644141023245065,high_hedge_risk_off
2024-08-16,TLT,0.3187046046968824,0.2916211675634944,0.40586834734791905,0.1217605042043757,0.35,high_hedge_risk_off
2024-08-16,VIX,-0.0432715611827531,-0.2047555936839382,0.0,0.0,0.0,high_hedge_risk_off
2024-08-16,CASH,0.0,0.0,0.0,0.0,0.33879667822130877,high_hedge_risk_off
2024-08-17,BTC-USD,-0.2035814942538753,-0.29421059207704375,0.0,0.0,0.0,high_hedge_risk_off
2024-08-17,DIA,0.0907988945480791,0.060682962802063006,0.0852797879176987,0.020119367630246052,0.0599761513800936,high_hedge_risk_off
2024-08-17,ETH-USD,-0.3535448747018834,-0.4708102159820329,0.0,0.0,0.0,high_hedge_risk_off
2024-08-17,GLD,0.2996350861163956,0.260369044667364,0.36590528682643286,0.051029280565948514,0.15211908804924837,high_hedge_risk_off
2024-08-17,QQQ,0.0818701267039922,0.03874242091362866,0.05444601394479283,0.012845005801538233,0.03829116434420539,high_hedge_risk_off
2024-08-17,SPY,0.0990251944500541,0.06377731048959136,0.08962837774177809,0.02114529510356758,0.0630344573157348,high_hedge_risk_off
2024-08-17,TLT,0.3150866714610327,0.2880032343276447,0.4047405335692976,0.12142216007078928,0.35,high_hedge_risk_off
2024-08-17,VIX,-0.0336414489517721,-0.19512548145295722,0.0,0.0,0.0,high_hedge_risk_off
2024-08-17,CASH,0.0,0.0,0.0,0.0,0.3365791389107179,high_hedge_risk_off
2024-08-18,BTC-USD,-0.21628664007516,-0.30691573789832843,0.0,0.0,0.0,high_hedge_risk_off
2024-08-18,DIA,0.1044278321907078,0.0743119004446917,0.10022783816401049,0.023642792636860775,0.0712937331500243,high_hedge_risk_off
2024-08-18,ETH-USD,-0.3606114208047233,-0.47787676208487273,0.0,0.0,0.0,high_hedge_risk_off
2024-08-18,GLD,0.3166269055193956,0.277360864070364,0.37408920550706126,0.052170612756321566,0.1573180377314471,high_hedge_risk_off
2024-08-18,QQQ,0.0833332948454892,0.040205589055125654,0.0542271056047753,0.012791657852710412,0.038572644759220676,high_hedge_risk_off
2024-08-18,SPY,0.1055462602364271,0.07029837627596436,0.09481461567281683,0.022365864996786836,0.06744321769605087,high_hedge_risk_off
2024-08-18,TLT,0.3063364518167956,0.2792530146834076,0.3766412350513362,0.11299237051540084,0.3407231977729373,high_hedge_risk_off
2024-08-18,VIX,-0.0364557673024547,-0.1979397998036398,0.0,0.0,0.0,high_hedge_risk_off
2024-08-18,CASH,0.0,0.0,0.0,0.0,0.3246491688903197,high_hedge_risk_off
2024-08-19,BTC-USD,-0.1750026665606471,-0.2656317643838156,0.0,0.0,0.0,high_hedge_risk_off
2024-08-19,DIA,0.0981097222086845,0.0679937904626684,0.08663945641680436,0.0203423019136771,0.06025910645531253,high_hedge_risk_off
2024-08-19,ETH-USD,-0.3629556924498173,-0.4802210337299667,0.0,0.0,0.0,high_hedge_risk_off
2024-08-19,GLD,0.2796687835233332,0.24040274207430157,0.30632742714737166,0.04272053120774738,0.12654915106457668,high_hedge_risk_off
2024-08-19,QQQ,0.1481011934796219,0.10497348768925834,0.1337599485142238,0.03140584404805303,0.09303215082744203,high_hedge_risk_off
2024-08-19,SPY,0.141591152505451,0.10634326854498827,0.1355053589104238,0.031815653466431205,0.09424611124712477,high_hedge_risk_off
2024-08-19,TLT,0.292160280649757,0.265076843516369,0.3377678090111763,0.1013303427033529,0.30016641843316844,high_hedge_risk_off
2024-08-19,VIX,-0.0962285576396763,-0.2577125901408614,0.0,0.0,0.0,high_hedge_risk_off
2024-08-19,CASH,0.0,0.0,0.0,0.0,0.3257470619723756,high_hedge_risk_off
2024-08-20,BTC-USD,-0.1584375805473012,-0.24906667837046967,0.0,0.0,0.0,high_hedge_risk_off
2024-08-20,DIA,0.0130280237624166,-0.017087907983599493,0.0,0.0,0.0,high_hedge_risk_off
2024-08-20,ETH-USD,-0.4424206668219245,-0.5596860081020739,0.0,0.0,0.0,high_hedge_risk_off
2024-08-20,GLD,0.2681449828391037,0.2288789413900721,0.44049342947407766,0.061431369289703684,0.1836982812432083,high_hedge_risk_off
2024-08-20,QQQ,0.0316239491857571,-0.011503756604606447,0.0,0.0,0.0,high_hedge_risk_off
2024-08-20,SPY,0.0421468314959066,0.0068989475354438515,0.013277503999243925,0.003238914928476726,0.009685330350496789,high_hedge_risk_off
2024-08-20,TLT,0.3109022687840215,0.2838188316506335,0.5462290665266786,0.16386871995800356,0.35,high_hedge_risk_off
2024-08-20,VIX,0.1586015816984153,-0.0028824508027698245,0.0,0.0,0.0,high_hedge_risk_off
2024-08-20,CASH,0.0,0.0,0.0,0.0,0.4566163884062949,high_hedge_risk_off
2024-08-21,BTC-USD,-0.1400673709931056,-0.23069646881627406,0.0,0.0,0.0,high_hedge_risk_off
2024-08-21,DIA,0.0490629930162537,0.018947061270237604,0.039347874044460815,0.010031929097112608,0.028890517358334603,high_hedge_risk_off
2024-08-21,ETH-USD,-0.3794648716531126,-0.496730212933262,0.0,0.0,0.0,high_hedge_risk_off
2024-08-21,GLD,0.183245777264921,0.14397973581588935,0.2990066073590795,0.04169956709321537,0.12008877408118049,high_hedge_risk_off
2024-08-21,QQQ,0.0927551991428526,0.04962749335248906,0.10306275626201993,0.02627634372838834,0.0756721022696487,high_hedge_risk_off
2024-08-21,SPY,0.0828636533060035,0.04761576934554075,0.09888495466478957,0.02521119318536634,0.07260462143375707,high_hedge_risk_off
2024-08-21,TLT,0.248440314454614,0.221356877321226,0.45969780766965024,0.13790934230089508,0.35,high_hedge_risk_off
2024-08-21,VIX,0.0992871943554488,-0.062196838145736316,0.0,0.0,0.0,high_hedge_risk_off
2024-08-21,CASH,0.0,0.0,0.0,0.0,0.35274398485707925,high_hedge_risk_off
2024-08-22,BTC-USD,-0.110769118427461,-0.20139821625062945,0.0,0.0,0.0,high_hedge_risk_off
2024-08-22,DIA,0.0912887317233714,0.06117279997735531,0.15933764103428566,0.04364026433571944,0.12911688371718488,high_hedge_risk_off
2024-08-22,ETH-USD,-0.3018114550244318,-0.4190767963045813,0.0,0.0,0.0,high_hedge_risk_off
2024-08-22,GLD,0.1505918300319441,0.11132578858291245,0.28997182645962266,0.04035501061986414,0.11939692146516095,high_hedge_risk_off
2024-08-22,QQQ,0.091161592481653,0.048033886691289454,0.1251145312611391,0.03426705190960418,0.10138469654322639,high_hedge_risk_off
2024-08-22,SPY,0.1083045040085289,0.07305662004806615,0.1902915920916822,0.05211810169801,0.15419995682735668,high_hedge_risk_off
2024-08-22,TLT,0.1174136692461265,0.0903302321127385,0.23528440915327029,0.0704943614529591,0.20856913698822274,high_hedge_risk_off
2024-08-22,VIX,0.0572199833448198,-0.10426404915636531,0.0,0.0,0.0,high_hedge_risk_off
2024-08-22,CASH,0.0,0.0,0.0,0.0,0.2873324044588483,high_hedge_risk_off
2024-08-23,BTC-USD,0.0696212736534627,-0.021007824169705768,0.0,0.0,0.0,high_hedge_risk_off
2024-08-23,DIA,0.0869141937025858,0.0567982619565697,0.22069832587404367,0.06266618541947633,0.18039905969019804,high_hedge_risk_off
2024-08-23,ETH-USD,-0.1988901295206874,-0.31615547080083684,0.0,0.0,0.0,high_hedge_risk_off
2024-08-23,GLD,0.1067654733425413,0.06749943189350965,0.2622793568531636,0.03444404864609286,0.09915513360331989,high_hedge_risk_off
2024-08-23,QQQ,0.0745265015455363,0.031398795755172765,0.12200481879051799,0.034642657872990264,0.09972687604365282,high_hedge_risk_off
2024-08-23,SPY,0.0991202337513012,0.06387234979083846,0.2481857751080157,0.07047110910243899,0.20286733159689407,high_hedge_risk_off
2024-08-23,TLT,0.0648716108982647,0.03778817376487668,0.146831723374259,0.04244319491590123,0.1221825199958112,high_hedge_risk_off
2024-08-23,VIX,-0.0508663161580253,-0.21235034865921043,0.0,0.0,0.0,high_hedge_risk_off
2024-08-23,CASH,0.0,0.0,0.0,0.0,0.295669079070124,high_hedge_risk_off
2024-08-24,BTC-USD,0.0685259673199024,-0.022103130503266063,0.0,0.0,0.0,high_hedge_risk_off
2024-08-24,DIA,0.0696715053575726,0.03955557361155651,0.3455556312574689,0.10865683053911722,0.2954437091050432,high_hedge_risk_off
2024-08-24,ETH-USD,-0.1176363448427304,-0.23490168612287984,0.0,0.0,0.0,high_hedge_risk_off
2024-08-24,GLD,0.0729540591069649,0.03368801765793325,0.2942969383257493,0.033410333019244655,0.09084447485413034,high_hedge_risk_off
2024-08-24,QQQ,0.047006240294607,0.0038785345042434533,0.03388269506920145,0.01065410580329887,0.02896908109786061,high_hedge_risk_off
2024-08-24,SPY,0.0725952387378486,0.03734735477738585,0.32626473534758027,0.10259098348519739,0.27895034790922957,high_hedge_risk_off
2024-08-24,TLT,0.0236855003789424,-0.0033979367544456187,0.0,0.0,0.0,high_hedge_risk_off
2024-08-24,VIX,-0.0396535948777396,-0.2011376273789247,0.0,0.0,0.0,high_hedge_risk_off
2024-08-24,CASH,0.0,0.0,0.0,0.0,0.3057923870337362,high_hedge_risk_off
2024-08-25,BTC-USD,0.119547396860349,0.028918299037180534,0.13300538076384336,0.01064043046110747,0.021960310879992187,moderate_hedge_uncertain
2024-08-25,DIA,0.117030229579842,0.0869142978338259,0.39974928201507315,0.19239105342451168,0.35,moderate_hedge_uncertain
2024-08-25,ETH-USD,-0.0602692395373685,-0.17753458081751794,0.0,0.0,0.0,moderate_hedge_uncertain
2024-08-25,GLD,0.0584099031831975,0.01914386173416585,0.08804932184874978,0.008090457525893652,0.016697535224670323,moderate_hedge_uncertain
2024-08-25,QQQ,0.0568257970714795,0.01369809128111595,0.06300231712246457,0.030321710894077515,0.06257962965700198,moderate_hedge_uncertain
2024-08-25,SPY,0.1039953576878371,0.06874747372737436,0.3161936982498692,0.15217748080956084,0.3140723300365591,moderate_hedge_uncertain
2024-08-25,TLT,0.0142381951850456,-0.012845241948342419,0.0,0.0,0.0,moderate_hedge_uncertain
2024-08-25,VIX,-0.1378431841084887,-0.2993272166096738,0.0,0.0,0.0,moderate_hedge_uncertain
2024-08-25,CASH,0.0,0.0,0.0,0.0,0.23469019420177653,moderate_hedge_uncertain
2024-08-26,BTC-USD,0.1180786206369188,0.02744952281375034,0.06274192821864451,0.00501935425749156,0.010546550819052421,moderate_hedge_uncertain
2024-08-26,DIA,0.2155398694586356,0.1854239377126195,0.42382723622997975,0.21652056393631208,0.35,moderate_hedge_uncertain
2024-08-26,ETH-USD,-0.0904153883345393,-0.20768072961468875,0.0,0.0,0.0,moderate_hedge_uncertain
2024-08-26,GLD,0.1252490809432148,0.08598303949418315,0.19653316848417188,0.015289573805443836,0.0321260980732913,moderate_hedge_uncertain
2024-08-26,QQQ,0.0301657032041433,-0.012962002586220248,0.0,0.0,0.0,moderate_hedge_uncertain
2024-08-26,SPY,0.1545706751250759,0.11932279116461317,0.2727385116636061,0.13933388726464585,0.29276513421212313,moderate_hedge_uncertain
2024-08-26,TLT,0.0464030178045922,0.019319580671204185,0.04415915540359782,0.0098188131205287,0.020631062532371725,moderate_hedge_uncertain
2024-08-26,VIX,-0.1988332189386255,-0.3603172514398106,0.0,0.0,0.0,moderate_hedge_uncertain
2024-08-26,CASH,0.0,0.0,0.0,0.0,0.29393115436316153,moderate_hedge_uncertain
2024-08-27,BTC-USD,0.0080261116462748,-0.08260298617689367,0.0,0.0,0.0,moderate_hedge_uncertain
2024-08-27,DIA,0.2764134913009877,0.24629755955497162,0.2771152452744999,0.1507301883243814,0.3054503042023036,moderate_hedge_uncertain
2024-08-27,ETH-USD,-0.2301753290369442,-0.3474406703170937,0.0,0.0,0.0,moderate_hedge_uncertain
2024-08-27,GLD,0.1976563944120114,0.15839035296297976,0.17820875525424895,0.013127614427747457,0.026602725472461966,moderate_hedge_uncertain
2024-08-27,QQQ,0.1831075315515465,0.13997982576118295,0.15749463299344724,0.08566542655445204,0.1735984734814061,moderate_hedge_uncertain
2024-08-27,SPY,0.2488351664333334,0.21358728247287062,0.24031213413940905,0.13071201910810318,0.2648840716203709,moderate_hedge_uncertain
2024-08-27,TLT,0.157619501516373,0.13053606438298498,0.14686923233839494,0.03198149086047944,0.06480955288899146,moderate_hedge_uncertain
2024-08-27,VIX,-0.2970031247695105,-0.45848715727069567,0.0,0.0,0.0,moderate_hedge_uncertain
2024-08-27,CASH,0.0,0.0,0.0,0.0,0.16465487233446602,moderate_hedge_uncertain
2024-08-28,BTC-USD,-0.1508268524325179,-0.24145595025568636,0.0,0.0,0.0,moderate_hedge_uncertain
2024-08-28,DIA,0.2730739232974187,0.24295799155140263,0.2796888490372913,0.17959090812216338,0.35,moderate_hedge_uncertain
2024-08-28,ETH-USD,-0.2976593602322846,-0.4149247015124341,0.0,0.0,0.0,moderate_hedge_uncertain
2024-08-28,GLD,0.1743494662159242,0.13508342476689256,0.15550559730847263,0.011455203308544494,0.023058028902939554,moderate_hedge_uncertain
2024-08-28,QQQ,0.1464942862046023,0.10336658041423875,0.1189937392895449,0.07640702792913995,0.15379870709616184,moderate_hedge_uncertain
2024-08-28,SPY,0.2384071238403411,0.20315923987987833,0.23387324537243076,0.1501722670263206,0.30227979200770966,moderate_hedge_uncertain
2024-08-28,TLT,0.2111886284267757,0.18410519129338768,0.21193856899226032,0.0461506559219521,0.09289605164355662,moderate_hedge_uncertain
2024-08-28,VIX,-0.0898797489964494,-0.2513637814976345,0.0,0.0,0.0,moderate_hedge_uncertain
2024-08-28,CASH,0.0,0.0,0.0,0.0,0.07796742034963229,moderate_hedge_uncertain
2024-08-29,BTC-USD,-0.1508606469682633,-0.24148974479143176,0.0,0.0,0.0,moderate_hedge_uncertain
2024-08-29,DIA,0.3543683642763427,0.32425243253032665,0.31711003673953647,0.2033915248210373,0.35,moderate_hedge_uncertain
2024-08-29,ETH-USD,-0.3065520019784589,-0.4238173432586083,0.0,0.0,0.0,moderate_hedge_uncertain
2024-08-29,GLD,0.2296291543762595,0.19036311292722785,0.1861699332928207,0.013714068642584802,0.02722765170064846,moderate_hedge_uncertain
2024-08-29,QQQ,0.1586264633829196,0.11549875759255605,0.11295463530599954,0.07244808693759985,0.1438370573259343,moderate_hedge_uncertain
2024-08-29,SPY,0.268696622348236,0.2334487383877732,0.22830650006001552,0.14643373527751646,0.2907267598895222,moderate_hedge_uncertain
2024-08-29,TLT,0.1860437944003414,0.1589603572669534,0.15545889460162768,0.03385193166518919,0.0672089828916156,moderate_hedge_uncertain
2024-08-29,VIX,-0.1823019685018808,-0.3437860010030659,0.0,0.0,0.0,moderate_hedge_uncertain
2024-08-29,CASH,0.0,0.0,0.0,0.0,0.1209995481922796,moderate_hedge_uncertain
2024-08-30,BTC-USD,-0.1472475046174541,-0.23787660244062256,0.0,0.0,0.0,moderate_hedge_uncertain
2024-08-30,DIA,0.3785584021579424,0.34844247041192633,0.3287560452677888,0.20550510247091505,0.35,moderate_hedge_uncertain
2024-08-30,ETH-USD,-0.2850294173195838,-0.4022947585997333,0.0,0.0,0.0,moderate_hedge_uncertain
2024-08-30,GLD,0.1945377387728442,0.15527169732381255,0.14649910240231875,0.010791746609460572,0.0197295409395877,moderate_hedge_uncertain
2024-08-30,QQQ,0.2104929053158286,0.16736519952546505,0.1579093416666438,0.09870898469375737,0.180460404149349,moderate_hedge_uncertain
2024-08-30,SPY,0.3121841529115239,0.27693626895106116,0.2612898263060052,0.1633320308555382,0.29860467504725985,moderate_hedge_uncertain
2024-08-30,TLT,0.1389493618156212,0.11186592468223319,0.10554568435724343,0.02298308696680521,0.042017828219963506,moderate_hedge_uncertain
2024-08-30,VIX,-0.2333282092083302,-0.39481224170951534,0.0,0.0,0.0,moderate_hedge_uncertain
2024-08-30,CASH,0.0,0.0,0.0,0.0,0.10918755164384002,moderate_hedge_uncertain
2024-08-31,BTC-USD,-0.0871338310660116,-0.17776292888918008,0.0,0.0,0.0,moderate_hedge_uncertain
2024-08-31,DIA,0.3761647688518968,0.34604883710588075,0.33336841015093355,0.2083882875308357,0.35,moderate_hedge_uncertain
2024-08-31,ETH-USD,-0.2497336356688399,-0.3669989769489893,0.0,0.0,0.0,moderate_hedge_uncertain
2024-08-31,GLD,0.175285389200425,0.13601934775139335,0.13103512813070042,0.009652604531555052,0.01714347325477324,moderate_hedge_uncertain
2024-08-31,QQQ,0.2244141736453107,0.18128646785494715,0.1746435042987608,0.10916949441227969,0.19389008444050737,moderate_hedge_uncertain
2024-08-31,SPY,0.3161588114444413,0.28091092748397856,0.27061737895886917,0.16916267546702948,0.3004407559736319,moderate_hedge_uncertain
2024-08-31,TLT,0.1208551351220232,0.09377169798863519,0.0903355784607362,0.019671012307113874,0.034936630033779455,moderate_hedge_uncertain
2024-08-31,VIX,-0.276253114540946,-0.4377371470421311,0.0,0.0,0.0,moderate_hedge_uncertain
2024-08-31,CASH,0.0,0.0,0.0,0.0,0.1035890562973081,moderate_hedge_uncertain
2024-09-01,BTC-USD,-0.144087809073225,-0.23471690689639346,0.0,0.0,0.0,moderate_hedge_uncertain
2024-09-01,DIA,0.4057089793934183,0.37559304764740226,0.37117346856159295,0.23164808337530485,0.35,moderate_hedge_uncertain
2024-09-01,ETH-USD,-0.2713181472202784,-0.3885834885004279,0.0,0.0,0.0,moderate_hedge_uncertain
2024-09-01,GLD,0.1392862219901328,0.10002018054110115,0.09884324954930786,0.0072812139166316845,0.01243139354186691,moderate_hedge_uncertain
2024-09-01,QQQ,0.2137434603025466,0.17061575451218305,0.1686081299699431,0.10522775321305144,0.17965790137409354,moderate_hedge_uncertain
2024-09-01,SPY,0.3175967394567426,0.28234885549627986,0.27902647478537534,0.1741394619218972,0.2973125370448522,moderate_hedge_uncertain
2024-09-01,TLT,0.1104126436477169,0.08332920651432887,0.08234867713378095,0.017931825632542586,0.03061544186376492,moderate_hedge_uncertain
2024-09-01,VIX,-0.2367297242086584,-0.39821375670984355,0.0,0.0,0.0,moderate_hedge_uncertain
2024-09-01,CASH,0.0,0.0,0.0,0.0,0.12998272617542245,moderate_hedge_uncertain
2024-09-02,BTC-USD,-0.0130130754509093,-0.10364217327407776,0.0,0.0,0.0,low_hedge_stable
2024-09-02,DIA,0.3788851566834475,0.34876922493743145,0.39381700247830564,0.2656629987141987,0.35,low_hedge_stable
2024-09-02,ETH-USD,-0.2177547352953265,-0.33502007657547594,0.0,0.0,0.0,low_hedge_stable
2024-09-02,GLD,0.1488183407677757,0.10955229931874405,0.12370230813815004,0.008644303063016973,0.014384669651055816,low_hedge_stable
2024-09-02,QQQ,0.1701978005377467,0.12707009474738315,0.14348273941608877,0.09679128777357936,0.1610668540393912,low_hedge_stable
2024-09-02,SPY,0.2819759638487837,0.2467280798883209,0.27859600532781476,0.18793665519624514,0.31273853781091815,low_hedge_stable
2024-09-02,TLT,0.080576148936357,0.05349271180296899,0.060401944639640694,0.012477115828226122,0.020762713671488502,low_hedge_stable
2024-09-02,VIX,-0.2893520964643892,-0.45083612896557435,0.0,0.0,0.0,low_hedge_stable
2024-09-02,CASH,0.0,0.0,0.0,0.0,0.1410472248271464,low_hedge_stable
2024-09-03,BTC-USD,-0.1064961471804335,-0.19712524500360198,0.0,0.0,0.0,moderate_hedge_uncertain
2024-09-03,DIA,0.1032722794821362,0.0731563477361201,0.29885591492517444,0.1452337751708279,0.35,moderate_hedge_uncertain
2024-09-03,ETH-USD,-0.2407450640104736,-0.358010405290623,0.0,0.0,0.0,moderate_hedge_uncertain
2024-09-03,GLD,0.0874435133102086,0.04817747186117695,0.19681302959230393,0.01881459426500465,0.07020194213594014,moderate_hedge_uncertain
2024-09-03,QQQ,-0.0471486297823498,-0.09027633557271335,0.0,0.0,0.0,moderate_hedge_uncertain
2024-09-03,SPY,0.0304952252587051,-0.004752658701757655,0.0,0.0,0.0,moderate_hedge_uncertain
2024-09-03,TLT,0.0676011612378609,0.04051772410447289,0.1655216790155501,0.04058093590219328,0.15141758965947938,moderate_hedge_uncertain
2024-09-03,VIX,0.2444205089877943,0.08293647648660918,0.33880937646697157,0.01694046882334858,0.05,moderate_hedge_uncertain
2024-09-03,CASH,0.0,0.0,0.0,0.0,0.3783804682045806,moderate_hedge_uncertain
2024-09-04,BTC-USD,-0.0763987284465647,-0.16702782626973317,0.0,0.0,0.0,moderate_hedge_uncertain
2024-09-04,DIA,0.0382028672940578,0.008086935548041704,0.02989443186623325,0.014939636755284773,0.07552060490431431,moderate_hedge_uncertain
2024-09-04,ETH-USD,-0.1868198353809251,-0.3040851766610745,0.0,0.0,0.0,moderate_hedge_uncertain
2024-09-04,GLD,0.0832011876139105,0.043935146164878855,0.1624121060142517,0.019088021667198123,0.0964908964217974,moderate_hedge_uncertain
2024-09-04,QQQ,-0.1119680171028391,-0.15509572289320264,0.0,0.0,0.0,moderate_hedge_uncertain
2024-09-04,SPY,-0.0376602283524269,-0.07290811231288964,0.0,0.0,0.0,moderate_hedge_uncertain
2024-09-04,TLT,0.1505881306837699,0.12350469355038188,0.45655151133187544,0.12444907421824764,0.35,moderate_hedge_uncertain
2024-09-04,VIX,0.2564737060611221,0.09498967355993695,0.3511419507876396,0.01755709753938198,0.05,moderate_hedge_uncertain
2024-09-04,CASH,0.0,0.0,0.0,0.0,0.42798849867388833,moderate_hedge_uncertain
2024-09-05,BTC-USD,-0.1587683810279695,-0.24939747885113797,0.0,0.0,0.0,high_hedge_risk_off
2024-09-05,DIA,0.0255664594023639,-0.004549472343652197,0.0,0.0,0.0,high_hedge_risk_off
2024-09-05,ETH-USD,-0.2830540245723629,-0.4003193658525124,0.0,0.0,0.0,high_hedge_risk_off
2024-09-05,GLD,0.1177093781243294,0.07844333667529775,0.15970133863774655,0.022272004951848643,0.10566863594936693,high_hedge_risk_off
2024-09-05,QQQ,-0.1281399085912731,-0.17126761438163665,0.0,0.0,0.0,high_hedge_risk_off
2024-09-05,SPY,-0.0490912506420852,-0.08433913460254795,0.0,0.0,0.0,high_hedge_risk_off
2024-09-05,TLT,0.2648850520793263,0.23780161494593827,0.4841359106673945,0.14524077320021833,0.35,high_hedge_risk_off
2024-09-05,VIX,0.3364268025635613,0.17494277006237613,0.356162750694859,0.01780813753474295,0.05,high_hedge_risk_off
2024-09-05,CASH,0.0,0.0,0.0,0.0,0.494331364050633,high_hedge_risk_off
2024-09-06,BTC-USD,-0.1804735041201043,-0.27110260194327274,0.0,0.0,0.0,high_hedge_risk_off
2024-09-06,DIA,-0.0119870675916398,-0.04210299933765589,0.0,0.0,0.0,high_hedge_risk_off
2024-09-06,ETH-USD,-0.2917470063300693,-0.40901234761021876,0.0,0.0,0.0,high_hedge_risk_off
2024-09-06,GLD,0.1250115723699799,0.08574553092094825,0.16281835287979596,0.022706705011583433,0.10602365366099903,high_hedge_risk_off
2024-09-06,QQQ,-0.1407018182728926,-0.18382952406325614,0.0,0.0,0.0,high_hedge_risk_off
2024-09-06,SPY,-0.0755404159963445,-0.11078829995680725,0.0,0.0,0.0,high_hedge_risk_off
2024-09-06,TLT,0.2631501241688289,0.23606668703544087,0.4482564716793955,0.1344769415038186,0.35,high_hedge_risk_off
2024-09-06,VIX,0.366304896162147,0.20482086366096186,0.3889251754408085,0.019446258772040426,0.05,high_hedge_risk_off
2024-09-06,CASH,0.0,0.0,0.0,0.0,0.49397634633900106,high_hedge_risk_off
2024-09-07,BTC-USD,-0.1782661769142527,-0.26889527473742114,0.0,0.0,0.0,high_hedge_risk_off
2024-09-07,DIA,-0.0133626771686054,-0.04347860891462149,0.0,0.0,0.0,high_hedge_risk_off
2024-09-07,ETH-USD,-0.2867407125360236,-0.40400605381617305,0.0,0.0,0.0,high_hedge_risk_off
2024-09-07,GLD,0.1201182960496719,0.08085225460064026,0.15384023947746067,0.02145461414478892,0.10062410957164335,high_hedge_risk_off
2024-09-07,QQQ,-0.1452711130354855,-0.18839881882584905,0.0,0.0,0.0,high_hedge_risk_off
2024-09-07,SPY,-0.0788056881735778,-0.11405357213404055,0.0,0.0,0.0,high_hedge_risk_off
2024-09-07,TLT,0.2627087664065799,0.2356253292731919,0.4483320503724867,0.134499615111746,0.35,high_hedge_risk_off
2024-09-07,VIX,0.3705663078375697,0.20908227533638457,0.39782771015005264,0.019891385507502635,0.05,high_hedge_risk_off
2024-09-07,CASH,0.0,0.0,0.0,0.0,0.49937589042835673,high_hedge_risk_off
2024-09-08,BTC-USD,-0.1815847373876098,-0.27221383521077824,0.0,0.0,0.0,high_hedge_risk_off
2024-09-08,DIA,-0.0129312953825315,-0.0430472271285476,0.0,0.0,0.0,high_hedge_risk_off
2024-09-08,ETH-USD,-0.2896305466332265,-0.40689588791337594,0.0,0.0,0.0,high_hedge_risk_off
2024-09-08,GLD,0.1516301063974587,0.11236406494842704,0.19717577179444062,0.027498202791693283,0.12922950762690424,high_hedge_risk_off
2024-09-08,QQQ,-0.1572209183310359,-0.20034862412139945,0.0,0.0,0.0,high_hedge_risk_off
2024-09-08,SPY,-0.0875885242884422,-0.12283640824890495,0.0,0.0,0.0,high_hedge_risk_off
2024-09-08,TLT,0.2840365691578532,0.2569531320244652,0.4508997796152796,0.1352699338845839,0.35,high_hedge_risk_off
2024-09-08,VIX,0.3620343396634797,0.20055030716229455,0.35192444859027966,0.017596222429513985,0.05,high_hedge_risk_off
2024-09-08,CASH,0.0,0.0,0.0,0.0,0.47077049237309576,high_hedge_risk_off
2024-09-09,BTC-USD,-0.1115119083133141,-0.2021410061364826,0.0,0.0,0.0,high_hedge_risk_off
2024-09-09,DIA,0.0755481599012945,0.045432228155278406,0.09397844873303192,0.03558300957666771,0.1133928438629196,high_hedge_risk_off
2024-09-09,ETH-USD,-0.2924834153676766,-0.40974875664782606,0.0,0.0,0.0,high_hedge_risk_off
2024-09-09,GLD,0.1700138968707958,0.13074785542176415,0.27045736312363866,0.03771807940553475,0.12019669892243938,high_hedge_risk_off
2024-09-09,QQQ,-0.1495035211134888,-0.19263122690385234,0.0,0.0,0.0,high_hedge_risk_off
2024-09-09,SPY,-0.0427215138053261,-0.07796939776578884,0.0,0.0,0.0,high_hedge_risk_off
2024-09-09,TLT,0.3203136288307723,0.2932301916973843,0.6065588164248574,0.18196764492745723,0.35,high_hedge_risk_off
2024-09-09,VIX,0.175506169314549,0.014022136813363874,0.02900537171847193,0.0014502685859235965,0.004621589946421054,high_hedge_risk_off
2024-09-09,CASH,0.0,0.0,0.0,0.0,0.4117888672682199,high_hedge_risk_off
2024-09-10,BTC-USD,-0.080508883620455,-0.17113798144362347,0.0,0.0,0.0,high_hedge_risk_off
2024-09-10,DIA,0.0456378568690101,0.015521925122994001,0.03532029417344056,0.013320046911620415,0.042096970018501406,high_hedge_risk_off
2024-09-10,ETH-USD,-0.2533510926071893,-0.3706164338873388,0.0,0.0,0.0,high_hedge_risk_off
2024-09-10,GLD,0.1606602053323007,0.12139416388326904,0.2762336208505606,0.038523638181339616,0.12175095570486714,high_hedge_risk_off
2024-09-10,QQQ,-0.1472152742422124,-0.19034298003257594,0.0,0.0,0.0,high_hedge_risk_off
2024-09-10,SPY,-0.047867898616975,-0.08311578257743775,0.0,0.0,0.0,high_hedge_risk_off
2024-09-10,TLT,0.3296292916424727,0.30254585450908467,0.6884460849759988,0.20653382549279964,0.35,high_hedge_risk_off
2024-09-10,VIX,0.1602534490369477,-0.0012305834642374266,0.0,0.0,0.0,high_hedge_risk_off
2024-09-10,CASH,0.0,0.0,0.0,0.0,0.4861520742766315,high_hedge_risk_off
2024-09-11,BTC-USD,-0.1349419495623297,-0.22557104738549816,0.0,0.0,0.0,high_hedge_risk_off
2024-09-11,DIA,0.0939643154869453,0.0638483837409292,0.10395916783218019,0.038153706556590436,0.11876904752141426,high_hedge_risk_off
2024-09-11,ETH-USD,-0.3416205885254473,-0.4588859298055967,0.0,0.0,0.0,high_hedge_risk_off
2024-09-11,GLD,0.2266783787140993,0.18741233726506765,0.3051483762316578,0.04254065189799283,0.13242521272135516,high_hedge_risk_off
2024-09-11,QQQ,-0.0038203603101198,-0.04694806610048335,0.0,0.0,0.0,high_hedge_risk_off
2024-09-11,SPY,0.0454039143139627,0.010156030353499948,0.01653624417984135,0.0060689116808271965,0.018891974722149898,high_hedge_risk_off
2024-09-11,TLT,0.3798345852707278,0.35275114813733977,0.5743562117563208,0.17227363939920629,0.35,high_hedge_risk_off
2024-09-11,VIX,0.0113073061691153,-0.1501767263320698,0.0,0.0,0.0,high_hedge_risk_off
2024-09-11,CASH,0.0,0.0,0.0,0.0,0.37991376503508084,high_hedge_risk_off
2024-09-12,BTC-USD,-0.1568568027619589,-0.24748590058512737,0.0,0.0,0.0,high_hedge_risk_off
2024-09-12,DIA,0.0875387868705453,0.0574228551245292,0.11263119671412758,0.04465773831852372,0.14762738804124434,high_hedge_risk_off
2024-09-12,ETH-USD,-0.3139629558610838,-0.43122829714123323,0.0,0.0,0.0,high_hedge_risk_off
2024-09-12,GLD,0.228229306633495,0.18896326518446335,0.3706391583382566,0.04818533442905617,0.1592887443810558,high_hedge_risk_off
2024-09-12,QQQ,0.0229588826212715,-0.020168823169092052,0.0,0.0,0.0,high_hedge_risk_off
2024-09-12,SPY,0.0579846761383779,0.022736792177915147,0.044596739519228046,0.017682396897228756,0.05845361109932669,high_hedge_risk_off
2024-09-12,TLT,0.2677913423929682,0.2407079052595802,0.4721329054283878,0.13566647029905418,0.35,high_hedge_risk_off
2024-09-12,VIX,0.0576632107809955,-0.10382082172018961,0.0,0.0,0.0,high_hedge_risk_off
2024-09-12,CASH,0.0,0.0,0.0,0.0,0.28463025647837314,high_hedge_risk_off
2024-09-13,BTC-USD,-0.1057279438889393,-0.19635704171210777,0.0,0.0,0.0,high_hedge_risk_off
2024-09-13,DIA,0.0996365283373081,0.069520596591292,0.14514227376641672,0.06160981801018843,0.20743355361909419,high_hedge_risk_off
2024-09-13,ETH-USD,-0.2823612994660899,-0.3996266407462393,0.0,0.0,0.0,high_hedge_risk_off
2024-09-13,GLD,0.2221250995168727,0.18285905806784106,0.3817657035192372,0.04437192660058639,0.14939544885789377,high_hedge_risk_off
2024-09-13,QQQ,0.0160557235530042,-0.027071982237359352,0.0,0.0,0.0,high_hedge_risk_off
2024-09-13,SPY,0.0574759516597276,0.02222806769926485,0.04640685560096667,0.01969872631733704,0.06632346813781308,high_hedge_risk_off
2024-09-13,TLT,0.2314581282872263,0.2043746911538383,0.4266851671133794,0.11488425814338425,0.35,high_hedge_risk_off
2024-09-13,VIX,0.0082394570074729,-0.15324457549371223,0.0,0.0,0.0,high_hedge_risk_off
2024-09-13,CASH,0.0,0.0,0.0,0.0,0.22684752938519903,high_hedge_risk_off
2024-09-14,BTC-USD,-0.1070541946330245,-0.19768329245619295,0.0,0.0,0.0,moderate_hedge_uncertain
2024-09-14,DIA,0.0973722144203586,0.0672562826743425,0.1562969390497087,0.0724714239558144,0.2425776276444195,moderate_hedge_uncertain
2024-09-14,ETH-USD,-0.2533268297172277,-0.3705921709973772,0.0,0.0,0.0,moderate_hedge_uncertain
2024-09-14,GLD,0.1983693372918293,0.15910329584279764,0.3697403000007928,0.03681715116226611,0.12323501730852851,moderate_hedge_uncertain
2024-09-14,QQQ,0.0339137727522001,-0.009213933038163447,0.0,0.0,0.0,moderate_hedge_uncertain
2024-09-14,SPY,0.0662960378207145,0.03104815386025175,0.0721528341820326,0.033455668853224464,0.11198340447430068,moderate_hedge_uncertain
2024-09-14,TLT,0.1999866441976975,0.17290320706430948,0.40180992676746585,0.09954524721623408,0.33319960606423216,moderate_hedge_uncertain
2024-09-14,VIX,0.0033697550478659,-0.1581142774533192,0.0,0.0,0.0,moderate_hedge_uncertain
2024-09-14,CASH,0.0,0.0,0.0,0.0,0.18900434450851922,moderate_hedge_uncertain
2024-09-15,BTC-USD,-0.1129974570906507,-0.20362655491381917,0.0,0.0,0.0,moderate_hedge_uncertain
2024-09-15,DIA,0.1418842272256772,0.1117682954796611,0.1595434944582354,0.07854450038200579,0.2227724342204765,moderate_hedge_uncertain
2024-09-15,ETH-USD,-0.3658766600723687,-0.48314200135251817,0.0,0.0,0.0,moderate_hedge_uncertain
2024-09-15,GLD,0.243196240896188,0.20393019944715635,0.2910998732309099,0.02544839300732326,0.0721781974507224,moderate_hedge_uncertain
2024-09-15,QQQ,0.102329954672432,0.05920224888206846,0.08450816598657143,0.04160402589998707,0.11799973362915656,moderate_hedge_uncertain
2024-09-15,SPY,0.1234502520977726,0.08820236813730986,0.12590434498197112,0.06198368605447177,0.17580169912794927,moderate_hedge_uncertain
2024-09-15,TLT,0.2645309547142352,0.2374475175808472,0.33894412134231217,0.07909087537357555,0.22432209442936707,moderate_hedge_uncertain
2024-09-15,VIX,-0.0358756559357005,-0.19735968843688562,0.0,0.0,0.0,moderate_hedge_uncertain
2024-09-15,CASH,0.0,0.0,0.0,0.0,0.1869258411423283,moderate_hedge_uncertain
2024-09-16,BTC-USD,-0.1125376663305959,-0.20316676415376436,0.0,0.0,0.0,moderate_hedge_uncertain
2024-09-16,DIA,0.1706406001409331,0.140524668394917,0.2004263539539448,0.10228283941205273,0.3178493253021763,moderate_hedge_uncertain
2024-09-16,ETH-USD,-0.3977892356269764,-0.5150545769071259,0.0,0.0,0.0,moderate_hedge_uncertain
2024-09-16,GLD,0.2487837390489343,0.20951769759990266,0.2988291571751726,0.023689265569363505,0.07361564385001806,moderate_hedge_uncertain
2024-09-16,QQQ,0.0114362130626841,-0.031691492727679446,0.0,0.0,0.0,moderate_hedge_uncertain
2024-09-16,SPY,0.093211313516762,0.057963429556299254,0.0826715976727087,0.04218949046310816,0.1311060697534893,moderate_hedge_uncertain
2024-09-16,TLT,0.3202063385958745,0.2931229014624865,0.4180728911981739,0.0936647390139495,0.29106812317023056,moderate_hedge_uncertain
2024-09-16,VIX,0.0348021663800374,-0.1266818661211477,0.0,0.0,0.0,moderate_hedge_uncertain
2024-09-16,CASH,0.0,0.0,0.0,0.0,0.1863608379240858,moderate_hedge_uncertain
2024-09-17,BTC-USD,0.0713089756304949,-0.019320122192673563,0.0,0.0,0.0,moderate_hedge_uncertain
2024-09-17,DIA,0.1929234918565639,0.1628075601105478,0.2417035886381944,0.12814318095650767,0.35,moderate_hedge_uncertain
2024-09-17,ETH-USD,-0.502533306382711,-0.6197986476628604,0.0,0.0,0.0,moderate_hedge_uncertain
2024-09-17,GLD,0.1941263549818187,0.15486031353278706,0.22990513151290437,0.017023250932372933,0.04820972286412011,moderate_hedge_uncertain
2024-09-17,QQQ,0.0121956423736786,-0.03093206341668495,0.0,0.0,0.0,moderate_hedge_uncertain
2024-09-17,SPY,0.0998923586693552,0.06464447470889245,0.09597098262611958,0.05088061398890352,0.1440935288627263,moderate_hedge_uncertain
2024-09-17,TLT,0.3183546339318043,0.2912711967984163,0.4324202972227817,0.0943490327033121,0.2671957746022865,moderate_hedge_uncertain
2024-09-17,VIX,0.0551466126573776,-0.10633741984380751,0.0,0.0,0.0,moderate_hedge_uncertain
2024-09-17,CASH,0.0,0.0,0.0,0.0,0.1905009736708671,moderate_hedge_uncertain
2024-09-18,BTC-USD,0.0148462682110866,-0.07578282961208187,0.0,0.0,0.0,moderate_hedge_uncertain
2024-09-18,DIA,0.1020080303937195,0.0718920986477034,0.1603833418242625,0.08475796355131944,0.2884951454153935,moderate_hedge_uncertain
2024-09-18,ETH-USD,-0.4280091581064761,-0.5452744993866255,0.0,0.0,0.0,moderate_hedge_uncertain
2024-09-18,GLD,0.0865270078792269,0.047260966430195256,0.10543400285284536,0.007767376904905223,0.026438229940718268,moderate_hedge_uncertain
2024-09-18,QQQ,-0.0019501088546333,-0.04507781464499685,0.0,0.0,0.0,moderate_hedge_uncertain
2024-09-18,SPY,0.0687427028780947,0.03349481891763195,0.07472324626567219,0.03948907730306444,0.13441105262008082,moderate_hedge_uncertain
2024-09-18,TLT,0.2298696264669066,0.20278618933351858,0.4523936195060052,0.0985153095291123,0.3353217486287909,moderate_hedge_uncertain
2024-09-18,VIX,0.2543016156719614,0.09281758317077629,0.20706578955121482,0.010353289477560743,0.03524003678483911,moderate_hedge_uncertain
2024-09-18,CASH,0.0,0.0,0.0,0.0,0.1800937866101775,moderate_hedge_uncertain
2024-09-19,BTC-USD,0.162393042377793,0.07176394455462454,0.1443552186616727,0.011548417492933815,0.04,moderate_hedge_uncertain
2024-09-19,DIA,0.1076262375440414,0.0775103057980253,0.1559141879873997,0.07632814363803322,0.26652761206259246,moderate_hedge_uncertain
2024-09-19,ETH-USD,-0.3558550228183434,-0.4731203640984929,0.0,0.0,0.0,moderate_hedge_uncertain
2024-09-19,GLD,0.1905793522148311,0.15131331076579946,0.3043710347525907,0.022421273379047535,0.0782920711586966,moderate_hedge_uncertain
2024-09-19,QQQ,0.0474202133497821,0.004292507559418552,0.008634501227494436,0.00422703961994935,0.01476025385003191,moderate_hedge_uncertain
2024-09-19,SPY,0.0808251107792237,0.04557722681876096,0.09167989000948687,0.04488209766983316,0.15672224878190308,moderate_hedge_uncertain
2024-09-19,TLT,0.1737605384389882,0.1466771013056002,0.2950451673613555,0.06424753637900502,0.22434375625857914,moderate_hedge_uncertain
2024-09-19,VIX,-0.0130290250277945,-0.1745130575289796,0.0,0.0,0.0,moderate_hedge_uncertain
2024-09-19,CASH,0.0,0.0,0.0,0.0,0.21935405788819687,moderate_hedge_uncertain
2024-09-20,BTC-USD,0.141711653533349,0.05108255571018053,0.13189869159880643,0.010551895327904515,0.04,moderate_hedge_uncertain
2024-09-20,DIA,0.0404628910583544,0.010346959312338302,0.026716564516984793,0.013054270903362902,0.0859508845818714,moderate_hedge_uncertain
2024-09-20,ETH-USD,-0.1780271149922192,-0.29529245627236866,0.0,0.0,0.0,moderate_hedge_uncertain
2024-09-20,GLD,0.2767298402325913,0.23746379878355967,0.6131479509235204,0.045167092961898914,0.2973855547203905,moderate_hedge_uncertain
2024-09-20,QQQ,-0.0500801102553276,-0.09320781604569116,0.0,0.0,0.0,moderate_hedge_uncertain
2024-09-20,SPY,-0.0167501226406153,-0.05199800660107805,0.0,0.0,0.0,moderate_hedge_uncertain
2024-09-20,TLT,0.1154764192790336,0.08839298214564559,0.22823679296068855,0.04969967854671235,0.3272286415799864,moderate_hedge_uncertain
2024-09-20,VIX,0.0042884112279848,-0.1571956212732003,0.0,0.0,0.0,moderate_hedge_uncertain
2024-09-20,CASH,0.0,0.0,0.0,0.0,0.24943491911775167,moderate_hedge_uncertain
2024-09-21,BTC-USD,0.2045177411526184,0.11388864332944992,0.32323258282439665,0.025858606625951734,0.04,moderate_hedge_uncertain
2024-09-21,DIA,0.0083382400213111,-0.021777691724704992,0.0,0.0,0.0,moderate_hedge_uncertain
2024-09-21,ETH-USD,-0.0397850208008072,-0.15705036208095663,0.0,0.0,0.0,moderate_hedge_uncertain
2024-09-21,GLD,0.2213293066176607,0.18206326516862906,0.5167221043073182,0.03806394919597778,0.30060181039104045,moderate_hedge_uncertain
2024-09-21,QQQ,-0.0692588905433315,-0.11238659633369504,0.0,0.0,0.0,moderate_hedge_uncertain
2024-09-21,SPY,-0.041176005491979,-0.07642388945244175,0.0,0.0,0.0,moderate_hedge_uncertain
2024-09-21,TLT,0.0834742359647941,0.05639079883140608,0.16004531286828522,0.034850647813330596,0.27522545734941106,moderate_hedge_uncertain
2024-09-21,VIX,-0.0570337178827935,-0.21851775038397864,0.0,0.0,0.0,moderate_hedge_uncertain
2024-09-21,CASH,0.0,0.0,0.0,0.0,0.3841727322595485,moderate_hedge_uncertain
2024-09-22,BTC-USD,0.1677182174900484,0.07708911966687992,0.162053589547397,0.01296428716379176,0.04,moderate_hedge_uncertain
2024-09-22,DIA,0.0574068243820427,0.027290892636026604,0.057369796577412806,0.028032081154854203,0.1638778658847941,moderate_hedge_uncertain
2024-09-22,ETH-USD,-0.183942637908985,-0.30120797918913444,0.0,0.0,0.0,moderate_hedge_uncertain
2024-09-22,GLD,0.295260930436326,0.2559948889872944,0.5381419692616073,0.03964182692224728,0.23174940026410779,moderate_hedge_uncertain
2024-09-22,QQQ,-0.0074354388800906,-0.05056314467045415,0.0,0.0,0.0,moderate_hedge_uncertain
2024-09-22,SPY,0.0118267052903085,-0.023421178670154256,0.0,0.0,0.0,moderate_hedge_uncertain
2024-09-22,TLT,0.1424099373498357,0.11532650021644769,0.24243464461358297,0.05279132634044147,0.30862246188956793,moderate_hedge_uncertain
2024-09-22,VIX,-0.0997234043596408,-0.2612074368608259,0.0,0.0,0.0,moderate_hedge_uncertain
2024-09-22,CASH,0.0,0.0,0.0,0.0,0.2557502719615301,moderate_hedge_uncertain
2024-09-23,BTC-USD,0.0861995062636654,-0.004429591559503062,0.0,0.0,0.0,moderate_hedge_uncertain
2024-09-23,DIA,0.2190145741420975,0.1888986423960814,0.24267136809875045,0.1465880447068877,0.30691134257244845,moderate_hedge_uncertain
2024-09-23,ETH-USD,-0.011539964717987,-0.12880530599813644,0.0,0.0,0.0,moderate_hedge_uncertain
2024-09-23,GLD,0.2585287324764254,0.21926269102739374,0.2816789815411349,0.020749671599473146,0.043443580827246565,moderate_hedge_uncertain
2024-09-23,QQQ,0.1887672017286499,0.14563949593828637,0.18709788106602893,0.1130183291467265,0.23662643978282705,moderate_hedge_uncertain
2024-09-23,SPY,0.2055417977020222,0.17029391374155942,0.21877053483478132,0.13215050952307128,0.2766834797507415,moderate_hedge_uncertain
2024-09-23,TLT,0.0814020844355339,0.05431864730214588,0.06978123445930433,0.015195203948989938,0.03181419367433275,moderate_hedge_uncertain
2024-09-23,VIX,-0.4528337721201341,-0.6143178046213192,0.0,0.0,0.0,moderate_hedge_uncertain
2024-09-23,CASH,0.0,0.0,0.0,0.0,0.1045209633924038,moderate_hedge_uncertain
2024-09-24,BTC-USD,0.0772942750099183,-0.013334822813250168,0.0,0.0,0.0,moderate_hedge_uncertain
2024-09-24,DIA,0.1957020840594523,0.1655861523134362,0.22838014122107128,0.13907782993396442,0.30495512264471225,moderate_hedge_uncertain
2024-09-24,ETH-USD,-0.034884845247617,-0.15215018652776643,0.0,0.0,0.0,moderate_hedge_uncertain
2024-09-24,GLD,0.3005414092625926,0.261275367813561,0.36035685693027947,0.026545418193886387,0.05820597908966127,moderate_hedge_uncertain
2024-09-24,QQQ,0.175154058300008,0.13202635250964445,0.18209371139913183,0.11089054455701619,0.24314903124085477,moderate_hedge_uncertain
2024-09-24,SPY,0.1913272641922145,0.15607938023175172,0.21526818759307778,0.13109297605382392,0.28744678148440994,moderate_hedge_uncertain
2024-09-24,TLT,0.0371623788601251,0.010078941726737081,0.013901102856439671,0.003027032890609342,0.006637356844319843,moderate_hedge_uncertain
2024-09-24,VIX,-0.4099900809904426,-0.5714741134916278,0.0,0.0,0.0,moderate_hedge_uncertain
2024-09-24,CASH,0.0,0.0,0.0,0.0,0.09960572869604191,moderate_hedge_uncertain
2024-09-25,BTC-USD,0.1001994776319604,0.00957037980879193,0.011671572032710032,0.0009337257626168027,0.0019626921574725045,moderate_hedge_uncertain
2024-09-25,DIA,0.1921555181181351,0.16203958637211902,0.19761563723472117,0.12047732561931272,0.25324341644338727,moderate_hedge_uncertain
2024-09-25,ETH-USD,-0.0806368897177641,-0.19790223099791354,0.0,0.0,0.0,moderate_hedge_uncertain
2024-09-25,GLD,0.3066776893509289,0.26741164790189725,0.3261223037361006,0.024023555147310763,0.05049752847141433,moderate_hedge_uncertain
2024-09-25,QQQ,0.2302742884857464,0.18714658269538287,0.22823491483567462,0.13914451577378725,0.2924818622323905,moderate_hedge_uncertain
2024-09-25,SPY,0.2290531904919004,0.19380530653143763,0.23635557216079353,0.1440953136483459,0.3028884425696362,moderate_hedge_uncertain
2024-09-25,TLT,-0.0206178646277296,-0.047701301761117615,0.0,0.0,0.0,moderate_hedge_uncertain
2024-09-25,VIX,-0.4151164991121587,-0.5766005316133439,0.0,0.0,0.0,moderate_hedge_uncertain
2024-09-25,CASH,0.0,0.0,0.0,0.0,0.0989260581256992,moderate_hedge_uncertain
2024-09-26,BTC-USD,0.1828475953866191,0.09221849756345063,0.10736864571362947,0.008589491657090357,0.016822195318682637,low_hedge_stable
2024-09-26,DIA,0.1912176796899237,0.1611017479439076,0.18756840499309282,0.1314852455154771,0.25750889224747847,low_hedge_stable
2024-09-26,ETH-USD,-0.0565512270136384,-0.17381656829378783,0.0,0.0,0.0,low_hedge_stable
2024-09-26,GLD,0.2371220516981249,0.19785601024909324,0.2303608541456728,0.014790945315798758,0.028967508321046075,low_hedge_stable
2024-09-26,QQQ,0.2535497235666658,0.21042201777630223,0.24499127261779544,0.17173861253704348,0.3363435927518374,low_hedge_stable
2024-09-26,SPY,0.2325455846715597,0.19729770071109692,0.2297108225298094,0.16102703383870232,0.3153653700317312,low_hedge_stable
2024-09-26,TLT,-0.0266400208399439,-0.05372345797333192,0.0,0.0,0.0,low_hedge_stable
2024-09-26,VIX,-0.4421970876486366,-0.6036811201498218,0.0,0.0,0.0,low_hedge_stable
2024-09-26,CASH,0.0,0.0,0.0,0.0,0.0449924413292243,low_hedge_stable
2024-09-27,BTC-USD,0.1902990507122072,0.09966995288903874,0.18132890922340492,0.014506312737872394,0.029279903814264072,low_hedge_stable
2024-09-27,DIA,0.1417555091148074,0.11163957736879129,0.20310517065239964,0.14192252772961078,0.28645997339842977,low_hedge_stable
2024-09-27,ETH-USD,-0.0042804582532201,-0.12154579953336954,0.0,0.0,0.0,low_hedge_stable
2024-09-27,GLD,0.1377304860843417,0.09846444463531007,0.17913573575063535,0.01158787895836918,0.023389264208166193,low_hedge_stable
2024-09-27,QQQ,0.1608394498894202,0.11771174409905664,0.2141522248337883,0.14964180857486248,0.3020407625864485,low_hedge_stable
2024-09-27,SPY,0.1574260509746674,0.12217816701420464,0.22227795953977184,0.1553197773111044,0.3135013164474944,low_hedge_stable
2024-09-27,TLT,-0.0876585967634102,-0.11474203389679821,0.0,0.0,0.0,low_hedge_stable
2024-09-27,VIX,-0.2450711391310479,-0.40655517163223304,0.0,0.0,0.0,low_hedge_stable
2024-09-27,CASH,0.0,0.0,0.0,0.0,0.045328779545197,low_hedge_stable
2024-09-28,BTC-USD,0.2112278763478295,0.12059877852466103,0.1912263015413872,0.015298104123310976,0.030629868428723984,low_hedge_stable
2024-09-28,DIA,0.1555207245835808,0.1254047928375647,0.19884691224287626,0.13894701117695887,0.2781997453154723,low_hedge_stable
2024-09-28,ETH-USD,-0.0766479755348186,-0.19391331681496804,0.0,0.0,0.0,low_hedge_stable
2024-09-28,GLD,0.1423365334699743,0.10307049202094265,0.16343274142851708,0.010572088352847715,0.021167438308328484,low_hedge_stable
2024-09-28,QQQ,0.1840638568839692,0.14093615109360566,0.22347406214895654,0.15615557043825243,0.31265472756507945,low_hedge_stable
2024-09-28,SPY,0.1758976652717669,0.14064978131130412,0.22301998263826286,0.15583827614317924,0.31201944083719874,low_hedge_stable
2024-09-28,TLT,-0.0635026323537169,-0.09058606948710493,0.0,0.0,0.0,low_hedge_stable
2024-09-28,VIX,-0.2550113099621013,-0.41649534246328646,0.0,0.0,0.0,low_hedge_stable
2024-09-28,CASH,0.0,0.0,0.0,0.0,0.04532877954519701,low_hedge_stable
2024-09-29,BTC-USD,0.1830634475405929,0.09243434971742442,0.16049336855257737,0.01283946948420619,0.02432581625436717,low_hedge_stable
2024-09-29,DIA,0.1552647986645413,0.1251488669185252,0.21729544572655846,0.15327034976157838,0.2903878832477522,low_hedge_stable
2024-09-29,ETH-USD,-0.0857782131912582,-0.20304355447140765,0.0,0.0,0.0,low_hedge_stable
2024-09-29,GLD,0.1294835443762903,0.09021750292725866,0.15664426689279037,0.009911253478435042,0.018777982319553323,low_hedge_stable
2024-09-29,QQQ,0.1726900409197942,0.12956233512943066,0.2249585318231593,0.1586755430565962,0.3006286287143528,low_hedge_stable
2024-09-29,SPY,0.1738235770868222,0.13857569312635942,0.24060838700491452,0.16971424094281012,0.3215426810276375,low_hedge_stable
2024-09-29,TLT,-0.0912880461971212,-0.11837148333050923,0.0,0.0,0.0,low_hedge_stable
2024-09-29,VIX,-0.1869091348700437,-0.34839316737122883,0.0,0.0,0.0,low_hedge_stable
2024-09-29,CASH,0.0,0.0,0.0,0.0,0.04433700843633701,low_hedge_stable
2024-09-30,BTC-USD,0.0923590965629999,0.0017299987398314322,0.0026416394874216728,0.00021133115899373383,0.0003162431920341208,low_hedge_stable
2024-09-30,DIA,0.2323012117782622,0.20218528003224612,0.30872890668153424,0.21776336522088915,0.32586856596753905,low_hedge_stable
2024-09-30,ETH-USD,-0.06117976496549,-0.17844510624563942,0.0,0.0,0.0,low_hedge_stable
2024-09-30,GLD,0.105640620707059,0.06637457925802735,0.1013513510108621,0.006412739835145101,0.009596243756987963,low_hedge_stable
2024-09-30,QQQ,0.2244136696311807,0.18128596384081716,0.2768164794408246,0.19525378675931596,0.29218446099255296,low_hedge_stable
2024-09-30,SPY,0.2385679129688626,0.20332002900839982,0.3104616233793574,0.2189855449744735,0.327697477654549,low_hedge_stable
2024-09-30,TLT,-0.1088939150013036,-0.13597735213469161,0.0,0.0,0.0,low_hedge_stable
2024-09-30,VIX,-0.2375984516293165,-0.3990824841305016,0.0,0.0,0.0,low_hedge_stable
2024-09-30,CASH,0.0,0.0,0.0,0.0,0.0443370084363369,low_hedge_stable
2024-10-01,BTC-USD,0.0387767531123321,-0.05185234471083637,0.0,0.0,0.0,low_hedge_stable
2024-10-01,DIA,0.2066980805075287,0.1765821487615126,0.3229070644179447,0.22683657428495935,0.35,low_hedge_stable
2024-10-01,ETH-USD,-0.145664772319096,-0.26293011359924545,0.0,0.0,0.0,low_hedge_stable
2024-10-01,GLD,0.2438317801297761,0.20456573868074446,0.3740792748371229,0.023899596694914288,0.049244458075588186,low_hedge_stable
2024-10-01,QQQ,0.0964802677183065,0.053352561927942965,0.09756319804781771,0.06853644302066912,0.141217445552103,low_hedge_stable
2024-10-01,SPY,0.1475987370844039,0.11235085312394116,0.20545046269711476,0.14432536255432715,0.29737841840080126,low_hedge_stable
2024-10-01,TLT,-0.2196960393727745,-0.2467794765061625,0.0,0.0,0.0,low_hedge_stable
2024-10-01,VIX,0.0160423348274395,-0.14544169767374562,0.0,0.0,0.0,low_hedge_stable
2024-10-01,CASH,0.0,0.0,0.0,0.0,0.16215967797150757,low_hedge_stable
2024-10-02,BTC-USD,0.0160697986670888,-0.07455929915607967,0.0,0.0,0.0,low_hedge_stable
2024-10-02,DIA,0.2488100752090355,0.2186941434630194,0.34047927490299057,0.24015863459898115,0.35,low_hedge_stable
2024-10-02,ETH-USD,-0.2637827222156712,-0.38104806349582065,0.0,0.0,0.0,low_hedge_stable
2024-10-02,GLD,0.2325698160814271,0.19330377463239545,0.30094966413208224,0.019041797473727556,0.03553373100504943,low_hedge_stable
2024-10-02,QQQ,0.1308299202504386,0.08770221446007505,0.13654131708287975,0.09631005084322365,0.17972333990357342,low_hedge_stable
2024-10-02,SPY,0.177860395912718,0.14261251195225522,0.2220297438820474,0.15660970890597267,0.29224800215011193,low_hedge_stable
2024-10-02,TLT,-0.1684851700348795,-0.19556860716826752,0.0,0.0,0.0,low_hedge_stable
2024-10-02,VIX,0.0411586463207008,-0.12032538618048433,0.0,0.0,0.0,low_hedge_stable
2024-10-02,CASH,0.0,0.0,0.0,0.0,0.1424949269412652,low_hedge_stable
2024-10-03,BTC-USD,-0.022268490498135,-0.11289758832130346,0.0,0.0,0.0,low_hedge_stable
2024-10-03,DIA,0.1811918249668391,0.15107589322082302,0.2892153002408187,0.20399935137483124,0.35,low_hedge_stable
2024-10-03,ETH-USD,-0.2551148141838265,-0.37238015546397596,0.0,0.0,0.0,low_hedge_stable
2024-10-03,GLD,0.1948739335594334,0.15560789211040174,0.29789122723086947,0.018848283271443233,0.035038258820149,low_hedge_stable
2024-10-03,QQQ,0.1345016813817654,0.09137397559140185,0.17492368386157645,0.12338323047966218,0.2293648446043051,low_hedge_stable
2024-10-03,SPY,0.1595549256434652,0.12430704168300245,0.2379697886667353,0.16785309246916572,0.3120326670072746,low_hedge_stable
2024-10-03,TLT,-0.1453700613186631,-0.1724534984520511,0.0,0.0,0.0,low_hedge_stable
2024-10-03,VIX,0.1261550196003368,-0.035329012900848326,0.0,0.0,0.0,low_hedge_stable
2024-10-03,CASH,0.0,0.0,0.0,0.0,0.0735642295682713,low_hedge_stable
2024-10-04,BTC-USD,0.0445369252618583,-0.046092172561310166,0.0,0.0,0.0,low_hedge_stable
2024-10-04,DIA,0.1975491130757349,0.1674331813297188,0.3191933606239456,0.22401569167064647,0.35,low_hedge_stable
2024-10-04,ETH-USD,-0.1583817246484875,-0.2756470659286369,0.0,0.0,0.0,low_hedge_stable
2024-10-04,GLD,0.140228034823883,0.10096199337485134,0.19247318664482224,0.012324403778035536,0.020328446392027247,low_hedge_stable
2024-10-04,QQQ,0.157238816629347,0.11411111083898344,0.2175405655196831,0.15267391576082653,0.2518274772477109,low_hedge_stable
2024-10-04,SPY,0.1772925508628733,0.14204466690241052,0.27079288721154887,0.19004736129099697,0.31347298137338964,low_hedge_stable
2024-10-04,TLT,-0.2391818840552287,-0.26626532118861673,0.0,0.0,0.0,low_hedge_stable
2024-10-04,VIX,0.0488984729280579,-0.11258555957312721,0.0,0.0,0.0,low_hedge_stable
2024-10-04,CASH,0.0,0.0,0.0,0.0,0.06437109498687227,low_hedge_stable
2024-10-05,BTC-USD,0.0826116192791946,-0.008017478543973871,0.0,0.0,0.0,low_hedge_stable
2024-10-05,DIA,0.172300882847226,0.1421849511012099,0.32259181925838193,0.22640079160005472,0.35,low_hedge_stable
2024-10-05,ETH-USD,-0.1060949315841575,-0.22336027286430693,0.0,0.0,0.0,low_hedge_stable
2024-10-05,GLD,0.1344081333511359,0.09514209190210426,0.2158601193518771,0.013821911076592417,0.023401291549167754,low_hedge_stable
2024-10-05,QQQ,0.1325258543182328,0.08939814852786925,0.20282815550154923,0.14234847948065746,0.24100417456374132,low_hedge_stable
2024-10-05,SPY,0.1492807731149088,0.11403288915444607,0.2587199058881917,0.18157432395662437,0.30741578854083806,low_hedge_stable
2024-10-05,TLT,-0.278698632432835,-0.305782069566223,0.0,0.0,0.0,low_hedge_stable
2024-10-05,VIX,0.0548129782679446,-0.10667105423324053,0.0,0.0,0.0,low_hedge_stable
2024-10-05,CASH,0.0,0.0,0.0,0.0,0.07817874534625284,low_hedge_stable
2024-10-06,BTC-USD,0.2771205601652218,0.18649146234205335,0.2999398178173619,0.023995185425388952,0.04,low_hedge_stable
2024-10-06,DIA,0.140535107857045,0.11041917611102892,0.17759047599476588,0.12459695625525072,0.2645289846722866,low_hedge_stable
2024-10-06,ETH-USD,-0.0049901440107783,-0.12225548529092774,0.0,0.0,0.0,low_hedge_stable
2024-10-06,GLD,0.1029431879823182,0.06367714653328656,0.10241386651412718,0.006562605856631831,0.013932920323533679,low_hedge_stable
2024-10-06,QQQ,0.1849565871612701,0.14182888137090655,0.22810764796087532,0.16003965570376072,0.3397765796452517,low_hedge_stable
2024-10-06,SPY,0.1545941555790015,0.11934627161853875,0.19194819171286984,0.13467028742480425,0.28591544664243923,low_hedge_stable
2024-10-06,TLT,-0.4226218564786556,-0.4497052936120436,0.0,0.0,0.0,low_hedge_stable
2024-10-06,VIX,-0.0913621425479083,-0.2528461750490934,0.0,0.0,0.0,low_hedge_stable
2024-10-06,CASH,0.0,0.0,0.0,0.0,0.05584606871648879,low_hedge_stable
2024-10-07,BTC-USD,0.0405504992669825,-0.05007859855618596,0.0,0.0,0.0,low_hedge_stable
2024-10-07,DIA,0.0946571276320266,0.06454119588601051,0.19126917335524768,0.13057321232509628,0.2962247005204263,low_hedge_stable
2024-10-07,ETH-USD,-0.1339005872084932,-0.2511659284886426,0.0,0.0,0.0,low_hedge_stable
2024-10-07,GLD,0.1634513577206311,0.12418531627159946,0.36802576184178376,0.025079900180468018,0.056897473744799726,low_hedge_stable
2024-10-07,QQQ,0.108016149575949,0.06488844378558546,0.19229824971166276,0.13127572911453916,0.29781846406394064,low_hedge_stable
2024-10-07,SPY,0.0994600029706027,0.06421211901013996,0.19029394720466233,0.12990745731088466,0.2947143365170211,low_hedge_stable
2024-10-07,TLT,-0.2760240823421757,-0.3031075194755637,0.0,0.0,0.0,low_hedge_stable
2024-10-07,VIX,0.1810934338698182,0.019609401368633074,0.05811286788664354,0.0029056433943321774,0.006591883043837565,low_hedge_stable
2024-10-07,CASH,0.0,0.0,0.0,0.0,0.0477531421099746,low_hedge_stable
2024-10-08,BTC-USD,0.009251205439428,-0.08137789238374046,0.0,0.0,0.0,low_hedge_stable
2024-10-08,DIA,0.0966650425385586,0.0665491107925425,0.15699302273843832,0.10557548293730659,0.1782402948582567,low_hedge_stable
2024-10-08,ETH-USD,-0.0878373687391677,-0.20510271001931712,0.0,0.0,0.0,low_hedge_stable
2024-10-08,GLD,0.1030019876784167,0.06373594622938505,0.15035661237966555,0.01057514296418001,0.017853734102480735,low_hedge_stable
2024-10-08,QQQ,0.2050227283411697,0.16189502255080615,0.3819192871831258,0.2568350649226533,0.35,low_hedge_stable
2024-10-08,SPY,0.1541507160214237,0.11890283206096094,0.28049833867206186,0.18863097895601227,0.3184606915649785,low_hedge_stable
2024-10-08,TLT,-0.3871392310415183,-0.4142226681749063,0.0,0.0,0.0,low_hedge_stable
2024-10-08,VIX,0.1742996459848653,0.01281561348368019,0.0302327390267084,0.0015116369513354202,0.0025520566747931303,low_hedge_stable
2024-10-08,CASH,0.0,0.0,0.0,0.0,0.132893222799491,low_hedge_stable
2024-10-09,BTC-USD,-0.1059136869063149,-0.19654278472948336,0.0,0.0,0.0,low_hedge_stable
2024-10-09,DIA,0.1663682172004482,0.1362522854544321,0.2393958972745413,0.16885143083154427,0.2958408532176708,low_hedge_stable
2024-10-09,ETH-USD,-0.2365891455429185,-0.35385448682306797,0.0,0.0,0.0,low_hedge_stable
2024-10-09,GLD,0.0916436850536707,0.05237764360463905,0.0920277626612892,0.005823685147218858,0.01020354979723654,low_hedge_stable
2024-10-09,QQQ,0.1958887772429415,0.15276107145257795,0.26840191081595266,0.18931003912410715,0.3316859278084583,low_hedge_stable
2024-10-09,SPY,0.1754658335153558,0.14021794955489303,0.24636358748577655,0.1737659029471996,0.30445139099428226,low_hedge_stable
2024-10-09,TLT,-0.2503348415559958,-0.2774182786893838,0.0,0.0,0.0,low_hedge_stable
2024-10-09,VIX,0.2490255440993088,0.08754151159812368,0.15381084176244014,0.007690542088122008,0.013474428507071798,low_hedge_stable
2024-10-09,CASH,0.0,0.0,0.0,0.0,0.04434384967528031,low_hedge_stable
2024-10-10,BTC-USD,-0.1029722518770436,-0.19360134970021206,0.0,0.0,0.0,low_hedge_stable
2024-10-10,DIA,0.15886407790245,0.1287481461564339,0.21998044461199676,0.15516422552370118,0.28217071384472886,low_hedge_stable
2024-10-10,ETH-USD,-0.2517069415862407,-0.36897228286639017,0.0,0.0,0.0,low_hedge_stable
2024-10-10,GLD,0.0972737341616651,0.05800769271263345,0.09911255746033522,0.006271086155963429,0.011404154863903893,low_hedge_stable
2024-10-10,QQQ,0.1991978922555206,0.15607018646515705,0.2666631717366037,0.18809210332847623,0.3420510293891527,low_hedge_stable
2024-10-10,SPY,0.1739173511606757,0.13866946720021292,0.2369321187098673,0.16712116736626179,0.3039147647284158,low_hedge_stable
2024-10-10,TLT,-0.2587537520574425,-0.2858371891908305,0.0,0.0,0.0,low_hedge_stable
2024-10-10,VIX,0.2652594097639286,0.10377537726274347,0.177311707481197,0.008865585374059851,0.016122328102412608,low_hedge_stable
2024-10-10,CASH,0.0,0.0,0.0,0.0,0.0443370090713861,low_hedge_stable
2024-10-11,BTC-USD,-0.0342632540344807,-0.12489235185764917,0.0,0.0,0.0,low_hedge_stable
2024-10-11,DIA,0.1949536645950869,0.1648377328490708,0.2832161268017874,0.19976780764000435,0.34632533109212515,low_hedge_stable
2024-10-11,ETH-USD,-0.2633347131805736,-0.3806000544607231,0.0,0.0,0.0,low_hedge_stable
2024-10-11,GLD,0.1028771269411235,0.06361108549209185,0.10929345449820764,0.006915255523812382,0.011988559053452693,low_hedge_stable
2024-10-11,QQQ,0.1755484019230475,0.13242069613268395,0.22751876053424253,0.16048141220682044,0.2782168902650009,low_hedge_stable
2024-10-11,SPY,0.1818588162594433,0.14661093229898053,0.25189972996374177,0.17767864199055286,0.30803068443473686,low_hedge_stable
2024-10-11,TLT,-0.3074093620422674,-0.3344927991756554,0.0,0.0,0.0,low_hedge_stable
2024-10-11,VIX,0.236024584004472,0.07454055150328687,0.12807192820202068,0.006403596410101034,0.01110152668294326,low_hedge_stable
2024-10-11,CASH,0.0,0.0,0.0,0.0,0.0443370084717411,low_hedge_stable
2024-10-12,BTC-USD,0.0028411026119928,-0.08778799521117567,0.0,0.0,0.0,low_hedge_stable
2024-10-12,DIA,0.196465743613263,0.1663498118672469,0.32882929373509917,0.2319412663689537,0.35,low_hedge_stable
2024-10-12,ETH-USD,-0.1863311872683538,-0.3035965285485032,0.0,0.0,0.0,low_hedge_stable
2024-10-12,GLD,0.1126048098768943,0.07333876842786265,0.14497122151710903,0.009172672275045417,0.014317158239598683,low_hedge_stable
2024-10-12,QQQ,0.166053194796217,0.12292548900585344,0.24299096751665877,0.17139480513385694,0.26752144554673524,low_hedge_stable
2024-10-12,SPY,0.1785188286669691,0.14327094470650634,0.283208517231133,0.19976244022218978,0.31179904625724814,low_hedge_stable
2024-10-12,TLT,-0.2819555885768832,-0.3090390257102712,0.0,0.0,0.0,low_hedge_stable
2024-10-12,VIX,0.1242356607550129,-0.03724837174617223,0.0,0.0,0.0,low_hedge_stable
2024-10-12,CASH,0.0,0.0,0.0,0.0,0.05636234995641793,low_hedge_stable
2024-10-13,BTC-USD,0.0137940130296834,-0.07683508479348507,0.0,0.0,0.0,low_hedge_stable
2024-10-13,DIA,0.1873535933141541,0.157237661568138,0.3550050679225081,0.2504044700306843,0.35,low_hedge_stable
2024-10-13,ETH-USD,-0.1913388390173738,-0.30860418029752323,0.0,0.0,0.0,low_hedge_stable
2024-10-13,GLD,0.1178952140426153,0.07862917259358365,0.17752588329596541,0.01123248276666328,0.018641745487626673,low_hedge_stable
2024-10-13,QQQ,0.1271420887924266,0.08401438300206306,0.18968440160368505,0.13379477181724697,0.22204958027575245,low_hedge_stable
2024-10-13,SPY,0.1477815126011819,0.11253362864071917,0.25407404358944063,0.17921230422393394,0.29742579917495177,low_hedge_stable
2024-10-13,TLT,-0.286196233559296,-0.31327967069268403,0.0,0.0,0.0,low_hedge_stable
2024-10-13,VIX,0.1719858540228515,0.010501821521666378,0.023710603588400714,0.0011855301794200359,0.001967539352763576,low_hedge_stable
2024-10-13,CASH,0.0,0.0,0.0,0.0,0.10991533570890553,low_hedge_stable
2024-10-14,BTC-USD,0.1175265897732173,0.02689749195004883,0.12997518561406257,0.010398014849125005,0.020920758541491728,low_hedge_stable
2024-10-14,DIA,0.0949022578402141,0.064786326094198,0.3130631947017381,0.21939433072082357,0.35,low_hedge_stable
2024-10-14,ETH-USD,-0.0406722674646319,-0.15793760874478135,0.0,0.0,0.0,low_hedge_stable
2024-10-14,GLD,-0.015028200019943,-0.054294241468974644,0.0,0.0,0.0,low_hedge_stable
2024-10-14,QQQ,0.0598980021152204,0.01677029632485685,0.081038127334476,0.0567914274507898,0.11426409349902004,low_hedge_stable
2024-10-14,SPY,0.0874804891248322,0.05223260516436945,0.2524005793533712,0.17688203889166262,0.35,low_hedge_stable
2024-10-14,TLT,-0.3088167648262701,-0.3359002019596581,0.0,0.0,0.0,low_hedge_stable
2024-10-14,VIX,0.2077405985108155,0.046256566009630386,0.22352291299635216,0.011176145649817608,0.022486354170195552,low_hedge_stable
2024-10-14,CASH,0.0,0.0,0.0,0.0,0.14232879378929278,low_hedge_stable
2024-10-15,BTC-USD,0.1692420284676311,0.07861293064446262,0.33319613054064073,0.026655690443251258,0.04,low_hedge_stable
2024-10-15,DIA,0.0740672707039403,0.043951338957924205,0.18628507998374685,0.1280935396378771,0.35,low_hedge_stable
2024-10-15,ETH-USD,-0.0439007031690219,-0.16116604444917132,0.0,0.0,0.0,low_hedge_stable
2024-10-15,GLD,-0.047628785143945,-0.08689482659297665,0.0,0.0,0.0,low_hedge_stable
2024-10-15,QQQ,-0.0276870168006597,-0.07081472259102325,0.0,0.0,0.0,low_hedge_stable
2024-10-15,SPY,0.0428010493048432,0.007553165344380448,0.03201363243234468,0.02201324709033464,0.10532025827839946,low_hedge_stable
2024-10-15,TLT,-0.2426960654196728,-0.2697795025530608,0.0,0.0,0.0,low_hedge_stable
2024-10-15,VIX,0.267302502683046,0.10581847018186089,0.4485051570432677,0.022425257852163386,0.05,low_hedge_stable
2024-10-15,CASH,0.0,0.0,0.0,0.0,0.45467974172160064,low_hedge_stable
2024-10-16,BTC-USD,0.1486828762029227,0.05805377837975423,0.22378033801301347,0.01790242704104108,0.04,low_hedge_stable
2024-10-16,DIA,0.1192352412564577,0.0891193095104416,0.3435288755070591,0.23605586119689856,0.35,low_hedge_stable
2024-10-16,ETH-USD,-0.0674246894125567,-0.18469003069270612,0.0,0.0,0.0,low_hedge_stable
2024-10-16,GLD,-0.0344206082328057,-0.07368664968183734,0.0,0.0,0.0,low_hedge_stable
2024-10-16,QQQ,-0.0347171760832057,-0.07784488187356926,0.0,0.0,0.0,low_hedge_stable
2024-10-16,SPY,0.0785830364246932,0.04333515246423046,0.167044339523522,0.11478451517675065,0.2863185420453103,low_hedge_stable
2024-10-16,TLT,-0.2154806724020931,-0.2425641095354811,0.0,0.0,0.0,low_hedge_stable
2024-10-16,VIX,0.230398844659881,0.06891481215869588,0.2656464469564054,0.01328232234782027,0.03313143034796758,low_hedge_stable
2024-10-16,CASH,0.0,0.0,0.0,0.0,0.29055002760672205,low_hedge_stable
2024-10-17,BTC-USD,0.1591064967204122,0.06847739889724372,0.2027420480597433,0.016219363844779466,0.032289512631774556,low_hedge_stable
2024-10-17,DIA,0.1666604303257071,0.136544498579691,0.40426931716373277,0.27816799965937256,0.35,low_hedge_stable
2024-10-17,ETH-USD,-0.1228261309220144,-0.24009147220216384,0.0,0.0,0.0,low_hedge_stable
2024-10-17,GLD,0.0860661571538925,0.046800115704860853,0.13856179498982638,0.00928125721613356,0.018477128633843046,low_hedge_stable
2024-10-17,QQQ,0.0271656019392722,-0.015962103851091352,0.0,0.0,0.0,low_hedge_stable
2024-10-17,SPY,0.1211821455750283,0.08593426161456555,0.2544268397866975,0.17506499276188559,0.3485194209380711,low_hedge_stable
2024-10-17,TLT,-0.3133247439039058,-0.3404081810372938,0.0,0.0,0.0,low_hedge_stable
2024-10-17,VIX,0.1525010542124845,-0.008982978288700615,0.0,0.0,0.0,low_hedge_stable
2024-10-17,CASH,0.0,0.0,0.0,0.0,0.25071393779631135,low_hedge_stable
2024-10-18,BTC-USD,0.2078891286422495,0.11726003081908104,0.23393305324261224,0.01871464425940898,0.04,low_hedge_stable
2024-10-18,DIA,0.1716391148142768,0.1415231830682607,0.2823378954321756,0.19391501159666194,0.35,low_hedge_stable
2024-10-18,ETH-USD,-0.1149336272759059,-0.23219896855605535,0.0,0.0,0.0,low_hedge_stable
2024-10-18,GLD,0.1567758601538284,0.11750981870479676,0.23443137856591573,0.015766151953751112,0.03759376960908983,low_hedge_stable
2024-10-18,QQQ,0.0580807341424887,0.014953028352125154,0.029831201247362913,0.020488633759099352,0.04885434184600404,low_hedge_stable
2024-10-18,SPY,0.1452564734117143,0.11000858945125155,0.21946647151193358,0.15073372741258004,0.35,low_hedge_stable
2024-10-18,TLT,-0.3894417644314549,-0.4165252015648429,0.0,0.0,0.0,low_hedge_stable
2024-10-18,VIX,0.069706929835972,-0.0917771026652131,0.0,0.0,0.0,low_hedge_stable
2024-10-18,CASH,0.0,0.0,0.0,0.0,0.17355188854490627,low_hedge_stable
2024-10-19,BTC-USD,0.2329180745806318,0.14228897675746333,0.24422600665988062,0.01953808053279045,0.04,low_hedge_stable
2024-10-19,DIA,0.1872873751696104,0.1571714434235943,0.2697703986848047,0.1852834169120348,0.35,low_hedge_stable
2024-10-19,ETH-USD,-0.1148256208419962,-0.23209096212214564,0.0,0.0,0.0,low_hedge_stable
2024-10-19,GLD,0.195317069359989,0.15605102791095735,0.26784730799509143,0.018013464682416193,0.046058477286647165,low_hedge_stable
2024-10-19,QQQ,0.0540385556448908,0.010910849854527253,0.01872747524060722,0.012862384530073665,0.03288772349878983,low_hedge_stable
2024-10-19,SPY,0.1514374818699624,0.11618959790949965,0.19942881141961624,0.13697148312296892,0.35,low_hedge_stable
2024-10-19,TLT,-0.4133569412000512,-0.4404403783334392,0.0,0.0,0.0,low_hedge_stable
2024-10-19,VIX,0.0276184081456441,-0.13386562435554103,0.0,0.0,0.0,low_hedge_stable
2024-10-19,CASH,0.0,0.0,0.0,0.0,0.1810537992145631,low_hedge_stable
2024-10-20,BTC-USD,0.2765479879312656,0.18591889010809717,0.3880363338295733,0.031042906706365867,0.04,low_hedge_stable
2024-10-20,DIA,0.1373309140855315,0.1072149823395154,0.2237712835658548,0.1540120891698511,0.35,low_hedge_stable
2024-10-20,ETH-USD,0.0469269558125434,-0.07033838546760604,0.0,0.0,0.0,low_hedge_stable
2024-10-20,GLD,0.1810123914337342,0.14174634998470256,0.29584263304179487,0.019804885111641676,0.07032198068681203,low_hedge_stable
2024-10-20,QQQ,0.00323162834901,-0.039896077441353546,0.0,0.0,0.0,low_hedge_stable
2024-10-20,SPY,0.0794951913479538,0.04424730738749105,0.09234974956277696,0.06356033552576049,0.22568617096710425,low_hedge_stable
2024-10-20,TLT,-0.4321995925215568,-0.45928302965494483,0.0,0.0,0.0,low_hedge_stable
2024-10-20,VIX,-0.0102771348688687,-0.1717611673700538,0.0,0.0,0.0,low_hedge_stable
2024-10-20,CASH,0.0,0.0,0.0,0.0,0.31399184834608374,low_hedge_stable
2024-10-21,BTC-USD,0.2715190263211055,0.18088992849793709,0.25792714615979523,0.02063417169278362,0.039999999999999994,low_hedge_stable
2024-10-21,DIA,0.138357117603678,0.1082411858576619,0.15433883133818094,0.10886361001216664,0.26032725259596845,low_hedge_stable
2024-10-21,ETH-USD,0.0945077919055024,-0.022757549374647038,0.0,0.0,0.0,low_hedge_stable
2024-10-21,GLD,0.1970101281460671,0.15774408669703546,0.22492397693558527,0.014231472322648733,0.034031942260013756,low_hedge_stable
2024-10-21,QQQ,0.1611979136348503,0.11807020784448675,0.16835382715168487,0.11874915226575763,0.28396670433756593,low_hedge_stable
2024-10-21,SPY,0.1716242676359978,0.13637638367553503,0.1944562184147537,0.13716059492221594,0.32799427500648226,low_hedge_stable
2024-10-21,TLT,-0.4622808015798916,-0.4893642387132796,0.0,0.0,0.0,low_hedge_stable
2024-10-21,VIX,-0.2031746301617372,-0.3646586626629223,0.0,0.0,0.0,low_hedge_stable
2024-10-21,CASH,0.0,0.0,0.0,0.0,0.053679825799969445,low_hedge_stable
2024-10-22,BTC-USD,0.2080130783157287,0.11738398049256024,0.19720537326836102,0.01577642986146888,0.039999999999999994,low_hedge_stable
2024-10-22,DIA,0.0931010234396046,0.0629850916935885,0.10581510752707268,0.07463717652482357,0.19367461777668013,low_hedge_stable
2024-10-22,ETH-USD,0.0598051003279816,-0.05746024095216784,0.0,0.0,0.0,low_hedge_stable
2024-10-22,GLD,0.2374153364491265,0.19814929500009484,0.3328912984496459,0.021062820268794195,0.054655519605579954,low_hedge_stable
2024-10-22,QQQ,0.1503273412453805,0.10719963545501694,0.18009564878811304,0.1270313005778683,0.32963115340932797,low_hedge_stable
2024-10-22,SPY,0.1447671131811443,0.10951922922068155,0.18399257196680732,0.12978001340337353,0.33676373707131213,low_hedge_stable
2024-10-22,TLT,-0.3940244100494713,-0.4211078471828593,0.0,0.0,0.0,low_hedge_stable
2024-10-22,VIX,-0.1391208339569506,-0.3006048664581357,0.0,0.0,0.0,low_hedge_stable
2024-10-22,CASH,0.0,0.0,0.0,0.0,0.045274972137099745,low_hedge_stable
2024-10-23,BTC-USD,0.1823711434361137,0.09174204561294522,0.23079009912124568,0.018463207929699656,0.04,low_hedge_stable
2024-10-23,DIA,0.0970721517567099,0.0669562200106938,0.16843784711588655,0.11578724384691806,0.29935612293901986,low_hedge_stable
2024-10-23,ETH-USD,-0.0542510406456711,-0.17151638192582053,0.0,0.0,0.0,low_hedge_stable
2024-10-23,GLD,0.1537450859354831,0.11447904448645146,0.287988237539425,0.019330936069759025,0.049978165835572276,low_hedge_stable
2024-10-23,QQQ,0.0758459207767159,0.032718214986352356,0.08230730009692525,0.056579537140173365,0.1462806291370015,low_hedge_stable
2024-10-23,SPY,0.1268652762823208,0.09161739232185806,0.2304765161265175,0.15843375482808733,0.35,low_hedge_stable
2024-10-23,TLT,-0.3274562723125825,-0.3545397094459705,0.0,0.0,0.0,low_hedge_stable
2024-10-23,VIX,0.0455096512421783,-0.1159743812590068,0.0,0.0,0.0,low_hedge_stable
2024-10-23,CASH,0.0,0.0,0.0,0.0,0.11438508208840653,low_hedge_stable
2024-10-24,BTC-USD,0.2814163300799745,0.19078723225680608,0.47168077021434907,0.03773446161714793,0.039999999999999994,low_hedge_stable
2024-10-24,DIA,-0.0170711812293725,-0.04718711297538859,0.0,0.0,0.0,low_hedge_stable
2024-10-24,ETH-USD,-0.0877538452506617,-0.20501918653081114,0.0,0.0,0.0,low_hedge_stable
2024-10-24,GLD,0.2145368272507604,0.17527078580172875,0.43331966329777505,0.027839464342117357,0.20117971465094225,low_hedge_stable
2024-10-24,QQQ,0.0489217108829668,0.005794005092603248,0.014324442743769965,0.010038802131990578,0.07254461952041755,low_hedge_stable
2024-10-24,SPY,0.0678796649086636,0.03263178094820085,0.08067512374410589,0.05653843704273734,0.3499999999999999,low_hedge_stable
2024-10-24,TLT,-0.3262678114054956,-0.3533512485388836,0.0,0.0,0.0,low_hedge_stable
2024-10-24,VIX,0.090560456236562,-0.07092357626462312,0.0,0.0,0.0,low_hedge_stable
2024-10-24,CASH,0.0,0.0,0.0,0.0,0.3362756658286402,low_hedge_stable
2024-10-25,BTC-USD,0.1953524503544603,0.10472335253129184,0.22715698856854893,0.018172559085483916,0.039999999999999994,low_hedge_stable
2024-10-25,DIA,-0.0458891344231115,-0.0760050661691276,0.0,0.0,0.0,low_hedge_stable
2024-10-25,ETH-USD,-0.1982470991380227,-0.3155124404181721,0.0,0.0,0.0,low_hedge_stable
2024-10-25,GLD,0.2241689894285629,0.18490294797953125,0.4010757469584158,0.02577679255252723,0.12017466042165031,low_hedge_stable
2024-10-25,QQQ,0.102657076019453,0.059529370229089454,0.12912604634750974,0.09048028528142207,0.3499999999999999,low_hedge_stable
2024-10-25,SPY,0.0765330742806335,0.04128519032017075,0.08955232313449034,0.0627504672683649,0.29255059875695405,low_hedge_stable
2024-10-25,TLT,-0.3406661574314041,-0.3677495945647921,0.0,0.0,0.0,low_hedge_stable
2024-10-25,VIX,0.2320606958906725,0.07057666338948737,0.1530888949910353,0.007654444749551766,0.035685987564945544,low_hedge_stable
2024-10-25,CASH,0.0,0.0,0.0,0.0,0.16158875325645009,low_hedge_stable
2024-10-26,BTC-USD,0.2138608952778986,0.12323179745473012,0.298893098107475,0.023911447848598,0.04,low_hedge_stable
2024-10-26,DIA,-0.0758138904481622,-0.10592982219417829,0.0,0.0,0.0,low_hedge_stable
2024-10-26,ETH-USD,-0.1343796943274836,-0.251645035607633,0.0,0.0,0.0,low_hedge_stable
2024-10-26,GLD,0.2014414212193751,0.16217537977034346,0.39334897889581744,0.025280199829246675,0.1820392187072286,low_hedge_stable
2024-10-26,QQQ,0.0736218946983158,0.030494188907952257,0.07396226286742846,0.05182631106267135,0.35,low_hedge_stable
2024-10-26,SPY,0.0478631494516148,0.01261526549115205,0.0305977504506003,0.021440238186237876,0.15438818659195447,low_hedge_stable
2024-10-26,TLT,-0.3557124113282485,-0.3827958484616365,0.0,0.0,0.0,low_hedge_stable
2024-10-26,VIX,0.2452612886750414,0.08377725617385628,0.20319790967867882,0.010159895483933942,0.05,low_hedge_stable
2024-10-26,CASH,0.0,0.0,0.0,0.0,0.223572594700817,low_hedge_stable
2024-10-27,BTC-USD,0.269219100419419,0.17859000259625055,0.3539990159892235,0.02831992127913788,0.04,low_hedge_stable
2024-10-27,DIA,0.0059529464934415,-0.02416298525257459,0.0,0.0,0.0,low_hedge_stable
2024-10-27,ETH-USD,-0.0835206909431061,-0.20078603222325553,0.0,0.0,0.0,low_hedge_stable
2024-10-27,GLD,0.1917021559292761,0.15243611448024447,0.3021570846226086,0.019118193824905313,0.06300841502082079,low_hedge_stable
2024-10-27,QQQ,0.1344301050479796,0.09130239925761603,0.18097854876972747,0.12765405817173844,0.35,low_hedge_stable
2024-10-27,SPY,0.1174123027188245,0.08216441875836175,0.16286535061844057,0.1148778299049143,0.35,low_hedge_stable
2024-10-27,TLT,-0.2621122792717821,-0.2891957164051701,0.0,0.0,0.0,low_hedge_stable
2024-10-27,VIX,-0.0357339271823325,-0.19721795968351763,0.0,0.0,0.0,low_hedge_stable
2024-10-27,CASH,0.0,0.0,0.0,0.0,0.1969915849791792,low_hedge_stable
2024-10-28,BTC-USD,0.4160350381855749,0.3254059403624065,0.6662442076808316,0.05329953661446653,0.04,low_hedge_stable
2024-10-28,DIA,-0.0240672895213137,-0.054183221267329794,0.0,0.0,0.0,low_hedge_stable
2024-10-28,ETH-USD,0.0170648108127543,-0.10020053046739513,0.0,0.0,0.0,low_hedge_stable
2024-10-28,GLD,0.1765470632941157,0.13728102184508406,0.2810725751562201,0.017784127012612477,0.15701221003994986,low_hedge_stable
2024-10-28,QQQ,0.0589201713812225,0.015792465590858947,0.03233388644715768,0.022806856666192928,0.2013568035520499,low_hedge_stable
2024-10-28,SPY,0.0451868718285414,0.009938987868078647,0.02034933071579064,0.014353494735205008,0.12672389983343132,low_hedge_stable
2024-10-28,TLT,-0.3319197860499672,-0.3590032231833552,0.0,0.0,0.0,low_hedge_stable
2024-10-28,VIX,-0.0634052618980537,-0.22488929439923883,0.0,0.0,0.0,low_hedge_stable
2024-10-28,CASH,0.0,0.0,0.0,0.0,0.4749070865745689,low_hedge_stable
2024-10-29,BTC-USD,0.4596539668540148,0.36902486903084636,0.730420286678894,0.05843362293431152,0.04,low_hedge_stable
2024-10-29,DIA,-0.0952328019239139,-0.12534873366993,0.0,0.0,0.0,low_hedge_stable
2024-10-29,ETH-USD,0.1006751671981783,-0.016590174081971137,0.0,0.0,0.0,low_hedge_stable
2024-10-29,GLD,0.1754638171899293,0.13619777574089764,0.2695797133211058,0.017056946445411093,0.2159301830798055,low_hedge_stable
2024-10-29,QQQ,0.0285998910635963,-0.014527814726767249,0.0,0.0,0.0,low_hedge_stable
2024-10-29,SPY,-0.014428978205291,-0.049676862165753746,0.0,0.0,0.0,low_hedge_stable
2024-10-29,TLT,-0.2877998674562343,-0.3148833045896223,0.0,0.0,0.0,low_hedge_stable
2024-10-29,VIX,-0.0904736948880425,-0.2519577273892276,0.0,0.0,0.0,low_hedge_stable
2024-10-29,CASH,0.0,0.0,0.0,0.0,0.7440698169201945,low_hedge_stable
2024-10-30,BTC-USD,0.4347808828544789,0.3441517850313105,0.6802357452336452,0.05441885961869161,0.04,low_hedge_stable
2024-10-30,DIA,-0.0996421388094688,-0.12975807055548488,0.0,0.0,0.0,low_hedge_stable
2024-10-30,ETH-USD,0.1460323506358395,0.02876700935569007,0.056859644198651395,0.004548771535892112,0.04,low_hedge_stable
2024-10-30,GLD,0.1722774153055455,0.13301137385651385,0.2629046105677034,0.016634596906184705,0.21027248865762915,low_hedge_stable
2024-10-30,QQQ,-0.0431030815606293,-0.08623078735099286,0.0,0.0,0.0,low_hedge_stable
2024-10-30,SPY,-0.0386094168333902,-0.07385730079385294,0.0,0.0,0.0,low_hedge_stable
2024-10-30,TLT,-0.2458964123994943,-0.27297984953288235,0.0,0.0,0.0,low_hedge_stable
2024-10-30,VIX,-0.0691262475544689,-0.23061028005565404,0.0,0.0,0.0,low_hedge_stable
2024-10-30,CASH,0.0,0.0,0.0,0.0,0.7097275113423709,low_hedge_stable
2024-10-31,BTC-USD,0.2456734854547784,0.15504438763160994,0.4684706025772623,0.037477648206180984,0.04,moderate_hedge_uncertain
2024-10-31,DIA,-0.1573161213388833,-0.1874320530848994,0.0,0.0,0.0,moderate_hedge_uncertain
2024-10-31,ETH-USD,-0.0378372496917241,-0.15510259097187354,0.0,0.0,0.0,moderate_hedge_uncertain
2024-10-31,GLD,0.1164014780928683,0.07713543664383665,0.2330667045521045,0.018493299867327038,0.24648056417757067,moderate_hedge_uncertain
2024-10-31,QQQ,-0.1263494038512555,-0.16947710964161905,0.0,0.0,0.0,moderate_hedge_uncertain
2024-10-31,SPY,-0.1322642047264962,-0.16751208868695897,0.0,0.0,0.0,moderate_hedge_uncertain
2024-10-31,TLT,-0.1105234613347506,-0.13760689846813862,0.0,0.0,0.0,moderate_hedge_uncertain
2024-10-31,VIX,0.2602628356799326,0.09877880317874746,0.2984626928706333,0.014923134643531667,0.05,moderate_hedge_uncertain
2024-10-31,CASH,0.0,0.0,0.0,0.0,0.6635194358224294,moderate_hedge_uncertain
2024-11-01,BTC-USD,0.2503874760539544,0.15975837823078592,0.5167998964690796,0.041343991717526375,0.04,moderate_hedge_uncertain
2024-11-01,DIA,-0.1098681610080334,-0.1399840927540495,0.0,0.0,0.0,moderate_hedge_uncertain
2024-11-01,ETH-USD,-0.0532550410504699,-0.17052038233061934,0.0,0.0,0.0,moderate_hedge_uncertain
2024-11-01,GLD,0.13739975729721,0.09813371584817834,0.31745123324425195,0.026697734171530277,0.329409068480672,moderate_hedge_uncertain
2024-11-01,QQQ,-0.0883761840474768,-0.13150388983784034,0.0,0.0,0.0,moderate_hedge_uncertain
2024-11-01,SPY,-0.1055528052275469,-0.14080068918800967,0.0,0.0,0.0,moderate_hedge_uncertain
2024-11-01,TLT,-0.1737202350992536,-0.20080367223264162,0.0,0.0,0.0,moderate_hedge_uncertain
2024-11-01,VIX,0.2127219891871291,0.051237956685943976,0.16574887028666832,0.008287443514333416,0.05,moderate_hedge_uncertain
2024-11-01,CASH,0.0,0.0,0.0,0.0,0.5805909315193281,moderate_hedge_uncertain
2024-11-02,BTC-USD,0.2804901063919318,0.18986100856876334,0.5864901458014712,0.046919211664117694,0.04,moderate_hedge_uncertain
2024-11-02,DIA,-0.0999528825185476,-0.13006881426456368,0.0,0.0,0.0,moderate_hedge_uncertain
2024-11-02,ETH-USD,-0.0728935238277391,-0.19015886510788854,0.0,0.0,0.0,moderate_hedge_uncertain
2024-11-02,GLD,0.1731291566834189,0.13386311523438726,0.4135098541985287,0.03507480722238921,0.35,moderate_hedge_uncertain
2024-11-02,QQQ,-0.0497664028182651,-0.09289410860862866,0.0,0.0,0.0,moderate_hedge_uncertain
2024-11-02,SPY,-0.0802988986918218,-0.11554678265228455,0.0,0.0,0.0,moderate_hedge_uncertain
2024-11-02,TLT,-0.1875578631870441,-0.2146413003204321,0.0,0.0,0.0,moderate_hedge_uncertain
2024-11-02,VIX,0.1394313148974303,-0.022052717603754816,0.0,0.0,0.0,moderate_hedge_uncertain
2024-11-02,CASH,0.0,0.0,0.0,0.0,0.6100000000000001,moderate_hedge_uncertain
2024-11-03,BTC-USD,0.1921523111327573,0.10152321330958883,0.2789640833995973,0.022317126671967783,0.04,low_hedge_stable
2024-11-03,DIA,-0.0555300519850567,-0.0856459837310728,0.0,0.0,0.0,low_hedge_stable
2024-11-03,ETH-USD,-0.2045899492618562,-0.3218552905420056,0.0,0.0,0.0,low_hedge_stable
2024-11-03,GLD,0.2456639415086483,0.20639790005961664,0.5671372992317852,0.040798088880999964,0.35,low_hedge_stable
2024-11-03,QQQ,-0.0137027146881067,-0.05683042047847025,0.0,0.0,0.0,low_hedge_stable
2024-11-03,SPY,-0.0494129098160325,-0.08466079377649526,0.0,0.0,0.0,low_hedge_stable
2024-11-03,TLT,-0.1637176562863543,-0.1908010934197423,0.0,0.0,0.0,low_hedge_stable
2024-11-03,VIX,0.2174922539494789,0.056008221448293795,0.15389861736861746,0.007694930868430873,0.05,low_hedge_stable
2024-11-03,CASH,0.0,0.0,0.0,0.0,0.56,low_hedge_stable
2024-11-04,BTC-USD,0.160013001679665,0.06938390385649654,0.18119141126673613,0.01449531290133889,0.04,low_hedge_stable
2024-11-04,DIA,-0.0526982186810282,-0.08281415042704429,0.0,0.0,0.0,low_hedge_stable
2024-11-04,ETH-USD,-0.2942672292733916,-0.4115325705535411,0.0,0.0,0.0,low_hedge_stable
2024-11-04,GLD,0.2887574066973807,0.24949136524834908,0.6515299666866526,0.0432961982756643,0.35,low_hedge_stable
2024-11-04,QQQ,0.0401494853730052,-0.002978220417358348,0.0,0.0,0.0,low_hedge_stable
2024-11-04,SPY,-0.0198396844535396,-0.05508756841400235,0.0,0.0,0.0,low_hedge_stable
2024-11-04,TLT,-0.130636568298924,-0.15772000543231202,0.0,0.0,0.0,low_hedge_stable
2024-11-04,VIX,0.2255402907321184,0.06405625823093328,0.16727862204661106,0.008363931102330554,0.05,low_hedge_stable
2024-11-04,CASH,0.0,0.0,0.0,0.0,0.56,low_hedge_stable
2024-11-05,BTC-USD,0.2577901626685284,0.16716106484535992,0.29013051852841515,0.023210441482273213,0.04,low_hedge_stable
2024-11-05,DIA,-0.0166305650944527,-0.04674649684046879,0.0,0.0,0.0,low_hedge_stable
2024-11-05,ETH-USD,-0.2219813655022197,-0.3392467067823691,0.0,0.0,0.0,low_hedge_stable
2024-11-05,GLD,0.2891270233476845,0.24986098189865286,0.4336673513376902,0.030821511022771177,0.12262467037068635,low_hedge_stable
2024-11-05,QQQ,0.1632894068814825,0.12016170109111894,0.20855679925869106,0.13953908061846923,0.35,low_hedge_stable
2024-11-05,SPY,0.0742222931273091,0.03897440916684636,0.06764533087520369,0.045259455994766475,0.18006663814809384,low_hedge_stable
2024-11-05,TLT,-0.1306710621250129,-0.1577544992584009,0.0,0.0,0.0,low_hedge_stable
2024-11-05,VIX,-0.0669326109152664,-0.22841664341645151,0.0,0.0,0.0,low_hedge_stable
2024-11-05,CASH,0.0,0.0,0.0,0.0,0.30730869148121986,low_hedge_stable
2024-11-06,BTC-USD,0.3715182349560322,0.2808891371328638,0.4760828977752147,0.03808663182201717,0.04,moderate_hedge_uncertain
2024-11-06,DIA,0.1141091968713085,0.0839932651252924,0.14236135103913405,0.0715921372971249,0.1885761966008735,moderate_hedge_uncertain
2024-11-06,ETH-USD,0.0888591807968418,-0.028406160483307644,0.0,0.0,0.0,moderate_hedge_uncertain
2024-11-06,GLD,-0.0149893215702714,-0.054255363019303046,0.0,0.0,0.0,moderate_hedge_uncertain
2024-11-06,QQQ,0.1723400551585757,0.12921234936821216,0.21900380464504826,0.11013488096520656,0.290099133083748,moderate_hedge_uncertain
2024-11-06,SPY,0.1311536100775467,0.09590572611708395,0.16255194654060312,0.0817457911835265,0.2153212764907595,moderate_hedge_uncertain
2024-11-06,TLT,-0.1865993676455405,-0.2136828047789285,0.0,0.0,0.0,moderate_hedge_uncertain
2024-11-06,VIX,-0.3644518141878595,-0.5259358466890447,0.0,0.0,0.0,moderate_hedge_uncertain
2024-11-06,CASH,0.0,0.0,0.0,0.0,0.26600339382461896,moderate_hedge_uncertain
2024-11-07,BTC-USD,0.309559710004482,0.21893061218131357,0.3970215460737365,0.03176172368589892,0.04,moderate_hedge_uncertain
2024-11-07,DIA,0.0805536692992774,0.05043773755326131,0.09146673616969107,0.045330082294478366,0.12236504177693198,moderate_hedge_uncertain
2024-11-07,ETH-USD,0.1690724747473062,0.05180713346715676,0.0939500786200907,0.007516006289607255,0.020288876107677024,moderate_hedge_uncertain
2024-11-07,GLD,-0.0120406973420571,-0.05130673879108874,0.0,0.0,0.0,moderate_hedge_uncertain
2024-11-07,QQQ,0.1854326853515728,0.14230497956120927,0.25806415300475316,0.12789424639857933,0.3452405998719681,moderate_hedge_uncertain
2024-11-07,SPY,0.1231999929216087,0.08795210896114596,0.15949748613172854,0.07904550304167801,0.21337720543145197,moderate_hedge_uncertain
2024-11-07,TLT,-0.1587333753858336,-0.1858168125192216,0.0,0.0,0.0,moderate_hedge_uncertain
2024-11-07,VIX,-0.387780297616946,-0.5492643301181311,0.0,0.0,0.0,moderate_hedge_uncertain
2024-11-07,CASH,0.0,0.0,0.0,0.0,0.25872827681197097,moderate_hedge_uncertain
2024-11-08,BTC-USD,0.3081246046888355,0.21749550686566707,0.38984320123191263,0.031187456098553012,0.039999999999999994,moderate_hedge_uncertain
2024-11-08,DIA,0.0853729654362703,0.05525703369025421,0.09904378814452103,0.048911144255528595,0.13945418465464554,moderate_hedge_uncertain
2024-11-08,ETH-USD,0.1942299800571877,0.07696463877703827,0.13795292415410684,0.011036233932328547,0.031466223661632,moderate_hedge_uncertain
2024-11-08,GLD,-0.057471898083674,-0.09673793953270564,0.0,0.0,0.0,moderate_hedge_uncertain
2024-11-08,QQQ,0.1656544455885684,0.12252673979820485,0.21961932532677042,0.10845538830446842,0.3092251873803391,moderate_hedge_uncertain
2024-11-08,SPY,0.1209090563593719,0.08566117239890915,0.15354076114268916,0.07582357720804891,0.21618621477970884,moderate_hedge_uncertain
2024-11-08,TLT,-0.122996531759427,-0.15007996889281502,0.0,0.0,0.0,moderate_hedge_uncertain
2024-11-08,VIX,-0.3896595838749501,-0.5511436163761353,0.0,0.0,0.0,moderate_hedge_uncertain
2024-11-08,CASH,0.0,0.0,0.0,0.0,0.2636681895236746,moderate_hedge_uncertain
2024-11-09,BTC-USD,0.2843681935050614,0.19373909568189293,0.35122325919610753,0.028097860735688603,0.04,moderate_hedge_uncertain
2024-11-09,DIA,0.0768222758408551,0.04670634409483901,0.08467240099571394,0.04181407058684936,0.13080691609200729,moderate_hedge_uncertain
2024-11-09,ETH-USD,0.247185930389353,0.12992058910920357,0.23552877948050382,0.018842302358440307,0.04,moderate_hedge_uncertain
2024-11-09,GLD,-0.0666258749579834,-0.10589191640701505,0.0,0.0,0.0,moderate_hedge_uncertain
2024-11-09,QQQ,0.1511398296273537,0.10801212383699015,0.1958116405632982,0.09669835346531606,0.30250136450362586,moderate_hedge_uncertain
2024-11-09,SPY,0.1084821048751201,0.07323422091465735,0.13276391976437651,0.06556327501207215,0.20510152905128867,moderate_hedge_uncertain
2024-11-09,TLT,-0.1379666434661778,-0.1650500805995658,0.0,0.0,0.0,moderate_hedge_uncertain
2024-11-09,VIX,-0.3773581702036579,-0.5388422027048431,0.0,0.0,0.0,moderate_hedge_uncertain
2024-11-09,CASH,0.0,0.0,0.0,0.0,0.2815901903530782,moderate_hedge_uncertain
2024-11-10,BTC-USD,0.36040303520452,0.2697739373813516,0.5110441989816731,0.040883535918533845,0.04,moderate_hedge_uncertain
2024-11-10,DIA,0.0609442913857748,0.030828359639758704,0.05839946775788314,0.028912507877665375,0.14112175307407573,moderate_hedge_uncertain
2024-11-10,ETH-USD,0.2721936528190027,0.15492831153885325,0.29348726433137434,0.02347898114650995,0.04,moderate_hedge_uncertain
2024-11-10,GLD,-0.0929778832039172,-0.13224392465294885,0.0,0.0,0.0,moderate_hedge_uncertain
2024-11-10,QQQ,0.0857041899208782,0.04257648413051465,0.08065443770862521,0.03993053627281594,0.19490067426356977,moderate_hedge_uncertain
2024-11-10,SPY,0.065028472842173,0.02978058888171025,0.05641463122044413,0.02792985162705533,0.13632541464013403,moderate_hedge_uncertain
2024-11-10,TLT,-0.1097867058799311,-0.13687014301331912,0.0,0.0,0.0,moderate_hedge_uncertain
2024-11-10,VIX,-0.3548013918653411,-0.5162854243665262,0.0,0.0,0.0,moderate_hedge_uncertain
2024-11-10,CASH,0.0,0.0,0.0,0.0,0.44765215802222047,moderate_hedge_uncertain
2024-11-11,BTC-USD,0.4187839645354296,0.3281548667122612,0.6475211781569322,0.05180169425255458,0.04,moderate_hedge_uncertain
2024-11-11,DIA,0.0301342980365801,1.8366290564008096e-05,3.624070008020611e-05,1.7964052524169956e-05,0.00017671197929874715,moderate_hedge_uncertain
2024-11-11,ETH-USD,0.2958784154778126,0.17861307419766312,0.35244258114298754,0.028195406491439003,0.04,moderate_hedge_uncertain
2024-11-11,GLD,-0.1737367775005674,-0.21300281894959905,0.0,0.0,0.0,moderate_hedge_uncertain
2024-11-11,QQQ,0.0277198415059288,-0.015407864284434749,0.0,0.0,0.0,moderate_hedge_uncertain
2024-11-11,SPY,0.0208370179120187,-0.014410866048444056,0.0,0.0,0.0,moderate_hedge_uncertain
2024-11-11,TLT,-0.1157641460678018,-0.14284758320118982,0.0,0.0,0.0,moderate_hedge_uncertain
2024-11-11,VIX,-0.2755352403927962,-0.43701927289398135,0.0,0.0,0.0,moderate_hedge_uncertain
2024-11-11,CASH,0.0,0.0,0.0,0.0,0.9198232880207012,moderate_hedge_uncertain
2024-11-12,BTC-USD,0.4424750303084545,0.35184593248528606,0.6992347349217994,0.055938778793743954,0.04,moderate_hedge_uncertain
2024-11-12,DIA,0.0336934352095436,0.003577503463527503,0.007109687664518005,0.0036530958997237706,0.03205082466160763,moderate_hedge_uncertain
2024-11-12,ETH-USD,0.2549433292472624,0.13767798796711295,0.27361189240059447,0.021888951392047558,0.04,moderate_hedge_uncertain
2024-11-12,GLD,-0.1767221014177855,-0.21598814286681714,0.0,0.0,0.0,moderate_hedge_uncertain
2024-11-12,QQQ,0.0522428560748532,0.009115150284489648,0.01811483124993643,0.009307752869874782,0.08166255784538518,moderate_hedge_uncertain
2024-11-12,SPY,0.0362184583856588,0.0009705744251960438,0.0019288537631516165,0.0009910826052882075,0.008695368443424532,moderate_hedge_uncertain
2024-11-12,TLT,-0.1460186761571175,-0.1731021132905055,0.0,0.0,0.0,moderate_hedge_uncertain
2024-11-12,VIX,-0.2811551486462457,-0.44263918114743084,0.0,0.0,0.0,moderate_hedge_uncertain
2024-11-12,CASH,0.0,0.0,0.0,0.0,0.7975912490495827,moderate_hedge_uncertain
2024-11-13,BTC-USD,0.4711902812744311,0.38056118345126266,0.6995444276759628,0.055963554214077026,0.04,moderate_hedge_uncertain
2024-11-13,DIA,0.0664576339622778,0.036341702216261706,0.06680301718396581,0.034311830940097716,0.19973254142067212,moderate_hedge_uncertain
2024-11-13,ETH-USD,0.2075784909117567,0.09031314963160728,0.16601288654219074,0.01328103092337526,0.04,moderate_hedge_uncertain
2024-11-13,GLD,-0.1756037174557647,-0.21486975890479634,0.0,0.0,0.0,moderate_hedge_uncertain
2024-11-13,QQQ,0.0585298327856307,0.015402126995267154,0.028312062770522978,0.014541838861445701,0.08464947375723376,moderate_hedge_uncertain
2024-11-13,SPY,0.0566426083322745,0.021394724371811745,0.039327605827357705,0.020199718804781552,0.11758454918670892,moderate_hedge_uncertain
2024-11-13,TLT,-0.1541106054971619,-0.18119404263054992,0.0,0.0,0.0,moderate_hedge_uncertain
2024-11-13,VIX,-0.2968966118242666,-0.4583806443254517,0.0,0.0,0.0,moderate_hedge_uncertain
2024-11-13,CASH,0.0,0.0,0.0,0.0,0.5180334356353852,moderate_hedge_uncertain
2024-11-14,BTC-USD,0.4732320392619256,0.38260294143875717,0.7525814193467905,0.060206513547743236,0.04,moderate_hedge_uncertain
2024-11-14,DIA,0.0878825278025578,0.057766596056541705,0.11362711088310781,0.05702905233431266,0.3018995751675878,moderate_hedge_uncertain
2024-11-14,ETH-USD,0.1588706991652172,0.04160535788506778,0.08183789484688912,0.00654703158775113,0.034658581443086964,moderate_hedge_uncertain
2024-11-14,GLD,-0.1777635817835711,-0.21702962323260275,0.0,0.0,0.0,moderate_hedge_uncertain
2024-11-14,QQQ,0.0475310130406836,0.00440330725032005,0.008661321859691765,0.004347087361297327,0.023012548409513573,moderate_hedge_uncertain
2024-11-14,SPY,0.0572571216825298,0.022009237722067046,0.043292253063520886,0.021728231462029346,0.1150245984989457,moderate_hedge_uncertain
2024-11-14,TLT,-0.1064851350868886,-0.13356857222027663,0.0,0.0,0.0,moderate_hedge_uncertain
2024-11-14,VIX,-0.2972147633347177,-0.45869879583590284,0.0,0.0,0.0,moderate_hedge_uncertain
2024-11-14,CASH,0.0,0.0,0.0,0.0,0.48540469648086604,moderate_hedge_uncertain
2024-11-15,BTC-USD,0.4889910355313295,0.3983619377081611,0.9171368847065806,0.07337095077652644,0.04,moderate_hedge_uncertain
2024-11-15,DIA,0.0408211859860632,0.010705254240047103,0.024646389612908975,0.011557612544416573,0.09809475074212687,moderate_hedge_uncertain
2024-11-15,ETH-USD,0.14255200026839,0.02528665898824055,0.058216725680510416,0.004657338054440833,0.03952896100439902,moderate_hedge_uncertain
2024-11-15,GLD,-0.1873049891067898,-0.22657103055582145,0.0,0.0,0.0,moderate_hedge_uncertain
2024-11-15,QQQ,-0.0476629348237208,-0.09079064061408436,0.0,0.0,0.0,moderate_hedge_uncertain
2024-11-15,SPY,-0.0113115844296251,-0.04655946839008785,0.0,0.0,0.0,moderate_hedge_uncertain
2024-11-15,TLT,-0.1137411462401524,-0.14082458337354042,0.0,0.0,0.0,moderate_hedge_uncertain
2024-11-15,VIX,-0.1570425118541233,-0.3185265443553084,0.0,0.0,0.0,moderate_hedge_uncertain
2024-11-15,CASH,0.0,0.0,0.0,0.0,0.8223762882534741,moderate_hedge_uncertain
2024-11-16,BTC-USD,0.4077897674077096,0.3171606695845412,0.9261975482573339,0.07409580386058671,0.04,moderate_hedge_uncertain
2024-11-16,DIA,0.0553883318465412,0.025272400100525103,0.07380245174266603,0.034608716281519576,0.24207793090387095,moderate_hedge_uncertain
2024-11-16,ETH-USD,0.1117174872906768,-0.005547853989472633,0.0,0.0,0.0,moderate_hedge_uncertain
2024-11-16,GLD,-0.1536132345984444,-0.19287927604747604,0.0,0.0,0.0,moderate_hedge_uncertain
2024-11-16,QQQ,-0.0370979940228725,-0.08022569981323606,0.0,0.0,0.0,moderate_hedge_uncertain
2024-11-16,SPY,0.0047317567024725,-0.030516127257990255,0.0,0.0,0.0,moderate_hedge_uncertain
2024-11-16,TLT,-0.0919104789456544,-0.11899391607904242,0.0,0.0,0.0,moderate_hedge_uncertain
2024-11-16,VIX,-0.1299828904228136,-0.29146692292399873,0.0,0.0,0.0,moderate_hedge_uncertain
2024-11-16,CASH,0.0,0.0,0.0,0.0,0.7179220690961291,moderate_hedge_uncertain
2024-11-17,BTC-USD,0.39727457063055,0.3066454728073816,0.9161068048690355,0.07328854438952284,0.04,moderate_hedge_uncertain
2024-11-17,DIA,0.0581972300722895,0.02808129832627341,0.08389319513096448,0.03942382193017606,0.26629986850273824,moderate_hedge_uncertain
2024-11-17,ETH-USD,0.1128062005630375,-0.004459140717111939,0.0,0.0,0.0,moderate_hedge_uncertain
2024-11-17,GLD,-0.1617147738447368,-0.20098081529376843,0.0,0.0,0.0,moderate_hedge_uncertain
2024-11-17,QQQ,-0.0363162352012585,-0.07944394099162205,0.0,0.0,0.0,moderate_hedge_uncertain
2024-11-17,SPY,0.0025117703369296,-0.03273611362353315,0.0,0.0,0.0,moderate_hedge_uncertain
2024-11-17,TLT,-0.0703759882884314,-0.09745942542181943,0.0,0.0,0.0,moderate_hedge_uncertain
2024-11-17,VIX,-0.1318323697610792,-0.2933164022622643,0.0,0.0,0.0,moderate_hedge_uncertain
2024-11-17,CASH,0.0,0.0,0.0,0.0,0.6937001314972617,moderate_hedge_uncertain
2024-11-18,BTC-USD,0.3255686824103663,0.23493958458719785,0.7771127738745073,0.062169021909960584,0.04,moderate_hedge_uncertain
2024-11-18,DIA,0.0330838728657715,0.002967941119755408,0.009817098128958793,0.004595274686847311,0.041643864577864724,moderate_hedge_uncertain
2024-11-18,ETH-USD,0.1816814840104586,0.06441614273030918,0.2130701279965339,0.017045610239722713,0.04,moderate_hedge_uncertain
2024-11-18,GLD,-0.1273146772105359,-0.16658071865956756,0.0,0.0,0.0,moderate_hedge_uncertain
2024-11-18,QQQ,-0.0669176399034485,-0.11004534569381204,0.0,0.0,0.0,moderate_hedge_uncertain
2024-11-18,SPY,-0.0193396315452431,-0.054587515505705855,0.0,0.0,0.0,moderate_hedge_uncertain
2024-11-18,TLT,-0.0750201479157303,-0.10210358504911832,0.0,0.0,0.0,moderate_hedge_uncertain
2024-11-18,VIX,-0.1237862472134516,-0.2852702797146367,0.0,0.0,0.0,moderate_hedge_uncertain
2024-11-18,CASH,0.0,0.0,0.0,0.0,0.8783561354221353,moderate_hedge_uncertain
2024-11-19,BTC-USD,0.4173313213709952,0.3267022235478268,0.9916761488170878,0.07933409190536703,0.04,moderate_hedge_uncertain
2024-11-19,DIA,0.0147306222609367,-0.015385309485079395,0.0,0.0,0.0,moderate_hedge_uncertain
2024-11-19,ETH-USD,0.1200075880238898,0.0027422467437403656,0.008323851182912264,0.0006659080946329811,0.006329702767040981,moderate_hedge_uncertain
2024-11-19,GLD,-0.1382281307538997,-0.17749417220293134,0.0,0.0,0.0,moderate_hedge_uncertain
2024-11-19,QQQ,-0.0298819816455328,-0.07300968743589635,0.0,0.0,0.0,moderate_hedge_uncertain
2024-11-19,SPY,-0.0024632870800704,-0.03771117104053315,0.0,0.0,0.0,moderate_hedge_uncertain
2024-11-19,TLT,-0.0968921434241856,-0.12397558055757363,0.0,0.0,0.0,moderate_hedge_uncertain
2024-11-19,VIX,-0.1256630651146871,-0.2871470976158722,0.0,0.0,0.0,moderate_hedge_uncertain
2024-11-19,CASH,0.0,0.0,0.0,0.0,0.953670297232959,moderate_hedge_uncertain
2024-11-20,BTC-USD,0.4237598117129345,0.33313071388976606,0.9688896607671327,0.07751117286137062,0.04,moderate_hedge_uncertain
2024-11-20,DIA,0.019192859150787,-0.010923072595229094,0.0,0.0,0.0,moderate_hedge_uncertain
2024-11-20,ETH-USD,0.0588164304589186,-0.05844891082123084,0.0,0.0,0.0,moderate_hedge_uncertain
2024-11-20,GLD,-0.0583879078023309,-0.09765394925136255,0.0,0.0,0.0,moderate_hedge_uncertain
2024-11-20,QQQ,0.0376040347839061,-0.005523671006457448,0.0,0.0,0.0,moderate_hedge_uncertain
2024-11-20,SPY,0.0459444678313157,0.010696583870852948,0.031110339232867348,0.017412667749139906,0.15612971654581956,moderate_hedge_uncertain
2024-11-20,TLT,-0.1302864320181553,-0.1573698691515433,0.0,0.0,0.0,moderate_hedge_uncertain
2024-11-20,VIX,-0.1620867151038937,-0.3235707476050788,0.0,0.0,0.0,moderate_hedge_uncertain
2024-11-20,CASH,0.0,0.0,0.0,0.0,0.8038702834541804,moderate_hedge_uncertain
2024-11-21,BTC-USD,0.4701588080524046,0.3795297102292362,0.773318623333153,0.061865489866652246,0.04,moderate_hedge_uncertain
2024-11-21,DIA,-0.0053977755126103,-0.03551370725862639,0.0,0.0,0.0,moderate_hedge_uncertain
2024-11-21,ETH-USD,0.228516143478494,0.11125080219834457,0.22668137666684687,0.01813451013334775,0.04,moderate_hedge_uncertain
2024-11-21,GLD,-0.0834454612090914,-0.12271150265812304,0.0,0.0,0.0,moderate_hedge_uncertain
2024-11-21,QQQ,-0.0247478497078397,-0.06787555549820325,0.0,0.0,0.0,moderate_hedge_uncertain
2024-11-21,SPY,-0.0018941703893425,-0.03714205434980525,0.0,0.0,0.0,moderate_hedge_uncertain
2024-11-21,TLT,-0.1528219475391095,-0.1799053846724975,0.0,0.0,0.0,moderate_hedge_uncertain
2024-11-21,VIX,-0.225158504407154,-0.3866425369083391,0.0,0.0,0.0,moderate_hedge_uncertain
2024-11-21,CASH,0.0,0.0,0.0,0.0,0.92,moderate_hedge_uncertain
2024-11-22,BTC-USD,0.4575692349915504,0.366940137168382,0.7372817427275016,0.05898253941820013,0.04,moderate_hedge_uncertain
2024-11-22,DIA,0.0632325629100343,0.03311663116401821,0.0665402474809319,0.03718147929779486,0.26608377883683904,moderate_hedge_uncertain
2024-11-22,ETH-USD,0.2076820678444222,0.09041672656427277,0.18167159975315753,0.014533727980252603,0.04,moderate_hedge_uncertain
2024-11-22,GLD,-0.035578354107043,-0.07484439555607464,0.0,0.0,0.0,moderate_hedge_uncertain
2024-11-22,QQQ,0.0104261633653177,-0.032701542425045846,0.0,0.0,0.0,moderate_hedge_uncertain
2024-11-22,SPY,0.0424676261306985,0.00721974217023575,0.014506410038409153,0.00810591792107473,0.05800880739860008,moderate_hedge_uncertain
2024-11-22,TLT,-0.1096887186759981,-0.13677215580938612,0.0,0.0,0.0,moderate_hedge_uncertain
2024-11-22,VIX,-0.3528355103004051,-0.5143195428015903,0.0,0.0,0.0,moderate_hedge_uncertain
2024-11-22,CASH,0.0,0.0,0.0,0.0,0.5959074137645609,moderate_hedge_uncertain
2024-11-23,BTC-USD,0.4532807063919364,0.362651608568768,0.7069766883649526,0.056558135069196214,0.04,moderate_hedge_uncertain
2024-11-23,DIA,0.0639172950163285,0.0338013632703124,0.06589458119702445,0.036820692729187594,0.2806385670997267,moderate_hedge_uncertain
2024-11-23,ETH-USD,0.2337735668003254,0.11650822552017598,0.22712873043802284,0.018170298435041827,0.04,moderate_hedge_uncertain
2024-11-23,GLD,-0.0522222030491785,-0.09148824449821015,0.0,0.0,0.0,moderate_hedge_uncertain
2024-11-23,QQQ,-0.0057892389260734,-0.04891694471643695,0.0,0.0,0.0,moderate_hedge_uncertain
2024-11-23,SPY,0.0308282927737159,-0.004419591186746855,0.0,0.0,0.0,moderate_hedge_uncertain
2024-11-23,TLT,-0.1234670249192884,-0.15055046205267641,0.0,0.0,0.0,moderate_hedge_uncertain
2024-11-23,VIX,-0.3336962114880605,-0.49518024398924565,0.0,0.0,0.0,moderate_hedge_uncertain
2024-11-23,CASH,0.0,0.0,0.0,0.0,0.6393614329002735,moderate_hedge_uncertain
2024-11-24,BTC-USD,0.4136419942298014,0.323012896406633,0.610893060760245,0.048871444860819596,0.04,moderate_hedge_uncertain
2024-11-24,DIA,0.089568139527614,0.059452207781597904,0.11243805304582444,0.06325557390805643,0.35,moderate_hedge_uncertain
2024-11-24,ETH-USD,0.2554516340241287,0.13818629274397926,0.26134265309088517,0.020907412247270815,0.04,moderate_hedge_uncertain
2024-11-24,GLD,-0.0580719702840504,-0.09733801173308204,0.0,0.0,0.0,moderate_hedge_uncertain
2024-11-24,QQQ,0.0036765460455621,-0.03945115974480145,0.0,0.0,0.0,moderate_hedge_uncertain
2024-11-24,SPY,0.0433517097584789,0.008103825798016148,0.015326233103045418,0.008622255940225863,0.05198069014879942,moderate_hedge_uncertain
2024-11-24,TLT,-0.1233835795361047,-0.15046701666949272,0.0,0.0,0.0,moderate_hedge_uncertain
2024-11-24,VIX,-0.3474715144064426,-0.5089555469076278,0.0,0.0,0.0,moderate_hedge_uncertain
2024-11-24,CASH,0.0,0.0,0.0,0.0,0.5180193098512006,moderate_hedge_uncertain
2024-11-25,BTC-USD,0.2990175261050467,0.20838842828187829,0.3839154946208475,0.030713239569667802,0.04,moderate_hedge_uncertain
2024-11-25,DIA,0.1355163187402105,0.1054003869941944,0.1941798882007488,0.11495315208696018,0.35,moderate_hedge_uncertain
2024-11-25,ETH-USD,0.3074385092828409,0.19017316800269143,0.35035739008794037,0.02802859120703523,0.04,moderate_hedge_uncertain
2024-11-25,GLD,-0.1316360842024002,-0.17090212565143184,0.0,0.0,0.0,moderate_hedge_uncertain
2024-11-25,QQQ,0.0272594641059445,-0.01586824168441905,0.0,0.0,0.0,moderate_hedge_uncertain
2024-11-25,SPY,0.0740835506897592,0.03883566672929646,0.07154722709046316,0.0423554640665334,0.17318795109075397,moderate_hedge_uncertain
2024-11-25,TLT,-0.0282040417189368,-0.05528747885232482,0.0,0.0,0.0,moderate_hedge_uncertain
2024-11-25,VIX,-0.3711892471020157,-0.5326732796032009,0.0,0.0,0.0,moderate_hedge_uncertain
2024-11-25,CASH,0.0,0.0,0.0,0.0,0.39681204890924615,moderate_hedge_uncertain
2024-11-26,BTC-USD,0.3104317393350924,0.21980264151192394,0.35672365053867866,0.028537892043094294,0.04,low_hedge_stable
2024-11-26,DIA,0.1902518788898288,0.1601359471438127,0.2598889588163155,0.1833138816204854,0.35,low_hedge_stable
2024-11-26,ETH-USD,0.2386883980379656,0.12142305675781617,0.19706076218316793,0.015764860974653433,0.04,low_hedge_stable
2024-11-26,GLD,-0.1014418886264688,-0.14070793007550045,0.0,0.0,0.0,low_hedge_stable
2024-11-26,QQQ,0.0499945342281127,0.006866828437749153,0.011144361555836011,0.007860727074697715,0.02193803759566882,low_hedge_stable
2024-11-26,SPY,0.1234387822125846,0.08819089825212185,0.14312739352168086,0.10095557037967898,0.2817509216940668,low_hedge_stable
2024-11-26,TLT,0.0468347091125923,0.01975127197920428,0.0320548733843212,0.005995414984486496,0.016732248567014246,low_hedge_stable
2024-11-26,VIX,-0.4157186067980609,-0.5772026392992461,0.0,0.0,0.0,low_hedge_stable
2024-11-26,CASH,0.0,0.0,0.0,0.0,0.24957879214325018,low_hedge_stable
2024-11-27,BTC-USD,0.3250864134803298,0.23445731565716135,0.417985957360586,0.03343887658884688,0.04,low_hedge_stable
2024-11-27,DIA,0.1203372534774738,0.09022132173145771,0.16084482342792245,0.11345264158269128,0.35,low_hedge_stable
2024-11-27,ETH-USD,0.3496450639904787,0.23237972271032922,0.4142820649294492,0.03314256519435593,0.04,low_hedge_stable
2024-11-27,GLD,-0.1566362705922473,-0.19590231204127895,0.0,0.0,0.0,low_hedge_stable
2024-11-27,QQQ,-0.0646520332774181,-0.10777973906778164,0.0,0.0,0.0,low_hedge_stable
2024-11-27,SPY,0.0320941420509342,-0.0031537419095285543,0.0,0.0,0.0,low_hedge_stable
2024-11-27,TLT,0.0309465901342229,0.003863153000834881,0.006887154282042413,0.0012881457228859031,0.006789201749336961,low_hedge_stable
2024-11-27,VIX,-0.3129831283010458,-0.47446716080223095,0.0,0.0,0.0,low_hedge_stable
2024-11-27,CASH,0.0,0.0,0.0,0.0,0.5632107982506631,low_hedge_stable
2024-11-28,BTC-USD,0.3631328325921792,0.2725037347690108,0.48780174455254205,0.039024139564203364,0.04,low_hedge_stable
2024-11-28,DIA,0.1259553640667876,0.0958394323207715,0.17155963870596505,0.12101038614735077,0.35,low_hedge_stable
2024-11-28,ETH-USD,0.3075584189602111,0.19029307768006162,0.34063861674149276,0.027251089339319422,0.04,low_hedge_stable
2024-11-28,GLD,-0.1427358408720351,-0.18200188232106676,0.0,0.0,0.0,low_hedge_stable
2024-11-28,QQQ,-0.0618911722567139,-0.10501887804707745,0.0,0.0,0.0,low_hedge_stable
2024-11-28,SPY,0.0300963098952626,-0.005151574065200157,0.0,0.0,0.0,low_hedge_stable
2024-11-28,TLT,0.0250475723220026,-0.00203586481138542,0.0,0.0,0.0,low_hedge_stable
2024-11-28,VIX,-0.316229043666483,-0.47771307616766817,0.0,0.0,0.0,low_hedge_stable
2024-11-28,CASH,0.0,0.0,0.0,0.0,0.5700000000000001,low_hedge_stable
2024-11-29,BTC-USD,0.4120203382234045,0.3213912404002361,0.5474498184506305,0.04379598547605044,0.04,low_hedge_stable
2024-11-29,DIA,0.1399785785292406,0.1098626467832245,0.1871372908641906,0.1319981552505055,0.35,low_hedge_stable
2024-11-29,ETH-USD,0.2333877903872351,0.11612244910708566,0.19780008192678147,0.015824006554142518,0.04,low_hedge_stable
2024-11-29,GLD,-0.1119640866762079,-0.15123012812523956,0.0,0.0,0.0,low_hedge_stable
2024-11-29,QQQ,-0.0330441791319818,-0.07617188492234535,0.0,0.0,0.0,low_hedge_stable
2024-11-29,SPY,0.053012689967167,0.01776480600670425,0.030260127223970743,0.021344120954003072,0.09273889360473188,low_hedge_stable
2024-11-29,TLT,0.0490120673859287,0.02192863025254068,0.03735268153442672,0.006986295796594184,0.03035502581566941,low_hedge_stable
2024-11-29,VIX,-0.3703620097283975,-0.5318460422295826,0.0,0.0,0.0,low_hedge_stable
2024-11-29,CASH,0.0,0.0,0.0,0.0,0.4469060805795988,low_hedge_stable
2024-11-30,BTC-USD,0.3920038109170449,0.3013747130938765,0.5064322286963178,0.04051457829570542,0.04,low_hedge_stable
2024-11-30,DIA,0.1293697337083311,0.09925380196231501,0.16678680045296565,0.11764384255258062,0.35,low_hedge_stable
2024-11-30,ETH-USD,0.3040508959745617,0.18678555469441224,0.3138757853340655,0.025110062826725243,0.04,low_hedge_stable
2024-11-30,GLD,-0.091977649138093,-0.13124369058712465,0.0,0.0,0.0,low_hedge_stable
2024-11-30,QQQ,-0.0502158887534493,-0.09334359454381286,0.0,0.0,0.0,low_hedge_stable
2024-11-30,SPY,0.0429276807074351,0.007679796746972348,0.012905185516650973,0.009102732403940274,0.045220613852103915,low_hedge_stable
2024-11-30,TLT,0.0156206483265502,-0.01146278880683782,0.0,0.0,0.0,low_hedge_stable
2024-11-30,VIX,-0.3821924044203261,-0.5436764369215112,0.0,0.0,0.0,low_hedge_stable
2024-11-30,CASH,0.0,0.0,0.0,0.0,0.5247793861478962,low_hedge_stable
2024-12-01,BTC-USD,0.3573895141362297,0.2667604163130613,0.4419511552556782,0.03535609242045425,0.04,low_hedge_stable
2024-12-01,DIA,0.1246946823178851,0.094578750571869,0.15669186851478736,0.11052333557133523,0.35,low_hedge_stable
2024-12-01,ETH-USD,0.3203987661856715,0.20313342490552203,0.33653813053988096,0.026923050443190478,0.04,low_hedge_stable
2024-12-01,GLD,-0.017293596340858,-0.05655963778988964,0.0,0.0,0.0,low_hedge_stable
2024-12-01,QQQ,-0.0744987185682346,-0.11762642435859814,0.0,0.0,0.0,low_hedge_stable
2024-12-01,SPY,0.0406347755190756,0.005386891558612848,0.008924648493470813,0.006295042171936312,0.03173771238512694,low_hedge_stable
2024-12-01,TLT,0.0608210100217586,0.03373757288837058,0.055894197196182646,0.010454226539045723,0.05270707106369342,low_hedge_stable
2024-12-01,VIX,-0.4050910974781825,-0.5665751299793677,0.0,0.0,0.0,low_hedge_stable
2024-12-01,CASH,0.0,0.0,0.0,0.0,0.4855552165511798,low_hedge_stable
2024-12-02,BTC-USD,0.2635040772962416,0.17287497947307315,0.2561070327691345,0.02048856262153076,0.039999999999999994,low_hedge_stable
2024-12-02,DIA,0.1752455120456751,0.145129580299659,0.21500338736621435,0.15165363563803153,0.3499999999999999,low_hedge_stable
2024-12-02,ETH-USD,0.2273282262990806,0.11006288501893116,0.16305354879072828,0.013044283903258264,0.037980343439734,low_hedge_stable
2024-12-02,GLD,-0.0388390459419998,-0.07810508739103145,0.0,0.0,0.0,low_hedge_stable
2024-12-02,QQQ,0.0676160544480523,0.024488348657688747,0.03627846164466818,0.025589181041123246,0.07450664915692524,low_hedge_stable
2024-12-02,SPY,0.1079245370508169,0.07267665309035415,0.1076674139386463,0.07594370936923384,0.22112123481231302,low_hedge_stable
2024-12-02,TLT,0.1768616593905432,0.1497782222571552,0.2218901554906085,0.04150144501347119,0.1208375366978291,low_hedge_stable
2024-12-02,VIX,-0.4636372839299343,-0.6251213164311195,0.0,0.0,0.0,low_hedge_stable
2024-12-02,CASH,0.0,0.0,0.0,0.0,0.15555423589319864,low_hedge_stable
2024-12-03,BTC-USD,0.2059172549754464,0.11528815715227794,0.19434845844361667,0.015547876675489335,0.04,low_hedge_stable
2024-12-03,DIA,0.1313883108170112,0.1012723790709951,0.17072118456511032,0.12041897876220733,0.35,low_hedge_stable
2024-12-03,ETH-USD,0.2953391941377327,0.17807385285758323,0.3001902332975483,0.024015218663803864,0.04,low_hedge_stable
2024-12-03,GLD,0.0044150847891833,-0.034850956659848345,0.0,0.0,0.0,low_hedge_stable
2024-12-03,QQQ,0.0625977191042787,0.019470013313915156,0.03282181940368831,0.023151022433319495,0.07876909222662393,low_hedge_stable
2024-12-03,SPY,0.0824875199853326,0.04723963602486986,0.07963480955588849,0.05617078199797556,0.19111559847448673,low_hedge_stable
2024-12-03,TLT,0.1589427514726508,0.1318593143392628,0.22228349473414802,0.04157501355763184,0.1414549222038261,low_hedge_stable
2024-12-03,VIX,-0.4451611001121548,-0.60664513261334,0.0,0.0,0.0,low_hedge_stable
2024-12-03,CASH,0.0,0.0,0.0,0.0,0.1586603870950634,low_hedge_stable
2024-12-04,BTC-USD,0.2341565664445196,0.14352746862135113,0.2615654221169106,0.020925233769352847,0.04,low_hedge_stable
2024-12-04,DIA,0.0860804861303899,0.05596455438437381,0.10199017952272259,0.07193924581626844,0.3393785541762938,low_hedge_stable
2024-12-04,ETH-USD,0.4149077336656085,0.2976423923854591,0.5424254935449223,0.043394039483593785,0.04,low_hedge_stable
2024-12-04,GLD,-0.1064326557974763,-0.14569869724650794,0.0,0.0,0.0,low_hedge_stable
2024-12-04,QQQ,0.0628240689939644,0.019696363203600843,0.03589478449668306,0.025318552604896252,0.11944208865952541,low_hedge_stable
2024-12-04,SPY,0.0671420379647558,0.03189415400429306,0.05812412031876142,0.0409981176524369,0.19341156186665387,low_hedge_stable
2024-12-04,TLT,0.0244305558595157,-0.0026528812738723173,0.0,0.0,0.0,low_hedge_stable
2024-12-04,VIX,-0.3695083790001783,-0.5309924115013634,0.0,0.0,0.0,low_hedge_stable
2024-12-04,CASH,0.0,0.0,0.0,0.0,0.2677677952975269,low_hedge_stable
2024-12-05,BTC-USD,0.1184969549204568,0.02786785709728833,0.04299150226733945,0.003439320181387156,0.007280452382356145,low_hedge_stable
2024-12-05,DIA,0.0705485876240473,0.0404326558780312,0.0623751087421815,0.043996572042847945,0.09313321553437509,low_hedge_stable
2024-12-05,ETH-USD,0.3315588201392418,0.21429347885909236,0.33058869758389764,0.026447095806711812,0.04,low_hedge_stable
2024-12-05,GLD,-0.136422569735277,-0.17568861118430865,0.0,0.0,0.0,low_hedge_stable
2024-12-05,QQQ,0.2347954430664776,0.19166773727611405,0.29568416161010375,0.20856219380681507,0.35,low_hedge_stable
2024-12-05,SPY,0.1838479558185847,0.14860007185812193,0.22924404642640744,0.16169835063025284,0.34228774292083414,low_hedge_stable
2024-12-05,TLT,0.0524394379990221,0.025356000865634082,0.03911648337007009,0.007316190201028277,0.01548712291083174,low_hedge_stable
2024-12-05,VIX,-0.383349052132572,-0.5448330846337571,0.0,0.0,0.0,low_hedge_stable
2024-12-05,CASH,0.0,0.0,0.0,0.0,0.1518114662516029,low_hedge_stable
2024-12-06,BTC-USD,0.1922115638350636,0.10158246601189513,0.14798414805254012,0.01183873184420321,0.028505847155465804,low_hedge_stable
2024-12-06,DIA,0.0725937446780209,0.04247781293200481,0.06188118092291457,0.043648177770075486,0.1050981051435508,low_hedge_stable
2024-12-06,ETH-USD,0.3404407718132465,0.22317543053309705,0.32511935622661375,0.0260095484981291,0.04,low_hedge_stable
2024-12-06,GLD,-0.0847303591330024,-0.12399640058203405,0.0,0.0,0.0,low_hedge_stable
2024-12-06,QQQ,0.2019341784242866,0.15880647263392306,0.23134741142441081,0.1631819688942011,0.35,low_hedge_stable
2024-12-06,SPY,0.178957858761997,0.14370997480153422,0.20935500999913453,0.14766952661878455,0.35,low_hedge_stable
2024-12-06,TLT,0.0437728170254665,0.016689379892078485,0.02431289337438632,0.004547386086663531,0.010949406950778584,low_hedge_stable
2024-12-06,VIX,-0.4534460801955454,-0.6149301126967306,0.0,0.0,0.0,low_hedge_stable
2024-12-06,CASH,0.0,0.0,0.0,0.0,0.11544664075020483,low_hedge_stable
2024-12-07,BTC-USD,0.2085347236417121,0.11790562581854364,0.1822782993404885,0.01458226394723908,0.039208936043875195,low_hedge_stable
2024-12-07,DIA,0.0655019749558784,0.0353860432098623,0.05470568288751068,0.038586906973944214,0.10375285848249878,low_hedge_stable
2024-12-07,ETH-USD,0.3612487409548519,0.24398339967470242,0.3771904762921072,0.030175238103368578,0.04,low_hedge_stable
2024-12-07,GLD,-0.0793258171256196,-0.11859185857465125,0.0,0.0,0.0,low_hedge_stable
2024-12-07,QQQ,0.1665469969071515,0.12341929111678794,0.1908022482760835,0.13458325014949216,0.35,low_hedge_stable
2024-12-07,SPY,0.1613152304802584,0.12606734651979562,0.19489605662550424,0.1374708368426896,0.35,low_hedge_stable
2024-12-07,TLT,0.0271657393517345,8.230221834648176e-05,0.00012723657830572167,2.379781941175256e-05,6.398781304982227e-05,low_hedge_stable
2024-12-07,VIX,-0.4370300690920388,-0.5985141015932239,0.0,0.0,0.0,low_hedge_stable
2024-12-07,CASH,0.0,0.0,0.0,0.0,0.11697421766057634,low_hedge_stable
2024-12-08,BTC-USD,0.2406313539251456,0.15000225610197712,0.22403876462753494,0.017923101170202797,0.04,low_hedge_stable
2024-12-08,DIA,0.0737282990061358,0.0436123672601197,0.0651380928350636,0.04594545568245598,0.13179474689947554,low_hedge_stable
2024-12-08,ETH-USD,0.3499637501423119,0.23269840886216245,0.34755119960882214,0.027804095968705773,0.04,low_hedge_stable
2024-12-08,GLD,-0.116520830775686,-0.15578687222471763,0.0,0.0,0.0,low_hedge_stable
2024-12-08,QQQ,0.1509882205488646,0.10786051475850104,0.16109715351318685,0.1136306238816626,0.32594995722790704,low_hedge_stable
2024-12-08,SPY,0.15155684923316,0.11630896527269727,0.17371549983279555,0.12253103294155732,0.35,low_hedge_stable
2024-12-08,TLT,0.046137986249235,0.019054549115846982,0.02845928958259701,0.005322911407175293,0.015268795384803963,low_hedge_stable
2024-12-08,VIX,-0.428597261898976,-0.5900812944001612,0.0,0.0,0.0,low_hedge_stable
2024-12-08,CASH,0.0,0.0,0.0,0.0,0.09698650048781349,low_hedge_stable
2024-12-09,BTC-USD,0.1241600436412102,0.033530945818041724,0.07911948202936576,0.006329558562349262,0.01168542757021327,low_hedge_stable
2024-12-09,DIA,0.1063500432461954,0.07623411150017931,0.17988169637665655,0.12688038825273834,0.23424249454414017,low_hedge_stable
2024-12-09,ETH-USD,0.1953575423260378,0.07809220104588838,0.18426603683691223,0.01474128294695298,0.027214882755536778,low_hedge_stable
2024-12-09,GLD,-0.0547613541195213,-0.09402739556855294,0.0,0.0,0.0,low_hedge_stable
2024-12-09,QQQ,0.1435794195924795,0.10045171380211594,0.23702545129845867,0.1671870006360007,0.30865526677235994,low_hedge_stable
2024-12-09,SPY,0.1519357168469632,0.11668783288650045,0.275336131202764,0.1942096162683683,0.3499999999999999,low_hedge_stable
2024-12-09,TLT,0.0458880139652968,0.01880457683190878,0.04437120225584277,0.008299011749832512,0.015321368741870496,low_hedge_stable
2024-12-09,VIX,-0.2640799851560021,-0.42556401765718727,0.0,0.0,0.0,low_hedge_stable
2024-12-09,CASH,0.0,0.0,0.0,0.0,0.052880559615879376,low_hedge_stable
2024-12-10,BTC-USD,0.1260250566301751,0.03539595880700663,0.08843896443626144,0.007075117154900916,0.012507186377201744,low_hedge_stable
2024-12-10,DIA,0.1036114077459578,0.0734954759999417,0.18363293458512847,0.12952634150916767,0.22897290017170469,low_hedge_stable
2024-12-10,ETH-USD,0.1642875230018168,0.04702218172166736,0.11748779231189434,0.009399023384951547,0.01661532023647641,low_hedge_stable
2024-12-10,GLD,0.0420757604851759,0.0028097190361442556,0.007020254579578171,0.00044418812128832393,0.0007852228447756303,low_hedge_stable
2024-12-10,QQQ,0.1518808523115747,0.10875314652121114,0.2717263772952814,0.19166345961912154,0.33881709075235866,low_hedge_stable
2024-12-10,SPY,0.1437043463798848,0.10845646241942206,0.270985093950762,0.19114059197637434,0.33789278053737976,low_hedge_stable
2024-12-10,TLT,0.0513808552586738,0.024297418125285783,0.0607085828410943,0.011354689904719753,0.02007249064353478,low_hedge_stable
2024-12-10,VIX,-0.3061193034932756,-0.46760333599446074,0.0,0.0,0.0,low_hedge_stable
2024-12-10,CASH,0.0,0.0,0.0,0.0,0.044337008436568424,low_hedge_stable
2024-12-11,BTC-USD,0.1523398813596079,0.06171078353643944,0.14214766209353713,0.01137181296748297,0.02009036974142519,low_hedge_stable
2024-12-11,DIA,0.0529062785226083,0.022790346776592203,0.052496408681646727,0.0370285851732764,0.06541771037390143,low_hedge_stable
2024-12-11,ETH-USD,0.1483439088850981,0.031078567604948676,0.07158790527510918,0.005727032422008734,0.010117841298330127,low_hedge_stable
2024-12-11,GLD,0.060061985183611,0.020795943734579353,0.047902402359770065,0.003030898362472044,0.005354631572367591,low_hedge_stable
2024-12-11,QQQ,0.2091446674497428,0.16601696165937926,0.3824116566891147,0.26973583444227406,0.35,low_hedge_stable
2024-12-11,SPY,0.1669868212420795,0.13173893728161673,0.30345396490082227,0.21404266058731194,0.35,low_hedge_stable
2024-12-11,TLT,0.0015887179073267,-0.025494719226061318,0.0,0.0,0.0,low_hedge_stable
2024-12-11,VIX,-0.3135975764850895,-0.47508160898627466,0.0,0.0,0.0,low_hedge_stable
2024-12-11,CASH,0.0,0.0,0.0,0.0,0.19901944701397564,low_hedge_stable
2024-12-12,BTC-USD,0.1096165896401105,0.01898749181694204,0.04675056612686546,0.003740045290149237,0.007950577607995625,low_hedge_stable
2024-12-12,DIA,-0.0381960669535398,-0.0683119986995559,0.0,0.0,0.0,low_hedge_stable
2024-12-12,ETH-USD,0.2644101460701358,0.14714480478998637,0.3622965578013271,0.02898372462410617,0.04,low_hedge_stable
2024-12-12,GLD,-0.0498470970708004,-0.08911313851983205,0.0,0.0,0.0,low_hedge_stable
2024-12-12,QQQ,0.1967907116202642,0.15366300582990067,0.3783455226505345,0.2668677679521563,0.35,low_hedge_stable
2024-12-12,SPY,0.121597220829526,0.08634933686906325,0.21260735342127288,0.14996358212531943,0.3187921550577806,low_hedge_stable
2024-12-12,TLT,-0.0326660973803663,-0.05974953451375432,0.0,0.0,0.0,low_hedge_stable
2024-12-12,VIX,-0.209026411858053,-0.37051044435923813,0.0,0.0,0.0,low_hedge_stable
2024-12-12,CASH,0.0,0.0,0.0,0.0,0.28325726733422385,low_hedge_stable
2024-12-13,BTC-USD,0.1701392088544478,0.07951011103127933,0.16045120230471271,0.012836096184377017,0.028007171118947776,low_hedge_stable
2024-12-13,DIA,-0.0380586268525722,-0.06817455859858829,0.0,0.0,0.0,low_hedge_stable
2024-12-13,ETH-USD,0.2496157058755987,0.13235036459544927,0.267082699915395,0.021366615993231603,0.04,low_hedge_stable
2024-12-13,GLD,-0.0937256879410642,-0.13299172939009585,0.0,0.0,0.0,low_hedge_stable
2024-12-13,QQQ,0.2402247566916809,0.19709705090131735,0.39774134858632565,0.2805487036716233,0.35,low_hedge_stable
2024-12-13,SPY,0.1218311192914757,0.08658323533101296,0.17472474919356656,0.1232429116556022,0.26890460046076203,low_hedge_stable
2024-12-13,TLT,-0.0830782527654085,-0.11016168989879652,0.0,0.0,0.0,low_hedge_stable
2024-12-13,VIX,-0.2118208603342248,-0.3733048928354099,0.0,0.0,0.0,low_hedge_stable
2024-12-13,CASH,0.0,0.0,0.0,0.0,0.31308822842029027,low_hedge_stable
2024-12-14,BTC-USD,0.2315662218372522,0.14093712401408373,0.2037794446784075,0.0163023555742726,0.04,low_hedge_stable
2024-12-14,DIA,-0.0364744573592073,-0.06659038910522339,0.0,0.0,0.0,low_hedge_stable
2024-12-14,ETH-USD,0.3495370965895956,0.23227175530944613,0.33583918816668923,0.02686713505333514,0.04,low_hedge_stable
2024-12-14,GLD,-0.1151458263098699,-0.15441186775890153,0.0,0.0,0.0,low_hedge_stable
2024-12-14,QQQ,0.2652205724485009,0.22209286665813735,0.32112164450090697,0.2265046402789203,0.35,low_hedge_stable
2024-12-14,SPY,0.1315621360324867,0.09631425207202396,0.13925972265399644,0.09822749081305414,0.25515619443424936,low_hedge_stable
2024-12-14,TLT,-0.0897267269666718,-0.11681016410005982,0.0,0.0,0.0,low_hedge_stable
2024-12-14,VIX,-0.3533325497781074,-0.5148165822792926,0.0,0.0,0.0,low_hedge_stable
2024-12-14,CASH,0.0,0.0,0.0,0.0,0.3148438055657507,low_hedge_stable
2024-12-15,BTC-USD,0.3620016834027774,0.27137258557960897,0.3976675957175123,0.03181340765740098,0.04,low_hedge_stable
2024-12-15,DIA,-0.1107124060587732,-0.1408283378047893,0.0,0.0,0.0,low_hedge_stable
2024-12-15,ETH-USD,0.3435391437919864,0.22627380251183696,0.33158013668386793,0.026526410934709435,0.04,low_hedge_stable
2024-12-15,GLD,-0.0631793418944879,-0.10244538334351955,0.0,0.0,0.0,low_hedge_stable
2024-12-15,QQQ,0.1916829115392909,0.14855520574892736,0.21769181796797998,0.15354993275903922,0.35,low_hedge_stable
2024-12-15,SPY,0.0714568976275254,0.03620901366706265,0.05306044963063987,0.03742643407088242,0.143460633681644,low_hedge_stable
2024-12-15,TLT,-0.1739150664103912,-0.2009985035437792,0.0,0.0,0.0,low_hedge_stable
2024-12-15,VIX,-0.2929902446643204,-0.45447427716550554,0.0,0.0,0.0,low_hedge_stable
2024-12-15,CASH,0.0,0.0,0.0,0.0,0.42653936631835615,low_hedge_stable
2024-12-16,BTC-USD,0.3360009711729508,0.24537187334978236,0.4549038694032619,0.03639230955226095,0.04,low_hedge_stable
2024-12-16,DIA,-0.1814620609223452,-0.2115779926683613,0.0,0.0,0.0,low_hedge_stable
2024-12-16,ETH-USD,0.300662770236661,0.18339742895651154,0.3400071855505558,0.027200574844044464,0.04,low_hedge_stable
2024-12-16,GLD,-0.1240576751079557,-0.16332371655698735,0.0,0.0,0.0,low_hedge_stable
2024-12-16,QQQ,0.1537512067848167,0.11062350099445316,0.20508894504618236,0.14466043793206104,0.35,low_hedge_stable
2024-12-16,SPY,0.0092246537184873,-0.026023230241975455,0.0,0.0,0.0,low_hedge_stable
2024-12-16,TLT,-0.1696085698141097,-0.19669200694749772,0.0,0.0,0.0,low_hedge_stable
2024-12-16,VIX,-0.0850441464111263,-0.24652817891231144,0.0,0.0,0.0,low_hedge_stable
2024-12-16,CASH,0.0,0.0,0.0,0.0,0.5700000000000001,low_hedge_stable
2024-12-17,BTC-USD,0.3153444596042561,0.22471536178108767,0.6069580418568506,0.048556643348548055,0.04,low_hedge_stable
2024-12-17,DIA,-0.2077259688090158,-0.2378419005550319,0.0,0.0,0.0,low_hedge_stable
2024-12-17,ETH-USD,0.1125956669008263,-0.00466967437932314,0.0,0.0,0.0,low_hedge_stable
2024-12-17,GLD,-0.1147750863928516,-0.15404112784188323,0.0,0.0,0.0,low_hedge_stable
2024-12-17,QQQ,0.188644462680316,0.14551675688995247,0.3930419581431494,0.27723396667686917,0.35,low_hedge_stable
2024-12-17,SPY,0.0067095234166978,-0.028538360543764955,0.0,0.0,0.0,low_hedge_stable
2024-12-17,TLT,-0.1627559709452434,-0.18983940807863142,0.0,0.0,0.0,low_hedge_stable
2024-12-17,VIX,0.0776010187489261,-0.08388301375225901,0.0,0.0,0.0,low_hedge_stable
2024-12-17,CASH,0.0,0.0,0.0,0.0,0.6100000000000001,low_hedge_stable
2024-12-18,BTC-USD,0.0265970017510981,-0.06403209607207036,0.0,0.0,0.0,moderate_hedge_uncertain
2024-12-18,DIA,-0.154104391794002,-0.1842203235400181,0.0,0.0,0.0,moderate_hedge_uncertain
2024-12-18,ETH-USD,-0.0250001939670245,-0.14226553524717395,0.0,0.0,0.0,moderate_hedge_uncertain
2024-12-18,GLD,-0.0017369755380739,-0.041003016987105546,0.0,0.0,0.0,moderate_hedge_uncertain
2024-12-18,QQQ,-0.0286549338313828,-0.07178263962174634,0.0,0.0,0.0,moderate_hedge_uncertain
2024-12-18,SPY,-0.0890778222359363,-0.12432570619639904,0.0,0.0,0.0,moderate_hedge_uncertain
2024-12-18,TLT,-0.0065041108102616,-0.03358754794364962,0.0,0.0,0.0,moderate_hedge_uncertain
2024-12-18,VIX,0.2630262505128811,0.10154221801169597,1.0,0.05,0.05,moderate_hedge_uncertain
2024-12-18,CASH,0.0,0.0,0.0,0.0,0.95,moderate_hedge_uncertain
2024-12-19,BTC-USD,0.0286003909781551,-0.06202870684501337,0.0,0.0,0.0,high_hedge_risk_off
2024-12-19,DIA,-0.1327381888825232,-0.1628541206285393,0.0,0.0,0.0,high_hedge_risk_off
2024-12-19,ETH-USD,-0.0427199600927948,-0.15998530137294426,0.0,0.0,0.0,high_hedge_risk_off
2024-12-19,GLD,0.0119905869212149,-0.027275454527816746,0.0,0.0,0.0,high_hedge_risk_off
2024-12-19,QQQ,-0.0192350878967984,-0.062362793687161945,0.0,0.0,0.0,high_hedge_risk_off
2024-12-19,SPY,-0.0721273498504736,-0.10737523381093635,0.0,0.0,0.0,high_hedge_risk_off
2024-12-19,TLT,-0.0236257464822625,-0.05070918361565052,0.0,0.0,0.0,high_hedge_risk_off
2024-12-19,VIX,0.2418409040769339,0.08035687157574878,1.0,0.05,0.05,high_hedge_risk_off
2024-12-19,CASH,0.0,0.0,0.0,0.0,0.95,high_hedge_risk_off
2024-12-20,BTC-USD,0.0596603804335991,-0.030968717389569366,0.0,0.0,0.0,high_hedge_risk_off
2024-12-20,DIA,-0.1518988600726438,-0.1820147918186599,0.0,0.0,0.0,high_hedge_risk_off
2024-12-20,ETH-USD,-0.0773318884479582,-0.19459722972810764,0.0,0.0,0.0,high_hedge_risk_off
2024-12-20,GLD,0.0440580151496439,0.004791973700612253,0.06804451329692791,0.009489511138008867,0.1360267449476077,high_hedge_risk_off
2024-12-20,QQQ,0.014021157476008,-0.02910654831435555,0.0,0.0,0.0,high_hedge_risk_off
2024-12-20,SPY,-0.061506782286706,-0.09675466624716875,0.0,0.0,0.0,high_hedge_risk_off
2024-12-20,TLT,-0.0383868858289381,-0.06547032296232612,0.0,0.0,0.0,high_hedge_risk_off
2024-12-20,VIX,0.2271161601487796,0.06563212764759449,0.931955486703072,0.04659777433515361,0.05,high_hedge_risk_off
2024-12-20,CASH,0.0,0.0,0.0,0.0,0.8139732550523923,high_hedge_risk_off
2024-12-21,BTC-USD,0.045035282681763,-0.04559381514140547,0.0,0.0,0.0,high_hedge_risk_off
2024-12-21,DIA,-0.1439765441017248,-0.1740924758477409,0.0,0.0,0.0,high_hedge_risk_off
2024-12-21,ETH-USD,-0.1225784628008489,-0.23984380408099834,0.0,0.0,0.0,high_hedge_risk_off
2024-12-21,GLD,0.0569719044327485,0.017705862983716854,0.20987479749099472,0.029269202209022575,0.34215450024742905,high_hedge_risk_off
2024-12-21,QQQ,0.0162597671370113,-0.02686793865335225,0.0,0.0,0.0,high_hedge_risk_off
2024-12-21,SPY,-0.055199260152738,-0.09044714411320075,0.0,0.0,0.0,high_hedge_risk_off
2024-12-21,TLT,-0.0237050420705024,-0.050788479203890416,0.0,0.0,0.0,high_hedge_risk_off
2024-12-21,VIX,0.22814210075355,0.06665806825236487,0.7901252025090053,0.03950626012545027,0.05,high_hedge_risk_off
2024-12-21,CASH,0.0,0.0,0.0,0.0,0.607845499752571,high_hedge_risk_off
2024-12-22,BTC-USD,0.0218108071726589,-0.06881829065050957,0.0,0.0,0.0,high_hedge_risk_off
2024-12-22,DIA,-0.1227291501399934,-0.15284508188600948,0.0,0.0,0.0,high_hedge_risk_off
2024-12-22,ETH-USD,-0.1208645320898173,-0.23812987336996674,0.0,0.0,0.0,high_hedge_risk_off
2024-12-22,GLD,0.0903482531523463,0.05108221170331466,0.4959718411806371,0.0691647095509712,0.35,high_hedge_risk_off
2024-12-22,QQQ,0.0081044748791164,-0.03502323091124715,0.0,0.0,0.0,high_hedge_risk_off
2024-12-22,SPY,-0.047934256611705,-0.08318214057216775,0.0,0.0,0.0,high_hedge_risk_off
2024-12-22,TLT,-0.028695237592426,-0.05577867472581402,0.0,0.0,0.0,high_hedge_risk_off
2024-12-22,VIX,0.2133959980110685,0.0519119655098834,0.5040281588193629,0.025201407940968146,0.05,high_hedge_risk_off
2024-12-22,CASH,0.0,0.0,0.0,0.0,0.6000000000000001,high_hedge_risk_off
2024-12-23,BTC-USD,0.0465830369995564,-0.044046060823612065,0.0,0.0,0.0,high_hedge_risk_off
2024-12-23,DIA,-0.0738668082446059,-0.10398273999062199,0.0,0.0,0.0,high_hedge_risk_off
2024-12-23,ETH-USD,-0.010105433362778,-0.12737077464292743,0.0,0.0,0.0,high_hedge_risk_off
2024-12-23,GLD,0.0516976448689741,0.012431603419942455,0.421126704637086,0.050589485428912784,0.1500448484722447,high_hedge_risk_off
2024-12-23,QQQ,0.0602159672544484,0.01708826146408485,0.578873295362914,0.19827626310586255,0.35,high_hedge_risk_off
2024-12-23,SPY,0.0045450916613518,-0.030702792299110954,0.0,0.0,0.0,high_hedge_risk_off
2024-12-23,TLT,-0.0501502007259237,-0.07723363785931173,0.0,0.0,0.0,high_hedge_risk_off
2024-12-23,VIX,0.0214483302865292,-0.14003570221465592,0.0,0.0,0.0,high_hedge_risk_off
2024-12-23,CASH,0.0,0.0,0.0,0.0,0.49995515152775544,high_hedge_risk_off
2024-12-24,BTC-USD,0.1028311679675378,0.012202070144369335,0.11334745366960226,0.009067796293568181,0.02052179413959292,high_hedge_risk_off
2024-12-24,DIA,-0.0455509270246847,-0.07566685877070078,0.0,0.0,0.0,high_hedge_risk_off
2024-12-24,ETH-USD,-0.0405025707997964,-0.15776791207994584,0.0,0.0,0.0,high_hedge_risk_off
2024-12-24,GLD,0.0476752214734806,0.008409180024448952,0.07811454383913775,0.007670618478273713,0.017359769478516578,high_hedge_risk_off
2024-12-24,QQQ,0.1112910930321175,0.06816338724175396,0.6331832456243588,0.23529022751124481,0.35,high_hedge_risk_off
2024-12-24,SPY,0.0541251588719554,0.01887727491149265,0.17535475686690116,0.06516164305280685,0.14747065121829456,high_hedge_risk_off
2024-12-24,TLT,-0.0960140106933656,-0.12309744782675361,0.0,0.0,0.0,high_hedge_risk_off
2024-12-24,VIX,-0.0447516291043199,-0.206235661605505,0.0,0.0,0.0,high_hedge_risk_off
2024-12-24,CASH,0.0,0.0,0.0,0.0,0.464647785163596,high_hedge_risk_off
2024-12-25,BTC-USD,0.2326762927263003,0.14204719490313183,0.3982906791794597,0.03186325433435678,0.04,moderate_hedge_uncertain
2024-12-25,DIA,-0.0349101398090895,-0.06502607155510559,0.0,0.0,0.0,moderate_hedge_uncertain
2024-12-25,ETH-USD,-0.0394819606513252,-0.15674730193147463,0.0,0.0,0.0,moderate_hedge_uncertain
2024-12-25,GLD,0.0535333088512276,0.01426726740219595,0.04000444801131588,0.0030512364365839115,0.007761746705934481,moderate_hedge_uncertain
2024-12-25,QQQ,0.1838182825948991,0.14069057680453556,0.3944868142439674,0.1914133676761966,0.35,moderate_hedge_uncertain
2024-12-25,SPY,0.094884871211274,0.05963698725081125,0.16721805856525712,0.08113774800710162,0.20639850808354224,moderate_hedge_uncertain
2024-12-25,TLT,-0.189976504899776,-0.217059942033164,0.0,0.0,0.0,moderate_hedge_uncertain
2024-12-25,VIX,-0.101856272706525,-0.2633403052077101,0.0,0.0,0.0,moderate_hedge_uncertain
2024-12-25,CASH,0.0,0.0,0.0,0.0,0.39583974521052334,moderate_hedge_uncertain
2024-12-26,BTC-USD,0.0991715186837917,0.008542420860623238,0.03437856313282515,0.002750285050626012,0.005934441008568063,high_hedge_risk_off
2024-12-26,DIA,0.0197118105796714,-0.010404121166344694,0.0,0.0,0.0,high_hedge_risk_off
2024-12-26,ETH-USD,-0.0889314675764506,-0.20619680885660002,0.0,0.0,0.0,high_hedge_risk_off
2024-12-26,GLD,0.0952063120073539,0.05594027055832225,0.22512893644955495,0.016583990147213283,0.03578418578572788,high_hedge_risk_off
2024-12-26,QQQ,0.1580978221717801,0.11497011638141653,0.46269172040282924,0.1932657842950782,0.35,high_hedge_risk_off
2024-12-26,SPY,0.104276108587742,0.06902822462727926,0.27780078001479075,0.11603705720214726,0.250379527248363,high_hedge_risk_off
2024-12-26,TLT,-0.1384079599279671,-0.1654913970613551,0.0,0.0,0.0,high_hedge_risk_off
2024-12-26,VIX,-0.0540265007714688,-0.2155105332726539,0.0,0.0,0.0,high_hedge_risk_off
2024-12-26,CASH,0.0,0.0,0.0,0.0,0.35790184595734104,high_hedge_risk_off
2024-12-27,BTC-USD,0.076321769103024,-0.014307328720144463,0.0,0.0,0.0,high_hedge_risk_off
2024-12-27,DIA,-0.0219528705447191,-0.05206880229073519,0.0,0.0,0.0,high_hedge_risk_off
2024-12-27,ETH-USD,-0.0441171002947874,-0.16138244157493684,0.0,0.0,0.0,high_hedge_risk_off
2024-12-27,GLD,0.0755173475232589,0.036251306074227246,0.34063451544012036,0.025093759472621182,0.05990765522173105,high_hedge_risk_off
2024-12-27,QQQ,0.0989935068502132,0.05586580105984966,0.524941640302037,0.21168190321521635,0.35,high_hedge_risk_off
2024-12-27,SPY,0.0495536565729916,0.014305772612528848,0.13442384425784265,0.05420620694832606,0.12940933622485679,high_hedge_risk_off
2024-12-27,TLT,-0.1466709406661509,-0.17375437779953892,0.0,0.0,0.0,high_hedge_risk_off
2024-12-27,VIX,-0.001299408154086,-0.16278344065527112,0.0,0.0,0.0,high_hedge_risk_off
2024-12-27,CASH,0.0,0.0,0.0,0.0,0.4606830085534122,high_hedge_risk_off
2024-12-28,BTC-USD,0.1025373307202255,0.011908232897057034,0.10316789625026013,0.00825343170002081,0.021615944291635783,moderate_hedge_uncertain
2024-12-28,DIA,-0.0107677894802278,-0.040883721226243896,0.0,0.0,0.0,moderate_hedge_uncertain
2024-12-28,ETH-USD,-0.0532745376946049,-0.17053987897475434,0.0,0.0,0.0,moderate_hedge_uncertain
2024-12-28,GLD,0.0799645839398613,0.04069854249082966,0.35259496900404025,0.025977123031945222,0.06803473569837391,moderate_hedge_uncertain
2024-12-28,QQQ,0.0915246175958428,0.048396911805479254,0.41929038667144564,0.19890915775402426,0.35,moderate_hedge_uncertain
2024-12-28,SPY,0.0496699573949046,0.014422073434441851,0.12494674807425404,0.05927408119430337,0.15524030289494334,moderate_hedge_uncertain
2024-12-28,TLT,-0.1540551180957939,-0.1811385552291819,0.0,0.0,0.0,moderate_hedge_uncertain
2024-12-28,VIX,0.0050462425425197,-0.15643778995866542,0.0,0.0,0.0,moderate_hedge_uncertain
2024-12-28,CASH,0.0,0.0,0.0,0.0,0.4051090171150471,moderate_hedge_uncertain
2024-12-29,BTC-USD,0.0314587558357946,-0.059170341987373865,0.0,0.0,0.0,moderate_hedge_uncertain
2024-12-29,DIA,-0.038111207066994,-0.0682271388130101,0.0,0.0,0.0,moderate_hedge_uncertain
2024-12-29,ETH-USD,-0.0894114115278887,-0.20667675280803816,0.0,0.0,0.0,moderate_hedge_uncertain
2024-12-29,GLD,0.0222476718792377,-0.017018369569793947,0.0,0.0,0.0,moderate_hedge_uncertain
2024-12-29,QQQ,0.106803537291066,0.06367583150070245,0.6004181592331886,0.2866991350268662,0.35,moderate_hedge_uncertain
2024-12-29,SPY,0.045028053064803,0.00978016910434025,0.09222009343611784,0.04403501228876607,0.09783948595769189,moderate_hedge_uncertain
2024-12-29,TLT,-0.1987311645482404,-0.22581460168162842,0.0,0.0,0.0,moderate_hedge_uncertain
2024-12-29,VIX,0.1940805063616461,0.032596473860460974,0.3073617473306936,0.01536808736653468,0.03414568748691464,moderate_hedge_uncertain
2024-12-29,CASH,0.0,0.0,0.0,0.0,0.5180148265553935,moderate_hedge_uncertain
2024-12-30,BTC-USD,0.0025695935542452,-0.08805950426892327,0.0,0.0,0.0,high_hedge_risk_off
2024-12-30,DIA,-0.0894766940425425,-0.1195926257885586,0.0,0.0,0.0,high_hedge_risk_off
2024-12-30,ETH-USD,-0.0375385416371732,-0.15480388291732264,0.0,0.0,0.0,high_hedge_risk_off
2024-12-30,GLD,-0.0251896652490122,-0.06445570669804385,0.0,0.0,0.0,high_hedge_risk_off
2024-12-30,QQQ,0.0240098180455936,-0.01911788774476995,0.0,0.0,0.0,high_hedge_risk_off
2024-12-30,SPY,-0.0234468849018934,-0.05869476886235615,0.0,0.0,0.0,high_hedge_risk_off
2024-12-30,TLT,-0.087194421771597,-0.11427785890498501,0.0,0.0,0.0,high_hedge_risk_off
2024-12-30,VIX,0.1989404696064036,0.03745643710521849,1.0,0.05,0.05,high_hedge_risk_off
2024-12-30,CASH,0.0,0.0,0.0,0.0,0.95,high_hedge_risk_off
2024-12-31,BTC-USD,-0.0096440557496381,-0.10027315357280657,0.0,0.0,0.0,high_hedge_risk_off
2024-12-31,DIA,-0.0662805666949519,-0.096396498440968,0.0,0.0,0.0,high_hedge_risk_off
2024-12-31,ETH-USD,-0.0591889447103125,-0.17645428599046192,0.0,0.0,0.0,high_hedge_risk_off
2024-12-31,GLD,-0.0017157533670484,-0.040981794816080046,0.0,0.0,0.0,high_hedge_risk_off
2024-12-31,QQQ,-0.0299892610086773,-0.07311696679904085,0.0,0.0,0.0,high_hedge_risk_off
2024-12-31,SPY,-0.0427474783627154,-0.07799536232317815,0.0,0.0,0.0,high_hedge_risk_off
2024-12-31,TLT,-0.037844134026461,-0.06492757115984901,0.0,0.0,0.0,high_hedge_risk_off
2024-12-31,VIX,0.2034799668616329,0.041995934360447774,1.0,0.05,0.05,high_hedge_risk_off
2024-12-31,CASH,0.0,0.0,0.0,0.0,0.95,high_hedge_risk_off
2025-01-01,BTC-USD,0.0014404128166382,-0.08918868500653027,0.0,0.0,0.0,high_hedge_risk_off
2025-01-01,DIA,-0.1044356565633762,-0.1345515883093923,0.0,0.0,0.0,high_hedge_risk_off
2025-01-01,ETH-USD,-0.1187787211539584,-0.23604406243410783,0.0,0.0,0.0,high_hedge_risk_off
2025-01-01,GLD,0.0495094841817431,0.010243442732711452,0.08471195950413228,0.011489210002641399,0.15544725594531905,high_hedge_risk_off
2025-01-01,QQQ,-0.0591724824109192,-0.10230018820128274,0.0,0.0,0.0,high_hedge_risk_off
2025-01-01,SPY,-0.0737939943343554,-0.10904187829481815,0.0,0.0,0.0,high_hedge_risk_off
2025-01-01,TLT,-0.0124914711290586,-0.03957490826244662,0.0,0.0,0.0,high_hedge_risk_off
2025-01-01,VIX,0.2721614466660381,0.11067741416485297,0.9152880404958678,0.04576440202479339,0.05,high_hedge_risk_off
2025-01-01,CASH,0.0,0.0,0.0,0.0,0.7945527440546809,high_hedge_risk_off
2025-01-02,BTC-USD,0.0042272884749342,-0.08640180934823427,0.0,0.0,0.0,high_hedge_risk_off
2025-01-02,DIA,-0.1437426821652796,-0.1738586139112957,0.0,0.0,0.0,high_hedge_risk_off
2025-01-02,ETH-USD,-0.1098927284704687,-0.22715806975061814,0.0,0.0,0.0,high_hedge_risk_off
2025-01-02,GLD,0.1490367296615712,0.10977068821253955,0.4795737267344975,0.06688105035955114,0.35,high_hedge_risk_off
2025-01-02,QQQ,-0.1149862522539422,-0.15811395804430572,0.0,0.0,0.0,high_hedge_risk_off
2025-01-02,SPY,-0.1114734034042953,-0.14672128736475806,0.0,0.0,0.0,high_hedge_risk_off
2025-01-02,TLT,0.0204255567370832,-0.006657880396304818,0.0,0.0,0.0,high_hedge_risk_off
2025-01-02,VIX,0.2806055502065711,0.11912151770538598,0.5204262732655025,0.026021313663275127,0.05,high_hedge_risk_off
2025-01-02,CASH,0.0,0.0,0.0,0.0,0.6000000000000001,high_hedge_risk_off
2025-01-03,BTC-USD,0.0363404374841636,-0.05428866033900487,0.0,0.0,0.0,high_hedge_risk_off
2025-01-03,DIA,-0.1481448850989333,-0.1782608168449494,0.0,0.0,0.0,high_hedge_risk_off
2025-01-03,ETH-USD,-0.007788161712298,-0.12505350299244744,0.0,0.0,0.0,high_hedge_risk_off
2025-01-03,GLD,0.1053667001277224,0.06610065867869075,0.7434303414307434,0.10332202789915144,0.35,high_hedge_risk_off
2025-01-03,QQQ,-0.0843199152103492,-0.12744762100071275,0.0,0.0,0.0,high_hedge_risk_off
2025-01-03,SPY,-0.0836550149187187,-0.11890289887918144,0.0,0.0,0.0,high_hedge_risk_off
2025-01-03,TLT,-0.0557037541616064,-0.08278719129499443,0.0,0.0,0.0,high_hedge_risk_off
2025-01-03,VIX,0.1842964232300273,0.022812390728842176,0.25656965856925673,0.012828482928462837,0.05,high_hedge_risk_off
2025-01-03,CASH,0.0,0.0,0.0,0.0,0.6000000000000001,high_hedge_risk_off
2025-01-04,BTC-USD,-0.0177590836023032,-0.10838818142547166,0.0,0.0,0.0,high_hedge_risk_off
2025-01-04,DIA,-0.1013961359216921,-0.13151206766770818,0.0,0.0,0.0,high_hedge_risk_off
2025-01-04,ETH-USD,-0.0191518669319879,-0.13641720821213732,0.0,0.0,0.0,high_hedge_risk_off
2025-01-04,GLD,0.1219383329005225,0.08267229145149085,1.0,0.135605711037034,0.35,high_hedge_risk_off
2025-01-04,QQQ,-0.0385842904099755,-0.08171199620033905,0.0,0.0,0.0,high_hedge_risk_off
2025-01-04,SPY,-0.0397148641251132,-0.07496274808557594,0.0,0.0,0.0,high_hedge_risk_off
2025-01-04,TLT,-0.0421695745269743,-0.06925301166036232,0.0,0.0,0.0,high_hedge_risk_off
2025-01-04,VIX,0.1288759685953714,-0.032608063905813715,0.0,0.0,0.0,high_hedge_risk_off
2025-01-04,CASH,0.0,0.0,0.0,0.0,0.6500000000000001,high_hedge_risk_off
2025-01-05,BTC-USD,-0.0330737484814622,-0.12370284630463066,0.0,0.0,0.0,high_hedge_risk_off
2025-01-05,DIA,-0.0656787595835911,-0.09579469132960719,0.0,0.0,0.0,high_hedge_risk_off
2025-01-05,ETH-USD,-0.0282327828764781,-0.14549812415662755,0.0,0.0,0.0,high_hedge_risk_off
2025-01-05,GLD,0.1234590529796672,0.08419301153063555,1.0,0.1290016619824333,0.35,high_hedge_risk_off
2025-01-05,QQQ,-0.060103766722112,-0.10323147251247554,0.0,0.0,0.0,high_hedge_risk_off
2025-01-05,SPY,-0.0282783873484456,-0.06352627130890835,0.0,0.0,0.0,high_hedge_risk_off
2025-01-05,TLT,-0.0366100804887514,-0.06369351762213941,0.0,0.0,0.0,high_hedge_risk_off
2025-01-05,VIX,0.132498169722709,-0.02898586277847611,0.0,0.0,0.0,high_hedge_risk_off
2025-01-05,CASH,0.0,0.0,0.0,0.0,0.65,high_hedge_risk_off
2025-01-06,BTC-USD,0.0258737488800971,-0.06475534894307136,0.0,0.0,0.0,high_hedge_risk_off
2025-01-06,DIA,-0.0336305335886397,-0.06374646533465579,0.0,0.0,0.0,high_hedge_risk_off
2025-01-06,ETH-USD,-0.0409363380570041,-0.15820167933715354,0.0,0.0,0.0,high_hedge_risk_off
2025-01-06,GLD,0.1138857906194728,0.07461974917044115,1.0,0.1146327190970967,0.35,high_hedge_risk_off
2025-01-06,QQQ,-0.0024200861548998,-0.04554779194526335,0.0,0.0,0.0,high_hedge_risk_off
2025-01-06,SPY,0.0213753987022979,-0.013872485258164854,0.0,0.0,0.0,high_hedge_risk_off
2025-01-06,TLT,-0.1330286451500269,-0.16011208228341492,0.0,0.0,0.0,high_hedge_risk_off
2025-01-06,VIX,0.0744127716554482,-0.08707126084573691,0.0,0.0,0.0,high_hedge_risk_off
2025-01-06,CASH,0.0,0.0,0.0,0.0,0.65,high_hedge_risk_off
2025-01-07,BTC-USD,0.0691581388937889,-0.021470958929379568,0.0,0.0,0.0,moderate_hedge_uncertain
2025-01-07,DIA,0.0877811912473287,0.0576652595013126,0.19721339493396403,0.10841926400308091,0.24405318850028673,moderate_hedge_uncertain
2025-01-07,ETH-USD,-0.0860855881548768,-0.20335092943502625,0.0,0.0,0.0,moderate_hedge_uncertain
2025-01-07,GLD,0.1387313553098571,0.09946531386082547,0.340168281462761,0.03268174221612475,0.07356703134751974,moderate_hedge_uncertain
2025-01-07,QQQ,0.104035389033463,0.06090768324309946,0.2083023833381126,0.1145155028600767,0.25777590230571235,moderate_hedge_uncertain
2025-01-07,SPY,0.1096099459067188,0.07436206194625605,0.2543159402651622,0.13981173579529413,0.31471805517543067,moderate_hedge_uncertain
2025-01-07,TLT,-0.1091178461995831,-0.13620128333297113,0.0,0.0,0.0,moderate_hedge_uncertain
2025-01-07,VIX,-0.0945195873800492,-0.2560036198812343,0.0,0.0,0.0,moderate_hedge_uncertain
2025-01-07,CASH,0.0,0.0,0.0,0.0,0.10988582267105063,moderate_hedge_uncertain
2025-01-08,BTC-USD,0.0406802185786037,-0.04994887924456477,0.0,0.0,0.0,moderate_hedge_uncertain
2025-01-08,DIA,0.0771002408225773,0.046984309076561204,0.1558769838396421,0.07820954977026784,0.2336901179619614,moderate_hedge_uncertain
2025-01-08,ETH-USD,-0.1158133840393521,-0.23307872531950152,0.0,0.0,0.0,moderate_hedge_uncertain
2025-01-08,GLD,0.2048239889589355,0.16555794750990385,0.549261530407385,0.04435149212223855,0.132522248961662,moderate_hedge_uncertain
2025-01-08,QQQ,0.0746512916945086,0.03152358590414506,0.10458388315428713,0.05247380474809344,0.15679171734800912,moderate_hedge_uncertain
2025-01-08,SPY,0.0926011985462825,0.057353314585819756,0.19027760259868576,0.09546967912798773,0.28526338078590446,moderate_hedge_uncertain
2025-01-08,TLT,-0.0782708082860909,-0.10535424541947891,0.0,0.0,0.0,moderate_hedge_uncertain
2025-01-08,VIX,-0.0363530183347955,-0.19783705083598063,0.0,0.0,0.0,moderate_hedge_uncertain
2025-01-08,CASH,0.0,0.0,0.0,0.0,0.1917325349424631,moderate_hedge_uncertain
2025-01-09,BTC-USD,-0.0872106711071155,-0.17783976893028397,0.0,0.0,0.0,low_hedge_stable
2025-01-09,DIA,0.0771573709374158,0.047041439191399706,0.09582421645516535,0.06317036160193937,0.17622271796710648,low_hedge_stable
2025-01-09,ETH-USD,-0.3022961641471237,-0.4195615054272731,0.0,0.0,0.0,low_hedge_stable
2025-01-09,GLD,0.3066004589737076,0.26733441752467596,0.5445647822671955,0.039849973439381764,0.11116717480036181,low_hedge_stable
2025-01-09,QQQ,0.1266642036148738,0.08353649782451024,0.17016527527724512,0.11217834456686221,0.3129374642683089,low_hedge_stable
2025-01-09,SPY,0.1282494229178702,0.09300153895740745,0.189445726000394,0.12488862897184401,0.34839461232288094,low_hedge_stable
2025-01-09,TLT,-0.1280920062932802,-0.1551754434266682,0.0,0.0,0.0,low_hedge_stable
2025-01-09,VIX,0.1466135859875647,-0.014870446513620426,0.0,0.0,0.0,low_hedge_stable
2025-01-09,CASH,0.0,0.0,0.0,0.0,0.0512780306413419,low_hedge_stable
2025-01-10,BTC-USD,-0.0627847895522848,-0.15341388737545328,0.0,0.0,0.0,moderate_hedge_uncertain
2025-01-10,DIA,-0.0896677791575909,-0.119783710903607,0.0,0.0,0.0,moderate_hedge_uncertain
2025-01-10,ETH-USD,-0.1335146156455907,-0.2507799569257401,0.0,0.0,0.0,moderate_hedge_uncertain
2025-01-10,GLD,0.2306803190692196,0.19141427762018795,0.5983070026632095,0.0557588698735764,0.35,moderate_hedge_uncertain
2025-01-10,QQQ,-0.0405003224954804,-0.08362802828584395,0.0,0.0,0.0,moderate_hedge_uncertain
2025-01-10,SPY,-0.0470936634822396,-0.08234154744270235,0.0,0.0,0.0,moderate_hedge_uncertain
2025-01-10,TLT,-0.1098275986090409,-0.1369110357424289,0.0,0.0,0.0,moderate_hedge_uncertain
2025-01-10,VIX,0.2899962754935867,0.1285122429924016,0.4016929973367906,0.02008464986683953,0.05,moderate_hedge_uncertain
2025-01-10,CASH,0.0,0.0,0.0,0.0,0.6,moderate_hedge_uncertain
2025-01-11,BTC-USD,-0.0486578087300462,-0.13928690655321466,0.0,0.0,0.0,moderate_hedge_uncertain
2025-01-11,DIA,-0.1005021605564798,-0.13061809230249588,0.0,0.0,0.0,moderate_hedge_uncertain
2025-01-11,ETH-USD,-0.0891094209696253,-0.20637476224977475,0.0,0.0,0.0,moderate_hedge_uncertain
2025-01-11,GLD,0.2088899009297118,0.16962385948068015,0.6337798980536481,0.07296320079667704,0.35,moderate_hedge_uncertain
2025-01-11,QQQ,-0.0641886062686359,-0.10731631205899946,0.0,0.0,0.0,moderate_hedge_uncertain
2025-01-11,SPY,-0.0669440323620604,-0.10219191632252314,0.0,0.0,0.0,moderate_hedge_uncertain
2025-01-11,TLT,-0.0900316736740708,-0.11711511080745882,0.0,0.0,0.0,moderate_hedge_uncertain
2025-01-11,VIX,0.2594986071229413,0.0980145746217562,0.36622010194635174,0.018311005097317586,0.05,moderate_hedge_uncertain
2025-01-11,CASH,0.0,0.0,0.0,0.0,0.6,moderate_hedge_uncertain
2025-01-12,BTC-USD,-0.0853607519456551,-0.17598984976882356,0.0,0.0,0.0,high_hedge_risk_off
2025-01-12,DIA,-0.1311959445720099,-0.161311876318026,0.0,0.0,0.0,high_hedge_risk_off
2025-01-12,ETH-USD,-0.1870827113666534,-0.3043480526468028,0.0,0.0,0.0,high_hedge_risk_off
2025-01-12,GLD,0.2642673576238782,0.2250013161748466,0.5102807382902389,0.06993485383091344,0.35,high_hedge_risk_off
2025-01-12,QQQ,-0.109434368888826,-0.15256207467918953,0.0,0.0,0.0,high_hedge_risk_off
2025-01-12,SPY,-0.1094894857541937,-0.14473736971465648,0.0,0.0,0.0,high_hedge_risk_off
2025-01-12,TLT,-0.0132137551561723,-0.040297192289560316,0.0,0.0,0.0,high_hedge_risk_off
2025-01-12,VIX,0.3774190466466684,0.21593501414548327,0.48971926170976104,0.024485963085488054,0.05,high_hedge_risk_off
2025-01-12,CASH,0.0,0.0,0.0,0.0,0.6,high_hedge_risk_off
2025-01-13,BTC-USD,-0.0704872656472944,-0.16111636347046288,0.0,0.0,0.0,moderate_hedge_uncertain
2025-01-13,DIA,-0.0733657242288269,-0.10348165597484299,0.0,0.0,0.0,moderate_hedge_uncertain
2025-01-13,ETH-USD,-0.2171922509291656,-0.33445759220931504,0.0,0.0,0.0,moderate_hedge_uncertain
2025-01-13,GLD,0.1769727930562644,0.13770675160723275,0.36472313503579096,0.04978408841379963,0.35,moderate_hedge_uncertain
2025-01-13,QQQ,-0.1052017758234833,-0.14832948161384685,0.0,0.0,0.0,moderate_hedge_uncertain
2025-01-13,SPY,-0.0919951635762633,-0.12724304753672608,0.0,0.0,0.0,moderate_hedge_uncertain
2025-01-13,TLT,0.0016427515116236,-0.02544068562176442,0.0,0.0,0.0,moderate_hedge_uncertain
2025-01-13,VIX,0.4013424484935326,0.23985841599234747,0.635276864964209,0.03176384324821045,0.05,moderate_hedge_uncertain
2025-01-13,CASH,0.0,0.0,0.0,0.0,0.6000000000000001,moderate_hedge_uncertain
2025-01-14,BTC-USD,0.0143673511581594,-0.07626174666500907,0.0,0.0,0.0,moderate_hedge_uncertain
2025-01-14,DIA,-0.0710937346492485,-0.10120966639526459,0.0,0.0,0.0,moderate_hedge_uncertain
2025-01-14,ETH-USD,-0.1234778543822343,-0.24074319566238372,0.0,0.0,0.0,moderate_hedge_uncertain
2025-01-14,GLD,0.1610475736633118,0.12178153221428015,0.42632429890134305,0.052852155160675776,0.3499999999999999,moderate_hedge_uncertain
2025-01-14,QQQ,-0.1166297347682203,-0.15975744055858385,0.0,0.0,0.0,moderate_hedge_uncertain
2025-01-14,SPY,-0.1034185172559879,-0.13866640121645066,0.0,0.0,0.0,moderate_hedge_uncertain
2025-01-14,TLT,-0.0731025176775049,-0.10018595481089293,0.0,0.0,0.0,moderate_hedge_uncertain
2025-01-14,VIX,0.3253571827155553,0.16387315021437016,0.5736757010986568,0.028683785054932843,0.04999999999999999,moderate_hedge_uncertain
2025-01-14,CASH,0.0,0.0,0.0,0.0,0.6000000000000001,moderate_hedge_uncertain
2025-01-15,BTC-USD,0.1170182855501232,0.02638918772695473,0.20890410278922092,0.016712328223137674,0.04,moderate_hedge_uncertain
2025-01-15,DIA,-0.0336592214681241,-0.06377515321414019,0.0,0.0,0.0,moderate_hedge_uncertain
2025-01-15,ETH-USD,0.0435996224929529,-0.07366571878719654,0.0,0.0,0.0,moderate_hedge_uncertain
2025-01-15,GLD,0.1391988712153416,0.09993282976630996,0.7910958972107791,0.08072537667114317,0.35,moderate_hedge_uncertain
2025-01-15,QQQ,-0.0738766402330197,-0.11700434602338323,0.0,0.0,0.0,moderate_hedge_uncertain
2025-01-15,SPY,-0.0672439337375293,-0.10249181769799204,0.0,0.0,0.0,moderate_hedge_uncertain
2025-01-15,TLT,-0.07437437938215,-0.10145781651553801,0.0,0.0,0.0,moderate_hedge_uncertain
2025-01-15,VIX,0.0240393274036036,-0.1374447050975815,0.0,0.0,0.0,moderate_hedge_uncertain
2025-01-15,CASH,0.0,0.0,0.0,0.0,0.6100000000000001,moderate_hedge_uncertain
2025-01-16,BTC-USD,0.2452366032736727,0.15460750545050422,0.37707175476951726,0.030165740381561383,0.04,moderate_hedge_uncertain
2025-01-16,DIA,-0.0194459172993922,-0.04956184904540829,0.0,0.0,0.0,moderate_hedge_uncertain
2025-01-16,ETH-USD,-0.0765983525473362,-0.19386369382748564,0.0,0.0,0.0,moderate_hedge_uncertain
2025-01-16,GLD,0.2946799801796411,0.25541393873060947,0.6229282452304827,0.051745700770014905,0.35,moderate_hedge_uncertain
2025-01-16,QQQ,-0.1038123613926001,-0.14694006718296362,0.0,0.0,0.0,moderate_hedge_uncertain
2025-01-16,SPY,-0.0611855589550239,-0.09643344291548665,0.0,0.0,0.0,moderate_hedge_uncertain
2025-01-16,TLT,-0.0635706518069433,-0.0906540889403313,0.0,0.0,0.0,moderate_hedge_uncertain
2025-01-16,VIX,-0.030701745536298,-0.1921857780374831,0.0,0.0,0.0,moderate_hedge_uncertain
2025-01-16,CASH,0.0,0.0,0.0,0.0,0.6100000000000001,moderate_hedge_uncertain
2025-01-17,BTC-USD,0.4183702548379773,0.3277411570148089,0.6714590006452545,0.05371672005162036,0.04,moderate_hedge_uncertain
2025-01-17,DIA,0.0195284247032649,-0.010587507042751194,0.0,0.0,0.0,moderate_hedge_uncertain
2025-01-17,ETH-USD,-0.0010221384866956,-0.11828747976684503,0.0,0.0,0.0,moderate_hedge_uncertain
2025-01-17,GLD,0.1996278910211598,0.16036184957212815,0.32854099935474534,0.024202168246695455,0.25642951885394544,moderate_hedge_uncertain
2025-01-17,QQQ,-0.0378509900868763,-0.08097869587723985,0.0,0.0,0.0,moderate_hedge_uncertain
2025-01-17,SPY,-0.0235270517515467,-0.05877493571200945,0.0,0.0,0.0,moderate_hedge_uncertain
2025-01-17,TLT,-0.1176891725820009,-0.1447726097153889,0.0,0.0,0.0,moderate_hedge_uncertain
2025-01-17,VIX,-0.1731289368560386,-0.33461296935722373,0.0,0.0,0.0,moderate_hedge_uncertain
2025-01-17,CASH,0.0,0.0,0.0,0.0,0.7035704811460546,moderate_hedge_uncertain
2025-01-18,BTC-USD,0.438373041015348,0.3477439431921796,0.6693920143879416,0.05355136115103533,0.04,moderate_hedge_uncertain
2025-01-18,DIA,0.0427028084546614,0.012586876708645304,0.024229191966677586,0.012942166808584525,0.11996864115922348,moderate_hedge_uncertain
2025-01-18,ETH-USD,-0.0890683679769716,-0.20633370925712102,0.0,0.0,0.0,moderate_hedge_uncertain
2025-01-18,GLD,0.1984274409319996,0.15916139948296795,0.3063787936453808,0.022569164799595535,0.20920701093962965,moderate_hedge_uncertain
2025-01-18,QQQ,-0.003393263288822,-0.04652096907918555,0.0,0.0,0.0,moderate_hedge_uncertain
2025-01-18,SPY,0.0047690176334362,-0.030478866327026555,0.0,0.0,0.0,moderate_hedge_uncertain
2025-01-18,TLT,-0.0888056688092637,-0.11588910594265173,0.0,0.0,0.0,moderate_hedge_uncertain
2025-01-18,VIX,-0.1881822155887529,-0.349666248089938,0.0,0.0,0.0,moderate_hedge_uncertain
2025-01-18,CASH,0.0,0.0,0.0,0.0,0.6308243479011469,moderate_hedge_uncertain
2025-01-19,BTC-USD,0.2934923271121837,0.20286322928901526,0.27262691738857586,0.02181015339108607,0.04,moderate_hedge_uncertain
2025-01-19,DIA,0.161749487122895,0.1316335553768789,0.17690170147183054,0.10100430726338533,0.2900177922902641,moderate_hedge_uncertain
2025-01-19,ETH-USD,-0.1359866162365458,-0.2532519575166952,0.0,0.0,0.0,moderate_hedge_uncertain
2025-01-19,GLD,0.2439173066866934,0.20465126523766175,0.2750298502935084,0.020259867856128325,0.05817298595400404,moderate_hedge_uncertain
2025-01-19,QQQ,0.141654719458361,0.09852701366799745,0.13240997942283428,0.07560118492411519,0.21707676969700956,moderate_hedge_uncertain
2025-01-19,SPY,0.1416784693548689,0.10643058539440617,0.14303155142325097,0.0816657084025459,0.23449008362549909,moderate_hedge_uncertain
2025-01-19,TLT,-0.0666725637337213,-0.09375600086710931,0.0,0.0,0.0,moderate_hedge_uncertain
2025-01-19,VIX,-0.3335575806310818,-0.49504161313226697,0.0,0.0,0.0,moderate_hedge_uncertain
2025-01-19,CASH,0.0,0.0,0.0,0.0,0.16024236843322331,moderate_hedge_uncertain
2025-01-20,BTC-USD,0.2971814568399929,0.20655235901682448,0.24871394423086987,0.019897115538469592,0.04,moderate_hedge_uncertain
2025-01-20,DIA,0.1632537712000432,0.1331378394540271,0.16031401110403298,0.09245594909819403,0.23704162208052337,moderate_hedge_uncertain
2025-01-20,ETH-USD,-0.2906114100512201,-0.4078767513313696,0.0,0.0,0.0,moderate_hedge_uncertain
2025-01-20,GLD,0.2284044827597101,0.18913844131067845,0.22774548772026387,0.016776700710749534,0.04301266049859001,moderate_hedge_uncertain
2025-01-20,QQQ,0.204695225987864,0.16156752019750045,0.1945467744798205,0.1121985942130271,0.28765846899872305,moderate_hedge_uncertain
2025-01-20,SPY,0.1753333427566598,0.14008545879619702,0.16867978246501275,0.09728063862964083,0.24941132077189085,moderate_hedge_uncertain
2025-01-20,TLT,-0.0563917407429213,-0.08347517787630931,0.0,0.0,0.0,moderate_hedge_uncertain
2025-01-20,VIX,-0.263064970835675,-0.42454900333686013,0.0,0.0,0.0,moderate_hedge_uncertain
2025-01-20,CASH,0.0,0.0,0.0,0.0,0.14287592765027274,moderate_hedge_uncertain
2025-01-21,BTC-USD,0.3524965509642703,0.2618674531411019,0.3410129048009828,0.027281032384078623,0.04,moderate_hedge_uncertain
2025-01-21,DIA,0.144954018949548,0.11483808720353192,0.14954615103681385,0.08366256373993294,0.23787244720724965,moderate_hedge_uncertain
2025-01-21,ETH-USD,-0.1437294368631272,-0.26099477814327665,0.0,0.0,0.0,moderate_hedge_uncertain
2025-01-21,GLD,0.192109481423152,0.15284343997412037,0.19903804317852664,0.014661988315322573,0.04168749899096357,moderate_hedge_uncertain
2025-01-21,QQQ,0.165916924428658,0.12278921863829444,0.15990039091847555,0.08945517189515607,0.254342201611129,moderate_hedge_uncertain
2025-01-21,SPY,0.1508203694800891,0.11557248551962634,0.15050251006520127,0.08419759220850935,0.2393936596283922,moderate_hedge_uncertain
2025-01-21,TLT,-0.055628541984276,-0.08271197911766401,0.0,0.0,0.0,moderate_hedge_uncertain
2025-01-21,VIX,-0.3387985927698473,-0.5002826252710325,0.0,0.0,0.0,moderate_hedge_uncertain
2025-01-21,CASH,0.0,0.0,0.0,0.0,0.18670419256226553,moderate_hedge_uncertain
2025-01-22,BTC-USD,0.1656828298649998,0.07505373204183133,0.08239764651739788,0.00659181172139183,0.013693027781227713,moderate_hedge_uncertain
2025-01-22,DIA,0.2274279535846137,0.1973120218385976,0.21661875814554307,0.12125547233703379,0.25188136759863583,moderate_hedge_uncertain
2025-01-22,ETH-USD,-0.3348274677600802,-0.45209280904022964,0.0,0.0,0.0,moderate_hedge_uncertain
2025-01-22,GLD,0.2462761497992555,0.20701010835022385,0.2272657903788602,0.016741364162277693,0.03477647333672867,moderate_hedge_uncertain
2025-01-22,QQQ,0.2736188614569121,0.23049115566654857,0.2530444290153835,0.14164526666660998,0.29423664593620563,moderate_hedge_uncertain
2025-01-22,SPY,0.2362531447512708,0.20100526079080802,0.22067337594281541,0.12352510309460683,0.2565960224355939,moderate_hedge_uncertain
2025-01-22,TLT,-0.0329491844180561,-0.06003262155144412,0.0,0.0,0.0,moderate_hedge_uncertain
2025-01-22,VIX,-0.2807867891122388,-0.44227082161342396,0.0,0.0,0.0,moderate_hedge_uncertain
2025-01-22,CASH,0.0,0.0,0.0,0.0,0.1488164629116083,moderate_hedge_uncertain
2025-01-23,BTC-USD,0.1611688552939075,0.07053975747073904,0.07636740103427857,0.006109392082742285,0.01279682897247632,moderate_hedge_uncertain
2025-01-23,DIA,0.2651092800605932,0.23499334831457713,0.2544073287829409,0.15003038555568704,0.31425601084830507,moderate_hedge_uncertain
2025-01-23,ETH-USD,-0.2574213129726389,-0.37468665425278835,0.0,0.0,0.0,moderate_hedge_uncertain
2025-01-23,GLD,0.2721795454395387,0.2329135039905071,0.252155658075808,0.018574857616659342,0.038907189600735866,moderate_hedge_uncertain
2025-01-23,QQQ,0.2373337776814636,0.19420607189110006,0.21025041065035843,0.12398994291563017,0.25971128916090436,moderate_hedge_uncertain
2025-01-23,SPY,0.2262845843516809,0.19103670039121812,0.20681920145661406,0.12196647275570055,0.2554728966634456,moderate_hedge_uncertain
2025-01-23,TLT,-0.1377182337789129,-0.1648016709123009,0.0,0.0,0.0,moderate_hedge_uncertain
2025-01-23,VIX,-0.2777556347257502,-0.43923966722693536,0.0,0.0,0.0,moderate_hedge_uncertain
2025-01-23,CASH,0.0,0.0,0.0,0.0,0.1188557847541328,moderate_hedge_uncertain
2025-01-24,BTC-USD,0.2525355960387586,0.1619064982155901,0.19569388741736884,0.015655510993389507,0.04,moderate_hedge_uncertain
2025-01-24,DIA,0.1985720832111707,0.1684561514651546,0.20361035228918867,0.11900500694008799,0.3328059908368703,moderate_hedge_uncertain
2025-01-24,ETH-USD,-0.2625803256086992,-0.3798456668888487,0.0,0.0,0.0,moderate_hedge_uncertain
2025-01-24,GLD,0.3187394036784722,0.2794733622294406,0.33779514279566714,0.02488342609060492,0.06958827606025833,moderate_hedge_uncertain
2025-01-24,QQQ,0.1369922703557069,0.09386456456534335,0.11345265157962581,0.06631015288175823,0.18544107260518922,moderate_hedge_uncertain
2025-01-24,SPY,0.1588930174216056,0.12364513346114286,0.14944796591814946,0.08734848705536945,0.24427627483941794,moderate_hedge_uncertain
2025-01-24,TLT,-0.1013193901732068,-0.12840282730659483,0.0,0.0,0.0,moderate_hedge_uncertain
2025-01-24,VIX,-0.2454969652406323,-0.40698099774181745,0.0,0.0,0.0,moderate_hedge_uncertain
2025-01-24,CASH,0.0,0.0,0.0,0.0,0.1278883856582642,moderate_hedge_uncertain
2025-01-25,BTC-USD,0.2470315449121424,0.15640244708897394,0.19283075466918095,0.015426460373534477,0.04,moderate_hedge_uncertain
2025-01-25,DIA,0.1987504418137066,0.1686345100676905,0.20791183542749572,0.12151911304977175,0.3434712170121609,moderate_hedge_uncertain
2025-01-25,ETH-USD,-0.263497225773267,-0.3807625670534165,0.0,0.0,0.0,moderate_hedge_uncertain
2025-01-25,GLD,0.3208028366025356,0.281536795153504,0.3471106346930044,0.025569644821419976,0.07227206325793958,moderate_hedge_uncertain
2025-01-25,QQQ,0.12949199625255,0.08636429046218645,0.10647973619503434,0.06223466342639513,0.17590496713591922,moderate_hedge_uncertain
2025-01-25,SPY,0.1533964718311131,0.11814858787065036,0.14566703901528458,0.08513863265805661,0.24064255440900734,moderate_hedge_uncertain
2025-01-25,TLT,-0.1007080417763231,-0.12779147890971113,0.0,0.0,0.0,moderate_hedge_uncertain
2025-01-25,VIX,-0.2333831855686934,-0.3948672180698785,0.0,0.0,0.0,moderate_hedge_uncertain
2025-01-25,CASH,0.0,0.0,0.0,0.0,0.12770919818497298,moderate_hedge_uncertain
2025-01-26,BTC-USD,-0.0070067291604669,-0.09763582698363536,0.0,0.0,0.0,moderate_hedge_uncertain
2025-01-26,DIA,0.2892618091158485,0.2591458773698324,0.27595210485241156,0.16293515887413956,0.35,moderate_hedge_uncertain
2025-01-26,ETH-USD,-0.4235190065786596,-0.540784347858809,0.0,0.0,0.0,moderate_hedge_uncertain
2025-01-26,GLD,0.3809223123278309,0.3416562708787993,0.3638134939360055,0.026800048432818076,0.05872770466316983,moderate_hedge_uncertain
2025-01-26,QQQ,0.1933715239132384,0.15024381812287485,0.15998748763771245,0.09446417062144512,0.20700201073943228,moderate_hedge_uncertain
2025-01-26,SPY,0.2232992203923987,0.18805133643193592,0.2002469135738706,0.11823523757742256,0.2590922225619445,moderate_hedge_uncertain
2025-01-26,TLT,-0.0203463164564533,-0.04742975358984132,0.0,0.0,0.0,moderate_hedge_uncertain
2025-01-26,VIX,-0.1114364693895751,-0.2729205018907602,0.0,0.0,0.0,moderate_hedge_uncertain
2025-01-26,CASH,0.0,0.0,0.0,0.0,0.12517806203545345,moderate_hedge_uncertain
2025-01-27,BTC-USD,0.0869036392190405,-0.0037254586041279673,0.0,0.0,0.0,moderate_hedge_uncertain
2025-01-27,DIA,0.2661335819462481,0.23601765020023202,0.528151502897068,0.2995794147592537,0.35,moderate_hedge_uncertain
2025-01-27,ETH-USD,-0.3866443326303772,-0.5039096739105267,0.0,0.0,0.0,moderate_hedge_uncertain
2025-01-27,GLD,0.1771138380475064,0.13784779659847476,0.30847066260836037,0.022723261386337245,0.053834969022172004,moderate_hedge_uncertain
2025-01-27,QQQ,-0.086744803602526,-0.12987250939288952,0.0,0.0,0.0,moderate_hedge_uncertain
2025-01-27,SPY,0.0410609864982953,0.00581310253783255,0.013008344245637285,0.007378625516955917,0.017481120750138884,moderate_hedge_uncertain
2025-01-27,TLT,0.0942797880964881,0.06719635096310009,0.15036949024893423,0.03274368994738537,0.07757493539413245,moderate_hedge_uncertain
2025-01-27,VIX,0.1384195268652013,-0.023064505635983827,0.0,0.0,0.0,moderate_hedge_uncertain
2025-01-27,CASH,0.0,0.0,0.0,0.0,0.5011089748335567,moderate_hedge_uncertain
2025-01-28,BTC-USD,0.0998314705572078,0.009202372734039333,0.01578743533918372,0.0012629948271346975,0.0029626347313850073,moderate_hedge_uncertain
2025-01-28,DIA,0.2761138881046595,0.2459979563586434,0.422029941823352,0.23303261361969765,0.3499999999999999,moderate_hedge_uncertain
2025-01-28,ETH-USD,-0.4169717770353133,-0.5342371183154627,0.0,0.0,0.0,moderate_hedge_uncertain
2025-01-28,GLD,0.2118270145656552,0.17256097311662355,0.29604269288813073,0.021807764266018066,0.0511549520554541,moderate_hedge_uncertain
2025-01-28,QQQ,0.0310231648202434,-0.01210454097012015,0.0,0.0,0.0,moderate_hedge_uncertain
2025-01-28,SPY,0.1146814321869424,0.07943354822647966,0.13627485460883082,0.0752469964641333,0.17650853381782766,moderate_hedge_uncertain
2025-01-28,TLT,0.1027807750950076,0.07569733796161959,0.12986507534050276,0.02827875359077017,0.06633409397120132,moderate_hedge_uncertain
2025-01-28,VIX,0.0092713058086098,-0.15221272669257532,0.0,0.0,0.0,moderate_hedge_uncertain
2025-01-28,CASH,0.0,0.0,0.0,0.0,0.353039785424132,moderate_hedge_uncertain
2025-01-29,BTC-USD,0.2363287976684685,0.14569969984530004,0.2869533935942497,0.022956271487539977,0.04,moderate_hedge_uncertain
2025-01-29,DIA,0.2346386274764372,0.20452269573042112,0.4028044098182929,0.21929292963471944,0.35,moderate_hedge_uncertain
2025-01-29,ETH-USD,-0.3512686402646682,-0.4685339815448176,0.0,0.0,0.0,moderate_hedge_uncertain
2025-01-29,GLD,0.1479255507816891,0.10865950933265744,0.21400328883586173,0.015764392730368143,0.04501779815503158,moderate_hedge_uncertain
2025-01-29,QQQ,-0.0078898796139921,-0.05101758540435564,0.0,0.0,0.0,moderate_hedge_uncertain
2025-01-29,SPY,0.0565792085785693,0.02133132461810655,0.042011726829399444,0.022871831665369605,0.06531425085369741,moderate_hedge_uncertain
2025-01-29,TLT,0.0546171208611106,0.02753368372772258,0.054227180922196194,0.011808233147338634,0.03372033832742696,moderate_hedge_uncertain
2025-01-29,VIX,0.0078245005381227,-0.15365953196306242,0.0,0.0,0.0,moderate_hedge_uncertain
2025-01-29,CASH,0.0,0.0,0.0,0.0,0.4659476126638441,moderate_hedge_uncertain
2025-01-30,BTC-USD,0.1499925963613738,0.05936349853820533,0.11027358687952406,0.008821886950361926,0.018773854549274542,moderate_hedge_uncertain
2025-01-30,DIA,0.2879010083426541,0.257785076596638,0.4788613498247424,0.3001080647280161,0.35,moderate_hedge_uncertain
2025-01-30,ETH-USD,-0.2659146137900922,-0.3831799550702416,0.0,0.0,0.0,moderate_hedge_uncertain
2025-01-30,GLD,0.1450429812509415,0.10577693980190986,0.1964911578381635,0.014474373919468127,0.030802910101308777,moderate_hedge_uncertain
2025-01-30,QQQ,0.0387157275483294,-0.004411978242034148,0.0,0.0,0.0,moderate_hedge_uncertain
2025-01-30,SPY,0.116001847053062,0.08075396309259926,0.1500084965380957,0.09401209683196095,0.20006711055429463,moderate_hedge_uncertain
2025-01-30,TLT,0.0617332201542003,0.03464978302081228,0.06436540891947429,0.014015881370200878,0.029827192266756807,moderate_hedge_uncertain
2025-01-30,VIX,-0.0799400109444309,-0.24142404344561602,0.0,0.0,0.0,moderate_hedge_uncertain
2025-01-30,CASH,0.0,0.0,0.0,0.0,0.37052893252836533,moderate_hedge_uncertain
2025-01-31,BTC-USD,0.1119726876136979,0.021343589790529433,0.05007855404748209,0.0040062843237985675,0.008551067573196472,moderate_hedge_uncertain
2025-01-31,DIA,0.2498232110700464,0.2197072793240303,0.5155001089430502,0.3138858638921079,0.35,moderate_hedge_uncertain
2025-01-31,ETH-USD,-0.1806678876146427,-0.2979332288947921,0.0,0.0,0.0,moderate_hedge_uncertain
2025-01-31,GLD,0.1671513602762587,0.12788531882722706,0.3000578587586277,0.022103537340811604,0.04717808975393497,moderate_hedge_uncertain
2025-01-31,QQQ,0.0280820859063359,-0.015045619884027651,0.0,0.0,0.0,moderate_hedge_uncertain
2025-01-31,SPY,0.0925138936758299,0.05726600971536716,0.13436347825083986,0.08181336087937194,0.17462354659004803,moderate_hedge_uncertain
2025-01-31,TLT,0.0211944465127338,-0.00588899062065422,0.0,0.0,0.0,moderate_hedge_uncertain
2025-01-31,VIX,-0.0708977289047039,-0.232381761405889,0.0,0.0,0.0,moderate_hedge_uncertain
2025-01-31,CASH,0.0,0.0,0.0,0.0,0.4196472960828206,moderate_hedge_uncertain
2025-02-01,BTC-USD,0.1056810152269322,0.015051917403763732,0.018674733229517935,0.0014939786583614348,0.0031150556241057877,moderate_hedge_uncertain
2025-02-01,DIA,0.3025488923785861,0.27243296063257005,0.3380043037884894,0.20580940926722777,0.35,moderate_hedge_uncertain
2025-02-01,ETH-USD,-0.263611831743729,-0.38087717302387847,0.0,0.0,0.0,moderate_hedge_uncertain
2025-02-01,GLD,0.2536711336637259,0.21440509221469425,0.26600982404795936,0.019595414372610306,0.04085788334823432,moderate_hedge_uncertain
2025-02-01,QQQ,0.1467552390449464,0.10362753325458283,0.1285694364944118,0.0782853930501827,0.16323081493932992,moderate_hedge_uncertain
2025-02-01,SPY,0.1845245332301617,0.14927664926969894,0.1852057467317005,0.1127710058733434,0.23513585961603403,moderate_hedge_uncertain
2025-02-01,TLT,0.078293697849359,0.05121026071597098,0.06353595570792116,0.013835263890291593,0.02884754501092347,moderate_hedge_uncertain
2025-02-01,VIX,-0.2656093780725106,-0.42709341057369576,0.0,0.0,0.0,moderate_hedge_uncertain
2025-02-01,CASH,0.0,0.0,0.0,0.0,0.17881284146137255,moderate_hedge_uncertain
2025-02-02,BTC-USD,0.005579471611995,-0.08504962621117347,0.0,0.0,0.0,moderate_hedge_uncertain
2025-02-02,DIA,0.2968389148815829,0.26672298313556686,0.28926637586933807,0.17581849406662223,0.35,moderate_hedge_uncertain
2025-02-02,ETH-USD,-0.4141144292422332,-0.5313797705223826,0.0,0.0,0.0,moderate_hedge_uncertain
2025-02-02,GLD,0.3204741852354196,0.281208143786388,0.30497582046271415,0.022465815303045242,0.04999470065129214,moderate_hedge_uncertain
2025-02-02,QQQ,0.1597313797483233,0.11660367395795974,0.12645900170412117,0.07686282643106104,0.17104805442392468,moderate_hedge_uncertain
2025-02-02,SPY,0.1962673133455898,0.16101942938512703,0.1746287711513433,0.10614081042866366,0.23620233553452624,moderate_hedge_uncertain
2025-02-02,TLT,0.1235962197867296,0.0965127826533416,0.10467003081248329,0.022792409142097972,0.05072149204513861,moderate_hedge_uncertain
2025-02-02,VIX,-0.1433522840613432,-0.3048363165625283,0.0,0.0,0.0,moderate_hedge_uncertain
2025-02-02,CASH,0.0,0.0,0.0,0.0,0.14203341734511843,moderate_hedge_uncertain
2025-02-03,BTC-USD,0.0522891476994458,-0.03833995012372267,0.0,0.0,0.0,moderate_hedge_uncertain
2025-02-03,DIA,0.2188005152893767,0.1886845835433606,0.30551292285578685,0.17886972765891274,0.3499999999999999,moderate_hedge_uncertain
2025-02-03,ETH-USD,-0.4698604611693019,-0.5871258024494513,0.0,0.0,0.0,moderate_hedge_uncertain
2025-02-03,GLD,0.2784003330011105,0.23913429155207888,0.387199711789566,0.02852283123243182,0.07897502930856899,moderate_hedge_uncertain
2025-02-03,QQQ,0.0555060594562071,0.012378353665843554,0.020042692082076992,0.011734465569447688,0.03249080551350698,moderate_hedge_uncertain
2025-02-03,SPY,0.0940739047973108,0.058826020836848056,0.095249485826227,0.055766052152991546,0.15440702808625792,moderate_hedge_uncertain
2025-02-03,TLT,0.1456595407136052,0.1185761035802172,0.19199518744634303,0.041807929428904975,0.11575928157594924,moderate_hedge_uncertain
2025-02-03,VIX,0.0614685481011116,-0.10001548440007352,0.0,0.0,0.0,moderate_hedge_uncertain
2025-02-03,CASH,0.0,0.0,0.0,0.0,0.26836785551571685,moderate_hedge_uncertain
2025-02-04,BTC-USD,-0.0682815110874484,-0.15891060891061687,0.0,0.0,0.0,low_hedge_stable
2025-02-04,DIA,0.2289905558819756,0.1988746241359595,0.2683333037711988,0.17904352039701946,0.35,low_hedge_stable
2025-02-04,ETH-USD,-0.5184150147804762,-0.6356803560606257,0.0,0.0,0.0,low_hedge_stable
2025-02-04,GLD,0.2983570969543298,0.2590910555052982,0.34958084372682396,0.02497983312903041,0.06179479960561555,low_hedge_stable
2025-02-04,QQQ,0.1079968924047213,0.06486918661435774,0.08752531014354621,0.05840065109958773,0.14447080222255163,low_hedge_stable
2025-02-04,SPY,0.1317140485671692,0.09646616460670646,0.1301578055195098,0.08684688549593648,0.21484074204468243,low_hedge_stable
2025-02-04,TLT,0.1489301555103295,0.1218467183769415,0.16440273683892137,0.03472655109377343,0.0859061089299275,low_hedge_stable
2025-02-04,VIX,0.122478935671766,-0.03900509682941913,0.0,0.0,0.0,low_hedge_stable
2025-02-04,CASH,0.0,0.0,0.0,0.0,0.14298754719722293,low_hedge_stable
2025-02-05,BTC-USD,-0.0754177578801789,-0.16604685570334737,0.0,0.0,0.0,low_hedge_stable
2025-02-05,DIA,0.3066467392057823,0.2765308074597662,0.26393915833715154,0.1760376562618886,0.35,low_hedge_stable
2025-02-05,ETH-USD,-0.5050502001093725,-0.6223155413895219,0.0,0.0,0.0,low_hedge_stable
2025-02-05,GLD,0.3295759605077922,0.2903099190587606,0.27709084711816157,0.0198166101074864,0.045550423640621,low_hedge_stable
2025-02-05,QQQ,0.1701082171668976,0.12698051137653407,0.121198536994182,0.08083494139043959,0.18580704799294945,low_hedge_stable
2025-02-05,SPY,0.1850812771920587,0.14983339323159592,0.14301082784818017,0.0953829326162644,0.21924703393716563,low_hedge_stable
2025-02-05,TLT,0.2311354411340978,0.2040520040007098,0.19476062970232486,0.04117362050403044,0.09464160855989294,low_hedge_stable
2025-02-05,VIX,-0.0838351808158666,-0.2453192133170517,0.0,0.0,0.0,low_hedge_stable
2025-02-05,CASH,0.0,0.0,0.0,0.0,0.10475388586937107,low_hedge_stable
2025-02-06,BTC-USD,-0.0932806783879503,-0.1839097762111188,0.0,0.0,0.0,low_hedge_stable
2025-02-06,DIA,0.2750382922544103,0.24492236050839422,0.23294136234973722,0.15838907161557075,0.3499999999999999,low_hedge_stable
2025-02-06,ETH-USD,-0.515037749588177,-0.6323030908683265,0.0,0.0,0.0,low_hedge_stable
2025-02-06,GLD,0.338416387116729,0.2991503456676974,0.28451664814344274,0.019554041567473614,0.04538074018832787,low_hedge_stable
2025-02-06,QQQ,0.1773330750613196,0.13420536927095605,0.1276403734135766,0.08678939644599352,0.20141959081077485,low_hedge_stable
2025-02-06,SPY,0.1968966980577715,0.16164881409730872,0.15374135256529983,0.1045368235855836,0.24260756605639935,low_hedge_stable
2025-02-06,TLT,0.2385900845006462,0.2115066473672582,0.20116026352794358,0.04086788322014751,0.09484559926196652,low_hedge_stable
2025-02-06,VIX,-0.0590942377014798,-0.2205782702026649,0.0,0.0,0.0,low_hedge_stable
2025-02-06,CASH,0.0,0.0,0.0,0.0,0.06574650368253145,low_hedge_stable
2025-02-07,BTC-USD,-0.0825437827970994,-0.17317288062026787,0.0,0.0,0.0,low_hedge_stable
2025-02-07,DIA,0.2082610008911342,0.1781450691451181,0.1985151631266975,0.1318847824625558,0.35,low_hedge_stable
2025-02-07,ETH-USD,-0.5311029447426013,-0.6483682860227508,0.0,0.0,0.0,low_hedge_stable
2025-02-07,GLD,0.3754981058404851,0.3362320643914535,0.37467870107997764,0.027005491440945103,0.07512349239105415,low_hedge_stable
2025-02-07,QQQ,0.119480682709801,0.07635297691943745,0.0850835992323982,0.05652581797358439,0.1572427173089085,low_hedge_stable
2025-02-07,SPY,0.1408384798822687,0.10559059592180595,0.11766440954359098,0.07817108180465535,0.21745520469398943,low_hedge_stable
2025-02-07,TLT,0.2281504483447897,0.2010670112114017,0.2240581270173357,0.047738072209211675,0.13279709099960746,low_hedge_stable
2025-02-07,VIX,0.0425870909233464,-0.11889694157783873,0.0,0.0,0.0,low_hedge_stable
2025-02-07,CASH,0.0,0.0,0.0,0.0,0.06738149460644055,low_hedge_stable
2025-02-08,BTC-USD,-0.074423042983625,-0.16505214080679345,0.0,0.0,0.0,low_hedge_stable
2025-02-08,DIA,0.2316918802585471,0.201575948512531,0.20998781959673676,0.1395067123517546,0.35,low_hedge_stable
2025-02-08,ETH-USD,-0.4806438239949048,-0.5979091652750542,0.0,0.0,0.0,low_hedge_stable
2025-02-08,GLD,0.3779918837023373,0.33872584225330565,0.3528610510366427,0.02543295417781232,0.06656809953387181,low_hedge_stable
2025-02-08,QQQ,0.1391177712796616,0.09599006548929805,0.0999957817576268,0.06643281876463114,0.1738809601480605,low_hedge_stable
2025-02-08,SPY,0.1619275076578619,0.12667962369739913,0.13196603148266114,0.0876724527623044,0.22947348235901113,low_hedge_stable
2025-02-08,TLT,0.2240531047180779,0.1969696675846899,0.20518931612633262,0.043717862849047655,0.11442693700452734,low_hedge_stable
2025-02-08,VIX,-0.0491059058564228,-0.21058993835760792,0.0,0.0,0.0,low_hedge_stable
2025-02-08,CASH,0.0,0.0,0.0,0.0,0.06565052095452929,low_hedge_stable
2025-02-09,BTC-USD,-0.0784982093445039,-0.16912730716767235,0.0,0.0,0.0,low_hedge_stable
2025-02-09,DIA,0.2253755945241285,0.1952596627781124,0.2047666907597918,0.13603802228597325,0.3499999999999999,low_hedge_stable
2025-02-09,ETH-USD,-0.4919557737299384,-0.6092211150100878,0.0,0.0,0.0,low_hedge_stable
2025-02-09,GLD,0.3679523155756662,0.3286862741266346,0.34468973106626283,0.024843995206544435,0.06705219335040653,low_hedge_stable
2025-02-09,QQQ,0.1212464151655358,0.07811870937517225,0.08192224332251087,0.05442555095983908,0.1468907289597374,low_hedge_stable
2025-02-09,SPY,0.1577098751301653,0.12246199116970255,0.12842456203650546,0.08531965510388097,0.23027174023558122,low_hedge_stable
2025-02-09,TLT,0.2561282133428759,0.22904477620948788,0.24019677281492902,0.051176590711218516,0.13812201406637334,low_hedge_stable
2025-02-09,VIX,-0.0308339474633479,-0.192317979964533,0.0,0.0,0.0,low_hedge_stable
2025-02-09,CASH,0.0,0.0,0.0,0.0,0.06766332338790149,low_hedge_stable
2025-02-10,BTC-USD,-0.0631446362139913,-0.15377373403715977,0.0,0.0,0.0,low_hedge_stable
2025-02-10,DIA,0.1786417896222512,0.1485258578762351,0.17317301075753114,0.11607218717392567,0.3082568206440814,low_hedge_stable
2025-02-10,ETH-USD,-0.5212240307418119,-0.6384893720219613,0.0,0.0,0.0,low_hedge_stable
2025-02-10,GLD,0.4050600181183411,0.36579397666930946,0.42649573052511586,0.030198913752612078,0.08020027335520212,low_hedge_stable
2025-02-10,QQQ,0.1611335739128519,0.11800586812248835,0.1375883752636264,0.09222097356103998,0.24491434855131297,low_hedge_stable
2025-02-10,SPY,0.1550248267412407,0.11977694278077797,0.13965335125661443,0.093605059215723,0.24859011148642818,low_hedge_stable
2025-02-10,TLT,0.1326540354915705,0.1055705983581825,0.1230895321971121,0.02576373671619189,0.06842162417551606,low_hedge_stable
2025-02-10,VIX,0.0461977799222445,-0.11528625257894062,0.0,0.0,0.0,low_hedge_stable
2025-02-10,CASH,0.0,0.0,0.0,0.0,0.0496168217874593,low_hedge_stable
2025-02-11,BTC-USD,-0.1356687130600591,-0.22629781088322756,0.0,0.0,0.0,low_hedge_stable
2025-02-11,DIA,0.1911697822548397,0.1610538505088236,0.22366556572895427,0.15106754670155315,0.35,low_hedge_stable
2025-02-11,ETH-USD,-0.4981336647530613,-0.6153990060332107,0.0,0.0,0.0,low_hedge_stable
2025-02-11,GLD,0.3880342933976209,0.3487682519485893,0.4843563077438246,0.03376020517901623,0.10069536050557469,low_hedge_stable
2025-02-11,QQQ,0.0778646649131677,0.034736959122804154,0.048241390003152314,0.032583059504477103,0.097184330064949,low_hedge_stable
2025-02-11,SPY,0.1138931035400141,0.07864521957955135,0.10921954038083974,0.07376874470341752,0.2200274051228615,low_hedge_stable
2025-02-11,TLT,0.1239446250766923,0.09686118794330428,0.13451719614322907,0.027715901677832867,0.08266723191958304,low_hedge_stable
2025-02-11,VIX,0.1355261377012462,-0.025957894799938923,0.0,0.0,0.0,low_hedge_stable
2025-02-11,CASH,0.0,0.0,0.0,0.0,0.14942567238703183,low_hedge_stable
2025-02-12,BTC-USD,-0.0580126596904104,-0.14864175751357886,0.0,0.0,0.0,low_hedge_stable
2025-02-12,DIA,0.125672574026382,0.0955566422803659,0.1545409149248013,0.10504049451248687,0.3499999999999999,low_hedge_stable
2025-02-12,ETH-USD,-0.3297425603506523,-0.44700790163080173,0.0,0.0,0.0,low_hedge_stable
2025-02-12,GLD,0.3989745115730095,0.3597084701239779,0.5817458080628075,0.04001410936080994,0.13476925052741912,low_hedge_stable
2025-02-12,QQQ,0.1012484082640886,0.058120702473725055,0.0939968831262207,0.06388909429593473,0.21518123213737442,low_hedge_stable
2025-02-12,SPY,0.0860600008462651,0.05081211688580235,0.08217692507191948,0.0558551426414826,0.1881225355790933,low_hedge_stable
2025-02-12,TLT,0.0812113534264097,0.05412791629302168,0.08753946881425101,0.01779897008408819,0.05994770086628176,low_hedge_stable
2025-02-12,VIX,-0.00528362393165,-0.16676765643283512,0.0,0.0,0.0,low_hedge_stable
2025-02-12,CASH,0.0,0.0,0.0,0.0,0.051979280889831406,low_hedge_stable
2025-02-13,BTC-USD,-0.1161678453052352,-0.20679694312840366,0.0,0.0,0.0,low_hedge_stable
2025-02-13,DIA,0.2117979256364554,0.1816819938904393,0.1859180394421686,0.12305264647659661,0.3063274798382795,low_hedge_stable
2025-02-13,ETH-USD,-0.3890926633469304,-0.5063580046270798,0.0,0.0,0.0,low_hedge_stable
2025-02-13,GLD,0.3977945915024282,0.35852855005339657,0.36688789946992434,0.026640230347510136,0.06631823742381765,low_hedge_stable
2025-02-13,QQQ,0.1975231958098242,0.15439549001946065,0.15799533122936282,0.10457158270952556,0.26032068639987804,low_hedge_stable
2025-02-13,SPY,0.1771140590517074,0.14186617509124463,0.14517388636778705,0.09608551687855803,0.23919545883123394,low_hedge_stable
2025-02-13,TLT,0.1678267496902022,0.1407433125568142,0.14402484349075728,0.030913848437710237,0.07695698999718274,low_hedge_stable
2025-02-13,VIX,-0.106676784170795,-0.2681608166719801,0.0,0.0,0.0,low_hedge_stable
2025-02-13,CASH,0.0,0.0,0.0,0.0,0.0508811475096082,low_hedge_stable
2025-02-14,BTC-USD,-0.101997199363305,-0.19262629718647348,0.0,0.0,0.0,low_hedge_stable
2025-02-14,DIA,0.2092499735289127,0.1791340417828966,0.17647241418576737,0.11680041990040958,0.27669546419826657,low_hedge_stable
2025-02-14,ETH-USD,-0.3831142876686046,-0.5003796289487541,0.0,0.0,0.0,low_hedge_stable
2025-02-14,GLD,0.3365713273490545,0.29730528590002286,0.2928878343322023,0.021267161761848515,0.050381044870316125,low_hedge_stable
2025-02-14,QQQ,0.2269854146311671,0.18385770884080355,0.18112589557446349,0.11988038331965702,0.2839917727965489,low_hedge_stable
2025-02-14,SPY,0.1888630457334026,0.15361516177293982,0.1513327013882863,0.10016139433672856,0.2372782865367897,low_hedge_stable
2025-02-14,TLT,0.2282536391620667,0.2011702020286787,0.19818115451928053,0.04253844812443048,0.10077186075271892,low_hedge_stable
2025-02-14,VIX,-0.1470264159404258,-0.3085104484416109,0.0,0.0,0.0,low_hedge_stable
2025-02-14,CASH,0.0,0.0,0.0,0.0,0.05088157084535981,low_hedge_stable
2025-02-15,BTC-USD,-0.077932909683942,-0.16856200750711045,0.0,0.0,0.0,low_hedge_stable
2025-02-15,DIA,0.2170366919387105,0.1869207601926944,0.1782338154360264,0.11796622836326465,0.27436203793200403,low_hedge_stable
2025-02-15,ETH-USD,-0.3976779287386656,-0.514943270018815,0.0,0.0,0.0,low_hedge_stable
2025-02-15,GLD,0.3239649603831402,0.2846989189341086,0.2714678376004239,0.019711812014314073,0.04584509474123279,low_hedge_stable
2025-02-15,QQQ,0.2390301241418415,0.19590241835147795,0.18679806052539916,0.12363457861150662,0.28754530357843155,low_hedge_stable
2025-02-15,SPY,0.1964741898196193,0.16122630585915654,0.15373348370887036,0.10175038447061784,0.2366477527598652,low_hedge_stable
2025-02-15,TLT,0.2470740720946959,0.21999063496130788,0.20976680272928014,0.04502523907199337,0.10471824454815458,low_hedge_stable
2025-02-15,VIX,-0.1754919030592397,-0.3369759355604248,0.0,0.0,0.0,low_hedge_stable
2025-02-15,CASH,0.0,0.0,0.0,0.0,0.0508815664403119,low_hedge_stable
2025-02-16,BTC-USD,-0.0243748720066086,-0.11500396982977706,0.0,0.0,0.0,low_hedge_stable
2025-02-16,DIA,0.1871070093553988,0.15699107760938272,0.13899214171328367,0.09731682147136854,0.19903705608454594,low_hedge_stable
2025-02-16,ETH-USD,-0.2398719933532597,-0.35713733463340913,0.0,0.0,0.0,low_hedge_stable
2025-02-16,GLD,0.314563973532641,0.27529793208360936,0.24373518401310773,0.015693557015985807,0.0320972195837261,low_hedge_stable
2025-02-16,QQQ,0.3423667024278619,0.2992389966374983,0.26493141941650195,0.18549454183313682,0.35,low_hedge_stable
2025-02-16,SPY,0.2596968377511829,0.2244489537907201,0.1987160115576755,0.1391331220735662,0.28456177054160975,low_hedge_stable
2025-02-16,TLT,0.2006025454534258,0.17351910832003778,0.15362524329943122,0.029239965197716926,0.05980298683183362,low_hedge_stable
2025-02-16,VIX,-0.4004233854748884,-0.5619074179760736,0.0,0.0,0.0,low_hedge_stable
2025-02-16,CASH,0.0,0.0,0.0,0.0,0.07450096695828458,low_hedge_stable
2025-02-17,BTC-USD,-0.0991695546777703,-0.18979865250093877,0.0,0.0,0.0,low_hedge_stable
2025-02-17,DIA,0.1808072101523641,0.150691278406348,0.12518837707329414,0.0883022019491796,0.18979358030422971,low_hedge_stable
2025-02-17,ETH-USD,-0.2601264469090049,-0.3773917881891543,0.0,0.0,0.0,low_hedge_stable
2025-02-17,GLD,0.3417912464745333,0.3025252050255017,0.2513260212630375,0.01590199217461248,0.034179170645444894,low_hedge_stable
2025-02-17,QQQ,0.3463409262679933,0.3032132204776297,0.25189759739381395,0.1776771377310771,0.35,low_hedge_stable
2025-02-17,SPY,0.2517935036736132,0.21654561971315042,0.17989756926156678,0.12689158420674299,0.2727362120701584,low_hedge_stable
2025-02-17,TLT,0.257824320472389,0.230740883339001,0.19169043500828764,0.03585301035212486,0.07706117230610703,low_hedge_stable
2025-02-17,VIX,-0.370749837508197,-0.5322338700093822,0.0,0.0,0.0,low_hedge_stable
2025-02-17,CASH,0.0,0.0,0.0,0.0,0.07622986467406007,low_hedge_stable
2025-02-18,BTC-USD,-0.1834536922728024,-0.27408279009597086,0.0,0.0,0.0,low_hedge_stable
2025-02-18,DIA,0.144272371425763,0.1141564396797469,0.11155054643880617,0.07868269494362497,0.16520267423177618,low_hedge_stable
2025-02-18,ETH-USD,-0.3533462826331741,-0.47061162391332356,0.0,0.0,0.0,low_hedge_stable
2025-02-18,GLD,0.3929040601590253,0.3536380187099937,0.34556538675614745,0.021864739830390542,0.0459073433357942,low_hedge_stable
2025-02-18,QQQ,0.3249505406778424,0.28182283488747883,0.27538955593592507,0.1942472996513152,0.35,low_hedge_stable
2025-02-18,SPY,0.25309588504814,0.21784800108767724,0.21287510043328217,0.15015243872134565,0.31526099146657405,low_hedge_stable
2025-02-18,TLT,0.0829787924840915,0.05589535535070348,0.054619410435839254,0.01021579551446843,0.02144914761250062,low_hedge_stable
2025-02-18,VIX,-0.1065481987960607,-0.2680322312972458,0.0,0.0,0.0,low_hedge_stable
2025-02-18,CASH,0.0,0.0,0.0,0.0,0.10217984335335498,low_hedge_stable
2025-02-19,BTC-USD,-0.1518759239808084,-0.24250502180397687,0.0,0.0,0.0,low_hedge_stable
2025-02-19,DIA,0.1551778648009557,0.1250619330549396,0.129099846980527,0.09106117541800371,0.20015442998124308,low_hedge_stable
2025-02-19,ETH-USD,-0.3874741683936537,-0.5047395096738031,0.0,0.0,0.0,low_hedge_stable
2025-02-19,GLD,0.4162282051434769,0.3769621636944453,0.3891332595108892,0.024621382246709542,0.05411832986252137,low_hedge_stable
2025-02-19,QQQ,0.2699843511420088,0.22685664535164526,0.2341812371359018,0.16518082099395548,0.35,low_hedge_stable
2025-02-19,SPY,0.2363724426626132,0.20112455870215043,0.20761833052002462,0.14644455169903298,0.32188828701834926,low_hedge_stable
2025-02-19,TLT,0.0658006869758603,0.03871724984247229,0.03996732585265747,0.00747532836610234,0.016430933174007914,low_hedge_stable
2025-02-19,VIX,-0.0647897646257554,-0.2262737971269405,0.0,0.0,0.0,low_hedge_stable
2025-02-19,CASH,0.0,0.0,0.0,0.0,0.0574080199638784,low_hedge_stable
2025-02-20,BTC-USD,-0.0318037084358557,-0.12243280625902417,0.0,0.0,0.0,low_hedge_stable
2025-02-20,DIA,0.0807052748384629,0.05058934309244681,0.06220135111581208,0.04387401129958303,0.10874925004762874,low_hedge_stable
2025-02-20,ETH-USD,-0.3681444807123708,-0.48540982199252025,0.0,0.0,0.0,low_hedge_stable
2025-02-20,GLD,0.3775693920607078,0.33830335061167616,0.41595569755864925,0.02631850137954049,0.06523491248291016,low_hedge_stable
2025-02-20,QQQ,0.2213224370701937,0.17819473127983015,0.21909659959548625,0.15454080199085854,0.35,low_hedge_stable
2025-02-20,SPY,0.1987474791112649,0.16349959515080212,0.20102842028772208,0.1417963279739554,0.35,low_hedge_stable
2025-02-20,TLT,0.1098122402876642,0.08272880315427619,0.10171793144233039,0.019024914027379124,0.047156507267384386,low_hedge_stable
2025-02-20,VIX,-0.0733533132957961,-0.23483734579698123,0.0,0.0,0.0,low_hedge_stable
2025-02-20,CASH,0.0,0.0,0.0,0.0,0.07885933020207679,low_hedge_stable
2025-02-21,BTC-USD,-0.0934872363107349,-0.18411633413390335,0.0,0.0,0.0,low_hedge_stable
2025-02-21,DIA,-0.0249749374343239,-0.055090869180339994,0.0,0.0,0.0,low_hedge_stable
2025-02-21,ETH-USD,-0.4143673701546284,-0.5316327114347779,0.0,0.0,0.0,low_hedge_stable
2025-02-21,GLD,0.3419873091683445,0.3027212677193129,0.528295323620894,0.037878579133641274,0.219101906742034,low_hedge_stable
2025-02-21,QQQ,0.0739842880533021,0.03085658226293855,0.05384949737838942,0.035869797382024476,0.2074824658317769,low_hedge_stable
2025-02-21,SPY,0.0542074727311615,0.018959588770698747,0.033087407967062867,0.022039920100558316,0.1274859994467326,low_hedge_stable
2025-02-21,TLT,0.2010566996091405,0.17397326247575248,0.3036101879905903,0.06434898432091117,0.35,low_hedge_stable
2025-02-21,VIX,0.2079885638217419,0.0465045313205568,0.08115758304306338,0.004057879152153169,0.023472080524157703,low_hedge_stable
2025-02-21,CASH,0.0,0.0,0.0,0.0,0.07245754745529875,low_hedge_stable
2025-02-22,BTC-USD,-0.0980392624840956,-0.18866836030726405,0.0,0.0,0.0,low_hedge_stable
2025-02-22,DIA,-0.1223317061423145,-0.1524476378883306,0.0,0.0,0.0,low_hedge_stable
2025-02-22,ETH-USD,-0.2891849481174731,-0.4064502893976225,0.0,0.0,0.0,low_hedge_stable
2025-02-22,GLD,0.323413458075348,0.2841474166263164,0.520908830635355,0.03734917872567608,0.34510559095055954,low_hedge_stable
2025-02-22,QQQ,0.0204836088265098,-0.022644096963853753,0.0,0.0,0.0,low_hedge_stable
2025-02-22,SPY,-0.0131294522625479,-0.04837733622301065,0.0,0.0,0.0,low_hedge_stable
2025-02-22,TLT,0.1668140813785434,0.13973064424515538,0.25615902956946857,0.054292058487037484,0.35,low_hedge_stable
2025-02-22,VIX,0.2830899410217093,0.12160590852052422,0.2229321397951765,0.011146606989758827,0.05,low_hedge_stable
2025-02-22,CASH,0.0,0.0,0.0,0.0,0.2548944090494405,low_hedge_stable
2025-02-23,BTC-USD,-0.2233267854609162,-0.31395588328408464,0.0,0.0,0.0,low_hedge_stable
2025-02-23,DIA,-0.0785586605199563,-0.1086745922659724,0.0,0.0,0.0,low_hedge_stable
2025-02-23,ETH-USD,-0.1904836325319734,-0.30774897381212285,0.0,0.0,0.0,low_hedge_stable
2025-02-23,GLD,0.3853448933511202,0.3460788519020886,0.5173349921554877,0.036258671128029114,0.1478738695706267,low_hedge_stable
2025-02-23,QQQ,0.1322343240514033,0.08910661826103976,0.1332007760824372,0.08972715488338952,0.3499999999999999,low_hedge_stable
2025-02-23,SPY,0.0851153738208917,0.04986748986042895,0.07454427606301008,0.05021476601484879,0.2047910618119475,low_hedge_stable
2025-02-23,TLT,0.2109951849872998,0.1839117478539118,0.274919955699065,0.05695698363033226,0.2322878722926293,low_hedge_stable
2025-02-23,VIX,0.0802760747247803,-0.08120795777640483,0.0,0.0,0.0,low_hedge_stable
2025-02-23,CASH,0.0,0.0,0.0,0.0,0.06504719632479644,low_hedge_stable
2025-02-24,BTC-USD,-0.1684002533253899,-0.25902935114855835,0.0,0.0,0.0,moderate_hedge_uncertain
2025-02-24,DIA,-0.0339436195001834,-0.0640595512461995,0.0,0.0,0.0,moderate_hedge_uncertain
2025-02-24,ETH-USD,-0.264608835341336,-0.3818741766214855,0.0,0.0,0.0,moderate_hedge_uncertain
2025-02-24,GLD,0.2580383551823542,0.21877231373332254,0.512124513652173,0.044135542829017556,0.3203909740620483,moderate_hedge_uncertain
2025-02-24,QQQ,0.0007926948162417,-0.042335010974121845,0.0,0.0,0.0,moderate_hedge_uncertain
2025-02-24,SPY,0.0149116750878933,-0.020336208872569456,0.0,0.0,0.0,moderate_hedge_uncertain
2025-02-24,TLT,0.1753042099952596,0.1482207728618716,0.34697028120095835,0.0783447987947985,0.35,moderate_hedge_uncertain
2025-02-24,VIX,0.2216767335441693,0.060192701042984194,0.14090520514686866,0.007045260257343433,0.05,moderate_hedge_uncertain
2025-02-24,CASH,0.0,0.0,0.0,0.0,0.27960902593795184,moderate_hedge_uncertain
2025-02-25,BTC-USD,-0.148380961904972,-0.23901005972814046,0.0,0.0,0.0,moderate_hedge_uncertain
2025-02-25,DIA,-0.0155415761033489,-0.045657507849364995,0.0,0.0,0.0,moderate_hedge_uncertain
2025-02-25,ETH-USD,-0.2249030733610001,-0.34216841464114955,0.0,0.0,0.0,moderate_hedge_uncertain
2025-02-25,GLD,0.1634114790707293,0.12414543762169766,0.36561608571617743,0.03926400903896961,0.22806121380442637,moderate_hedge_uncertain
2025-02-25,QQQ,-0.0310812093587248,-0.07420891514908835,0.0,0.0,0.0,moderate_hedge_uncertain
2025-02-25,SPY,-0.0056436543668794,-0.04089153832734215,0.0,0.0,0.0,moderate_hedge_uncertain
2025-02-25,TLT,0.1751206115060905,0.1480371743727025,0.4359787461506437,0.11025840028889762,0.35,moderate_hedge_uncertain
2025-02-25,VIX,0.228852776346391,0.06736874384520589,0.19840516813317888,0.009920258406658944,0.05,moderate_hedge_uncertain
2025-02-25,CASH,0.0,0.0,0.0,0.0,0.37193878619557363,moderate_hedge_uncertain
2025-02-26,BTC-USD,-0.2682106277601435,-0.3588397255833119,0.0,0.0,0.0,moderate_hedge_uncertain
2025-02-26,DIA,0.015011062341168,-0.015104869404848094,0.0,0.0,0.0,moderate_hedge_uncertain
2025-02-26,ETH-USD,-0.3408497982524782,-0.4581151395326276,0.0,0.0,0.0,moderate_hedge_uncertain
2025-02-26,GLD,0.2626849024365957,0.22341886098756408,0.3835325638649455,0.04911639501998092,0.24069892507962992,moderate_hedge_uncertain
2025-02-26,QQQ,-0.0123418365443506,-0.05546954233471415,0.0,0.0,0.0,moderate_hedge_uncertain
2025-02-26,SPY,0.0187080436268763,-0.016539840333586454,0.0,0.0,0.0,moderate_hedge_uncertain
2025-02-26,TLT,0.2977310020268284,0.2706475648934404,0.4646078402179448,0.12945794005520128,0.35,moderate_hedge_uncertain
2025-02-26,VIX,0.249946659006557,0.08846262650537187,0.15185959591710957,0.0075929797958554784,0.037210020692077884,moderate_hedge_uncertain
2025-02-26,CASH,0.0,0.0,0.0,0.0,0.3720910542282922,moderate_hedge_uncertain
2025-02-27,BTC-USD,-0.2462906451116125,-0.33691974293478094,0.0,0.0,0.0,moderate_hedge_uncertain
2025-02-27,DIA,-0.0001357121418162,-0.030251643887832292,0.0,0.0,0.0,moderate_hedge_uncertain
2025-02-27,ETH-USD,-0.330846812481856,-0.4481121537620054,0.0,0.0,0.0,moderate_hedge_uncertain
2025-02-27,GLD,0.2134207386885413,0.17415469723950966,0.2867069091864862,0.039984241544465025,0.19563230684233732,moderate_hedge_uncertain
2025-02-27,QQQ,-0.0717085379970061,-0.11483624378736966,0.0,0.0,0.0,moderate_hedge_uncertain
2025-02-27,SPY,-0.0274958794877943,-0.06274376344825705,0.0,0.0,0.0,moderate_hedge_uncertain
2025-02-27,TLT,0.2917015930750638,0.2646181559416758,0.43563483964102756,0.13069045189230827,0.35,moderate_hedge_uncertain
2025-02-27,VIX,0.3301422933230184,0.16865826082183327,0.2776582511724862,0.01388291255862431,0.05,moderate_hedge_uncertain
2025-02-27,CASH,0.0,0.0,0.0,0.0,0.40436769315766274,moderate_hedge_uncertain
2025-02-28,BTC-USD,-0.2851991786633479,-0.3758282764865163,0.0,0.0,0.0,high_hedge_risk_off
2025-02-28,DIA,0.061904020561849,0.03178808881583291,0.050533217149444545,0.02009639559667822,0.07456495949902776,high_hedge_risk_off
2025-02-28,ETH-USD,-0.4226837548050628,-0.5399490960852122,0.0,0.0,0.0,high_hedge_risk_off
2025-02-28,GLD,0.2131047470672459,0.17383870561821424,0.2763497079323676,0.038539827743184076,0.1429968215417212,high_hedge_risk_off
2025-02-28,QQQ,-0.0329341506658595,-0.07606185645622306,0.0,0.0,0.0,high_hedge_risk_off
2025-02-28,SPY,0.0317132507203349,-0.0035346332401278535,0.0,0.0,0.0,high_hedge_risk_off
2025-02-28,TLT,0.3625748925388411,0.3354914554054531,0.5333275198143661,0.15999825594430978,0.3499999999999999,high_hedge_risk_off
2025-02-28,VIX,0.2494191184472202,0.08793508594603508,0.13978955510382193,0.006989477755191097,0.02593351246635118,high_hedge_risk_off
2025-02-28,CASH,0.0,0.0,0.0,0.0,0.4065047064928999,high_hedge_risk_off
2025-03-01,BTC-USD,-0.2549548331839757,-0.34558393100714413,0.0,0.0,0.0,high_hedge_risk_off
2025-03-01,DIA,0.0627057915187895,0.0325898597727734,0.052582325703939746,0.02091129907352776,0.07552064863922853,high_hedge_risk_off
2025-03-01,ETH-USD,-0.4369656833223404,-0.5542310246024899,0.0,0.0,0.0,high_hedge_risk_off
2025-03-01,GLD,0.1882285703051987,0.14896252885616706,0.2403445815542068,0.033518540250454656,0.12105139390210942,high_hedge_risk_off
2025-03-01,QQQ,-0.0380856002894691,-0.08121330607983265,0.0,0.0,0.0,high_hedge_risk_off
2025-03-01,SPY,0.0302635237635874,-0.0049843601968753565,0.0,0.0,0.0,high_hedge_risk_off
2025-03-01,TLT,0.3791684591315477,0.35208502199815966,0.5680739172020846,0.17042217516062536,0.35,high_hedge_risk_off
2025-03-01,VIX,0.2476339617545573,0.08614992925337217,0.1389991755397689,0.006949958776988445,0.02509960729883633,high_hedge_risk_off
2025-03-01,CASH,0.0,0.0,0.0,0.0,0.42832835015982573,high_hedge_risk_off
2025-03-02,BTC-USD,-0.0200433339234797,-0.11067243174664816,0.0,0.0,0.0,high_hedge_risk_off
2025-03-02,DIA,-0.0275665694614515,-0.057682501207467596,0.0,0.0,0.0,high_hedge_risk_off
2025-03-02,ETH-USD,-0.2734067083240373,-0.3906720496041868,0.0,0.0,0.0,high_hedge_risk_off
2025-03-02,GLD,0.0580520282191198,0.01878598677008815,0.047990050265355015,0.006692709363526058,0.023972869535074045,high_hedge_risk_off
2025-03-02,QQQ,-0.1480439477547907,-0.19117165354515425,0.0,0.0,0.0,high_hedge_risk_off
2025-03-02,SPY,-0.0658100090876644,-0.10105789304812715,0.0,0.0,0.0,high_hedge_risk_off
2025-03-02,TLT,0.3129064922507944,0.2858230551174064,0.7301539679524276,0.21904619038572828,0.35,high_hedge_risk_off
2025-03-02,VIX,0.2483308583657219,0.08684682586453679,0.22185598178221747,0.011092799089110874,0.03973371782604045,high_hedge_risk_off
2025-03-02,CASH,0.0,0.0,0.0,0.0,0.5862934126388856,high_hedge_risk_off
2025-03-03,BTC-USD,-0.1738615805018621,-0.26449067832503054,0.0,0.0,0.0,high_hedge_risk_off
2025-03-03,DIA,-0.0628569107476289,-0.092972842493645,0.0,0.0,0.0,high_hedge_risk_off
2025-03-03,ETH-USD,-0.3589583016919567,-0.4762236429721062,0.0,0.0,0.0,high_hedge_risk_off
2025-03-03,GLD,0.1740548154266744,0.13478877397764275,0.218193472736348,0.030429338789602262,0.12392103389962898,high_hedge_risk_off
2025-03-03,QQQ,-0.1346203753294195,-0.17774808111978305,0.0,0.0,0.0,high_hedge_risk_off
2025-03-03,SPY,-0.0883533762518257,-0.12360126021228844,0.0,0.0,0.0,high_hedge_risk_off
2025-03-03,TLT,0.3094684459168991,0.2823850087835111,0.45711941652780635,0.13713582495834184,0.35,high_hedge_risk_off
2025-03-03,VIX,0.362059132359052,0.20057509985786687,0.3246871107358456,0.01623435553679228,0.05,high_hedge_risk_off
2025-03-03,CASH,0.0,0.0,0.0,0.0,0.47607896610037104,high_hedge_risk_off
2025-03-04,BTC-USD,-0.1500574762538882,-0.24068657407705668,0.0,0.0,0.0,high_hedge_risk_off
2025-03-04,DIA,-0.0912472770418511,-0.12136320878786719,0.0,0.0,0.0,high_hedge_risk_off
2025-03-04,ETH-USD,-0.3546134682258612,-0.4718788095060107,0.0,0.0,0.0,high_hedge_risk_off
2025-03-04,GLD,0.1988909080059472,0.15962486655691555,0.25301625006168027,0.03528573561787775,0.1484922704843999,high_hedge_risk_off
2025-03-04,QQQ,-0.121334978228825,-0.16446268401918854,0.0,0.0,0.0,high_hedge_risk_off
2025-03-04,SPY,-0.1027977969113031,-0.13804568087176586,0.0,0.0,0.0,high_hedge_risk_off
2025-03-04,TLT,0.285865029514902,0.258781592381514,0.410186392018157,0.1230559176054471,0.35,high_hedge_risk_off
2025-03-04,VIX,0.37396537827096,0.21248134576977484,0.33679735792016274,0.016839867896008137,0.05,high_hedge_risk_off
2025-03-04,CASH,0.0,0.0,0.0,0.0,0.4515077295156002,high_hedge_risk_off
2025-03-05,BTC-USD,-0.0942490203534389,-0.18487811817660738,0.0,0.0,0.0,high_hedge_risk_off
2025-03-05,DIA,-0.1073658353819349,-0.137481767127951,0.0,0.0,0.0,high_hedge_risk_off
2025-03-05,ETH-USD,-0.3089285781027163,-0.42619391938286577,0.0,0.0,0.0,high_hedge_risk_off
2025-03-05,GLD,0.1853196368672323,0.14605359541820065,0.26608627450177896,0.03710848584360598,0.17075223193239972,high_hedge_risk_off
2025-03-05,QQQ,-0.1513001364547857,-0.19442784224514925,0.0,0.0,0.0,high_hedge_risk_off
2025-03-05,SPY,-0.130572447314598,-0.16582033127506077,0.0,0.0,0.0,high_hedge_risk_off
2025-03-05,TLT,0.2165415894462077,0.18945815231281968,0.34516243012410364,0.10354872903723109,0.35,high_hedge_risk_off
2025-03-05,VIX,0.3748679228171554,0.21338389031597027,0.3887512953741174,0.01943756476870587,0.05,high_hedge_risk_off
2025-03-05,CASH,0.0,0.0,0.0,0.0,0.4292477680676003,high_hedge_risk_off
2025-03-06,BTC-USD,-0.1317470963680481,-0.22237619419121657,0.0,0.0,0.0,high_hedge_risk_off
2025-03-06,DIA,-0.0948789919618792,-0.12499492370789529,0.0,0.0,0.0,high_hedge_risk_off
2025-03-06,ETH-USD,-0.2808946682798351,-0.39816000955998454,0.0,0.0,0.0,high_hedge_risk_off
2025-03-06,GLD,0.1831901729520271,0.14392413150299546,0.2529728467485048,0.03527968257649018,0.18200282271407567,high_hedge_risk_off
2025-03-06,QQQ,-0.1634388159786929,-0.20656652176905643,0.0,0.0,0.0,high_hedge_risk_off
2025-03-06,SPY,-0.1290925746243507,-0.16434045858481347,0.0,0.0,0.0,high_hedge_risk_off
2025-03-06,TLT,0.1984901618722353,0.1714067247388473,0.30127850455794547,0.09038355136738364,0.35,high_hedge_risk_off
2025-03-06,VIX,0.4150843218462003,0.25360028934501516,0.44574864869354985,0.022287432434677495,0.05,high_hedge_risk_off
2025-03-06,CASH,0.0,0.0,0.0,0.0,0.41799717728592445,high_hedge_risk_off
2025-03-07,BTC-USD,-0.1967675004795631,-0.2873965983027315,0.0,0.0,0.0,high_hedge_risk_off
2025-03-07,DIA,-0.057140035004698,-0.08725596675071409,0.0,0.0,0.0,high_hedge_risk_off
2025-03-07,ETH-USD,-0.338059163391318,-0.45532450467146746,0.0,0.0,0.0,high_hedge_risk_off
2025-03-07,GLD,0.2158685907104701,0.17660254926143845,0.2885266072687732,0.040238022578896124,0.1824483295902417,high_hedge_risk_off
2025-03-07,QQQ,-0.1348658944011734,-0.17799360019153693,0.0,0.0,0.0,high_hedge_risk_off
2025-03-07,SPY,-0.0970131975571692,-0.13226108151763197,0.0,0.0,0.0,high_hedge_risk_off
2025-03-07,TLT,0.2243930199055876,0.1973095827721996,0.32235698033216625,0.09670709409964988,0.35,high_hedge_risk_off
2025-03-07,VIX,0.3996560022880999,0.23817196978691474,0.3891164123990604,0.01945582061995302,0.05,high_hedge_risk_off
2025-03-07,CASH,0.0,0.0,0.0,0.0,0.4175516704097584,high_hedge_risk_off
2025-03-08,BTC-USD,-0.1577252612406258,-0.24835435906379427,0.0,0.0,0.0,high_hedge_risk_off
2025-03-08,DIA,-0.0757400911274652,-0.1058560228734813,0.0,0.0,0.0,high_hedge_risk_off
2025-03-08,ETH-USD,-0.2109898823707687,-0.32825522365091814,0.0,0.0,0.0,high_hedge_risk_off
2025-03-08,GLD,0.2142789671181611,0.17501292566912946,0.3483858441618727,0.04858601290277052,0.2579242063879779,high_hedge_risk_off
2025-03-08,QQQ,-0.1545331423004573,-0.19766084809082085,0.0,0.0,0.0,high_hedge_risk_off
2025-03-08,SPY,-0.1253755140954862,-0.16062339805594897,0.0,0.0,0.0,high_hedge_risk_off
2025-03-08,TLT,0.1504311505358063,0.12334771340241829,0.2455395628342334,0.07366186885027001,0.35,high_hedge_risk_off
2025-03-08,VIX,0.3654771158955023,0.20399308339431715,0.4060745930038938,0.020303729650194693,0.05,high_hedge_risk_off
2025-03-08,CASH,0.0,0.0,0.0,0.0,0.3420757936120221,high_hedge_risk_off
2025-03-09,BTC-USD,-0.2557360343142933,-0.34636513213746173,0.0,0.0,0.0,high_hedge_risk_off
2025-03-09,DIA,0.012219478242736,-0.01789645350328009,0.0,0.0,0.0,high_hedge_risk_off
2025-03-09,ETH-USD,-0.3554224090935331,-0.4726877503736826,0.0,0.0,0.0,high_hedge_risk_off
2025-03-09,GLD,0.2334477211203509,0.19418167967131925,0.33298546175497074,0.046438270131736244,0.20042523983635938,high_hedge_risk_off
2025-03-09,QQQ,-0.0846615068621014,-0.12778921265246493,0.0,0.0,0.0,high_hedge_risk_off
2025-03-09,SPY,-0.0371404304218512,-0.07238831438231395,0.0,0.0,0.0,high_hedge_risk_off
2025-03-09,TLT,0.2499629415427353,0.22287950440934728,0.38219689322435724,0.11465906796730717,0.35,high_hedge_risk_off
2025-03-09,VIX,0.3275764751521534,0.16609244265096823,0.28481764502067203,0.014240882251033602,0.05,high_hedge_risk_off
2025-03-09,CASH,0.0,0.0,0.0,0.0,0.3995747601636407,high_hedge_risk_off
2025-03-10,BTC-USD,-0.2266767916548745,-0.31730588947804295,0.0,0.0,0.0,high_hedge_risk_off
2025-03-10,DIA,-0.0832866962165341,-0.1134026279625502,0.0,0.0,0.0,high_hedge_risk_off
2025-03-10,ETH-USD,-0.331247353597158,-0.4485126948773075,0.0,0.0,0.0,high_hedge_risk_off
2025-03-10,GLD,0.1660220209183205,0.12675597946928885,0.1961796501323682,0.027359283312795937,0.11088815083403258,high_hedge_risk_off
2025-03-10,QQQ,-0.1609139595288328,-0.20404166531919635,0.0,0.0,0.0,high_hedge_risk_off
2025-03-10,SPY,-0.1212872307512528,-0.15653511471171558,0.0,0.0,0.0,high_hedge_risk_off
2025-03-10,TLT,0.2833747387991858,0.2562913016657978,0.3966608763016766,0.11899826289050298,0.35,high_hedge_risk_off
2025-03-10,VIX,0.4245587083772505,0.26307467587606537,0.4071594735659552,0.020357973678297763,0.05,high_hedge_risk_off
2025-03-10,CASH,0.0,0.0,0.0,0.0,0.48911184916596734,high_hedge_risk_off
2025-03-11,BTC-USD,-0.2064579021222883,-0.29708699994545673,0.0,0.0,0.0,high_hedge_risk_off
2025-03-11,DIA,-0.0866235525177177,-0.11673948426373379,0.0,0.0,0.0,high_hedge_risk_off
2025-03-11,ETH-USD,-0.3596945266233459,-0.4769598679034953,0.0,0.0,0.0,high_hedge_risk_off
2025-03-11,GLD,0.2117712993680808,0.17250525791904917,0.2576773234703495,0.03593577056209194,0.14217266900346043,high_hedge_risk_off
2025-03-11,QQQ,-0.1498762973539928,-0.19300400314435634,0.0,0.0,0.0,high_hedge_risk_off
2025-03-11,SPY,-0.1213781586513759,-0.15662604261183868,0.0,0.0,0.0,high_hedge_risk_off
2025-03-11,TLT,0.2901016744256794,0.2630182372922914,0.39287982422640627,0.11786394726792188,0.35,high_hedge_risk_off
2025-03-11,VIX,0.3954228539414651,0.23393882144027994,0.34944285230324423,0.017472142615162212,0.05,high_hedge_risk_off
2025-03-11,CASH,0.0,0.0,0.0,0.0,0.4578273309965396,high_hedge_risk_off
2025-03-12,BTC-USD,-0.1762029478554115,-0.26683204567857993,0.0,0.0,0.0,high_hedge_risk_off
2025-03-12,DIA,-0.0852781111671631,-0.1153940429131792,0.0,0.0,0.0,high_hedge_risk_off
2025-03-12,ETH-USD,-0.3946337966642894,-0.5118991379444389,0.0,0.0,0.0,high_hedge_risk_off
2025-03-12,GLD,0.2465559386324968,0.20728989718346516,0.30619562305747794,0.04270214976280773,0.16119039158642703,high_hedge_risk_off
2025-03-12,QQQ,-0.1359207200352716,-0.17904842582563515,0.0,0.0,0.0,high_hedge_risk_off
2025-03-12,SPY,-0.1126754136859087,-0.14792329764637147,0.0,0.0,0.0,high_hedge_risk_off
2025-03-12,TLT,0.2997326632267788,0.27264922609339076,0.40274032065304244,0.12082209619591272,0.35,high_hedge_risk_off
2025-03-12,VIX,0.3585300833218487,0.19704605082066357,0.2910640562894796,0.014553202814473983,0.05,high_hedge_risk_off
2025-03-12,CASH,0.0,0.0,0.0,0.0,0.43880960841357297,high_hedge_risk_off
2025-03-13,BTC-USD,-0.1894274924794727,-0.28005659030264113,0.0,0.0,0.0,high_hedge_risk_off
2025-03-13,DIA,-0.0720049995325822,-0.1021209312785983,0.0,0.0,0.0,high_hedge_risk_off
2025-03-13,ETH-USD,-0.3958590323233107,-0.5131243736034602,0.0,0.0,0.0,high_hedge_risk_off
2025-03-13,GLD,0.3017050908147731,0.2624390493657415,0.3629074664083538,0.05061120347138866,0.1883605840472175,high_hedge_risk_off
2025-03-13,QQQ,-0.1378144797910879,-0.18094218558145145,0.0,0.0,0.0,high_hedge_risk_off
2025-03-13,SPY,-0.1061208254449497,-0.14136870940541246,0.0,0.0,0.0,high_hedge_risk_off
2025-03-13,TLT,0.3145376150981586,0.2874541779647706,0.3974990295301255,0.11924970885903764,0.35,high_hedge_risk_off
2025-03-13,VIX,0.334747735401581,0.17326370290039583,0.23959350406152066,0.011979675203076034,0.04458496267971589,high_hedge_risk_off
2025-03-13,CASH,0.0,0.0,0.0,0.0,0.4170544532730666,high_hedge_risk_off
2025-03-14,BTC-USD,-0.0913062985338882,-0.18193539635705666,0.0,0.0,0.0,high_hedge_risk_off
2025-03-14,DIA,-0.0547313994201952,-0.08484733116621129,0.0,0.0,0.0,high_hedge_risk_off
2025-03-14,ETH-USD,-0.4065808646906456,-0.523846205970795,0.0,0.0,0.0,high_hedge_risk_off
2025-03-14,GLD,0.3469107036991005,0.30764466225006887,0.4937918152578512,0.06886438100008786,0.21277690456701004,high_hedge_risk_off
2025-03-14,QQQ,-0.1193011745050566,-0.16242888029542013,0.0,0.0,0.0,high_hedge_risk_off
2025-03-14,SPY,-0.0802352706678789,-0.11548315462834165,0.0,0.0,0.0,high_hedge_risk_off
2025-03-14,TLT,0.3162920064934999,0.2892085693601119,0.4642005598536071,0.13926016795608212,0.35,high_hedge_risk_off
2025-03-14,VIX,0.1876558344052214,0.026171801904036292,0.0420076248885416,0.0021003812444270803,0.006489750043628918,high_hedge_risk_off
2025-03-14,CASH,0.0,0.0,0.0,0.0,0.43073334538936114,high_hedge_risk_off
2025-03-15,BTC-USD,-0.1141442750644934,-0.20477337288766187,0.0,0.0,0.0,high_hedge_risk_off
2025-03-15,DIA,-0.0321804869910725,-0.0622964187370886,0.0,0.0,0.0,high_hedge_risk_off
2025-03-15,ETH-USD,-0.339772241163757,-0.45703758244390646,0.0,0.0,0.0,high_hedge_risk_off
2025-03-15,GLD,0.3070497921676433,0.26778375071861166,0.506346532407353,0.07061526628902316,0.22169116562494992,high_hedge_risk_off
2025-03-15,QQQ,-0.0885532782680532,-0.13168098405841674,0.0,0.0,0.0,high_hedge_risk_off
2025-03-15,SPY,-0.059025301417363,-0.09427318537782575,0.0,0.0,0.0,high_hedge_risk_off
2025-03-15,TLT,0.2881544006861898,0.2610709635528018,0.49365346759264694,0.14809604027779408,0.35,high_hedge_risk_off
2025-03-15,VIX,0.1538003366695069,-0.00768369583167821,0.0,0.0,0.0,high_hedge_risk_off
2025-03-15,CASH,0.0,0.0,0.0,0.0,0.4283088343750502,high_hedge_risk_off
2025-03-16,BTC-USD,-0.1401936881581522,-0.23082278598132067,0.0,0.0,0.0,high_hedge_risk_off
2025-03-16,DIA,-0.0316032493579924,-0.061719181104008494,0.0,0.0,0.0,high_hedge_risk_off
2025-03-16,ETH-USD,-0.3449500646507104,-0.46221540593085986,0.0,0.0,0.0,high_hedge_risk_off
2025-03-16,GLD,0.2991488738019375,0.2598828323529059,0.4871564198948481,0.06793900641864517,0.21360251440734782,high_hedge_risk_off
2025-03-16,QQQ,-0.0779675090274626,-0.12109521481782616,0.0,0.0,0.0,high_hedge_risk_off
2025-03-16,SPY,-0.0507884345747685,-0.08603631853523125,0.0,0.0,0.0,high_hedge_risk_off
2025-03-16,TLT,0.2932018026511606,0.26611836551777257,0.49884507198944683,0.14965352159683404,0.35,high_hedge_risk_off
2025-03-16,VIX,0.1689518021728027,0.007467769671617587,0.013998508115704977,0.0006999254057852488,0.002200588946680298,high_hedge_risk_off
2025-03-16,CASH,0.0,0.0,0.0,0.0,0.43419689664597194,high_hedge_risk_off
2025-03-17,BTC-USD,-0.1161247766597776,-0.20675387448294608,0.0,0.0,0.0,high_hedge_risk_off
2025-03-17,DIA,-0.0303912077300662,-0.06050713947608229,0.0,0.0,0.0,high_hedge_risk_off
2025-03-17,ETH-USD,-0.3723965000144204,-0.4896618412945698,0.0,0.0,0.0,high_hedge_risk_off
2025-03-17,GLD,0.3747792367626648,0.33551319531363316,0.5937173298538126,0.08280002856681153,0.2611088648932982,high_hedge_risk_off
2025-03-17,QQQ,-0.0772182627380235,-0.12034596852838704,0.0,0.0,0.0,high_hedge_risk_off
2025-03-17,SPY,-0.0456101582765935,-0.08085804223705625,0.0,0.0,0.0,high_hedge_risk_off
2025-03-17,TLT,0.2566761911378327,0.22959275400444468,0.4062826701461873,0.12188480104385618,0.35,high_hedge_risk_off
2025-03-17,VIX,0.1116001394840172,-0.04988389301716791,0.0,0.0,0.0,high_hedge_risk_off
2025-03-17,CASH,0.0,0.0,0.0,0.0,0.38889113510670187,high_hedge_risk_off
2025-03-18,BTC-USD,-0.0943304942221625,-0.18495959204533097,0.0,0.0,0.0,high_hedge_risk_off
2025-03-18,DIA,-0.0527061175669233,-0.08282204931293939,0.0,0.0,0.0,high_hedge_risk_off
2025-03-18,ETH-USD,-0.2969063809516199,-0.41417172223176935,0.0,0.0,0.0,high_hedge_risk_off
2025-03-18,GLD,0.3506950704996357,0.3114290290506041,0.6417354594883882,0.08949665388924682,0.2943142904583256,high_hedge_risk_off
2025-03-18,QQQ,-0.1345254132928924,-0.17765311908325593,0.0,0.0,0.0,high_hedge_risk_off
2025-03-18,SPY,-0.0901033377081637,-0.12535122166862644,0.0,0.0,0.0,high_hedge_risk_off
2025-03-18,TLT,0.1983194759269317,0.17123603879354368,0.35285162199279274,0.10585548659783782,0.3481111424312896,high_hedge_risk_off
2025-03-18,VIX,0.1641108780864202,0.0026268455852350783,0.005412918518819134,0.00027064592594095674,0.0008900328693553526,high_hedge_risk_off
2025-03-18,CASH,0.0,0.0,0.0,0.0,0.3566845342410294,high_hedge_risk_off
2025-03-19,BTC-USD,-0.0167684426302278,-0.10739754045339626,0.0,0.0,0.0,high_hedge_risk_off
2025-03-19,DIA,-0.0389403655162573,-0.06905629726227339,0.0,0.0,0.0,high_hedge_risk_off
2025-03-19,ETH-USD,-0.2559553901683181,-0.37322073144846757,0.0,0.0,0.0,high_hedge_risk_off
2025-03-19,GLD,0.4379939745110117,0.39872793306198007,0.6684546755952099,0.09322292520673116,0.3115974861716712,high_hedge_risk_off
2025-03-19,QQQ,-0.0990049815911359,-0.14213268738149942,0.0,0.0,0.0,high_hedge_risk_off
2025-03-19,SPY,-0.0610140885737291,-0.09626197253419184,0.0,0.0,0.0,high_hedge_risk_off
2025-03-19,TLT,0.224847603864026,0.19776416673063799,0.33154532440479006,0.09946359732143698,0.33245692325382326,high_hedge_risk_off
2025-03-19,VIX,-0.0157341553174043,-0.17721818781858942,0.0,0.0,0.0,high_hedge_risk_off
2025-03-19,CASH,0.0,0.0,0.0,0.0,0.3559455905745055,high_hedge_risk_off
2025-03-20,BTC-USD,-0.0861752670563511,-0.1768043648795196,0.0,0.0,0.0,high_hedge_risk_off
2025-03-20,DIA,-0.0548032187702739,-0.08491915051629,0.0,0.0,0.0,high_hedge_risk_off
2025-03-20,ETH-USD,-0.2922846197743006,-0.4095499610544501,0.0,0.0,0.0,high_hedge_risk_off
2025-03-20,GLD,0.4706789625483906,0.43141292109935897,0.6904002688015721,0.09628346538811651,0.3340157298862961,high_hedge_risk_off
2025-03-20,QQQ,-0.1241363665072725,-0.16726407229763604,0.0,0.0,0.0,high_hedge_risk_off
2025-03-20,SPY,-0.0884902316719633,-0.12373811563242604,0.0,0.0,0.0,high_hedge_risk_off
2025-03-20,TLT,0.2205441445571247,0.1934607074237367,0.3095997311984279,0.09287991935952833,0.32220853218773055,high_hedge_risk_off
2025-03-20,VIX,0.060388590707022,-0.1010954417941631,0.0,0.0,0.0,high_hedge_risk_off
2025-03-20,CASH,0.0,0.0,0.0,0.0,0.3437757379259734,high_hedge_risk_off
2025-03-21,BTC-USD,-0.0824075874260849,-0.17303668524925336,0.0,0.0,0.0,high_hedge_risk_off
2025-03-21,DIA,-0.0445551849710525,-0.0746711167170686,0.0,0.0,0.0,high_hedge_risk_off
2025-03-21,ETH-USD,-0.2846180229025681,-0.40188336418271753,0.0,0.0,0.0,high_hedge_risk_off
2025-03-21,GLD,0.4658822841132157,0.4266162426641841,0.7084845085794793,0.09880549985625049,0.3480687871518911,high_hedge_risk_off
2025-03-21,QQQ,-0.102748047902691,-0.14587575369305453,0.0,0.0,0.0,high_hedge_risk_off
2025-03-21,SPY,-0.0791821971498434,-0.11443008111030614,0.0,0.0,0.0,high_hedge_risk_off
2025-03-21,TLT,0.2026204349395639,0.17553699780617588,0.2915154914205205,0.08745464742615615,0.3080823750166248,high_hedge_risk_off
2025-03-21,VIX,0.0392438147372267,-0.12224021776395841,0.0,0.0,0.0,high_hedge_risk_off
2025-03-21,CASH,0.0,0.0,0.0,0.0,0.3438488378314842,high_hedge_risk_off
2025-03-22,BTC-USD,-0.180920832220969,-0.27154993004413747,0.0,0.0,0.0,high_hedge_risk_off
2025-03-22,DIA,-0.0030486276919447,-0.03316455943796079,0.0,0.0,0.0,high_hedge_risk_off
2025-03-22,ETH-USD,-0.2959179311094139,-0.4131832723895633,0.0,0.0,0.0,high_hedge_risk_off
2025-03-22,GLD,0.4295679976803153,0.39030195623128366,0.6683855129858416,0.09321327976479524,0.3358963861022325,high_hedge_risk_off
2025-03-22,QQQ,-0.055455544079688,-0.09858324987005156,0.0,0.0,0.0,high_hedge_risk_off
2025-03-22,SPY,-0.0359211588879701,-0.07116904284843285,0.0,0.0,0.0,high_hedge_risk_off
2025-03-22,TLT,0.2207288415917598,0.19364540445837178,0.3316144870141583,0.09948434610424749,0.35,high_hedge_risk_off
2025-03-22,VIX,0.0640271290977632,-0.09745690340342192,0.0,0.0,0.0,high_hedge_risk_off
2025-03-22,CASH,0.0,0.0,0.0,0.0,0.3141036138977676,high_hedge_risk_off
2025-03-23,BTC-USD,-0.0133881095110324,-0.10401720733420086,0.0,0.0,0.0,high_hedge_risk_off
2025-03-23,DIA,-0.0052590860921886,-0.035375017838204695,0.0,0.0,0.0,high_hedge_risk_off
2025-03-23,ETH-USD,-0.2024971260351245,-0.3197624673152739,0.0,0.0,0.0,high_hedge_risk_off
2025-03-23,GLD,0.3975720318683203,0.3583059904192887,0.7273924985957755,0.10144241482217138,0.35,high_hedge_risk_off
2025-03-23,QQQ,-0.0341548357366756,-0.07728254152703916,0.0,0.0,0.0,high_hedge_risk_off
2025-03-23,SPY,-0.0259966284893038,-0.061244512449766544,0.0,0.0,0.0,high_hedge_risk_off
2025-03-23,TLT,0.1613670611395919,0.1342836240062039,0.2726075014042246,0.08178225042126737,0.3157674039887041,high_hedge_risk_off
2025-03-23,VIX,-0.1027424941469564,-0.2642265266481415,0.0,0.0,0.0,high_hedge_risk_off
2025-03-23,CASH,0.0,0.0,0.0,0.0,0.3342325960112959,high_hedge_risk_off
2025-03-24,BTC-USD,-0.0480360817131509,-0.13866517953631938,0.0,0.0,0.0,high_hedge_risk_off
2025-03-24,DIA,0.0888306160400796,0.0587146842940635,0.12341220179437908,0.026806102728758902,0.0941644640067552,high_hedge_risk_off
2025-03-24,ETH-USD,-0.1979063363965885,-0.3151716776767379,0.0,0.0,0.0,high_hedge_risk_off
2025-03-24,GLD,0.3288366963830631,0.2895706549340315,0.6086476071551056,0.0848822101828581,0.29817418467931217,high_hedge_risk_off
2025-03-24,QQQ,0.0358031603283315,-0.007324545462032048,0.0,0.0,0.0,high_hedge_risk_off
2025-03-24,SPY,0.0647530254217825,0.029505141461319752,0.06201675978975257,0.013470528923863575,0.0473192671399508,high_hedge_risk_off
2025-03-24,TLT,0.1250537275862779,0.09797029045288988,0.20592343126076282,0.06177702937822884,0.2170103173218653,high_hedge_risk_off
2025-03-24,VIX,-0.1700701449277099,-0.331554177428895,0.0,0.0,0.0,high_hedge_risk_off
2025-03-24,CASH,0.0,0.0,0.0,0.0,0.3433317668521165,high_hedge_risk_off
2025-03-25,BTC-USD,-0.0815606218616907,-0.17218971968485916,0.0,0.0,0.0,high_hedge_risk_off
2025-03-25,DIA,0.0531671301299355,0.023051198383919405,0.045556653275903775,0.01012853659535036,0.03512366048437514,high_hedge_risk_off
2025-03-25,ETH-USD,-0.2260722460829623,-0.3433375873631117,0.0,0.0,0.0,high_hedge_risk_off
2025-03-25,GLD,0.367403043359172,0.3281370019101404,0.6485052696194394,0.09044077385440637,0.3136298126488072,high_hedge_risk_off
2025-03-25,QQQ,0.025849305154137,-0.01727840063622655,0.0,0.0,0.0,high_hedge_risk_off
2025-03-25,SPY,0.0450984269514277,0.009850542990964946,0.019467871654422493,0.00432826022779195,0.015009507177846151,high_hedge_risk_off
2025-03-25,TLT,0.1720344171126016,0.14495097997921358,0.2864702054502344,0.08594106163507031,0.29802574558724304,high_hedge_risk_off
2025-03-25,VIX,-0.1506506255005826,-0.3121346580017677,0.0,0.0,0.0,high_hedge_risk_off
2025-03-25,CASH,0.0,0.0,0.0,0.0,0.3382112741017285,high_hedge_risk_off
2025-03-26,BTC-USD,-0.0539077325822141,-0.14453683040538257,0.0,0.0,0.0,high_hedge_risk_off
2025-03-26,DIA,0.0695902654465436,0.03947433370052751,0.08591604201612496,0.01981743063251768,0.07213105044953291,high_hedge_risk_off
2025-03-26,ETH-USD,-0.2228783832145345,-0.3401437244946839,0.0,0.0,0.0,high_hedge_risk_off
2025-03-26,GLD,0.3506956741567333,0.3114296327077017,0.6778278162152666,0.09453010547771575,0.34406860978357445,high_hedge_risk_off
2025-03-26,QQQ,0.019636807293826,-0.02349089849653755,0.0,0.0,0.0,high_hedge_risk_off
2025-03-26,SPY,0.0426296618040457,0.007381777843582946,0.01606646840892713,0.0037058984065361463,0.01348864794228586,high_hedge_risk_off
2025-03-26,TLT,0.1282501161335555,0.10116667900016749,0.22018967335968143,0.06605690200790443,0.24043246673227656,high_hedge_risk_off
2025-03-26,VIX,-0.1387880161091279,-0.300272048610313,0.0,0.0,0.0,high_hedge_risk_off
2025-03-26,CASH,0.0,0.0,0.0,0.0,0.3298792250923302,high_hedge_risk_off
2025-03-27,BTC-USD,0.0187620529620325,-0.07186704486113596,0.0,0.0,0.0,high_hedge_risk_off
2025-03-27,DIA,0.0304980662364188,0.0003821344904027027,0.000869378208598735,0.0002019191190954321,0.0008202807059844412,high_hedge_risk_off
2025-03-27,ETH-USD,-0.2250299052655322,-0.34229524654568166,0.0,0.0,0.0,high_hedge_risk_off
2025-03-27,GLD,0.4077723110087952,0.36850626955976357,0.8383732129221171,0.11691981860190333,0.35,high_hedge_risk_off
2025-03-27,QQQ,-0.0300183169691626,-0.07314602275952616,0.0,0.0,0.0,high_hedge_risk_off
2025-03-27,SPY,0.0081235469512475,-0.027124337009215255,0.0,0.0,0.0,high_hedge_risk_off
2025-03-27,TLT,0.0977442265448656,0.07066078941147758,0.1607574088692842,0.04822722266078525,0.19591933854050134,high_hedge_risk_off
2025-03-27,VIX,-0.1093308937075765,-0.27081492620876163,0.0,0.0,0.0,high_hedge_risk_off
2025-03-27,CASH,0.0,0.0,0.0,0.0,0.45326038075351427,high_hedge_risk_off
2025-03-28,BTC-USD,-0.1146822141797357,-0.20531131200290417,0.0,0.0,0.0,high_hedge_risk_off
2025-03-28,DIA,-0.03816642499412,-0.0682823567401361,0.0,0.0,0.0,high_hedge_risk_off
2025-03-28,ETH-USD,-0.3997117767743034,-0.5169771180544529,0.0,0.0,0.0,high_hedge_risk_off
2025-03-28,GLD,0.4647086143313912,0.4254425728823596,0.6637883282406668,0.09257215013371058,0.3132503383900953,high_hedge_risk_off
2025-03-28,QQQ,-0.1038907131123601,-0.14701841890272363,0.0,0.0,0.0,high_hedge_risk_off
2025-03-28,SPY,-0.0573056416236235,-0.09255352558408625,0.0,0.0,0.0,high_hedge_risk_off
2025-03-28,TLT,0.2425719484265681,0.21548851129318009,0.3362116717593332,0.10086350152779995,0.3413070339098408,high_hedge_risk_off
2025-03-28,VIX,0.1438199300845997,-0.017664102416585413,0.0,0.0,0.0,high_hedge_risk_off
2025-03-28,CASH,0.0,0.0,0.0,0.0,0.3454426277000639,high_hedge_risk_off
2025-03-29,BTC-USD,-0.0437863794902113,-0.13441547731337977,0.0,0.0,0.0,high_hedge_risk_off
2025-03-29,DIA,-0.0499669366800256,-0.0800828684260417,0.0,0.0,0.0,high_hedge_risk_off
2025-03-29,ETH-USD,-0.3521378075354889,-0.4694031488156384,0.0,0.0,0.0,high_hedge_risk_off
2025-03-29,GLD,0.4428417824599204,0.4035757410108888,0.6665799195242873,0.092961467480807,0.33358261989576626,high_hedge_risk_off
2025-03-29,QQQ,-0.1177134726981109,-0.16084117848847443,0.0,0.0,0.0,high_hedge_risk_off
2025-03-29,SPY,-0.0703716709275851,-0.10561955488804785,0.0,0.0,0.0,high_hedge_risk_off
2025-03-29,TLT,0.228950088234919,0.201866651101531,0.33342008047571264,0.10002602414271379,0.35,high_hedge_risk_off
2025-03-29,VIX,0.1279714528727825,-0.033512579628402615,0.0,0.0,0.0,high_hedge_risk_off
2025-03-29,CASH,0.0,0.0,0.0,0.0,0.31641738010423376,high_hedge_risk_off
2025-03-30,BTC-USD,-0.0594541318450487,-0.15008322966821716,0.0,0.0,0.0,high_hedge_risk_off
2025-03-30,DIA,-0.0094874843044789,-0.03960341605049499,0.0,0.0,0.0,high_hedge_risk_off
2025-03-30,ETH-USD,-0.2605723270234411,-0.37783766830359056,0.0,0.0,0.0,high_hedge_risk_off
2025-03-30,GLD,0.3940736552526648,0.3548076138036332,0.7196902856637263,0.10036377493969816,0.35,high_hedge_risk_off
2025-03-30,QQQ,-0.0477821083330198,-0.09090981412338335,0.0,0.0,0.0,high_hedge_risk_off
2025-03-30,SPY,-0.0199622327866703,-0.05521011674713305,0.0,0.0,0.0,high_hedge_risk_off
2025-03-30,TLT,0.1652762443044743,0.13819280717108628,0.28030971433627366,0.0840929143008821,0.3344211932162311,high_hedge_risk_off
2025-03-30,VIX,0.0220425128971947,-0.13944151960399043,0.0,0.0,0.0,high_hedge_risk_off
2025-03-30,CASH,0.0,0.0,0.0,0.0,0.3155788067837689,high_hedge_risk_off
2025-03-31,BTC-USD,-0.128192346442415,-0.21882144426558348,0.0,0.0,0.0,high_hedge_risk_off
2025-03-31,DIA,0.0438769654606452,0.013761033714629103,0.02511778125246425,0.006466384486904267,0.023393684509040828,high_hedge_risk_off
2025-03-31,ETH-USD,-0.2861664798251011,-0.40343182110525055,0.0,0.0,0.0,high_hedge_risk_off
2025-03-31,GLD,0.3969374564161457,0.3576714149671141,0.6528515624413235,0.08883064043302547,0.3213659783507718,high_hedge_risk_off
2025-03-31,QQQ,-0.0503403392815498,-0.09346804507191335,0.0,0.0,0.0,high_hedge_risk_off
2025-03-31,SPY,0.0114573960600106,-0.023790487900452153,0.0,0.0,0.0,high_hedge_risk_off
2025-03-31,TLT,0.2035112304178431,0.1764277932844551,0.32203065630621225,0.09512939431108838,0.3441532192458836,high_hedge_risk_off
2025-03-31,VIX,0.028033261636684,-0.1334507708645011,0.0,0.0,0.0,high_hedge_risk_off
2025-03-31,CASH,0.0,0.0,0.0,0.0,0.3110871178943038,high_hedge_risk_off
2025-04-01,BTC-USD,-0.0844759261973572,-0.17510502402052566,0.0,0.0,0.0,high_hedge_risk_off
2025-04-01,DIA,0.0382866891479958,0.008170757401979705,0.015505694299207038,0.0049786345858690685,0.01920201798529074,high_hedge_risk_off
2025-04-01,ETH-USD,-0.2215720224945424,-0.3388373637746918,0.0,0.0,0.0,high_hedge_risk_off
2025-04-01,GLD,0.357746900006881,0.31848085855784936,0.6043829953573836,0.07701640611825834,0.2970433740292473,high_hedge_risk_off
2025-04-01,QQQ,-0.0739126463147275,-0.11704035210509105,0.0,0.0,0.0,high_hedge_risk_off
2025-04-01,SPY,-0.0074149307327549,-0.04266281469321765,0.0,0.0,0.0,high_hedge_risk_off
2025-04-01,TLT,0.2273838714534073,0.2003004343200193,0.38011131034340934,0.10787967319542478,0.3499999999999999,high_hedge_risk_off
2025-04-01,VIX,0.0109743624183118,-0.1505096700828733,0.0,0.0,0.0,high_hedge_risk_off
2025-04-01,CASH,0.0,0.0,0.0,0.0,0.33375460798546197,high_hedge_risk_off
2025-04-02,BTC-USD,-0.0776273237729663,-0.16825642159613477,0.0,0.0,0.0,high_hedge_risk_off
2025-04-02,DIA,0.1381525011701006,0.10803656942408452,0.2002195119299384,0.06263191908928738,0.20053189653398418,high_hedge_risk_off
2025-04-02,ETH-USD,-0.2572715233110196,-0.3745368645911691,0.0,0.0,0.0,high_hedge_risk_off
2025-04-02,GLD,0.2690953821184312,0.22982934066939958,0.42593279906339143,0.047732766327860256,0.15282849859500008,high_hedge_risk_off
2025-04-02,QQQ,0.0489332333606234,0.005805527570259849,0.010759133715644433,0.0033656319798884915,0.010775920230071723,high_hedge_risk_off
2025-04-02,SPY,0.0967045776965736,0.06145669373611086,0.11389503841399014,0.03562822005635734,0.1140727386597593,high_hedge_risk_off
2025-04-02,TLT,0.161545919968419,0.13446248283503098,0.2491935168770355,0.06573819145128595,0.21047741148802324,high_hedge_risk_off
2025-04-02,VIX,-0.0819153349928987,-0.2433993674940838,0.0,0.0,0.0,high_hedge_risk_off
2025-04-02,CASH,0.0,0.0,0.0,0.0,0.3113135344931615,high_hedge_risk_off
2025-04-03,BTC-USD,-0.1156899556103247,-0.20631905343349316,0.0,0.0,0.0,high_hedge_risk_off
2025-04-03,DIA,-0.0910832184937566,-0.1211991502397727,0.0,0.0,0.0,high_hedge_risk_off
2025-04-03,ETH-USD,-0.1982866604753868,-0.3155520017555362,0.0,0.0,0.0,high_hedge_risk_off
2025-04-03,GLD,0.1925284321023606,0.15326239065332894,0.3485385467739667,0.040240498229064246,0.1767208111503311,high_hedge_risk_off
2025-04-03,QQQ,-0.1538741378134895,-0.19700184360385303,0.0,0.0,0.0,high_hedge_risk_off
2025-04-03,SPY,-0.1259024331678079,-0.16115031712827066,0.0,0.0,0.0,high_hedge_risk_off
2025-04-03,TLT,0.168880023418677,0.141796586285289,0.32246382110254873,0.08654896766300076,0.35,high_hedge_risk_off
2025-04-03,VIX,0.3061537227986829,0.14466969029749777,0.3289976321234846,0.016449881606174232,0.05,high_hedge_risk_off
2025-04-03,CASH,0.0,0.0,0.0,0.0,0.423279188849669,high_hedge_risk_off
2025-04-04,BTC-USD,-0.1428872819191146,-0.23351637974228306,0.0,0.0,0.0,high_hedge_risk_off
2025-04-04,DIA,-0.1566394336443212,-0.1867553653903373,0.0,0.0,0.0,high_hedge_risk_off
2025-04-04,ETH-USD,-0.2125583162104062,-0.32982365749055564,0.0,0.0,0.0,high_hedge_risk_off
2025-04-04,GLD,0.1616509510186953,0.12238490956966366,0.21933544973771354,0.027217498643342945,0.11146661349176547,high_hedge_risk_off
2025-04-04,QQQ,-0.1969687563389542,-0.24009646212931773,0.0,0.0,0.0,high_hedge_risk_off
2025-04-04,SPY,-0.1775199592804111,-0.21276784324087386,0.0,0.0,0.0,high_hedge_risk_off
2025-04-04,TLT,0.2267738594375385,0.1996904223041505,0.3578806303685955,0.10020408442115361,0.35,high_hedge_risk_off
2025-04-04,VIX,0.3973892264202349,0.23590519391904974,0.422783919893691,0.021139195994684553,0.05,high_hedge_risk_off
2025-04-04,CASH,0.0,0.0,0.0,0.0,0.4885333865082345,high_hedge_risk_off
2025-04-05,BTC-USD,-0.154809447457179,-0.24543854528034748,0.0,0.0,0.0,high_hedge_risk_off
2025-04-05,DIA,-0.1841338213673655,-0.2142497531133816,0.0,0.0,0.0,high_hedge_risk_off
2025-04-05,ETH-USD,-0.233876688867621,-0.35114203014777046,0.0,0.0,0.0,high_hedge_risk_off
2025-04-05,GLD,0.1834765834214266,0.14421054197239494,0.21173989022545248,0.029529319893218907,0.11874265504846988,high_hedge_risk_off
2025-04-05,QQQ,-0.2294932541300307,-0.27262095992039426,0.0,0.0,0.0,high_hedge_risk_off
2025-04-05,SPY,-0.2080410275427045,-0.24328891150316728,0.0,0.0,0.0,high_hedge_risk_off
2025-04-05,TLT,0.2630207713446328,0.2359373342112448,0.34641950971613295,0.10392585291483988,0.35,high_hedge_risk_off
2025-04-05,VIX,0.4624101939910566,0.30092616148987145,0.44184060005841463,0.02209203000292073,0.05,high_hedge_risk_off
2025-04-05,CASH,0.0,0.0,0.0,0.0,0.48125734495153016,high_hedge_risk_off
2025-04-06,BTC-USD,-0.1938046552556702,-0.2844337530788386,0.0,0.0,0.0,high_hedge_risk_off
2025-04-06,DIA,-0.168243012491166,-0.1983589442371821,0.0,0.0,0.0,high_hedge_risk_off
2025-04-06,ETH-USD,-0.2783874192576585,-0.39565276053780796,0.0,0.0,0.0,high_hedge_risk_off
2025-04-06,GLD,0.1887974967857516,0.14953145533671997,0.21515328828286584,0.030005353592173448,0.12215780824681068,high_hedge_risk_off
2025-04-06,QQQ,-0.2083524953206194,-0.25148020111098296,0.0,0.0,0.0,high_hedge_risk_off
2025-04-06,SPY,-0.1888703299906771,-0.22411821395113987,0.0,0.0,0.0,high_hedge_risk_off
2025-04-06,TLT,0.261682856855672,0.23459941972228399,0.3375533025398614,0.10126599076195841,0.35,high_hedge_risk_off
2025-04-06,VIX,0.4723527855218986,0.31086875302071343,0.4472934091772728,0.02236467045886364,0.05,high_hedge_risk_off
2025-04-06,CASH,0.0,0.0,0.0,0.0,0.4778421917531893,high_hedge_risk_off
2025-04-07,BTC-USD,-0.1777205610040289,-0.26834965882719736,0.0,0.0,0.0,high_hedge_risk_off
2025-04-07,DIA,-0.1851737390954947,-0.2152896708415108,0.0,0.0,0.0,high_hedge_risk_off
2025-04-07,ETH-USD,-0.2829289296537524,-0.4001942709339018,0.0,0.0,0.0,high_hedge_risk_off
2025-04-07,GLD,0.1504340439364809,0.11116800248744926,0.17634541178992758,0.02459319342662165,0.1107006160085888,high_hedge_risk_off
2025-04-07,QQQ,-0.2082331575363454,-0.2513608633267089,0.0,0.0,0.0,high_hedge_risk_off
2025-04-07,SPY,-0.1960355416996083,-0.23128342566007107,0.0,0.0,0.0,high_hedge_risk_off
2025-04-07,TLT,0.2116165802939081,0.18453314316052008,0.29272427669288625,0.08781728300786587,0.35,high_hedge_risk_off
2025-04-07,VIX,0.4961820640083252,0.33469803150714006,0.5309303115171862,0.02654651557585931,0.05,high_hedge_risk_off
2025-04-07,CASH,0.0,0.0,0.0,0.0,0.48929938399141126,high_hedge_risk_off
2025-04-08,BTC-USD,-0.2121535048625405,-0.30278260268570895,0.0,0.0,0.0,high_hedge_risk_off
2025-04-08,DIA,-0.1700934702295722,-0.20020940197558829,0.0,0.0,0.0,high_hedge_risk_off
2025-04-08,ETH-USD,-0.2982536227112988,-0.4155189639914483,0.0,0.0,0.0,high_hedge_risk_off
2025-04-08,GLD,0.1721233432056114,0.13285730175657975,0.2060176985807676,0.028731301024944776,0.1343589997263226,high_hedge_risk_off
2025-04-08,QQQ,-0.1972920427260549,-0.24041974851641845,0.0,0.0,0.0,high_hedge_risk_off
2025-04-08,SPY,-0.1843591442378568,-0.21960702819831956,0.0,0.0,0.0,high_hedge_risk_off
2025-04-08,TLT,0.1955855294675407,0.1685020923341527,0.2612909701593192,0.07838729104779575,0.35,high_hedge_risk_off
2025-04-08,VIX,0.5050075910490781,0.34352355854789296,0.5326913312599133,0.026634566562995666,0.05,high_hedge_risk_off
2025-04-08,CASH,0.0,0.0,0.0,0.0,0.4656410002736775,high_hedge_risk_off
2025-04-09,BTC-USD,-0.1279343222906158,-0.21856342011378427,0.0,0.0,0.0,high_hedge_risk_off
2025-04-09,DIA,-0.0729456476841368,-0.1030615794301529,0.0,0.0,0.0,high_hedge_risk_off
2025-04-09,ETH-USD,-0.2363938104509443,-0.35365915173109375,0.0,0.0,0.0,high_hedge_risk_off
2025-04-09,GLD,0.1627806924145324,0.12351465096550077,0.5138833086737119,0.07636239205850177,0.28116732769510466,high_hedge_risk_off
2025-04-09,QQQ,-0.0661467154743565,-0.10927442126472005,0.0,0.0,0.0,high_hedge_risk_off
2025-04-09,SPY,-0.0628443406855732,-0.09809222464603594,0.0,0.0,0.0,high_hedge_risk_off
2025-04-09,TLT,0.0913458617607365,0.06426242462734849,0.2673641315646087,0.08753903856118093,0.32231988650106297,high_hedge_risk_off
2025-04-09,VIX,0.2140624011905822,0.05257836868939709,0.21875255976167937,0.010937627988083969,0.04027248950473869,high_hedge_risk_off
2025-04-09,CASH,0.0,0.0,0.0,0.0,0.3562402962990937,high_hedge_risk_off
2025-04-10,BTC-USD,-0.1587148785490524,-0.24934397637222086,0.0,0.0,0.0,high_hedge_risk_off
2025-04-10,DIA,-0.0938843152187001,-0.12400024696471619,0.0,0.0,0.0,high_hedge_risk_off
2025-04-10,ETH-USD,-0.2585561731670845,-0.375821514447234,0.0,0.0,0.0,high_hedge_risk_off
2025-04-10,GLD,0.2107566967790248,0.17149065532999316,0.5408671574813607,0.08531478901350402,0.3199302429438127,high_hedge_risk_off
2025-04-10,QQQ,-0.098224534741473,-0.14135224053183654,0.0,0.0,0.0,high_hedge_risk_off
2025-04-10,SPY,-0.0986729467307299,-0.13392083069119268,0.0,0.0,0.0,high_hedge_risk_off
2025-04-10,TLT,0.0980956284135825,0.07101219128019448,0.22396650109205102,0.0794700527234826,0.2980124966441285,high_hedge_risk_off
2025-04-10,VIX,0.2360473137893309,0.07456328128814577,0.2351663414265882,0.011758317071329412,0.04409365926750821,high_hedge_risk_off
2025-04-10,CASH,0.0,0.0,0.0,0.0,0.3379636011445506,high_hedge_risk_off
2025-04-11,BTC-USD,-0.1708731291299903,-0.2615022269531588,0.0,0.0,0.0,high_hedge_risk_off
2025-04-11,DIA,-0.1498338195910304,-0.1799497513370465,0.0,0.0,0.0,high_hedge_risk_off
2025-04-11,ETH-USD,-0.3032035973710628,-0.42046893865121227,0.0,0.0,0.0,high_hedge_risk_off
2025-04-11,GLD,0.2795296589387765,0.2402636174897449,0.5617097211085982,0.09373553215078888,0.33803593023476297,high_hedge_risk_off
2025-04-11,QQQ,-0.1564701680148787,-0.19959787380524224,0.0,0.0,0.0,high_hedge_risk_off
2025-04-11,SPY,-0.1560637720316644,-0.19131165599212718,0.0,0.0,0.0,high_hedge_risk_off
2025-04-11,TLT,0.1210607436371272,0.09397730650373917,0.21970853172976018,0.08398251587667512,0.30286388978044226,high_hedge_risk_off
2025-04-11,VIX,0.2549793723835643,0.09349533988237915,0.2185817471616416,0.010929087358082082,0.039413273994787605,high_hedge_risk_off
2025-04-11,CASH,0.0,0.0,0.0,0.0,0.3196869059900072,high_hedge_risk_off
2025-04-12,BTC-USD,-0.173544513714802,-0.2641736115379704,0.0,0.0,0.0,high_hedge_risk_off
2025-04-12,DIA,-0.1537224225735019,-0.183838354319518,0.0,0.0,0.0,high_hedge_risk_off
2025-04-12,ETH-USD,-0.2742379042520443,-0.39150324553219373,0.0,0.0,0.0,high_hedge_risk_off
2025-04-12,GLD,0.2771635429158297,0.23789750146679806,0.5626086409071179,0.09388553974814509,0.3310695421066916,high_hedge_risk_off
2025-04-12,QQQ,-0.1665836502486285,-0.20971135603899205,0.0,0.0,0.0,high_hedge_risk_off
2025-04-12,SPY,-0.163800971615806,-0.19904885557626878,0.0,0.0,0.0,high_hedge_risk_off
2025-04-12,TLT,0.1252971786268492,0.09821374149346118,0.23226767527758566,0.08878318731213865,0.31307706435998944,high_hedge_risk_off
2025-04-12,VIX,0.2482200125825517,0.08673598008136657,0.20512368381529641,0.010256184190764822,0.036166487543311844,high_hedge_risk_off
2025-04-12,CASH,0.0,0.0,0.0,0.0,0.3196869059900072,high_hedge_risk_off
2025-04-13,BTC-USD,-0.1835397405759037,-0.27416883839907213,0.0,0.0,0.0,high_hedge_risk_off
2025-04-13,DIA,-0.1526177300145705,-0.18273366176058659,0.0,0.0,0.0,high_hedge_risk_off
2025-04-13,ETH-USD,-0.2730801628800783,-0.39034550416022773,0.0,0.0,0.0,high_hedge_risk_off
2025-04-13,GLD,0.2599145296883778,0.22064848823934619,0.5093298381516493,0.08499461843956545,0.278861094612161,high_hedge_risk_off
2025-04-13,QQQ,-0.1649533201816301,-0.20808102597199363,0.0,0.0,0.0,high_hedge_risk_off
2025-04-13,SPY,-0.1601590054866442,-0.19540688944710696,0.0,0.0,0.0,high_hedge_risk_off
2025-04-13,TLT,0.1546382252484981,0.1275547881151101,0.29443872516209657,0.11254776824528892,0.35,high_hedge_risk_off
2025-04-13,VIX,0.2464941116416207,0.08501007914043557,0.19623143668625415,0.009811571834312707,0.03219104587813099,high_hedge_risk_off
2025-04-13,CASH,0.0,0.0,0.0,0.0,0.33894785950970807,high_hedge_risk_off
2025-04-14,BTC-USD,-0.1510750225564035,-0.24170412037957198,0.0,0.0,0.0,high_hedge_risk_off
2025-04-14,DIA,-0.1391968185581512,-0.1693127503041673,0.0,0.0,0.0,high_hedge_risk_off
2025-04-14,ETH-USD,-0.3046433536959156,-0.4219086949760651,0.0,0.0,0.0,high_hedge_risk_off
2025-04-14,GLD,0.299886109304551,0.2606200678555194,0.5528872164244348,0.09226327318784848,0.30368092899134985,high_hedge_risk_off
2025-04-14,QQQ,-0.1868587589580498,-0.22998646474841333,0.0,0.0,0.0,high_hedge_risk_off
2025-04-14,SPY,-0.1711385863524164,-0.20638647031287918,0.0,0.0,0.0,high_hedge_risk_off
2025-04-14,TLT,0.157711815536742,0.13062837840335398,0.2771189537158223,0.105927369988492,0.34865576531434367,high_hedge_risk_off
2025-04-14,VIX,0.2416157522388596,0.08013171973767447,0.1699938298597428,0.00849969149298714,0.027976399704299278,high_hedge_risk_off
2025-04-14,CASH,0.0,0.0,0.0,0.0,0.3196869059900072,high_hedge_risk_off
2025-04-15,BTC-USD,-0.1696610292736559,-0.26029012709682436,0.0,0.0,0.0,high_hedge_risk_off
2025-04-15,DIA,-0.141390147949161,-0.1715060796951771,0.0,0.0,0.0,high_hedge_risk_off
2025-04-15,ETH-USD,-0.2811904753071789,-0.3984558165873283,0.0,0.0,0.0,high_hedge_risk_off
2025-04-15,GLD,0.2632102618924172,0.22394422044338558,0.5222804092677061,0.08715575012306985,0.25885640035525304,high_hedge_risk_off
2025-04-15,QQQ,-0.1560037577179146,-0.19913146350827815,0.0,0.0,0.0,high_hedge_risk_off
2025-04-15,SPY,-0.1469925426451103,-0.18224042660557307,0.0,0.0,0.0,high_hedge_risk_off
2025-04-15,TLT,0.1793906122561343,0.1523071751227463,0.3552092284409996,0.1357769970616349,0.35,high_hedge_risk_off
2025-04-15,VIX,0.2140142195285488,0.05253018702736368,0.12251036229129433,0.006125518114564717,0.018193057454133577,high_hedge_risk_off
2025-04-15,CASH,0.0,0.0,0.0,0.0,0.3729505421906134,high_hedge_risk_off
2025-04-16,BTC-USD,-0.1737199985144003,-0.2643490963375687,0.0,0.0,0.0,high_hedge_risk_off
2025-04-16,DIA,-0.1619235740178169,-0.192039505763833,0.0,0.0,0.0,high_hedge_risk_off
2025-04-16,ETH-USD,-0.273532519856637,-0.3907978611367865,0.0,0.0,0.0,high_hedge_risk_off
2025-04-16,GLD,0.29741666911847,0.25815062766943836,0.5157438622930923,0.08606496125816503,0.2526664298354755,high_hedge_risk_off
2025-04-16,QQQ,-0.1903657081908092,-0.23349341398117274,0.0,0.0,0.0,high_hedge_risk_off
2025-04-16,SPY,-0.1733123943934431,-0.20856027835390586,0.0,0.0,0.0,high_hedge_risk_off
2025-04-16,TLT,0.2100603527588788,0.1829769156254908,0.36555875159834045,0.13973305186767437,0.35,high_hedge_risk_off
2025-04-16,VIX,0.2208968669853595,0.0594128344841744,0.11869738610856731,0.0059348693054283655,0.01742337667990841,high_hedge_risk_off
2025-04-16,CASH,0.0,0.0,0.0,0.0,0.3799101934846161,high_hedge_risk_off
2025-04-17,BTC-USD,-0.1305044219215563,-0.22113351974472478,0.0,0.0,0.0,high_hedge_risk_off
2025-04-17,DIA,-0.1511509380091842,-0.1812668697552003,0.0,0.0,0.0,high_hedge_risk_off
2025-04-17,ETH-USD,-0.2888198584991328,-0.40608519977928226,0.0,0.0,0.0,high_hedge_risk_off
2025-04-17,GLD,0.3114985905883701,0.2722325491393385,0.6161059802448554,0.1028129294354328,0.31075541124003164,high_hedge_risk_off
2025-04-17,QQQ,-0.1554643802279542,-0.19859208601831774,0.0,0.0,0.0,high_hedge_risk_off
2025-04-17,SPY,-0.1400572665883427,-0.17530515054880547,0.0,0.0,0.0,high_hedge_risk_off
2025-04-17,TLT,0.1641622563264628,0.1370788191930748,0.31023138319337956,0.1185844348390035,0.35,high_hedge_risk_off
2025-04-17,VIX,0.1940326003945924,0.0325485678934073,0.07366263656176504,0.003683131828088252,0.011132385315483119,high_hedge_risk_off
2025-04-17,CASH,0.0,0.0,0.0,0.0,0.3281122034444853,high_hedge_risk_off
2025-04-18,BTC-USD,-0.1168466161894623,-0.20747571401263076,0.0,0.0,0.0,high_hedge_risk_off
2025-04-18,DIA,-0.1595267124194286,-0.18964264416544468,0.0,0.0,0.0,high_hedge_risk_off
2025-04-18,ETH-USD,-0.2641297325929486,-0.381395073873098,0.0,0.0,0.0,high_hedge_risk_off
2025-04-18,GLD,0.3037798045867768,0.26451376313774516,0.6288259637464277,0.10493558171945588,0.32106229755610277,high_hedge_risk_off
2025-04-18,QQQ,-0.1630273608658806,-0.20615506665624414,0.0,0.0,0.0,high_hedge_risk_off
2025-04-18,SPY,-0.1480735575895157,-0.18332144154997848,0.0,0.0,0.0,high_hedge_risk_off
2025-04-18,TLT,0.1522454631540392,0.12516202602065118,0.2975464516600819,0.1137356815589077,0.3479871997378157,high_hedge_risk_off
2025-04-18,VIX,0.1924552560103662,0.030971223509181085,0.0736275845934904,0.0036813792296745205,0.011263596716074374,high_hedge_risk_off
2025-04-18,CASH,0.0,0.0,0.0,0.0,0.3196869059900072,high_hedge_risk_off
2025-04-19,BTC-USD,-0.1014777053902837,-0.19210680321345217,0.0,0.0,0.0,high_hedge_risk_off
2025-04-19,DIA,-0.2048774389378765,-0.2349933706838926,0.0,0.0,0.0,high_hedge_risk_off
2025-04-19,ETH-USD,-0.2565250191819405,-0.3737903604620899,0.0,0.0,0.0,high_hedge_risk_off
2025-04-19,GLD,0.3455402068290058,0.3062741653799742,0.6217624150302214,0.10375684923022661,0.34601653518652153,high_hedge_risk_off
2025-04-19,QQQ,-0.2002241167389321,-0.24335182252929563,0.0,0.0,0.0,high_hedge_risk_off
2025-04-19,SPY,-0.181048039232546,-0.21629592319300878,0.0,0.0,0.0,high_hedge_risk_off
2025-04-19,TLT,0.1476651058057567,0.12058166867236869,0.2447909683439728,0.09357015507572893,0.31204514300861363,high_hedge_risk_off
2025-04-19,VIX,0.2272185480361318,0.06573451553494669,0.13344661662580581,0.006672330831290291,0.022251415814857685,high_hedge_risk_off
2025-04-19,CASH,0.0,0.0,0.0,0.0,0.3196869059900072,high_hedge_risk_off
2025-04-20,BTC-USD,-0.0748076781658951,-0.16543677598906356,0.0,0.0,0.0,high_hedge_risk_off
2025-04-20,DIA,-0.2124990597069312,-0.2426149914529473,0.0,0.0,0.0,high_hedge_risk_off
2025-04-20,ETH-USD,-0.2611424858171732,-0.3784078270973227,0.0,0.0,0.0,high_hedge_risk_off
2025-04-20,GLD,0.3291242708876255,0.2898582294385939,0.613603996681744,0.10239540993753643,0.35,high_hedge_risk_off
2025-04-20,QQQ,-0.2047736443091802,-0.24790135009954375,0.0,0.0,0.0,high_hedge_risk_off
2025-04-20,SPY,-0.183254366134339,-0.21850225009480176,0.0,0.0,0.0,high_hedge_risk_off
2025-04-20,TLT,0.1227377047336772,0.0956542676002892,0.20249154565279204,0.07740140682654524,0.27862120889931447,high_hedge_risk_off
2025-04-20,VIX,0.248358011114503,0.08687397861331789,0.1839044576654639,0.009195222883273195,0.033099968345246804,high_hedge_risk_off
2025-04-20,CASH,0.0,0.0,0.0,0.0,0.33827882275543886,high_hedge_risk_off
2025-04-21,BTC-USD,-0.0834903644327949,-0.17411946225596336,0.0,0.0,0.0,high_hedge_risk_off
2025-04-21,DIA,-0.214141139649945,-0.2442570713959611,0.0,0.0,0.0,high_hedge_risk_off
2025-04-21,ETH-USD,-0.2594835158196238,-0.37674885709977324,0.0,0.0,0.0,high_hedge_risk_off
2025-04-21,GLD,0.2987998341584239,0.2595337927093923,0.5797748238327937,0.09675015332179002,0.35,high_hedge_risk_off
2025-04-21,QQQ,-0.1990534496648305,-0.24218115545519403,0.0,0.0,0.0,high_hedge_risk_off
2025-04-21,SPY,-0.1881061079535876,-0.22335399191405036,0.0,0.0,0.0,high_hedge_risk_off
2025-04-21,TLT,0.072104184821416,0.04502074768802799,0.10057224451258318,0.03844325049661597,0.17299993365190655,high_hedge_risk_off
2025-04-21,VIX,0.3045753401826071,0.14309130768142198,0.3196529316546231,0.015982646582731155,0.05,high_hedge_risk_off
2025-04-21,CASH,0.0,0.0,0.0,0.0,0.4270000663480936,high_hedge_risk_off
2025-04-22,BTC-USD,-0.0142587689460121,-0.10488786676918056,0.0,0.0,0.0,high_hedge_risk_off
2025-04-22,DIA,-0.2008209043545464,-0.23093683610056248,0.0,0.0,0.0,high_hedge_risk_off
2025-04-22,ETH-USD,-0.1676077758544411,-0.2848731171345905,0.0,0.0,0.0,high_hedge_risk_off
2025-04-22,GLD,0.2270307813622878,0.18776473991325615,0.6587747822456566,0.10993330266644633,0.35,high_hedge_risk_off
2025-04-22,QQQ,-0.2089191419283251,-0.2520468477186887,0.0,0.0,0.0,high_hedge_risk_off
2025-04-22,SPY,-0.1984408122610257,-0.23368869622148847,0.0,0.0,0.0,high_hedge_risk_off
2025-04-22,TLT,0.036289292775609,0.009205855642220984,0.032298852004326285,0.012346078824959398,0.06098498027443507,high_hedge_risk_off
2025-04-22,VIX,0.2495345776657528,0.08805054516456767,0.30892636575001714,0.015446318287500857,0.05,high_hedge_risk_off
2025-04-22,CASH,0.0,0.0,0.0,0.0,0.539015019725565,high_hedge_risk_off
2025-04-23,BTC-USD,0.0837924117702066,-0.006836686052961862,0.0,0.0,0.0,high_hedge_risk_off
2025-04-23,DIA,-0.1448063357574845,-0.1749222675035006,0.0,0.0,0.0,high_hedge_risk_off
2025-04-23,ETH-USD,-0.1588732865208297,-0.2761386278009791,0.0,0.0,0.0,high_hedge_risk_off
2025-04-23,GLD,0.2390113314410795,0.19974528999204785,1.0,0.1668753960066618,0.35,high_hedge_risk_off
2025-04-23,QQQ,-0.1059579876109408,-0.14908569340130434,0.0,0.0,0.0,high_hedge_risk_off
2025-04-23,SPY,-0.1141417250387163,-0.14938960899917905,0.0,0.0,0.0,high_hedge_risk_off
2025-04-23,TLT,0.0022020664493277,-0.02488137068406032,0.0,0.0,0.0,high_hedge_risk_off
2025-04-23,VIX,0.0426948591113095,-0.11878917338987563,0.0,0.0,0.0,high_hedge_risk_off
2025-04-23,CASH,0.0,0.0,0.0,0.0,0.6500000000000001,high_hedge_risk_off
2025-04-24,BTC-USD,-0.0061576467137752,-0.09678674453694366,0.0,0.0,0.0,high_hedge_risk_off
2025-04-24,DIA,-0.0345429083702512,-0.0646588401162673,0.0,0.0,0.0,high_hedge_risk_off
2025-04-24,ETH-USD,-0.1779504744032414,-0.29521581568339084,0.0,0.0,0.0,high_hedge_risk_off
2025-04-24,GLD,0.2343840787195103,0.19511803727047866,0.853263121679373,0.14238862132812583,0.35,high_hedge_risk_off
2025-04-24,QQQ,-0.006419367720335,-0.04954707351069854,0.0,0.0,0.0,high_hedge_risk_off
2025-04-24,SPY,-0.0134131429147179,-0.048661026875180646,0.0,0.0,0.0,high_hedge_risk_off
2025-04-24,TLT,0.0606381648201617,0.03355472768677368,0.146736878320627,0.056089456864667445,0.19225494466888418,high_hedge_risk_off
2025-04-24,VIX,-0.0826567865437106,-0.2441408190448957,0.0,0.0,0.0,high_hedge_risk_off
2025-04-24,CASH,0.0,0.0,0.0,0.0,0.45774505533111587,high_hedge_risk_off
2025-04-25,BTC-USD,0.0056499330805106,-0.08497916474265786,0.0,0.0,0.0,high_hedge_risk_off
2025-04-25,DIA,-0.0387064608443921,-0.0688223925904082,0.0,0.0,0.0,high_hedge_risk_off
2025-04-25,ETH-USD,-0.1735660057529771,-0.2908313470331265,0.0,0.0,0.0,high_hedge_risk_off
2025-04-25,GLD,0.2200772488579281,0.18081120740889645,0.797884599826303,0.1331473085636312,0.35,high_hedge_risk_off
2025-04-25,QQQ,0.0014564607767289,-0.041671245013634645,0.0,0.0,0.0,high_hedge_risk_off
2025-04-25,SPY,-0.0085620549738112,-0.04380993893427395,0.0,0.0,0.0,high_hedge_risk_off
2025-04-25,TLT,0.0728854610718048,0.04580202393841678,0.20211540017369695,0.07725762704966839,0.24980105690404614,high_hedge_risk_off
2025-04-25,VIX,-0.0978239952233934,-0.2593080277245785,0.0,0.0,0.0,high_hedge_risk_off
2025-04-25,CASH,0.0,0.0,0.0,0.0,0.4001989430959539,high_hedge_risk_off
2025-04-26,BTC-USD,0.0236268091042568,-0.06700228871891167,0.0,0.0,0.0,high_hedge_risk_off
2025-04-26,DIA,-0.0515137892818607,-0.0816297210278768,0.0,0.0,0.0,high_hedge_risk_off
2025-04-26,ETH-USD,-0.120780283077831,-0.23804562435798043,0.0,0.0,0.0,high_hedge_risk_off
2025-04-26,GLD,0.1966988506222952,0.15743280917326355,0.8051267551458176,0.13435584610051693,0.35,high_hedge_risk_off
2025-04-26,QQQ,-0.0160863624450223,-0.05921406823538585,0.0,0.0,0.0,high_hedge_risk_off
2025-04-26,SPY,-0.0246823235627035,-0.05993020752316625,0.0,0.0,0.0,high_hedge_risk_off
2025-04-26,TLT,0.0651885456445898,0.03810510851120178,0.19487324485418245,0.07448934846114925,0.24264900721682497,high_hedge_risk_off
2025-04-26,VIX,-0.1047996268689143,-0.2662836593700994,0.0,0.0,0.0,high_hedge_risk_off
2025-04-26,CASH,0.0,0.0,0.0,0.0,0.40735099278317516,high_hedge_risk_off
2025-04-27,BTC-USD,7.176199530268155e-05,-0.09055733582786578,0.0,0.0,0.0,high_hedge_risk_off
2025-04-27,DIA,-0.0458594677532199,-0.07597539949923598,0.0,0.0,0.0,high_hedge_risk_off
2025-04-27,ETH-USD,-0.1460841809451194,-0.26334952222526886,0.0,0.0,0.0,high_hedge_risk_off
2025-04-27,GLD,0.2314797168091752,0.19221367536014355,0.7226728803385534,0.120596323089771,0.35,high_hedge_risk_off
2025-04-27,QQQ,-0.013048568708964,-0.05617627449932754,0.0,0.0,0.0,high_hedge_risk_off
2025-04-27,SPY,-0.0220858597696577,-0.05733374373012046,0.0,0.0,0.0,high_hedge_risk_off
2025-04-27,TLT,0.1008458079064499,0.07376237077306189,0.2773271196614465,0.10600694040706306,0.31825627090260145,high_hedge_risk_off
2025-04-27,VIX,-0.1176113484053103,-0.27909538090649544,0.0,0.0,0.0,high_hedge_risk_off
2025-04-27,CASH,0.0,0.0,0.0,0.0,0.33174372909739863,high_hedge_risk_off
2025-04-28,BTC-USD,0.0349604593863807,-0.055668638436787765,0.0,0.0,0.0,high_hedge_risk_off
2025-04-28,DIA,-0.0528688654121657,-0.0829847971581818,0.0,0.0,0.0,high_hedge_risk_off
2025-04-28,ETH-USD,-0.1495929295166405,-0.2668582707967899,0.0,0.0,0.0,high_hedge_risk_off
2025-04-28,GLD,0.2534745556133023,0.21420851416427064,0.6845707023712726,0.11423800705276473,0.33098180363091195,high_hedge_risk_off
2025-04-28,QQQ,-0.015537952658739,-0.05866565844910255,0.0,0.0,0.0,high_hedge_risk_off
2025-04-28,SPY,-0.0257719513920295,-0.06101983535249225,0.0,0.0,0.0,high_hedge_risk_off
2025-04-28,TLT,0.1257841862815517,0.09870074914816368,0.31542929762872746,0.120571312308692,0.34933129037908095,high_hedge_risk_off
2025-04-28,VIX,-0.1423481039887948,-0.3038321364899799,0.0,0.0,0.0,high_hedge_risk_off
2025-04-28,CASH,0.0,0.0,0.0,0.0,0.3196869059900072,high_hedge_risk_off
2025-04-29,BTC-USD,0.0707744149775472,-0.019854682845621262,0.0,0.0,0.0,high_hedge_risk_off
2025-04-29,DIA,-0.0428409307447441,-0.0729568624907602,0.0,0.0,0.0,high_hedge_risk_off
2025-04-29,ETH-USD,-0.0859206873376235,-0.20318602861777293,0.0,0.0,0.0,high_hedge_risk_off
2025-04-29,GLD,0.1831521030754497,0.14388606162641807,0.6238126804802576,0.09839837099178211,0.28093426071115807,high_hedge_risk_off
2025-04-29,QQQ,-0.0204980706810078,-0.06362577647137135,0.0,0.0,0.0,high_hedge_risk_off
2025-04-29,SPY,-0.0272741509055329,-0.06252203486599565,0.0,0.0,0.0,high_hedge_risk_off
2025-04-29,TLT,0.11385325367162,0.08676981653823199,0.37618731951974244,0.13348257873552402,0.35,high_hedge_risk_off
2025-04-29,VIX,-0.1105327245626034,-0.27201675706378853,0.0,0.0,0.0,high_hedge_risk_off
2025-04-29,CASH,0.0,0.0,0.0,0.0,0.36906573928884195,high_hedge_risk_off
2025-04-30,BTC-USD,0.0317178649405399,-0.05891123288262856,0.0,0.0,0.0,high_hedge_risk_off
2025-04-30,DIA,0.0322015031034158,0.0020855713573997075,0.03996251270366761,0.01007153981313388,0.025904655734016912,high_hedge_risk_off
2025-04-30,ETH-USD,-0.0323812349678557,-0.14964657624800515,0.0,0.0,0.0,high_hedge_risk_off
2025-04-30,GLD,0.0495676899546543,0.010301648505622651,0.19739423339029089,0.02500450181274645,0.06431320565452332,high_hedge_risk_off
2025-04-30,QQQ,0.0198071381327477,-0.02332056765761585,0.0,0.0,0.0,high_hedge_risk_off
2025-04-30,SPY,0.027302235080013,-0.007945648880449754,0.0,0.0,0.0,high_hedge_risk_off
2025-04-30,TLT,0.0668844110625018,0.03980097392911378,0.7626432539060415,0.22880036371965004,0.35,high_hedge_risk_off
2025-04-30,VIX,-0.0819754910370132,-0.24345952353819833,0.0,0.0,0.0,high_hedge_risk_off
2025-04-30,CASH,0.0,0.0,0.0,0.0,0.5597821386114598,high_hedge_risk_off
2025-05-01,BTC-USD,0.1510544920228999,0.06042539419973142,0.35999370722313556,0.028799496577850844,0.04,high_hedge_risk_off
2025-05-01,DIA,0.0339513422265132,0.003835410480497104,0.022850055938944246,0.007352928451603793,0.021665869284372502,high_hedge_risk_off
2025-05-01,ETH-USD,-0.0306251336361687,-0.14789047491631813,0.0,0.0,0.0,high_hedge_risk_off
2025-05-01,GLD,-0.0162001966091009,-0.05546623805813255,0.0,0.0,0.0,high_hedge_risk_off
2025-05-01,QQQ,0.0888400426105704,0.04571233682020685,0.27233837388539617,0.08763587201519835,0.2582246461665415,high_hedge_risk_off
2025-05-01,SPY,0.0714693357446015,0.036221451784138756,0.21579494650337136,0.06944074036828245,0.20461153861780088,high_hedge_risk_off
2025-05-01,TLT,0.0487400950993749,0.021656657965986884,0.12902291644915279,0.03163379037721698,0.0932109664595652,high_hedge_risk_off
2025-05-01,VIX,-0.1396520313160128,-0.30113606381719793,0.0,0.0,0.0,high_hedge_risk_off
2025-05-01,CASH,0.0,0.0,0.0,0.0,0.38228697947172,high_hedge_risk_off
2025-05-02,BTC-USD,0.2804493995437674,0.18982030172059897,0.3359193369150288,0.026873546953202303,0.039999999999999994,high_hedge_risk_off
2025-05-02,DIA,0.0969831121382445,0.0668671803922284,0.11833285847262692,0.04107285079950187,0.11107724274228388,high_hedge_risk_off
2025-05-02,ETH-USD,-0.0418022880370738,-0.15906762931722324,0.0,0.0,0.0,high_hedge_risk_off
2025-05-02,GLD,0.0832128428816925,0.04394680143266086,0.07777134617837278,0.005729454668952017,0.015494712800695424,high_hedge_risk_off
2025-05-02,QQQ,0.1783894089248394,0.13526170313447586,0.23936860923238043,0.08308386444801456,0.2246916490970977,high_hedge_risk_off
2025-05-02,SPY,0.1644289287602739,0.12918104479981113,0.22860784920159094,0.0793488486887519,0.2145906883879641,high_hedge_risk_off
2025-05-02,TLT,-0.0077068966939562,-0.03479033382734422,0.0,0.0,0.0,high_hedge_risk_off
2025-05-02,VIX,-0.3569005662593887,-0.5183845987605739,0.0,0.0,0.0,high_hedge_risk_off
2025-05-02,CASH,0.0,0.0,0.0,0.0,0.3941457069719588,high_hedge_risk_off
2025-05-03,BTC-USD,0.2613455484992625,0.17071645067609403,0.2960318049288161,0.023682544394305286,0.04,high_hedge_risk_off
2025-05-03,DIA,0.1092311352410273,0.07911520349501121,0.13719015592923414,0.04761962385471073,0.12220317472330021,high_hedge_risk_off
2025-05-03,ETH-USD,-0.0338133137305311,-0.15107865501068052,0.0,0.0,0.0,high_hedge_risk_off
2025-05-03,GLD,0.0797931845403346,0.04052714309130295,0.07027631649096155,0.005176853310575599,0.013285025340799343,high_hedge_risk_off
2025-05-03,QQQ,0.1865949941814559,0.14346728839109235,0.24878024444896327,0.08635329250047273,0.22160289471340724,high_hedge_risk_off
2025-05-03,SPY,0.1781046000658629,0.14285671610540013,0.2477214782020248,0.08598578763040553,0.22065979062704338,high_hedge_risk_off
2025-05-03,TLT,0.0034792474131853,-0.023604189720202718,0.0,0.0,0.0,high_hedge_risk_off
2025-05-03,VIX,-0.3764371553936625,-0.5379211878948477,0.0,0.0,0.0,high_hedge_risk_off
2025-05-03,CASH,0.0,0.0,0.0,0.0,0.3822491145954498,high_hedge_risk_off
2025-05-04,BTC-USD,0.2223523704836709,0.13172327266050243,0.22755198653419606,0.018204158922735685,0.04,high_hedge_risk_off
2025-05-04,DIA,0.1017573965471237,0.0716414648011076,0.12376064839907339,0.043276205182196256,0.104423981596435,high_hedge_risk_off
2025-05-04,ETH-USD,-0.0551445325871877,-0.17240987386733714,0.0,0.0,0.0,high_hedge_risk_off
2025-05-04,GLD,0.0867129846640265,0.04744694321499485,0.08196460629530558,0.006037861312059837,0.014569149856784315,high_hedge_risk_off
2025-05-04,QQQ,0.2144993740803069,0.17137166828994335,0.2960445999209443,0.10351987497631687,0.2497898665994716,high_hedge_risk_off
2025-05-04,SPY,0.1919356521691862,0.15668776820872343,0.27067815885048074,0.09464982360936161,0.22838674040569376,high_hedge_risk_off
2025-05-04,TLT,-0.0281097439632907,-0.05519318109667872,0.0,0.0,0.0,high_hedge_risk_off
2025-05-04,VIX,-0.3339190737080578,-0.49540310620924294,0.0,0.0,0.0,high_hedge_risk_off
2025-05-04,CASH,0.0,0.0,0.0,0.0,0.36283026154161535,high_hedge_risk_off
2025-05-05,BTC-USD,0.2409323631079822,0.15030326528481372,0.24786386229594962,0.01982910898367597,0.04,high_hedge_risk_off
2025-05-05,DIA,0.0679361375291771,0.037820205783161004,0.06236898619919103,0.021648179184902975,0.0681886560506792,high_hedge_risk_off
2025-05-05,ETH-USD,-0.0043939393942654,-0.12165928067441484,0.0,0.0,0.0,high_hedge_risk_off
2025-05-05,GLD,0.212648245038448,0.17338220358941636,0.285923147136029,0.02106231440450508,0.06634326611457693,high_hedge_risk_off
2025-05-05,QQQ,0.175674372316129,0.13254666652576547,0.21858160324910073,0.07586933830457675,0.23897752186249704,high_hedge_risk_off
2025-05-05,SPY,0.1475899719311275,0.11234208797066475,0.18526240111972972,0.06430429449111838,0.20254929443185446,high_hedge_risk_off
2025-05-05,TLT,-0.1068236521207983,-0.13390708925418632,0.0,0.0,0.0,high_hedge_risk_off
2025-05-05,VIX,-0.3708658588863293,-0.5323498913875144,0.0,0.0,0.0,high_hedge_risk_off
2025-05-05,CASH,0.0,0.0,0.0,0.0,0.38394126154039243,high_hedge_risk_off
2025-05-06,BTC-USD,0.2396121649157602,0.14898306709259174,0.26796270666912986,0.02143701653353039,0.04,high_hedge_risk_off
2025-05-06,DIA,0.0111625562486626,-0.018953375497353493,0.0,0.0,0.0,high_hedge_risk_off
2025-05-06,ETH-USD,-0.0735330319378752,-0.19079837321802465,0.0,0.0,0.0,high_hedge_risk_off
2025-05-06,GLD,0.3137367706460131,0.27447072919698146,0.4936663000189377,0.03636555810608673,0.16446216163650446,high_hedge_risk_off
2025-05-06,QQQ,0.1164539213252538,0.07332621553489026,0.13188539857567633,0.050723083058147864,0.2293936438504624,high_hedge_risk_off
2025-05-06,SPY,0.0944522064655908,0.059204322505128054,0.1064855947362562,0.04095432644277238,0.18521473080370648,high_hedge_risk_off
2025-05-06,TLT,-0.1060680991686841,-0.1331515363020721,0.0,0.0,0.0,high_hedge_risk_off
2025-05-06,VIX,-0.2548160860409649,-0.41630011854215004,0.0,0.0,0.0,high_hedge_risk_off
2025-05-06,CASH,0.0,0.0,0.0,0.0,0.3809294637093266,high_hedge_risk_off
2025-05-07,BTC-USD,0.2435072514608741,0.15287815363770563,0.32245141393293814,0.02579611311463505,0.04,high_hedge_risk_off
2025-05-07,DIA,0.055999609175342,0.025883677429325902,0.05459398996045772,0.02100664329175167,0.08321995960371255,high_hedge_risk_off
2025-05-07,ETH-USD,-0.0820253935220347,-0.19929073480218412,0.0,0.0,0.0,high_hedge_risk_off
2025-05-07,GLD,0.2157574907260533,0.17649144927702165,0.37225670255879445,0.0274220110732845,0.10863509329295615,high_hedge_risk_off
2025-05-07,QQQ,0.1123835054295389,0.06925579963917534,0.14607470057252522,0.05620653722321826,0.22266792900784046,high_hedge_risk_off
2025-05-07,SPY,0.084851017575716,0.04960313361525326,0.1046231929752845,0.040256850552006694,0.15948161875182348,high_hedge_risk_off
2025-05-07,TLT,-0.038600393262281,-0.06568383039566902,0.0,0.0,0.0,high_hedge_risk_off
2025-05-07,VIX,-0.2266626880120494,-0.3881467205132345,0.0,0.0,0.0,high_hedge_risk_off
2025-05-07,CASH,0.0,0.0,0.0,0.0,0.38599539934366733,high_hedge_risk_off
2025-05-08,BTC-USD,0.3126524057038055,0.22202330788063704,0.5994998902026357,0.04795999121621086,0.04,high_hedge_risk_off
2025-05-08,DIA,-0.0006458024420669,-0.030761734188082993,0.0,0.0,0.0,high_hedge_risk_off
2025-05-08,ETH-USD,0.2503254097316751,0.13306006845152568,0.359284334552524,0.02874274676420192,0.04,high_hedge_risk_off
2025-05-08,GLD,0.0179579130520543,-0.021308128396977342,0.0,0.0,0.0,high_hedge_risk_off
2025-05-08,QQQ,0.0583918666455578,0.015264160855194253,0.04121577524484034,0.01585624799155541,0.11582797525697024,high_hedge_risk_off
2025-05-08,SPY,0.0285558192418234,-0.006692064718639354,0.0,0.0,0.0,high_hedge_risk_off
2025-05-08,TLT,-0.126178616674044,-0.15326205380743202,0.0,0.0,0.0,high_hedge_risk_off
2025-05-08,VIX,-0.3127097944740064,-0.4741938269751915,0.0,0.0,0.0,high_hedge_risk_off
2025-05-08,CASH,0.0,0.0,0.0,0.0,0.8041720247430297,high_hedge_risk_off
2025-05-09,BTC-USD,0.2589253183574719,0.16829622053430343,0.3850660972960247,0.030805287783681978,0.04,high_hedge_risk_off
2025-05-09,DIA,0.0180429147057931,-0.012073017040222993,0.0,0.0,0.0,high_hedge_risk_off
2025-05-09,ETH-USD,0.3244948542904048,0.20722951301025536,0.4741464755778633,0.037931718046229065,0.04,high_hedge_risk_off
2025-05-09,GLD,0.006190017669699,-0.03307602377933264,0.0,0.0,0.0,high_hedge_risk_off
2025-05-09,QQQ,0.0862126931484453,0.043084987358081764,0.09857956335177169,0.037832684729147456,0.20807128685038756,high_hedge_risk_off
2025-05-09,SPY,0.0536951687251544,0.01844728476469165,0.0422078637743404,0.01619845685020196,0.08908788223573551,high_hedge_risk_off
2025-05-09,TLT,-0.1118561261204368,-0.1389395632538248,0.0,0.0,0.0,high_hedge_risk_off
2025-05-09,VIX,-0.3626075450406238,-0.524091577541809,0.0,0.0,0.0,high_hedge_risk_off
2025-05-09,CASH,0.0,0.0,0.0,0.0,0.6228408309138769,high_hedge_risk_off
2025-05-10,BTC-USD,0.2185040869950669,0.12787498917189843,0.29440243917594366,0.023552195134075495,0.04,high_hedge_risk_off
2025-05-10,DIA,0.0099937118495571,-0.020122219896458994,0.0,0.0,0.0,high_hedge_risk_off
2025-05-10,ETH-USD,0.3897597473594301,0.27249440607928066,0.6273550311210504,0.050188402489684036,0.04,high_hedge_risk_off
2025-05-10,GLD,-0.0243935893219059,-0.06365963077093754,0.0,0.0,0.0,high_hedge_risk_off
2025-05-10,QQQ,0.0693745081184713,0.026246802328107752,0.060427161527078804,0.023190625657100193,0.15089614798202086,high_hedge_risk_off
2025-05-10,SPY,0.0429860671730977,0.007738183212634947,0.017815368175927153,0.006837149451843782,0.04448778272373778,high_hedge_risk_off
2025-05-10,TLT,-0.10680521187074,-0.13388864900412803,0.0,0.0,0.0,high_hedge_risk_off
2025-05-10,VIX,-0.3464673275240318,-0.507951360025217,0.0,0.0,0.0,high_hedge_risk_off
2025-05-10,CASH,0.0,0.0,0.0,0.0,0.7246160692942414,high_hedge_risk_off
2025-05-11,BTC-USD,0.1770094372590353,0.08638033943586684,0.16870325390642432,0.013496260312513947,0.04,moderate_hedge_uncertain
2025-05-11,DIA,0.0747470397877152,0.044631108041699105,0.08716582038525143,0.0413507509809631,0.14763954146682232,moderate_hedge_uncertain
2025-05-11,ETH-USD,0.3683096490924332,0.2510443078122837,0.49029665638281633,0.03922373251062531,0.04,moderate_hedge_uncertain
2025-05-11,GLD,-0.0558124638234233,-0.09507850527245494,0.0,0.0,0.0,moderate_hedge_uncertain
2025-05-11,QQQ,0.1130410386009875,0.06991333281062397,0.13654272272629767,0.06477474887247388,0.23127304813794872,moderate_hedge_uncertain
2025-05-11,SPY,0.0953041269409176,0.06005624298045485,0.11729154659921041,0.05564214865597274,0.19866583118595746,moderate_hedge_uncertain
2025-05-11,TLT,-0.0671512030788398,-0.09423464021222783,0.0,0.0,0.0,moderate_hedge_uncertain
2025-05-11,VIX,-0.3796094411438843,-0.5410934736450694,0.0,0.0,0.0,moderate_hedge_uncertain
2025-05-11,CASH,0.0,0.0,0.0,0.0,0.3424215792092715,moderate_hedge_uncertain
2025-05-12,BTC-USD,0.1368472012009527,0.04621810337778423,0.07189357954463714,0.005751486363570971,0.014119693124928057,high_hedge_risk_off
2025-05-12,DIA,0.1425855726655308,0.1124696409195147,0.1749497379784422,0.07454812582550499,0.18301298015094666,high_hedge_risk_off
2025-05-12,ETH-USD,0.3196310199452504,0.20236567866510094,0.314785591639122,0.02518284733112976,0.04,high_hedge_risk_off
2025-05-12,GLD,-0.0832071979271716,-0.12247323937620325,0.0,0.0,0.0,high_hedge_risk_off
2025-05-12,QQQ,0.1935148455664665,0.15038713977610296,0.23393149016973055,0.0996809390241548,0.24471313682327286,high_hedge_risk_off
2025-05-12,SPY,0.1666756228216659,0.13142773886120312,0.20443960066806824,0.08711410060069444,0.21386199837431613,high_hedge_risk_off
2025-05-12,TLT,-0.0736419254751172,-0.10072536260850523,0.0,0.0,0.0,high_hedge_risk_off
2025-05-12,VIX,-0.4397056245299791,-0.6011896570311642,0.0,0.0,0.0,high_hedge_risk_off
2025-05-12,CASH,0.0,0.0,0.0,0.0,0.30429219152653625,high_hedge_risk_off
2025-05-13,BTC-USD,0.1134428808248213,0.022813783001652838,0.038988189200141216,0.003119055136011297,0.008062552572495373,high_hedge_risk_off
2025-05-13,DIA,0.0952311412855021,0.065115209539486,0.11128027776666377,0.04894484358873455,0.126519204495815,high_hedge_risk_off
2025-05-13,ETH-USD,0.3496662074618714,0.23240086618172193,0.39716731505306335,0.031773385204245067,0.04,high_hedge_risk_off
2025-05-13,GLD,-0.0521862898406188,-0.09145233128965044,0.0,0.0,0.0,high_hedge_risk_off
2025-05-13,QQQ,0.1910593555357989,0.14793164974543535,0.25281151962154624,0.11119508805731702,0.28743199596396096,high_hedge_risk_off
2025-05-13,SPY,0.1521323766193543,0.11688449265889156,0.19975269835858533,0.08785801737563138,0.22710720173805682,high_hedge_risk_off
2025-05-13,TLT,-0.1011959404177935,-0.12827937755118152,0.0,0.0,0.0,high_hedge_risk_off
2025-05-13,VIX,-0.4251282749527575,-0.5866123074539427,0.0,0.0,0.0,high_hedge_risk_off
2025-05-13,CASH,0.0,0.0,0.0,0.0,0.3108790452296719,high_hedge_risk_off
2025-05-14,BTC-USD,0.1289922268037215,0.038363128980553024,0.05872499425546944,0.004697999540437555,0.011444409820914783,moderate_hedge_uncertain
2025-05-14,DIA,0.1024930466762469,0.0723771149302308,0.1107924658768015,0.053329144524227254,0.1299107375555867,moderate_hedge_uncertain
2025-05-14,ETH-USD,0.3460399875881258,0.22877464630797636,0.35020057402104265,0.028016045921683413,0.04,moderate_hedge_uncertain
2025-05-14,GLD,-0.1048237269679903,-0.14408976841702195,0.0,0.0,0.0,moderate_hedge_uncertain
2025-05-14,QQQ,0.2230412226298735,0.17991351683950996,0.2754055918701869,0.13256447083646725,0.3229293913051208,moderate_hedge_uncertain
2025-05-14,SPY,0.169086956395901,0.13383907243543822,0.20487637397649952,0.09861574675611685,0.24022970010070183,moderate_hedge_uncertain
2025-05-14,TLT,-0.132779087451416,-0.15986252458480402,0.0,0.0,0.0,moderate_hedge_uncertain
2025-05-14,VIX,-0.4051810774745389,-0.5666651099757241,0.0,0.0,0.0,moderate_hedge_uncertain
2025-05-14,CASH,0.0,0.0,0.0,0.0,0.2554857612176758,moderate_hedge_uncertain
2025-05-15,BTC-USD,0.132230280385989,0.04160118256282053,0.06370207773445558,0.005096166218756446,0.010779098137478554,moderate_hedge_uncertain
2025-05-15,DIA,0.1445612375788455,0.11444530583282941,0.17524510889798509,0.08470168409811672,0.17915580577866172,moderate_hedge_uncertain
2025-05-15,ETH-USD,0.2651762820289543,0.1479109407488049,0.2264895770962431,0.018119166167699447,0.03832454867191756,moderate_hedge_uncertain
2025-05-15,GLD,-0.0545384542550202,-0.09380449570405185,0.0,0.0,0.0,moderate_hedge_uncertain
2025-05-15,QQQ,0.2333621156162983,0.19023440982593476,0.2912976606903062,0.1407936722997146,0.29779813799420135,moderate_hedge_uncertain
2025-05-15,SPY,0.1941145329131291,0.15886664895266633,0.2432655755810101,0.1175781969858228,0.24869418887346137,moderate_hedge_uncertain
2025-05-15,TLT,-0.1125781255171889,-0.13966156265057691,0.0,0.0,0.0,moderate_hedge_uncertain
2025-05-15,VIX,-0.4344843454480717,-0.5959683779492568,0.0,0.0,0.0,moderate_hedge_uncertain
2025-05-15,CASH,0.0,0.0,0.0,0.0,0.2252482205442795,moderate_hedge_uncertain
2025-05-16,BTC-USD,0.1309565271597552,0.04032742933658673,0.058999505855207746,0.004719960468416619,0.009804008682341969,moderate_hedge_uncertain
2025-05-16,DIA,0.1618087657295449,0.1316928339835288,0.19266817294131394,0.09334496883926978,0.19389037070900378,moderate_hedge_uncertain
2025-05-16,ETH-USD,0.2644111151669851,0.1471457738868357,0.21527600669872585,0.01722208053589807,0.03577263585823612,moderate_hedge_uncertain
2025-05-16,GLD,-0.0787584572384394,-0.11802449868747104,0.0,0.0,0.0,moderate_hedge_uncertain
2025-05-16,QQQ,0.2374377732173557,0.19431006742699217,0.28427792570660676,0.1377285812787471,0.2860812533704236,moderate_hedge_uncertain
2025-05-16,SPY,0.2052932555157496,0.17004537155528682,0.24877838879814573,0.12052956435788728,0.2503565238206395,moderate_hedge_uncertain
2025-05-16,TLT,-0.1033798762782065,-0.1304633134115945,0.0,0.0,0.0,moderate_hedge_uncertain
2025-05-16,VIX,-0.443207624134936,-0.6046916566361211,0.0,0.0,0.0,moderate_hedge_uncertain
2025-05-16,CASH,0.0,0.0,0.0,0.0,0.224095207559355,moderate_hedge_uncertain
2025-05-17,BTC-USD,0.1514577037842182,0.06082860596104972,0.087588038621305,0.0070070430897044,0.014096993161163298,moderate_hedge_uncertain
2025-05-17,DIA,0.1557059844921809,0.1255900527461648,0.18083903480258195,0.08761392092357873,0.1762644853571887,moderate_hedge_uncertain
2025-05-17,ETH-USD,0.2260978531706929,0.10883251189054347,0.15670959582447835,0.012536767665958268,0.025221869737005208,moderate_hedge_uncertain
2025-05-17,GLD,-0.0853297974065714,-0.12459583885560305,0.0,0.0,0.0,moderate_hedge_uncertain
2025-05-17,QQQ,0.2592110493138752,0.21608334352351163,0.31114170609264186,0.15074369791559453,0.303270987690508,moderate_hedge_uncertain
2025-05-17,SPY,0.2183986776338777,0.18315079367341494,0.2637216246589929,0.12776934799466658,0.2570504564947798,moderate_hedge_uncertain
2025-05-17,TLT,-0.0921768477771285,-0.11926028491051652,0.0,0.0,0.0,moderate_hedge_uncertain
2025-05-17,VIX,-0.4488567857757654,-0.6103408182769505,0.0,0.0,0.0,moderate_hedge_uncertain
2025-05-17,CASH,0.0,0.0,0.0,0.0,0.2240952075593551,moderate_hedge_uncertain
2025-05-18,BTC-USD,0.2119728785107542,0.12134378068758572,0.19182049695010683,0.015345639756008547,0.030600633363881618,moderate_hedge_uncertain
2025-05-18,DIA,0.1638881191692055,0.13377218742318941,0.21146734776366038,0.1023502592008313,0.20409593906155457,moderate_hedge_uncertain
2025-05-18,ETH-USD,0.1448966195969122,0.02763127831676275,0.04367958133539837,0.00349436650683187,0.006968091915015903,moderate_hedge_uncertain
2025-05-18,GLD,-0.0863766008013,-0.12564264225033164,0.0,0.0,0.0,moderate_hedge_uncertain
2025-05-18,QQQ,0.22635345658456,0.18322575079419645,0.2896436419917392,0.14018760885420087,0.2795471344899109,moderate_hedge_uncertain
2025-05-18,SPY,0.2018651605463687,0.16661727658590592,0.2633889319590951,0.1274803213911405,0.2542076210587875,moderate_hedge_uncertain
2025-05-18,TLT,-0.091347630192487,-0.11843106732587502,0.0,0.0,0.0,moderate_hedge_uncertain
2025-05-18,VIX,-0.3987206159652058,-0.560204648466391,0.0,0.0,0.0,moderate_hedge_uncertain
2025-05-18,CASH,0.0,0.0,0.0,0.0,0.22458058011084933,moderate_hedge_uncertain
2025-05-19,BTC-USD,0.2015433901685635,0.11091429234539504,0.19941428860736837,0.01595314308858947,0.03406865637780539,moderate_hedge_uncertain
2025-05-19,DIA,0.153240310688359,0.1231243789423429,0.22136696649113807,0.10714072990324289,0.22880385958248026,moderate_hedge_uncertain
2025-05-19,ETH-USD,0.1727951105616934,0.05552976928154396,0.09983771436170673,0.00798701714893654,0.01705663524859769,moderate_hedge_uncertain
2025-05-19,GLD,-0.0119851227076158,-0.05125116415664745,0.0,0.0,0.0,moderate_hedge_uncertain
2025-05-19,QQQ,0.1767468829643905,0.13361917717402697,0.240235704497706,0.11627312392942059,0.24830649879638578,moderate_hedge_uncertain
2025-05-19,SPY,0.168260592281937,0.13301270832147422,0.23914532604208083,0.11574538510073167,0.24717948873247628,moderate_hedge_uncertain
2025-05-19,TLT,-0.1464931064655098,-0.17357654359889782,0.0,0.0,0.0,moderate_hedge_uncertain
2025-05-19,VIX,-0.3668830395095655,-0.5283670720107507,0.0,0.0,0.0,moderate_hedge_uncertain
2025-05-19,CASH,0.0,0.0,0.0,0.0,0.2245848612622546,moderate_hedge_uncertain
2025-05-20,BTC-USD,0.2579318009954531,0.16730270317228463,0.36518748946575413,0.02921499915726033,0.04,moderate_hedge_uncertain
2025-05-20,DIA,0.0928688753860609,0.0627529436400448,0.1369768061720732,0.0654243649327065,0.18838819036795784,moderate_hedge_uncertain
2025-05-20,ETH-USD,0.1916329444119127,0.07436760313176327,0.16232922583030446,0.012986338066424357,0.03739390868152219,moderate_hedge_uncertain
2025-05-20,GLD,0.0401671074947854,0.0009010660457537531,0.001966842381218376,0.0001448859702938255,0.0004171963423937563,moderate_hedge_uncertain
2025-05-20,QQQ,0.1247677957456181,0.08164008995525456,0.1782035730756604,0.08511554563893198,0.24508856343645966,moderate_hedge_uncertain
2025-05-20,SPY,0.1064117217211846,0.07116383776072185,0.15533606307498948,0.07419331463358363,0.21363821101813993,moderate_hedge_uncertain
2025-05-20,TLT,-0.2456757065054631,-0.2727591436388511,0.0,0.0,0.0,moderate_hedge_uncertain
2025-05-20,VIX,-0.2845473878782321,-0.44603142037941723,0.0,0.0,0.0,moderate_hedge_uncertain
2025-05-20,CASH,0.0,0.0,0.0,0.0,0.2750739301535266,moderate_hedge_uncertain
2025-05-21,BTC-USD,0.2147212680563318,0.12409217023316332,0.42917668612000376,0.0343341348896003,0.04,high_hedge_risk_off
2025-05-21,DIA,-0.0165994215879095,-0.04671535333392559,0.0,0.0,0.0,high_hedge_risk_off
2025-05-21,ETH-USD,0.2594080937314325,0.14214275245128305,0.4916051942551524,0.03932841554041219,0.04,high_hedge_risk_off
2025-05-21,GLD,0.0268277955931759,-0.012438245855855748,0.0,0.0,0.0,high_hedge_risk_off
2025-05-21,QQQ,0.0660328371825392,0.022905131392175652,0.0792181196248438,0.03374492485332777,0.225388455269942,high_hedge_risk_off
2025-05-21,SPY,0.0249811343135012,-0.010266749646961556,0.0,0.0,0.0,high_hedge_risk_off
2025-05-21,TLT,-0.2698055280952098,-0.2968889652285978,0.0,0.0,0.0,high_hedge_risk_off
2025-05-21,VIX,-0.1163580142424264,-0.2778420467436115,0.0,0.0,0.0,high_hedge_risk_off
2025-05-21,CASH,0.0,0.0,0.0,0.0,0.6946115447300579,high_hedge_risk_off
2025-05-22,BTC-USD,0.2382244668689964,0.14759536904582793,0.395739539444273,0.03165916315554184,0.04,high_hedge_risk_off
2025-05-22,DIA,-0.0532226903647968,-0.08333862211081289,0.0,0.0,0.0,high_hedge_risk_off
2025-05-22,ETH-USD,0.3426308577023048,0.22536551642215533,0.6042604605557271,0.04834083684445817,0.04,high_hedge_risk_off
2025-05-22,GLD,-0.0146840389670018,-0.05395008041603344,0.0,0.0,0.0,high_hedge_risk_off
2025-05-22,QQQ,0.0385826912782866,-0.004545014512076952,0.0,0.0,0.0,high_hedge_risk_off
2025-05-22,SPY,-0.0107448890047367,-0.04599277296519945,0.0,0.0,0.0,high_hedge_risk_off
2025-05-22,TLT,-0.2488208588205251,-0.27590429595391314,0.0,0.0,0.0,high_hedge_risk_off
2025-05-22,VIX,-0.1200474249901113,-0.28153145749129643,0.0,0.0,0.0,high_hedge_risk_off
2025-05-22,CASH,0.0,0.0,0.0,0.0,0.92,high_hedge_risk_off
2025-05-23,BTC-USD,0.1399053943285673,0.04927629650539883,0.22165166239148096,0.017732132991318476,0.04,high_hedge_risk_off
2025-05-23,DIA,-0.0786835901698504,-0.10879952191586649,0.0,0.0,0.0,high_hedge_risk_off
2025-05-23,ETH-USD,0.2733690132911263,0.15610367201097683,0.7021761142876591,0.05617408914301273,0.04,high_hedge_risk_off
2025-05-23,GLD,0.0562002030128856,0.016934161563853953,0.07617222332085993,0.005611169757401327,0.051528156984678546,high_hedge_risk_off
2025-05-23,QQQ,0.0155422303342815,-0.02758547545608205,0.0,0.0,0.0,high_hedge_risk_off
2025-05-23,SPY,-0.0330540344806782,-0.06830191844114095,0.0,0.0,0.0,high_hedge_risk_off
2025-05-23,TLT,-0.2561215314315075,-0.2832049685648955,0.0,0.0,0.0,high_hedge_risk_off
2025-05-23,VIX,0.0173407317243119,-0.1441433007768732,0.0,0.0,0.0,high_hedge_risk_off
2025-05-23,CASH,0.0,0.0,0.0,0.0,0.8684718430153214,high_hedge_risk_off
2025-05-24,BTC-USD,0.1688488797825988,0.07821978195943033,0.3351689845675723,0.026813518765405785,0.04,high_hedge_risk_off
2025-05-24,DIA,-0.0849465197082993,-0.1150624514543154,0.0,0.0,0.0,high_hedge_risk_off
2025-05-24,ETH-USD,0.2666647964253414,0.14939945514519198,0.6401713533532234,0.05121370826825787,0.04,high_hedge_risk_off
2025-05-24,GLD,0.0450209694997795,0.005754928050747856,0.024659662079204357,0.0018165355304911451,0.016613312369630318,high_hedge_risk_off
2025-05-24,QQQ,0.0026720674023954,-0.040455638387968146,0.0,0.0,0.0,high_hedge_risk_off
2025-05-24,SPY,-0.0415645393831879,-0.07681242334365065,0.0,0.0,0.0,high_hedge_risk_off
2025-05-24,TLT,-0.24601927584834,-0.273102712981728,0.0,0.0,0.0,high_hedge_risk_off
2025-05-24,VIX,0.0197159389390631,-0.141768093562122,0.0,0.0,0.0,high_hedge_risk_off
2025-05-24,CASH,0.0,0.0,0.0,0.0,0.9033866876303698,high_hedge_risk_off
2025-05-25,BTC-USD,0.1899936615771313,0.09936456375396283,0.3651351094514492,0.02921080875611594,0.039999999999999994,high_hedge_risk_off
2025-05-25,DIA,-0.0780959869262535,-0.10821191867226959,0.0,0.0,0.0,high_hedge_risk_off
2025-05-25,ETH-USD,0.2900317262679838,0.17276638498783434,0.6348648905485508,0.05078919124388406,0.039999999999999994,high_hedge_risk_off
2025-05-25,GLD,-0.0164999591275246,-0.05576600057655624,0.0,0.0,0.0,high_hedge_risk_off
2025-05-25,QQQ,0.0273476446756458,-0.01578006111471775,0.0,0.0,0.0,high_hedge_risk_off
2025-05-25,SPY,-0.0194954396380914,-0.05474332359855415,0.0,0.0,0.0,high_hedge_risk_off
2025-05-25,TLT,-0.2221394871201405,-0.24922292425352852,0.0,0.0,0.0,high_hedge_risk_off
2025-05-25,VIX,-0.0256399502806365,-0.18712398278182163,0.0,0.0,0.0,high_hedge_risk_off
2025-05-25,CASH,0.0,0.0,0.0,0.0,0.9199999999999999,high_hedge_risk_off
2025-05-26,BTC-USD,0.1395458395445812,0.04891674172141272,0.22235920735395995,0.017788736588316797,0.04,moderate_hedge_uncertain
2025-05-26,DIA,-0.0501151432208302,-0.0802310749668463,0.0,0.0,0.0,moderate_hedge_uncertain
2025-05-26,ETH-USD,0.2883383283561828,0.17107298707603333,0.77764079264604,0.062211263411683204,0.04,moderate_hedge_uncertain
2025-05-26,GLD,-0.0421787821623414,-0.08144482361137305,0.0,0.0,0.0,moderate_hedge_uncertain
2025-05-26,QQQ,0.0416550155033049,-0.0014726902870586486,0.0,0.0,0.0,moderate_hedge_uncertain
2025-05-26,SPY,-0.0006859481858994,-0.03593383214636215,0.0,0.0,0.0,moderate_hedge_uncertain
2025-05-26,TLT,-0.1861603236425318,-0.2132437607759198,0.0,0.0,0.0,moderate_hedge_uncertain
2025-05-26,VIX,-0.0478052167786363,-0.2092892492798214,0.0,0.0,0.0,moderate_hedge_uncertain
2025-05-26,CASH,0.0,0.0,0.0,0.0,0.92,moderate_hedge_uncertain
2025-05-27,BTC-USD,0.0962323852549877,0.005603287431819235,0.011702500552231937,0.0009362000441785549,0.002438078614855926,high_hedge_risk_off
2025-05-27,DIA,0.076614714490846,0.04649878274482991,0.09711299614212607,0.04033792607421619,0.10504916715260132,high_hedge_risk_off
2025-05-27,ETH-USD,0.3172088863778136,0.19994354509766413,0.4175833339609607,0.03340666671687686,0.04,high_hedge_risk_off
2025-05-27,GLD,-0.0510801925211126,-0.09034623397014424,0.0,0.0,0.0,high_hedge_risk_off
2025-05-27,QQQ,0.1726001666404757,0.12947246085011216,0.27040403745722835,0.11231800589445254,0.2925017253922485,high_hedge_risk_off
2025-05-27,SPY,0.1325409308785019,0.09729304691803917,0.20319713188745303,0.08440220372331098,0.21980260439431346,high_hedge_risk_off
2025-05-27,TLT,-0.0801298770416242,-0.10721331417501223,0.0,0.0,0.0,high_hedge_risk_off
2025-05-27,VIX,-0.3709834652411961,-0.5324674977423812,0.0,0.0,0.0,high_hedge_risk_off
2025-05-27,CASH,0.0,0.0,0.0,0.0,0.3402084244459808,high_hedge_risk_off
2025-05-28,BTC-USD,0.1043315285898642,0.01370243076669574,0.025800120636031758,0.0020640096508825405,0.0057853183405230536,high_hedge_risk_off
2025-05-28,DIA,0.0573689627224621,0.027253030976446005,0.051314361580195256,0.021067500120363035,0.05905117487371867,high_hedge_risk_off
2025-05-28,ETH-USD,0.3608170404904198,0.24355169921027034,0.4585801838903043,0.036686414711224344,0.04,high_hedge_risk_off
2025-05-28,GLD,-0.0592853214416189,-0.09855136289065054,0.0,0.0,0.0,high_hedge_risk_off
2025-05-28,QQQ,0.1927091341696238,0.14958142837926025,0.2816448382629184,0.1156314232757348,0.32410923734385316,high_hedge_risk_off
2025-05-28,SPY,0.1322587790061421,0.09701089504567936,0.18266049563055017,0.07499265108595636,0.2102007418165505,high_hedge_risk_off
2025-05-28,TLT,-0.1123769668698645,-0.13946040400325252,0.0,0.0,0.0,high_hedge_risk_off
2025-05-28,VIX,-0.389862991351378,-0.5513470238525632,0.0,0.0,0.0,high_hedge_risk_off
2025-05-28,CASH,0.0,0.0,0.0,0.0,0.3608535276253546,high_hedge_risk_off
2025-05-29,BTC-USD,0.0550638935808744,-0.03556520424229406,0.0,0.0,0.0,high_hedge_risk_off
2025-05-29,DIA,0.1017847607524981,0.071668829006482,0.11946701902222687,0.04915593666780872,0.1080845898359735,high_hedge_risk_off
2025-05-29,ETH-USD,0.2834069458013669,0.16614160452121743,0.2769466517434575,0.0221557321394766,0.04,high_hedge_risk_off
2025-05-29,GLD,-0.0547126938833785,-0.09397873533241015,0.0,0.0,0.0,high_hedge_risk_off
2025-05-29,QQQ,0.2499646598974748,0.20683695410711125,0.34478300641104154,0.14186452266064029,0.3119332024465928,high_hedge_risk_off
2025-05-29,SPY,0.1905052197635744,0.15525733580311163,0.25880332282327423,0.10648729540788529,0.23414538359190426,high_hedge_risk_off
2025-05-29,TLT,-0.0735162477738896,-0.10059968490727761,0.0,0.0,0.0,high_hedge_risk_off
2025-05-29,VIX,-0.4181337373782944,-0.5796177698794795,0.0,0.0,0.0,high_hedge_risk_off
2025-05-29,CASH,0.0,0.0,0.0,0.0,0.30583682412552954,high_hedge_risk_off
2025-05-30,BTC-USD,0.014562760160945,-0.07606633766222347,0.0,0.0,0.0,high_hedge_risk_off
2025-05-30,DIA,0.1752229512638111,0.145107019517795,0.2282501272281821,0.09376273036885031,0.16027918216146972,high_hedge_risk_off
2025-05-30,ETH-USD,0.0569696674374969,-0.06029567384265254,0.0,0.0,0.0,high_hedge_risk_off
2025-05-30,GLD,-0.0085871670121431,-0.047853208461174745,0.0,0.0,0.0,high_hedge_risk_off
2025-05-30,QQQ,0.3148283374847955,0.2717006316944319,0.42737907482571047,0.1755627891418939,0.30010922411233043,high_hedge_risk_off
2025-05-30,SPY,0.2541770942341058,0.218929210273643,0.3443707979461074,0.14146386977671727,0.24182010553674657,high_hedge_risk_off
2025-05-30,TLT,0.0112642068510857,-0.015819230282302317,0.0,0.0,0.0,high_hedge_risk_off
2025-05-30,VIX,-0.4302680286783213,-0.5917520611795065,0.0,0.0,0.0,high_hedge_risk_off
2025-05-30,CASH,0.0,0.0,0.0,0.0,0.2977914881894532,high_hedge_risk_off
2025-05-31,BTC-USD,0.0418264128368733,-0.04880268498629517,0.0,0.0,0.0,high_hedge_risk_off
2025-05-31,DIA,0.1742843955484943,0.1441684638024782,0.22566839581054746,0.09270218249649602,0.1584662683847979,high_hedge_risk_off
2025-05-31,ETH-USD,0.0941363878784719,-0.023128953401677546,0.0,0.0,0.0,high_hedge_risk_off
2025-05-31,GLD,-0.0203415118873284,-0.059607553336360045,0.0,0.0,0.0,high_hedge_risk_off
2025-05-31,QQQ,0.3174790072066817,0.27435130141631814,0.4294449454908615,0.17641142689077835,0.3015598960776991,high_hedge_risk_off
2025-05-31,SPY,0.2555790454948753,0.22033116153441254,0.34488665869859103,0.1416757799001875,0.2421823473480495,high_hedge_risk_off
2025-05-31,TLT,-0.010932733017388,-0.03801617015077602,0.0,0.0,0.0,high_hedge_risk_off
2025-05-31,VIX,-0.4429241229789374,-0.6044081554801226,0.0,0.0,0.0,high_hedge_risk_off
2025-05-31,CASH,0.0,0.0,0.0,0.0,0.2977914881894534,high_hedge_risk_off
2025-06-01,BTC-USD,0.1975382715465442,0.10690917372337572,0.17462826796166653,0.013970261436933322,0.02972742074770543,moderate_hedge_uncertain
2025-06-01,DIA,-0.1051585496825291,-0.1352744814285452,0.0,0.0,0.0,moderate_hedge_uncertain
2025-06-01,ETH-USD,0.0322316000925444,-0.08503374118760504,0.0,0.0,0.0,moderate_hedge_uncertain
2025-06-01,GLD,0.142534244801215,0.10326820335218334,0.1686810107948847,0.01242576027064564,0.026440865501561484,moderate_hedge_uncertain
2025-06-01,QQQ,0.3316185892808486,0.288490883490485,0.4712286284900828,0.27897171149122485,0.35,moderate_hedge_uncertain
2025-06-01,SPY,0.1487896336708984,0.11354174971043565,0.18546209275336603,0.10979527622914717,0.23363416549568017,moderate_hedge_uncertain
2025-06-01,TLT,-0.1009356124546446,-0.12801904958803262,0.0,0.0,0.0,moderate_hedge_uncertain
2025-06-01,VIX,-0.2246825661250192,-0.38616659862620434,0.0,0.0,0.0,moderate_hedge_uncertain
2025-06-01,CASH,0.0,0.0,0.0,0.0,0.36019754825505296,moderate_hedge_uncertain
2025-06-02,BTC-USD,0.0916777020488037,0.0010486042256352308,0.0013180543263028133,0.00010544434610422506,0.0002577859783546605,moderate_hedge_uncertain
2025-06-02,DIA,0.1211704458703488,0.0910545141243327,0.11445194796756986,0.06815495950939895,0.16662242752671108,moderate_hedge_uncertain
2025-06-02,ETH-USD,-0.1504109549760396,-0.26767629625618905,0.0,0.0,0.0,moderate_hedge_uncertain
2025-06-02,GLD,0.3930174840711939,0.3537514426221623,0.44465166931932393,0.03275493205114081,0.08007790381096047,moderate_hedge_uncertain
2025-06-02,QQQ,0.2416479932473464,0.19852028745698286,0.2495322041860396,0.14859386471438232,0.35,moderate_hedge_uncertain
2025-06-02,SPY,0.1864428422604859,0.15119495830002314,0.1900461242007639,0.11317051504873821,0.276674596795388,moderate_hedge_uncertain
2025-06-02,TLT,-0.0988480103305598,-0.12593144746394783,0.0,0.0,0.0,moderate_hedge_uncertain
2025-06-02,VIX,-0.2830247181286,-0.4445087506297851,0.0,0.0,0.0,moderate_hedge_uncertain
2025-06-02,CASH,0.0,0.0,0.0,0.0,0.12636728588858587,moderate_hedge_uncertain
2025-06-03,BTC-USD,0.104932021549332,0.01430292372616353,0.01612042816200735,0.001289634252960588,0.002825867418541875,moderate_hedge_uncertain
2025-06-03,DIA,0.2041193976551102,0.1740034659090941,0.19611447462289122,0.11520689563367219,0.2524432117208178,moderate_hedge_uncertain
2025-06-03,ETH-USD,-0.0042414219100679,-0.12150676319021733,0.0,0.0,0.0,moderate_hedge_uncertain
2025-06-03,GLD,0.3469675085613617,0.3077014671123301,0.3468017791953281,0.025546893212268364,0.05597876530325376,moderate_hedge_uncertain
2025-06-03,QQQ,0.2481153456603447,0.20498763986998117,0.2310358767123082,0.13572137491233408,0.29739487027737344,moderate_hedge_uncertain
2025-06-03,SPY,0.2215069678305687,0.18625908387010592,0.2099274413074651,0.12332128399935045,0.2702235906548645,moderate_hedge_uncertain
2025-06-03,TLT,-0.0586961901897687,-0.08577962732315672,0.0,0.0,0.0,moderate_hedge_uncertain
2025-06-03,VIX,-0.4782724479483914,-0.6397564804495766,0.0,0.0,0.0,moderate_hedge_uncertain
2025-06-03,CASH,0.0,0.0,0.0,0.0,0.12113369462514871,moderate_hedge_uncertain
2025-06-04,BTC-USD,0.0228563465430647,-0.06777275128010377,0.0,0.0,0.0,moderate_hedge_uncertain
2025-06-04,DIA,0.0301434357557135,2.75040096974061e-05,3.827568239832363e-05,2.2696139258273466e-05,6.84556896817632e-05,moderate_hedge_uncertain
2025-06-04,ETH-USD,0.181069384676126,0.06380404339597656,0.08879226438694775,0.00710338115095582,0.021425091299783854,moderate_hedge_uncertain
2025-06-04,GLD,0.3910187714942784,0.35175273004524676,0.4895131992054556,0.036059623036289484,0.10876239066579359,moderate_hedge_uncertain
2025-06-04,QQQ,0.258621203136433,0.21549349734606946,0.2998893890042525,0.17782390563511305,0.35,moderate_hedge_uncertain
2025-06-04,SPY,0.1227467085609715,0.08749882460050876,0.12176687172094586,0.07220349068796611,0.21777887843518154,moderate_hedge_uncertain
2025-06-04,TLT,-0.0304235274197284,-0.05750696455311642,0.0,0.0,0.0,moderate_hedge_uncertain
2025-06-04,VIX,-0.4480922226206882,-0.6095762551218734,0.0,0.0,0.0,moderate_hedge_uncertain
2025-06-04,CASH,0.0,0.0,0.0,0.0,0.3019651839095593,moderate_hedge_uncertain
2025-06-05,BTC-USD,-0.1010399285552086,-0.19166902637837707,0.0,0.0,0.0,moderate_hedge_uncertain
2025-06-05,DIA,0.0422513970446516,0.012135465298635502,0.021834943641645267,0.013033430148104562,0.04306012776746834,moderate_hedge_uncertain
2025-06-05,ETH-USD,-0.1665783610023521,-0.28384370228250155,0.0,0.0,0.0,moderate_hedge_uncertain
2025-06-05,GLD,0.358988808608346,0.31972276715931436,0.5752666609873996,0.042376587546456984,0.14000468436661825,moderate_hedge_uncertain
2025-06-05,QQQ,0.1690112145632706,0.12588350877290705,0.22649805770348494,0.1351982703600553,0.35,moderate_hedge_uncertain
2025-06-05,SPY,0.0936739594166114,0.058426075456148654,0.10512411624883979,0.06274931817993178,0.20731255145003671,moderate_hedge_uncertain
2025-06-05,TLT,0.0666974670956139,0.039614029962225884,0.07127622141863035,0.01552074445801379,0.051277770457494945,moderate_hedge_uncertain
2025-06-05,VIX,-0.0604950659212746,-0.22197909842245972,0.0,0.0,0.0,moderate_hedge_uncertain
2025-06-05,CASH,0.0,0.0,0.0,0.0,0.20834486595838186,moderate_hedge_uncertain
2025-06-06,BTC-USD,0.0822692789614155,-0.008359818861752962,0.0,0.0,0.0,moderate_hedge_uncertain
2025-06-06,DIA,0.136899700810228,0.10678376906421191,0.1314234046839795,0.0744138224510395,0.16655171102473204,moderate_hedge_uncertain
2025-06-06,ETH-USD,0.0307381075934136,-0.08652723368673584,0.0,0.0,0.0,moderate_hedge_uncertain
2025-06-06,GLD,0.3411969751773313,0.30193093372829966,0.3715994634552093,0.027373596043790773,0.06126710210314565,moderate_hedge_uncertain
2025-06-06,QQQ,0.2872503212818629,0.24412261549149936,0.3004522650718409,0.17012039493140632,0.35,moderate_hedge_uncertain
2025-06-06,SPY,0.1949277069039523,0.15967982294348954,0.19652486678897035,0.11127520687516713,0.24905421451617987,moderate_hedge_uncertain
2025-06-06,TLT,-0.1187035256573489,-0.1457869627907369,0.0,0.0,0.0,moderate_hedge_uncertain
2025-06-06,VIX,-0.4404266558160893,-0.6019106883172745,0.0,0.0,0.0,moderate_hedge_uncertain
2025-06-06,CASH,0.0,0.0,0.0,0.0,0.1731269723559425,moderate_hedge_uncertain
2025-06-07,BTC-USD,-0.0203186761036977,-0.11094777392686617,0.0,0.0,0.0,moderate_hedge_uncertain
2025-06-07,DIA,0.1410529728050353,0.11093704105901919,0.1457780645768725,0.08254163739526643,0.1775541478054606,moderate_hedge_uncertain
2025-06-07,ETH-USD,0.0842572249616008,-0.033008116318548636,0.0,0.0,0.0,moderate_hedge_uncertain
2025-06-07,GLD,0.2980822017677885,0.25881616031875687,0.3401002818563863,0.02505323243300551,0.05389165365248158,moderate_hedge_uncertain
2025-06-07,QQQ,0.2777809080007203,0.23465320221035676,0.3083486754148493,0.1745914560690433,0.35,moderate_hedge_uncertain
2025-06-07,SPY,0.1918410270532315,0.15659314309276873,0.2057729781518918,0.11651162057650309,0.25062649777384394,moderate_hedge_uncertain
2025-06-07,TLT,-0.0754370718343274,-0.10252050896771542,0.0,0.0,0.0,moderate_hedge_uncertain
2025-06-07,VIX,-0.4203456482308927,-0.5818296807320779,0.0,0.0,0.0,moderate_hedge_uncertain
2025-06-07,CASH,0.0,0.0,0.0,0.0,0.16792770076821392,moderate_hedge_uncertain
2025-06-08,BTC-USD,0.1062336392230213,0.015604541399852834,0.021082107426662017,0.0016865685941329614,0.0032650634483422382,moderate_hedge_uncertain
2025-06-08,DIA,0.1492184618246001,0.11910253007858401,0.16091035741221033,0.09112300739696005,0.17640693760681894,moderate_hedge_uncertain
2025-06-08,ETH-USD,0.017687314844275,-0.09957802643587443,0.0,0.0,0.0,moderate_hedge_uncertain
2025-06-08,GLD,0.2090354493022031,0.16976940785317146,0.22936251712947575,0.016895817967274452,0.032708967703238785,moderate_hedge_uncertain
2025-06-08,QQQ,0.2948044216705119,0.25167671588014834,0.3400212428559305,0.19255291409559303,0.35,moderate_hedge_uncertain
2025-06-08,SPY,0.2192740780311153,0.18402619407065252,0.24862377517572148,0.1407948280567193,0.2725676550617564,moderate_hedge_uncertain
2025-06-08,TLT,0.0195233493515317,-0.00756008778185632,0.0,0.0,0.0,moderate_hedge_uncertain
2025-06-08,VIX,-0.479512985065285,-0.6409970175664702,0.0,0.0,0.0,moderate_hedge_uncertain
2025-06-08,CASH,0.0,0.0,0.0,0.0,0.1650513761798436,moderate_hedge_uncertain
2025-06-09,BTC-USD,0.2599008503194001,0.1692717524962316,0.2524984167390885,0.02019987333912708,0.04,moderate_hedge_uncertain
2025-06-09,DIA,0.0464618831639891,0.016345951417973008,0.024382844699526153,0.013908909700023455,0.03995785546500282,moderate_hedge_uncertain
2025-06-09,ETH-USD,0.3176549127085587,0.20038957142840927,0.2989160847603575,0.023913286780828602,0.04,moderate_hedge_uncertain
2025-06-09,GLD,-0.0462291963445953,-0.08549523779362694,0.0,0.0,0.0,moderate_hedge_uncertain
2025-06-09,QQQ,0.2205863451598048,0.17745863936944126,0.2647105900227171,0.15100107221441036,0.35,moderate_hedge_uncertain
2025-06-09,SPY,0.1421693510082836,0.10692146704782085,0.15949206377831068,0.09098038970842544,0.2613706854472399,moderate_hedge_uncertain
2025-06-09,TLT,-0.0753600570243956,-0.10244349415778362,0.0,0.0,0.0,moderate_hedge_uncertain
2025-06-09,VIX,-0.4392049337199383,-0.6006889662211234,0.0,0.0,0.0,moderate_hedge_uncertain
2025-06-09,CASH,0.0,0.0,0.0,0.0,0.26867145908775736,moderate_hedge_uncertain
2025-06-10,BTC-USD,0.0837639100738224,-0.006865187749346063,0.0,0.0,0.0,low_hedge_stable
2025-06-10,DIA,0.1752420170761537,0.1451260853301376,0.19948069573588317,0.13283954557027497,0.26007230921118546,low_hedge_stable
2025-06-10,ETH-USD,0.3203479088549295,0.20308256757478002,0.27914383399435566,0.022331506719548453,0.04,low_hedge_stable
2025-06-10,GLD,-0.0624427330493569,-0.10170877449838854,0.0,0.0,0.0,low_hedge_stable
2025-06-10,QQQ,0.2203067890151886,0.17717908322482506,0.24353862168288212,0.16217890013778252,0.3175126870774347,low_hedge_stable
2025-06-10,SPY,0.2097021999309855,0.17445431597052272,0.23979333725403443,0.15968481478418878,0.31262978466690383,low_hedge_stable
2025-06-10,TLT,0.0547608314375393,0.02767739430415128,0.038043511332844636,0.008067663460291575,0.015794813638132725,low_hedge_stable
2025-06-10,VIX,-0.4774988693279538,-0.638982901829139,0.0,0.0,0.0,low_hedge_stable
2025-06-10,CASH,0.0,0.0,0.0,0.0,0.05399040540634337,low_hedge_stable
2025-06-11,BTC-USD,-0.0136392598206692,-0.10426835764383767,0.0,0.0,0.0,low_hedge_stable
2025-06-11,DIA,0.1662109955311555,0.13609506378513941,0.21152122387227365,0.1402342590506166,0.272521587350611,low_hedge_stable
2025-06-11,ETH-USD,0.2703113942594298,0.15304605297928037,0.23786673472673778,0.019029338778139022,0.036980304564373,low_hedge_stable
2025-06-11,GLD,0.0116628570734075,-0.027603184375624146,0.0,0.0,0.0,low_hedge_stable
2025-06-11,QQQ,0.1942820987559173,0.15115439296555375,0.23492668510168013,0.15575160266822788,0.3026769227355966,low_hedge_stable
2025-06-11,SPY,0.1870332018188898,0.15178531785842703,0.2359072791203047,0.15640171651077223,0.30394030914009024,low_hedge_stable
2025-06-11,TLT,0.0784135226140228,0.051330085480634786,0.07977807717900377,0.01706731906203218,0.03316745076483434,low_hedge_stable
2025-06-11,VIX,-0.4058215054899173,-0.5673055379911025,0.0,0.0,0.0,low_hedge_stable
2025-06-11,CASH,0.0,0.0,0.0,0.0,0.05071342544449482,low_hedge_stable
2025-06-12,BTC-USD,-0.0425374581854708,-0.13316655600863928,0.0,0.0,0.0,low_hedge_stable
2025-06-12,DIA,0.1590304965295906,0.1289145647835745,0.2160529794053509,0.14571900783894048,0.26044297926132326,low_hedge_stable
2025-06-12,ETH-USD,0.1972601856454818,0.07999484436533238,0.13406649971019813,0.010725319976815851,0.019169319979040124,low_hedge_stable
2025-06-12,GLD,-0.0003490490835222,-0.03961509053255385,0.0,0.0,0.0,low_hedge_stable
2025-06-12,QQQ,0.1953331873619914,0.15220548157162786,0.2550871410890134,0.1720459732342958,0.3074970554876355,low_hedge_stable
2025-06-12,SPY,0.1908848322357844,0.15563694827532162,0.2608380708331269,0.1759247430562634,0.3144295647277389,low_hedge_stable
2025-06-12,TLT,0.1070119361656853,0.07992849903229729,0.13395530896231067,0.027681548539865392,0.04947511707091715,low_hedge_stable
2025-06-12,VIX,-0.3269135534289369,-0.48839758593012206,0.0,0.0,0.0,low_hedge_stable
2025-06-12,CASH,0.0,0.0,0.0,0.0,0.048985963473345114,low_hedge_stable
2025-06-13,BTC-USD,-0.0921904707007132,-0.18281956852388168,0.0,0.0,0.0,moderate_hedge_uncertain
2025-06-13,DIA,0.080692340185781,0.05057640843976491,0.09501245186715242,0.06022293818688673,0.10605588658541745,moderate_hedge_uncertain
2025-06-13,ETH-USD,0.1068477410941012,-0.010417600186048245,0.0,0.0,0.0,moderate_hedge_uncertain
2025-06-13,GLD,0.0798240948849981,0.040558053435966454,0.07619204721702597,0.005612630069682334,0.009884148399882402,moderate_hedge_uncertain
2025-06-13,QQQ,0.2233336201650543,0.18020591437469075,0.3385334446215786,0.21457691396223724,0.35,moderate_hedge_uncertain
2025-06-13,SPY,0.2120929919188669,0.17684510795840414,0.33221985953887057,0.21057509486693374,0.35,moderate_hedge_uncertain
2025-06-13,TLT,0.111211428114966,0.08412799098157797,0.15804219675537254,0.03441445829653321,0.06060574252736217,moderate_hedge_uncertain
2025-06-13,VIX,-0.2625860416339668,-0.42407007413515196,0.0,0.0,0.0,moderate_hedge_uncertain
2025-06-13,CASH,0.0,0.0,0.0,0.0,0.1234542224873381,moderate_hedge_uncertain
2025-06-14,BTC-USD,-0.1417884146952658,-0.23241751251843426,0.0,0.0,0.0,moderate_hedge_uncertain
2025-06-14,DIA,0.1157309627439916,0.0856150309979755,0.12775151083343872,0.08097434797672341,0.14804219690408862,moderate_hedge_uncertain
2025-06-14,ETH-USD,0.0169196790353405,-0.10034566224480894,0.0,0.0,0.0,moderate_hedge_uncertain
2025-06-14,GLD,0.108196354148245,0.06893031269921335,0.10285520529396414,0.007576751633049669,0.013852275259761867,moderate_hedge_uncertain
2025-06-14,QQQ,0.2448471674883801,0.20171946169801655,0.30099815062893526,0.19078544613969445,0.34880548333610595,moderate_hedge_uncertain
2025-06-14,SPY,0.236186294345315,0.20093841038485222,0.29983269540300017,0.19004673098556057,0.34745491964480263,moderate_hedge_uncertain
2025-06-14,TLT,0.1400486635066261,0.11296522637323808,0.16856243784066186,0.03670529204960035,0.067106833321968,moderate_hedge_uncertain
2025-06-14,VIX,-0.2369743925563784,-0.3984584250575635,0.0,0.0,0.0,moderate_hedge_uncertain
2025-06-14,CASH,0.0,0.0,0.0,0.0,0.0747382915332731,moderate_hedge_uncertain
2025-06-15,BTC-USD,-0.1452156630217245,-0.23584476084489298,0.0,0.0,0.0,moderate_hedge_uncertain
2025-06-15,DIA,0.1264847540886881,0.096368822342672,0.13834409379042148,0.08768837814016235,0.15859389968967463,moderate_hedge_uncertain
2025-06-15,ETH-USD,0.0025648528823162,-0.11470048839783324,0.0,0.0,0.0,moderate_hedge_uncertain
2025-06-15,GLD,0.1050989184564864,0.06583287700745476,0.09450763732306992,0.00696183429492347,0.012591229000272002,moderate_hedge_uncertain
2025-06-15,QQQ,0.2532301657381444,0.21010245994778085,0.3016165780386785,0.19117743174829066,0.3457650269817374,moderate_hedge_uncertain
2025-06-15,SPY,0.2434910035705345,0.20824311961007172,0.29894736669194555,0.18948557192619442,0.3427051158212683,moderate_hedge_uncertain
2025-06-15,TLT,0.1431240623585758,0.1160406252251878,0.16658432415588464,0.03627454816309634,0.06560643696101688,moderate_hedge_uncertain
2025-06-15,VIX,-0.2398398067855332,-0.40132383928671833,0.0,0.0,0.0,moderate_hedge_uncertain
2025-06-15,CASH,0.0,0.0,0.0,0.0,0.07473829154603082,moderate_hedge_uncertain
2025-06-16,BTC-USD,-0.0920045724918772,-0.18263367031504565,0.0,0.0,0.0,low_hedge_stable
2025-06-16,DIA,0.1105279324426312,0.08041200069661511,0.11428633823801063,0.08026846582429607,0.1295304379420955,low_hedge_stable
2025-06-16,ETH-USD,-0.1672497124699681,-0.28451505375011754,0.0,0.0,0.0,low_hedge_stable
2025-06-16,GLD,0.1609505892098336,0.12168454776080195,0.17294534725232588,0.011054425506476324,0.017838693717984813,low_hedge_stable
2025-06-16,QQQ,0.3081029325119611,0.2649752267215975,0.37659861865708794,0.26450224775072617,0.35,low_hedge_stable
2025-06-16,SPY,0.271777273508159,0.2365293895476962,0.3361696958525754,0.2361071862019976,0.35,low_hedge_stable
2025-06-16,TLT,-0.0170072370859119,-0.04409067421929992,0.0,0.0,0.0,low_hedge_stable
2025-06-16,VIX,-0.0939683870403766,-0.2554524195415617,0.0,0.0,0.0,low_hedge_stable
2025-06-16,CASH,0.0,0.0,0.0,0.0,0.15263086833991982,low_hedge_stable
2025-06-17,BTC-USD,-0.109865893346751,-0.20049499116991945,0.0,0.0,0.0,low_hedge_stable
2025-06-17,DIA,0.038561051299284,0.008445119553267903,0.02519664607813363,0.017468471996160518,0.030212534921488354,low_hedge_stable
2025-06-17,ETH-USD,-0.1104910630922784,-0.22775640437242783,0.0,0.0,0.0,low_hedge_stable
2025-06-17,GLD,0.0877442411474503,0.048478199698418656,0.14463833609477741,0.009526471056188162,0.016476474847192935,low_hedge_stable
2025-06-17,QQQ,0.1669395652099061,0.12381185941954255,0.3694019465790368,0.2561010516690588,0.35,low_hedge_stable
2025-06-17,SPY,0.1553734418811622,0.12012555792069946,0.35840359023632506,0.24847604954851124,0.35,low_hedge_stable
2025-06-17,TLT,0.0613911006166115,0.034307663483223484,0.10235948101172712,0.01992910516658846,0.03446831445428704,low_hedge_stable
2025-06-17,VIX,0.0835135720279543,-0.07797046047323081,0.0,0.0,0.0,low_hedge_stable
2025-06-17,CASH,0.0,0.0,0.0,0.0,0.21884267577703173,low_hedge_stable
2025-06-18,BTC-USD,-0.051379695497761,-0.14200879332092947,0.0,0.0,0.0,low_hedge_stable
2025-06-18,DIA,0.0912602049767832,0.0611442732307671,0.0937742552834309,0.06518875265070226,0.10163385662136613,low_hedge_stable
2025-06-18,ETH-USD,-0.1453998416418886,-0.262665182922038,0.0,0.0,0.0,low_hedge_stable
2025-06-18,GLD,0.0418288213974109,0.0025627799483792504,0.0039304217454276,0.0002572858120191946,0.0004011267015582157,low_hedge_stable
2025-06-18,QQQ,0.3075042192920397,0.2643765135016761,0.4054625128093711,0.2818640934739849,0.35,low_hedge_stable
2025-06-18,SPY,0.2543044896930994,0.2190566057326366,0.33595738377601164,0.23354643261049848,0.35,low_hedge_stable
2025-06-18,TLT,0.1319801488941588,0.10489671176077078,0.1608754263857587,0.031129882637443904,0.04853367950705597,low_hedge_stable
2025-06-18,VIX,-0.1416342013422016,-0.3031182338433867,0.0,0.0,0.0,low_hedge_stable
2025-06-18,CASH,0.0,0.0,0.0,0.0,0.14943133717001975,low_hedge_stable
2025-06-19,BTC-USD,-0.0220382803167231,-0.11266737813989157,0.0,0.0,0.0,low_hedge_stable
2025-06-19,DIA,0.0086882199262821,-0.02142771181973399,0.0,0.0,0.0,low_hedge_stable
2025-06-19,ETH-USD,0.0160179028719083,-0.10124743840824113,0.0,0.0,0.0,low_hedge_stable
2025-06-19,GLD,0.0255697896505,-0.013696251798531643,0.0,0.0,0.0,low_hedge_stable
2025-06-19,QQQ,0.2718506175231687,0.22872291173280515,0.5471079155132802,0.380630188592734,0.35,low_hedge_stable
2025-06-19,SPY,0.2122223092010313,0.17697442524056853,0.4233249225405041,0.2945127287208576,0.35,low_hedge_stable
2025-06-19,TLT,0.0394442295479326,0.012360792414544582,0.029567161946215715,0.005711081298521165,0.008004041062628822,low_hedge_stable
2025-06-19,VIX,-0.1067146401960269,-0.26819867269721204,0.0,0.0,0.0,low_hedge_stable
2025-06-19,CASH,0.0,0.0,0.0,0.0,0.2919959589373712,low_hedge_stable
2025-06-20,BTC-USD,-0.0877653192429504,-0.1783944170661189,0.0,0.0,0.0,low_hedge_stable
2025-06-20,DIA,0.0939497332447469,0.0638338014987308,0.11955705418619393,0.08297564237462812,0.13355857592424153,low_hedge_stable
2025-06-20,ETH-USD,-0.1815566830705031,-0.2988220243506525,0.0,0.0,0.0,low_hedge_stable
2025-06-20,GLD,0.0809059695660208,0.04163992811698915,0.07798920047541075,0.005124295779097204,0.00824812712845107,low_hedge_stable
2025-06-20,QQQ,0.2380056318618434,0.19487792607147986,0.3649951940819985,0.2533159661615616,0.35,low_hedge_stable
2025-06-20,SPY,0.2128810230371213,0.17763313907665854,0.33269669571965016,0.23089998520925403,0.35,low_hedge_stable
2025-06-20,TLT,0.0830177986521719,0.055934361518783886,0.10476185553674677,0.020347638248534847,0.03275179932474879,low_hedge_stable
2025-06-20,VIX,-0.0046312701007042,-0.1661153026018893,0.0,0.0,0.0,low_hedge_stable
2025-06-20,CASH,0.0,0.0,0.0,0.0,0.12544149762255874,low_hedge_stable
2025-06-21,BTC-USD,-0.1232163883656215,-0.21384548618878996,0.0,0.0,0.0,low_hedge_stable
2025-06-21,DIA,0.0946702534887137,0.06455432174269761,0.11916487185548436,0.08270345782983643,0.14681501743822775,low_hedge_stable
2025-06-21,ETH-USD,-0.205823089944853,-0.3230884312250024,0.0,0.0,0.0,low_hedge_stable
2025-06-21,GLD,0.1220605209874544,0.08279447953842275,0.15283552329559924,0.010042088167793135,0.01782669537837491,low_hedge_stable
2025-06-21,QQQ,0.2130550861745861,0.16992738038422256,0.3136796106221136,0.21770164348959128,0.35,low_hedge_stable
2025-06-21,SPY,0.1939953595882802,0.15874747562781744,0.2930419231414262,0.20337856245330835,0.35,low_hedge_stable
2025-06-21,TLT,0.0927825269681315,0.06569908983474348,0.12127807108537673,0.0235555422911265,0.041815752847410154,low_hedge_stable
2025-06-21,VIX,0.0390572955131008,-0.12242673698808432,0.0,0.0,0.0,low_hedge_stable
2025-06-21,CASH,0.0,0.0,0.0,0.0,0.09354253433598725,low_hedge_stable
2025-06-22,BTC-USD,-0.0885936898824662,-0.17922278770563468,0.0,0.0,0.0,low_hedge_stable
2025-06-22,DIA,0.1556929048870017,0.1255769731409856,0.18336258747211862,0.12825090098315342,0.22091198682371113,low_hedge_stable
2025-06-22,ETH-USD,-0.2586622555561503,-0.3759275968362997,0.0,0.0,0.0,low_hedge_stable
2025-06-22,GLD,0.0640332894595819,0.024767248010550247,0.036164167412122195,0.0023341346698417197,0.004020543508669571,low_hedge_stable
2025-06-22,QQQ,0.2296907139476526,0.18656300815728907,0.27241201190521075,0.1905355200705225,0.3281971508706767,low_hedge_stable
2025-06-22,SPY,0.2186863551638964,0.18343847120343362,0.2678496851809636,0.1873444519195389,0.3227005407110627,low_hedge_stable
2025-06-22,TLT,0.1915937635360002,0.16451032640261218,0.24021154802958494,0.045830270751015194,0.0789425734296034,low_hedge_stable
2025-06-22,VIX,-0.0558904832014538,-0.21737451570263894,0.0,0.0,0.0,low_hedge_stable
2025-06-22,CASH,0.0,0.0,0.0,0.0,0.0452272046562765,low_hedge_stable
2025-06-23,BTC-USD,0.0221291704439184,-0.06849992737925006,0.0,0.0,0.0,low_hedge_stable
2025-06-23,DIA,0.1138550927747324,0.0837391610287163,0.16041989036958906,0.11025793247601579,0.18605554934614468,low_hedge_stable
2025-06-23,ETH-USD,-0.2033402994665212,-0.32060564074667064,0.0,0.0,0.0,low_hedge_stable
2025-06-23,GLD,0.0381216754591601,-0.001144365989871548,0.0,0.0,0.0,low_hedge_stable
2025-06-23,QQQ,0.1863759189027828,0.14324821311241925,0.27442193545805227,0.18861249163032323,0.31827551955464517,low_hedge_stable
2025-06-23,SPY,0.1993543664287375,0.16410648246827472,0.3143803162473969,0.2160762209769285,0.35,low_hedge_stable
2025-06-23,TLT,0.1579894449783846,0.1309060078449966,0.2507778579249619,0.04977726388818131,0.0839970056547014,low_hedge_stable
2025-06-23,VIX,-0.0440536715040845,-0.2055377040052696,0.0,0.0,0.0,low_hedge_stable
2025-06-23,CASH,0.0,0.0,0.0,0.0,0.061671925444508786,low_hedge_stable
2025-06-24,BTC-USD,0.0931549633349064,0.0025258655117379354,0.0028109797843543114,0.00022487838274834492,0.00034826056617862224,low_hedge_stable
2025-06-24,DIA,0.2677756842681602,0.2376597525221441,0.2644862748194125,0.1769565912607088,0.2740459172123206,low_hedge_stable
2025-06-24,ETH-USD,-0.1353563269555727,-0.25262166823572213,0.0,0.0,0.0,low_hedge_stable
2025-06-24,GLD,-0.1205348667268837,-0.15980090817591533,0.0,0.0,0.0,low_hedge_stable
2025-06-24,QQQ,0.313030855691034,0.26990314990067044,0.30036923762513135,0.20096436552714406,0.31122584067376696,low_hedge_stable
2025-06-24,SPY,0.3183265574210847,0.28307867346062193,0.3150319859793874,0.2107745909123907,0.3264185622028488,low_hedge_stable
2025-06-24,TLT,0.132487207739346,0.10540377060595799,0.11730152179171432,0.024642310956332084,0.03816260620837749,low_hedge_stable
2025-06-24,VIX,-0.3257948113985103,-0.48727884389969545,0.0,0.0,0.0,low_hedge_stable
2025-06-24,CASH,0.0,0.0,0.0,0.0,0.04979881313650748,low_hedge_stable
2025-06-25,BTC-USD,0.2077940960078232,0.11716499818465473,0.13898690301571034,0.011118952241256828,0.018710725275602687,low_hedge_stable
2025-06-25,DIA,0.193333470859392,0.16321753911337591,0.19361669978828874,0.13070755243349266,0.2199517591194432,low_hedge_stable
2025-06-25,ETH-USD,0.0602605070225502,-0.05700483425759924,0.0,0.0,0.0,low_hedge_stable
2025-06-25,GLD,-0.0773481844886386,-0.11661422593767025,0.0,0.0,0.0,low_hedge_stable
2025-06-25,QQQ,0.3086288480322869,0.26550114224192334,0.3149505575818933,0.21261810868642378,0.3499999999999999,low_hedge_stable
2025-06-25,SPY,0.2834966327807087,0.2482487488202459,0.2944849170882325,0.19880208051925027,0.3345397149033422,low_hedge_stable
2025-06-25,TLT,0.075944094038287,0.048860656904898984,0.05796092252587531,0.011954511774869645,0.020116786255595976,low_hedge_stable
2025-06-25,VIX,-0.5013572778835765,-0.6628413103847617,0.0,0.0,0.0,low_hedge_stable
2025-06-25,CASH,0.0,0.0,0.0,0.0,0.05668101444601584,low_hedge_stable
2025-06-26,BTC-USD,0.1158081633267395,0.025179065503571036,0.027415975969818502,0.00219327807758548,0.0037377651326892356,low_hedge_stable
2025-06-26,DIA,0.1782258533797945,0.1481099216337784,0.1612680205239339,0.1099451854190801,0.18736761415082093,low_hedge_stable
2025-06-26,ETH-USD,-0.0647504504248575,-0.18201579170500692,0.0,0.0,0.0,low_hedge_stable
2025-06-26,GLD,-0.0610224109790171,-0.10028845242804875,0.0,0.0,0.0,low_hedge_stable
2025-06-26,QQQ,0.3382492001749786,0.29512149438461505,0.321340114750407,0.21907504280167348,0.35,low_hedge_stable
2025-06-26,SPY,0.2812315407871736,0.2459836568267108,0.26783686724087236,0.182598967453023,0.31118354794405495,low_hedge_stable
2025-06-26,TLT,0.2310978037852271,0.20401436665183909,0.22213902151496825,0.04487586238312886,0.07647704840950896,low_hedge_stable
2025-06-26,VIX,-0.4177839116966075,-0.5792679441977927,0.0,0.0,0.0,low_hedge_stable
2025-06-26,CASH,0.0,0.0,0.0,0.0,0.07123402436292604,low_hedge_stable
2025-06-27,BTC-USD,0.0802002205571283,-0.010428877266040162,0.0,0.0,0.0,low_hedge_stable
2025-06-27,DIA,0.2609359894792529,0.23082005773323683,0.2463566069606638,0.16745380322344577,0.25940662825578464,low_hedge_stable
2025-06-27,ETH-USD,-0.0389538723327452,-0.15621921361289465,0.0,0.0,0.0,low_hedge_stable
2025-06-27,GLD,-0.1499410125023608,-0.18920705395139245,0.0,0.0,0.0,low_hedge_stable
2025-06-27,QQQ,0.343040237291145,0.29991253150078145,0.320099710445903,0.21757855243333876,0.3370560571394912,low_hedge_stable
2025-06-27,SPY,0.3130174637470522,0.27776957978658945,0.29646631174574894,0.20151443081605758,0.31217074821002333,low_hedge_stable
2025-06-27,TLT,0.1555159847452929,0.1284325476119049,0.13707737084768426,0.027868882659392486,0.04317234213117532,low_hedge_stable
2025-06-27,VIX,-0.4036076698028908,-0.565091702304076,0.0,0.0,0.0,low_hedge_stable
2025-06-27,CASH,0.0,0.0,0.0,0.0,0.04819422426352551,low_hedge_stable
2025-06-28,BTC-USD,0.0699266833363958,-0.020702414486772663,0.0,0.0,0.0,low_hedge_stable
2025-06-28,DIA,0.2723706938481049,0.24225476210208885,0.24464697340895492,0.16629172909079754,0.25836818547092555,low_hedge_stable
2025-06-28,ETH-USD,-0.0503166350638871,-0.16758197634403654,0.0,0.0,0.0,low_hedge_stable
2025-06-28,GLD,-0.1573028447403748,-0.19656888618940643,0.0,0.0,0.0,low_hedge_stable
2025-06-28,QQQ,0.3602513175819584,0.3171236117915948,0.3202551361555302,0.21768419857984053,0.33821688968100616,low_hedge_stable
2025-06-28,SPY,0.3265891102463219,0.2913412262858592,0.2942181553898722,0.19998631132828865,0.3107196049943107,low_hedge_stable
2025-06-28,TLT,0.1665856194940803,0.13950218236069228,0.14087973504564263,0.028641932514423096,0.0445010955902179,low_hedge_stable
2025-06-28,VIX,-0.4164404524192034,-0.5779244849203886,0.0,0.0,0.0,low_hedge_stable
2025-06-28,CASH,0.0,0.0,0.0,0.0,0.0481942242635397,low_hedge_stable
2025-06-29,BTC-USD,0.0096420026995632,-0.08098709512360527,0.0,0.0,0.0,low_hedge_stable
2025-06-29,DIA,0.2764617661261151,0.24634583438009905,0.25702076269488733,0.17462124329976203,0.27223937637535195,low_hedge_stable
2025-06-29,ETH-USD,-0.0577998945102074,-0.17506523579035682,0.0,0.0,0.0,low_hedge_stable
2025-06-29,GLD,-0.1158227782584699,-0.15508881970750155,0.0,0.0,0.0,low_hedge_stable
2025-06-29,QQQ,0.3374041628735509,0.29427645708318734,0.3070283677943947,0.2085966703639398,0.3252080123858059,low_hedge_stable
2025-06-29,SPY,0.3142792018393963,0.27903131787893354,0.29112260947082885,0.19779021541078964,0.3083604484715822,low_hedge_stable
2025-06-29,TLT,0.1658964971650324,0.1388130600316444,0.14482826003988905,0.029473747114682407,0.04595039172966936,low_hedge_stable
2025-06-29,VIX,-0.3892660676327275,-0.5507501001339127,0.0,0.0,0.0,low_hedge_stable
2025-06-29,CASH,0.0,0.0,0.0,0.0,0.048241771037590614,low_hedge_stable
2025-06-30,BTC-USD,-0.112233170584376,-0.20286226840754445,0.0,0.0,0.0,low_hedge_stable
2025-06-30,DIA,0.3081180618369634,0.2780021300909473,0.2904845099197324,0.1977079559916336,0.3076059994518768,low_hedge_stable
2025-06-30,ETH-USD,-0.1105655071935395,-0.22783084847368892,0.0,0.0,0.0,low_hedge_stable
2025-06-30,GLD,-0.0915448827642143,-0.13081092421324594,0.0,0.0,0.0,low_hedge_stable
2025-06-30,QQQ,0.3242479979351126,0.28112029214474904,0.2937426783940264,0.19992551254742738,0.3110562081056695,low_hedge_stable
2025-06-30,SPY,0.2954244510567238,0.2601765670962611,0.27185857374844924,0.18503087462205356,0.2878822292815582,low_hedge_stable
2025-06-30,TLT,0.1648135512388763,0.1377301141054883,0.14391423793779198,0.02917726568700639,0.04539575520827472,low_hedge_stable
2025-06-30,VIX,-0.2618004542004712,-0.42328448670165636,0.0,0.0,0.0,low_hedge_stable
2025-06-30,CASH,0.0,0.0,0.0,0.0,0.048059807952620784,low_hedge_stable
2025-07-01,BTC-USD,-0.1366440437885646,-0.22727314161173306,0.0,0.0,0.0,low_hedge_stable
2025-07-01,DIA,0.3911311742163065,0.36101524247029043,0.3784556029764848,0.25862626616332324,0.35,low_hedge_stable
2025-07-01,ETH-USD,-0.231446707600596,-0.3487120488807455,0.0,0.0,0.0,low_hedge_stable
2025-07-01,GLD,0.0011160796858396,-0.03814996176319205,0.0,0.0,0.0,low_hedge_stable
2025-07-01,QQQ,0.2285535860761412,0.18542588028577767,0.19438365773925606,0.13283650501904934,0.2081770472739086,low_hedge_stable
2025-07-01,SPY,0.2930644712768969,0.25781658731643414,0.2702715025064635,0.18469619420046235,0.28944986429646596,low_hedge_stable
2025-07-01,TLT,0.1767427509626879,0.1496593138292999,0.15688923677779554,0.03153311945007141,0.049417678502682284,low_hedge_stable
2025-07-01,VIX,-0.194761138090496,-0.3562451705916811,0.0,0.0,0.0,low_hedge_stable
2025-07-01,CASH,0.0,0.0,0.0,0.0,0.10295540992694319,low_hedge_stable
2025-07-02,BTC-USD,0.0753525097046545,-0.015276588118513967,0.0,0.0,0.0,low_hedge_stable
2025-07-02,DIA,0.2693760974617805,0.23926016571576442,0.3720635363978189,0.25405082296303816,0.35,low_hedge_stable
2025-07-02,ETH-USD,0.0638610078149118,-0.05340433346523764,0.0,0.0,0.0,low_hedge_stable
2025-07-02,GLD,-0.0393591274336607,-0.07862516888269235,0.0,0.0,0.0,low_hedge_stable
2025-07-02,QQQ,0.2301392681801594,0.18701156238979585,0.29081390561556514,0.19857229968306758,0.2769337726038867,low_hedge_stable
2025-07-02,SPY,0.2520388113147537,0.21679092735429092,0.33712255798661594,0.23019257443258123,0.3210321790338391,low_hedge_stable
2025-07-02,TLT,0.0079607234970633,-0.019122713636324718,0.0,0.0,0.0,low_hedge_stable
2025-07-02,VIX,-0.3560460801927876,-0.5175301126939728,0.0,0.0,0.0,low_hedge_stable
2025-07-02,CASH,0.0,0.0,0.0,0.0,0.05203404836227416,low_hedge_stable
2025-07-03,BTC-USD,0.0707833484337728,-0.01984574938939566,0.0,0.0,0.0,low_hedge_stable
2025-07-03,DIA,0.3060525899622649,0.27593665821624885,0.3700973067696624,0.2610498506524478,0.35,low_hedge_stable
2025-07-03,ETH-USD,0.1533782470871459,0.03611290580699647,0.04843607683442209,0.0038748861467537673,0.005485524775541396,low_hedge_stable
2025-07-03,GLD,-0.0779676831896863,-0.11723372463871795,0.0,0.0,0.0,low_hedge_stable
2025-07-03,QQQ,0.2484964852567995,0.20536877946643595,0.2754488391155886,0.1942891153170877,0.2750475021266811,low_hedge_stable
2025-07-03,SPY,0.2634082117254298,0.22816032776496697,0.3060177772803268,0.21585105753212616,0.3055719004573197,low_hedge_stable
2025-07-03,TLT,-0.0221876271545073,-0.04927106428789532,0.0,0.0,0.0,low_hedge_stable
2025-07-03,VIX,-0.4218693802883782,-0.5833534127895634,0.0,0.0,0.0,low_hedge_stable
2025-07-03,CASH,0.0,0.0,0.0,0.0,0.06389507264045789,low_hedge_stable
2025-07-04,BTC-USD,-0.0133735393492209,-0.10400263717238936,0.0,0.0,0.0,low_hedge_stable
2025-07-04,DIA,0.39550202160765,0.36538608986163396,0.39406735689623607,0.2779572366054618,0.35,low_hedge_stable
2025-07-04,ETH-USD,-0.0113651248257243,-0.12863046610587373,0.0,0.0,0.0,low_hedge_stable
2025-07-04,GLD,-0.012703043462512,-0.051969084911543645,0.0,0.0,0.0,low_hedge_stable
2025-07-04,QQQ,0.308300515026401,0.2651728092360374,0.28598775639205665,0.2017227894637911,0.2733079148242125,low_hedge_stable
2025-07-04,SPY,0.3319063335401793,0.29665844957971654,0.3199448867117074,0.22567460871886075,0.3057594875704071,low_hedge_stable
2025-07-04,TLT,-0.0054632760276363,-0.03254671316102432,0.0,0.0,0.0,low_hedge_stable
2025-07-04,VIX,-0.4119174775699224,-0.5734015100711076,0.0,0.0,0.0,low_hedge_stable
2025-07-04,CASH,0.0,0.0,0.0,0.0,0.0709325976053804,low_hedge_stable
2025-07-05,BTC-USD,0.0756817894787045,-0.01494730834446396,0.0,0.0,0.0,low_hedge_stable
2025-07-05,DIA,0.3763827373739444,0.34626680562792833,0.38953731646098866,0.2747619515886842,0.35,low_hedge_stable
2025-07-05,ETH-USD,0.0452008210586624,-0.07206452022148703,0.0,0.0,0.0,low_hedge_stable
2025-07-05,GLD,-0.065976465948179,-0.10524250739721065,0.0,0.0,0.0,low_hedge_stable
2025-07-05,QQQ,0.2955612667232756,0.252433560932912,0.2839783955963666,0.20030547751359087,0.27138764307507296,low_hedge_stable
2025-07-05,SPY,0.3254657057103595,0.29021782174989674,0.32648428794264467,0.23028720568584288,0.3120089513138,low_hedge_stable
2025-07-05,TLT,-0.0084021470042342,-0.03548558413762222,0.0,0.0,0.0,low_hedge_stable
2025-07-05,VIX,-0.4690137259345907,-0.6304977584357758,0.0,0.0,0.0,low_hedge_stable
2025-07-05,CASH,0.0,0.0,0.0,0.0,0.06660340561112701,low_hedge_stable
2025-07-06,BTC-USD,0.0794141573779838,-0.01121494044518467,0.0,0.0,0.0,low_hedge_stable
2025-07-06,DIA,0.3031793639349815,0.27306343218896545,0.3596842727808672,0.25370496886637633,0.35,low_hedge_stable
2025-07-06,ETH-USD,0.1276946690700461,0.01042932778989665,0.01373770611330452,0.0010990164890643617,0.0015310641469109788,low_hedge_stable
2025-07-06,GLD,-0.1122454332433494,-0.15151147469238105,0.0,0.0,0.0,low_hedge_stable
2025-07-06,QQQ,0.2634167106153272,0.22028900482496364,0.2901688075437948,0.20467191327195544,0.28513296334356697,low_hedge_stable
2025-07-06,SPY,0.2748562774719683,0.23960839351150548,0.3156166685575718,0.22262167998346677,0.31013917983883355,low_hedge_stable
2025-07-06,TLT,0.0428686246784684,0.015785187545080383,0.020792545004461697,0.0038889542434703142,0.005417788059052507,low_hedge_stable
2025-07-06,VIX,-0.4423154367276702,-0.6037994692288554,0.0,0.0,0.0,low_hedge_stable
2025-07-06,CASH,0.0,0.0,0.0,0.0,0.04777900461163605,low_hedge_stable
2025-07-07,BTC-USD,0.0360497826867275,-0.05457931513644097,0.0,0.0,0.0,low_hedge_stable
2025-07-07,DIA,0.2895311672243316,0.2594152354783155,0.3512156232900585,0.24773156769763846,0.33564377323727324,low_hedge_stable
2025-07-07,ETH-USD,-0.026866225508775,-0.14413156678892444,0.0,0.0,0.0,low_hedge_stable
2025-07-07,GLD,-0.0654158080931385,-0.10468184954217015,0.0,0.0,0.0,low_hedge_stable
2025-07-07,QQQ,0.2750814587487238,0.23195375295836027,0.31403622755436994,0.22150690859684916,0.30011280068397583,low_hedge_stable
2025-07-07,SPY,0.282499897198511,0.24725201323804818,0.3347481491555716,0.23611615849362477,0.31990641764241223,low_hedge_stable
2025-07-07,TLT,-0.0159928201677961,-0.04307625730118412,0.0,0.0,0.0,low_hedge_stable
2025-07-07,VIX,-0.2940477772532803,-0.45553180975446544,0.0,0.0,0.0,low_hedge_stable
2025-07-07,CASH,0.0,0.0,0.0,0.0,0.04433700843633871,low_hedge_stable
2025-07-08,BTC-USD,0.0536631902260281,-0.03696590759714037,0.0,0.0,0.0,low_hedge_stable
2025-07-08,DIA,0.2445494160666503,0.2144334843206342,0.32139908984512394,0.22670033763893918,0.30714921568722914,low_hedge_stable
2025-07-08,ETH-USD,0.0619464901512001,-0.05531885112894934,0.0,0.0,0.0,low_hedge_stable
2025-07-08,GLD,-0.1028971050396774,-0.14216314648870904,0.0,0.0,0.0,low_hedge_stable
2025-07-08,QQQ,0.2640455711945408,0.22091786540417727,0.3311180672010272,0.23355566336232625,0.31643728266211113,low_hedge_stable
2025-07-08,SPY,0.2670841246671164,0.2318362407066536,0.34748284295384885,0.24509863378684713,0.33207649321432114,low_hedge_stable
2025-07-08,TLT,-0.022196485967853,-0.04927992310124102,0.0,0.0,0.0,low_hedge_stable
2025-07-08,VIX,-0.307806767426922,-0.4692907999281071,0.0,0.0,0.0,low_hedge_stable
2025-07-08,CASH,0.0,0.0,0.0,0.0,0.0443370084363386,low_hedge_stable
2025-07-09,BTC-USD,0.1152040570831015,0.02457495925993303,0.033333752946021804,0.0026667002356817442,0.003959629223075986,low_hedge_stable
2025-07-09,DIA,0.24983534628192,0.2197194145359039,0.298029901255036,0.21021677215568507,0.3121387485067507,low_hedge_stable
2025-07-09,ETH-USD,0.1654791064643803,0.04821376518423087,0.06539769690967288,0.005231815752773831,0.007768421162319533,low_hedge_stable
2025-07-09,GLD,-0.0912051303022633,-0.13047117175129494,0.0,0.0,0.0,low_hedge_stable
2025-07-09,QQQ,0.2586363096171923,0.21550860382682877,0.29231830993990326,0.20618807474954065,0.30615676831758193,low_hedge_stable
2025-07-09,SPY,0.2644706383001338,0.229222754339671,0.31092033894936605,0.21930910212782825,0.3256394243539345,low_hedge_stable
2025-07-09,TLT,0.0221170929853383,-0.00496634414804972,0.0,0.0,0.0,low_hedge_stable
2025-07-09,VIX,-0.4595822185214605,-0.6210662510226457,0.0,0.0,0.0,low_hedge_stable
2025-07-09,CASH,0.0,0.0,0.0,0.0,0.04433700843633742,low_hedge_stable
2025-07-10,BTC-USD,0.1661273938130648,0.07549829598989632,0.10304495389866931,0.008243596311893545,0.015087272567126114,low_hedge_stable
2025-07-10,DIA,0.2063046658218043,0.1761887340757882,0.24047377152371985,0.16961928928923517,0.3104339845531671,low_hedge_stable
2025-07-10,ETH-USD,0.2563901249403409,0.1391247836601915,0.18988649651570053,0.015190919721256042,0.02780213121902336,low_hedge_stable
2025-07-10,GLD,-0.1080338129687533,-0.14729985441778495,0.0,0.0,0.0,low_hedge_stable
2025-07-10,QQQ,0.1977554812042863,0.15462777541392275,0.21104598163531801,0.14886226129987998,0.2724448682609195,low_hedge_stable
2025-07-10,SPY,0.2224816876792665,0.18723380371880372,0.25554879642659234,0.1802525279740226,0.3298947349634268,low_hedge_stable
2025-07-10,TLT,-0.0098444969403819,-0.036927934073769916,0.0,0.0,0.0,low_hedge_stable
2025-07-10,VIX,-0.4489939339434847,-0.6104779664446699,0.0,0.0,0.0,low_hedge_stable
2025-07-10,CASH,0.0,0.0,0.0,0.0,0.044337008436337,low_hedge_stable
2025-07-11,BTC-USD,0.2163295944250249,0.12570049660185642,0.19439836933748159,0.015551869546998527,0.037815023519327556,low_hedge_stable
2025-07-11,DIA,0.124537773860831,0.0944218421148149,0.14602529531048866,0.10299961884355709,0.250447896137516,low_hedge_stable
2025-07-11,ETH-USD,0.3145091611165157,0.19724381983636627,0.3050415708343297,0.024403325666746377,0.04,low_hedge_stable
2025-07-11,GLD,-0.0828410633216787,-0.12210710477071035,0.0,0.0,0.0,low_hedge_stable
2025-07-11,QQQ,0.1469117914952398,0.10378408570487625,0.16050419504795668,0.11321237788001265,0.2752806483666734,low_hedge_stable
2025-07-11,SPY,0.1607105564170737,0.12546267245661094,0.19403056946974329,0.1368603614660617,0.33278171296785536,low_hedge_stable
2025-07-11,TLT,-0.0986709805542723,-0.12575441768766032,0.0,0.0,0.0,low_hedge_stable
2025-07-11,VIX,-0.3918364436144064,-0.5533204761155915,0.0,0.0,0.0,low_hedge_stable
2025-07-11,CASH,0.0,0.0,0.0,0.0,0.06367471900862784,low_hedge_stable
2025-07-12,BTC-USD,0.2384368111248818,0.14780771330171333,0.21319584346428794,0.017055667477143037,0.03934481771337847,low_hedge_stable
2025-07-12,DIA,0.149857884230138,0.1197419524841219,0.17271417023956584,0.12182474047206213,0.28103105394593564,low_hedge_stable
2025-07-12,ETH-USD,0.2921641650016598,0.17489882372151036,0.2522716941578379,0.020181735532627032,0.04,low_hedge_stable
2025-07-12,GLD,-0.0755474713816613,-0.11481351283069295,0.0,0.0,0.0,low_hedge_stable
2025-07-12,QQQ,0.1555088751979039,0.11238116940754035,0.16209707643901336,0.11433592415186222,0.2637554994475787,low_hedge_stable
2025-07-12,SPY,0.1737136988218858,0.13846581486142304,0.19972121569929485,0.14087428515901543,0.3249754415951127,low_hedge_stable
2025-07-12,TLT,-0.0773455044779774,-0.10442894161136543,0.0,0.0,0.0,low_hedge_stable
2025-07-12,VIX,-0.4399364023527027,-0.6014204348538879,0.0,0.0,0.0,low_hedge_stable
2025-07-12,CASH,0.0,0.0,0.0,0.0,0.050893187297994476,low_hedge_stable
2025-07-13,BTC-USD,0.2649816961655306,0.17435259834236214,0.2613693300097483,0.020909546400779865,0.04,low_hedge_stable
2025-07-13,DIA,0.1373750378250605,0.1072591060790444,0.16079049558111994,0.11341432128802169,0.2914161307132999,low_hedge_stable
2025-07-13,ETH-USD,0.2985829502646375,0.18131760898448804,0.2718104715949661,0.021744837727597287,0.04,low_hedge_stable
2025-07-13,GLD,-0.0658624087736832,-0.10512845022271484,0.0,0.0,0.0,low_hedge_stable
2025-07-13,QQQ,0.128446810587587,0.08531910479722345,0.12790057314829045,0.09021526206220365,0.23180655055624266,low_hedge_stable
2025-07-13,SPY,0.1540731363209846,0.11882525236052185,0.17812912966587507,0.12564420720059902,0.32284061036660094,low_hedge_stable
2025-07-13,TLT,-0.0919064507218107,-0.1189898878551987,0.0,0.0,0.0,low_hedge_stable
2025-07-13,VIX,-0.4227816591744243,-0.5842656916756095,0.0,0.0,0.0,low_hedge_stable
2025-07-13,CASH,0.0,0.0,0.0,0.0,0.07393670836385649,low_hedge_stable
2025-07-14,BTC-USD,0.2903411051190993,0.19971200729593083,0.3544839617335709,0.02835871693868567,0.04,low_hedge_stable
2025-07-14,DIA,0.0739438968251226,0.04382796507910651,0.07779357338760685,0.054872057545678234,0.22746593471679835,low_hedge_stable
2025-07-14,ETH-USD,0.3453215711584719,0.22805622987832244,0.40479426830605425,0.03238354146448434,0.04,low_hedge_stable
2025-07-14,GLD,-0.1214830617690257,-0.16074910321805733,0.0,0.0,0.0,low_hedge_stable
2025-07-14,QQQ,0.072957773493545,0.029830067703181456,0.052947645569129766,0.03734686720330434,0.15481723188659335,low_hedge_stable
2025-07-14,SPY,0.0972096057180116,0.061961721757548854,0.10998055100363834,0.0775752913869675,0.32157963370656134,low_hedge_stable
2025-07-14,TLT,-0.2340114621654391,-0.2610948992988271,0.0,0.0,0.0,low_hedge_stable
2025-07-14,VIX,-0.2156560212605621,-0.37714005376174725,0.0,0.0,0.0,low_hedge_stable
2025-07-14,CASH,0.0,0.0,0.0,0.0,0.21613719969004697,low_hedge_stable
2025-07-15,BTC-USD,0.1301897212334498,0.039560623410281326,0.1043632475136768,0.008349059801094145,0.04,low_hedge_stable
2025-07-15,DIA,0.0098516737929003,-0.020264257953115795,0.0,0.0,0.0,low_hedge_stable
2025-07-15,ETH-USD,0.401110805678647,0.28384546439849756,0.7488010021843152,0.05990408017474522,0.04,low_hedge_stable
2025-07-15,GLD,-0.1161228513416639,-0.15538889279069554,0.0,0.0,0.0,low_hedge_stable
2025-07-15,QQQ,0.0757073682692076,0.03257966247884406,0.08594706266201058,0.060623158995074054,0.3371773959340111,low_hedge_stable
2025-07-15,SPY,0.0583287529354965,0.023080868975033746,0.06088868763999746,0.042948118033038274,0.238871329681501,low_hedge_stable
2025-07-15,TLT,-0.2428098619286541,-0.2698932990620421,0.0,0.0,0.0,low_hedge_stable
2025-07-15,VIX,-0.0911769892671289,-0.252661021768314,0.0,0.0,0.0,low_hedge_stable
2025-07-15,CASH,0.0,0.0,0.0,0.0,0.34395127438448797,low_hedge_stable
2025-07-16,BTC-USD,0.1082089836208997,0.017579885797731235,0.04149477453977283,0.0033195819631818262,0.02859227679896657,low_hedge_stable
2025-07-16,DIA,0.0228095661733779,-0.007306365572638197,0.0,0.0,0.0,low_hedge_stable
2025-07-16,ETH-USD,0.502380413914735,0.38511507263458555,0.9090083573183787,0.0727206685854703,0.04,low_hedge_stable
2025-07-16,GLD,-0.1037123325354115,-0.14297837398444313,0.0,0.0,0.0,low_hedge_stable
2025-07-16,QQQ,0.0465689079650755,0.0034412021747119484,0.008122459385024913,0.005729214373105577,0.049346961458797335,low_hedge_stable
2025-07-16,SPY,0.0527767749825464,0.017528891022083645,0.04137440875682354,0.029183630978243617,0.2513649200964562,low_hedge_stable
2025-07-16,TLT,-0.2027061207142581,-0.2297895578476461,0.0,0.0,0.0,low_hedge_stable
2025-07-16,VIX,-0.1593248127079374,-0.3208088452091225,0.0,0.0,0.0,low_hedge_stable
2025-07-16,CASH,0.0,0.0,0.0,0.0,0.6306958416457799,low_hedge_stable
2025-07-17,BTC-USD,0.092860852269519,0.002231754446350532,0.004898105939718316,0.0003918484751774653,0.0025733162765272004,low_hedge_stable
2025-07-17,DIA,0.023147685026786,-0.00696824671923009,0.0,0.0,0.0,low_hedge_stable
2025-07-17,ETH-USD,0.5229299051102964,0.40566456383014693,0.8903255521138973,0.07122604416911178,0.04,low_hedge_stable
2025-07-17,GLD,-0.0609707026613588,-0.10023674411039045,0.0,0.0,0.0,low_hedge_stable
2025-07-17,QQQ,0.0649512053921401,0.021823499601776545,0.04789676265670702,0.03378420353125478,0.22186494613029267,low_hedge_stable
2025-07-17,SPY,0.0611642801243206,0.025916396163857845,0.056879579289677365,0.040120274876772215,0.2634746921303845,low_hedge_stable
2025-07-17,TLT,-0.1851354087914844,-0.21221884592487242,0.0,0.0,0.0,low_hedge_stable
2025-07-17,VIX,-0.2227482277433838,-0.3842322602445689,0.0,0.0,0.0,low_hedge_stable
2025-07-17,CASH,0.0,0.0,0.0,0.0,0.4720870454627956,low_hedge_stable
2025-07-18,BTC-USD,0.0567760359045224,-0.033853061918646066,0.0,0.0,0.0,low_hedge_stable
2025-07-18,DIA,0.015038603463672,-0.015077328282344095,0.0,0.0,0.0,low_hedge_stable
2025-07-18,ETH-USD,0.5340674294326548,0.4168020881525054,0.8805279811864222,0.07044223849491378,0.04,low_hedge_stable
2025-07-18,GLD,-0.0424323493609321,-0.08169839080996374,0.0,0.0,0.0,low_hedge_stable
2025-07-18,QQQ,0.0682829731645338,0.02515526737417025,0.053142528376869065,0.037484328694983755,0.23154181673791216,low_hedge_stable
2025-07-18,SPY,0.0666452622503171,0.03139737828985435,0.06632949043670877,0.04678581350266678,0.28899736591570035,low_hedge_stable
2025-07-18,TLT,-0.1590177778763445,-0.1861012150097325,0.0,0.0,0.0,low_hedge_stable
2025-07-18,VIX,-0.2338941700199036,-0.39537820252108874,0.0,0.0,0.0,low_hedge_stable
2025-07-18,CASH,0.0,0.0,0.0,0.0,0.4394608173463874,low_hedge_stable
2025-07-19,BTC-USD,0.0436975129692106,-0.04693158485395786,0.0,0.0,0.0,low_hedge_stable
2025-07-19,DIA,0.0218097628329933,-0.008306168913022794,0.0,0.0,0.0,low_hedge_stable
2025-07-19,ETH-USD,0.5376161093592643,0.42035076807911487,0.855800063871162,0.06846400510969296,0.04,low_hedge_stable
2025-07-19,GLD,-0.0363800179154199,-0.07564605936445154,0.0,0.0,0.0,low_hedge_stable
2025-07-19,QQQ,0.0740948164450379,0.03096711065467436,0.06304652516107152,0.044470158729647595,0.24973239678119522,low_hedge_stable
2025-07-19,SPY,0.0751087113577324,0.03986082739726965,0.08115341096776654,0.05724193455497915,0.3214552392248802,low_hedge_stable
2025-07-19,TLT,-0.1486049215337794,-0.17568835866716742,0.0,0.0,0.0,low_hedge_stable
2025-07-19,VIX,-0.2516420458287142,-0.41312607832989934,0.0,0.0,0.0,low_hedge_stable
2025-07-19,CASH,0.0,0.0,0.0,0.0,0.3888123639939247,low_hedge_stable
2025-07-20,BTC-USD,0.0476012025826099,-0.04302789524055857,0.0,0.0,0.0,low_hedge_stable
2025-07-20,DIA,0.0405563748307001,0.010440443084684002,0.021059666029459013,0.01485453304096883,0.0804654172883355,low_hedge_stable
2025-07-20,ETH-USD,0.5365807799917193,0.41931543871156984,0.8458111431320566,0.06766489145056453,0.04,low_hedge_stable
2025-07-20,GLD,-0.0467401814796104,-0.08600622292864205,0.0,0.0,0.0,low_hedge_stable
2025-07-20,QQQ,0.0674830068949158,0.024355301104552255,0.04912765704946219,0.034652420596119386,0.18770845745386022,low_hedge_stable
2025-07-20,SPY,0.0768920976589919,0.04164421369852915,0.08400153378902217,0.059250871187397615,0.3209556343267195,low_hedge_stable
2025-07-20,TLT,-0.1247612669898527,-0.15184470412324072,0.0,0.0,0.0,low_hedge_stable
2025-07-20,VIX,-0.2714201303506571,-0.43290416285184224,0.0,0.0,0.0,low_hedge_stable
2025-07-20,CASH,0.0,0.0,0.0,0.0,0.3708704909310849,low_hedge_stable
2025-07-21,BTC-USD,0.0257745699906188,-0.06485452783254966,0.0,0.0,0.0,low_hedge_stable
2025-07-21,DIA,-0.0016974315609252,-0.031813363306941296,0.0,0.0,0.0,low_hedge_stable
2025-07-21,ETH-USD,0.5374095717207897,0.4201442304406403,0.8274252941588984,0.06619402353271188,0.04,low_hedge_stable
2025-07-21,GLD,-0.0277273455141669,-0.06699338696319854,0.0,0.0,0.0,low_hedge_stable
2025-07-21,QQQ,0.1002858704047674,0.05715816461440386,0.11256637064860935,0.07939921125827394,0.35,low_hedge_stable
2025-07-21,SPY,0.0657184968211712,0.030470612860708454,0.06000833519249215,0.042327157353943365,0.21525337064036623,low_hedge_stable
2025-07-21,TLT,-0.1010823310442012,-0.1281657681775892,0.0,0.0,0.0,low_hedge_stable
2025-07-21,VIX,-0.2703357711312906,-0.43181980363247574,0.0,0.0,0.0,low_hedge_stable
2025-07-21,CASH,0.0,0.0,0.0,0.0,0.3947466293596339,low_hedge_stable
2025-07-22,BTC-USD,0.0677517015599698,-0.022877396263198662,0.0,0.0,0.0,low_hedge_stable
2025-07-22,DIA,-0.0191862109668755,-0.04930214271289159,0.0,0.0,0.0,low_hedge_stable
2025-07-22,ETH-USD,0.5376197787062903,0.42035443742614087,1.0,0.08,0.04,low_hedge_stable
2025-07-22,GLD,0.0057203605711707,-0.033545680877860945,0.0,0.0,0.0,low_hedge_stable
2025-07-22,QQQ,0.0326630614216347,-0.01046464436872885,0.0,0.0,0.0,low_hedge_stable
2025-07-22,SPY,0.0312770086631648,-0.003970875297297952,0.0,0.0,0.0,low_hedge_stable
2025-07-22,TLT,-0.0779257297084492,-0.10500916684183723,0.0,0.0,0.0,low_hedge_stable
2025-07-22,VIX,-0.2606068624532647,-0.42209089495444985,0.0,0.0,0.0,low_hedge_stable
2025-07-22,CASH,0.0,0.0,0.0,0.0,0.96,low_hedge_stable
2025-07-23,BTC-USD,0.0952993957585665,0.00467029793539803,0.00901398964267918,0.0007211191714143344,0.002322335467061534,low_hedge_stable
2025-07-23,DIA,0.0848730626463842,0.0547571309003681,0.1056849515012109,0.07454537036873661,0.24007038555501883,low_hedge_stable
2025-07-23,ETH-USD,0.4511329153929417,0.3338675741127922,0.6443869099376093,0.05155095279500874,0.04,low_hedge_stable
2025-07-23,GLD,-0.0020160704300275,-0.04128211187905914,0.0,0.0,0.0,low_hedge_stable
2025-07-23,QQQ,0.0889041747427612,0.04577646895239766,0.08835166893483659,0.062319259174452406,0.20069668315429542,low_hedge_stable
2025-07-23,SPY,0.1142930419350545,0.07904515797459176,0.15256247998366412,0.10761065235124702,0.3465558044986986,low_hedge_stable
2025-07-23,TLT,-0.0556127258708423,-0.08269616300423033,0.0,0.0,0.0,low_hedge_stable
2025-07-23,VIX,-0.3774153551003592,-0.5388993876015443,0.0,0.0,0.0,low_hedge_stable
2025-07-23,CASH,0.0,0.0,0.0,0.0,0.17035479132492565,low_hedge_stable
2025-07-24,BTC-USD,0.085894419865527,-0.004734677957641469,0.0,0.0,0.0,low_hedge_stable
2025-07-24,DIA,0.0513148437701293,0.021198912024113205,0.04165397339603534,0.02938082319223449,0.10720307701918877,low_hedge_stable
2025-07-24,ETH-USD,0.478146841294476,0.3608815000143265,0.7090999945478056,0.05672799956382445,0.04,low_hedge_stable
2025-07-24,GLD,-0.032939367152068,-0.07220540860109964,0.0,0.0,0.0,low_hedge_stable
2025-07-24,QQQ,0.0955118249504969,0.05238411916013336,0.10293012695127772,0.07260224210441311,0.2649069327009982,low_hedge_stable
2025-07-24,SPY,0.1097122806833478,0.07446439672288506,0.14631590510488132,0.1032046018089465,0.35,low_hedge_stable
2025-07-24,TLT,-0.048993752450092,-0.07607718958348002,0.0,0.0,0.0,low_hedge_stable
2025-07-24,VIX,-0.3564580390779551,-0.5179420715791403,0.0,0.0,0.0,low_hedge_stable
2025-07-24,CASH,0.0,0.0,0.0,0.0,0.23788999027981303,low_hedge_stable
2025-07-25,BTC-USD,0.0837251350518688,-0.006903962771299673,0.0,0.0,0.0,low_hedge_stable
2025-07-25,DIA,0.083254098661993,0.053138166915976906,0.09842998538789233,0.06942804639547664,0.18656389576573723,low_hedge_stable
2025-07-25,ETH-USD,0.4191666856078709,0.3019013443277214,0.5592241252459915,0.04473793001967932,0.04,low_hedge_stable
2025-07-25,GLD,-0.0591582897666676,-0.09842433121569924,0.0,0.0,0.0,low_hedge_stable
2025-07-25,QQQ,0.1204892573948136,0.07736155160445006,0.14329994495390108,0.1010772803381164,0.2716102810364132,low_hedge_stable
2025-07-25,SPY,0.1427043320788183,0.10745644811835556,0.19904594441221513,0.14039797942693416,0.35,low_hedge_stable
2025-07-25,TLT,-0.0070129397710575,-0.034096376904445516,0.0,0.0,0.0,low_hedge_stable
2025-07-25,VIX,-0.3729549510702161,-0.5344389835714013,0.0,0.0,0.0,low_hedge_stable
2025-07-25,CASH,0.0,0.0,0.0,0.0,0.1518258231978496,low_hedge_stable
2025-07-26,BTC-USD,0.0910777474476804,0.00044864962451192716,0.0008188241324695068,6.550593059756055e-05,0.00018486118249183878,low_hedge_stable
2025-07-26,DIA,0.0804907369336444,0.05037480518762831,0.09193834988929897,0.06484914120918875,0.18300768828337663,low_hedge_stable
2025-07-26,ETH-USD,0.4381215149254945,0.320856173645345,0.5855900989963955,0.04684720791971164,0.04,low_hedge_stable
2025-07-26,GLD,-0.075236121543869,-0.11450216299290064,0.0,0.0,0.0,low_hedge_stable
2025-07-26,QQQ,0.1136930185040857,0.07056531271372214,0.12878776178206056,0.09084104467696455,0.25635820733463477,low_hedge_stable
2025-07-26,SPY,0.1409223393009782,0.10567445534051545,0.19286496519977556,0.1360381970919109,0.35,low_hedge_stable
2025-07-26,TLT,-0.0263396107231446,-0.05342304785653262,0.0,0.0,0.0,low_hedge_stable
2025-07-26,VIX,-0.3647108572173149,-0.5261948897185,0.0,0.0,0.0,low_hedge_stable
2025-07-26,CASH,0.0,0.0,0.0,0.0,0.17044924319949686,low_hedge_stable
2025-07-27,BTC-USD,0.0895860349554867,-0.0010430628676817676,0.0,0.0,0.0,low_hedge_stable
2025-07-27,DIA,0.0936810303605769,0.0635650986145608,0.09900177008736519,0.0698313573833508,0.18686863047991134,low_hedge_stable
2025-07-27,ETH-USD,0.4747986927157925,0.357533351435643,0.5568532957374888,0.0445482636589991,0.04,low_hedge_stable
2025-07-27,GLD,-0.1036295102889048,-0.14289555173793644,0.0,0.0,0.0,low_hedge_stable
2025-07-27,QQQ,0.1399864139058106,0.09685870811544704,0.1508561106771903,0.10640705685226563,0.28474515937336947,low_hedge_stable
2025-07-27,SPY,0.1593509491470519,0.12410306518658913,0.1932888234979557,0.13633716750702576,0.35,low_hedge_stable
2025-07-27,TLT,-0.0259172546561218,-0.05300069178950982,0.0,0.0,0.0,low_hedge_stable
2025-07-27,VIX,-0.3925992976088648,-0.55408333011005,0.0,0.0,0.0,low_hedge_stable
2025-07-27,CASH,0.0,0.0,0.0,0.0,0.13838621014671912,low_hedge_stable
2025-07-28,BTC-USD,0.0494186394647395,-0.04121045835842897,0.0,0.0,0.0,low_hedge_stable
2025-07-28,DIA,0.0441651847374459,0.014049252991429803,0.022673766102203858,0.015993046008291247,0.0506288742857923,low_hedge_stable
2025-07-28,ETH-USD,0.5170415401868006,0.39977619890665117,0.6451896077867583,0.05161516862294066,0.04,low_hedge_stable
2025-07-28,GLD,-0.1386127757816765,-0.17787881723070814,0.0,0.0,0.0,low_hedge_stable
2025-07-28,QQQ,0.145753400707218,0.10262569491685446,0.165625247409263,0.11682453589805264,0.35,low_hedge_stable
2025-07-28,SPY,0.1384226487872742,0.10317476482681145,0.16651137870177496,0.11744957271225674,0.35,low_hedge_stable
2025-07-28,TLT,-0.0653903122520233,-0.09247374938541131,0.0,0.0,0.0,low_hedge_stable
2025-07-28,VIX,-0.3277822707860797,-0.48926630328726484,0.0,0.0,0.0,low_hedge_stable
2025-07-28,CASH,0.0,0.0,0.0,0.0,0.20937112571420768,low_hedge_stable
2025-07-29,BTC-USD,0.0150984109238407,-0.07553068689932776,0.0,0.0,0.0,low_hedge_stable
2025-07-29,DIA,-0.0227984848746263,-0.05291441662064239,0.0,0.0,0.0,low_hedge_stable
2025-07-29,ETH-USD,0.4938233502295807,0.37655800894943126,0.8327036340929658,0.06661629072743726,0.04,low_hedge_stable
2025-07-29,GLD,-0.1759258771060275,-0.21519191855505915,0.0,0.0,0.0,low_hedge_stable
2025-07-29,QQQ,0.0850248535981623,0.041897147807798754,0.09264948934433452,0.0653507467197788,0.3382810080052616,low_hedge_stable
2025-07-29,SPY,0.0690040464916401,0.03375616253117736,0.07464687656269978,0.0526525203559569,0.272550025119146,low_hedge_stable
2025-07-29,TLT,-0.0268218236717952,-0.05390526080518322,0.0,0.0,0.0,low_hedge_stable
2025-07-29,VIX,-0.1293877392084562,-0.2908717717096413,0.0,0.0,0.0,low_hedge_stable
2025-07-29,CASH,0.0,0.0,0.0,0.0,0.34916896687559246,low_hedge_stable
2025-07-30,BTC-USD,-0.0002130813811328,-0.09084217920430127,0.0,0.0,0.0,low_hedge_stable
2025-07-30,DIA,-0.0471330377082182,-0.07724896945423429,0.0,0.0,0.0,low_hedge_stable
2025-07-30,ETH-USD,0.4758520523090162,0.35858671102886674,0.7599618570844038,0.0607969485667523,0.04,low_hedge_stable
2025-07-30,GLD,-0.2040459676029493,-0.24331200905198094,0.0,0.0,0.0,low_hedge_stable
2025-07-30,QQQ,0.1306542461559858,0.08752654036562225,0.1854972036458892,0.13084131233185858,0.35,low_hedge_stable
2025-07-30,SPY,0.060982933485425,0.02573504952496225,0.05454093926970706,0.038470704299583755,0.15977225540445608,low_hedge_stable
2025-07-30,TLT,-0.0372581024927369,-0.06434153962612492,0.0,0.0,0.0,low_hedge_stable
2025-07-30,VIX,-0.1267394156299758,-0.2882234481311609,0.0,0.0,0.0,low_hedge_stable
2025-07-30,CASH,0.0,0.0,0.0,0.0,0.45022774459554393,low_hedge_stable
2025-07-31,BTC-USD,-0.0967337319028053,-0.18736282972597376,0.0,0.0,0.0,low_hedge_stable
2025-07-31,DIA,-0.0466647977531784,-0.0767807294991945,0.0,0.0,0.0,low_hedge_stable
2025-07-31,ETH-USD,0.4037419039016826,0.2864765626215331,0.7287970364023617,0.05830376291218894,0.04,low_hedge_stable
2025-07-31,GLD,-0.1590867596506877,-0.19835280109971934,0.0,0.0,0.0,low_hedge_stable
2025-07-31,QQQ,0.109836872620444,0.06670916683008045,0.16970827435842395,0.1197045176552406,0.35,low_hedge_stable
2025-07-31,SPY,0.0751435589499235,0.039895674989460755,0.10149468923921431,0.07158974932647778,0.27410342146995276,low_hedge_stable
2025-07-31,TLT,0.015272537075663,-0.011810900057725018,0.0,0.0,0.0,low_hedge_stable
2025-07-31,VIX,-0.049874551598603,-0.2113585840997881,0.0,0.0,0.0,low_hedge_stable
2025-07-31,CASH,0.0,0.0,0.0,0.0,0.3358965785300472,low_hedge_stable
2025-08-01,BTC-USD,-0.1295568636803467,-0.22018596150351516,0.0,0.0,0.0,moderate_hedge_uncertain
2025-08-01,DIA,-0.1017870642079793,-0.1319029959539954,0.0,0.0,0.0,moderate_hedge_uncertain
2025-08-01,ETH-USD,0.175807229647552,0.05854188836740257,0.48446458395258024,0.03875716671620642,0.04,moderate_hedge_uncertain
2025-08-01,GLD,-0.0319790374577038,-0.07124507890673545,0.0,0.0,0.0,moderate_hedge_uncertain
2025-08-01,QQQ,-0.0472389782373496,-0.09036668402771315,0.0,0.0,0.0,moderate_hedge_uncertain
2025-08-01,SPY,-0.053641652387343,-0.08888953634780575,0.0,0.0,0.0,moderate_hedge_uncertain
2025-08-01,TLT,0.0893798727767509,0.062296435643362874,0.5155354160474197,0.11007528925355053,0.35,moderate_hedge_uncertain
2025-08-01,VIX,0.1560922179315421,-0.005391814569643015,0.0,0.0,0.0,moderate_hedge_uncertain
2025-08-01,CASH,0.0,0.0,0.0,0.0,0.61,moderate_hedge_uncertain
2025-08-02,BTC-USD,-0.158108292367526,-0.24873739019069446,0.0,0.0,0.0,moderate_hedge_uncertain
2025-08-02,DIA,-0.0997571084230241,-0.1298730401690402,0.0,0.0,0.0,moderate_hedge_uncertain
2025-08-02,ETH-USD,0.122965236790256,0.0056998955101065655,0.0531786109692313,0.004254288877538504,0.01965264599341647,moderate_hedge_uncertain
2025-08-02,GLD,-0.004079480897992,-0.04334552234702364,0.0,0.0,0.0,moderate_hedge_uncertain
2025-08-02,QQQ,-0.0507248213733848,-0.09385252716374835,0.0,0.0,0.0,moderate_hedge_uncertain
2025-08-02,SPY,-0.0546616646194851,-0.08990954857994785,0.0,0.0,0.0,moderate_hedge_uncertain
2025-08-02,TLT,0.1110454004362266,0.08396196330283859,0.7833442867115034,0.1885861636340436,0.35,moderate_hedge_uncertain
2025-08-02,VIX,0.1790061599981584,0.017522127496973273,0.16347710231926538,0.00817385511596327,0.03775904401876113,moderate_hedge_uncertain
2025-08-02,CASH,0.0,0.0,0.0,0.0,0.5925883099878224,moderate_hedge_uncertain
2025-08-03,BTC-USD,-0.1889911173330172,-0.2796202151561857,0.0,0.0,0.0,moderate_hedge_uncertain
2025-08-03,DIA,-0.1439764677422672,-0.17409239948828328,0.0,0.0,0.0,moderate_hedge_uncertain
2025-08-03,ETH-USD,0.1843582944228643,0.06709295314271488,0.2681399687897013,0.021451197503176107,0.04,moderate_hedge_uncertain
2025-08-03,GLD,0.0210414256260691,-0.018224615822962545,0.0,0.0,0.0,moderate_hedge_uncertain
2025-08-03,QQQ,-0.0888882625126042,-0.13201596830296775,0.0,0.0,0.0,moderate_hedge_uncertain
2025-08-03,SPY,-0.0860295889636128,-0.12127747292407555,0.0,0.0,0.0,moderate_hedge_uncertain
2025-08-03,TLT,0.1607566567603229,0.1336732196269349,0.5342309625653607,0.14357644136388178,0.35,moderate_hedge_uncertain
2025-08-03,VIX,0.2109340190215926,0.049449986520407475,0.19762906864493804,0.009881453432246903,0.05,moderate_hedge_uncertain
2025-08-03,CASH,0.0,0.0,0.0,0.0,0.56,moderate_hedge_uncertain
2025-08-04,BTC-USD,-0.1305636370342538,-0.22119273485742227,0.0,0.0,0.0,moderate_hedge_uncertain
2025-08-04,DIA,-0.0406088253432881,-0.0707247570893042,0.0,0.0,0.0,moderate_hedge_uncertain
2025-08-04,ETH-USD,0.2193888610457369,0.10212351976558748,0.4678259790804013,0.037426078326432105,0.04,moderate_hedge_uncertain
2025-08-04,GLD,0.0225304417409725,-0.016735599708059146,0.0,0.0,0.0,moderate_hedge_uncertain
2025-08-04,QQQ,-0.0153921205224024,-0.05851982631276594,0.0,0.0,0.0,moderate_hedge_uncertain
2025-08-04,SPY,0.0004693050131057,-0.03477857894735705,0.0,0.0,0.0,moderate_hedge_uncertain
2025-08-04,TLT,0.1432537367198814,0.11617029958649339,0.5321740209195988,0.13965324779960372,0.35,moderate_hedge_uncertain
2025-08-04,VIX,-0.0232759907480906,-0.1847600232492757,0.0,0.0,0.0,moderate_hedge_uncertain
2025-08-04,CASH,0.0,0.0,0.0,0.0,0.6100000000000001,moderate_hedge_uncertain
2025-08-05,BTC-USD,-0.1870003684023137,-0.2776294662254822,0.0,0.0,0.0,moderate_hedge_uncertain
2025-08-05,DIA,-0.0448946392738547,-0.0750105710198708,0.0,0.0,0.0,moderate_hedge_uncertain
2025-08-05,ETH-USD,0.1675186979802053,0.05025335670005587,0.21034499422367506,0.016827599537894006,0.04,moderate_hedge_uncertain
2025-08-05,GLD,0.0357278179054644,-0.0035382235435672477,0.0,0.0,0.0,moderate_hedge_uncertain
2025-08-05,QQQ,-0.0252666564950049,-0.06839436228536845,0.0,0.0,0.0,moderate_hedge_uncertain
2025-08-05,SPY,-0.0128048711109085,-0.04805275507137125,0.0,0.0,0.0,moderate_hedge_uncertain
2025-08-05,TLT,0.215739291872031,0.188655854738643,0.789655005776325,0.18753417543244344,0.35,moderate_hedge_uncertain
2025-08-05,VIX,0.0426410269668424,-0.11884300553434271,0.0,0.0,0.0,moderate_hedge_uncertain
2025-08-05,CASH,0.0,0.0,0.0,0.0,0.6100000000000001,moderate_hedge_uncertain
2025-08-06,BTC-USD,-0.199917440584983,-0.2905465384081514,0.0,0.0,0.0,low_hedge_stable
2025-08-06,DIA,-0.0378427456222188,-0.0679586773682349,0.0,0.0,0.0,low_hedge_stable
2025-08-06,ETH-USD,0.354135290764862,0.23686994948471254,0.415211519694764,0.03321692157558112,0.04,low_hedge_stable
2025-08-06,GLD,0.0163028529591231,-0.022963188489908547,0.0,0.0,0.0,low_hedge_stable
2025-08-06,QQQ,0.0917910804289348,0.04866337463857126,0.08530247834776891,0.05677566306150103,0.23099031146968307,low_hedge_stable
2025-08-06,SPY,0.0823140917238774,0.04706620776341465,0.08250278979764866,0.05491224505914557,0.2234090436948612,low_hedge_stable
2025-08-06,TLT,0.2649641020843005,0.23788066495091248,0.4169832121598184,0.08851876849509503,0.35,low_hedge_stable
2025-08-06,VIX,-0.2021543582107333,-0.3636383907119184,0.0,0.0,0.0,low_hedge_stable
2025-08-06,CASH,0.0,0.0,0.0,0.0,0.15560064483545566,low_hedge_stable
2025-08-07,BTC-USD,-0.0743085180150333,-0.16493761583820177,0.0,0.0,0.0,low_hedge_stable
2025-08-07,DIA,-0.1111117702197615,-0.1412277019657776,0.0,0.0,0.0,low_hedge_stable
2025-08-07,ETH-USD,0.4541002778879975,0.336834936607848,0.6391160234121367,0.05112928187297094,0.04,low_hedge_stable
2025-08-07,GLD,0.009774124602275,-0.029491916846756644,0.0,0.0,0.0,low_hedge_stable
2025-08-07,QQQ,0.0672288854526461,0.024101179662282552,0.04572996572274385,0.03043522146799133,0.1946699363397436,low_hedge_stable
2025-08-07,SPY,0.0247608790540891,-0.010487004906373654,0.0,0.0,0.0,low_hedge_stable
2025-08-07,TLT,0.1931798537194061,0.1660964165860181,0.3151540108651194,0.06690979883197615,0.35,low_hedge_stable
2025-08-07,VIX,-0.2349696980562591,-0.39645373055744426,0.0,0.0,0.0,low_hedge_stable
2025-08-07,CASH,0.0,0.0,0.0,0.0,0.4153300636602564,low_hedge_stable
2025-08-08,BTC-USD,-0.083096115108844,-0.17372521293201246,0.0,0.0,0.0,low_hedge_stable
2025-08-08,DIA,-0.0134186264635248,-0.04353455820954089,0.0,0.0,0.0,low_hedge_stable
2025-08-08,ETH-USD,0.4127312276413726,0.2954658863612232,0.46495367133530374,0.0371962937068243,0.04,low_hedge_stable
2025-08-08,GLD,0.0323969108452332,-0.006869130603798451,0.0,0.0,0.0,low_hedge_stable
2025-08-08,QQQ,0.1583823008634151,0.11525459507305154,0.1813679669671402,0.11925774127426948,0.35,low_hedge_stable
2025-08-08,SPY,0.1228759123357174,0.08762802837525466,0.13789400193272502,0.0906716190337293,0.2924807242334915,low_hedge_stable
2025-08-08,TLT,0.1642087488611155,0.1371253117277275,0.21578435976483107,0.04690812289297662,0.15131219561732726,low_hedge_stable
2025-08-08,VIX,-0.3799782303556772,-0.5414622628568624,0.0,0.0,0.0,low_hedge_stable
2025-08-08,CASH,0.0,0.0,0.0,0.0,0.16620708014918123,low_hedge_stable
2025-08-09,BTC-USD,-0.0797873115874512,-0.17041640941061967,0.0,0.0,0.0,low_hedge_stable
2025-08-09,DIA,-0.0332215794955029,-0.063337511241519,0.0,0.0,0.0,low_hedge_stable
2025-08-09,ETH-USD,0.4570111358258986,0.33974579454574916,0.5538633549336464,0.04430906839469171,0.039999999999999994,low_hedge_stable
2025-08-09,GLD,0.0184743170389853,-0.02079172441004634,0.0,0.0,0.0,low_hedge_stable
2025-08-09,QQQ,0.135388290113251,0.09226058432288743,0.15040585514689003,0.09889873563911449,0.3499999999999999,low_hedge_stable
2025-08-09,SPY,0.1007189457703809,0.06547106180991816,0.10673280590152077,0.0701817063209835,0.26157872541430943,low_hedge_stable
2025-08-09,TLT,0.1430168522541869,0.11593341512079888,0.18899798401794285,0.04108518628751781,0.15313122501390572,low_hedge_stable
2025-08-09,VIX,-0.3548447283685442,-0.5163287608697293,0.0,0.0,0.0,low_hedge_stable
2025-08-09,CASH,0.0,0.0,0.0,0.0,0.1952900495717849,low_hedge_stable
2025-08-10,BTC-USD,0.0347940684343556,-0.055835029388812865,0.0,0.0,0.0,low_hedge_stable
2025-08-10,DIA,-0.0347607536826442,-0.06487668542866029,0.0,0.0,0.0,low_hedge_stable
2025-08-10,ETH-USD,0.4646650691870936,0.3473997279069442,0.6015630826167216,0.04812504660933773,0.04,low_hedge_stable
2025-08-10,GLD,-0.0586217291242081,-0.09788777057323975,0.0,0.0,0.0,low_hedge_stable
2025-08-10,QQQ,0.1248778814930781,0.08175017570271455,0.1415599488130761,0.09309967346707065,0.35,low_hedge_stable
2025-08-10,SPY,0.1052971356288241,0.07004925166836136,0.12129843630707021,0.0797742928486519,0.3021026199647779,low_hedge_stable
2025-08-10,TLT,0.1053793741336378,0.07829593700024978,0.13557853226313196,0.029461983211317308,0.11157156020653676,low_hedge_stable
2025-08-10,VIX,-0.3714542714881285,-0.5329383039893136,0.0,0.0,0.0,low_hedge_stable
2025-08-10,CASH,0.0,0.0,0.0,0.0,0.1963258198286853,low_hedge_stable
2025-08-11,BTC-USD,-0.0523803500373073,-0.14300944786047579,0.0,0.0,0.0,low_hedge_stable
2025-08-11,DIA,-0.0901425214952293,-0.1202584532412454,0.0,0.0,0.0,low_hedge_stable
2025-08-11,ETH-USD,0.5092931907694601,0.3920278494893107,0.7116047585141632,0.05692838068113305,0.04,low_hedge_stable
2025-08-11,GLD,-0.1825113976124938,-0.22177743906152544,0.0,0.0,0.0,low_hedge_stable
2025-08-11,QQQ,0.1167770520156685,0.07364934622530496,0.13368750537406185,0.08772057837410996,0.35,low_hedge_stable
2025-08-11,SPY,0.0723465511483293,0.03709866718786656,0.06734110380119544,0.04418663178180568,0.20143544021176427,low_hedge_stable
2025-08-11,TLT,0.0752143027185963,0.048130865585208286,0.08736663231057946,0.019024509835877914,0.0867278260204721,low_hedge_stable
2025-08-11,VIX,-0.1979019574439337,-0.35938598994511883,0.0,0.0,0.0,low_hedge_stable
2025-08-11,CASH,0.0,0.0,0.0,0.0,0.3218367337677636,low_hedge_stable
2025-08-12,BTC-USD,-0.0057813901302794,-0.09641048795344787,0.0,0.0,0.0,moderate_hedge_uncertain
2025-08-12,DIA,-0.049869870890116,-0.07998580263613209,0.0,0.0,0.0,moderate_hedge_uncertain
2025-08-12,ETH-USD,0.5278352217080824,0.41056988042793297,0.774090161089622,0.061927212887169764,0.04,moderate_hedge_uncertain
2025-08-12,GLD,-0.1223287051389643,-0.16159474658799594,0.0,0.0,0.0,moderate_hedge_uncertain
2025-08-12,QQQ,0.1160898439397444,0.07296213814938086,0.1375631188888715,0.08806200176759571,0.35,moderate_hedge_uncertain
2025-08-12,SPY,0.072058312010813,0.03681042805035026,0.06940253422772742,0.0444285222754729,0.2084614853611502,moderate_hedge_uncertain
2025-08-12,TLT,0.0371312487283682,0.01004781159498018,0.018944185793778975,0.004125188752688464,0.019355651071367854,moderate_hedge_uncertain
2025-08-12,VIX,-0.274263755843844,-0.43574778834502914,0.0,0.0,0.0,moderate_hedge_uncertain
2025-08-12,CASH,0.0,0.0,0.0,0.0,0.38218286356748205,moderate_hedge_uncertain
2025-08-13,BTC-USD,0.0516992158541187,-0.03892988196904977,0.0,0.0,0.0,moderate_hedge_uncertain
2025-08-13,DIA,-0.0134298260683502,-0.043545757814366294,0.0,0.0,0.0,moderate_hedge_uncertain
2025-08-13,ETH-USD,0.5358342773639145,0.4185689360837651,0.9174505431693243,0.07339604345354594,0.04,moderate_hedge_uncertain
2025-08-13,GLD,-0.1393044563065246,-0.17857049775555625,0.0,0.0,0.0,moderate_hedge_uncertain
2025-08-13,QQQ,0.0576420368602453,0.01451433106988175,0.03181359096638156,0.02027780195634317,0.17977638816522845,moderate_hedge_uncertain
2025-08-13,SPY,0.0352949516977512,4.706773728844734e-05,0.00010316656927544979,6.575778454226067e-05,0.0005829871020639358,moderate_hedge_uncertain
2025-08-13,TLT,0.0501836197347882,0.023100182601400183,0.05063269929501868,0.01102551695534637,0.09774864258730077,moderate_hedge_uncertain
2025-08-13,VIX,-0.2843902981785757,-0.44587433067976084,0.0,0.0,0.0,moderate_hedge_uncertain
2025-08-13,CASH,0.0,0.0,0.0,0.0,0.6818919821454069,moderate_hedge_uncertain
2025-08-14,BTC-USD,-0.0378365128516625,-0.12846561067483095,0.0,0.0,0.0,moderate_hedge_uncertain
2025-08-14,DIA,-0.0007985768512214,-0.030914508597237492,0.0,0.0,0.0,moderate_hedge_uncertain
2025-08-14,ETH-USD,0.5416978864475583,0.4244325451674089,0.8217641709067877,0.06574113367254301,0.04,moderate_hedge_uncertain
2025-08-14,GLD,-0.1486132249777771,-0.18787926642680874,0.0,0.0,0.0,moderate_hedge_uncertain
2025-08-14,QQQ,0.1032251958891378,0.060097490098774256,0.11635762781838231,0.07471614997226962,0.35,moderate_hedge_uncertain
2025-08-14,SPY,0.067207323647979,0.03195943968751626,0.06187820127482995,0.03973354435929886,0.20585409381469108,moderate_hedge_uncertain
2025-08-14,TLT,0.0002223489637933,-0.02686108816959472,0.0,0.0,0.0,moderate_hedge_uncertain
2025-08-14,VIX,-0.2401125384346972,-0.40159657093588236,0.0,0.0,0.0,moderate_hedge_uncertain
2025-08-14,CASH,0.0,0.0,0.0,0.0,0.40414590618530893,moderate_hedge_uncertain
2025-08-15,BTC-USD,-0.1349458035569251,-0.22557490138009356,0.0,0.0,0.0,moderate_hedge_uncertain
2025-08-15,DIA,0.0422595584734077,0.012143626727391601,0.0225280848875564,0.01439156649977041,0.06741571359689821,moderate_hedge_uncertain
2025-08-15,ETH-USD,0.5419230046990691,0.42465766341891964,0.7877979210340622,0.06302383368272498,0.04,moderate_hedge_uncertain
2025-08-15,GLD,-0.1389631201897792,-0.17822916163881083,0.0,0.0,0.0,moderate_hedge_uncertain
2025-08-15,QQQ,0.1021313148554416,0.05900360906507805,0.10945974736624545,0.06992592762021776,0.32756033260988227,moderate_hedge_uncertain
2025-08-15,SPY,0.0784868843083852,0.043239000347922454,0.08021424671213594,0.05124308930602187,0.24004262722408704,moderate_hedge_uncertain
2025-08-15,TLT,-0.0514329509729678,-0.07851638810635582,0.0,0.0,0.0,moderate_hedge_uncertain
2025-08-15,VIX,-0.1725753566716344,-0.3340593891728195,0.0,0.0,0.0,moderate_hedge_uncertain
2025-08-15,CASH,0.0,0.0,0.0,0.0,0.3249813265691324,moderate_hedge_uncertain
2025-08-16,BTC-USD,-0.1380559363499215,-0.22868503417308997,0.0,0.0,0.0,moderate_hedge_uncertain
2025-08-16,DIA,0.0514878304093968,0.021371898663380705,0.03792924104841725,0.024230252929947457,0.08420271421072639,moderate_hedge_uncertain
2025-08-16,ETH-USD,0.4914858774229901,0.3742205361428407,0.6641385093665089,0.053131080749320714,0.04,moderate_hedge_uncertain
2025-08-16,GLD,-0.0683407338726521,-0.10760677532168375,0.0,0.0,0.0,moderate_hedge_uncertain
2025-08-16,QQQ,0.1429212140462248,0.09979350825586124,0.17710602550204282,0.11314024944117079,0.35,moderate_hedge_uncertain
2025-08-16,SPY,0.1033295472261512,0.06808166326568846,0.12082622408303118,0.07718714873216588,0.26823357743007636,moderate_hedge_uncertain
2025-08-16,TLT,-0.0177559184217791,-0.04483935555516712,0.0,0.0,0.0,moderate_hedge_uncertain
2025-08-16,VIX,-0.2457083263790354,-0.40719235888022054,0.0,0.0,0.0,moderate_hedge_uncertain
2025-08-16,CASH,0.0,0.0,0.0,0.0,0.25756370835919734,moderate_hedge_uncertain
2025-08-17,BTC-USD,-0.1573189786256864,-0.24794807644885486,0.0,0.0,0.0,moderate_hedge_uncertain
2025-08-17,DIA,0.0547904563851966,0.024674524639180503,0.07192168454566014,0.045954934105051456,0.1979493639341093,moderate_hedge_uncertain
2025-08-17,ETH-USD,0.3768718249448894,0.25960648366473993,0.7567049779956212,0.060536398239649694,0.04,moderate_hedge_uncertain
2025-08-17,GLD,-0.0371503321450829,-0.07641637359411454,0.0,0.0,0.0,moderate_hedge_uncertain
2025-08-17,QQQ,0.0672897826328039,0.024162076842440348,0.07042799381312459,0.045000528495385585,0.19383829322869536,moderate_hedge_uncertain
2025-08-17,SPY,0.069879697504992,0.03463181354452925,0.10094534364559403,0.06449983262697326,0.2778309030577506,moderate_hedge_uncertain
2025-08-17,TLT,0.0194240092229533,-0.007659427910434718,0.0,0.0,0.0,moderate_hedge_uncertain
2025-08-17,VIX,-0.1042920454105027,-0.26577607791168784,0.0,0.0,0.0,moderate_hedge_uncertain
2025-08-17,CASH,0.0,0.0,0.0,0.0,0.29038143977944475,moderate_hedge_uncertain
2025-08-18,BTC-USD,-0.1359332250852916,-0.22656232290846007,0.0,0.0,0.0,moderate_hedge_uncertain
2025-08-18,DIA,0.1025936148374673,0.07247768309145121,0.15744790139371206,0.10122400570094102,0.22221019640867307,moderate_hedge_uncertain
2025-08-18,ETH-USD,0.2949588839341903,0.17769354265404083,0.38601503509419927,0.03088120280753594,0.04,moderate_hedge_uncertain
2025-08-18,GLD,0.0106141314670496,-0.028651909981982047,0.0,0.0,0.0,moderate_hedge_uncertain
2025-08-18,QQQ,0.1447775547638996,0.10164984897353606,0.22082046107457284,0.14196652615142233,0.3116494890823246,moderate_hedge_uncertain
2025-08-18,SPY,0.1437548444193346,0.10850696045887184,0.23571660243751583,0.15154332638119525,0.3326727892895074,moderate_hedge_uncertain
2025-08-18,TLT,-0.0712398092758954,-0.09832324640928342,0.0,0.0,0.0,moderate_hedge_uncertain
2025-08-18,VIX,-0.1762321471511721,-0.33771617965235723,0.0,0.0,0.0,moderate_hedge_uncertain
2025-08-18,CASH,0.0,0.0,0.0,0.0,0.093467525219495,moderate_hedge_uncertain
2025-08-19,BTC-USD,-0.2868715469476834,-0.3775006447708518,0.0,0.0,0.0,moderate_hedge_uncertain
2025-08-19,DIA,0.1567046919863034,0.1265887602402873,0.3045169768378615,0.19186919029718602,0.35,moderate_hedge_uncertain
2025-08-19,ETH-USD,0.2380473255818551,0.12078198430170567,0.29054842346365,0.023243873877092,0.04,moderate_hedge_uncertain
2025-08-19,GLD,0.119988383883206,0.08072234243417435,0.1941825137924236,0.014304309409908806,0.037356994982495825,moderate_hedge_uncertain
2025-08-19,QQQ,0.0247854442269029,-0.01834226156346065,0.0,0.0,0.0,moderate_hedge_uncertain
2025-08-19,SPY,0.1134227823341968,0.07817489837373405,0.18805448186860702,0.11848883284789104,0.3094442805546578,moderate_hedge_uncertain
2025-08-19,TLT,0.0365189096162788,0.009435472482890783,0.022697604037457877,0.004942513862663054,0.012907821012353007,moderate_hedge_uncertain
2025-08-19,VIX,-0.0683853969264993,-0.2298694294276844,0.0,0.0,0.0,moderate_hedge_uncertain
2025-08-19,CASH,0.0,0.0,0.0,0.0,0.25029090345049354,moderate_hedge_uncertain
2025-08-20,BTC-USD,-0.1573184305090643,-0.24794752833223277,0.0,0.0,0.0,moderate_hedge_uncertain
2025-08-20,DIA,0.1491353863073699,0.1190194545613538,0.28195731586772116,0.17853208111033253,0.35,moderate_hedge_uncertain
2025-08-20,ETH-USD,0.3533488211992976,0.23608347991914816,0.5592822162060908,0.044742577296487264,0.04,moderate_hedge_uncertain
2025-08-20,GLD,0.0878077427405517,0.04854170129152005,0.11499538335351961,0.00847104877557608,0.03116706618368952,moderate_hedge_uncertain
2025-08-20,QQQ,-0.0540797317130698,-0.09720743750343334,0.0,0.0,0.0,moderate_hedge_uncertain
2025-08-20,SPY,0.0454370496389516,0.010189165678488848,0.024138153012264532,0.015283996721904456,0.05623357272553242,moderate_hedge_uncertain
2025-08-20,TLT,0.0353683318942965,0.008284894760908483,0.019626931560403973,0.004273859972408285,0.015724579110431562,moderate_hedge_uncertain
2025-08-20,VIX,-0.1445862238705538,-0.3060702563717389,0.0,0.0,0.0,moderate_hedge_uncertain
2025-08-20,CASH,0.0,0.0,0.0,0.0,0.5068747819803466,moderate_hedge_uncertain
2025-08-21,BTC-USD,-0.0901356852556523,-0.18076478307882077,0.0,0.0,0.0,low_hedge_stable
2025-08-21,DIA,0.1590397495186159,0.1289238177725998,0.3320978603069478,0.23037356657946934,0.35,low_hedge_stable
2025-08-21,ETH-USD,0.2984845183963506,0.18121917711620114,0.4668066925618673,0.037344535404949385,0.04,low_hedge_stable
2025-08-21,GLD,-0.0180753100136885,-0.057341351462720146,0.0,0.0,0.0,low_hedge_stable
2025-08-21,QQQ,0.0461882143772171,0.003060508586853553,0.007883635240602677,0.0054688132176178164,0.012810744363235987,low_hedge_stable
2025-08-21,SPY,0.1102547039522329,0.07500681999177015,0.1932118118905823,0.13402945194941912,0.31396520190838634,low_hedge_stable
2025-08-21,TLT,-0.0413116760364418,-0.06839511316982982,0.0,0.0,0.0,low_hedge_stable
2025-08-21,VIX,-0.171935214140514,-0.3334192466416991,0.0,0.0,0.0,low_hedge_stable
2025-08-21,CASH,0.0,0.0,0.0,0.0,0.28322405372837767,low_hedge_stable
2025-08-22,BTC-USD,-0.019214198772514,-0.10984329659568247,0.0,0.0,0.0,low_hedge_stable
2025-08-22,DIA,0.1707430084187699,0.14062707667275381,0.24079898624409798,0.15910704355602184,0.35,low_hedge_stable
2025-08-22,ETH-USD,0.4668357286359927,0.3495703873558432,0.5985774353549699,0.047886194828397594,0.04,low_hedge_stable
2025-08-22,GLD,-0.0121356076916784,-0.05140164914071005,0.0,0.0,0.0,low_hedge_stable
2025-08-22,QQQ,0.054678163968618,0.01155045817825445,0.019778115891940465,0.013068317253981582,0.039604628308172046,low_hedge_stable
2025-08-22,SPY,0.1175019082161272,0.08225402425566446,0.1408454625089917,0.09306312076982609,0.2820355701239607,low_hedge_stable
2025-08-22,TLT,-0.0297292972056136,-0.05681273433900162,0.0,0.0,0.0,low_hedge_stable
2025-08-22,VIX,-0.3695039535676247,-0.5309879860688099,0.0,0.0,0.0,low_hedge_stable
2025-08-22,CASH,0.0,0.0,0.0,0.0,0.2883598015678672,low_hedge_stable
2025-08-23,BTC-USD,-0.0510162937314477,-0.14164539155461617,0.0,0.0,0.0,low_hedge_stable
2025-08-23,DIA,0.1738566540253834,0.1437407222793673,0.24190580454405397,0.15983836974507118,0.35,low_hedge_stable
2025-08-23,ETH-USD,0.4647093756926453,0.34744403441249583,0.5847245467101095,0.046777963736808766,0.04,low_hedge_stable
2025-08-23,GLD,-0.0063956386147256,-0.045661680063757246,0.0,0.0,0.0,low_hedge_stable
2025-08-23,QQQ,0.0599484572900209,0.01682075149965735,0.028308174329692286,0.018704521968150128,0.05526569388324549,low_hedge_stable
2025-08-23,SPY,0.1214435878907058,0.08619570393024306,0.14506147441614417,0.09584883515794394,0.283201698066624,low_hedge_stable
2025-08-23,TLT,-0.0274036357680835,-0.05448707290147152,0.0,0.0,0.0,low_hedge_stable
2025-08-23,VIX,-0.3562388680231083,-0.5177229005242935,0.0,0.0,0.0,low_hedge_stable
2025-08-23,CASH,0.0,0.0,0.0,0.0,0.2715326080501306,low_hedge_stable
2025-08-24,BTC-USD,-0.0756509877645569,-0.16628008558772536,0.0,0.0,0.0,low_hedge_stable
2025-08-24,DIA,0.1578535900036278,0.1277376582576117,0.22824146898745892,0.15812983722435836,0.35,low_hedge_stable
2025-08-24,ETH-USD,0.4772304536384704,0.35996511235832096,0.643185158938853,0.05145481271510824,0.04,low_hedge_stable
2025-08-24,GLD,-0.0138117844289328,-0.053077825877964446,0.0,0.0,0.0,low_hedge_stable
2025-08-24,QQQ,0.0448541452556459,0.0017264394652823484,0.0030847996201659325,0.002137205232557473,0.006825146910079736,low_hedge_stable
2025-08-24,SPY,0.1054788391607394,0.07023095520027665,0.12548857245352216,0.08694076332238682,0.2776445954325563,low_hedge_stable
2025-08-24,TLT,-0.0493201958543702,-0.07640363298775821,0.0,0.0,0.0,low_hedge_stable
2025-08-24,VIX,-0.3295893434911518,-0.49107337599233697,0.0,0.0,0.0,low_hedge_stable
2025-08-24,CASH,0.0,0.0,0.0,0.0,0.32553025765736404,low_hedge_stable
2025-08-25,BTC-USD,-0.1535275055982325,-0.24415660342140097,0.0,0.0,0.0,low_hedge_stable
2025-08-25,DIA,0.1940681770652307,0.1639522453192146,0.25180600665036673,0.1748453315349465,0.35,low_hedge_stable
2025-08-25,ETH-USD,0.3762049428479817,0.25893960156783224,0.3976923091689515,0.03181538473351612,0.04,low_hedge_stable
2025-08-25,GLD,0.0250339002053146,-0.014232141243717043,0.0,0.0,0.0,low_hedge_stable
2025-08-25,QQQ,0.1290035155463566,0.08587580975599306,0.13189233657899138,0.09158145043018144,0.19413866125322746,low_hedge_stable
2025-08-25,SPY,0.1775856060181887,0.14233772205772593,0.2186093476016903,0.15179472629153118,0.32178159233243725,low_hedge_stable
2025-08-25,TLT,-0.0343814411594369,-0.06146487829282492,0.0,0.0,0.0,low_hedge_stable
2025-08-25,VIX,-0.3458890333338988,-0.507373065835084,0.0,0.0,0.0,low_hedge_stable
2025-08-25,CASH,0.0,0.0,0.0,0.0,0.09407974641433532,low_hedge_stable
2025-08-26,BTC-USD,-0.0993225560919776,-0.18995165391514607,0.0,0.0,0.0,low_hedge_stable
2025-08-26,DIA,0.1693430198742894,0.1392270881282733,0.23056720486447382,0.16167797105980825,0.35,low_hedge_stable
2025-08-26,ETH-USD,0.4539774023413396,0.3367120610611901,0.5576124575090434,0.044608996600723476,0.04,low_hedge_stable
2025-08-26,GLD,0.0288808855274159,-0.010385155921615742,0.0,0.0,0.0,low_hedge_stable
2025-08-26,QQQ,0.0684572373212083,0.02532953153084475,0.04194700445227117,0.029414012178645765,0.07917150043117512,low_hedge_stable
2025-08-26,SPY,0.1378252194596348,0.10257733549917206,0.16987333317421144,0.11911831025976556,0.32062186194845305,low_hedge_stable
2025-08-26,TLT,-0.0588027552940006,-0.08588619242738862,0.0,0.0,0.0,low_hedge_stable
2025-08-26,VIX,-0.3360617417990912,-0.49754577430027636,0.0,0.0,0.0,low_hedge_stable
2025-08-26,CASH,0.0,0.0,0.0,0.0,0.21020663762037198,low_hedge_stable
2025-08-27,BTC-USD,-0.2068952536693712,-0.29752435149253964,0.0,0.0,0.0,low_hedge_stable
2025-08-27,DIA,0.2231625692540751,0.193046637508059,0.400826640705124,0.2812441158798289,0.35,low_hedge_stable
2025-08-27,ETH-USD,0.2425327145855306,0.12526737330538118,0.2600951825946959,0.020807614607575672,0.036804862907374294,low_hedge_stable
2025-08-27,GLD,0.0334900110845582,-0.005776030364473447,0.0,0.0,0.0,low_hedge_stable
2025-08-27,QQQ,0.0738214703845826,0.030693764594219058,0.06373008466610094,0.04471686633736037,0.07909595435291866,low_hedge_stable
2025-08-27,SPY,0.1678613829482785,0.13261349898781571,0.2753480920340791,0.19320080762868408,0.3417368772189209,low_hedge_stable
2025-08-27,TLT,-0.0299543039270483,-0.05703774106043632,0.0,0.0,0.0,low_hedge_stable
2025-08-27,VIX,-0.1689948885608296,-0.3304789210620147,0.0,0.0,0.0,low_hedge_stable
2025-08-27,CASH,0.0,0.0,0.0,0.0,0.1923623055207861,low_hedge_stable
2025-08-28,BTC-USD,-0.2006414599142117,-0.29127055773738014,0.0,0.0,0.0,low_hedge_stable
2025-08-28,DIA,0.2436310356771692,0.2135151039311531,0.42193113565095314,0.2976110820600456,0.35,low_hedge_stable
2025-08-28,ETH-USD,0.232246772095306,0.11498143081515658,0.22721692652831574,0.01817735412226526,0.032673919020454745,low_hedge_stable
2025-08-28,GLD,0.0641733899430962,0.02490734849406455,0.04921987083191711,0.0031142577117355434,0.005597899650171591,low_hedge_stable
2025-08-28,QQQ,0.061699126330652,0.018571420540288448,0.03669932672183218,0.025886040193997588,0.04653033523855398,low_hedge_stable
2025-08-28,SPY,0.1693151209886056,0.13406723702814283,0.2649327402669818,0.18687153623385688,0.33590287129049484,low_hedge_stable
2025-08-28,TLT,0.0041311400896022,-0.02295229704378582,0.0,0.0,0.0,low_hedge_stable
2025-08-28,VIX,-0.1906140746017774,-0.3520981071029625,0.0,0.0,0.0,low_hedge_stable
2025-08-28,CASH,0.0,0.0,0.0,0.0,0.22929497480032476,low_hedge_stable
2025-08-29,BTC-USD,-0.3306772340806009,-0.4213063319037693,0.0,0.0,0.0,low_hedge_stable
2025-08-29,DIA,0.2787785648514629,0.24866263310544684,0.5165248133315382,0.36185078356389133,0.35,low_hedge_stable
2025-08-29,ETH-USD,0.1122473652128502,-0.005017976067299242,0.0,0.0,0.0,low_hedge_stable
2025-08-29,GLD,0.1697784026292851,0.13051236118025344,0.2711017419633849,0.01743303430985046,0.031525665897835,low_hedge_stable
2025-08-29,QQQ,-0.0193741161314141,-0.06250182192177765,0.0,0.0,0.0,low_hedge_stable
2025-08-29,SPY,0.1374875800970781,0.10223969613661535,0.21237344470507685,0.14877793939662923,0.26904803415296613,low_hedge_stable
2025-08-29,TLT,-0.0277554568035026,-0.05483889393689062,0.0,0.0,0.0,low_hedge_stable
2025-08-29,VIX,-0.0047219175215168,-0.16620595002270191,0.0,0.0,0.0,low_hedge_stable
2025-08-29,CASH,0.0,0.0,0.0,0.0,0.34942629994919894,low_hedge_stable
2025-08-30,BTC-USD,-0.3650310663569295,-0.4556601641800979,0.0,0.0,0.0,low_hedge_stable
2025-08-30,DIA,0.249868918037088,0.2197529862910719,0.41784346755144236,0.2927196950080636,0.35,low_hedge_stable
2025-08-30,ETH-USD,0.1844806030976302,0.06721526181748078,0.12780467079975824,0.010224373663980659,0.022765577030277994,low_hedge_stable
2025-08-30,GLD,0.1982726526984743,0.15900661124944265,0.3023388893567478,0.019441720401265527,0.04328890922241776,low_hedge_stable
2025-08-30,QQQ,-0.0354778121120585,-0.07860551790242205,0.0,0.0,0.0,low_hedge_stable
2025-08-30,SPY,0.1151948191415127,0.07994693518104995,0.1520129722920516,0.1064924890350723,0.2371160368301813,low_hedge_stable
2025-08-30,TLT,-0.0514834481078159,-0.07856688524120392,0.0,0.0,0.0,low_hedge_stable
2025-08-30,VIX,0.0010522684252222,-0.1604317640759629,0.0,0.0,0.0,low_hedge_stable
2025-08-30,CASH,0.0,0.0,0.0,0.0,0.34682947691712296,low_hedge_stable
2025-08-31,BTC-USD,-0.3142721812623118,-0.40490127908548024,0.0,0.0,0.0,low_hedge_stable
2025-08-31,DIA,0.2573002456964499,0.2271843139504338,0.40692083438644105,0.2856269653091548,0.35,low_hedge_stable
2025-08-31,ETH-USD,0.1428856345424466,0.02562029326229716,0.04588974885736985,0.0036711799085895882,0.00804546650635305,low_hedge_stable
2025-08-31,GLD,0.2471655431735601,0.20789950172452845,0.37237887263963065,0.023835728115924208,0.05223648989866063,low_hedge_stable
2025-08-31,QQQ,0.0141177617122882,-0.02900994407807535,0.0,0.0,0.0,low_hedge_stable
2025-08-31,SPY,0.1328447877815802,0.09759690382111746,0.17481054411655836,0.1227034867736387,0.2689072226452978,low_hedge_stable
2025-08-31,TLT,-0.0010549642165481,-0.02813840134993612,0.0,0.0,0.0,low_hedge_stable
2025-08-31,VIX,-0.1185509159669373,-0.28003494846812244,0.0,0.0,0.0,low_hedge_stable
2025-08-31,CASH,0.0,0.0,0.0,0.0,0.3208108209496886,low_hedge_stable
2025-09-01,BTC-USD,-0.2886855373777112,-0.3793146352008796,0.0,0.0,0.0,low_hedge_stable
2025-09-01,DIA,0.2244749251024731,0.194358993356457,0.3743738025774987,0.26406629476953936,0.35,low_hedge_stable
2025-09-01,ETH-USD,-0.0409212162836441,-0.15818655756379352,0.0,0.0,0.0,low_hedge_stable
2025-09-01,GLD,0.2853937608761328,0.24612771942710115,0.4740905921068373,0.029996834504407086,0.07578626438554324,low_hedge_stable
2025-09-01,QQQ,-0.0361474226255633,-0.07927512841592686,0.0,0.0,0.0,low_hedge_stable
2025-09-01,SPY,0.0911919143196273,0.05594403035916455,0.10775925011434857,0.07600848592750967,0.19203356971552388,low_hedge_stable
2025-09-01,TLT,0.0498102632926011,0.02272682615921308,0.04377635520131544,0.008187754056563036,0.020686159186674335,low_hedge_stable
2025-09-01,VIX,0.0484863564265298,-0.11299767607465533,0.0,0.0,0.0,low_hedge_stable
2025-09-01,CASH,0.0,0.0,0.0,0.0,0.3614940067122585,low_hedge_stable
2025-09-02,BTC-USD,-0.209536354850634,-0.3001654526738024,0.0,0.0,0.0,low_hedge_stable
2025-09-02,DIA,0.0709560963994839,0.040840164653467806,0.1432891990598838,0.10106883293112595,0.35,low_hedge_stable
2025-09-02,ETH-USD,0.014401610100244,-0.10286373117990544,0.0,0.0,0.0,low_hedge_stable
2025-09-02,GLD,0.2429998663104053,0.20373382486137365,0.714807514452909,0.04522885762646958,0.2817829174474617,low_hedge_stable
2025-09-02,QQQ,-0.0839480317053264,-0.12707573749568993,0.0,0.0,0.0,low_hedge_stable
2025-09-02,SPY,-0.0085627801392163,-0.043810664099679056,0.0,0.0,0.0,low_hedge_stable
2025-09-02,TLT,-0.0446941194569435,-0.07177755659033153,0.0,0.0,0.0,low_hedge_stable
2025-09-02,VIX,0.2019291855415322,0.04044515304034708,0.14190328648720724,0.0070951643243603625,0.044203992937406185,low_hedge_stable
2025-09-02,CASH,0.0,0.0,0.0,0.0,0.32401308961513214,low_hedge_stable
2025-09-03,BTC-USD,-0.1736602313949949,-0.26428932921816334,0.0,0.0,0.0,low_hedge_stable
2025-09-03,DIA,-0.0021189021078223,-0.03223483385383839,0.0,0.0,0.0,low_hedge_stable
2025-09-03,ETH-USD,0.0886811492348604,-0.028584192045289045,0.0,0.0,0.0,low_hedge_stable
2025-09-03,GLD,0.3446849854558921,0.3054189440068605,1.0,0.0632742520609562,0.35,low_hedge_stable
2025-09-03,QQQ,-0.1231415010962401,-0.16626920688660363,0.0,0.0,0.0,low_hedge_stable
2025-09-03,SPY,-0.0522968128396357,-0.08754469680009845,0.0,0.0,0.0,low_hedge_stable
2025-09-03,TLT,-0.0174263927546369,-0.04450982988802492,0.0,0.0,0.0,low_hedge_stable
2025-09-03,VIX,0.1279324984424611,-0.03355153405872401,0.0,0.0,0.0,low_hedge_stable
2025-09-03,CASH,0.0,0.0,0.0,0.0,0.65,low_hedge_stable
2025-09-04,BTC-USD,-0.1955649014478538,-0.28619399927102224,0.0,0.0,0.0,low_hedge_stable
2025-09-04,DIA,0.1171504091772796,0.08703447743126351,0.13419336814727736,0.09336740487499479,0.35,low_hedge_stable
2025-09-04,ETH-USD,-0.0340153669434089,-0.15128070822355832,0.0,0.0,0.0,low_hedge_stable
2025-09-04,GLD,0.4438211782932055,0.4045551368441739,0.6237598939716443,0.04075125106718352,0.17690813999063892,low_hedge_stable
2025-09-04,QQQ,0.0074683224017697,-0.03565938338859385,0.0,0.0,0.0,low_hedge_stable
2025-09-04,SPY,0.0854982967600015,0.05025041279953875,0.07747817121883381,0.053906805388652085,0.23401864787958523,low_hedge_stable
2025-09-04,TLT,0.1338185120391824,0.1067350749057944,0.16456856666224437,0.031781591938193,0.13796931795929268,low_hedge_stable
2025-09-04,VIX,-0.1303512286980015,-0.2918352611991866,0.0,0.0,0.0,low_hedge_stable
2025-09-04,CASH,0.0,0.0,0.0,0.0,0.10110389417048321,low_hedge_stable
2025-09-05,BTC-USD,-0.1933975414413072,-0.28402663926447563,0.0,0.0,0.0,low_hedge_stable
2025-09-05,DIA,0.0613910716371582,0.031275139891142105,0.046439696611312566,0.03221385507493376,0.2166111854099192,low_hedge_stable
2025-09-05,ETH-USD,-0.0042262774815866,-0.12149161876173603,0.0,0.0,0.0,low_hedge_stable
2025-09-05,GLD,0.4661761501007013,0.4269101086516697,0.6339084651608903,0.04169939524000694,0.2803934956807779,low_hedge_stable
2025-09-05,QQQ,0.0080713845888809,-0.035056321201482644,0.0,0.0,0.0,low_hedge_stable
2025-09-05,SPY,0.0430612020026979,0.007813318042235146,0.011601806440260317,0.008047832749685478,0.05411493246725999,low_hedge_stable
2025-09-05,TLT,0.2345418948890983,0.20745845775571028,0.3080500317875369,0.05990117358505633,0.35,low_hedge_stable
2025-09-05,VIX,-0.1744694131575054,-0.3359534456586905,0.0,0.0,0.0,low_hedge_stable
2025-09-05,CASH,0.0,0.0,0.0,0.0,0.09888038644204297,low_hedge_stable
2025-09-06,BTC-USD,-0.2269393535624293,-0.31756845138559775,0.0,0.0,0.0,low_hedge_stable
2025-09-06,DIA,0.0641312835846217,0.0340153518386056,0.04826656538364174,0.033481112425025654,0.21583527975170366,low_hedge_stable
2025-09-06,ETH-USD,-0.0098432733137653,-0.12710861459391473,0.0,0.0,0.0,low_hedge_stable
2025-09-06,GLD,0.4782039950819325,0.4389379536329009,0.622837227699621,0.040971066745711396,0.26411911111342257,low_hedge_stable
2025-09-06,QQQ,0.0173255251370774,-0.025802180653286152,0.0,0.0,0.0,low_hedge_stable
2025-09-06,SPY,0.0487522159181741,0.013504331957711349,0.019162163145980182,0.013292235183874996,0.08568811164388605,low_hedge_stable
2025-09-06,TLT,0.2453652309903646,0.2182817938569766,0.3097340437707571,0.06022859695333586,0.3499999999999999,low_hedge_stable
2025-09-06,VIX,-0.1698481000887798,-0.3313321325899649,0.0,0.0,0.0,low_hedge_stable
2025-09-06,CASH,0.0,0.0,0.0,0.0,0.08435749749098775,low_hedge_stable
2025-09-07,BTC-USD,-0.2324031951514586,-0.32303229297462704,0.0,0.0,0.0,low_hedge_stable
2025-09-07,DIA,0.0924245690073113,0.06230863726129521,0.09401047831358547,0.06521573739940244,0.33520922623437405,low_hedge_stable
2025-09-07,ETH-USD,0.0980784142484773,-0.019186927031672144,0.0,0.0,0.0,low_hedge_stable
2025-09-07,GLD,0.4135573865645339,0.37429134511550227,0.5647260143948175,0.03714404360352827,0.19092057549392438,low_hedge_stable
2025-09-07,QQQ,0.0084015628499229,-0.034726142940440644,0.0,0.0,0.0,low_hedge_stable
2025-09-07,SPY,0.057647828962103,0.022399945001640248,0.03379675172434407,0.023445047030349088,0.12050766252845954,low_hedge_stable
2025-09-07,TLT,0.2308674714901069,0.20378403435671888,0.30746675556725284,0.05978065126741746,0.30727285551357686,low_hedge_stable
2025-09-07,VIX,-0.2246542482805205,-0.38613828078170565,0.0,0.0,0.0,low_hedge_stable
2025-09-07,CASH,0.0,0.0,0.0,0.0,0.0460896802296652,low_hedge_stable
2025-09-08,BTC-USD,-0.1564910451384734,-0.24712014296164186,0.0,0.0,0.0,low_hedge_stable
2025-09-08,DIA,0.063784769502562,0.0336688377565459,0.04876401790539108,0.0341383119055822,0.19063347557536886,low_hedge_stable
2025-09-08,ETH-USD,0.1530565021059039,0.03579116082575448,0.05183786918877228,0.004147029535101782,0.023157637547417464,low_hedge_stable
2025-09-08,GLD,0.4285611370537258,0.38929509560469416,0.5638327390394533,0.03631467128682742,0.2027865941623484,low_hedge_stable
2025-09-08,QQQ,0.0645928736798172,0.021465167889453646,0.031088920825609382,0.02176447556088829,0.12153610968587089,low_hedge_stable
2025-09-08,SPY,0.057819861908303,0.02257197794784025,0.03269196117690686,0.022886718843137952,0.1278028852056464,low_hedge_stable
2025-09-08,TLT,0.2147354878537238,0.18765205072033578,0.27178449186386705,0.051744905104767216,0.28895134389543253,low_hedge_stable
2025-09-08,VIX,-0.3279825133032676,-0.48946654580445276,0.0,0.0,0.0,low_hedge_stable
2025-09-08,CASH,0.0,0.0,0.0,0.0,0.045131953927915525,low_hedge_stable
2025-09-09,BTC-USD,-0.1897924488597348,-0.28042154668290326,0.0,0.0,0.0,low_hedge_stable
2025-09-09,DIA,0.0894634285430923,0.05934749679707621,0.07237113813906937,0.050816391864165374,0.19423670160313658,low_hedge_stable
2025-09-09,ETH-USD,0.0618436399908982,-0.05542170128925124,0.0,0.0,0.0,low_hedge_stable
2025-09-09,GLD,0.4566714930776026,0.41740545162857096,0.509003904631411,0.032554654767154106,0.12443443014811724,low_hedge_stable
2025-09-09,QQQ,0.1327412261698843,0.08961352037952074,0.10927895551669017,0.07673172439780887,0.2932934926822575,low_hedge_stable
2025-09-09,SPY,0.0852840126871168,0.050036128726654056,0.06101641652052521,0.042843517620186136,0.1637617950102664,low_hedge_stable
2025-09-09,TLT,0.2307245520969153,0.2036411149635273,0.24832958519230428,0.046949561774299896,0.1794564251064718,low_hedge_stable
2025-09-09,VIX,-0.3318299367931142,-0.4933139692942993,0.0,0.0,0.0,low_hedge_stable
2025-09-09,CASH,0.0,0.0,0.0,0.0,0.0448171554497505,low_hedge_stable
2025-09-10,BTC-USD,0.0232868155867068,-0.06734228223646166,0.0,0.0,0.0,low_hedge_stable
2025-09-10,DIA,-0.0070357907216542,-0.03715172246767029,0.0,0.0,0.0,low_hedge_stable
2025-09-10,ETH-USD,0.1230503617737902,0.005785020493640756,0.01087017330297438,0.0008696138642379504,0.004201230244341387,low_hedge_stable
2025-09-10,GLD,0.3453198642927228,0.3060538228436912,0.5750814708445418,0.03638676566234613,0.17578972309551633,low_hedge_stable
2025-09-10,QQQ,0.0811241928198312,0.03799648702946766,0.07139618595449358,0.050359630659956606,0.24329465309051168,low_hedge_stable
2025-09-10,SPY,0.082590702961874,0.047342819001411254,0.08895813727235631,0.0627470344156616,0.3031399907139418,low_hedge_stable
2025-09-10,TLT,0.1620974002918297,0.1350139631584417,0.25369403262563406,0.0474499146132301,0.22923739439137036,low_hedge_stable
2025-09-10,VIX,-0.3129889315489885,-0.47447296405017364,0.0,0.0,0.0,low_hedge_stable
2025-09-10,CASH,0.0,0.0,0.0,0.0,0.0443370084643184,low_hedge_stable
2025-09-11,BTC-USD,-0.0734350178465142,-0.16406411566968268,0.0,0.0,0.0,low_hedge_stable
2025-09-11,DIA,0.0755466421045961,0.04543071035858001,0.07514105780559482,0.053001093385311455,0.17512568660399655,low_hedge_stable
2025-09-11,ETH-USD,-0.0098291426044502,-0.12709448388459962,0.0,0.0,0.0,low_hedge_stable
2025-09-11,GLD,0.3020854867869647,0.26281944533793306,0.43469562722437827,0.02750422108036198,0.09087917425004274,low_hedge_stable
2025-09-11,QQQ,0.095822119638175,0.052694413847811455,0.0871550095897311,0.06147518995825356,0.20312571237509391,low_hedge_stable
2025-09-11,SPY,0.1190824877415875,0.08383460378112476,0.13865996721393836,0.09780445053254191,0.3231644945118214,low_hedge_stable
2025-09-11,TLT,0.1869099439158563,0.1598265067824683,0.2643483381663574,0.049442653185179875,0.16336792382055915,low_hedge_stable
2025-09-11,VIX,-0.2112810003867847,-0.37276503288796986,0.0,0.0,0.0,low_hedge_stable
2025-09-11,CASH,0.0,0.0,0.0,0.0,0.04433700843848609,low_hedge_stable
2025-09-12,BTC-USD,-0.1019184963578053,-0.19254759418097375,0.0,0.0,0.0,low_hedge_stable
2025-09-12,DIA,-0.0257242430416918,-0.05584017478770789,0.0,0.0,0.0,low_hedge_stable
2025-09-12,ETH-USD,0.109762581989422,-0.007502759290727439,0.0,0.0,0.0,low_hedge_stable
2025-09-12,GLD,0.3693080698584365,0.3300420284094049,0.6100060243443849,0.03859652479246583,0.1731492625396578,low_hedge_stable
2025-09-12,QQQ,0.1035447308826977,0.06041702509233415,0.1116668366659435,0.0787647207941558,0.35,low_hedge_stable
2025-09-12,SPY,0.0807675111359538,0.04551962717549106,0.08413245712002376,0.05934321856549894,0.26622175407231563,low_hedge_stable
2025-09-12,TLT,0.1321519186774221,0.10506848154403409,0.1941946818696477,0.036321394613282876,0.16294271894990575,low_hedge_stable
2025-09-12,VIX,-0.1947156445909654,-0.3561996770921505,0.0,0.0,0.0,low_hedge_stable
2025-09-12,CASH,0.0,0.0,0.0,0.0,0.047686264438120886,low_hedge_stable
2025-09-13,BTC-USD,-0.0461449644160667,-0.13677406223923516,0.0,0.0,0.0,low_hedge_stable
2025-09-13,DIA,-0.0182564599257721,-0.048372391671788195,0.0,0.0,0.0,low_hedge_stable
2025-09-13,ETH-USD,0.0780548320421969,-0.03921050923795254,0.0,0.0,0.0,low_hedge_stable
2025-09-13,GLD,0.3537819260649795,0.31451588461594787,0.6118318596737393,0.03871204971435066,0.16511701688484012,low_hedge_stable
2025-09-13,QQQ,0.1028238117821881,0.05969610599182455,0.11612761494974325,0.08191115143163898,0.34937248411780436,low_hedge_stable
2025-09-13,SPY,0.0873684300983241,0.05212054613786135,0.10139077938679628,0.07151645616521062,0.3050363901500554,low_hedge_stable
2025-09-13,TLT,0.1148069758325082,0.0877235386991202,0.17064974598972116,0.031917644216819835,0.13613710041086516,low_hedge_stable
2025-09-13,VIX,-0.1985390359858939,-0.360023068487079,0.0,0.0,0.0,low_hedge_stable
2025-09-13,CASH,0.0,0.0,0.0,0.0,0.0443370084364349,low_hedge_stable
2025-09-14,BTC-USD,0.0191371148204571,-0.07149198300271137,0.0,0.0,0.0,low_hedge_stable
2025-09-14,DIA,-0.0348980606523019,-0.065013992398318,0.0,0.0,0.0,low_hedge_stable
2025-09-14,ETH-USD,0.2653590151338811,0.14809367385373168,0.24824396205661783,0.019859516964529426,0.04,low_hedge_stable
2025-09-14,GLD,0.3571072972578001,0.3178412558087685,0.5327855714144099,0.03371060398627809,0.22098622831600745,low_hedge_stable
2025-09-14,QQQ,0.0698196893173255,0.026691983526961952,0.04474278727413747,0.03155953237714705,0.20688511040269422,low_hedge_stable
2025-09-14,SPY,0.0675510532885202,0.03230316932805745,0.05414861102644412,0.03819397375483574,0.2503764752455153,low_hedge_stable
2025-09-14,TLT,0.0987184135475152,0.0716349764141272,0.12007906822839082,0.02245910742714153,0.1472282562391433,low_hedge_stable
2025-09-14,VIX,-0.3564131993912121,-0.5178972318923972,0.0,0.0,0.0,low_hedge_stable
2025-09-14,CASH,0.0,0.0,0.0,0.0,0.13452392979663988,low_hedge_stable
2025-09-15,BTC-USD,-0.1144567998247884,-0.20508589764795687,0.0,0.0,0.0,low_hedge_stable
2025-09-15,DIA,-0.0483219190750487,-0.0784378508210648,0.0,0.0,0.0,low_hedge_stable
2025-09-15,ETH-USD,0.0660920261376934,-0.051173315142456044,0.0,0.0,0.0,low_hedge_stable
2025-09-15,GLD,0.3384504787788122,0.29918443732978056,0.6757367913128959,0.04275546597561105,0.17830020532095653,low_hedge_stable
2025-09-15,QQQ,0.1173043478411534,0.07417664205078985,0.1675350714666891,0.11817163914857348,0.35,low_hedge_stable
2025-09-15,SPY,0.0684955523662148,0.03324766840575205,0.07509305285947679,0.052967232874814696,0.2208856407330363,low_hedge_stable
2025-09-15,TLT,0.0632276090874457,0.036144171954057676,0.0816350843609383,0.015268698837658834,0.06367401396797694,low_hedge_stable
2025-09-15,VIX,-0.0673430524637798,-0.2288270849649649,0.0,0.0,0.0,low_hedge_stable
2025-09-15,CASH,0.0,0.0,0.0,0.0,0.18714013997803042,low_hedge_stable
2025-09-16,BTC-USD,-0.0675050583199521,-0.15813415614312057,0.0,0.0,0.0,low_hedge_stable
2025-09-16,DIA,-0.1128534349992499,-0.142969366745266,0.0,0.0,0.0,low_hedge_stable
2025-09-16,ETH-USD,-0.016112826750435,-0.13337816803058444,0.0,0.0,0.0,low_hedge_stable
2025-09-16,GLD,0.3397872000399973,0.3005211585909657,0.7864962170840142,0.04976347696595201,0.35,low_hedge_stable
2025-09-16,QQQ,0.0531520305061586,0.010024324715795048,0.02623473669794245,0.01850479312232695,0.1712034667842373,low_hedge_stable
2025-09-16,SPY,0.0112409867745578,-0.024006897185904954,0.0,0.0,0.0,low_hedge_stable
2025-09-16,TLT,0.098639166856192,0.071555729722804,0.18726904621804338,0.03502605149128804,0.3240555786509467,low_hedge_stable
2025-09-16,VIX,0.0655370997064374,-0.09594693279474772,0.0,0.0,0.0,low_hedge_stable
2025-09-16,CASH,0.0,0.0,0.0,0.0,0.1547409545648159,low_hedge_stable
2025-09-17,BTC-USD,-0.0954778641856153,-0.18610696200878377,0.0,0.0,0.0,low_hedge_stable
2025-09-17,DIA,-0.0477287447232835,-0.0778446764692996,0.0,0.0,0.0,low_hedge_stable
2025-09-17,ETH-USD,-0.0259850779555203,-0.14325041923566972,0.0,0.0,0.0,low_hedge_stable
2025-09-17,GLD,0.3400923448694521,0.3008263034204205,0.7840110279464971,0.04960623316783223,0.35,low_hedge_stable
2025-09-17,QQQ,0.0379024079042103,-0.0052252978861532465,0.0,0.0,0.0,low_hedge_stable
2025-09-17,SPY,0.0105904219157283,-0.024657462044734454,0.0,0.0,0.0,low_hedge_stable
2025-09-17,TLT,0.109958756135745,0.08287531900235698,0.21598897205350281,0.04039771125811152,0.35,low_hedge_stable
2025-09-17,VIX,0.0579557301149321,-0.10352830238625302,0.0,0.0,0.0,low_hedge_stable
2025-09-17,CASH,0.0,0.0,0.0,0.0,0.3,low_hedge_stable
2025-09-18,BTC-USD,0.1608625850504282,0.07023348722725972,0.1787195906651057,0.014297567253208457,0.03824288988576478,low_hedge_stable
2025-09-18,DIA,-0.0752543456890883,-0.1053702774351044,0.0,0.0,0.0,low_hedge_stable
2025-09-18,ETH-USD,0.08036018492117,-0.03690515635897944,0.0,0.0,0.0,low_hedge_stable
2025-09-18,GLD,0.183894887191995,0.14462884574296336,0.3680296839869392,0.023286109079810748,0.062285288793257496,low_hedge_stable
2025-09-18,QQQ,0.1972886857220605,0.15416097993169695,0.3922856221103436,0.2767004817160534,0.35,low_hedge_stable
2025-09-18,SPY,0.059206039770985,0.02395815581052225,0.06096510323761153,0.043002018128951554,0.1150210672240143,low_hedge_stable
2025-09-18,TLT,-0.0230040774738618,-0.05008751460724982,0.0,0.0,0.0,low_hedge_stable
2025-09-18,VIX,-0.1676157085490323,-0.3290997410502174,0.0,0.0,0.0,low_hedge_stable
2025-09-18,CASH,0.0,0.0,0.0,0.0,0.43445075409696343,low_hedge_stable
2025-09-19,BTC-USD,0.0507828117046656,-0.03984628611850287,0.0,0.0,0.0,low_hedge_stable
2025-09-19,DIA,0.0109914352268711,-0.019124496519144992,0.0,0.0,0.0,low_hedge_stable
2025-09-19,ETH-USD,-0.0657237247878591,-0.18298906606800852,0.0,0.0,0.0,low_hedge_stable
2025-09-19,GLD,0.3131431032140813,0.27387706176504967,0.4227243664923618,0.026746771081551882,0.058905471561367294,low_hedge_stable
2025-09-19,QQQ,0.29936305878543,0.25623535299506645,0.3954947032428286,0.27896402196643505,0.35,low_hedge_stable
2025-09-19,SPY,0.1530211447709276,0.11777326081046485,0.18178093026480963,0.12822002167835828,0.2823840237591103,low_hedge_stable
2025-09-19,TLT,-0.018005620086081,-0.045089057219469014,0.0,0.0,0.0,low_hedge_stable
2025-09-19,VIX,-0.2315113075902018,-0.3929953400913869,0.0,0.0,0.0,low_hedge_stable
2025-09-19,CASH,0.0,0.0,0.0,0.0,0.3087105046795224,low_hedge_stable
2025-09-20,BTC-USD,0.0940176501582147,0.0033885523350462333,0.004577664851375728,0.00036621318811005824,0.0007306705373200042,low_hedge_stable
2025-09-20,DIA,0.0623702157718436,0.03225428402582751,0.04357297385206407,0.030734399058054782,0.061321439541405565,low_hedge_stable
2025-09-20,ETH-USD,-0.0266785922366147,-0.14394393351676416,0.0,0.0,0.0,low_hedge_stable
2025-09-20,GLD,0.2969460953967506,0.257680053947719,0.3481052701052588,0.02202544426061709,0.04394528573826333,low_hedge_stable
2025-09-20,QQQ,0.3403541722845137,0.29722646649415013,0.40152932994328755,0.2832205738788645,0.35,low_hedge_stable
2025-09-20,SPY,0.1849345306798804,0.14968664671941762,0.20221476124801385,0.1426331190688589,0.2845823720535991,low_hedge_stable
2025-09-20,TLT,-0.0443007969841992,-0.07138423411758721,0.0,0.0,0.0,low_hedge_stable
2025-09-20,VIX,-0.3545058579698231,-0.5159898904710083,0.0,0.0,0.0,low_hedge_stable
2025-09-20,CASH,0.0,0.0,0.0,0.0,0.2594202321294121,low_hedge_stable
2025-09-21,BTC-USD,0.0053571594492447,-0.08527193837392377,0.0,0.0,0.0,low_hedge_stable
2025-09-21,DIA,0.0275988534808945,-0.002517078265121591,0.0,0.0,0.0,low_hedge_stable
2025-09-21,ETH-USD,0.0596653975017619,-0.057599943778387536,0.0,0.0,0.0,low_hedge_stable
2025-09-21,GLD,0.3356798130335497,0.2964137715845181,0.41734194382075973,0.02640621246113909,0.057695937693986975,low_hedge_stable
2025-09-21,QQQ,0.3232124347421249,0.28008472895176134,0.3943511281219567,0.27815739595474487,0.35,low_hedge_stable
2025-09-21,SPY,0.1689913707759796,0.13374348681551682,0.1883069280572836,0.1328231644679176,0.2902103826036012,low_hedge_stable
2025-09-21,TLT,0.0038418428540717,-0.023241594279316317,0.0,0.0,0.0,low_hedge_stable
2025-09-21,VIX,-0.3712421211850189,-0.5327261536862041,0.0,0.0,0.0,low_hedge_stable
2025-09-21,CASH,0.0,0.0,0.0,0.0,0.30209367970241185,low_hedge_stable
2025-09-22,BTC-USD,-0.1919405022963414,-0.2825696001195099,0.0,0.0,0.0,low_hedge_stable
2025-09-22,DIA,0.1288688769425477,0.0987529451965316,0.10075290705254758,0.07106652995789062,0.13787437302354066,low_hedge_stable
2025-09-22,ETH-USD,-0.1408805317085995,-0.2581458729887489,0.0,0.0,0.0,low_hedge_stable
2025-09-22,GLD,0.3264758248683533,0.2872097834193217,0.29302640600581875,0.018540474180177124,0.03596990390083399,low_hedge_stable
2025-09-22,QQQ,0.3608855443090747,0.31775783851871114,0.3241931256407587,0.2286711237371549,0.35,low_hedge_stable
2025-09-22,SPY,0.2651264560638713,0.2298785721034085,0.23453411300709776,0.16542972362547598,0.3209460126705912,low_hedge_stable
2025-09-22,TLT,0.0736341326294849,0.04655069549609688,0.047493448293777274,0.008882984129142844,0.01723365229889978,low_hedge_stable
2025-09-22,VIX,-0.235070807970455,-0.39655484047164014,0.0,0.0,0.0,low_hedge_stable
2025-09-22,CASH,0.0,0.0,0.0,0.0,0.13797605810613453,low_hedge_stable
2025-09-23,BTC-USD,-0.2366861572176482,-0.32731525504081666,0.0,0.0,0.0,low_hedge_stable
2025-09-23,DIA,0.1163687940120879,0.0862528622660718,0.0973395568299125,0.06865890755818796,0.15555246330248754,low_hedge_stable
2025-09-23,ETH-USD,-0.267359061654654,-0.3846244029348035,0.0,0.0,0.0,low_hedge_stable
2025-09-23,GLD,0.3659896710436364,0.32672362959460477,0.3687197441922957,0.023329770822043207,0.05285553540996504,low_hedge_stable
2025-09-23,QQQ,0.2782184441179057,0.23509073832754215,0.2653086249245704,0.18713666823977482,0.35,low_hedge_stable
2025-09-23,SPY,0.1932951434438856,0.15804725948342283,0.1783621991446662,0.1258086038376692,0.28502985158933564,low_hedge_stable
2025-09-23,TLT,0.1070718338431467,0.07998839670975869,0.09026987490855519,0.01688371543781384,0.03825146101872369,low_hedge_stable
2025-09-23,VIX,-0.0279419826594371,-0.1894260151606222,0.0,0.0,0.0,low_hedge_stable
2025-09-23,CASH,0.0,0.0,0.0,0.0,0.11831068867948823,low_hedge_stable
2025-09-24,BTC-USD,-0.1528041572881797,-0.24343325511134817,0.0,0.0,0.0,low_hedge_stable
2025-09-24,DIA,0.0216757911988827,-0.008440140547133395,0.0,0.0,0.0,low_hedge_stable
2025-09-24,ETH-USD,-0.2591558251123067,-0.37642116639245615,0.0,0.0,0.0,low_hedge_stable
2025-09-24,GLD,0.3743186869020568,0.33505264545302516,0.5132777396463457,0.03247629730336785,0.08568383722533292,low_hedge_stable
2025-09-24,QQQ,0.2464651312144975,0.20333742542413397,0.31149903014820246,0.21971728464697102,0.35,low_hedge_stable
2025-09-24,SPY,0.1325407378997484,0.09729285393928566,0.1490459986853022,0.10513028596926943,0.277370484273447,low_hedge_stable
2025-09-24,TLT,0.0441711656553878,0.01708772852199978,0.026177231520149603,0.004896084417794998,0.01291758405759917,low_hedge_stable
2025-09-24,VIX,0.059142625383485,-0.10234140711770012,0.0,0.0,0.0,low_hedge_stable
2025-09-24,CASH,0.0,0.0,0.0,0.0,0.274028094443621,low_hedge_stable
2025-09-25,BTC-USD,-0.2412361318199538,-0.3318652296431222,0.0,0.0,0.0,low_hedge_stable
2025-09-25,DIA,0.1080816686249602,0.0779657368789441,0.11015729741979559,0.07769996029071853,0.17911150316955096,low_hedge_stable
2025-09-25,ETH-USD,-0.3554246919552916,-0.472690033235441,0.0,0.0,0.0,low_hedge_stable
2025-09-25,GLD,0.3340302395290775,0.2947641980800459,0.41647047454995983,0.026351072538044865,0.06074366312105929,low_hedge_stable
2025-09-25,QQQ,0.2162409640741045,0.17311325828374097,0.2445906297234269,0.17252313430101374,0.35,low_hedge_stable
2025-09-25,SPY,0.1652569989150502,0.13000911495458742,0.18368905774049854,0.12956592823701032,0.2986713002073592,low_hedge_stable
2025-09-25,TLT,0.0589984644202228,0.031915027286834784,0.04509254056631914,0.008433927974997308,0.019441625344124424,low_hedge_stable
2025-09-25,VIX,0.1489864685569701,-0.012497563944215022,0.0,0.0,0.0,low_hedge_stable
2025-09-25,CASH,0.0,0.0,0.0,0.0,0.09203190815790621,low_hedge_stable
2025-09-26,BTC-USD,-0.2442288582155388,-0.3348579560387072,0.0,0.0,0.0,low_hedge_stable
2025-09-26,DIA,0.1810526801948381,0.15093674844882202,0.14154993494813445,0.09984290266955288,0.22075694256563722,low_hedge_stable
2025-09-26,ETH-USD,-0.2989025611885245,-0.41616790246867397,0.0,0.0,0.0,low_hedge_stable
2025-09-26,GLD,0.46891967787399,0.4296536364249584,0.40293331419421413,0.025494544365466297,0.05636953169171655,low_hedge_stable
2025-09-26,QQQ,0.290956878361345,0.24782917257098144,0.2324165825499217,0.16393611370308697,0.3499999999999999,low_hedge_stable
2025-09-26,SPY,0.243486291737186,0.20823840777672323,0.19528798239941356,0.1377472835037497,0.30456515525848143,low_hedge_stable
2025-09-26,TLT,0.0567399743108409,0.029656537177452882,0.02781218590831614,0.005201879730704433,0.011501579323521218,low_hedge_stable
2025-09-26,VIX,-0.1353898341990009,-0.296873866700186,0.0,0.0,0.0,low_hedge_stable
2025-09-26,CASH,0.0,0.0,0.0,0.0,0.056806791160643626,low_hedge_stable
2025-09-27,BTC-USD,-0.2210942160313652,-0.3117233138545336,0.0,0.0,0.0,low_hedge_stable
2025-09-27,DIA,0.2165913188626172,0.1864753871166011,0.1623859069827142,0.11453965211446242,0.24713923188928577,low_hedge_stable
2025-09-27,ETH-USD,-0.264298220975101,-0.38156356225525045,0.0,0.0,0.0,low_hedge_stable
2025-09-27,GLD,0.456565880711817,0.41729983926278535,0.3633917265448891,0.022992654536311045,0.04961065339644177,low_hedge_stable
2025-09-27,QQQ,0.297191219229764,0.2540635134394004,0.22124278543674444,0.15605462412114918,0.33671500852412933,low_hedge_stable
2025-09-27,SPY,0.2612540969756423,0.22600621301517948,0.19681001579715268,0.13882085681516285,0.29953015650184556,low_hedge_stable
2025-09-27,TLT,0.0915855950893451,0.0645021579559571,0.056169565238499565,0.010505730252910522,0.022667941251870674,low_hedge_stable
2025-09-27,VIX,-0.237435411292753,-0.3989194437939381,0.0,0.0,0.0,low_hedge_stable
2025-09-27,CASH,0.0,0.0,0.0,0.0,0.044337008436427,low_hedge_stable
2025-09-28,BTC-USD,-0.1271776110688647,-0.21780670889203316,0.0,0.0,0.0,low_hedge_stable
2025-09-28,DIA,0.1891900216271652,0.1590740898811491,0.15698056813665762,0.11072697130686046,0.228307852804481,low_hedge_stable
2025-09-28,ETH-USD,-0.1569193139325854,-0.27418465521273483,0.0,0.0,0.0,low_hedge_stable
2025-09-28,GLD,0.4209826438442374,0.3817166023952058,0.3766929558167791,0.023834254790803523,0.04914383072397933,low_hedge_stable
2025-09-28,QQQ,0.2942306329184194,0.2511029271280558,0.2477982441439142,0.17478563999926283,0.35,low_hedge_stable
2025-09-28,SPY,0.2566904485776886,0.22144256461722578,0.21852823190264922,0.1541399012045822,0.31782093793558497,low_hedge_stable
2025-09-28,TLT,-0.0737482391817884,-0.10083167631517642,0.0,0.0,0.0,low_hedge_stable
2025-09-28,VIX,-0.2511207824164234,-0.41260481491760853,0.0,0.0,0.0,low_hedge_stable
2025-09-28,CASH,0.0,0.0,0.0,0.0,0.05472737853595481,low_hedge_stable
2025-09-29,BTC-USD,-0.082276502377098,-0.17290560020026646,0.0,0.0,0.0,low_hedge_stable
2025-09-29,DIA,0.0330944417677746,0.0029785100217585075,0.004158214256881314,0.002933015698533172,0.010446228036776903,low_hedge_stable
2025-09-29,ETH-USD,-0.097237565416068,-0.21450290669621744,0.0,0.0,0.0,low_hedge_stable
2025-09-29,GLD,0.5268094898431017,0.4875434483940701,0.6806457266054056,0.04306606592897291,0.15338409049972265,low_hedge_stable
2025-09-29,QQQ,0.1808621062764253,0.13773440048606175,0.1922871313442834,0.1356306193037976,0.35,low_hedge_stable
2025-09-29,SPY,0.1232869917554732,0.08803910779501045,0.12290892779342975,0.08669438187593106,0.30877069053408335,low_hedge_stable
2025-09-29,TLT,-0.0738370581694392,-0.1009204953028272,0.0,0.0,0.0,low_hedge_stable
2025-09-29,VIX,-0.1218084445476276,-0.2832924770488127,0.0,0.0,0.0,low_hedge_stable
2025-09-29,CASH,0.0,0.0,0.0,0.0,0.17739899092941713,low_hedge_stable
2025-09-30,BTC-USD,-0.0671557845213043,-0.15778488234447277,0.0,0.0,0.0,low_hedge_stable
2025-09-30,DIA,0.1209065766833057,0.09079064493728961,0.12089429621252774,0.08527335215294965,0.20240823751421813,low_hedge_stable
2025-09-30,ETH-USD,-0.0738280571484452,-0.19109339842859463,0.0,0.0,0.0,low_hedge_stable
2025-09-30,GLD,0.3933562653832611,0.35409022393422945,0.47149668831885444,0.02983271130739851,0.07081211613647287,low_hedge_stable
2025-09-30,QQQ,0.2173875478295836,0.17425984203922007,0.23203955623389455,0.16367017644374718,0.3499999999999999,low_hedge_stable
2025-09-30,SPY,0.1670991369524953,0.1318512529920325,0.1755694592347234,0.12383873179844927,0.2939485643106976,low_hedge_stable
2025-09-30,TLT,-0.1028109394354615,-0.12989437656884953,0.0,0.0,0.0,low_hedge_stable
2025-09-30,VIX,-0.1788230380505555,-0.3403070705517406,0.0,0.0,0.0,low_hedge_stable
2025-09-30,CASH,0.0,0.0,0.0,0.0,0.08283108203861149,low_hedge_stable
2025-10-01,BTC-USD,0.0318106326918015,-0.05881846513136696,0.0,0.0,0.0,low_hedge_stable
2025-10-01,DIA,-0.0179457118806641,-0.048061643626680195,0.0,0.0,0.0,low_hedge_stable
2025-10-01,ETH-USD,-0.0365082167560129,-0.15377355803616233,0.0,0.0,0.0,low_hedge_stable
2025-10-01,GLD,0.3192047843121207,0.27993874286308906,0.6540120603248469,0.04138089083254919,0.1385518920231315,low_hedge_stable
2025-10-01,QQQ,0.1509517232422761,0.10782401745191254,0.25190585299126045,0.17768296093762273,0.35,low_hedge_stable
2025-10-01,SPY,0.0755181215752606,0.04027023761479785,0.09408208668389269,0.06636123589301479,0.22219132080014087,low_hedge_stable
2025-10-01,TLT,-0.1776456196556559,-0.2047290567890439,0.0,0.0,0.0,low_hedge_stable
2025-10-01,VIX,0.0060232504833784,-0.15546078201780672,0.0,0.0,0.0,low_hedge_stable
2025-10-01,CASH,0.0,0.0,0.0,0.0,0.2892567871767278,low_hedge_stable
2025-10-02,BTC-USD,0.0367982611561683,-0.05383083666700017,0.0,0.0,0.0,low_hedge_stable
2025-10-02,DIA,0.0487892363581481,0.018673304612132006,0.0505383905486767,0.035647488008234356,0.1008819184660221,low_hedge_stable
2025-10-02,ETH-USD,-0.0789755424458003,-0.19624088372594972,0.0,0.0,0.0,low_hedge_stable
2025-10-02,GLD,0.2508384184104672,0.21157237696143558,0.5726103460681494,0.03623041172738054,0.102531584863083,low_hedge_stable
2025-10-02,QQQ,0.1413408487616082,0.09821314297124466,0.2658090937620643,0.1874896762538659,0.3499999999999999,low_hedge_stable
2025-10-02,SPY,0.0762765798808417,0.04102869592037896,0.11104216962110959,0.07832410899916314,0.22165619008419918,low_hedge_stable
2025-10-02,TLT,-0.1369644592148757,-0.16404789634826372,0.0,0.0,0.0,low_hedge_stable
2025-10-02,VIX,0.0202599450166704,-0.1412240874845147,0.0,0.0,0.0,low_hedge_stable
2025-10-02,CASH,0.0,0.0,0.0,0.0,0.22493030658669577,low_hedge_stable
2025-10-03,BTC-USD,0.0676938094286594,-0.022935288394509073,0.0,0.0,0.0,low_hedge_stable
2025-10-03,DIA,0.0625222598075522,0.03240632806153611,0.09719631382248155,0.06855787043899081,0.3416385432673443,low_hedge_stable
2025-10-03,ETH-USD,-0.0752440243958566,-0.19250936567600604,0.0,0.0,0.0,low_hedge_stable
2025-10-03,GLD,0.3059494144758367,0.26668337302680506,0.7998635564859667,0.05060926016479988,0.25219677635591947,low_hedge_stable
2025-10-03,QQQ,0.0703377100170933,0.027210004226729752,0.08161097748903401,0.05756468122146466,0.28685712829500964,low_hedge_stable
2025-10-03,SPY,0.0423592596532861,0.00711137569282335,0.021329152202517746,0.015044616362143364,0.07497054364535147,low_hedge_stable
2025-10-03,TLT,-0.1932100889048372,-0.22029352603822522,0.0,0.0,0.0,low_hedge_stable
2025-10-03,VIX,0.0538273075333397,-0.10765672496784542,0.0,0.0,0.0,low_hedge_stable
2025-10-03,CASH,0.0,0.0,0.0,0.0,0.0443370084363751,low_hedge_stable
2025-10-04,BTC-USD,0.1119225115412199,0.02129341371805144,0.061396514083416724,0.0049117211266733385,0.021199277980575273,low_hedge_stable
2025-10-04,DIA,0.0705557743337157,0.0404398425876996,0.116602504316253,0.08224611684734869,0.35,low_hedge_stable
2025-10-04,ETH-USD,-0.0585415915582381,-0.17580693283838755,0.0,0.0,0.0,low_hedge_stable
2025-10-04,GLD,0.2799224142790053,0.2406563728299737,0.6938982438120574,0.043904584055893835,0.18949477342432333,low_hedge_stable
2025-10-04,QQQ,0.0738523722492372,0.030724666458873656,0.08859018295179873,0.062487496141761904,0.2696997176459273,low_hedge_stable
2025-10-04,SPY,0.0489515475926866,0.013703663632223848,0.03951255483647409,0.027870363686219243,0.12029013292211418,low_hedge_stable
2025-10-04,TLT,-0.2065976797305118,-0.2336811168638998,0.0,0.0,0.0,low_hedge_stable
2025-10-04,VIX,0.0182897784083367,-0.14319425409284842,0.0,0.0,0.0,low_hedge_stable
2025-10-04,CASH,0.0,0.0,0.0,0.0,0.04931609802705994,low_hedge_stable
2025-10-05,BTC-USD,0.2007030130148133,0.11007391519164483,0.2602941710677276,0.02082353368541821,0.04,low_hedge_stable
2025-10-05,DIA,0.077924850440407,0.04780891869439091,0.11305478540973586,0.07974371687370986,0.35,low_hedge_stable
2025-10-05,ETH-USD,-0.009539495554886,-0.12680483683503543,0.0,0.0,0.0,low_hedge_stable
2025-10-05,GLD,0.3042659587983433,0.26499991734931166,0.6266510435225365,0.039649694547293335,0.27023656575095867,low_hedge_stable
2025-10-05,QQQ,0.038175568779902,-0.004952137010461552,0.0,0.0,0.0,low_hedge_stable
2025-10-05,SPY,0.0164374818037685,-0.018810402156694255,0.0,0.0,0.0,low_hedge_stable
2025-10-05,TLT,-0.2421937949710328,-0.26927723210442084,0.0,0.0,0.0,low_hedge_stable
2025-10-05,VIX,-0.0464250407498312,-0.20790907325101632,0.0,0.0,0.0,low_hedge_stable
2025-10-05,CASH,0.0,0.0,0.0,0.0,0.33976343424904143,low_hedge_stable
2025-10-06,BTC-USD,0.1524960210510353,0.06186692322786683,0.10941835422291002,0.008753468337832802,0.04,low_hedge_stable
2025-10-06,DIA,0.0782611926535347,0.04814526090751861,0.08515010828533381,0.06006102353175701,0.2817593530720261,low_hedge_stable
2025-10-06,ETH-USD,0.1286410232028984,0.011375681922748973,0.020119125523117093,0.0016095300418493674,0.007550656260489509,low_hedge_stable
2025-10-06,GLD,0.4096759833662939,0.3704099419172623,0.6551100995133162,0.04145036637062513,0.19445270370743126,low_hedge_stable
2025-10-06,QQQ,0.0952516569251512,0.052123951134787655,0.09218685286413102,0.06502442393423068,0.3050437462475598,low_hedge_stable
2025-10-06,SPY,0.0567424452404559,0.02149456127999315,0.0380154595911918,0.0268143806162416,0.12579210428314677,low_hedge_stable
2025-10-06,TLT,-0.3127681111524884,-0.33985154828587644,0.0,0.0,0.0,low_hedge_stable
2025-10-06,VIX,-0.2184511373206649,-0.37993516982185005,0.0,0.0,0.0,low_hedge_stable
2025-10-06,CASH,0.0,0.0,0.0,0.0,0.04540143642934655,low_hedge_stable
2025-10-07,BTC-USD,-0.03920603483808,-0.12983513266124846,0.0,0.0,0.0,low_hedge_stable
2025-10-07,DIA,0.0246181727536416,-0.005497758992374494,0.0,0.0,0.0,low_hedge_stable
2025-10-07,ETH-USD,-0.2357409627250313,-0.35300630400518074,0.0,0.0,0.0,low_hedge_stable
2025-10-07,GLD,0.5602628056762031,0.5209967642271714,0.9706453213030245,0.06141502659482996,0.35,low_hedge_stable
2025-10-07,QQQ,0.0377503255402636,-0.0053773802500999505,0.0,0.0,0.0,low_hedge_stable
2025-10-07,SPY,0.0243906828908874,-0.010857201069575356,0.0,0.0,0.0,low_hedge_stable
2025-10-07,TLT,-0.212537376440597,-0.23962081357398501,0.0,0.0,0.0,low_hedge_stable
2025-10-07,VIX,0.1772402436324784,0.01575621113129328,0.029354678696975386,0.0014677339348487693,0.022305938721228234,low_hedge_stable
2025-10-07,CASH,0.0,0.0,0.0,0.0,0.6276940612787718,low_hedge_stable
2025-10-08,BTC-USD,0.0380075929427337,-0.052621504880434766,0.0,0.0,0.0,low_hedge_stable
2025-10-08,DIA,-0.0056749407012318,-0.03579087244724789,0.0,0.0,0.0,low_hedge_stable
2025-10-08,ETH-USD,-0.2085502744424078,-0.32581561572255724,0.0,0.0,0.0,low_hedge_stable
2025-10-08,GLD,0.7278013597798006,0.688535318330769,0.8446261873953564,0.05344149775733937,0.31325800489816813,low_hedge_stable
2025-10-08,QQQ,0.1327954702864792,0.08966776449611565,0.10999543529913129,0.07758579009363566,0.35,low_hedge_stable
2025-10-08,SPY,0.0722401249419273,0.03699224098146456,0.04537837730551232,0.032007848751548,0.18762039354735777,low_hedge_stable
2025-10-08,TLT,-0.1408640536792458,-0.1679474908126338,0.0,0.0,0.0,low_hedge_stable
2025-10-08,VIX,-0.120849941994939,-0.28233397449612413,0.0,0.0,0.0,low_hedge_stable
2025-10-08,CASH,0.0,0.0,0.0,0.0,0.14912160155447418,low_hedge_stable
2025-10-09,BTC-USD,0.0201326817300241,-0.07049641609314436,0.0,0.0,0.0,low_hedge_stable
2025-10-09,DIA,-0.0589227881599465,-0.08903871990596259,0.0,0.0,0.0,low_hedge_stable
2025-10-09,ETH-USD,-0.3314536464252711,-0.4487189877054205,0.0,0.0,0.0,low_hedge_stable
2025-10-09,GLD,0.6255458659831423,0.5862798245341106,0.7469883807357124,0.04726372269457107,0.2001012836989635,low_hedge_stable
2025-10-09,QQQ,0.1859326241963967,0.14280491840603315,0.18195000117219928,0.12833927659948757,0.35,low_hedge_stable
2025-10-09,SPY,0.0910211651259696,0.05577328116550685,0.0710616180920884,0.050123641666242294,0.2122093747438563,low_hedge_stable
2025-10-09,TLT,-0.0704463792556934,-0.09752981638908143,0.0,0.0,0.0,low_hedge_stable
2025-10-09,VIX,0.0086640730304702,-0.15281995947071492,0.0,0.0,0.0,low_hedge_stable
2025-10-09,CASH,0.0,0.0,0.0,0.0,0.23768934155718022,low_hedge_stable
2025-10-10,BTC-USD,-0.1268357048514541,-0.21746480267462256,0.0,0.0,0.0,moderate_hedge_uncertain
2025-10-10,DIA,-0.0665756747482836,-0.0966916064942997,0.0,0.0,0.0,moderate_hedge_uncertain
2025-10-10,ETH-USD,-0.2479075957861816,-0.365172937066331,0.0,0.0,0.0,moderate_hedge_uncertain
2025-10-10,GLD,0.2669271154978573,0.22766107404882568,0.5388360604534618,0.05151072557791747,0.35,moderate_hedge_uncertain
2025-10-10,QQQ,-0.0502087684051478,-0.09333647419551135,0.0,0.0,0.0,moderate_hedge_uncertain
2025-10-10,SPY,-0.0565671071049243,-0.09181499106538704,0.0,0.0,0.0,moderate_hedge_uncertain
2025-10-10,TLT,0.1149200025814411,0.08783656544805307,0.20789460423805686,0.05096950236935646,0.35,moderate_hedge_uncertain
2025-10-10,VIX,0.2684916608537441,0.10700762835255898,0.25326933530848134,0.012663466765424068,0.05,moderate_hedge_uncertain
2025-10-10,CASH,0.0,0.0,0.0,0.0,0.25,moderate_hedge_uncertain
2025-10-11,BTC-USD,-0.1360521672053321,-0.22668126502850056,0.0,0.0,0.0,moderate_hedge_uncertain
2025-10-11,DIA,-0.0633878060966008,-0.0935037378426169,0.0,0.0,0.0,moderate_hedge_uncertain
2025-10-11,ETH-USD,-0.2550602202269472,-0.3723255615070966,0.0,0.0,0.0,moderate_hedge_uncertain
2025-10-11,GLD,0.2484875997267984,0.20922155827776676,0.49497795196437366,0.05817392670481055,0.35,moderate_hedge_uncertain
2025-10-11,QQQ,-0.0521404755777835,-0.09526818136814706,0.0,0.0,0.0,moderate_hedge_uncertain
2025-10-11,SPY,-0.0554764779757564,-0.09072436193621915,0.0,0.0,0.0,moderate_hedge_uncertain
2025-10-11,TLT,0.136528695246048,0.10944525811265998,0.25892642306437436,0.07057944798619034,0.35,moderate_hedge_uncertain
2025-10-11,VIX,0.2655058579935904,0.10402182549240527,0.246095624971252,0.012304781248562602,0.05,moderate_hedge_uncertain
2025-10-11,CASH,0.0,0.0,0.0,0.0,0.24999999999999994,moderate_hedge_uncertain
2025-10-12,BTC-USD,-0.1420310569932894,-0.23266015481645788,0.0,0.0,0.0,high_hedge_risk_off
2025-10-12,DIA,-0.1399655630269548,-0.17008149477297088,0.0,0.0,0.0,high_hedge_risk_off
2025-10-12,ETH-USD,-0.2294049030273864,-0.3466702443075358,0.0,0.0,0.0,high_hedge_risk_off
2025-10-12,GLD,0.2969527527010726,0.25768671125204096,0.4155387548643419,0.057951181552771125,0.33242191575061364,high_hedge_risk_off
2025-10-12,QQQ,-0.1249314427428443,-0.16805914853320783,0.0,0.0,0.0,high_hedge_risk_off
2025-10-12,SPY,-0.1318006705403782,-0.16704855450084097,0.0,0.0,0.0,high_hedge_risk_off
2025-10-12,TLT,0.1840349960440986,0.15695155891071058,0.2530959204178113,0.07592877612534339,0.35,high_hedge_risk_off
2025-10-12,VIX,0.366972545305202,0.20548851280401687,0.3313653247178467,0.016568266235892335,0.05,high_hedge_risk_off
2025-10-12,CASH,0.0,0.0,0.0,0.0,0.26757808424938645,high_hedge_risk_off
2025-10-13,BTC-USD,-0.1577582667582458,-0.24838736458141428,0.0,0.0,0.0,high_hedge_risk_off
2025-10-13,DIA,-0.1331531754839236,-0.1632691072299397,0.0,0.0,0.0,high_hedge_risk_off
2025-10-13,ETH-USD,-0.2335302088889128,-0.3507955501690623,0.0,0.0,0.0,high_hedge_risk_off
2025-10-13,GLD,0.439451582049781,0.4001855406007494,0.6243115898717114,0.08706671365883091,0.35,high_hedge_risk_off
2025-10-13,QQQ,-0.0928524588313685,-0.13598016462173204,0.0,0.0,0.0,high_hedge_risk_off
2025-10-13,SPY,-0.1155848820290161,-0.15083276598947887,0.0,0.0,0.0,high_hedge_risk_off
2025-10-13,TLT,0.1382971515087816,0.1112137143753936,0.17349954906669202,0.0520498647200076,0.2854480399629637,high_hedge_risk_off
2025-10-13,VIX,0.2910876791097824,0.12960364660859724,0.20218886106159648,0.010109443053079824,0.05,high_hedge_risk_off
2025-10-13,CASH,0.0,0.0,0.0,0.0,0.31455196003703645,high_hedge_risk_off
2025-10-14,BTC-USD,-0.2006368049396722,-0.29126590276284064,0.0,0.0,0.0,high_hedge_risk_off
2025-10-14,DIA,-0.0887403487858194,-0.1188562805318355,0.0,0.0,0.0,high_hedge_risk_off
2025-10-14,ETH-USD,-0.2448700451976206,-0.36213538647777,0.0,0.0,0.0,high_hedge_risk_off
2025-10-14,GLD,0.3878959082287294,0.34862986677969776,0.5429032454276682,0.07571347734190705,0.35,high_hedge_risk_off
2025-10-14,QQQ,-0.1058445947816305,-0.14897230057199404,0.0,0.0,0.0,high_hedge_risk_off
2025-10-14,SPY,-0.1037321320222076,-0.13898001598267037,0.0,0.0,0.0,high_hedge_risk_off
2025-10-14,TLT,0.1508200723237776,0.12373663519038958,0.19268865700944565,0.057806597102833694,0.32297574356413905,high_hedge_risk_off
2025-10-14,VIX,0.3312759072139762,0.16979187471279106,0.2644080975628861,0.013220404878144305,0.05,high_hedge_risk_off
2025-10-14,CASH,0.0,0.0,0.0,0.0,0.27702425643586104,high_hedge_risk_off
2025-10-15,BTC-USD,-0.1982894802076107,-0.28891857803077914,0.0,0.0,0.0,high_hedge_risk_off
2025-10-15,DIA,-0.0633702363016046,-0.0934861680476207,0.0,0.0,0.0,high_hedge_risk_off
2025-10-15,ETH-USD,-0.1541068234013874,-0.2713721646815368,0.0,0.0,0.0,high_hedge_risk_off
2025-10-15,GLD,0.4768011583672404,0.4375351169182088,0.8524951638557787,0.11888927500008707,0.35,high_hedge_risk_off
2025-10-15,QQQ,-0.0477327135009517,-0.09086041929131526,0.0,0.0,0.0,high_hedge_risk_off
2025-10-15,SPY,-0.0556390584391398,-0.09088694239960254,0.0,0.0,0.0,high_hedge_risk_off
2025-10-15,TLT,0.102788905580223,0.07570546844683498,0.14750483614422125,0.04425145084326637,0.22274198234351575,high_hedge_risk_off
2025-10-15,VIX,0.1569984466414438,-0.004485585859741313,0.0,0.0,0.0,high_hedge_risk_off
2025-10-15,CASH,0.0,0.0,0.0,0.0,0.4272580176564844,high_hedge_risk_off
2025-10-16,BTC-USD,-0.2187929441968948,-0.30942204202006324,0.0,0.0,0.0,high_hedge_risk_off
2025-10-16,DIA,-0.1353231027856844,-0.1654390345317005,0.0,0.0,0.0,high_hedge_risk_off
2025-10-16,ETH-USD,-0.2210440662797468,-0.33830940755989625,0.0,0.0,0.0,high_hedge_risk_off
2025-10-16,GLD,0.3600623910847633,0.32079634963573167,0.5014348293025223,0.06993027840777973,0.35,high_hedge_risk_off
2025-10-16,QQQ,-0.1083445714171386,-0.15147227720750214,0.0,0.0,0.0,high_hedge_risk_off
2025-10-16,SPY,-0.1253499731233517,-0.16059785708381447,0.0,0.0,0.0,high_hedge_risk_off
2025-10-16,TLT,0.1332686296800523,0.10618519254666428,0.16597743072685328,0.049793229218055964,0.2986536674223137,high_hedge_risk_off
2025-10-16,VIX,0.3742593059391716,0.21277527343798647,0.3325877399706244,0.016629386998531222,0.05,high_hedge_risk_off
2025-10-16,CASH,0.0,0.0,0.0,0.0,0.3013463325776864,high_hedge_risk_off
2025-10-17,BTC-USD,-0.2477248778730461,-0.3383539756962145,0.0,0.0,0.0,high_hedge_risk_off
2025-10-17,DIA,-0.0488894077266558,-0.0790053394726719,0.0,0.0,0.0,high_hedge_risk_off
2025-10-17,ETH-USD,-0.2912197701948304,-0.4084851114749799,0.0,0.0,0.0,high_hedge_risk_off
2025-10-17,GLD,0.4256342387816674,0.3863681973326358,0.630267986330259,0.08789739598590852,0.35,high_hedge_risk_off
2025-10-17,QQQ,-0.0140560716393285,-0.057183777429692044,0.0,0.0,0.0,high_hedge_risk_off
2025-10-17,SPY,-0.0371313467405996,-0.07237923070106235,0.0,0.0,0.0,high_hedge_risk_off
2025-10-17,TLT,0.1907612515597034,0.16367781442631538,0.26700149551024605,0.08010044865307381,0.35,high_hedge_risk_off
2025-10-17,VIX,0.2244601093021623,0.06297607680097717,0.10273051815949483,0.005136525907974742,0.024112090663972303,high_hedge_risk_off
2025-10-17,CASH,0.0,0.0,0.0,0.0,0.27588790933602775,high_hedge_risk_off
2025-10-18,BTC-USD,-0.2522025097958235,-0.3428316076189919,0.0,0.0,0.0,high_hedge_risk_off
2025-10-18,DIA,-0.072505235528258,-0.10262116727427409,0.0,0.0,0.0,high_hedge_risk_off
2025-10-18,ETH-USD,-0.2895221356424287,-0.4067874769225781,0.0,0.0,0.0,high_hedge_risk_off
2025-10-18,GLD,0.3942341145319376,0.35496807308290595,0.5461163875409814,0.07616158431419057,0.35,high_hedge_risk_off
2025-10-18,QQQ,-0.0406575180358464,-0.08378522382620995,0.0,0.0,0.0,high_hedge_risk_off
2025-10-18,SPY,-0.0610434665631498,-0.09629135052361255,0.0,0.0,0.0,high_hedge_risk_off
2025-10-18,TLT,0.1771714711627392,0.1500880340293512,0.23090959771498482,0.06927287931449544,0.35,high_hedge_risk_off
2025-10-18,VIX,0.3064140477267578,0.14493001522557264,0.22297401474403383,0.011148700737201693,0.05,high_hedge_risk_off
2025-10-18,CASH,0.0,0.0,0.0,0.0,0.24999999999999994,high_hedge_risk_off
2025-10-19,BTC-USD,-0.2765301324473946,-0.367159230270563,0.0,0.0,0.0,high_hedge_risk_off
2025-10-19,DIA,-0.0638671718000672,-0.09398310354608329,0.0,0.0,0.0,high_hedge_risk_off
2025-10-19,ETH-USD,-0.2905051474442983,-0.40777048872444777,0.0,0.0,0.0,high_hedge_risk_off
2025-10-19,GLD,0.4349374619979219,0.39567142054889026,0.61811343435131,0.08620231781116648,0.35,high_hedge_risk_off
2025-10-19,QQQ,-0.001664775299381,-0.04479248108974455,0.0,0.0,0.0,high_hedge_risk_off
2025-10-19,SPY,-0.0384404702204493,-0.07368835418091205,0.0,0.0,0.0,high_hedge_risk_off
2025-10-19,TLT,0.1856770742322332,0.1585936370988452,0.2477531926805409,0.07432595780416228,0.35,high_hedge_risk_off
2025-10-19,VIX,0.2473464960488667,0.08586246354768157,0.13413337296814898,0.006706668648407449,0.03263852555312473,high_hedge_risk_off
2025-10-19,CASH,0.0,0.0,0.0,0.0,0.2673614744468753,high_hedge_risk_off
2025-10-20,BTC-USD,-0.1978866372559913,-0.28851573507915973,0.0,0.0,0.0,high_hedge_risk_off
2025-10-20,DIA,-0.0297803653360733,-0.05989629708208939,0.0,0.0,0.0,high_hedge_risk_off
2025-10-20,ETH-USD,-0.2468221309900397,-0.3640874722701891,0.0,0.0,0.0,high_hedge_risk_off
2025-10-20,GLD,0.5461553742309526,0.5068893327819209,0.7460585610320721,0.10404556031508755,0.35,high_hedge_risk_off
2025-10-20,QQQ,0.0098918718137872,-0.03323583397657635,0.0,0.0,0.0,high_hedge_risk_off
2025-10-20,SPY,-0.0302241284281527,-0.06547201238861546,0.0,0.0,0.0,high_hedge_risk_off
2025-10-20,TLT,0.1996170870201566,0.1725336498867686,0.253941438967928,0.07618243169037839,0.3381900255131303,high_hedge_risk_off
2025-10-20,VIX,0.0272956658740544,-0.1341883666271307,0.0,0.0,0.0,high_hedge_risk_off
2025-10-20,CASH,0.0,0.0,0.0,0.0,0.3118099744868697,high_hedge_risk_off
2025-10-21,BTC-USD,-0.2319311188942071,-0.3225602167173755,0.0,0.0,0.0,high_hedge_risk_off
2025-10-21,DIA,0.0637091572208104,0.033593225474794305,0.0593311145767897,0.02147570327240053,0.07326532943848975,high_hedge_risk_off
2025-10-21,ETH-USD,-0.3005257286135493,-0.41779106989369874,0.0,0.0,0.0,high_hedge_risk_off
2025-10-21,GLD,0.2879378604704111,0.24867181902137947,0.43919498582969924,0.06125019377295049,0.2089577960743048,high_hedge_risk_off
2025-10-21,QQQ,0.0590921640027598,0.01596445821239625,0.02819583668935717,0.010205866290848006,0.034817772741585075,high_hedge_risk_off
2025-10-21,SPY,0.0310896216634879,-0.004158262296974854,0.0,0.0,0.0,high_hedge_risk_off
2025-10-21,TLT,0.2950530647532403,0.26796962761985227,0.4732780629041539,0.14198341887124616,0.35,high_hedge_risk_off
2025-10-21,VIX,0.0780904479483554,-0.08339358455282972,0.0,0.0,0.0,high_hedge_risk_off
2025-10-21,CASH,0.0,0.0,0.0,0.0,0.3329591017456204,high_hedge_risk_off
2025-10-22,BTC-USD,-0.2238464948688924,-0.3144755926920609,0.0,0.0,0.0,high_hedge_risk_off
2025-10-22,DIA,0.0279299109281283,-0.002186020817887797,0.0,0.0,0.0,high_hedge_risk_off
2025-10-22,ETH-USD,-0.3202804984340853,-0.4375458397142348,0.0,0.0,0.0,high_hedge_risk_off
2025-10-22,GLD,0.2832782391680858,0.2440121977190542,0.46491988934464457,0.06483779162706223,0.22947139023706317,high_hedge_risk_off
2025-10-22,QQQ,0.0129759614864241,-0.03015174430393945,0.0,0.0,0.0,high_hedge_risk_off
2025-10-22,SPY,0.0103636555391125,-0.024884228421350255,0.0,0.0,0.0,high_hedge_risk_off
2025-10-22,TLT,0.3079190751630175,0.28083563802962946,0.5350801106553554,0.16052403319660663,0.35,high_hedge_risk_off
2025-10-22,VIX,0.1077861268870029,-0.053697905614182216,0.0,0.0,0.0,high_hedge_risk_off
2025-10-22,CASH,0.0,0.0,0.0,0.0,0.42052860976293693,high_hedge_risk_off
2025-10-23,BTC-USD,-0.2042752026189171,-0.29490430044208554,0.0,0.0,0.0,high_hedge_risk_off
2025-10-23,DIA,0.0472955406701884,0.017179608924172307,0.027433261169900643,0.009694931615624534,0.03282342863684216,high_hedge_risk_off
2025-10-23,ETH-USD,-0.3332211666677642,-0.4504865079479137,0.0,0.0,0.0,high_hedge_risk_off
2025-10-23,GLD,0.3245435475094866,0.285277506060455,0.4555454297124768,0.06352989183435429,0.2150885590126877,high_hedge_risk_off
2025-10-23,QQQ,0.0853728521984161,0.04224514640805256,0.06745916858108174,0.023840112270649274,0.08071374351406944,high_hedge_risk_off
2025-10-23,SPY,0.0616378959147772,0.026390011954314445,0.042140894674317385,0.014892618473555793,0.050420861029558305,high_hedge_risk_off
2025-10-23,TLT,0.2822239990944143,0.2551405619610263,0.40742124586222334,0.12222637375866699,0.35,high_hedge_risk_off
2025-10-23,VIX,0.0394454470783164,-0.12203858542286872,0.0,0.0,0.0,high_hedge_risk_off
2025-10-23,CASH,0.0,0.0,0.0,0.0,0.2709534078068424,high_hedge_risk_off
2025-10-24,BTC-USD,-0.2191187706074453,-0.30974786843061375,0.0,0.0,0.0,high_hedge_risk_off
2025-10-24,DIA,0.0915337458950405,0.061417814149024405,0.08088810862044521,0.02795338144751788,0.08885385350123079,high_hedge_risk_off
2025-10-24,ETH-USD,-0.3261563609652022,-0.4434217022453516,0.0,0.0,0.0,high_hedge_risk_off
2025-10-24,GLD,0.3468972223553625,0.3076311809063309,0.4051545096640726,0.056500139493548936,0.17959384007921786,high_hedge_risk_off
2025-10-24,QQQ,0.1260619804169581,0.08293427462659454,0.1092255839336212,0.03774627029358754,0.1199819627253753,high_hedge_risk_off
2025-10-24,SPY,0.091087016122412,0.05583913216194926,0.0735409074739742,0.025414329419701846,0.08078311052742855,high_hedge_risk_off
2025-10-24,TLT,0.2785545234982179,0.2514710863648299,0.3311908903078868,0.09935726709236603,0.31582139967870176,high_hedge_risk_off
2025-10-24,VIX,-0.0447672943704297,-0.2062513268716148,0.0,0.0,0.0,high_hedge_risk_off
2025-10-24,CASH,0.0,0.0,0.0,0.0,0.2149658334880457,high_hedge_risk_off
2025-10-25,BTC-USD,-0.2160881576992715,-0.30671725552243995,0.0,0.0,0.0,high_hedge_risk_off
2025-10-25,DIA,0.1025178323591822,0.0724019006131661,0.09995969811383595,0.034672845284591504,0.10438227856091781,high_hedge_risk_off
2025-10-25,ETH-USD,-0.3239207108203892,-0.44118605210053863,0.0,0.0,0.0,high_hedge_risk_off
2025-10-25,GLD,0.279963640543225,0.24069759909419336,0.33231253790878273,0.04615200023506242,0.1389401678788873,high_hedge_risk_off
2025-10-25,QQQ,0.1312407046932219,0.08811299890285836,0.12165079501563268,0.04219679804876035,0.12703306844742518,high_hedge_risk_off
2025-10-25,SPY,0.0998173093076577,0.06456942534719495,0.08914600598089506,0.03092191884768216,0.09309014937494135,high_hedge_risk_off
2025-10-25,TLT,0.2856124302689168,0.2585289931355288,0.35693096298085353,0.10680484201483352,0.32153498449120765,high_hedge_risk_off
2025-10-25,VIX,-0.0251191026642913,-0.1866031351654764,0.0,0.0,0.0,high_hedge_risk_off
2025-10-25,CASH,0.0,0.0,0.0,0.0,0.2150193512466208,high_hedge_risk_off
2025-10-26,BTC-USD,-0.1761458707285666,-0.26677496855173505,0.0,0.0,0.0,high_hedge_risk_off
2025-10-26,DIA,0.0575461320824448,0.027430200336428706,0.04660089369173019,0.01636862308060011,0.055281094230127184,high_hedge_risk_off
2025-10-26,ETH-USD,-0.2653438697739508,-0.3826092110541003,0.0,0.0,0.0,high_hedge_risk_off
2025-10-26,GLD,0.2998362726171748,0.2605702311681432,0.4426801661295173,0.060848214325017136,0.20550023378710022,high_hedge_risk_off
2025-10-26,QQQ,0.0732682374609784,0.03014053167061485,0.05120544855551788,0.01798597882312871,0.06074332491172481,high_hedge_risk_off
2025-10-26,SPY,0.0452752923168763,0.010027408356413546,0.017035464017381406,0.005983728366847313,0.02020860582263734,high_hedge_risk_off
2025-10-26,TLT,0.2875346856005449,0.2604512484671569,0.44247802760585314,0.13154686199556467,0.35,high_hedge_risk_off
2025-10-26,VIX,-0.0167580215974628,-0.1782420540986479,0.0,0.0,0.0,high_hedge_risk_off
2025-10-26,CASH,0.0,0.0,0.0,0.0,0.3082667412484104,high_hedge_risk_off
2025-10-27,BTC-USD,-0.1593908634473837,-0.25001996127055215,0.0,0.0,0.0,high_hedge_risk_off
2025-10-27,DIA,0.105089912431504,0.07497398068548791,0.1148748569572051,0.034564019627864644,0.0946303556677654,high_hedge_risk_off
2025-10-27,ETH-USD,-0.2322762961316312,-0.3495416374117807,0.0,0.0,0.0,high_hedge_risk_off
2025-10-27,GLD,0.1669924766111421,0.12772643516211046,0.19570197333461337,0.02556246401929387,0.06998564078872672,high_hedge_risk_off
2025-10-27,QQQ,0.1699119326801474,0.12678422688978386,0.19425832529141476,0.058449244213204146,0.16002400264663014,high_hedge_risk_off
2025-10-27,SPY,0.1171729269247181,0.08192504296425536,0.12552524896885128,0.037768553398662974,0.10340381933735383,high_hedge_risk_off
2025-10-27,TLT,0.2683316321150608,0.24124819498167277,0.3696395954479156,0.10648152689113219,0.2915281518250047,high_hedge_risk_off
2025-10-27,VIX,-0.1192016924306725,-0.2806857249318576,0.0,0.0,0.0,high_hedge_risk_off
2025-10-27,CASH,0.0,0.0,0.0,0.0,0.2804280297345192,high_hedge_risk_off
2025-10-28,BTC-USD,-0.1659130489306787,-0.2565421467538472,0.0,0.0,0.0,high_hedge_risk_off
2025-10-28,DIA,0.113619454873792,0.08350352312777591,0.1577745235231728,0.050154350728842355,0.1226811267322683,high_hedge_risk_off
2025-10-28,ETH-USD,-0.275610755034012,-0.3928760963141614,0.0,0.0,0.0,high_hedge_risk_off
2025-10-28,GLD,0.0585328856871871,0.019266844238155452,0.0364034600650164,0.004465841274375675,0.010923766959120649,high_hedge_risk_off
2025-10-28,QQQ,0.1737248902827915,0.13059718449242796,0.24675496056892565,0.07844000767739848,0.19186986538372316,high_hedge_risk_off
2025-10-28,SPY,0.1054625793489351,0.07021469538847236,0.13266614023326187,0.04217274106439332,0.10315753899676475,high_hedge_risk_off
2025-10-28,TLT,0.252759787935889,0.22567635080250098,0.4264009156096231,0.11828418724341014,0.2893315765183886,high_hedge_risk_off
2025-10-28,VIX,-0.0141228827392711,-0.1756069152404562,0.0,0.0,0.0,high_hedge_risk_off
2025-10-28,CASH,0.0,0.0,0.0,0.0,0.2820361254097346,high_hedge_risk_off
2025-10-29,BTC-USD,-0.2031118121514219,-0.29374090997459035,0.0,0.0,0.0,high_hedge_risk_off
2025-10-29,DIA,0.1048957088904924,0.07477977714447631,0.19581979512047432,0.06807212537442295,0.15114092106403137,high_hedge_risk_off
2025-10-29,ETH-USD,-0.2531868675630649,-0.3704522088432144,0.0,0.0,0.0,high_hedge_risk_off
2025-10-29,GLD,0.031499482196836,-0.0077665592521956464,0.0,0.0,0.0,high_hedge_risk_off
2025-10-29,QQQ,0.1710224630294812,0.12789475723911767,0.33490772660582535,0.11642275869172856,0.25849410290478214,high_hedge_risk_off
2025-10-29,SPY,0.1015021877313616,0.06625430377089886,0.17349482287438744,0.0603113762183881,0.1339096862650848,high_hedge_risk_off
2025-10-29,TLT,0.1400351800430798,0.11295174290969179,0.29577765539931294,0.07625015811332322,0.16929865293813576,high_hedge_risk_off
2025-10-29,VIX,0.0887491956749231,-0.072734836826262,0.0,0.0,0.0,high_hedge_risk_off
2025-10-29,CASH,0.0,0.0,0.0,0.0,0.287156636827966,high_hedge_risk_off
2025-10-30,BTC-USD,-0.1480417681587304,-0.23867086598189888,0.0,0.0,0.0,moderate_hedge_uncertain
2025-10-30,DIA,0.1875241794246974,0.1574082476786813,0.2862680010480889,0.1467249585760059,0.2748949324588283,moderate_hedge_uncertain
2025-10-30,ETH-USD,-0.1988052259033942,-0.31607056718354365,0.0,0.0,0.0,moderate_hedge_uncertain
2025-10-30,GLD,0.1003944747543174,0.06112843330528575,0.11117025103555346,0.010264351241719743,0.019230662381578358,moderate_hedge_uncertain
2025-10-30,QQQ,0.2185578503697372,0.17543014457937367,0.3190432366341381,0.16352371032637728,0.3063680490480473,moderate_hedge_uncertain
2025-10-30,SPY,0.1607492759516383,0.12550139199117552,0.22824110644700515,0.11698361942714292,0.2191733735917551,moderate_hedge_uncertain
2025-10-30,TLT,0.0574784494976044,0.030395012364216385,0.055277404835214455,0.01324489667299387,0.024814830494300236,moderate_hedge_uncertain
2025-10-30,VIX,-0.0677541048644543,-0.22923813736563942,0.0,0.0,0.0,moderate_hedge_uncertain
2025-10-30,CASH,0.0,0.0,0.0,0.0,0.1555181520254907,moderate_hedge_uncertain
2025-10-31,BTC-USD,-0.1513702610316023,-0.24199935885477078,0.0,0.0,0.0,moderate_hedge_uncertain
2025-10-31,DIA,0.2130471009683242,0.1829311692223081,0.2926604489768942,0.1598101385409664,0.27218034422434845,moderate_hedge_uncertain
2025-10-31,ETH-USD,-0.2288763279672475,-0.3461416692473969,0.0,0.0,0.0,moderate_hedge_uncertain
2025-10-31,GLD,0.1008300810378359,0.061564039588804256,0.09849256167490543,0.007772348721497393,0.013237461463726495,moderate_hedge_uncertain
2025-10-31,QQQ,0.2633153677679617,0.22018766197759818,0.3522648452283447,0.19235770981646527,0.3276136805214751,moderate_hedge_uncertain
2025-10-31,SPY,0.1921488429327131,0.15690095897225032,0.25101629915195633,0.13706993781958532,0.23345041309116407,moderate_hedge_uncertain
2025-10-31,TLT,0.0305624399547371,0.00347900282134908,0.005565844967899216,0.0012446833214137722,0.0021198801150270077,moderate_hedge_uncertain
2025-10-31,VIX,-0.0751127440907917,-0.2365967765919768,0.0,0.0,0.0,moderate_hedge_uncertain
2025-10-31,CASH,0.0,0.0,0.0,0.0,0.1513982205842589,moderate_hedge_uncertain
2025-11-01,BTC-USD,-0.1761771512048466,-0.26680624902801503,0.0,0.0,0.0,low_hedge_stable
2025-11-01,DIA,0.2595617849791709,0.2294458532331548,0.2644288517593131,0.17370686499327612,0.3013922106220881,low_hedge_stable
2025-11-01,ETH-USD,-0.3173645092646074,-0.4346298505447569,0.0,0.0,0.0,low_hedge_stable
2025-11-01,GLD,0.1703117322277836,0.13104569077875194,0.15102587844731702,0.011125208176087146,0.019302927871915853,low_hedge_stable
2025-11-01,QQQ,0.3060764774718154,0.2629487716814518,0.303039871008664,0.199070962229173,0.3454004962857345,low_hedge_stable
2025-11-01,SPY,0.2355331868673018,0.20028530290683902,0.23082226994141547,0.15163024993449054,0.2630879109280154,low_hedge_stable
2025-11-01,TLT,0.0710613679249932,0.043977930791605176,0.05068312884329045,0.011036498224530414,0.019149010590610385,low_hedge_stable
2025-11-01,VIX,-0.0992562883730383,-0.26074032087422344,0.0,0.0,0.0,low_hedge_stable
2025-11-01,CASH,0.0,0.0,0.0,0.0,0.05166744370163582,low_hedge_stable
2025-11-02,BTC-USD,-0.1880769152945578,-0.27870601311772625,0.0,0.0,0.0,low_hedge_stable
2025-11-02,DIA,0.2797366612285499,0.24962072948253383,0.30784745376105604,0.21147607460429618,0.32971536119397404,low_hedge_stable
2025-11-02,ETH-USD,-0.3530541098589622,-0.47031945113911167,0.0,0.0,0.0,low_hedge_stable
2025-11-02,GLD,0.1245842391094805,0.08531819766044885,0.10521958638490979,0.007073324187645063,0.011028120527276357,low_hedge_stable
2025-11-02,QQQ,0.3031150173845666,0.259987311594203,0.3206321528279081,0.22025853468516984,0.34340821984550346,low_hedge_stable
2025-11-02,SPY,0.233630096458766,0.19838221249830323,0.24465700070538662,0.1680673382271804,0.262036181786395,low_hedge_stable
2025-11-02,TLT,0.044633501805208,0.01755006467181998,0.021643806320739395,0.004301022519921414,0.006705785495181005,low_hedge_stable
2025-11-02,VIX,-0.0121147352176763,-0.1735987677188614,0.0,0.0,0.0,low_hedge_stable
2025-11-02,CASH,0.0,0.0,0.0,0.0,0.04710633115167021,low_hedge_stable
2025-11-03,BTC-USD,-0.1753389583886477,-0.26596805621181613,0.0,0.0,0.0,moderate_hedge_uncertain
2025-11-03,DIA,0.2307295616504038,0.20061362990438772,0.21586415515687898,0.12629724085175154,0.22698407058251435,moderate_hedge_uncertain
2025-11-03,ETH-USD,-0.4220422873657934,-0.5393076286459428,0.0,0.0,0.0,moderate_hedge_uncertain
2025-11-03,GLD,0.1921647858564936,0.15289874440746196,0.16452201329388574,0.011011298766689733,0.019789738870045894,moderate_hedge_uncertain
2025-11-03,QQQ,0.3321372393107043,0.28900953352034076,0.3109798612157387,0.18194729182093575,0.3269995183620661,moderate_hedge_uncertain
2025-11-03,SPY,0.2573718884451825,0.2221240044847197,0.23900973523588143,0.1398391969016887,0.25132196020808656,moderate_hedge_uncertain
2025-11-03,TLT,0.0917888094639546,0.06470537233056659,0.06962423509761516,0.013774824437597262,0.02475640561360655,moderate_hedge_uncertain
2025-11-03,VIX,-0.0698387414258209,-0.231322773927006,0.0,0.0,0.0,moderate_hedge_uncertain
2025-11-03,CASH,0.0,0.0,0.0,0.0,0.1501483063636805,moderate_hedge_uncertain
2025-11-04,BTC-USD,-0.2213802918847581,-0.3120093897079265,0.0,0.0,0.0,moderate_hedge_uncertain
2025-11-04,DIA,0.2513051511970391,0.22118921945102302,0.28964629803065955,0.16278445606584807,0.2788927174531545,moderate_hedge_uncertain
2025-11-04,ETH-USD,-0.4677259902411225,-0.5849913315212719,0.0,0.0,0.0,moderate_hedge_uncertain
2025-11-04,GLD,0.0470809404738775,0.007814899024845855,0.010233575477358304,0.0007445581025340437,0.001275624451719681,moderate_hedge_uncertain
2025-11-04,QQQ,0.2560391777989375,0.21291147200857394,0.2788066246112729,0.1566924384792138,0.2684554841904063,moderate_hedge_uncertain
2025-11-04,SPY,0.2227848828442498,0.18753699888378703,0.2455788650336847,0.13801806630218041,0.2364613581598616,moderate_hedge_uncertain
2025-11-04,TLT,0.1612836924758119,0.13420025534242389,0.17573463684702445,0.037795460066384234,0.06475359392448493,moderate_hedge_uncertain
2025-11-04,VIX,0.1086088604709429,-0.052875172030242217,0.0,0.0,0.0,moderate_hedge_uncertain
2025-11-04,CASH,0.0,0.0,0.0,0.0,0.1501612218203729,moderate_hedge_uncertain
2025-11-05,BTC-USD,-0.1235206688899899,-0.21414976671315836,0.0,0.0,0.0,moderate_hedge_uncertain
2025-11-05,DIA,0.2849543411804758,0.25483840943445973,0.31894134853977013,0.1816459750475806,0.30287721325124395,moderate_hedge_uncertain
2025-11-05,ETH-USD,-0.3630226086413298,-0.4802879499214793,0.0,0.0,0.0,moderate_hedge_uncertain
2025-11-05,GLD,0.1020624836309199,0.06279644218188825,0.07859247747401325,0.005568860123171857,0.00928553927303074,moderate_hedge_uncertain
2025-11-05,QQQ,0.2663723264251667,0.22324462063480313,0.2794003483129786,0.1591262748787687,0.2653277766144196,moderate_hedge_uncertain
2025-11-05,SPY,0.2475456505255363,0.21229776656507351,0.2656998845288269,0.15132347943042007,0.25231736479358907,moderate_hedge_uncertain
2025-11-05,TLT,0.0729195924763183,0.04583615534293028,0.05736594114441117,0.012015740044264051,0.020035092210574954,moderate_hedge_uncertain
2025-11-05,VIX,-0.0812939990198433,-0.2427780315210284,0.0,0.0,0.0,moderate_hedge_uncertain
2025-11-05,CASH,0.0,0.0,0.0,0.0,0.1501570138571418,moderate_hedge_uncertain
2025-11-06,BTC-USD,-0.1839528413255782,-0.2745819391487467,0.0,0.0,0.0,moderate_hedge_uncertain
2025-11-06,DIA,0.2863977837593473,0.25628185201333126,0.35672531818243897,0.19557203243946372,0.330922102928611,moderate_hedge_uncertain
2025-11-06,ETH-USD,-0.4661701532209624,-0.5834354945011119,0.0,0.0,0.0,moderate_hedge_uncertain
2025-11-06,GLD,0.0488307854823606,0.00956474403332895,0.013313413852048213,0.000980734440356847,0.001659474002336508,moderate_hedge_uncertain
2025-11-06,QQQ,0.2156060654891132,0.17247835969874967,0.2400770763117519,0.13162049163104494,0.22271144465671572,moderate_hedge_uncertain
2025-11-06,SPY,0.2160277993040978,0.18077991534363502,0.251632225673935,0.13795551729566,0.233430768830483,moderate_hedge_uncertain
2025-11-06,TLT,0.1264076736813339,0.0993242365479459,0.13825196597982584,0.03010522902009623,0.050940237068720064,moderate_hedge_uncertain
2025-11-06,VIX,0.1023852431300594,-0.059098789371125726,0.0,0.0,0.0,moderate_hedge_uncertain
2025-11-06,CASH,0.0,0.0,0.0,0.0,0.1603359725131337,moderate_hedge_uncertain
2025-11-07,BTC-USD,-0.1519176316065641,-0.24254672942973257,0.0,0.0,0.0,moderate_hedge_uncertain
2025-11-07,DIA,0.3042019194033626,0.27408598765734654,0.38329840347273236,0.21013913367357992,0.35,moderate_hedge_uncertain
2025-11-07,ETH-USD,-0.4409273933655112,-0.5581927346456607,0.0,0.0,0.0,moderate_hedge_uncertain
2025-11-07,GLD,0.0632421923506598,0.02397615090162815,0.03352969788993536,0.002469977079095388,0.00415118407698535,moderate_hedge_uncertain
2025-11-07,QQQ,0.1976227343086267,0.15449502851826316,0.21605518137452753,0.11844987672368754,0.19907360531310422,moderate_hedge_uncertain
2025-11-07,SPY,0.2269574439503616,0.19170955998989883,0.26809823042268405,0.14698190592502816,0.24702615771009437,moderate_hedge_uncertain
2025-11-07,TLT,0.0978887927415054,0.07080535560811738,0.09901848684012075,0.021561927493205898,0.036238202709026945,moderate_hedge_uncertain
2025-11-07,VIX,0.0577642306578579,-0.10371980184332721,0.0,0.0,0.0,moderate_hedge_uncertain
2025-11-07,CASH,0.0,0.0,0.0,0.0,0.16351085019078912,moderate_hedge_uncertain
2025-11-08,BTC-USD,-0.1773755827617338,-0.26800468058490223,0.0,0.0,0.0,moderate_hedge_uncertain
2025-11-08,DIA,0.2983306470919146,0.2682147153458985,0.3776456156807104,0.24357252229724388,0.35,moderate_hedge_uncertain
2025-11-08,ETH-USD,-0.4186168483705035,-0.5358821896506529,0.0,0.0,0.0,moderate_hedge_uncertain
2025-11-08,GLD,0.0748062965981897,0.035540255149158054,0.05004058602804237,0.003686422839264726,0.006087197606217733,moderate_hedge_uncertain
2025-11-08,QQQ,0.1840033293366035,0.14087562354623995,0.1983525084368094,0.12793269345085312,0.21124857871332683,moderate_hedge_uncertain
2025-11-08,SPY,0.2188907224580817,0.18364283849761892,0.2585686349100871,0.16677067593776393,0.2753797118830106,moderate_hedge_uncertain
2025-11-08,TLT,0.1090386004234975,0.08195516329010949,0.11539265494435086,0.02512810201700819,0.041492723194291994,moderate_hedge_uncertain
2025-11-08,VIX,0.0886485478571884,-0.07283548464399672,0.0,0.0,0.0,moderate_hedge_uncertain
2025-11-08,CASH,0.0,0.0,0.0,0.0,0.11579178860315298,moderate_hedge_uncertain
2025-11-09,BTC-USD,-0.1301544913063831,-0.22078358912955157,0.0,0.0,0.0,low_hedge_stable
2025-11-09,DIA,0.1860945135607047,0.1559785818146886,0.5173452931898179,0.3428836928562776,0.3499999999999999,low_hedge_stable
2025-11-09,ETH-USD,-0.1972792243703594,-0.3145445656505088,0.0,0.0,0.0,low_hedge_stable
2025-11-09,GLD,-0.0700799271928782,-0.10934596864190985,0.0,0.0,0.0,low_hedge_stable
2025-11-09,QQQ,0.0947319078551096,0.05160420206474606,0.17115933954785173,0.1134401862422588,0.16871606144042203,low_hedge_stable
2025-11-09,SPY,0.116941869427818,0.08169398546735525,0.27096027141512063,0.17958578091492802,0.26709234752104244,low_hedge_stable
2025-11-09,TLT,0.0231652661082735,-0.003918171025114517,0.0,0.0,0.0,low_hedge_stable
2025-11-09,VIX,0.173705283660129,0.012221251158943881,0.04053509584720959,0.0020267547923604793,0.0030143293783237673,low_hedge_stable
2025-11-09,CASH,0.0,0.0,0.0,0.0,0.21117726166021175,low_hedge_stable
2025-11-10,BTC-USD,-0.101452985267318,-0.19208208309048647,0.0,0.0,0.0,moderate_hedge_uncertain
2025-11-10,DIA,0.1833307130414937,0.1532147812954776,0.21475419344913926,0.10812231393514975,0.23388591914802145,moderate_hedge_uncertain
2025-11-10,ETH-USD,-0.2892634288387802,-0.4065287701189296,0.0,0.0,0.0,moderate_hedge_uncertain
2025-11-10,GLD,0.2626498843618435,0.22338384291281188,0.3131069770728846,0.023742219543122386,0.051358231602293414,moderate_hedge_uncertain
2025-11-10,QQQ,0.2037862296304485,0.16065852384008497,0.22518774896443458,0.11337529710984963,0.24524896488176953,moderate_hedge_uncertain
2025-11-10,SPY,0.2114332947497756,0.17618541078931282,0.24695108051354156,0.12433248368783645,0.26895111812652805,moderate_hedge_uncertain
2025-11-10,TLT,-0.0791758758236344,-0.10625931295702243,0.0,0.0,0.0,moderate_hedge_uncertain
2025-11-10,VIX,-0.0409583044185949,-0.20244233691978003,0.0,0.0,0.0,moderate_hedge_uncertain
2025-11-10,CASH,0.0,0.0,0.0,0.0,0.2005557662413877,moderate_hedge_uncertain
2025-11-11,BTC-USD,-0.1395545130582391,-0.23018361088140757,0.0,0.0,0.0,moderate_hedge_uncertain
2025-11-11,DIA,0.3256617986210686,0.2955458668750525,0.3267788448401877,0.16789388322040172,0.3245901934959287,moderate_hedge_uncertain
2025-11-11,ETH-USD,-0.3189877323281916,-0.4362530736083411,0.0,0.0,0.0,moderate_hedge_uncertain
2025-11-11,GLD,0.2353290581217328,0.19606301667270115,0.21678275112293893,0.01643744720761374,0.031778609603629195,moderate_hedge_uncertain
2025-11-11,QQQ,0.2397218411534045,0.19659413536304096,0.21736999788073455,0.11168132091798984,0.21591412903984947,moderate_hedge_uncertain
2025-11-11,SPY,0.251466529859672,0.21621864589920922,0.23906840615613878,0.12282962529136797,0.23746720890372977,moderate_hedge_uncertain
2025-11-11,TLT,0.0177425026921746,-0.009340934441213419,0.0,0.0,0.0,moderate_hedge_uncertain
2025-11-11,VIX,-0.1700838322915498,-0.3315678647927349,0.0,0.0,0.0,moderate_hedge_uncertain
2025-11-11,CASH,0.0,0.0,0.0,0.0,0.1902498589568629,moderate_hedge_uncertain
2025-11-12,BTC-USD,-0.2733668194980628,-0.3639959173212312,0.0,0.0,0.0,moderate_hedge_uncertain
2025-11-12,DIA,0.3570548136092475,0.32693888186323145,0.3382843250819279,0.177840499548613,0.35,moderate_hedge_uncertain
2025-11-12,ETH-USD,-0.3860688475575296,-0.5033341888376791,0.0,0.0,0.0,moderate_hedge_uncertain
2025-11-12,GLD,0.299128199299517,0.2598621578504854,0.26887990251205174,0.01980684856700355,0.0410694897574608,moderate_hedge_uncertain
2025-11-12,QQQ,0.2040849642385885,0.16095725844822495,0.16654280222311715,0.08755373201643889,0.1815426158337408,moderate_hedge_uncertain
2025-11-12,SPY,0.2223094035496881,0.18706151958922532,0.19355293424387768,0.10175331211901295,0.21098543747243492,moderate_hedge_uncertain
2025-11-12,TLT,0.0587254315990631,0.03164199446567508,0.03274003593902545,0.007129304598989125,0.014782609217994208,moderate_hedge_uncertain
2025-11-12,VIX,-0.044678559518499,-0.20616259201968412,0.0,0.0,0.0,moderate_hedge_uncertain
2025-11-12,CASH,0.0,0.0,0.0,0.0,0.20161984771836938,moderate_hedge_uncertain
2025-11-13,BTC-USD,-0.2067092304815388,-0.29733832830470724,0.0,0.0,0.0,high_hedge_risk_off
2025-11-13,DIA,0.0893198922869909,0.05920396054097481,0.1831467665287515,0.07741439832815793,0.35,high_hedge_risk_off
2025-11-13,ETH-USD,-0.3165914919357586,-0.43385683321590807,0.0,0.0,0.0,high_hedge_risk_off
2025-11-13,GLD,0.2109895614690949,0.17172352002006325,0.5312247211374158,0.05078147336452156,0.25542412447488705,high_hedge_risk_off
2025-11-13,QQQ,0.0189963494145128,-0.02413135637585075,0.0,0.0,0.0,high_hedge_risk_off
2025-11-13,SPY,0.0317457926954123,-0.0035020912650504557,0.0,0.0,0.0,high_hedge_risk_off
2025-11-13,TLT,0.0424981606271954,0.015414723493807382,0.04768526867170832,0.01169099647789868,0.058804172895316954,high_hedge_risk_off
2025-11-13,VIX,0.2384014833290842,0.07691745082789908,0.23794324366212424,0.011897162183106214,0.05,high_hedge_risk_off
2025-11-13,CASH,0.0,0.0,0.0,0.0,0.2857717026297961,high_hedge_risk_off
2025-11-14,BTC-USD,-0.2493535876015297,-0.3399826854246981,0.0,0.0,0.0,high_hedge_risk_off
2025-11-14,DIA,0.0817527092209536,0.0516367774749375,0.15753565593646923,0.059408245725619514,0.2348911361614606,high_hedge_risk_off
2025-11-14,ETH-USD,-0.3226358273878992,-0.4399011686680486,0.0,0.0,0.0,high_hedge_risk_off
2025-11-14,GLD,0.1822690577605311,0.14300301631149945,0.43627962621137484,0.051273865207680756,0.20272903713815438,high_hedge_risk_off
2025-11-14,QQQ,0.0465910119979678,0.0034633062076042504,0.010566000471051697,0.003984542728373771,0.015754273790110997,high_hedge_risk_off
2025-11-14,SPY,0.0552829586803131,0.020035074719850346,0.06112384993931337,0.023050405162593997,0.09113778384620429,high_hedge_risk_off
2025-11-14,TLT,0.0854014725505697,0.058318035417181675,0.17791911911681663,0.04849808754057835,0.19175403590737203,high_hedge_risk_off
2025-11-14,VIX,0.212806173042429,0.05132214054124388,0.15657574832497426,0.007828787416248713,0.03095383054167822,high_hedge_risk_off
2025-11-14,CASH,0.0,0.0,0.0,0.0,0.2327799026150194,high_hedge_risk_off
2025-11-15,BTC-USD,-0.3264813713064483,-0.4171104691296167,0.0,0.0,0.0,high_hedge_risk_off
2025-11-15,DIA,0.0894406957955212,0.05932476404950511,0.11472698582320494,0.044745023618964604,0.20079147682050055,high_hedge_risk_off
2025-11-15,ETH-USD,-0.410326184756963,-0.5275915260371125,0.0,0.0,0.0,high_hedge_risk_off
2025-11-15,GLD,0.2283636134246318,0.18909757197560015,0.36569204794718657,0.050998396594401696,0.22885323415780676,high_hedge_risk_off
2025-11-15,QQQ,0.0354463565900159,-0.007681349200347647,0.0,0.0,0.0,high_hedge_risk_off
2025-11-15,SPY,0.0510444153765212,0.015796531416058447,0.030548599136671444,0.011914352844613596,0.05346517466171477,high_hedge_risk_off
2025-11-15,TLT,0.1361542199109403,0.10907078277755228,0.21092982584817363,0.06327894775445206,0.28396170889221534,high_hedge_risk_off
2025-11-15,VIX,0.3052894983428263,0.14380546584164117,0.27810254124476336,0.01390512706223817,0.05,high_hedge_risk_off
2025-11-15,CASH,0.0,0.0,0.0,0.0,0.18292840546776262,high_hedge_risk_off
2025-11-16,BTC-USD,-0.2971189777047432,-0.38774807552791163,0.0,0.0,0.0,high_hedge_risk_off
2025-11-16,DIA,0.0657461117905503,0.03563018004453421,0.07005991274465329,0.02954007665069234,0.15821017477017416,high_hedge_risk_off
2025-11-16,ETH-USD,-0.3778397202071497,-0.49510506148729916,0.0,0.0,0.0,high_hedge_risk_off
2025-11-16,GLD,0.2589507638417765,0.21968472239274486,0.4319678559842173,0.06024238111661087,0.32264498693530186,high_hedge_risk_off
2025-11-16,QQQ,0.0130981259854148,-0.03002957980494875,0.0,0.0,0.0,high_hedge_risk_off
2025-11-16,SPY,0.028061317400267,-0.007186566560195756,0.0,0.0,0.0,high_hedge_risk_off
2025-11-16,TLT,0.1208603539772679,0.09377691684387987,0.1843943141273206,0.05531829423819618,0.2962726570720599,high_hedge_risk_off
2025-11-16,VIX,0.3209595043954406,0.15947547189425543,0.31357791714380895,0.01567889585719045,0.05,high_hedge_risk_off
2025-11-16,CASH,0.0,0.0,0.0,0.0,0.17287218122246406,high_hedge_risk_off
2025-11-17,BTC-USD,-0.2820679310810349,-0.3726970289042033,0.0,0.0,0.0,high_hedge_risk_off
2025-11-17,DIA,-0.0001186711985192,-0.030234602944535293,0.0,0.0,0.0,high_hedge_risk_off
2025-11-17,ETH-USD,-0.3405790308930873,-0.4578443721732367,0.0,0.0,0.0,high_hedge_risk_off
2025-11-17,GLD,0.2252363296974817,0.18597028824845005,0.36733196684643304,0.05122824013150325,0.2995790580220768,high_hedge_risk_off
2025-11-17,QQQ,-0.0351864702332017,-0.07831417602356526,0.0,0.0,0.0,high_hedge_risk_off
2025-11-17,SPY,-0.0207107637351315,-0.05595864769559425,0.0,0.0,0.0,high_hedge_risk_off
2025-11-17,TLT,0.1323431306266304,0.10525969349324238,0.207910901277251,0.0623732703831753,0.35,high_hedge_risk_off
2025-11-17,VIX,0.3765271362331479,0.21504310373196273,0.424757131876316,0.0212378565938158,0.05,high_hedge_risk_off
2025-11-17,CASH,0.0,0.0,0.0,0.0,0.3004209419779232,high_hedge_risk_off
2025-11-18,BTC-USD,-0.2619988219051349,-0.3526279197283033,0.0,0.0,0.0,high_hedge_risk_off
2025-11-18,DIA,-0.0501624248043496,-0.08027835655036569,0.0,0.0,0.0,high_hedge_risk_off
2025-11-18,ETH-USD,-0.2875081149744996,-0.404773456254649,0.0,0.0,0.0,high_hedge_risk_off
2025-11-18,GLD,0.2170783201006481,0.17781227865161645,0.3302114795718587,0.046051405775120076,0.2709323512173201,high_hedge_risk_off
2025-11-18,QQQ,-0.0880030412835313,-0.13113074707389483,0.0,0.0,0.0,high_hedge_risk_off
2025-11-18,SPY,-0.065906629766919,-0.10115451372738174,0.0,0.0,0.0,high_hedge_risk_off
2025-11-18,TLT,0.141963321919741,0.114879884786353,0.21334104155242728,0.06400231246572818,0.35,high_hedge_risk_off
2025-11-18,VIX,0.4072718724906011,0.24578783998941595,0.45644747887571413,0.02282237394378571,0.05,high_hedge_risk_off
2025-11-18,CASH,0.0,0.0,0.0,0.0,0.3290676487826799,high_hedge_risk_off
2025-11-19,BTC-USD,-0.2643906983194818,-0.3550197961426502,0.0,0.0,0.0,high_hedge_risk_off
2025-11-19,DIA,-0.0452171486177915,-0.07533308036380759,0.0,0.0,0.0,high_hedge_risk_off
2025-11-19,ETH-USD,-0.3057325210704688,-0.4229978623506182,0.0,0.0,0.0,high_hedge_risk_off
2025-11-19,GLD,0.2052744878171242,0.16600844636809256,0.31839690867152987,0.044403745364948205,0.26379773348624425,high_hedge_risk_off
2025-11-19,QQQ,-0.0631606373999696,-0.10628834319033316,0.0,0.0,0.0,high_hedge_risk_off
2025-11-19,SPY,-0.0412731828964404,-0.07652106685690314,0.0,0.0,0.0,high_hedge_risk_off
2025-11-19,TLT,0.1414320876012969,0.1143486504679089,0.21931568914882202,0.0657947067446466,0.35,high_hedge_risk_off
2025-11-19,VIX,0.4025153092544294,0.24103127675324426,0.46228740217964814,0.02311437010898241,0.05,high_hedge_risk_off
2025-11-19,CASH,0.0,0.0,0.0,0.0,0.33620226651375584,high_hedge_risk_off
2025-11-20,BTC-USD,-0.2786723179671361,-0.3693014157903045,0.0,0.0,0.0,high_hedge_risk_off
2025-11-20,DIA,-0.048972711920232,-0.0790886436662481,0.0,0.0,0.0,high_hedge_risk_off
2025-11-20,ETH-USD,-0.3166931594976331,-0.43395850077778253,0.0,0.0,0.0,high_hedge_risk_off
2025-11-20,GLD,0.2165476114584883,0.17728157000945666,0.3017102222660137,0.04207661418385076,0.22126942507196296,high_hedge_risk_off
2025-11-20,QQQ,-0.0917337050883004,-0.13486141087866393,0.0,0.0,0.0,high_hedge_risk_off
2025-11-20,SPY,-0.0650785555450347,-0.10032643950549744,0.0,0.0,0.0,high_hedge_risk_off
2025-11-20,TLT,0.1884259744921712,0.16134253735878318,0.2745840574679277,0.0823752172403783,0.35,high_hedge_risk_off
2025-11-20,VIX,0.4104487999081261,0.24896476740694096,0.42370572026605874,0.02118528601330294,0.05,high_hedge_risk_off
2025-11-20,CASH,0.0,0.0,0.0,0.0,0.378730574928037,high_hedge_risk_off
2025-11-21,BTC-USD,-0.3273126918661664,-0.4179417896893348,0.0,0.0,0.0,high_hedge_risk_off
2025-11-21,DIA,-0.004271531445373,-0.03438746319138909,0.0,0.0,0.0,high_hedge_risk_off
2025-11-21,ETH-USD,-0.3636654956215401,-0.4809308369016896,0.0,0.0,0.0,high_hedge_risk_off
2025-11-21,GLD,0.2391970859896298,0.19993104454059815,0.331313907488702,0.04620515458324422,0.20022413457064775,high_hedge_risk_off
2025-11-21,QQQ,-0.0735839598948772,-0.11671166568524076,0.0,0.0,0.0,high_hedge_risk_off
2025-11-21,SPY,-0.0279872907669984,-0.06323517472746115,0.0,0.0,0.0,high_hedge_risk_off
2025-11-21,TLT,0.2208349341386522,0.1937514970052642,0.3210735266356528,0.09632205799069583,0.35,high_hedge_risk_off
2025-11-21,VIX,0.3712504860670536,0.20976645356586843,0.3476125658756452,0.01738062829378226,0.05,high_hedge_risk_off
2025-11-21,CASH,0.0,0.0,0.0,0.0,0.3997758654293523,high_hedge_risk_off
2025-11-22,BTC-USD,-0.3421983329917371,-0.4328274308149055,0.0,0.0,0.0,high_hedge_risk_off
2025-11-22,DIA,0.0301140272476336,-1.904498382493099e-06,0.0,0.0,0.0,high_hedge_risk_off
2025-11-22,ETH-USD,-0.373590414012884,-0.4908557552930335,0.0,0.0,0.0,high_hedge_risk_off
2025-11-22,GLD,0.2663894526472805,0.22712341119824886,0.372298940876979,0.05192094181855479,0.245205822735728,high_hedge_risk_off
2025-11-22,QQQ,-0.0505778654001897,-0.09370557119055326,0.0,0.0,0.0,high_hedge_risk_off
2025-11-22,SPY,0.0035332183905364,-0.03171466556992635,0.0,0.0,0.0,high_hedge_risk_off
2025-11-22,TLT,0.2379747214356854,0.2108912843022974,0.34569136387881333,0.10370740916364396,0.35,high_hedge_risk_off
2025-11-22,VIX,0.3335258970951749,0.17204186459398974,0.2820096952442076,0.014100484762210382,0.05,high_hedge_risk_off
2025-11-22,CASH,0.0,0.0,0.0,0.0,0.3547941772642721,high_hedge_risk_off
2025-11-23,BTC-USD,-0.2992984421792461,-0.38992754000241453,0.0,0.0,0.0,high_hedge_risk_off
2025-11-23,DIA,0.0531158819940178,0.022999950248001708,0.039754600575004816,0.01445406245188813,0.06042727224053918,high_hedge_risk_off
2025-11-23,ETH-USD,-0.3679594195143259,-0.4852247607944754,0.0,0.0,0.0,high_hedge_risk_off
2025-11-23,GLD,0.2596095288259341,0.22034348737690246,0.38085592514416133,0.05311430186742327,0.22205192412114572,high_hedge_risk_off
2025-11-23,QQQ,-0.0500135984648768,-0.09314130425524035,0.0,0.0,0.0,high_hedge_risk_off
2025-11-23,SPY,0.0076977061557108,-0.027550177804751955,0.0,0.0,0.0,high_hedge_risk_off
2025-11-23,TLT,0.2482000234789123,0.22111658634552428,0.38219219936958837,0.1146576598108765,0.35,high_hedge_risk_off
2025-11-23,VIX,0.2755721492574585,0.11408811675627337,0.1971972749112455,0.009859863745562275,0.04122056845893066,high_hedge_risk_off
2025-11-23,CASH,0.0,0.0,0.0,0.0,0.32630023517938445,high_hedge_risk_off
2025-11-24,BTC-USD,-0.3450368476561952,-0.4356659454793636,0.0,0.0,0.0,high_hedge_risk_off
2025-11-24,DIA,0.0406772840585176,0.010561352312501505,0.018482924266755293,0.004465447659975112,0.015008855705844907,high_hedge_risk_off
2025-11-24,ETH-USD,-0.2982826905834685,-0.415548031863618,0.0,0.0,0.0,high_hedge_risk_off
2025-11-24,GLD,0.37761280615784,0.33834676470880837,0.5921247055277312,0.0825775957470179,0.2775522889253821,high_hedge_risk_off
2025-11-24,QQQ,0.0079770667914682,-0.035150638998895346,0.0,0.0,0.0,high_hedge_risk_off
2025-11-24,SPY,0.0472989588833256,0.01205107492286285,0.021090017503592885,0.00509531759969635,0.017125917142587398,high_hedge_risk_off
2025-11-24,TLT,0.2375355738336716,0.2104521367002836,0.3683023527019206,0.11049070581057617,0.35,high_hedge_risk_off
2025-11-24,VIX,0.1134063631712306,-0.04807766932995452,0.0,0.0,0.0,high_hedge_risk_off
2025-11-24,CASH,0.0,0.0,0.0,0.0,0.3403129382261856,high_hedge_risk_off
2025-11-25,BTC-USD,-0.322956143534054,-0.4135852413572224,0.0,0.0,0.0,high_hedge_risk_off
2025-11-25,DIA,0.086930758267412,0.05681482652139591,0.09355994309202689,0.022536691643392934,0.06916696727635456,high_hedge_risk_off
2025-11-25,ETH-USD,-0.2852131663664533,-0.40247850764660276,0.0,0.0,0.0,high_hedge_risk_off
2025-11-25,GLD,0.2961041160624101,0.2568380746133785,0.42294867582925866,0.057318765450663535,0.17591602338887996,high_hedge_risk_off
2025-11-25,QQQ,0.0256443717444887,-0.017483334045874852,0.0,0.0,0.0,high_hedge_risk_off
2025-11-25,SPY,0.0766769320828767,0.04142904812241395,0.0682233779809253,0.016433627272671822,0.05043615885537195,high_hedge_risk_off
2025-11-25,TLT,0.279257377990541,0.252173940857153,0.41526800309778916,0.1223637873486661,0.35,high_hedge_risk_off
2025-11-25,VIX,0.0524294866822575,-0.10905454581892762,0.0,0.0,0.0,high_hedge_risk_off
2025-11-25,CASH,0.0,0.0,0.0,0.0,0.35448085047939343,high_hedge_risk_off
2025-11-26,BTC-USD,-0.1852841658442352,-0.27591326366740365,0.0,0.0,0.0,high_hedge_risk_off
2025-11-26,DIA,0.114847735519004,0.0847318037729879,0.15572238209218114,0.04372435293112625,0.13393392448233127,high_hedge_risk_off
2025-11-26,ETH-USD,-0.1715434031003465,-0.2888087443804959,0.0,0.0,0.0,high_hedge_risk_off
2025-11-26,GLD,0.2383615640171031,0.19909552256807145,0.3659030925536782,0.04156724428548839,0.12732639327654924,high_hedge_risk_off
2025-11-26,QQQ,0.0803938809989005,0.037266175208536964,0.0684887765458852,0.019230552456747235,0.05890592285156435,high_hedge_risk_off
2025-11-26,SPY,0.1130766865961664,0.07782880263570366,0.14303586141379535,0.04016218094173678,0.1230224840095248,high_hedge_risk_off
2025-11-26,TLT,0.1722820398760994,0.1451986027427114,0.26684988739446025,0.07131985345480976,0.21846287540844303,high_hedge_risk_off
2025-11-26,VIX,-0.1002905281041303,-0.2617745606053154,0.0,0.0,0.0,high_hedge_risk_off
2025-11-26,CASH,0.0,0.0,0.0,0.0,0.3383483999715873,high_hedge_risk_off
2025-11-27,BTC-USD,-0.195464000630669,-0.2860930984538374,0.0,0.0,0.0,high_hedge_risk_off
2025-11-27,DIA,0.1547801698489391,0.12466423810292301,0.1764265176287424,0.07912427066723476,0.21070038734261679,high_hedge_risk_off
2025-11-27,ETH-USD,-0.2214422684258278,-0.33870760970597724,0.0,0.0,0.0,high_hedge_risk_off
2025-11-27,GLD,0.2456753422421593,0.20640930079312766,0.29211323711816983,0.02677812587598649,0.07130759559362501,high_hedge_risk_off
2025-11-27,QQQ,0.1268118964354831,0.08368419064511955,0.11843099962564202,0.05311427440567385,0.14143824766187418,high_hedge_risk_off
2025-11-27,SPY,0.1532212409004579,0.11797335693999517,0.16695749201717502,0.0748775749011184,0.19939184149061062,high_hedge_risk_off
2025-11-27,TLT,0.2009594966667253,0.1738760595333373,0.24607175361027073,0.05902052452970787,0.15716602851068612,high_hedge_risk_off
2025-11-27,VIX,-0.1091245037063459,-0.270608536207531,0.0,0.0,0.0,high_hedge_risk_off
2025-11-27,CASH,0.0,0.0,0.0,0.0,0.21999589940058714,high_hedge_risk_off
2025-11-28,BTC-USD,-0.2615105988719514,-0.3521396966951198,0.0,0.0,0.0,high_hedge_risk_off
2025-11-28,DIA,0.2288577572327742,0.19874182548675812,0.19421189517775855,0.06571191446675125,0.17443567574053725,high_hedge_risk_off
2025-11-28,ETH-USD,-0.2709904961938865,-0.3882558374740359,0.0,0.0,0.0,high_hedge_risk_off
2025-11-28,GLD,0.3508246722759057,0.3115586308268741,0.30445726260024936,0.02243129744277385,0.059545039266007696,high_hedge_risk_off
2025-11-28,QQQ,0.1945340923084155,0.15140638651805197,0.1479553747464512,0.05006094462615777,0.13288936679042965,high_hedge_risk_off
2025-11-28,SPY,0.2227512429269768,0.18750335896651402,0.1832295874705476,0.061996032573712404,0.1645716750605354,high_hedge_risk_off
2025-11-28,TLT,0.2011979153443799,0.17411447821099188,0.17014588000499337,0.037053286656150694,0.09835986591965483,high_hedge_risk_off
2025-11-28,VIX,-0.2170262742164525,-0.37851030671763763,0.0,0.0,0.0,high_hedge_risk_off
2025-11-28,CASH,0.0,0.0,0.0,0.0,0.3701983772228352,high_hedge_risk_off
2025-11-29,BTC-USD,-0.2393050111883361,-0.32993410901150455,0.0,0.0,0.0,moderate_hedge_uncertain
2025-11-29,DIA,0.2617917701893832,0.23167583844336714,0.21022007054210534,0.10161795499005535,0.2410008876957473,moderate_hedge_uncertain
2025-11-29,ETH-USD,-0.3228531629582794,-0.4401185042384289,0.0,0.0,0.0,moderate_hedge_uncertain
2025-11-29,GLD,0.3395709393036829,0.30030489785465125,0.27249331322297815,0.02007303665248889,0.04760595361786722,moderate_hedge_uncertain
2025-11-29,QQQ,0.2155443656603559,0.17241665986999236,0.1564489531754263,0.07562561767306374,0.1793565024363184,moderate_hedge_uncertain
2025-11-29,SPY,0.246035190305245,0.21078730634478224,0.1912660496101428,0.09245580010647128,0.21927158345649375,moderate_hedge_uncertain
2025-11-29,TLT,0.213962100149551,0.186878663016163,0.1695716134493474,0.03692506513791097,0.08757284554024647,moderate_hedge_uncertain
2025-11-29,VIX,-0.201507877946137,-0.3629919104473221,0.0,0.0,0.0,moderate_hedge_uncertain
2025-11-29,CASH,0.0,0.0,0.0,0.0,0.2251922272533269,moderate_hedge_uncertain
2025-11-30,BTC-USD,-0.270902561544964,-0.3615316593681324,0.0,0.0,0.0,moderate_hedge_uncertain
2025-11-30,DIA,0.2555409919168361,0.22542506017082004,0.21594781087085405,0.11404764191179542,0.2735692677219755,moderate_hedge_uncertain
2025-11-30,ETH-USD,-0.3360344355303311,-0.4532997768104805,0.0,0.0,0.0,moderate_hedge_uncertain
2025-11-30,GLD,0.3182269252813201,0.2789608838322885,0.26723289831455554,0.019685543622601585,0.047220263946440584,moderate_hedge_uncertain
2025-11-30,QQQ,0.1798928783468048,0.13676517255644127,0.1310153342958323,0.06919259737095086,0.16597421811835616,moderate_hedge_uncertain
2025-11-30,SPY,0.2192965253423899,0.1840486413819271,0.17631092643410895,0.09311437482049544,0.22335605460158056,moderate_hedge_uncertain
2025-11-30,TLT,0.2457704371161846,0.2186869999827966,0.209493030084649,0.045618167324132604,0.10942557356278652,moderate_hedge_uncertain
2025-11-30,VIX,-0.1322714017264709,-0.293755434227656,0.0,0.0,0.0,moderate_hedge_uncertain
2025-11-30,CASH,0.0,0.0,0.0,0.0,0.1804546220488608,moderate_hedge_uncertain
2025-12-01,BTC-USD,-0.3995728104740325,-0.4902019082972009,0.0,0.0,0.0,high_hedge_risk_off
2025-12-01,DIA,0.1650238556915989,0.1349079239455828,0.15170372051674524,0.05571130685290362,0.15836939538257117,high_hedge_risk_off
2025-12-01,ETH-USD,-0.4779164410636862,-0.5951817823438357,0.0,0.0,0.0,high_hedge_risk_off
2025-12-01,GLD,0.3859054480127201,0.34663940656368847,0.3897953961150555,0.02871433502079519,0.08162565434091792,high_hedge_risk_off
2025-12-01,QQQ,0.1728274075786694,0.12969970178830587,0.14584708396472654,0.05356052983198388,0.1522554254248186,high_hedge_risk_off
2025-12-01,SPY,0.187754530071507,0.15250664611104423,0.17149345228904583,0.06297884001259035,0.17902866362521494,high_hedge_risk_off
2025-12-01,TLT,0.1526152916441225,0.12553185451073448,0.14116034711442701,0.030738549537740918,0.08737984765072018,high_hedge_risk_off
2025-12-01,VIX,0.1056750642421603,-0.05580896825902481,0.0,0.0,0.0,high_hedge_risk_off
2025-12-01,CASH,0.0,0.0,0.0,0.0,0.3413410135757572,high_hedge_risk_off
2025-12-02,BTC-USD,-0.2938550361756903,-0.3844841339988587,0.0,0.0,0.0,high_hedge_risk_off
2025-12-02,DIA,0.1568495113158432,0.12673357956982712,0.13639521026991241,0.050015746127638046,0.1257499525864718,high_hedge_risk_off
2025-12-02,ETH-USD,-0.3778241853621323,-0.4950895266422818,0.0,0.0,0.0,high_hedge_risk_off
2025-12-02,GLD,0.346998223990453,0.3077321825414214,0.3311923792180905,0.02439754259718379,0.06134047899621269,high_hedge_risk_off
2025-12-02,QQQ,0.2894349658676236,0.24630726007726003,0.2650846811340461,0.0972058189410704,0.24439557678045215,high_hedge_risk_off
2025-12-02,SPY,0.2344366865321526,0.19918880257168983,0.21437411223130945,0.07861039366764447,0.19764282334773997,high_hedge_risk_off
2025-12-02,TLT,0.0762860553109887,0.04920261817760068,0.052953617146641555,0.011531033190971391,0.02899140749269797,high_hedge_risk_off
2025-12-02,VIX,-0.0732884906671549,-0.23477252316834002,0.0,0.0,0.0,high_hedge_risk_off
2025-12-02,CASH,0.0,0.0,0.0,0.0,0.3418797607964254,high_hedge_risk_off
2025-12-03,BTC-USD,-0.1681900516177411,-0.2588191494409095,0.0,0.0,0.0,moderate_hedge_uncertain
2025-12-03,DIA,0.2139421104793338,0.18382617873331772,0.23661944326877835,0.12050001675210575,0.236239940085559,moderate_hedge_uncertain
2025-12-03,ETH-USD,-0.0645094055232937,-0.18177474680344313,0.0,0.0,0.0,moderate_hedge_uncertain
2025-12-03,GLD,0.1778392475179978,0.13857320606896614,0.17837021417703863,0.013139761002850345,0.025760464070621675,moderate_hedge_uncertain
2025-12-03,QQQ,0.243405057194228,0.20027735140386446,0.25779524828875067,0.1312839355391494,0.2573817821931802,moderate_hedge_uncertain
2025-12-03,SPY,0.2277482970116888,0.19250041305122603,0.24778484152287583,0.12618606967352353,0.24738743066427366,moderate_hedge_uncertain
2025-12-03,TLT,0.0887916367461306,0.06170819961274258,0.07943025274255651,0.01729649920546705,0.03390973749319458,moderate_hedge_uncertain
2025-12-03,VIX,-0.2780041425098967,-0.43948817501108184,0.0,0.0,0.0,moderate_hedge_uncertain
2025-12-03,CASH,0.0,0.0,0.0,0.0,0.1993206454931708,moderate_hedge_uncertain
2025-12-04,BTC-USD,-0.1389190913084447,-0.22954818913161318,0.0,0.0,0.0,high_hedge_risk_off
2025-12-04,DIA,0.2173171166359051,0.18720118488988902,0.2402320610656548,0.10081407282477196,0.2316366504973819,high_hedge_risk_off
2025-12-04,ETH-USD,-0.0565466117477844,-0.17381195302793384,0.0,0.0,0.0,high_hedge_risk_off
2025-12-04,GLD,0.269606680863843,0.23034063941481137,0.29559218114110164,0.021774763652757177,0.05003104404544443,high_hedge_risk_off
2025-12-04,QQQ,0.2035926897066028,0.16046498391623926,0.20592195416786263,0.08641573814755996,0.19855414600253152,high_hedge_risk_off
2025-12-04,SPY,0.2059840301085878,0.17073614614812502,0.21910276001563,0.09194710109192082,0.21126334769646662,high_hedge_risk_off
2025-12-04,TLT,0.057591945118998,0.03050850798560998,0.03915104360975084,0.008525368938216461,0.019588415087002008,high_hedge_risk_off
2025-12-04,VIX,-0.312456778847605,-0.4739408113487901,0.0,0.0,0.0,high_hedge_risk_off
2025-12-04,CASH,0.0,0.0,0.0,0.0,0.2889263966711736,high_hedge_risk_off
2025-12-05,BTC-USD,-0.2158115040891206,-0.306440601912289,0.0,0.0,0.0,high_hedge_risk_off
2025-12-05,DIA,0.2764519609050715,0.24633602915905545,0.2483553627560288,0.1042320012353051,0.22870899727936603,high_hedge_risk_off
2025-12-05,ETH-USD,-0.1719710246265258,-0.28923636590667523,0.0,0.0,0.0,high_hedge_risk_off
2025-12-05,GLD,0.2830841839272063,0.24381814247817468,0.24581683576043065,0.018107913531125786,0.03973292940213133,high_hedge_risk_off
2025-12-05,QQQ,0.2682632361978139,0.22513553040745035,0.22698107343246451,0.0952614482081652,0.20902553957382963,high_hedge_risk_off
2025-12-05,SPY,0.260010560779233,0.2247626768187702,0.22660516338557588,0.09510368291557456,0.2086793662158756,high_hedge_risk_off
2025-12-05,TLT,0.0789002348620408,0.05181679772865278,0.052241564665500166,0.011375855385069224,0.024961244603188135,high_hedge_risk_off
2025-12-05,VIX,-0.313328398867064,-0.47481243136824913,0.0,0.0,0.0,high_hedge_risk_off
2025-12-05,CASH,0.0,0.0,0.0,0.0,0.2888919229256093,high_hedge_risk_off
2025-12-06,BTC-USD,-0.1519454757200725,-0.24257457354324097,0.0,0.0,0.0,moderate_hedge_uncertain
2025-12-06,DIA,0.2654942280459036,0.23537829629988755,0.2529289227339771,0.1516449637149378,0.298414332554589,moderate_hedge_uncertain
2025-12-06,ETH-USD,-0.0888502136537501,-0.20611555493389955,0.0,0.0,0.0,moderate_hedge_uncertain
2025-12-06,GLD,0.2546969147593633,0.21543087331033164,0.23149415033831272,0.01705284326872158,0.03355741409097843,moderate_hedge_uncertain
2025-12-06,QQQ,0.2471387244377977,0.20401101864743415,0.21922279149567236,0.13143626241912107,0.2586466676005291,moderate_hedge_uncertain
2025-12-06,SPY,0.2499832077228429,0.21473532376238014,0.23074673819098654,0.13834550972691834,0.2722430203794234,moderate_hedge_uncertain
2025-12-06,TLT,0.0881383660056806,0.06105492887229259,0.06560739724105115,0.014286330436491896,0.02811333563226068,moderate_hedge_uncertain
2025-12-06,VIX,-0.3458335992118588,-0.507317631713044,0.0,0.0,0.0,moderate_hedge_uncertain
2025-12-06,CASH,0.0,0.0,0.0,0.0,0.1090252297422194,moderate_hedge_uncertain
2025-12-07,BTC-USD,-0.1381266992593602,-0.22875579708252866,0.0,0.0,0.0,moderate_hedge_uncertain
2025-12-07,DIA,0.2969853844540514,0.26686945270803536,0.2750011991002128,0.17596239232779207,0.3380423722871674,moderate_hedge_uncertain
2025-12-07,ETH-USD,-0.0958225904783059,-0.21308793175845533,0.0,0.0,0.0,moderate_hedge_uncertain
2025-12-07,GLD,0.2671123053252729,0.2278462638762413,0.23478893946329604,0.01729555142309201,0.03322658413387166,moderate_hedge_uncertain
2025-12-07,QQQ,0.2390915359309486,0.19596383014058505,0.2019350199960473,0.12921023373544085,0.24822652930485922,moderate_hedge_uncertain
2025-12-07,SPY,0.2640484809117695,0.22880059695130672,0.235772351904551,0.15086140431975575,0.28982071866710485,moderate_hedge_uncertain
2025-12-07,TLT,0.0780334355119305,0.05094999837854248,0.05250248953589286,0.011432672920134206,0.021963374243662275,moderate_hedge_uncertain
2025-12-07,VIX,-0.3647789959796991,-0.5262630284808842,0.0,0.0,0.0,moderate_hedge_uncertain
2025-12-07,CASH,0.0,0.0,0.0,0.0,0.06872042136333482,moderate_hedge_uncertain
2025-12-08,BTC-USD,-0.2301774002107959,-0.3208064980339644,0.0,0.0,0.0,moderate_hedge_uncertain
2025-12-08,DIA,0.266640048952631,0.23652411720661493,0.2858174875510502,0.1326107493799534,0.26711416308089875,moderate_hedge_uncertain
2025-12-08,ETH-USD,-0.2068110792036615,-0.3240764204838109,0.0,0.0,0.0,moderate_hedge_uncertain
2025-12-08,GLD,0.2240793554272337,0.18481331397820205,0.22332977157289136,0.016170751036716138,0.03257229636178326,moderate_hedge_uncertain
2025-12-08,QQQ,0.2310570455587612,0.18792933976839765,0.22709520011783751,0.1053653676905896,0.2122345446351696,moderate_hedge_uncertain
2025-12-08,SPY,0.2403639274494328,0.20511604348897003,0.24786373964231737,0.11500134767721143,0.23164403249060797,moderate_hedge_uncertain
2025-12-08,TLT,0.0402361217721302,0.013152684638742182,0.015893801115903484,0.003401907081848321,0.006852367302769074,moderate_hedge_uncertain
2025-12-08,VIX,-0.1500243938742661,-0.31150842637545123,0.0,0.0,0.0,moderate_hedge_uncertain
2025-12-08,CASH,0.0,0.0,0.0,0.0,0.2495825961287713,moderate_hedge_uncertain
2025-12-09,BTC-USD,-0.1227095150026574,-0.21333861282582586,0.0,0.0,0.0,moderate_hedge_uncertain
2025-12-09,DIA,0.2148844549424401,0.184768523196424,0.2809608280074586,0.15823690059796514,0.299740312365449,moderate_hedge_uncertain
2025-12-09,ETH-USD,0.0369315441285266,-0.08033379715162284,0.0,0.0,0.0,moderate_hedge_uncertain
2025-12-09,GLD,0.1927814959916028,0.15351545454257115,0.2334371053795213,0.016913981711327658,0.032039316634352985,moderate_hedge_uncertain
2025-12-09,QQQ,0.2024367600019453,0.15930905421158176,0.24224690984182412,0.13643325464497616,0.2584387472819718,moderate_hedge_uncertain
2025-12-09,SPY,0.1952857556016101,0.16003787164114733,0.24335515677119599,0.13705741837785196,0.25962106968308296,moderate_hedge_uncertain
2025-12-09,TLT,-0.0071810150260777,-0.03426445215946572,0.0,0.0,0.0,moderate_hedge_uncertain
2025-12-09,VIX,-0.2645493785462565,-0.42603341104744163,0.0,0.0,0.0,moderate_hedge_uncertain
2025-12-09,CASH,0.0,0.0,0.0,0.0,0.1501605540351432,moderate_hedge_uncertain
2025-12-10,BTC-USD,-0.0498342901765698,-0.14046338799973826,0.0,0.0,0.0,moderate_hedge_uncertain
2025-12-10,DIA,0.2181298625575388,0.1880139308115227,0.28929106254324183,0.17344487300241648,0.2826793336283983,moderate_hedge_uncertain
2025-12-10,ETH-USD,0.1127517966737717,-0.004513544606377733,0.0,0.0,0.0,moderate_hedge_uncertain
2025-12-10,GLD,0.1339136637773526,0.09464762232832094,0.14563128972607683,0.009214436349955616,0.015017628841242567,moderate_hedge_uncertain
2025-12-10,QQQ,0.2230871147531822,0.17995940896281865,0.2768978256494013,0.16601448998178747,0.2705693433789551,moderate_hedge_uncertain
2025-12-10,SPY,0.2225396055011788,0.18729172154071602,0.28817982208128007,0.17277862718373935,0.28159349049682453,moderate_hedge_uncertain
2025-12-10,TLT,-0.0083459188047909,-0.03542935593817892,0.0,0.0,0.0,moderate_hedge_uncertain
2025-12-10,VIX,-0.3691895779781206,-0.5306736104793057,0.0,0.0,0.0,moderate_hedge_uncertain
2025-12-10,CASH,0.0,0.0,0.0,0.0,0.15014020365457936,moderate_hedge_uncertain
2025-12-11,BTC-USD,0.0031429529840287,-0.08748614483913977,0.0,0.0,0.0,moderate_hedge_uncertain
2025-12-11,DIA,0.2610277301793325,0.23091179843331644,0.3178793902331179,0.1569523908431567,0.2931380330055856,moderate_hedge_uncertain
2025-12-11,ETH-USD,0.0569243585835681,-0.060340982696581336,0.0,0.0,0.0,moderate_hedge_uncertain
2025-12-11,GLD,0.2001901531101598,0.16092411166112816,0.22153245886835085,0.014016882948223772,0.026179158369227237,moderate_hedge_uncertain
2025-12-11,QQQ,0.1939451459070116,0.15081744011664805,0.2076193430828293,0.1025116861405779,0.19145980430055468,moderate_hedge_uncertain
2025-12-11,SPY,0.2190077757779789,0.18375989181751612,0.25296880781570197,0.12490290473471824,0.23327960545187035,moderate_hedge_uncertain
2025-12-11,TLT,-0.0137000005617099,-0.040783437695097915,0.0,0.0,0.0,moderate_hedge_uncertain
2025-12-11,VIX,-0.4368942985743688,-0.5983783310755539,0.0,0.0,0.0,moderate_hedge_uncertain
2025-12-11,CASH,0.0,0.0,0.0,0.0,0.2559433988727622,moderate_hedge_uncertain
2025-12-12,BTC-USD,-0.071151338317754,-0.16178043614092247,0.0,0.0,0.0,moderate_hedge_uncertain
2025-12-12,DIA,0.3028484751763464,0.2727325434303303,0.36458355744990334,0.17703298140086554,0.35,moderate_hedge_uncertain
2025-12-12,ETH-USD,-0.0597572282806215,-0.17702256956077095,0.0,0.0,0.0,moderate_hedge_uncertain
2025-12-12,GLD,0.3343098529186348,0.2950438114696032,0.3944088264503164,0.025943985231725357,0.06046504321270678,moderate_hedge_uncertain
2025-12-12,QQQ,0.0847115407668703,0.041583834976506764,0.0555884614921922,0.026992416054863425,0.06290851573477163,moderate_hedge_uncertain
2025-12-12,SPY,0.1739536390706006,0.13870575511013783,0.18541915460758812,0.09003506899380621,0.20983570136759164,moderate_hedge_uncertain
2025-12-12,TLT,-0.0486124392624277,-0.07569587639581571,0.0,0.0,0.0,moderate_hedge_uncertain
2025-12-12,VIX,-0.2728373875714385,-0.43432142007262364,0.0,0.0,0.0,moderate_hedge_uncertain
2025-12-12,CASH,0.0,0.0,0.0,0.0,0.3167907396849299,moderate_hedge_uncertain
2025-12-13,BTC-USD,-0.0411702221134753,-0.13179931993664376,0.0,0.0,0.0,low_hedge_stable
2025-12-13,DIA,0.3508539949418142,0.3207380631957981,0.33090738745377274,0.22954377935928502,0.35,low_hedge_stable
2025-12-13,ETH-USD,-0.0305696490836539,-0.14783499036380332,0.0,0.0,0.0,low_hedge_stable
2025-12-13,GLD,0.337733138864553,0.29846709741552135,0.307930298208444,0.020255477497857343,0.03861814302478994,low_hedge_stable
2025-12-13,QQQ,0.1793848008016563,0.13625709501129277,0.14057726383632432,0.09751561209096642,0.18591869064934344,low_hedge_stable
2025-12-13,SPY,0.2490539957314457,0.21380611177098294,0.22058505050145905,0.15301539972218706,0.2917319817363923,low_hedge_stable
2025-12-13,TLT,0.0124302227535103,-0.014653214379877717,0.0,0.0,0.0,low_hedge_stable
2025-12-13,VIX,-0.4532766151820736,-0.6147606476832588,0.0,0.0,0.0,low_hedge_stable
2025-12-13,CASH,0.0,0.0,0.0,0.0,0.13373118458947433,low_hedge_stable
2025-12-14,BTC-USD,-0.1076616396529149,-0.19829073747608336,0.0,0.0,0.0,low_hedge_stable
2025-12-14,DIA,0.4024062231011402,0.37229029135512415,0.34585423209878163,0.24394988557195532,0.35,low_hedge_stable
2025-12-14,ETH-USD,-0.1362245497034478,-0.2534898909835972,0.0,0.0,0.0,low_hedge_stable
2025-12-14,GLD,0.3424958815450076,0.303229840095976,0.28169771259437026,0.017823680937708777,0.032661820158383176,low_hedge_stable
2025-12-14,QQQ,0.1973065419739348,0.15417883618357126,0.1432307106372758,0.10102844559199588,0.18513420052451593,low_hedge_stable
2025-12-14,SPY,0.2758125494518088,0.24056466549134597,0.22348234586178278,0.1576343084469259,0.2888642055071733,low_hedge_stable
2025-12-14,TLT,0.0332568020337296,0.006173364900341579,0.005734998807789408,0.0010726511807508218,0.0019656287655059656,low_hedge_stable
2025-12-14,VIX,-0.4058254222781481,-0.5673094547793333,0.0,0.0,0.0,low_hedge_stable
2025-12-14,CASH,0.0,0.0,0.0,0.0,0.14137414504442172,low_hedge_stable
2025-12-15,BTC-USD,-0.1373319122875142,-0.22796101011068268,0.0,0.0,0.0,moderate_hedge_uncertain
2025-12-15,DIA,0.350945125281217,0.32082919353520095,0.3470163070972231,0.17133869239054542,0.35,moderate_hedge_uncertain
2025-12-15,ETH-USD,-0.190200893777725,-0.3074662350578744,0.0,0.0,0.0,moderate_hedge_uncertain
2025-12-15,GLD,0.3795322734479792,0.34026623199894757,0.36803985933158667,0.023286752897937454,0.05167264351242819,moderate_hedge_uncertain
2025-12-15,QQQ,0.1315279025863895,0.08840019679602594,0.09561570597988282,0.04721008695998274,0.10475784255390927,moderate_hedge_uncertain
2025-12-15,SPY,0.2102886219498471,0.17504073798938433,0.18932812759130732,0.0934804306045378,0.20743042137250478,moderate_hedge_uncertain
2025-12-15,TLT,-0.0189171163699325,-0.04600055350332052,0.0,0.0,0.0,moderate_hedge_uncertain
2025-12-15,VIX,-0.2626980063545988,-0.4241820388557839,0.0,0.0,0.0,moderate_hedge_uncertain
2025-12-15,CASH,0.0,0.0,0.0,0.0,0.2861390925611579,moderate_hedge_uncertain
2025-12-16,BTC-USD,-0.2179754408218609,-0.30860453864502935,0.0,0.0,0.0,moderate_hedge_uncertain
2025-12-16,DIA,0.3004120380247861,0.27029610627877004,0.3184814155009483,0.15724963975209813,0.35,moderate_hedge_uncertain
2025-12-16,ETH-USD,-0.2452688858790585,-0.3625342271592079,0.0,0.0,0.0,moderate_hedge_uncertain
2025-12-16,GLD,0.4436379424343297,0.40437190098529807,0.4764587148058456,0.030146670472764533,0.07771098271643494,moderate_hedge_uncertain
2025-12-16,QQQ,0.1033696952764102,0.06024198948604666,0.07098124478464346,0.03504686499205617,0.09034252462882847,moderate_hedge_uncertain
2025-12-16,SPY,0.1490408039994291,0.11379292003896635,0.13407862490856276,0.06620108564942437,0.17065073329936714,moderate_hedge_uncertain
2025-12-16,TLT,-0.0481680514306859,-0.07525148856407392,0.0,0.0,0.0,moderate_hedge_uncertain
2025-12-16,VIX,-0.1236271960805502,-0.2851112285817353,0.0,0.0,0.0,moderate_hedge_uncertain
2025-12-16,CASH,0.0,0.0,0.0,0.0,0.31129575935536946,moderate_hedge_uncertain
2025-12-17,BTC-USD,-0.2605079530654117,-0.3511370508885801,0.0,0.0,0.0,moderate_hedge_uncertain
2025-12-17,DIA,0.2442214003610337,0.2141054686150176,0.3216585934141179,0.15881835791762314,0.35,moderate_hedge_uncertain
2025-12-17,ETH-USD,-0.3285849161420336,-0.4458502574221831,0.0,0.0,0.0,moderate_hedge_uncertain
2025-12-17,GLD,0.4456301552350671,0.4063641137860355,0.610495892981701,0.03862752631421145,0.12445010735971086,moderate_hedge_uncertain
2025-12-17,QQQ,0.0174801928302488,-0.025647512960114752,0.0,0.0,0.0,moderate_hedge_uncertain
2025-12-17,SPY,0.0804078634575695,0.04515997949710676,0.06784551360418119,0.033498601571080824,0.10792574517999631,moderate_hedge_uncertain
2025-12-17,TLT,0.0157712609946239,-0.011312176138764118,0.0,0.0,0.0,moderate_hedge_uncertain
2025-12-17,VIX,0.0761876559165659,-0.08529637658461922,0.0,0.0,0.0,moderate_hedge_uncertain
2025-12-17,CASH,0.0,0.0,0.0,0.0,0.4176241474602929,moderate_hedge_uncertain
2025-12-18,BTC-USD,-0.2896691651202849,-0.3802982629434533,0.0,0.0,0.0,moderate_hedge_uncertain
2025-12-18,DIA,0.2377038833036931,0.207587951557677,0.28642137128436235,0.14142004186094478,0.35,moderate_hedge_uncertain
2025-12-18,ETH-USD,-0.3658732725044254,-0.4831386137845749,0.0,0.0,0.0,moderate_hedge_uncertain
2025-12-18,GLD,0.4168929135012755,0.3776268720522439,0.5210341241648432,0.032967067824378256,0.09792580014239852,moderate_hedge_uncertain
2025-12-18,QQQ,0.0693930388544894,0.02626533306412585,0.036239833078063895,0.01789335302722663,0.05315064481184634,moderate_hedge_uncertain
2025-12-18,SPY,0.1037142933174355,0.06846640935697275,0.09446715335736645,0.04664298869311517,0.13854893050053327,moderate_hedge_uncertain
2025-12-18,TLT,0.0719010555164616,0.04481761838307358,0.06183751811536412,0.01156584253125413,0.03435532666197633,moderate_hedge_uncertain
2025-12-18,VIX,0.0685082021421628,-0.09297583035902232,0.0,0.0,0.0,moderate_hedge_uncertain
2025-12-18,CASH,0.0,0.0,0.0,0.0,0.3260192978832455,moderate_hedge_uncertain
2025-12-19,BTC-USD,-0.1424382170317204,-0.23306731485488888,0.0,0.0,0.0,moderate_hedge_uncertain
2025-12-19,DIA,0.2643135348653193,0.2341976031193032,0.25133039605893553,0.12399566163821768,0.30140689863472525,moderate_hedge_uncertain
2025-12-19,ETH-USD,-0.1667646879783582,-0.2840300292585076,0.0,0.0,0.0,moderate_hedge_uncertain
2025-12-19,GLD,0.4312724086092431,0.3920063671602115,0.42068370557068224,0.02666812025456187,0.06482448911638335,moderate_hedge_uncertain
2025-12-19,QQQ,0.1733529109692265,0.13022520517886296,0.13975186747657245,0.06894759068008094,0.16759682718459337,moderate_hedge_uncertain
2025-12-19,SPY,0.1913218731188361,0.15607398915837334,0.1674916266742905,0.08263320073497982,0.20086361432918415,moderate_hedge_uncertain
2025-12-19,TLT,0.0464118646826129,0.019328427549224883,0.020742404219519252,0.003886931418070627,0.009448297855329564,moderate_hedge_uncertain
2025-12-19,VIX,-0.3592890086388616,-0.5207730411400467,0.0,0.0,0.0,moderate_hedge_uncertain
2025-12-19,CASH,0.0,0.0,0.0,0.0,0.2558598728797844,moderate_hedge_uncertain
2025-12-20,BTC-USD,-0.0809823721677732,-0.17161146999094165,0.0,0.0,0.0,low_hedge_stable
2025-12-20,DIA,0.2688569199685456,0.23874098822252954,0.2604978952298341,0.18359788537183422,0.35,low_hedge_stable
2025-12-20,ETH-USD,-0.0922844555625021,-0.20954979684265154,0.0,0.0,0.0,low_hedge_stable
2025-12-20,GLD,0.434556834064297,0.3952907926152654,0.4313143723105866,0.02734201848963481,0.06102415907266885,low_hedge_stable
2025-12-20,QQQ,0.1716714322938933,0.12854372650352977,0.14025815361021027,0.09885339144975672,0.22062910560131538,low_hedge_stable
2025-12-20,SPY,0.1891519052229731,0.15390402126251032,0.1679295788493691,0.118356102420423,0.2641568552834903,low_hedge_stable
2025-12-20,TLT,0.0072549275791658,-0.019828509554222218,0.0,0.0,0.0,low_hedge_stable
2025-12-20,VIX,-0.3924219572708822,-0.5539059897720674,0.0,0.0,0.0,low_hedge_stable
2025-12-20,CASH,0.0,0.0,0.0,0.0,0.10418988004252552,low_hedge_stable
2025-12-21,BTC-USD,-0.0002755675855568,-0.09090466540872527,0.0,0.0,0.0,low_hedge_stable
2025-12-21,DIA,0.2878371796463709,0.25772124790035483,0.32235325615991567,0.22737336324334523,0.35,low_hedge_stable
2025-12-21,ETH-USD,0.0365411622727463,-0.08072417900740314,0.0,0.0,0.0,low_hedge_stable
2025-12-21,GLD,0.3245539116313069,0.2852878701822753,0.35683310803981694,0.02257767523121522,0.045306400313714495,low_hedge_stable
2025-12-21,QQQ,0.1507997461906949,0.10767204040033133,0.13467431615824102,0.0949931530773989,0.19062183224410514,low_hedge_stable
2025-12-21,SPY,0.1840661658445697,0.14881828188410692,0.18613931964202635,0.1312942318095884,0.2634668522923328,low_hedge_stable
2025-12-21,TLT,0.0136908728518995,-0.01339256428148852,0.0,0.0,0.0,low_hedge_stable
2025-12-21,VIX,-0.4505726611589587,-0.6120566936601439,0.0,0.0,0.0,low_hedge_stable
2025-12-21,CASH,0.0,0.0,0.0,0.0,0.1506049151498477,low_hedge_stable
2025-12-22,BTC-USD,-0.1281004203913365,-0.21872951821450498,0.0,0.0,0.0,moderate_hedge_uncertain
2025-12-22,DIA,0.2693093994457904,0.23919346769977434,0.26645959062871283,0.13100984367244828,0.3187548586031799,moderate_hedge_uncertain
2025-12-22,ETH-USD,-0.0634537512988771,-0.18071909257902655,0.0,0.0,0.0,moderate_hedge_uncertain
2025-12-22,GLD,0.4197899433579242,0.38052390190889257,0.4239005525617021,0.027091615717861207,0.06591553653837862,moderate_hedge_uncertain
2025-12-22,QQQ,0.1417346024774586,0.09860689668709503,0.10984728628705737,0.05400847374400837,0.13140587706285003,moderate_hedge_uncertain
2025-12-22,SPY,0.2017035896287154,0.16645570566825263,0.1854303113571941,0.09117028231455089,0.2218228007404169,moderate_hedge_uncertain
2025-12-22,TLT,0.0399760433467852,0.012892606213397183,0.014362259165333608,0.002713343564135468,0.006601728693686994,moderate_hedge_uncertain
2025-12-22,VIX,-0.4142307823108625,-0.5757148148120477,0.0,0.0,0.0,moderate_hedge_uncertain
2025-12-22,CASH,0.0,0.0,0.0,0.0,0.2554991983614876,moderate_hedge_uncertain
2025-12-23,BTC-USD,-0.1788568579379737,-0.26948595576114215,0.0,0.0,0.0,moderate_hedge_uncertain
2025-12-23,DIA,0.2472643107990593,0.2171483790530432,0.21656426321961586,0.10622584989201503,0.2730336659664661,moderate_hedge_uncertain
2025-12-23,ETH-USD,-0.1732295706224874,-0.2904949119026368,0.0,0.0,0.0,moderate_hedge_uncertain
2025-12-23,GLD,0.4875555121372231,0.44828947068819147,0.44708359948192394,0.02873286050003725,0.07385244028645752,moderate_hedge_uncertain
2025-12-23,QQQ,0.1614283795673348,0.11830067377697125,0.11798245221363472,0.05787098052289455,0.14874652432813903,moderate_hedge_uncertain
2025-12-23,SPY,0.2202060014744948,0.18495811751403202,0.1844605915116184,0.09047883899955779,0.23255892167068373,moderate_hedge_uncertain
2025-12-23,TLT,0.0610839901106483,0.03400055297726028,0.033909093573207115,0.006441950906257533,0.01655782913198143,moderate_hedge_uncertain
2025-12-23,VIX,-0.3489552113117476,-0.5104392438129328,0.0,0.0,0.0,moderate_hedge_uncertain
2025-12-23,CASH,0.0,0.0,0.0,0.0,0.2552506186162722,moderate_hedge_uncertain
2025-12-24,BTC-USD,-0.1721337691583132,-0.2627628669814816,0.0,0.0,0.0,moderate_hedge_uncertain
2025-12-24,DIA,0.2909833536416874,0.26086742189567136,0.23153954406022506,0.11327340376707269,0.2823324706701475,moderate_hedge_uncertain
2025-12-24,ETH-USD,-0.2031030247225696,-0.320368366002719,0.0,0.0,0.0,moderate_hedge_uncertain
2025-12-24,GLD,0.4774247801119364,0.4381587386629048,0.3888989810946404,0.02514698601967412,0.06267853226554217,moderate_hedge_uncertain
2025-12-24,QQQ,0.1719588511306462,0.12883114534028267,0.11434737398821437,0.05594083859862155,0.13943180523988002,moderate_hedge_uncertain
2025-12-24,SPY,0.2388007982534386,0.20355291429297584,0.1806685887606717,0.0883863967417665,0.2203019326323869,moderate_hedge_uncertain
2025-12-24,TLT,0.1223378778506978,0.09525444071730979,0.08454551209624851,0.016160351341127838,0.04027946339831406,moderate_hedge_uncertain
2025-12-24,VIX,-0.388105812259895,-0.5495898447610802,0.0,0.0,0.0,moderate_hedge_uncertain
2025-12-24,CASH,0.0,0.0,0.0,0.0,0.2549757957937293,moderate_hedge_uncertain
2025-12-25,BTC-USD,-0.1275993120627625,-0.21822840988593098,0.0,0.0,0.0,low_hedge_stable
2025-12-25,DIA,0.2966883503182171,0.26657241857220104,0.22854116166950786,0.15979507733106235,0.35,low_hedge_stable
2025-12-25,ETH-USD,-0.1942989736427912,-0.3115643149229406,0.0,0.0,0.0,low_hedge_stable
2025-12-25,GLD,0.4949863471390389,0.45572030569000727,0.3907037667911179,0.025237457407307155,0.059954470360894026,low_hedge_stable
2025-12-25,QQQ,0.1664647618982425,0.12333705610787894,0.10574084982523173,0.07393358444248053,0.17563769699906231,low_hedge_stable
2025-12-25,SPY,0.2427373793654709,0.20748949540500813,0.17788745950563117,0.12437820889803027,0.2954746795039251,low_hedge_stable
2025-12-25,TLT,0.1403729457753856,0.11328950864199758,0.09712676220851117,0.01854590439344855,0.044057919834311336,low_hedge_stable
2025-12-25,VIX,-0.4000013566405394,-0.5614853891417245,0.0,0.0,0.0,low_hedge_stable
2025-12-25,CASH,0.0,0.0,0.0,0.0,0.07487523330180726,low_hedge_stable
2025-12-26,BTC-USD,-0.1564734759922634,-0.24710257381543188,0.0,0.0,0.0,moderate_hedge_uncertain
2025-12-26,DIA,0.2473794628850204,0.21726353113900432,0.20754993636936142,0.10157934038381274,0.2943545571419211,moderate_hedge_uncertain
2025-12-26,ETH-USD,-0.2158813764097016,-0.33314671768985105,0.0,0.0,0.0,moderate_hedge_uncertain
2025-12-26,GLD,0.5571452347258802,0.5178791932768485,0.4947254288289053,0.03195915516453316,0.09261059315349926,moderate_hedge_uncertain
2025-12-26,QQQ,0.1189411781798136,0.07581347238945006,0.07242394196522314,0.035445813096904956,0.10271415995862705,moderate_hedge_uncertain
2025-12-26,SPY,0.1933549295952922,0.15810704563482944,0.1510382671634919,0.07392133102791176,0.21420773728050072,moderate_hedge_uncertain
2025-12-26,TLT,0.1048214365512939,0.07773799941790588,0.07426242567301837,0.014181144809908418,0.04109383447966593,moderate_hedge_uncertain
2025-12-26,VIX,-0.3582077299495849,-0.5196917624507701,0.0,0.0,0.0,moderate_hedge_uncertain
2025-12-26,CASH,0.0,0.0,0.0,0.0,0.2550191179857859,moderate_hedge_uncertain
2025-12-27,BTC-USD,-0.1539115041029726,-0.24454060192614108,0.0,0.0,0.0,low_hedge_stable
2025-12-27,DIA,0.2737904275342077,0.24367449578819161,0.21341379846527955,0.14921319835376307,0.35,low_hedge_stable
2025-12-27,ETH-USD,-0.2113644854257063,-0.3286298267058557,0.0,0.0,0.0,low_hedge_stable
2025-12-27,GLD,0.5646482300726028,0.5253821886235711,0.4601376445141772,0.02972479181722544,0.07723211578479686,low_hedge_stable
2025-12-27,QQQ,0.143059709997044,0.09993200420668046,0.0875219564403402,0.06119300223582564,0.1589940499148551,low_hedge_stable
2025-12-27,SPY,0.2187959796152984,0.18354809565483562,0.16075419041316505,0.11239501415940824,0.292029118338954,low_hedge_stable
2025-12-27,TLT,0.1163401898315961,0.08925675269820807,0.07817241016703794,0.014927795028165065,0.038785980440705844,low_hedge_stable
2025-12-27,VIX,-0.3703368801636034,-0.5318209126647886,0.0,0.0,0.0,low_hedge_stable
2025-12-27,CASH,0.0,0.0,0.0,0.0,0.08295873552068828,low_hedge_stable
2025-12-28,BTC-USD,-0.0707520464658772,-0.16138114428904568,0.0,0.0,0.0,low_hedge_stable
2025-12-28,DIA,0.3039437595800731,0.273827827834057,0.23998145993374584,0.16840885151689203,0.35,low_hedge_stable
2025-12-28,ETH-USD,-0.1669648894897439,-0.2842302307698933,0.0,0.0,0.0,low_hedge_stable
2025-12-28,GLD,0.4869239555838809,0.4476579141348493,0.39232535507706034,0.025126384148476427,0.05960681550756551,low_hedge_stable
2025-12-28,QQQ,0.1558932815422447,0.11276557575188113,0.09882723649111927,0.06935278000497451,0.1645242044484128,low_hedge_stable
2025-12-28,SPY,0.2330398660384412,0.19779198207797843,0.17334399136024908,0.12164549090747728,0.2885771502577662,low_hedge_stable
2025-12-28,TLT,0.1360775654328406,0.1089941282994526,0.09552195713782544,0.01808414311469011,0.04290064881122606,low_hedge_stable
2025-12-28,VIX,-0.4308048097647373,-0.5922888422659225,0.0,0.0,0.0,low_hedge_stable
2025-12-28,CASH,0.0,0.0,0.0,0.0,0.09439118097502952,low_hedge_stable
2025-12-29,BTC-USD,-0.1825462019267988,-0.27317529974996724,0.0,0.0,0.0,moderate_hedge_uncertain
2025-12-29,DIA,0.301140326867553,0.2710243951215369,0.2958429382211587,0.14468045360918727,0.31009214462939716,moderate_hedge_uncertain
2025-12-29,ETH-USD,-0.2715299949176544,-0.3887953361978038,0.0,0.0,0.0,moderate_hedge_uncertain
2025-12-29,GLD,0.2176655136528876,0.17839947220385596,0.19473606429496892,0.012602393240379418,0.02701058124913231,moderate_hedge_uncertain
2025-12-29,QQQ,0.1311210400393237,0.08799333424896015,0.09605115634116672,0.04697331953463228,0.10067743797791859,moderate_hedge_uncertain
2025-12-29,SPY,0.2330601671104891,0.19781228315002633,0.21592656645205882,0.10559776673528141,0.22632661937506465,moderate_hedge_uncertain
2025-12-29,TLT,0.207963009299633,0.18087957216624498,0.19744327469064687,0.037771139618995295,0.08095449936304934,moderate_hedge_uncertain
2025-12-29,VIX,-0.1786066395138031,-0.3400906720149882,0.0,0.0,0.0,moderate_hedge_uncertain
2025-12-29,CASH,0.0,0.0,0.0,0.0,0.2549387174054381,moderate_hedge_uncertain
2025-12-30,BTC-USD,-0.1326943445664965,-0.22332344238966498,0.0,0.0,0.0,moderate_hedge_uncertain
2025-12-30,DIA,0.2542889349808379,0.22417300323482178,0.2801291730304681,0.13831328736763346,0.32855125480961783,moderate_hedge_uncertain
2025-12-30,ETH-USD,-0.2897408810720935,-0.40700622235224293,0.0,0.0,0.0,moderate_hedge_uncertain
2025-12-30,GLD,0.2732607901422869,0.23399474869325526,0.2924025395522373,0.018501000676725263,0.04394752740866532,moderate_hedge_uncertain
2025-12-30,QQQ,0.0807722115162874,0.03764450572592386,0.04704100897955815,0.023226415594870542,0.05517234196119709,moderate_hedge_uncertain
2025-12-30,SPY,0.1971127927990028,0.16186490883854002,0.20226825889509684,0.09986959771185835,0.23723159408646352,moderate_hedge_uncertain
2025-12-30,TLT,0.16965495880743,0.142571521674042,0.17815901954263966,0.03332214863481355,0.07915388286463738,moderate_hedge_uncertain
2025-12-30,VIX,-0.1462183018625001,-0.3077023343636852,0.0,0.0,0.0,moderate_hedge_uncertain
2025-12-30,CASH,0.0,0.0,0.0,0.0,0.2559433988694189,moderate_hedge_uncertain
2025-12-31,BTC-USD,-0.241613579655149,-0.3322426774783174,0.0,0.0,0.0,moderate_hedge_uncertain
2025-12-31,DIA,0.0691895742113779,0.03907364246536181,0.07090567431761675,0.034580242745896585,0.11098455480331865,moderate_hedge_uncertain
2025-12-31,ETH-USD,-0.3117266405337831,-0.4289919818139325,0.0,0.0,0.0,moderate_hedge_uncertain
2025-12-31,GLD,0.2853889453911012,0.2461229039420696,0.4466312677271631,0.029088991154236597,0.09336049942314878,moderate_hedge_uncertain
2025-12-31,QQQ,0.0671736809331872,0.024045975142823642,0.04363545281548845,0.021280730565054508,0.0683000528656559,moderate_hedge_uncertain
2025-12-31,SPY,0.152489272977889,0.11724138901742626,0.21275415399483308,0.1037588368087954,0.3330117834843954,moderate_hedge_uncertain
2025-12-31,TLT,0.1516646259586594,0.12458118882527139,0.22607345114489863,0.04352514259556262,0.13969302093151725,moderate_hedge_uncertain
2025-12-31,VIX,0.0989093412729062,-0.06257469122827893,0.0,0.0,0.0,moderate_hedge_uncertain
2025-12-31,CASH,0.0,0.0,0.0,0.0,0.254650088491964,moderate_hedge_uncertain
2026-01-01,BTC-USD,-0.1035864456897781,-0.19421554351294656,0.0,0.0,0.0,low_hedge_stable
2026-01-01,DIA,0.0691249670598165,0.0390090353138004,0.04715789789283784,0.033263041759271895,0.06995463627405098,low_hedge_stable
2026-01-01,ETH-USD,-0.1705609871229487,-0.28782632840309813,0.0,0.0,0.0,low_hedge_stable
2026-01-01,GLD,0.1992406171858169,0.15997457573678525,0.1933927524061708,0.012236417231163997,0.02573409019230791,low_hedge_stable
2026-01-01,QQQ,0.2216030711209292,0.17847536533056566,0.21575829771079202,0.15218611488943135,0.3200586521851554,low_hedge_stable
2026-01-01,SPY,0.2826762805072156,0.2474283965467528,0.2991153963761941,0.21098243062300703,0.35,low_hedge_stable
2026-01-01,TLT,0.2293965344733695,0.20231309733998148,0.24457565561400513,0.045744450140996915,0.09620396097052386,low_hedge_stable
2026-01-01,VIX,-0.1931319132658344,-0.3546159457670195,0.0,0.0,0.0,low_hedge_stable
2026-01-01,CASH,0.0,0.0,0.0,0.0,0.13804866037796187,low_hedge_stable
2026-01-02,BTC-USD,-0.0491240366558625,-0.13975313447903095,0.0,0.0,0.0,moderate_hedge_uncertain
2026-01-02,DIA,0.1406043146844934,0.11048838293847729,0.18010425463585336,0.08892615930032192,0.19410060667143178,moderate_hedge_uncertain
2026-01-02,ETH-USD,0.0296177022098111,-0.08764763907033835,0.0,0.0,0.0,moderate_hedge_uncertain
2026-01-02,GLD,0.1903286000386496,0.15106255858961795,0.2462431686896677,0.015580388170870221,0.03400757234920143,moderate_hedge_uncertain
2026-01-02,QQQ,0.0979508869119329,0.054823181121569364,0.0893658492419485,0.04412423105587237,0.09631069287419741,moderate_hedge_uncertain
2026-01-02,SPY,0.2386141313922469,0.20336624743178414,0.3315020587475419,0.16367855908885431,0.35,moderate_hedge_uncertain
2026-01-02,TLT,0.1208121000954395,0.09372866296205148,0.15278466868498858,0.02857623192627497,0.06237381662398446,moderate_hedge_uncertain
2026-01-02,VIX,-0.3243840017202096,-0.48586803422139474,0.0,0.0,0.0,moderate_hedge_uncertain
2026-01-02,CASH,0.0,0.0,0.0,0.0,0.26320731148118487,moderate_hedge_uncertain
2026-01-03,BTC-USD,0.1923212419696057,0.10169214414643724,0.18782235922203253,0.015025788737762603,0.03867251346583005,low_hedge_stable
2026-01-03,DIA,0.1141446104564873,0.0840286787104712,0.15519846503564766,0.10946995662445455,0.2817474972893456,low_hedge_stable
2026-01-03,ETH-USD,0.1630433946330629,0.04577805335291346,0.08455070009100125,0.0067640560072801,0.01740893949665094,low_hedge_stable
2026-01-03,GLD,0.1767094133064619,0.13744337185743025,0.25385381121003814,0.016061931402349426,0.041339278042923484,low_hedge_stable
2026-01-03,QQQ,0.0694680161702844,0.026340310379920854,0.04864976817750238,0.03431533946523049,0.08831885305418316,low_hedge_stable
2026-01-03,SPY,0.1806433174054788,0.14539543344501601,0.2685410319446949,0.1894166615122112,0.35,low_hedge_stable
2026-01-03,TLT,0.0278326989912318,0.0007492618578437823,0.0013838643190830266,0.0002588324332095871,0.0006661680749932995,low_hedge_stable
2026-01-03,VIX,-0.4082880609751727,-0.5697720934763578,0.0,0.0,0.0,low_hedge_stable
2026-01-03,CASH,0.0,0.0,0.0,0.0,0.18184675057607347,low_hedge_stable
2026-01-04,BTC-USD,0.1942170778771332,0.10358798005396472,0.21319169252467537,0.017055335401974032,0.04,low_hedge_stable
2026-01-04,DIA,0.1153482998023985,0.0852323680563824,0.17541449108632146,0.12372942429654718,0.3322498063985668,low_hedge_stable
2026-01-04,ETH-USD,0.1849664075951188,0.06770106631496936,0.13933378086815185,0.011146702469452149,0.029932166568411432,low_hedge_stable
2026-01-04,GLD,0.1368960730063875,0.09763003155735586,0.20092979569740663,0.012713303691480113,0.03413895048971248,low_hedge_stable
2026-01-04,QQQ,0.0728339043634028,0.029706198573039255,0.06113754461628718,0.043123650454597755,0.11579965393195002,low_hedge_stable
2026-01-04,SPY,0.1372814991778081,0.10203361521734536,0.20999269520715755,0.14811932083579132,0.35,low_hedge_stable
2026-01-04,TLT,0.0170708783991167,-0.010012558734271319,0.0,0.0,0.0,low_hedge_stable
2026-01-04,VIX,-0.3903508551236301,-0.5518348876248153,0.0,0.0,0.0,low_hedge_stable
2026-01-04,CASH,0.0,0.0,0.0,0.0,0.09787942261135928,low_hedge_stable
2026-01-05,BTC-USD,0.1896246605195034,0.09899556269633494,0.1678015316327668,0.013424122530621344,0.038558196203769234,moderate_hedge_uncertain
2026-01-05,DIA,0.1939743129593886,0.1638583812133725,0.2777466644925454,0.1665234125321527,0.35,moderate_hedge_uncertain
2026-01-05,ETH-USD,0.1986659501875522,0.08140060890740278,0.13797736462593713,0.01103818917007497,0.031705063983379154,moderate_hedge_uncertain
2026-01-05,GLD,0.1985626221030008,0.15929658065396915,0.2700142257849726,0.017084439077331648,0.049071747704362276,moderate_hedge_uncertain
2026-01-05,QQQ,0.0418579446450535,-0.001269761145310052,0.0,0.0,0.0,moderate_hedge_uncertain
2026-01-05,SPY,0.1216530025752491,0.08640511861478635,0.14646021346377805,0.08781043182187502,0.2522184858788565,moderate_hedge_uncertain
2026-01-05,TLT,-0.0617826144932187,-0.08886605162660671,0.0,0.0,0.0,moderate_hedge_uncertain
2026-01-05,VIX,-0.4388275785015185,-0.6003116110027037,0.0,0.0,0.0,moderate_hedge_uncertain
2026-01-05,CASH,0.0,0.0,0.0,0.0,0.2784465062296329,moderate_hedge_uncertain
2026-01-06,BTC-USD,0.0963491018325172,0.005720004009348734,0.009033848356349915,0.0007227078685079932,0.0015438941732674972,moderate_hedge_uncertain
2026-01-06,DIA,0.2038955443329034,0.17377961258688732,0.2744576166326712,0.16455145915299282,0.35,moderate_hedge_uncertain
2026-01-06,ETH-USD,0.2299415017904796,0.11267616051033016,0.17795430663377473,0.014236344530701979,0.030412577927171537,moderate_hedge_uncertain
2026-01-06,GLD,0.1627370232950886,0.12347098184605695,0.1950030322677887,0.012338303343040462,0.026357862518714734,moderate_hedge_uncertain
2026-01-06,QQQ,0.1325877246632949,0.08946001887293135,0.14128805559111476,0.08470945712365972,0.1809616900171119,moderate_hedge_uncertain
2026-01-06,SPY,0.1633157824984016,0.12806789853793882,0.2022631405183007,0.12126715706964009,0.2590585565299695,moderate_hedge_uncertain
2026-01-06,TLT,-0.0757189687172513,-0.10280240585063932,0.0,0.0,0.0,moderate_hedge_uncertain
2026-01-06,VIX,-0.4517042772965455,-0.6131883097977306,0.0,0.0,0.0,moderate_hedge_uncertain
2026-01-06,CASH,0.0,0.0,0.0,0.0,0.15166541883376497,moderate_hedge_uncertain
2026-01-07,BTC-USD,0.0390727678430882,-0.051556329980080265,0.0,0.0,0.0,moderate_hedge_uncertain
2026-01-07,DIA,0.150476816154971,0.1203608844089549,0.25427602929926707,0.1524515594144848,0.2864621226586058,moderate_hedge_uncertain
2026-01-07,ETH-USD,0.1061364859062493,-0.01112885537390014,0.0,0.0,0.0,moderate_hedge_uncertain
2026-01-07,GLD,0.1692511514646458,0.12998511001561416,0.2746082982449377,0.017375116914113434,0.03264848776735749,moderate_hedge_uncertain
2026-01-07,QQQ,0.1563904751796777,0.11326276938931414,0.2392804556827487,0.1434609416655253,0.2695684191486477,moderate_hedge_uncertain
2026-01-07,SPY,0.1449864692484393,0.10973858528797656,0.23183521677304647,0.13899713795927177,0.2611807667708312,moderate_hedge_uncertain
2026-01-07,TLT,-0.0733125495294576,-0.1003959866628456,0.0,0.0,0.0,moderate_hedge_uncertain
2026-01-07,VIX,-0.2752971505692992,-0.43678118307048436,0.0,0.0,0.0,moderate_hedge_uncertain
2026-01-07,CASH,0.0,0.0,0.0,0.0,0.1501402036545578,moderate_hedge_uncertain
2026-01-08,BTC-USD,0.004344101723437,-0.08628499609973146,0.0,0.0,0.0,moderate_hedge_uncertain
2026-01-08,DIA,0.2693651245850213,0.23924919283900525,0.438793622527306,0.2630793480602953,0.35,moderate_hedge_uncertain
2026-01-08,ETH-USD,-0.0153424497351557,-0.13260779101530512,0.0,0.0,0.0,moderate_hedge_uncertain
2026-01-08,GLD,0.2601162599095124,0.2208502184604808,0.4050490881255849,0.025628414389218937,0.056967645664003086,moderate_hedge_uncertain
2026-01-08,QQQ,-0.0181465634154498,-0.06127426920581335,0.0,0.0,0.0,moderate_hedge_uncertain
2026-01-08,SPY,0.1203915677201279,0.08514368375966516,0.15615728934710904,0.09362432762737759,0.2081111004686517,moderate_hedge_uncertain
2026-01-08,TLT,-0.2336781336647351,-0.2607615707981231,0.0,0.0,0.0,moderate_hedge_uncertain
2026-01-08,VIX,-0.0402925220200197,-0.2017765545212048,0.0,0.0,0.0,moderate_hedge_uncertain
2026-01-08,CASH,0.0,0.0,0.0,0.0,0.3849212538673452,moderate_hedge_uncertain
2026-01-09,BTC-USD,-0.0904307029669276,-0.18105980079009606,0.0,0.0,0.0,moderate_hedge_uncertain
2026-01-09,DIA,0.3547625041369359,0.3246465723909198,0.3266139215002051,0.16126505032151786,0.33540119529120005,moderate_hedge_uncertain
2026-01-09,ETH-USD,-0.0861048573892708,-0.20337019866942024,0.0,0.0,0.0,moderate_hedge_uncertain
2026-01-09,GLD,0.3532846593314488,0.3140186178824172,0.31592156188592285,0.01998910487607737,0.041573606028527874,moderate_hedge_uncertain
2026-01-09,QQQ,0.1808662749423496,0.13773856915198607,0.13857326101193612,0.06842030433871962,0.14230145844770323,moderate_hedge_uncertain
2026-01-09,SPY,0.2528206546834909,0.21757277072302814,0.21889125560193595,0.10807717315737342,0.22478034135980582,moderate_hedge_uncertain
2026-01-09,TLT,-0.0160341321721837,-0.043117569305571715,0.0,0.0,0.0,moderate_hedge_uncertain
2026-01-09,VIX,-0.3937384862076275,-0.5552225187088127,0.0,0.0,0.0,moderate_hedge_uncertain
2026-01-09,CASH,0.0,0.0,0.0,0.0,0.2559433988727631,moderate_hedge_uncertain
2026-01-10,BTC-USD,-0.0972778041691877,-0.18790690199235618,0.0,0.0,0.0,low_hedge_stable
2026-01-10,DIA,0.3847471201695457,0.35463118842352964,0.32272729120933014,0.22763719062708082,0.35,low_hedge_stable
2026-01-10,ETH-USD,-0.0899405442308296,-0.20720588551097904,0.0,0.0,0.0,low_hedge_stable
2026-01-10,GLD,0.3272667863254349,0.28800074487640326,0.26209116201372457,0.016583128081890358,0.02950800761753413,low_hedge_stable
2026-01-10,QQQ,0.2280983660083199,0.18497066021795636,0.16833003433992869,0.11873236989569359,0.21127230387589374,low_hedge_stable
2026-01-10,SPY,0.3065024310787079,0.27125454711824515,0.2468515124370165,0.1741178584018797,0.30982520708395295,low_hedge_stable
2026-01-10,TLT,0.0200135411266085,-0.007069896006779518,0.0,0.0,0.0,low_hedge_stable
2026-01-10,VIX,-0.4209102492899964,-0.5823942817911816,0.0,0.0,0.0,low_hedge_stable
2026-01-10,CASH,0.0,0.0,0.0,0.0,0.09939448142261928,low_hedge_stable
2026-01-11,BTC-USD,-0.0288866027882433,-0.11951570061141177,0.0,0.0,0.0,low_hedge_stable
2026-01-11,DIA,0.3667085115358658,0.33659257978984974,0.5358378584993825,0.37795571698746894,0.3499999999999999,low_hedge_stable
2026-01-11,ETH-USD,-0.0133558733012752,-0.13062121458142464,0.0,0.0,0.0,low_hedge_stable
2026-01-11,GLD,0.0751861856218915,0.03592014417285985,0.05718299893179855,0.003618103670899667,0.005171236866644839,low_hedge_stable
2026-01-11,QQQ,0.1191292316279439,0.07600152583758034,0.12099047124841762,0.08534118966026759,0.12197536233249165,low_hedge_stable
2026-01-11,SPY,0.2148948856485979,0.17964700168813513,0.28598867132040123,0.20172343481273527,0.2883166868213189,low_hedge_stable
2026-01-11,TLT,-0.0321590191302267,-0.05924245626361472,0.0,0.0,0.0,low_hedge_stable
2026-01-11,VIX,-0.1917544440585381,-0.3532384765597232,0.0,0.0,0.0,low_hedge_stable
2026-01-11,CASH,0.0,0.0,0.0,0.0,0.23453671397954465,low_hedge_stable
2026-01-12,BTC-USD,0.0784023302616496,-0.012226767561518869,0.0,0.0,0.0,moderate_hedge_uncertain
2026-01-12,DIA,0.2892362348853232,0.2591203031393071,0.5334678794484877,0.3198414350876191,0.35,moderate_hedge_uncertain
2026-01-12,ETH-USD,-0.0465056599629866,-0.16377100124313604,0.0,0.0,0.0,moderate_hedge_uncertain
2026-01-12,GLD,0.1748724665274505,0.13560642507841886,0.27918179760418976,0.01766449304215385,0.03337321412759613,moderate_hedge_uncertain
2026-01-12,QQQ,0.0259409745150113,-0.01718673127535225,0.0,0.0,0.0,moderate_hedge_uncertain
2026-01-12,SPY,0.1262491875919872,0.09100130363152445,0.18735032294732257,0.11232615582694463,0.21221581856873217,moderate_hedge_uncertain
2026-01-12,TLT,-0.1412982248000032,-0.1683816619333912,0.0,0.0,0.0,moderate_hedge_uncertain
2026-01-12,VIX,-0.1007006436112266,-0.2621846761124117,0.0,0.0,0.0,moderate_hedge_uncertain
2026-01-12,CASH,0.0,0.0,0.0,0.0,0.40441096730367176,moderate_hedge_uncertain
2026-01-13,BTC-USD,0.1613002434478366,0.07067114562466814,0.3025158720446909,0.02420126976357527,0.04,moderate_hedge_uncertain
2026-01-13,DIA,-0.0213450387626108,-0.05146097050862689,0.0,0.0,0.0,moderate_hedge_uncertain
2026-01-13,ETH-USD,0.2369038664835055,0.11963852520335608,0.5121263064596592,0.040970104516772736,0.04,moderate_hedge_uncertain
2026-01-13,GLD,0.0825677350330798,0.04330169358404816,0.18535782149565003,0.011728028031303144,0.12961322474031933,moderate_hedge_uncertain
2026-01-13,QQQ,-0.0603696718489316,-0.10349737763929516,0.0,0.0,0.0,moderate_hedge_uncertain
2026-01-13,SPY,-0.0361106770859186,-0.07135856104638134,0.0,0.0,0.0,moderate_hedge_uncertain
2026-01-13,TLT,-0.1515280850221263,-0.17861152215551432,0.0,0.0,0.0,moderate_hedge_uncertain
2026-01-13,VIX,0.0020844098521875,-0.1593996226489976,0.0,0.0,0.0,moderate_hedge_uncertain
2026-01-13,CASH,0.0,0.0,0.0,0.0,0.7903867752596807,moderate_hedge_uncertain
2026-01-14,BTC-USD,0.1318881258797855,0.04125902805661702,0.2506527613969827,0.02005222091175862,0.04,moderate_hedge_uncertain
2026-01-14,DIA,-0.0204716024269481,-0.050587534172964195,0.0,0.0,0.0,moderate_hedge_uncertain
2026-01-14,ETH-USD,0.1681361243949171,0.05087078311476767,0.30904514388090537,0.02472361151047243,0.04,moderate_hedge_uncertain
2026-01-14,GLD,0.1117425479047293,0.07247650645569766,0.44030209472211196,0.02785895557751672,0.3259623517197244,moderate_hedge_uncertain
2026-01-14,QQQ,-0.1390249051204074,-0.18215261091077095,0.0,0.0,0.0,moderate_hedge_uncertain
2026-01-14,SPY,-0.0817464428690698,-0.11699432682953255,0.0,0.0,0.0,moderate_hedge_uncertain
2026-01-14,TLT,-0.0806397026455262,-0.1077231397789142,0.0,0.0,0.0,moderate_hedge_uncertain
2026-01-14,VIX,0.0795502778346176,-0.08193375466656752,0.0,0.0,0.0,moderate_hedge_uncertain
2026-01-14,CASH,0.0,0.0,0.0,0.0,0.5940376482802756,moderate_hedge_uncertain
2026-01-15,BTC-USD,0.1760452307615267,0.08541613293835823,0.4255245802522259,0.03404196642017807,0.04,moderate_hedge_uncertain
2026-01-15,DIA,0.0255811327888601,-0.004534798957155994,0.0,0.0,0.0,moderate_hedge_uncertain
2026-01-15,ETH-USD,0.2313652023160437,0.11409986103589428,0.5684206695376233,0.045473653563009864,0.04,moderate_hedge_uncertain
2026-01-15,GLD,0.0404814197676055,0.00121537831857385,0.006054750210150806,0.0003830983753238363,0.0040749077571671745,moderate_hedge_uncertain
2026-01-15,QQQ,-0.1420473857672997,-0.18517509155766324,0.0,0.0,0.0,moderate_hedge_uncertain
2026-01-15,SPY,-0.070008200274049,-0.10525608423451174,0.0,0.0,0.0,moderate_hedge_uncertain
2026-01-15,TLT,-0.0733177319332056,-0.1004011690665936,0.0,0.0,0.0,moderate_hedge_uncertain
2026-01-15,VIX,0.0189764080071497,-0.14250762449403542,0.0,0.0,0.0,moderate_hedge_uncertain
2026-01-15,CASH,0.0,0.0,0.0,0.0,0.9159250922428329,moderate_hedge_uncertain
2026-01-16,BTC-USD,0.1873758099911512,0.09674671216798272,0.5266788365103701,0.0421343069208296,0.039999999999999994,moderate_hedge_uncertain
2026-01-16,DIA,0.0339601926941091,0.003844260948093001,0.020927748737015205,0.012547261877892298,0.11734407907801775,moderate_hedge_uncertain
2026-01-16,ETH-USD,0.2003664124637839,0.08310107118363447,0.4523934147526147,0.036191473180209176,0.039999999999999994,moderate_hedge_uncertain
2026-01-16,GLD,0.0261461282234931,-0.013119913225538543,0.0,0.0,0.0,moderate_hedge_uncertain
2026-01-16,QQQ,-0.1234609361242789,-0.16658864191464243,0.0,0.0,0.0,moderate_hedge_uncertain
2026-01-16,SPY,-0.0540339230760462,-0.08928180703650895,0.0,0.0,0.0,moderate_hedge_uncertain
2026-01-16,TLT,-0.1115450602936626,-0.1386284974270506,0.0,0.0,0.0,moderate_hedge_uncertain
2026-01-16,VIX,0.0423235131882365,-0.1191605193129486,0.0,0.0,0.0,moderate_hedge_uncertain
2026-01-16,CASH,0.0,0.0,0.0,0.0,0.8026559209219821,moderate_hedge_uncertain
2026-01-17,BTC-USD,0.1889877556883481,0.09835865786517964,0.38094860017823556,0.030475888014258847,0.04,low_hedge_stable
2026-01-17,DIA,0.0526797871000854,0.022563855354069302,0.08739107769789807,0.06164170169283147,0.35,low_hedge_stable
2026-01-17,ETH-USD,0.2545368674120368,0.13727152613188737,0.5316603221238665,0.04253282576990932,0.04,low_hedge_stable
2026-01-17,GLD,-0.0075935034810812,-0.046859544930112844,0.0,0.0,0.0,low_hedge_stable
2026-01-17,QQQ,-0.1055432678882642,-0.14867097367862772,0.0,0.0,0.0,low_hedge_stable
2026-01-17,SPY,-0.0367327652540131,-0.07198064921447585,0.0,0.0,0.0,low_hedge_stable
2026-01-17,TLT,-0.096011324150695,-0.123094761284083,0.0,0.0,0.0,low_hedge_stable
2026-01-17,VIX,-0.0008072699652021,-0.1622913024663872,0.0,0.0,0.0,low_hedge_stable
2026-01-17,CASH,0.0,0.0,0.0,0.0,0.5700000000000001,low_hedge_stable
2026-01-18,BTC-USD,0.0240322539558868,-0.06659684386728167,0.0,0.0,0.0,low_hedge_stable
2026-01-18,DIA,0.1874067777243181,0.157290845978302,0.3734506731920178,0.263415163199483,0.35,low_hedge_stable
2026-01-18,ETH-USD,0.1381356184594699,0.020870277179320454,0.04955163801074858,0.003964131040859886,0.012466375809394081,low_hedge_stable
2026-01-18,GLD,0.2822873053356748,0.2430212638866432,0.5769976887972337,0.03650800928542801,0.11481017128693873,low_hedge_stable
2026-01-18,QQQ,-0.0829770635355608,-0.12610476932592432,0.0,0.0,0.0,low_hedge_stable
2026-01-18,SPY,0.0274335412985816,-0.007814342661881156,0.0,0.0,0.0,low_hedge_stable
2026-01-18,TLT,-0.0855390230610525,-0.11262246019444053,0.0,0.0,0.0,low_hedge_stable
2026-01-18,VIX,-0.1159748483861212,-0.2774588808873063,0.0,0.0,0.0,low_hedge_stable
2026-01-18,CASH,0.0,0.0,0.0,0.0,0.5227234529036672,low_hedge_stable
2026-01-19,BTC-USD,0.0177106164300482,-0.07291848139312027,0.0,0.0,0.0,low_hedge_stable
2026-01-19,DIA,0.1921785748139252,0.1620626430679091,0.35382988876614524,0.24957555190940553,0.35,low_hedge_stable
2026-01-19,ETH-USD,0.061091487088665,-0.056173854191484435,0.0,0.0,0.0,low_hedge_stable
2026-01-19,GLD,0.3035062814627097,0.2642402400136781,0.5769133031626639,0.03650267003450153,0.10415421862593563,low_hedge_stable
2026-01-19,QQQ,0.0002525052545097,-0.04287520053585385,0.0,0.0,0.0,low_hedge_stable
2026-01-19,SPY,0.0669691763747457,0.03172129241428295,0.06925680807119095,0.048850610552222735,0.1393869863946276,low_hedge_stable
2026-01-19,TLT,-0.106159882981672,-0.13324332011506002,0.0,0.0,0.0,low_hedge_stable
2026-01-19,VIX,-0.1312962640301107,-0.2927802965312958,0.0,0.0,0.0,low_hedge_stable
2026-01-19,CASH,0.0,0.0,0.0,0.0,0.4064587949794367,low_hedge_stable
2026-01-20,BTC-USD,-0.0651310071479093,-0.15576010497107776,0.0,0.0,0.0,moderate_hedge_uncertain
2026-01-20,DIA,0.0176279414010536,-0.012487990344962493,0.0,0.0,0.0,moderate_hedge_uncertain
2026-01-20,ETH-USD,-0.0868622281806338,-0.20412756946078325,0.0,0.0,0.0,moderate_hedge_uncertain
2026-01-20,GLD,0.3007909277130555,0.26152488626402387,1.0,0.087686251951496,0.35,moderate_hedge_uncertain
2026-01-20,QQQ,-0.0660172789936269,-0.10914498478399044,0.0,0.0,0.0,moderate_hedge_uncertain
2026-01-20,SPY,-0.0479041777715384,-0.08315206173200115,0.0,0.0,0.0,moderate_hedge_uncertain
2026-01-20,TLT,-0.0298790565765959,-0.05696249370998392,0.0,0.0,0.0,moderate_hedge_uncertain
2026-01-20,VIX,0.1109197085707338,-0.050564323930451315,0.0,0.0,0.0,moderate_hedge_uncertain
2026-01-20,CASH,0.0,0.0,0.0,0.0,0.65,moderate_hedge_uncertain
2026-01-21,BTC-USD,-0.0720757530133508,-0.16270485083651928,0.0,0.0,0.0,moderate_hedge_uncertain
2026-01-21,DIA,0.0751690686979126,0.0450531369518965,0.10919118100838658,0.055805941201710195,0.33935686116605046,moderate_hedge_uncertain
2026-01-21,ETH-USD,-0.1092591733774177,-0.22652451465756712,0.0,0.0,0.0,moderate_hedge_uncertain
2026-01-21,GLD,0.40682074091605,0.3675546994670184,0.8908088189916135,0.08316895651892432,0.3499999999999999,moderate_hedge_uncertain
2026-01-21,QQQ,-0.0208808825059773,-0.06400858829634086,0.0,0.0,0.0,moderate_hedge_uncertain
2026-01-21,SPY,-0.0018152146588995,-0.03706309861936225,0.0,0.0,0.0,moderate_hedge_uncertain
2026-01-21,TLT,-0.0190932240880135,-0.046176661221401516,0.0,0.0,0.0,moderate_hedge_uncertain
2026-01-21,VIX,0.0057003718561215,-0.1557836606450636,0.0,0.0,0.0,moderate_hedge_uncertain
2026-01-21,CASH,0.0,0.0,0.0,0.0,0.31064313883394956,moderate_hedge_uncertain
2026-01-22,BTC-USD,-0.0822724056122829,-0.17290150343545138,0.0,0.0,0.0,moderate_hedge_uncertain
2026-01-22,DIA,0.0911009955656185,0.060985063819602406,0.12601738226060324,0.0640282942158891,0.35,moderate_hedge_uncertain
2026-01-22,ETH-USD,-0.1745109437282174,-0.29177628500836683,0.0,0.0,0.0,moderate_hedge_uncertain
2026-01-22,GLD,0.4622226587340695,0.42295661728503786,0.8739826177393968,0.08231877978564774,0.35,moderate_hedge_uncertain
2026-01-22,QQQ,0.0251083888895497,-0.01801931690081385,0.0,0.0,0.0,moderate_hedge_uncertain
2026-01-22,SPY,0.027664439641314,-0.007583444319148754,0.0,0.0,0.0,moderate_hedge_uncertain
2026-01-22,TLT,0.0267767222645228,-0.0003067148688652198,0.0,0.0,0.0,moderate_hedge_uncertain
2026-01-22,VIX,-0.0727025085299883,-0.23418654103117342,0.0,0.0,0.0,moderate_hedge_uncertain
2026-01-22,CASH,0.0,0.0,0.0,0.0,0.3,moderate_hedge_uncertain
2026-01-23,BTC-USD,-0.117683574436525,-0.20831267225969347,0.0,0.0,0.0,moderate_hedge_uncertain
2026-01-23,DIA,0.0865133035932249,0.056397371847208805,0.08272297655136526,0.046305947706118455,0.34652663259633826,moderate_hedge_uncertain
2026-01-23,ETH-USD,-0.2430259126746061,-0.3602912539547556,0.0,0.0,0.0,moderate_hedge_uncertain
2026-01-23,GLD,0.6646305475994059,0.6253645061503742,0.9172770234486347,0.06725684369848094,0.35,moderate_hedge_uncertain
2026-01-23,QQQ,0.0325177741529339,-0.010609931637429649,0.0,0.0,0.0,moderate_hedge_uncertain
2026-01-23,SPY,0.0275286852514188,-0.0077191987090439555,0.0,0.0,0.0,moderate_hedge_uncertain
2026-01-23,TLT,0.0103510406461114,-0.01673239648727662,0.0,0.0,0.0,moderate_hedge_uncertain
2026-01-23,VIX,-0.0521633867314943,-0.21364741923267944,0.0,0.0,0.0,moderate_hedge_uncertain
2026-01-23,CASH,0.0,0.0,0.0,0.0,0.3034733674036618,moderate_hedge_uncertain
2026-01-24,BTC-USD,-0.1337017534844215,-0.22433085130758998,0.0,0.0,0.0,low_hedge_stable
2026-01-24,DIA,0.085872000034308,0.05575606828829191,0.07800119384745137,0.05136804373581716,0.35,low_hedge_stable
2026-01-24,ETH-USD,-0.2393362743145083,-0.35660161559465775,0.0,0.0,0.0,low_hedge_stable
2026-01-24,GLD,0.6983204207717758,0.6590543793227441,0.9219988061525486,0.06760302211596941,0.35,low_hedge_stable
2026-01-24,QQQ,0.0363283379693885,-0.006799367820975047,0.0,0.0,0.0,low_hedge_stable
2026-01-24,SPY,0.0282663136845425,-0.006981570275920255,0.0,0.0,0.0,low_hedge_stable
2026-01-24,TLT,0.00136495309608,-0.025718484037308018,0.0,0.0,0.0,low_hedge_stable
2026-01-24,VIX,-0.0352760233761061,-0.19676005587729123,0.0,0.0,0.0,low_hedge_stable
2026-01-24,CASH,0.0,0.0,0.0,0.0,0.30000000000000004,low_hedge_stable
2026-01-25,BTC-USD,-0.164918026684821,-0.25554712450798944,0.0,0.0,0.0,low_hedge_stable
2026-01-25,DIA,0.1380415631760753,0.1079256314300592,0.1284579746455145,0.08540089053406147,0.33748965264266445,low_hedge_stable
2026-01-25,ETH-USD,-0.2472271338246459,-0.3644924751047953,0.0,0.0,0.0,low_hedge_stable
2026-01-25,GLD,0.6101308798730949,0.5708648384240632,0.6794691860368375,0.04890663435161276,0.19327061973275922,low_hedge_stable
2026-01-25,QQQ,0.0999552410751916,0.05682753528482806,0.06763870630227659,0.04496728030102066,0.17770296906943803,low_hedge_stable
2026-01-25,SPY,0.0994317329190465,0.06418384895858376,0.07639452401551507,0.05078828621465069,0.20070658474061603,low_hedge_stable
2026-01-25,TLT,0.0674445369348607,0.040361099801472684,0.04803960899985642,0.010221357489065424,0.04039304938097033,low_hedge_stable
2026-01-25,VIX,-0.1106307062436803,-0.2721147387448654,0.0,0.0,0.0,low_hedge_stable
2026-01-25,CASH,0.0,0.0,0.0,0.0,0.050437124433552014,low_hedge_stable
2026-01-26,BTC-USD,-0.1863632880695229,-0.2769923858926913,0.0,0.0,0.0,moderate_hedge_uncertain
2026-01-26,DIA,0.082384649661795,0.0522687179157789,0.06725791362346241,0.03809264304701222,0.23472944067120982,moderate_hedge_uncertain
2026-01-26,ETH-USD,-0.2623486616959257,-0.37961400297607517,0.0,0.0,0.0,moderate_hedge_uncertain
2026-01-26,GLD,0.6751593898811422,0.6358933484321105,0.8182496454474942,0.05863252171079406,0.35,moderate_hedge_uncertain
2026-01-26,QQQ,0.0555907639782552,0.012463058187891651,0.016037112148724705,0.009082886394697306,0.05596935976524906,moderate_hedge_uncertain
2026-01-26,SPY,0.0599117985532595,0.02466391459279675,0.031736830430233405,0.017974684135915672,0.11076121833441756,moderate_hedge_uncertain
2026-01-26,TLT,0.0789329546421864,0.05184951750879838,0.0667184983500852,0.014132211013192474,0.0870836392864676,moderate_hedge_uncertain
2026-01-26,VIX,-0.0659138116715536,-0.22739784417273873,0.0,0.0,0.0,moderate_hedge_uncertain
2026-01-26,CASH,0.0,0.0,0.0,0.0,0.16145634194265598,moderate_hedge_uncertain
2026-01-27,BTC-USD,-0.1836142319729816,-0.27424332979615,0.0,0.0,0.0,moderate_hedge_uncertain
2026-01-27,DIA,-0.0510684757237767,-0.0811844074697928,0.0,0.0,0.0,moderate_hedge_uncertain
2026-01-27,ETH-USD,-0.1481362918494087,-0.2654016331295581,0.0,0.0,0.0,moderate_hedge_uncertain
2026-01-27,GLD,0.7565154694573301,0.7172494280082984,1.0,0.0717137123291292,0.35,moderate_hedge_uncertain
2026-01-27,QQQ,0.0102914802645099,-0.03283622552585365,0.0,0.0,0.0,moderate_hedge_uncertain
2026-01-27,SPY,0.0002341485781276,-0.035013735382335154,0.0,0.0,0.0,moderate_hedge_uncertain
2026-01-27,TLT,-0.0867932835129696,-0.11387672064635762,0.0,0.0,0.0,moderate_hedge_uncertain
2026-01-27,VIX,0.0434483889584794,-0.11803564354270571,0.0,0.0,0.0,moderate_hedge_uncertain
2026-01-27,CASH,0.0,0.0,0.0,0.0,0.65,moderate_hedge_uncertain
2026-01-28,BTC-USD,-0.1660988937593806,-0.25672799158254905,0.0,0.0,0.0,moderate_hedge_uncertain
2026-01-28,DIA,-0.0529486041657749,-0.083064535911791,0.0,0.0,0.0,moderate_hedge_uncertain
2026-01-28,ETH-USD,-0.1394873019876852,-0.25675264326783465,0.0,0.0,0.0,moderate_hedge_uncertain
2026-01-28,GLD,0.8162091934493868,0.7769431520003551,1.0,0.0717136839398046,0.35,moderate_hedge_uncertain
2026-01-28,QQQ,0.03051388690855,-0.01261381888181355,0.0,0.0,0.0,moderate_hedge_uncertain
2026-01-28,SPY,-0.0073194171137883,-0.04256730107425105,0.0,0.0,0.0,moderate_hedge_uncertain
2026-01-28,TLT,-0.0825216523304889,-0.10960508946387693,0.0,0.0,0.0,moderate_hedge_uncertain
2026-01-28,VIX,-0.0283309865119956,-0.1898150190131807,0.0,0.0,0.0,moderate_hedge_uncertain
2026-01-28,CASH,0.0,0.0,0.0,0.0,0.65,moderate_hedge_uncertain
2026-01-29,BTC-USD,-0.2543300276408797,-0.3449591254640481,0.0,0.0,0.0,moderate_hedge_uncertain
2026-01-29,DIA,-0.0169654495169749,-0.047081381262990996,0.0,0.0,0.0,moderate_hedge_uncertain
2026-01-29,ETH-USD,-0.2620083343041914,-0.3792736755843409,0.0,0.0,0.0,moderate_hedge_uncertain
2026-01-29,GLD,0.7140000878477277,0.674734046398696,1.0,0.070456479067538,0.35,moderate_hedge_uncertain
2026-01-29,QQQ,0.0025305776990743,-0.04059712809128924,0.0,0.0,0.0,moderate_hedge_uncertain
2026-01-29,SPY,2.730250813965741e-05,-0.035220581452323096,0.0,0.0,0.0,moderate_hedge_uncertain
2026-01-29,TLT,-0.0220391348203877,-0.049122571953775715,0.0,0.0,0.0,moderate_hedge_uncertain
2026-01-29,VIX,0.1251936563898516,-0.036290376111333504,0.0,0.0,0.0,moderate_hedge_uncertain
2026-01-29,CASH,0.0,0.0,0.0,0.0,0.65,moderate_hedge_uncertain
2026-01-30,BTC-USD,-0.2296120701328234,-0.32024116795599183,0.0,0.0,0.0,moderate_hedge_uncertain
2026-01-30,DIA,0.020128719563485,-0.009987212182531093,0.0,0.0,0.0,moderate_hedge_uncertain
2026-01-30,ETH-USD,-0.3148075979318687,-0.43207293921201817,0.0,0.0,0.0,moderate_hedge_uncertain
2026-01-30,GLD,0.3992903908491866,0.360024349400155,0.728128507821181,0.05152352568363627,0.35,moderate_hedge_uncertain
2026-01-30,QQQ,-0.0052883638792364,-0.048416069669599944,0.0,0.0,0.0,moderate_hedge_uncertain
2026-01-30,SPY,0.0484429615568222,0.013195077596359447,0.026686284349460073,0.015208767749851722,0.16362585848753994,moderate_hedge_uncertain
2026-01-30,TLT,-0.0133473730391417,-0.04043081017252972,0.0,0.0,0.0,moderate_hedge_uncertain
2026-01-30,VIX,0.2827162655247894,0.12123223302360431,0.24518520782935888,0.012259260391467944,0.05,moderate_hedge_uncertain
2026-01-30,CASH,0.0,0.0,0.0,0.0,0.43637414151245996,moderate_hedge_uncertain
2026-01-31,BTC-USD,-0.2983888236975706,-0.389017921520739,0.0,0.0,0.0,low_hedge_stable
2026-01-31,DIA,0.0945850880661209,0.0644691563201048,0.09658716871553509,0.06475921358597798,0.2552863596094491,low_hedge_stable
2026-01-31,ETH-USD,-0.4169819859196426,-0.5342473271997921,0.0,0.0,0.0,low_hedge_stable
2026-01-31,GLD,0.3731859748081008,0.33391993335906917,0.5002761441563134,0.03540147133962742,0.13955562834488439,low_hedge_stable
2026-01-31,QQQ,0.0741230012640829,0.030995295473719358,0.0464369010576673,0.031134748371402697,0.122735841418751,low_hedge_stable
2026-01-31,SPY,0.1176353949875617,0.08238751102709896,0.12343230285372656,0.08275818589791567,0.326239848136999,low_hedge_stable
2026-01-31,TLT,0.0915642151888038,0.06448077805541577,0.09660458030540722,0.020207282895285863,0.07965883775112417,low_hedge_stable
2026-01-31,VIX,0.2527025884244842,0.09121855592329906,0.13666290291135047,0.006833145145567524,0.026936842686931906,low_hedge_stable
2026-01-31,CASH,0.0,0.0,0.0,0.0,0.0495866420518605,low_hedge_stable
2026-02-01,BTC-USD,-0.2895218042173853,-0.38015090204055374,0.0,0.0,0.0,low_hedge_stable
2026-02-01,DIA,0.1194910435465209,0.08937511180050481,0.12130507528433244,0.08139179262007738,0.2635198431728196,low_hedge_stable
2026-02-01,ETH-USD,-0.4669072697749187,-0.5841726110550681,0.0,0.0,0.0,low_hedge_stable
2026-02-01,GLD,0.3404906779647115,0.3012246365156799,0.40883951330423773,0.028887948775516988,0.09352967278215288,low_hedge_stable
2026-02-01,QQQ,0.0987891240070843,0.05566141821672076,0.075546898808734,0.050689532210567205,0.16411602630480998,low_hedge_stable
2026-02-01,SPY,0.137468473718379,0.10222058975791626,0.13873970153873258,0.09308986445409217,0.30139435061257264,low_hedge_stable
2026-02-01,TLT,0.1510713310842257,0.1239878939508377,0.16828354680690025,0.03514788028655655,0.11379727123353306,low_hedge_stable
2026-02-01,VIX,0.225794039590552,0.06431000708936688,0.08728526425706289,0.004364263212853144,0.014130048256638005,low_hedge_stable
2026-02-01,CASH,0.0,0.0,0.0,0.0,0.04951278763747391,low_hedge_stable
2026-02-02,BTC-USD,-0.2916199257945037,-0.3822490236176721,0.0,0.0,0.0,moderate_hedge_uncertain
2026-02-02,DIA,0.2505454221496738,0.2204294904036577,0.25592912004641055,0.14520425009848373,0.3102153478750217,moderate_hedge_uncertain
2026-02-02,ETH-USD,-0.492725081007744,-0.6099904222878935,0.0,0.0,0.0,moderate_hedge_uncertain
2026-02-02,GLD,0.2354933810167128,0.19622733956768115,0.22782927208441936,0.016268517329047744,0.03475617111219849,moderate_hedge_uncertain
2026-02-02,QQQ,0.1721633911318766,0.12903568534151305,0.14981656648375108,0.0850001054380127,0.18159480359550428,moderate_hedge_uncertain
2026-02-02,SPY,0.2140734732188346,0.17882558925837183,0.20762501250112458,0.11779837416096697,0.251665248053493,moderate_hedge_uncertain
2026-02-02,TLT,0.1638564992870946,0.13677306215370658,0.15880002888429443,0.033518326236932086,0.07160878023009695,moderate_hedge_uncertain
2026-02-02,VIX,0.1207146877564203,-0.04076934474476481,0.0,0.0,0.0,moderate_hedge_uncertain
2026-02-02,CASH,0.0,0.0,0.0,0.0,0.1501596491336856,moderate_hedge_uncertain
2026-02-03,BTC-USD,-0.2900659070971511,-0.3806950049203195,0.0,0.0,0.0,moderate_hedge_uncertain
2026-02-03,DIA,0.1628274661463554,0.1327115344003393,0.20183468674261207,0.11002425420464645,0.317177126102482,moderate_hedge_uncertain
2026-02-03,ETH-USD,-0.4391073314320315,-0.5563726727121809,0.0,0.0,0.0,moderate_hedge_uncertain
2026-02-03,GLD,0.2951398785616372,0.2558738371126056,0.38914639931343337,0.031028066091017298,0.08944748503326938,moderate_hedge_uncertain
2026-02-03,QQQ,0.0887146856873423,0.045586979896978755,0.06933107848254172,0.037793802078099355,0.10895169991628378,moderate_hedge_uncertain
2026-02-03,SPY,0.127830884330808,0.09258300037034525,0.1408051000380265,0.0767557666619044,0.22127097027472883,moderate_hedge_uncertain
2026-02-03,TLT,0.1359569525825573,0.10887351544916929,0.1655805728156349,0.037000097714613454,0.10666361470447941,moderate_hedge_uncertain
2026-02-03,VIX,0.1833810669993253,0.021897034498140185,0.0333021626077514,0.00166510813038757,0.004800161703108392,moderate_hedge_uncertain
2026-02-03,CASH,0.0,0.0,0.0,0.0,0.1516889422656483,moderate_hedge_uncertain
2026-02-04,BTC-USD,-0.2184521487202573,-0.3090812465434258,0.0,0.0,0.0,moderate_hedge_uncertain
2026-02-04,DIA,0.0973131982942636,0.06719726654824751,0.1813677780776895,0.0889549653974673,0.3338023973800163,moderate_hedge_uncertain
2026-02-04,ETH-USD,-0.3013985985786516,-0.418663939858801,0.0,0.0,0.0,moderate_hedge_uncertain
2026-02-04,GLD,0.2469100657576224,0.20764402430859075,0.5604385007672759,0.05691195829276972,0.2135614131581565,moderate_hedge_uncertain
2026-02-04,QQQ,0.0138917841327346,-0.02923592165762895,0.0,0.0,0.0,moderate_hedge_uncertain
2026-02-04,SPY,0.0569208889483768,0.021673004987914045,0.058496200230144124,0.02869047370215255,0.10766064447279863,moderate_hedge_uncertain
2026-02-04,TLT,0.101071924420617,0.07398848728722898,0.19969752092489043,0.050202275939212795,0.18838341387202043,moderate_hedge_uncertain
2026-02-04,VIX,0.1596739964754628,-0.001810036025722321,0.0,0.0,0.0,moderate_hedge_uncertain
2026-02-04,CASH,0.0,0.0,0.0,0.0,0.1565921311170082,moderate_hedge_uncertain
2026-02-05,BTC-USD,-0.2870760426907137,-0.3777051405138821,0.0,0.0,0.0,high_hedge_risk_off
2026-02-05,DIA,0.0502712285621921,0.020155296816176005,0.040150081647042646,0.013276605770883465,0.05892601042967212,high_hedge_risk_off
2026-02-05,ETH-USD,-0.3464996729328686,-0.4637650142130181,0.0,0.0,0.0,high_hedge_risk_off
2026-02-05,GLD,0.2423165262217313,0.20305048477269966,0.4044839238265421,0.050066166638304196,0.22221036825333862,high_hedge_risk_off
2026-02-05,QQQ,-0.0284433230748468,-0.07157102886521034,0.0,0.0,0.0,high_hedge_risk_off
2026-02-05,SPY,0.0103654613367106,-0.024882422623752155,0.0,0.0,0.0,high_hedge_risk_off
2026-02-05,TLT,0.1894979940069387,0.1624145568735507,0.32353568288350865,0.09044178810228941,0.35,high_hedge_risk_off
2026-02-05,VIX,0.2778625939005376,0.11637856139935249,0.23183031164290668,0.011591515582145336,0.05,high_hedge_risk_off
2026-02-05,CASH,0.0,0.0,0.0,0.0,0.3188636213169893,high_hedge_risk_off
2026-02-06,BTC-USD,-0.3324396380361291,-0.4230687358592975,0.0,0.0,0.0,high_hedge_risk_off
2026-02-06,DIA,0.0883742154165736,0.058258283670557506,0.08816819487146971,0.026909599515675325,0.11235896774104795,high_hedge_risk_off
2026-02-06,ETH-USD,-0.4232364477201822,-0.5405017890003316,0.0,0.0,0.0,high_hedge_risk_off
2026-02-06,GLD,0.3291703989318058,0.28990435748277416,0.4387417938566409,0.06096325843671991,0.2545474072956927,high_hedge_risk_off
2026-02-06,QQQ,-0.0520618974000535,-0.09518960319041705,0.0,0.0,0.0,high_hedge_risk_off
2026-02-06,SPY,0.012349430897473,-0.022898453062989755,0.0,0.0,0.0,high_hedge_risk_off
2026-02-06,TLT,0.2034138231118938,0.17633038597850578,0.26685873412661754,0.07987493143443879,0.33351164662010746,high_hedge_risk_off
2026-02-06,VIX,0.2977540362501042,0.13627000374891907,0.20623127714527173,0.010311563857263588,0.043055143578897635,high_hedge_risk_off
2026-02-06,CASH,0.0,0.0,0.0,0.0,0.2565268347642543,high_hedge_risk_off
2026-02-07,BTC-USD,-0.3378965614209516,-0.42852565924412,0.0,0.0,0.0,high_hedge_risk_off
2026-02-07,DIA,0.0859623608521564,0.05584642910614031,0.08389472228030605,0.030024219124491013,0.13102282865253534,high_hedge_risk_off
2026-02-07,ETH-USD,-0.4117090077075245,-0.5289743489876739,0.0,0.0,0.0,high_hedge_risk_off
2026-02-07,GLD,0.3402557956022927,0.30098975415326107,0.4521587546074461,0.06305821965386924,0.27518005629340103,high_hedge_risk_off
2026-02-07,QQQ,-0.0456239762764598,-0.08875168206682336,0.0,0.0,0.0,high_hedge_risk_off
2026-02-07,SPY,0.016942131302696,-0.018305752657766756,0.0,0.0,0.0,high_hedge_risk_off
2026-02-07,TLT,0.2039733655690019,0.17688992843561388,0.26573107104277444,0.07971932131283233,0.3478875148545502,high_hedge_risk_off
2026-02-07,VIX,0.2934306543012308,0.13194662180004563,0.19821545206947347,0.009910772603473674,0.04324966638615905,high_hedge_risk_off
2026-02-07,CASH,0.0,0.0,0.0,0.0,0.2026599338133543,high_hedge_risk_off
2026-02-08,BTC-USD,-0.331195143437583,-0.4218242412607514,0.0,0.0,0.0,high_hedge_risk_off
2026-02-08,DIA,0.0913942623801389,0.0612783306341228,0.09457290547365883,0.0338457242601477,0.14717953706506137,high_hedge_risk_off
2026-02-08,ETH-USD,-0.4090659735761411,-0.5263313148562906,0.0,0.0,0.0,high_hedge_risk_off
2026-02-08,GLD,0.3043271523686044,0.2650611109195728,0.4090777135789153,0.05705012245258217,0.24808482594544026,high_hedge_risk_off
2026-02-08,QQQ,-0.046361998018193,-0.08948970380855654,0.0,0.0,0.0,high_hedge_risk_off
2026-02-08,SPY,0.0182057032959372,-0.017042180664525557,0.0,0.0,0.0,high_hedge_risk_off
2026-02-08,TLT,0.2024045186736897,0.17532108154030168,0.27057891265101913,0.08117367379530574,0.35,high_hedge_risk_off
2026-02-08,VIX,0.3077715694484489,0.14628753694726376,0.2257704682964067,0.011288523414820336,0.049088612717254114,high_hedge_risk_off
2026-02-08,CASH,0.0,0.0,0.0,0.0,0.2056470242722444,high_hedge_risk_off
2026-02-09,BTC-USD,-0.3047833151921984,-0.39541241301536684,0.0,0.0,0.0,high_hedge_risk_off
2026-02-09,DIA,0.2029428335924129,0.17282690184639682,0.18494837501209666,0.06875427072994848,0.20499281459427438,high_hedge_risk_off
2026-02-09,ETH-USD,-0.3615759933445859,-0.4788413346247353,0.0,0.0,0.0,high_hedge_risk_off
2026-02-09,GLD,0.3629778024220587,0.32371176097302706,0.34641576933130563,0.048311265567499685,0.14404141299370066,high_hedge_risk_off
2026-02-09,QQQ,0.1004876209616093,0.057359915171245765,0.061382938584308065,0.022819011939679296,0.06803553341651038,high_hedge_risk_off
2026-02-09,SPY,0.1657201666944567,0.13047228273399392,0.13962315136110912,0.05190468933951108,0.15475530822135705,high_hedge_risk_off
2026-02-09,TLT,0.2771728107043379,0.2500893735709499,0.2676297657111805,0.08028892971335415,0.23938372857372414,high_hedge_risk_off
2026-02-09,VIX,-0.0562373609340791,-0.2177213934352642,0.0,0.0,0.0,high_hedge_risk_off
2026-02-09,CASH,0.0,0.0,0.0,0.0,0.1887912022004334,high_hedge_risk_off
2026-02-10,BTC-USD,-0.2379704479349592,-0.3285995457581276,0.0,0.0,0.0,high_hedge_risk_off
2026-02-10,DIA,0.1484001913969885,0.11828425965097242,0.17479850724222523,0.06917792969990988,0.21798326581289898,high_hedge_risk_off
2026-02-10,ETH-USD,-0.3285123821882357,-0.4457777234683852,0.0,0.0,0.0,high_hedge_risk_off
2026-02-10,GLD,0.2940518027566849,0.2547857613076533,0.37651815105887226,0.052456235039798266,0.16529233349171976,high_hedge_risk_off
2026-02-10,QQQ,0.0314419168595912,-0.011685788930772352,0.0,0.0,0.0,high_hedge_risk_off
2026-02-10,SPY,0.0973513833246381,0.06210349936417535,0.09177551616257751,0.03632090631340398,0.11444907082107221,high_hedge_risk_off
2026-02-10,TLT,0.2685991032180042,0.24151566608461617,0.35690782553632494,0.10696403153129007,0.33704924415705495,high_hedge_risk_off
2026-02-10,VIX,0.0281646928499649,-0.13331933965122023,0.0,0.0,0.0,high_hedge_risk_off
2026-02-10,CASH,0.0,0.0,0.0,0.0,0.1652260857172541,high_hedge_risk_off
2026-02-11,BTC-USD,-0.3015254320420283,-0.3921545298651967,0.0,0.0,0.0,high_hedge_risk_off
2026-02-11,DIA,0.1609019516863668,0.13078601994035072,0.17252784026592188,0.06885205625861644,0.2149445827549365,high_hedge_risk_off
2026-02-11,ETH-USD,-0.3946061086013281,-0.5118714498814776,0.0,0.0,0.0,high_hedge_risk_off
2026-02-11,GLD,0.327310333367775,0.28804429191874337,0.3799768477420819,0.052551200779255694,0.16405604332774637,high_hedge_risk_off
2026-02-11,QQQ,0.0583035968124663,0.015175891022102752,0.020019446293636944,0.007989319522874143,0.02494131685609819,high_hedge_risk_off
2026-02-11,SPY,0.1163366662027121,0.08108878224224936,0.1069691735892686,0.042689038166559556,0.13326802415973463,high_hedge_risk_off
2026-02-11,TLT,0.2700459326969234,0.24296249556353539,0.3205066921090907,0.09535272395043284,0.29767522682385433,high_hedge_risk_off
2026-02-11,VIX,0.0751830304112377,-0.08630100208994743,0.0,0.0,0.0,high_hedge_risk_off
2026-02-11,CASH,0.0,0.0,0.0,0.0,0.16511480607763,high_hedge_risk_off
2026-02-12,BTC-USD,-0.3257468817570595,-0.41637597958022793,0.0,0.0,0.0,high_hedge_risk_off
2026-02-12,DIA,0.0662213938695714,0.03610546212355531,0.05396284110145565,0.018895050675614866,0.07159456147492868,high_hedge_risk_off
2026-02-12,ETH-USD,-0.4264161324108254,-0.5436814736909749,0.0,0.0,0.0,high_hedge_risk_off
2026-02-12,GLD,0.2279208113636924,0.18865476991466076,0.28196142005048114,0.03932243925005266,0.14899524973835146,high_hedge_risk_off
2026-02-12,QQQ,-0.0531898737061485,-0.09631757949651205,0.0,0.0,0.0,high_hedge_risk_off
2026-02-12,SPY,0.003493786908609,-0.03175409705185375,0.0,0.0,0.0,high_hedge_risk_off
2026-02-12,TLT,0.3401338294866659,0.31305039235327786,0.467881799199772,0.1403645397599316,0.35,high_hedge_risk_off
2026-02-12,VIX,0.2927534896360392,0.13126945713485405,0.19619393964829115,0.009809696982414559,0.03716957237718798,high_hedge_risk_off
2026-02-12,CASH,0.0,0.0,0.0,0.0,0.3922406164095319,high_hedge_risk_off
2026-02-13,BTC-USD,-0.3136391590486144,-0.4042682568717828,0.0,0.0,0.0,high_hedge_risk_off
2026-02-13,DIA,0.0378689793457477,0.007753047599731603,0.010920278035185886,0.003821231602899117,0.014586695205389575,high_hedge_risk_off
2026-02-13,ETH-USD,-0.3828483709733339,-0.5001137122534833,0.0,0.0,0.0,high_hedge_risk_off
2026-02-13,GLD,0.2932402630407213,0.2539742215916897,0.3577263105732995,0.04988863764820862,0.1904386928639548,high_hedge_risk_off
2026-02-13,QQQ,-0.0835356409157658,-0.12666334670612933,0.0,0.0,0.0,high_hedge_risk_off
2026-02-13,SPY,-0.0311525685817308,-0.06640045254219355,0.0,0.0,0.0,high_hedge_risk_off
2026-02-13,TLT,0.3721681646444242,0.3450847275110362,0.4860567566033428,0.14581702698100282,0.35,high_hedge_risk_off
2026-02-13,VIX,0.264640003166477,0.10315597066529189,0.14529665478817178,0.007264832739408589,0.027731870742273394,high_hedge_risk_off
2026-02-13,CASH,0.0,0.0,0.0,0.0,0.4172427411883822,high_hedge_risk_off
2026-02-14,BTC-USD,-0.2736789921451988,-0.3643080899683672,0.0,0.0,0.0,high_hedge_risk_off
2026-02-14,DIA,0.045845234835339,0.015729303089322903,0.025935668701756412,0.010676974100099398,0.047672093986068226,high_hedge_risk_off
2026-02-14,ETH-USD,-0.3434142711178419,-0.4606796123979914,0.0,0.0,0.0,high_hedge_risk_off
2026-02-14,GLD,0.2064074402418127,0.16714139879278106,0.2755954234476083,0.03843463511493448,0.17160850259085458,high_hedge_risk_off
2026-02-14,QQQ,-0.0877754656634249,-0.13090317145378844,0.0,0.0,0.0,high_hedge_risk_off
2026-02-14,SPY,-0.0285031360396372,-0.06375102000009995,0.0,0.0,0.0,high_hedge_risk_off
2026-02-14,TLT,0.2856604436411988,0.2585770065078108,0.4263613929107129,0.12790841787321386,0.35,high_hedge_risk_off
2026-02-14,VIX,0.3265101062296272,0.16502607372844202,0.2721075149399224,0.01360537574699612,0.05,high_hedge_risk_off
2026-02-14,CASH,0.0,0.0,0.0,0.0,0.3807194034230772,high_hedge_risk_off
2026-02-15,BTC-USD,-0.2691123164786007,-0.3597414143017691,0.0,0.0,0.0,high_hedge_risk_off
2026-02-15,DIA,0.0435814230663633,0.013465491320347201,0.022232556858128496,0.009310472285124178,0.04181687282471412,high_hedge_risk_off
2026-02-15,ETH-USD,-0.3808452697999964,-0.49811061108014587,0.0,0.0,0.0,high_hedge_risk_off
2026-02-15,GLD,0.2227657782552034,0.18349973680617176,0.3029721110755308,0.04225259764301968,0.18977248930486496,high_hedge_risk_off
2026-02-15,QQQ,-0.0714557709453193,-0.11458347673568285,0.0,0.0,0.0,high_hedge_risk_off
2026-02-15,SPY,-0.0221569223952199,-0.05740480635568265,0.0,0.0,0.0,high_hedge_risk_off
2026-02-15,TLT,0.2833586078544888,0.2562751707211008,0.42312992291443174,0.1269389768743295,0.35,high_hedge_risk_off
2026-02-15,VIX,0.3139090731382755,0.15242504063709034,0.251665409151909,0.01258327045759545,0.05,high_hedge_risk_off
2026-02-15,CASH,0.0,0.0,0.0,0.0,0.36841063787042105,high_hedge_risk_off
2026-02-16,BTC-USD,-0.2484404961864811,-0.33906959400964953,0.0,0.0,0.0,high_hedge_risk_off
2026-02-16,DIA,0.0545620981599781,0.024446166413962002,0.04242471233294885,0.017988845449258214,0.07678613183117027,high_hedge_risk_off
2026-02-16,ETH-USD,-0.3411642986835681,-0.45842963996371755,0.0,0.0,0.0,high_hedge_risk_off
2026-02-16,GLD,0.1798150341925024,0.14054899274347074,0.24391352348898113,0.034016266154285976,0.14519984090668173,high_hedge_risk_off
2026-02-16,QQQ,-0.0957658592032148,-0.13889356499357833,0.0,0.0,0.0,high_hedge_risk_off
2026-02-16,SPY,-0.0374904033221604,-0.07273828728262315,0.0,0.0,0.0,high_hedge_risk_off
2026-02-16,TLT,0.2912263887309568,0.2641429515975688,0.45840270194277455,0.13752081058283236,0.35,high_hedge_risk_off
2026-02-16,VIX,0.3085706047118253,0.14708657221064014,0.2552590622352955,0.012762953111764775,0.05,high_hedge_risk_off
2026-02-16,CASH,0.0,0.0,0.0,0.0,0.37801402726214806,high_hedge_risk_off
2026-02-17,BTC-USD,-0.2056961569433684,-0.29632525476653687,0.0,0.0,0.0,high_hedge_risk_off
2026-02-17,DIA,0.0855162423732007,0.055400310627184604,0.13041287772824706,0.04685356262766212,0.13379372226483027,high_hedge_risk_off
2026-02-17,ETH-USD,-0.2771042211309113,-0.3943695624110608,0.0,0.0,0.0,high_hedge_risk_off
2026-02-17,GLD,0.1031710201767346,0.06390497872770295,0.15043295033354367,0.0209794323976935,0.059908280055391054,high_hedge_risk_off
2026-02-17,QQQ,-0.0701746780001525,-0.11330238379051603,0.0,0.0,0.0,high_hedge_risk_off
2026-02-17,SPY,0.0006752355763769,-0.03457264838408585,0.0,0.0,0.0,high_hedge_risk_off
2026-02-17,TLT,0.3260100460829742,0.29892660894958617,0.7036761863124418,0.21110285589373254,0.35,high_hedge_risk_off
2026-02-17,VIX,0.1680591900047059,0.006575157503520786,0.015477985625767582,0.0007738992812883791,0.002209925130442865,high_hedge_risk_off
2026-02-17,CASH,0.0,0.0,0.0,0.0,0.4540880725493358,high_hedge_risk_off
2026-02-18,BTC-USD,-0.3022420384045121,-0.3928711362276805,0.0,0.0,0.0,high_hedge_risk_off
2026-02-18,DIA,0.1500544914292952,0.1199385596832791,0.20022616202972687,0.07072695723271173,0.1996979277447137,high_hedge_risk_off
2026-02-18,ETH-USD,-0.404287725465948,-0.5215530667460975,0.0,0.0,0.0,high_hedge_risk_off
2026-02-18,GLD,0.1632490240430142,0.12398298259398255,0.2069779462697051,0.028865217506875353,0.08150109018626632,high_hedge_risk_off
2026-02-18,QQQ,0.0044967718210453,-0.03863093396931825,0.0,0.0,0.0,high_hedge_risk_off
2026-02-18,SPY,0.0731363330864631,0.037888449126000354,0.06325120773328102,0.022342562125347826,0.06308433914750526,high_hedge_risk_off
2026-02-18,TLT,0.344170658092217,0.31708722095882896,0.5293473379112911,0.15880420137338733,0.35,high_hedge_risk_off
2026-02-18,VIX,0.1616022458329265,0.0001182133317413972,0.00019734605599592384,9.867302799796193e-06,2.7860380237558844e-05,high_hedge_risk_off
2026-02-18,CASH,0.0,0.0,0.0,0.0,0.3056887825412772,high_hedge_risk_off
2026-02-19,BTC-USD,-0.3120521335387704,-0.40268123136193884,0.0,0.0,0.0,high_hedge_risk_off
2026-02-19,DIA,0.110456913965429,0.08034098221941291,0.12058975180759562,0.042632121876870994,0.13949932980233834,high_hedge_risk_off
2026-02-19,ETH-USD,-0.4295424814825089,-0.5468078227626584,0.0,0.0,0.0,high_hedge_risk_off
2026-02-19,GLD,0.2575202330865458,0.21825419163751417,0.3275939386533377,0.045686366415293,0.14949332136093052,high_hedge_risk_off
2026-02-19,QQQ,-0.0049008465437652,-0.04802855233412875,0.0,0.0,0.0,high_hedge_risk_off
2026-02-19,SPY,0.0509357263596691,0.01568784239920635,0.023547048704862017,0.008324593385248715,0.027239441693123787,high_hedge_risk_off
2026-02-19,TLT,0.344977695408655,0.317894258275267,0.47715112072915705,0.14314533621874712,0.35,high_hedge_risk_off
2026-02-19,VIX,0.1955406710107471,0.03405663850956198,0.051118140105047546,0.0025559070052523776,0.008363349009452995,high_hedge_risk_off
2026-02-19,CASH,0.0,0.0,0.0,0.0,0.3254045581341543,high_hedge_risk_off
2026-02-20,BTC-USD,-0.270450487755463,-0.3610795855786314,0.0,0.0,0.0,high_hedge_risk_off
2026-02-20,DIA,0.1069232140496777,0.0768072823036616,0.12082231220031818,0.041474263725692774,0.13509215700334506,high_hedge_risk_off
2026-02-20,ETH-USD,-0.3379240707876802,-0.4551894120678297,0.0,0.0,0.0,high_hedge_risk_off
2026-02-20,GLD,0.2992011206561533,0.25993507920712167,0.408892963659516,0.05702435716355516,0.18574274065247776,high_hedge_risk_off
2026-02-20,QQQ,-0.0154171410303336,-0.05854484682069715,0.0,0.0,0.0,high_hedge_risk_off
2026-02-20,SPY,0.0458084913447404,0.010560607384277651,0.016612448248899334,0.005702498547304408,0.018574478721524942,high_hedge_risk_off
2026-02-20,TLT,0.3154849246827497,0.2884014875493617,0.45367227589126646,0.13610168276737994,0.35,high_hedge_risk_off
2026-02-20,VIX,0.0864313100836834,-0.07505272241750172,0.0,0.0,0.0,high_hedge_risk_off
2026-02-20,CASH,0.0,0.0,0.0,0.0,0.3105906236226523,high_hedge_risk_off
2026-02-21,BTC-USD,-0.2750682967320367,-0.3656973945552051,0.0,0.0,0.0,high_hedge_risk_off
2026-02-21,DIA,0.1124109748042453,0.08229504305822921,0.1271144161455957,0.05133427390969656,0.1736501673884148,high_hedge_risk_off
2026-02-21,ETH-USD,-0.3234919594333137,-0.4407573007134632,0.0,0.0,0.0,high_hedge_risk_off
2026-02-21,GLD,0.3019748257793225,0.2627087843302909,0.40578475319389073,0.05659088503396628,0.1914318818669519,high_hedge_risk_off
2026-02-21,QQQ,-0.0239003729553047,-0.06702807874566825,0.0,0.0,0.0,high_hedge_risk_off
2026-02-21,SPY,0.0429850760236296,0.007737192063166851,0.01195100719517084,0.004826331233358781,0.016326192282742676,high_hedge_risk_off
2026-02-21,TLT,0.3217516223463333,0.2946681852129453,0.4551498234653427,0.13654494703960282,0.35,high_hedge_risk_off
2026-02-21,VIX,0.0928878321989494,-0.06859620030223572,0.0,0.0,0.0,high_hedge_risk_off
2026-02-21,CASH,0.0,0.0,0.0,0.0,0.26859175846189065,high_hedge_risk_off
2026-02-22,BTC-USD,-0.2475313210114884,-0.3381604188346568,0.0,0.0,0.0,high_hedge_risk_off
2026-02-22,DIA,0.0502035383739505,0.020087606627934407,0.03282500642074671,0.013442503335803779,0.0533024613011309,high_hedge_risk_off
2026-02-22,ETH-USD,-0.3293508430174183,-0.4466161842975678,0.0,0.0,0.0,high_hedge_risk_off
2026-02-22,GLD,0.3803854555165985,0.3411194140675669,0.5574206606295259,0.07773808225409178,0.3082484725844477,high_hedge_risk_off
2026-02-22,QQQ,-0.0416436422482949,-0.08477134803865845,0.0,0.0,0.0,high_hedge_risk_off
2026-02-22,SPY,0.0096964861032894,-0.025551397857173353,0.0,0.0,0.0,high_hedge_risk_off
2026-02-22,TLT,0.2778368946919972,0.25075345755860917,0.40975433294972735,0.1229262998849182,0.35,high_hedge_risk_off
2026-02-22,VIX,0.1294442945123631,-0.032039737988822,0.0,0.0,0.0,high_hedge_risk_off
2026-02-22,CASH,0.0,0.0,0.0,0.0,0.28844906611442145,high_hedge_risk_off
2026-02-23,BTC-USD,-0.2938916898367348,-0.3845207876599032,0.0,0.0,0.0,high_hedge_risk_off
2026-02-23,DIA,-0.0235936674551299,-0.05370959920114599,0.0,0.0,0.0,high_hedge_risk_off
2026-02-23,ETH-USD,-0.3610382822143201,-0.47830362349446953,0.0,0.0,0.0,high_hedge_risk_off
2026-02-23,GLD,0.3315475883961525,0.2922815469471209,0.4192911368902322,0.058474490075723716,0.2431743279891703,high_hedge_risk_off
2026-02-23,QQQ,-0.0776103395728841,-0.12073804536324766,0.0,0.0,0.0,high_hedge_risk_off
2026-02-23,SPY,-0.0306792279862202,-0.06592711194668295,0.0,0.0,0.0,high_hedge_risk_off
2026-02-23,TLT,0.3074687962783481,0.2803853591449601,0.4022255158808767,0.120667654764263,0.35,high_hedge_risk_off
2026-02-23,VIX,0.285902090128808,0.12441805762762292,0.1784833472288912,0.00892416736144456,0.037112395476589524,high_hedge_risk_off
2026-02-23,CASH,0.0,0.0,0.0,0.0,0.36971327653424024,high_hedge_risk_off
2026-02-24,BTC-USD,-0.320933461926439,-0.4115625597496074,0.0,0.0,0.0,high_hedge_risk_off
2026-02-24,DIA,0.044209455462551,0.014093523716534903,0.02020847552372458,0.0068097318863560505,0.022471026304244482,high_hedge_risk_off
2026-02-24,ETH-USD,-0.3694715807313207,-0.4867369220114701,0.0,0.0,0.0,high_hedge_risk_off
2026-02-24,GLD,0.334039761635979,0.29477372018694736,0.422671265841511,0.05894588405122891,0.1945119915361164,high_hedge_risk_off
2026-02-24,QQQ,0.057321253654919,0.014193547864555447,0.02035189853046938,0.006858061718119981,0.022630507020808807,high_hedge_risk_off
2026-02-24,SPY,0.0663772343522141,0.03112935039175135,0.04463587163252179,0.015041130538245432,0.049633325600921624,high_hedge_risk_off
2026-02-24,TLT,0.370299870743712,0.343216433610324,0.49213248847177316,0.1476397465415319,0.35,high_hedge_risk_off
2026-02-24,VIX,0.1147915695320919,-0.04669246296909323,0.0,0.0,0.0,high_hedge_risk_off
2026-02-24,CASH,0.0,0.0,0.0,0.0,0.36075314953790866,high_hedge_risk_off
2026-02-25,BTC-USD,-0.0657054730935411,-0.15633457091670958,0.0,0.0,0.0,high_hedge_risk_off
2026-02-25,DIA,0.0238633366966384,-0.006252595049377697,0.0,0.0,0.0,high_hedge_risk_off
2026-02-25,ETH-USD,-0.0165958155301543,-0.13386115681030375,0.0,0.0,0.0,high_hedge_risk_off
2026-02-25,GLD,0.2149057281003288,0.17563968665129714,0.41097091030432326,0.053299901189164105,0.17964601141580383,high_hedge_risk_off
2026-02-25,QQQ,0.0769666688366377,0.033838963046274165,0.07917817272409114,0.030030154387686015,0.10121589979692791,high_hedge_risk_off
2026-02-25,SPY,0.0654015401654096,0.030153656204946845,0.07055509933898581,0.02675965424677699,0.09019275918051385,high_hedge_risk_off
2026-02-25,TLT,0.2148285495528534,0.1877451124194654,0.4392958176325998,0.12604923399527343,0.35,high_hedge_risk_off
2026-02-25,VIX,-0.1856527322369712,-0.3471367647381563,0.0,0.0,0.0,high_hedge_risk_off
2026-02-25,CASH,0.0,0.0,0.0,0.0,0.2789453296067544,high_hedge_risk_off
2026-02-26,BTC-USD,-0.2007032627792885,-0.29133236060245693,0.0,0.0,0.0,moderate_hedge_uncertain
2026-02-26,DIA,-0.0081706029866749,-0.038286534732690995,0.0,0.0,0.0,moderate_hedge_uncertain
2026-02-26,ETH-USD,-0.0992658207583835,-0.21653116203853295,0.0,0.0,0.0,moderate_hedge_uncertain
2026-02-26,GLD,0.3080118810118799,0.26874583956284825,0.48118592640873165,0.05519682117704802,0.24320125641699397,moderate_hedge_uncertain
2026-02-26,QQQ,0.0199917133957318,-0.023135992394631752,0.0,0.0,0.0,moderate_hedge_uncertain
2026-02-26,SPY,0.0278030681218147,-0.007444815838648054,0.0,0.0,0.0,moderate_hedge_uncertain
2026-02-26,TLT,0.3168448705670668,0.2897614334336788,0.5188140735912683,0.1353515039365082,0.35,moderate_hedge_uncertain
2026-02-26,VIX,-0.0912323911372267,-0.2527164236384118,0.0,0.0,0.0,moderate_hedge_uncertain
2026-02-26,CASH,0.0,0.0,0.0,0.0,0.40679874358300605,moderate_hedge_uncertain
2026-02-27,BTC-USD,-0.2224339975441025,-0.31306309536727095,0.0,0.0,0.0,moderate_hedge_uncertain
2026-02-27,DIA,-0.0578269835616584,-0.0879429153076745,0.0,0.0,0.0,moderate_hedge_uncertain
2026-02-27,ETH-USD,-0.2655392248662154,-0.3828045661463648,0.0,0.0,0.0,moderate_hedge_uncertain
2026-02-27,GLD,0.3507717121130793,0.31150567066404766,0.5102209825596444,0.05906349573583422,0.26371065156625,moderate_hedge_uncertain
2026-02-27,QQQ,0.0046524665632844,-0.03847523922707915,0.0,0.0,0.0,moderate_hedge_uncertain
2026-02-27,SPY,0.0016966594384982,-0.03355122452196455,0.0,0.0,0.0,moderate_hedge_uncertain
2026-02-27,TLT,0.3261086566363924,0.29902521950300437,0.4897790174403555,0.1289544782869204,0.35,moderate_hedge_uncertain
2026-02-27,VIX,0.0935345724605285,-0.06794946004065662,0.0,0.0,0.0,moderate_hedge_uncertain
2026-02-27,CASH,0.0,0.0,0.0,0.0,0.38628934843375007,moderate_hedge_uncertain
2026-02-28,BTC-USD,-0.1571911828047827,-0.24782028062795117,0.0,0.0,0.0,moderate_hedge_uncertain
2026-02-28,DIA,-0.0426961962993817,-0.0728121280453978,0.0,0.0,0.0,moderate_hedge_uncertain
2026-02-28,ETH-USD,-0.1842121696175297,-0.30147751089767916,0.0,0.0,0.0,moderate_hedge_uncertain
2026-02-28,GLD,0.3275260557960567,0.2882600143470251,0.4753109299320344,0.0596093983055864,0.26623675002769753,moderate_hedge_uncertain
2026-02-28,QQQ,0.0149857795121676,-0.02814192627819595,0.0,0.0,0.0,moderate_hedge_uncertain
2026-02-28,SPY,0.0098099287859285,-0.025437955174534253,0.0,0.0,0.0,moderate_hedge_uncertain
2026-02-28,TLT,0.3452896245803001,0.3182061874469121,0.5246890700679656,0.14506108458848113,0.35,moderate_hedge_uncertain
2026-02-28,VIX,-0.0266663520505717,-0.1881503845517568,0.0,0.0,0.0,moderate_hedge_uncertain
2026-02-28,CASH,0.0,0.0,0.0,0.0,0.3837632499723025,moderate_hedge_uncertain
2026-03-01,BTC-USD,-0.1860070378967361,-0.27663613571990453,0.0,0.0,0.0,moderate_hedge_uncertain
2026-03-01,DIA,-0.0952333835628667,-0.1253493153088828,0.0,0.0,0.0,moderate_hedge_uncertain
2026-03-01,ETH-USD,-0.1860569435288099,-0.3033222848089593,0.0,0.0,0.0,moderate_hedge_uncertain
2026-03-01,GLD,0.2632180782058285,0.22395203675679687,0.4055748366853068,0.053749516501064395,0.2398665050604944,moderate_hedge_uncertain
2026-03-01,QQQ,-0.068891375395347,-0.11201908118571054,0.0,0.0,0.0,moderate_hedge_uncertain
2026-03-01,SPY,-0.0644440498809102,-0.09969193384137294,0.0,0.0,0.0,moderate_hedge_uncertain
2026-03-01,TLT,0.3095821328090192,0.2824986956756312,0.5116022342180329,0.1458577191069291,0.35,moderate_hedge_uncertain
2026-03-01,VIX,0.2072175494347144,0.04573351693352929,0.08282292909666032,0.004141146454833016,0.018480581626158097,moderate_hedge_uncertain
2026-03-01,CASH,0.0,0.0,0.0,0.0,0.39165291331334756,moderate_hedge_uncertain
2026-03-02,BTC-USD,-0.1705663273314719,-0.26119542515464034,0.0,0.0,0.0,high_hedge_risk_off
2026-03-02,DIA,-0.1507972010677926,-0.1809131328138087,0.0,0.0,0.0,high_hedge_risk_off
2026-03-02,ETH-USD,-0.2227233861254619,-0.3399887274056113,0.0,0.0,0.0,high_hedge_risk_off
2026-03-02,GLD,0.2819784973794348,0.2427124559304032,0.4189194723445723,0.05544123297978884,0.3143677266464067,high_hedge_risk_off
2026-03-02,QQQ,-0.0900524022173866,-0.13318010800775013,0.0,0.0,0.0,high_hedge_risk_off
2026-03-02,SPY,-0.0903955374900921,-0.12564342145055485,0.0,0.0,0.0,high_hedge_risk_off
2026-03-02,TLT,0.1822601739759803,0.15517673684259228,0.26783362423266677,0.07624985772542399,0.35,high_hedge_risk_off
2026-03-02,VIX,0.3429721949320695,0.18148816243088434,0.3132469034227608,0.01566234517113804,0.05,high_hedge_risk_off
2026-03-02,CASH,0.0,0.0,0.0,0.0,0.28563227335359337,high_hedge_risk_off
2026-03-03,BTC-USD,-0.1255976561206437,-0.21622675394381216,0.0,0.0,0.0,high_hedge_risk_off
2026-03-03,DIA,-0.125283070763338,-0.1553990025093541,0.0,0.0,0.0,high_hedge_risk_off
2026-03-03,ETH-USD,-0.187604904156547,-0.3048702454366964,0.0,0.0,0.0,high_hedge_risk_off
2026-03-03,GLD,0.1090208060953457,0.06975476464631405,0.15124062250934492,0.020532825673070455,0.11245111898002742,high_hedge_risk_off
2026-03-03,QQQ,-0.0941254704333514,-0.13725317622371494,0.0,0.0,0.0,high_hedge_risk_off
2026-03-03,SPY,-0.0878991601530815,-0.12314704411354424,0.0,0.0,0.0,high_hedge_risk_off
2026-03-03,TLT,0.1976716657870411,0.17058822865365308,0.3698653421764253,0.10801760702628542,0.35,high_hedge_risk_off
2026-03-03,VIX,0.3823581612214876,0.22087412872030243,0.47889403531422986,0.023944701765711493,0.05,high_hedge_risk_off
2026-03-03,CASH,0.0,0.0,0.0,0.0,0.4875488810199726,high_hedge_risk_off
2026-03-04,BTC-USD,0.1275269329342602,0.03689783511109174,0.29873205598870906,0.023898564479096725,0.04,moderate_hedge_uncertain
2026-03-04,DIA,-0.1370485376811325,-0.1671644694271486,0.0,0.0,0.0,moderate_hedge_uncertain
2026-03-04,ETH-USD,0.033587440543188,-0.08367790073696144,0.0,0.0,0.0,moderate_hedge_uncertain
2026-03-04,GLD,0.1258830229483352,0.08661698149930355,0.7012679440112909,0.07639167955960369,0.35,moderate_hedge_uncertain
2026-03-04,QQQ,0.019354963952112,-0.02377274183825155,0.0,0.0,0.0,moderate_hedge_uncertain
2026-03-04,SPY,-0.0214231912842596,-0.056671075244722355,0.0,0.0,0.0,moderate_hedge_uncertain
2026-03-04,TLT,0.0010299049558932,-0.026053532177494818,0.0,0.0,0.0,moderate_hedge_uncertain
2026-03-04,VIX,0.0454726388193555,-0.11601139368182961,0.0,0.0,0.0,moderate_hedge_uncertain
2026-03-04,CASH,0.0,0.0,0.0,0.0,0.6100000000000001,moderate_hedge_uncertain
2026-03-05,BTC-USD,-0.0361948708532288,-0.12682396867639725,0.0,0.0,0.0,moderate_hedge_uncertain
2026-03-05,DIA,-0.1487822493652245,-0.1788981811112406,0.0,0.0,0.0,moderate_hedge_uncertain
2026-03-05,ETH-USD,-0.1098009272401778,-0.22706626852032724,0.0,0.0,0.0,moderate_hedge_uncertain
2026-03-05,GLD,0.0734466005983441,0.03418055914931245,0.2118173718225464,0.023488214486117463,0.3450182998850256,moderate_hedge_uncertain
2026-03-05,QQQ,0.0284018190788187,-0.01472588671154485,0.0,0.0,0.0,moderate_hedge_uncertain
2026-03-05,SPY,-0.014973082083503,-0.050220966043965753,0.0,0.0,0.0,moderate_hedge_uncertain
2026-03-05,TLT,0.0088999974394283,-0.01818343969395972,0.0,0.0,0.0,moderate_hedge_uncertain
2026-03-05,VIX,0.2886715370532191,0.12718750455203398,0.7881826281774535,0.03940913140887268,0.05,moderate_hedge_uncertain
2026-03-05,CASH,0.0,0.0,0.0,0.0,0.6049817001149744,moderate_hedge_uncertain
2026-03-06,BTC-USD,-0.1229502688777004,-0.21357936670086886,0.0,0.0,0.0,moderate_hedge_uncertain
2026-03-06,DIA,-0.1178129410774562,-0.14792887282347228,0.0,0.0,0.0,moderate_hedge_uncertain
2026-03-06,ETH-USD,-0.1721664671514359,-0.28943180843158534,0.0,0.0,0.0,moderate_hedge_uncertain
2026-03-06,GLD,0.1322427736821567,0.09297673223312505,0.30220147756935206,0.03605020978382524,0.35,moderate_hedge_uncertain
2026-03-06,QQQ,-0.0360820212134133,-0.07920972700377686,0.0,0.0,0.0,moderate_hedge_uncertain
2026-03-06,SPY,-0.0584025610466565,-0.09365044500711925,0.0,0.0,0.0,moderate_hedge_uncertain
2026-03-06,TLT,0.0591523537529368,0.03206891661954878,0.10423332541066935,0.028285713069070323,0.2762351360545489,moderate_hedge_uncertain
2026-03-06,VIX,0.3441031011771934,0.18261906867600824,0.5935651970199787,0.029678259850998936,0.05,moderate_hedge_uncertain
2026-03-06,CASH,0.0,0.0,0.0,0.0,0.3237648639454511,moderate_hedge_uncertain
2026-03-07,BTC-USD,-0.172836744032576,-0.26346584185574445,0.0,0.0,0.0,moderate_hedge_uncertain
2026-03-07,DIA,-0.1538014627595368,-0.1839173945055529,0.0,0.0,0.0,moderate_hedge_uncertain
2026-03-07,ETH-USD,-0.1911863388273799,-0.3084516801075293,0.0,0.0,0.0,moderate_hedge_uncertain
2026-03-07,GLD,0.1632566863244562,0.12399064487542455,0.2807878624201035,0.038363000602045935,0.3183695099568212,moderate_hedge_uncertain
2026-03-07,QQQ,-0.0564983213331428,-0.09962602712350636,0.0,0.0,0.0,moderate_hedge_uncertain
2026-03-07,SPY,-0.0827856314871153,-0.11803351544757805,0.0,0.0,0.0,moderate_hedge_uncertain
2026-03-07,TLT,0.0902721551501819,0.06318871801679388,0.14309648182593568,0.04205771744909101,0.3490314804378325,moderate_hedge_uncertain
2026-03-07,VIX,0.415885882581466,0.2544018500802809,0.5761156557539608,0.028805782787698044,0.05,moderate_hedge_uncertain
2026-03-07,CASH,0.0,0.0,0.0,0.0,0.28259900960534634,moderate_hedge_uncertain
2026-03-08,BTC-USD,-0.1949013019778812,-0.2855303998010496,0.0,0.0,0.0,moderate_hedge_uncertain
2026-03-08,DIA,-0.1471953508026914,-0.17731128254870748,0.0,0.0,0.0,moderate_hedge_uncertain
2026-03-08,ETH-USD,-0.2114057704237041,-0.32867111170385355,0.0,0.0,0.0,moderate_hedge_uncertain
2026-03-08,GLD,0.1893837830229161,0.15011774157388447,0.31935477980853416,0.04363347220681501,0.35,moderate_hedge_uncertain
2026-03-08,QQQ,-0.0464525302862569,-0.08958023607662045,0.0,0.0,0.0,moderate_hedge_uncertain
2026-03-08,SPY,-0.0744422838890971,-0.10969016784955984,0.0,0.0,0.0,moderate_hedge_uncertain
2026-03-08,TLT,0.0923211244715649,0.06523768733817689,0.13878417738417337,0.040790290912844404,0.33156034209702423,moderate_hedge_uncertain
2026-03-08,VIX,0.4161943457204487,0.2547103132192636,0.5418610428072925,0.02709305214036463,0.05,moderate_hedge_uncertain
2026-03-08,CASH,0.0,0.0,0.0,0.0,0.2684396579029757,moderate_hedge_uncertain
2026-03-09,BTC-USD,-0.1578719427520515,-0.24850104057521996,0.0,0.0,0.0,moderate_hedge_uncertain
2026-03-09,DIA,-0.164732951709037,-0.1948488834550531,0.0,0.0,0.0,moderate_hedge_uncertain
2026-03-09,ETH-USD,-0.2153035102358351,-0.33256885151598453,0.0,0.0,0.0,moderate_hedge_uncertain
2026-03-09,GLD,0.2369052325282865,0.19763919107925484,0.4186600337728483,0.058386476205926775,0.35,moderate_hedge_uncertain
2026-03-09,QQQ,-0.0010505884969078,-0.044178294287271345,0.0,0.0,0.0,moderate_hedge_uncertain
2026-03-09,SPY,-0.0533197160810845,-0.08856760004154725,0.0,0.0,0.0,moderate_hedge_uncertain
2026-03-09,TLT,0.0995411759330025,0.07245773879961448,0.15348757099894314,0.04604627129968294,0.3289841376620604,moderate_hedge_uncertain
2026-03-09,VIX,0.3634627132273817,0.20197868072619657,0.42785239522820867,0.021392619761410436,0.05,moderate_hedge_uncertain
2026-03-09,CASH,0.0,0.0,0.0,0.0,0.2710158623379396,moderate_hedge_uncertain
2026-03-10,BTC-USD,-0.1026776028768492,-0.19330670070001768,0.0,0.0,0.0,moderate_hedge_uncertain
2026-03-10,DIA,-0.1650855455890905,-0.1952014773351066,0.0,0.0,0.0,moderate_hedge_uncertain
2026-03-10,ETH-USD,-0.1694011140975242,-0.28666645537767366,0.0,0.0,0.0,moderate_hedge_uncertain
2026-03-10,GLD,0.2562520155934796,0.21698597414444795,0.5130053691468429,0.07130093325445583,0.35,moderate_hedge_uncertain
2026-03-10,QQQ,-0.0313171827481517,-0.07444488853851526,0.0,0.0,0.0,moderate_hedge_uncertain
2026-03-10,SPY,-0.089492211736877,-0.12474009569733975,0.0,0.0,0.0,moderate_hedge_uncertain
2026-03-10,TLT,0.0420422664519658,0.014958829318577782,0.03536615574734357,0.010573813713821467,0.09159461773257856,moderate_hedge_uncertain
2026-03-10,VIX,0.3525094106276971,0.19102537812651194,0.4516284751058135,0.022581423755290677,0.05,moderate_hedge_uncertain
2026-03-10,CASH,0.0,0.0,0.0,0.0,0.5084053822674215,moderate_hedge_uncertain
2026-03-11,BTC-USD,-0.0294775763240823,-0.12010667414725076,0.0,0.0,0.0,moderate_hedge_uncertain
2026-03-11,DIA,-0.1347962964687949,-0.164912228214811,0.0,0.0,0.0,moderate_hedge_uncertain
2026-03-11,ETH-USD,-0.0757286101042566,-0.19299395138440606,0.0,0.0,0.0,moderate_hedge_uncertain
2026-03-11,GLD,0.2165198137184746,0.17725377226944294,0.9396191366976322,0.13044307408636335,0.35,moderate_hedge_uncertain
2026-03-11,QQQ,0.0220829096670794,-0.02104479612328415,0.0,0.0,0.0,moderate_hedge_uncertain
2026-03-11,SPY,-0.0387635191452887,-0.07401140310575145,0.0,0.0,0.0,moderate_hedge_uncertain
2026-03-11,TLT,0.0090762947771727,-0.018007142356215318,0.0,0.0,0.0,moderate_hedge_uncertain
2026-03-11,VIX,0.1728745367759766,0.011390504274791498,0.06038086330236785,0.003019043165118393,0.020470888097328263,moderate_hedge_uncertain
2026-03-11,CASH,0.0,0.0,0.0,0.0,0.6295291119026718,moderate_hedge_uncertain
2026-03-12,BTC-USD,-0.0331829194812443,-0.12381201730441277,0.0,0.0,0.0,high_hedge_risk_off
2026-03-12,DIA,-0.1620839887087552,-0.1921999204547713,0.0,0.0,0.0,high_hedge_risk_off
2026-03-12,ETH-USD,-0.067518593781562,-0.18478393506171142,0.0,0.0,0.0,high_hedge_risk_off
2026-03-12,GLD,0.1299644040188524,0.09069836256982075,0.413909520452643,0.05772392661440528,0.3499999999999999,high_hedge_risk_off
2026-03-12,QQQ,-0.0605985264927421,-0.10372623228310564,0.0,0.0,0.0,high_hedge_risk_off
2026-03-12,SPY,-0.1045056562672611,-0.13975354022772388,0.0,0.0,0.0,high_hedge_risk_off
2026-03-12,TLT,0.065866499378489,0.03878306224510098,0.1769897299214988,0.05309691897644964,0.3499999999999999,high_hedge_risk_off
2026-03-12,VIX,0.2511286680644709,0.08964463556328575,0.40910074962585824,0.020455037481292914,0.04999999999999999,high_hedge_risk_off
2026-03-12,CASH,0.0,0.0,0.0,0.0,0.2500000000000001,high_hedge_risk_off
2026-03-13,BTC-USD,-0.0167833284033338,-0.10741242622650227,0.0,0.0,0.0,high_hedge_risk_off
2026-03-13,DIA,-0.1565028458009812,-0.1866187775469973,0.0,0.0,0.0,high_hedge_risk_off
2026-03-13,ETH-USD,-0.0535536010979384,-0.17081894237808784,0.0,0.0,0.0,high_hedge_risk_off
2026-03-13,GLD,0.1012308843390823,0.06196484289005065,0.32188416002500947,0.04489004674403508,0.3315412769069377,high_hedge_risk_off
2026-03-13,QQQ,-0.0726862112021048,-0.11581391699246836,0.0,0.0,0.0,high_hedge_risk_off
2026-03-13,SPY,-0.1144968636912606,-0.14974474765172335,0.0,0.0,0.0,high_hedge_risk_off
2026-03-13,TLT,0.057166668499164,0.03008323136577598,0.15627112419525904,0.04688133725857771,0.3462482119130114,high_hedge_risk_off
2026-03-13,VIX,0.2619426130780665,0.10045858057688137,0.5218447157797313,0.02609223578898657,0.05,high_hedge_risk_off
2026-03-13,CASH,0.0,0.0,0.0,0.0,0.272210511180051,high_hedge_risk_off
2026-03-14,BTC-USD,-0.0393374324060136,-0.12996653022918206,0.0,0.0,0.0,high_hedge_risk_off
2026-03-14,DIA,-0.1746424989320734,-0.2047584306780895,0.0,0.0,0.0,high_hedge_risk_off
2026-03-14,ETH-USD,-0.0679476673655648,-0.18521300864571424,0.0,0.0,0.0,high_hedge_risk_off
2026-03-14,GLD,0.087905111707459,0.048639070258427355,0.1914433431297357,0.026698756264990676,0.331112687982082,high_hedge_risk_off
2026-03-14,QQQ,-0.0989760208812652,-0.14210372667162874,0.0,0.0,0.0,high_hedge_risk_off
2026-03-14,SPY,-0.1364302832411862,-0.17167816720164897,0.0,0.0,0.0,high_hedge_risk_off
2026-03-14,TLT,0.0301978546607535,0.0031144175273654815,0.012258344992468015,0.0036775034977404044,0.04560767011446999,high_hedge_risk_off
2026-03-14,VIX,0.3637956350093183,0.20231160250813313,0.7962983118777962,0.03981491559388981,0.05,high_hedge_risk_off
2026-03-14,CASH,0.0,0.0,0.0,0.0,0.573279641903448,high_hedge_risk_off
2026-03-15,BTC-USD,0.0055553545009375,-0.08507374332223097,0.0,0.0,0.0,high_hedge_risk_off
2026-03-15,DIA,-0.1642468160065606,-0.1943627477525767,0.0,0.0,0.0,high_hedge_risk_off
2026-03-15,ETH-USD,0.0031762465134326,-0.11408909476671683,0.0,0.0,0.0,high_hedge_risk_off
2026-03-15,GLD,0.0138820795415045,-0.025383961907527147,0.0,0.0,0.0,high_hedge_risk_off
2026-03-15,QQQ,-0.0923429096554156,-0.13547061544577912,0.0,0.0,0.0,high_hedge_risk_off
2026-03-15,SPY,-0.1292744511413044,-0.16452233510176717,0.0,0.0,0.0,high_hedge_risk_off
2026-03-15,TLT,0.0091583935339377,-0.017925043599450317,0.0,0.0,0.0,high_hedge_risk_off
2026-03-15,VIX,0.3203376750486521,0.15885364254746698,1.0,0.05,0.05,high_hedge_risk_off
2026-03-15,CASH,0.0,0.0,0.0,0.0,0.95,high_hedge_risk_off
2026-03-16,BTC-USD,0.0411242354867893,-0.04950486233637917,0.0,0.0,0.0,high_hedge_risk_off
2026-03-16,DIA,-0.1550517996061547,-0.1851677313521708,0.0,0.0,0.0,high_hedge_risk_off
2026-03-16,ETH-USD,0.1000873384870305,-0.017178002793118943,0.0,0.0,0.0,high_hedge_risk_off
2026-03-16,GLD,0.0217621723147475,-0.017503869134284145,0.0,0.0,0.0,high_hedge_risk_off
2026-03-16,QQQ,-0.0874222729446197,-0.13054997873498322,0.0,0.0,0.0,high_hedge_risk_off
2026-03-16,SPY,-0.1158967971517127,-0.15114468111217547,0.0,0.0,0.0,high_hedge_risk_off
2026-03-16,TLT,0.0298466185408212,0.00276318140743318,0.2276604630019299,0.06829813890057897,0.35,high_hedge_risk_off
2026-03-16,VIX,0.1708581426155115,0.00937411011432638,0.77233953699807,0.038616976849903506,0.05,high_hedge_risk_off
2026-03-16,CASH,0.0,0.0,0.0,0.0,0.6,high_hedge_risk_off
2026-03-17,BTC-USD,-0.0012569817669128,-0.09188607959008127,0.0,0.0,0.0,moderate_hedge_uncertain
2026-03-17,DIA,-0.1309134725412768,-0.1610294042872929,0.0,0.0,0.0,moderate_hedge_uncertain
2026-03-17,ETH-USD,0.0138675549969565,-0.10339778628319293,0.0,0.0,0.0,moderate_hedge_uncertain
2026-03-17,GLD,0.0681081591072915,0.02884211765825985,0.3551742284875929,0.04953269966298005,0.22076556792263657,moderate_hedge_uncertain
2026-03-17,QQQ,-0.0527976187906868,-0.09592532458105035,0.0,0.0,0.0,moderate_hedge_uncertain
2026-03-17,SPY,-0.0861421766125715,-0.12139006057303424,0.0,0.0,0.0,moderate_hedge_uncertain
2026-03-17,TLT,0.0657402351578957,0.03865679802450769,0.4760364192683762,0.14281092578051285,0.35,moderate_hedge_uncertain
2026-03-17,VIX,0.175190664250943,0.013706631749757898,0.16878935224403094,0.008439467612201547,0.03761442184757106,moderate_hedge_uncertain
2026-03-17,CASH,0.0,0.0,0.0,0.0,0.3916200102297924,moderate_hedge_uncertain
2026-03-18,BTC-USD,-0.0429869538025041,-0.13361605162567256,0.0,0.0,0.0,high_hedge_risk_off
2026-03-18,DIA,-0.1377971953061848,-0.1679131270522009,0.0,0.0,0.0,high_hedge_risk_off
2026-03-18,ETH-USD,-0.0120716117213328,-0.12933695300148224,0.0,0.0,0.0,high_hedge_risk_off
2026-03-18,GLD,0.0078218315736105,-0.031444209875421146,0.0,0.0,0.0,high_hedge_risk_off
2026-03-18,QQQ,-0.0344775567653379,-0.07760526255570145,0.0,0.0,0.0,high_hedge_risk_off
2026-03-18,SPY,-0.0767610666356124,-0.11200895059607514,0.0,0.0,0.0,high_hedge_risk_off
2026-03-18,TLT,0.0884460387440994,0.06136260161071138,0.4789409070487032,0.1436822721146109,0.35,high_hedge_risk_off
2026-03-18,VIX,0.2282428769971256,0.06675884449594047,0.5210590929512967,0.026052954647564838,0.05,high_hedge_risk_off
2026-03-18,CASH,0.0,0.0,0.0,0.0,0.6000000000000001,high_hedge_risk_off
2026-03-19,BTC-USD,-0.0288272757393126,-0.11945637356248107,0.0,0.0,0.0,high_hedge_risk_off
2026-03-19,DIA,-0.1127960282293116,-0.14291195997532768,0.0,0.0,0.0,high_hedge_risk_off
2026-03-19,ETH-USD,-0.0054950687879211,-0.12276041006807054,0.0,0.0,0.0,high_hedge_risk_off
2026-03-19,GLD,-0.0897899805641397,-0.12905602201317135,0.0,0.0,0.0,high_hedge_risk_off
2026-03-19,QQQ,-0.0150651368387603,-0.05819284262912385,0.0,0.0,0.0,high_hedge_risk_off
2026-03-19,SPY,-0.0530875947212136,-0.08833547868167635,0.0,0.0,0.0,high_hedge_risk_off
2026-03-19,TLT,0.1197841590180145,0.09270072188462647,0.7280897671334695,0.21842693014004086,0.35,high_hedge_risk_off
2026-03-19,VIX,0.1961037676112977,0.03461973511011258,0.27191023286653054,0.013595511643326529,0.04681550421045907,high_hedge_risk_off
2026-03-19,CASH,0.0,0.0,0.0,0.0,0.6031844957895409,high_hedge_risk_off
2026-03-20,BTC-USD,-0.0493182337171074,-0.13994733154027586,0.0,0.0,0.0,high_hedge_risk_off
2026-03-20,DIA,-0.1021628831426218,-0.1322788148886379,0.0,0.0,0.0,high_hedge_risk_off
2026-03-20,ETH-USD,-0.0432092428059871,-0.16047458408613652,0.0,0.0,0.0,high_hedge_risk_off
2026-03-20,GLD,-0.1499650870194347,-0.18923112846846635,0.0,0.0,0.0,high_hedge_risk_off
2026-03-20,QQQ,-0.0452180918489434,-0.08834579763930696,0.0,0.0,0.0,high_hedge_risk_off
2026-03-20,SPY,-0.0649932519707615,-0.10024113593122425,0.0,0.0,0.0,high_hedge_risk_off
2026-03-20,TLT,0.1090549140904851,0.08197147695709708,0.34250125351452787,0.10275037605435836,0.35,high_hedge_risk_off
2026-03-20,VIX,0.3188444590508882,0.15736042654970306,0.6574987464854721,0.03287493732427361,0.05,high_hedge_risk_off
2026-03-20,CASH,0.0,0.0,0.0,0.0,0.6000000000000001,high_hedge_risk_off
2026-03-21,BTC-USD,-0.083355165947631,-0.17398426377079948,0.0,0.0,0.0,high_hedge_risk_off
2026-03-21,DIA,-0.1051355079501516,-0.1352514396961677,0.0,0.0,0.0,high_hedge_risk_off
2026-03-21,ETH-USD,-0.1272940050837874,-0.24455934636393684,0.0,0.0,0.0,high_hedge_risk_off
2026-03-21,GLD,-0.069133573410235,-0.10839961485926665,0.0,0.0,0.0,high_hedge_risk_off
2026-03-21,QQQ,-0.046792955638552,-0.08992066142891555,0.0,0.0,0.0,high_hedge_risk_off
2026-03-21,SPY,-0.0684608828755595,-0.10370876683602225,0.0,0.0,0.0,high_hedge_risk_off
2026-03-21,TLT,0.0975902813214162,0.07050684418802819,0.24587192383665435,0.07376157715099631,0.35,high_hedge_risk_off
2026-03-21,VIX,0.3777396746020331,0.21625564210084797,0.7541280761633458,0.03770640380816729,0.05,high_hedge_risk_off
2026-03-21,CASH,0.0,0.0,0.0,0.0,0.6,high_hedge_risk_off
2026-03-22,BTC-USD,-0.102051027146198,-0.19268012496936646,0.0,0.0,0.0,high_hedge_risk_off
2026-03-22,DIA,-0.1172678193238128,-0.1473837510698289,0.0,0.0,0.0,high_hedge_risk_off
2026-03-22,ETH-USD,-0.125178237243326,-0.24244357852347542,0.0,0.0,0.0,high_hedge_risk_off
2026-03-22,GLD,-0.0942991074080045,-0.13356514885703613,0.0,0.0,0.0,high_hedge_risk_off
2026-03-22,QQQ,-0.0544253600212179,-0.09755306581158145,0.0,0.0,0.0,high_hedge_risk_off
2026-03-22,SPY,-0.0801189170331763,-0.11536680099363905,0.0,0.0,0.0,high_hedge_risk_off
2026-03-22,TLT,0.1131357422425593,0.08605230510917128,0.2667088454054246,0.08001265362162738,0.35,high_hedge_risk_off
2026-03-22,VIX,0.398076838686928,0.23659280618574285,0.7332911545945754,0.03666455772972877,0.05,high_hedge_risk_off
2026-03-22,CASH,0.0,0.0,0.0,0.0,0.6000000000000001,high_hedge_risk_off
2026-03-23,BTC-USD,-0.0083573183921309,-0.09898641621529937,0.0,0.0,0.0,high_hedge_risk_off
2026-03-23,DIA,-0.0799945685267655,-0.11011050027278159,0.0,0.0,0.0,high_hedge_risk_off
2026-03-23,ETH-USD,-0.0188019435949239,-0.13606728487507333,0.0,0.0,0.0,high_hedge_risk_off
2026-03-23,GLD,-0.2476074456451112,-0.28687348709414284,0.0,0.0,0.0,high_hedge_risk_off
2026-03-23,QQQ,-0.0293030244942376,-0.07243073028460116,0.0,0.0,0.0,high_hedge_risk_off
2026-03-23,SPY,-0.0560263371672663,-0.09127422112772905,0.0,0.0,0.0,high_hedge_risk_off
2026-03-23,TLT,0.0937540331411242,0.06667059600773617,0.31747965588954297,0.09524389676686289,0.35,high_hedge_risk_off
2026-03-23,VIX,0.3048130215721606,0.14332898907097547,0.682520344110457,0.03412601720552285,0.05,high_hedge_risk_off
2026-03-23,CASH,0.0,0.0,0.0,0.0,0.6000000000000001,high_hedge_risk_off
2026-03-24,BTC-USD,-0.08963743262791,-0.18026653045107846,0.0,0.0,0.0,high_hedge_risk_off
2026-03-24,DIA,-0.0927883419093805,-0.12290427365539659,0.0,0.0,0.0,high_hedge_risk_off
2026-03-24,ETH-USD,-0.0781368233090643,-0.19540216458921372,0.0,0.0,0.0,high_hedge_risk_off
2026-03-24,GLD,-0.1431093222060028,-0.18237536365503446,0.0,0.0,0.0,high_hedge_risk_off
2026-03-24,QQQ,-0.0880177725310046,-0.13114547832136814,0.0,0.0,0.0,high_hedge_risk_off
2026-03-24,SPY,-0.0865394749136765,-0.12178735887413925,0.0,0.0,0.0,high_hedge_risk_off
2026-03-24,TLT,0.0854396048419582,0.05835616770857018,0.19136553421010868,0.057409660263032604,0.3499999999999999,high_hedge_risk_off
2026-03-24,VIX,0.4080739354079138,0.24658990290672866,0.8086344657898914,0.04043172328949457,0.04999999999999999,high_hedge_risk_off
2026-03-24,CASH,0.0,0.0,0.0,0.0,0.6000000000000001,high_hedge_risk_off
2026-03-25,BTC-USD,-0.0147481996486815,-0.10537729747184996,0.0,0.0,0.0,high_hedge_risk_off
2026-03-25,DIA,-0.0344779536255365,-0.0645938853715526,0.0,0.0,0.0,high_hedge_risk_off
2026-03-25,ETH-USD,0.0115710909333561,-0.10569425034679333,0.0,0.0,0.0,high_hedge_risk_off
2026-03-25,GLD,-0.1248421521867701,-0.16410819363580173,0.0,0.0,0.0,high_hedge_risk_off
2026-03-25,QQQ,-0.0562685971575093,-0.09939630294787284,0.0,0.0,0.0,high_hedge_risk_off
2026-03-25,SPY,-0.055634205744688,-0.09088208970515074,0.0,0.0,0.0,high_hedge_risk_off
2026-03-25,TLT,0.1375055382544095,0.1104221011210215,0.9654269545244291,0.28962808635732873,0.35,high_hedge_risk_off
2026-03-25,VIX,0.1654383744694449,0.003954341968259785,0.034573045475571045,0.0017286522737785524,0.0048619465093544265,high_hedge_risk_off
2026-03-25,CASH,0.0,0.0,0.0,0.0,0.6451380534906456,high_hedge_risk_off
2026-03-26,BTC-USD,0.0199223780308881,-0.07070671979228037,0.0,0.0,0.0,high_hedge_risk_off
2026-03-26,DIA,0.0100142540929946,-0.020101677653021493,0.0,0.0,0.0,high_hedge_risk_off
2026-03-26,ETH-USD,0.0046591928069477,-0.11260614847320174,0.0,0.0,0.0,high_hedge_risk_off
2026-03-26,GLD,-0.2697481771833806,-0.30901421863241224,0.0,0.0,0.0,high_hedge_risk_off
2026-03-26,QQQ,-0.0871168425562645,-0.13024454834662805,0.0,0.0,0.0,high_hedge_risk_off
2026-03-26,SPY,-0.0536056816939444,-0.08885356565440715,0.0,0.0,0.0,high_hedge_risk_off
2026-03-26,TLT,0.1771509294356372,0.1500674923022492,0.8095795004711903,0.2428738501413571,0.35,high_hedge_risk_off
2026-03-26,VIX,0.1967812785784368,0.03529724607725169,0.19042049952880974,0.009521024976440487,0.0301511588731376,high_hedge_risk_off
2026-03-26,CASH,0.0,0.0,0.0,0.0,0.6198488411268624,high_hedge_risk_off
2026-03-27,BTC-USD,-0.0635017070868304,-0.15413080490999886,0.0,0.0,0.0,high_hedge_risk_off
2026-03-27,DIA,-0.1178759561559037,-0.1479918879019198,0.0,0.0,0.0,high_hedge_risk_off
2026-03-27,ETH-USD,-0.0535786934718161,-0.17084403475196552,0.0,0.0,0.0,high_hedge_risk_off
2026-03-27,GLD,-0.0900068594787873,-0.12927290092781896,0.0,0.0,0.0,high_hedge_risk_off
2026-03-27,QQQ,-0.1619435888757066,-0.20507129466607013,0.0,0.0,0.0,high_hedge_risk_off
2026-03-27,SPY,-0.1450454332428331,-0.18029331720329586,0.0,0.0,0.0,high_hedge_risk_off
2026-03-27,TLT,0.1390284311557685,0.11194499402238048,0.3397607040082368,0.10192821120247104,0.35,high_hedge_risk_off
2026-03-27,VIX,0.3790209141099153,0.21753688160873014,0.6602392959917631,0.03301196479958816,0.05,high_hedge_risk_off
2026-03-27,CASH,0.0,0.0,0.0,0.0,0.6,high_hedge_risk_off
2026-03-28,BTC-USD,-0.04591550453169,-0.13654460235485846,0.0,0.0,0.0,high_hedge_risk_off
2026-03-28,DIA,-0.1121573225867816,-0.1422732543327977,0.0,0.0,0.0,high_hedge_risk_off
2026-03-28,ETH-USD,-0.0447887508835056,-0.16205409216365502,0.0,0.0,0.0,high_hedge_risk_off
2026-03-28,GLD,-0.0727055218898257,-0.11197156333885734,0.0,0.0,0.0,high_hedge_risk_off
2026-03-28,QQQ,-0.1515232757580535,-0.19465098154841703,0.0,0.0,0.0,high_hedge_risk_off
2026-03-28,SPY,-0.1354199771453087,-0.17066786110577148,0.0,0.0,0.0,high_hedge_risk_off
2026-03-28,TLT,0.1315131447991259,0.10442970766573789,0.35035014324404895,0.10510504297321464,0.35,high_hedge_risk_off
2026-03-28,VIX,0.3551267237754803,0.19364269127429518,0.649649856755951,0.03248249283779755,0.05,high_hedge_risk_off
2026-03-28,CASH,0.0,0.0,0.0,0.0,0.6000000000000001,high_hedge_risk_off
2026-03-29,BTC-USD,-0.1247483121020197,-0.21537740992518817,0.0,0.0,0.0,high_hedge_risk_off
2026-03-29,DIA,-0.1074017180428287,-0.1375176497888448,0.0,0.0,0.0,high_hedge_risk_off
2026-03-29,ETH-USD,-0.1200811606598842,-0.23734650194003362,0.0,0.0,0.0,high_hedge_risk_off
2026-03-29,GLD,0.005268614882716,-0.033997426566315644,0.0,0.0,0.0,high_hedge_risk_off
2026-03-29,QQQ,-0.1550343665273911,-0.19816207231775465,0.0,0.0,0.0,high_hedge_risk_off
2026-03-29,SPY,-0.1345539237686229,-0.16980180772908568,0.0,0.0,0.0,high_hedge_risk_off
2026-03-29,TLT,0.1204074563714727,0.09332401923808467,0.26414271377873205,0.07924281413361961,0.35,high_hedge_risk_off
2026-03-29,VIX,0.4214690934305006,0.25998506092931545,0.7358572862212679,0.0367928643110634,0.05,high_hedge_risk_off
2026-03-29,CASH,0.0,0.0,0.0,0.0,0.6,high_hedge_risk_off
2026-03-30,BTC-USD,-0.1300215086300613,-0.22065060645322976,0.0,0.0,0.0,high_hedge_risk_off
2026-03-30,DIA,-0.105488291303926,-0.13560422304994207,0.0,0.0,0.0,high_hedge_risk_off
2026-03-30,ETH-USD,-0.1067702055340635,-0.22403554681421292,0.0,0.0,0.0,high_hedge_risk_off
2026-03-30,GLD,-0.039647163310819,-0.07891320475985064,0.0,0.0,0.0,high_hedge_risk_off
2026-03-30,QQQ,-0.1758077304934727,-0.21893543628383624,0.0,0.0,0.0,high_hedge_risk_off
2026-03-30,SPY,-0.1425282084997038,-0.17777609246016657,0.0,0.0,0.0,high_hedge_risk_off
2026-03-30,TLT,0.1835772923356941,0.15649385520230608,0.37491227468942684,0.11247368240682805,0.35,high_hedge_risk_off
2026-03-30,VIX,0.4224047720382587,0.26092073953707356,0.6250877253105732,0.031254386265528664,0.05,high_hedge_risk_off
2026-03-30,CASH,0.0,0.0,0.0,0.0,0.6,high_hedge_risk_off
2026-03-31,BTC-USD,-0.1285766385850161,-0.21920573640818458,0.0,0.0,0.0,high_hedge_risk_off
2026-03-31,DIA,-0.0453473646852492,-0.07546329643126529,0.0,0.0,0.0,high_hedge_risk_off
2026-03-31,ETH-USD,0.0083039333741046,-0.10896140790604483,0.0,0.0,0.0,high_hedge_risk_off
2026-03-31,GLD,-0.0309860497302726,-0.07025209117930425,0.0,0.0,0.0,high_hedge_risk_off
2026-03-31,QQQ,-0.1556931482666944,-0.19882085405705793,0.0,0.0,0.0,high_hedge_risk_off
2026-03-31,SPY,-0.1046232474640462,-0.13987113142450897,0.0,0.0,0.0,high_hedge_risk_off
2026-03-31,TLT,0.2167250108042639,0.1896415736708759,0.8597882626452245,0.25793647879356724,0.35,high_hedge_risk_off
2026-03-31,VIX,0.1924102217437324,0.030926189242547288,0.14021173735477552,0.007010586867738776,0.01861985149827496,high_hedge_risk_off
2026-03-31,CASH,0.0,0.0,0.0,0.0,0.6313801485017252,high_hedge_risk_off
2026-04-01,BTC-USD,-0.1357568405218436,-0.22638593834501208,0.0,0.0,0.0,high_hedge_risk_off
2026-04-01,DIA,0.0664965735134123,0.03638064176739621,0.16286465119015645,0.044178676508160826,0.10632115687793589,high_hedge_risk_off
2026-04-01,ETH-USD,0.0784005449673806,-0.038864796312768846,0.0,0.0,0.0,high_hedge_risk_off
2026-04-01,GLD,-0.0415662497366239,-0.08083229118565555,0.0,0.0,0.0,high_hedge_risk_off
2026-04-01,QQQ,-0.0496476001861144,-0.09277530597647796,0.0,0.0,0.0,high_hedge_risk_off
2026-04-01,SPY,-0.0128859434309271,-0.048133827391389855,0.0,0.0,0.0,high_hedge_risk_off
2026-04-01,TLT,0.2140824023067216,0.1869989651733336,0.8371353488098436,0.251140604642953,0.35,high_hedge_risk_off
2026-04-01,VIX,-0.0561382303136002,-0.2176222628147853,0.0,0.0,0.0,high_hedge_risk_off
2026-04-01,CASH,0.0,0.0,0.0,0.0,0.5436788431220642,high_hedge_risk_off
2026-04-02,BTC-USD,-0.1852102062073952,-0.2758393040305636,0.0,0.0,0.0,high_hedge_risk_off
2026-04-02,DIA,0.0980548933716705,0.06793896162565441,0.17588837835546975,0.047984546793398676,0.11640867399405143,high_hedge_risk_off
2026-04-02,ETH-USD,-0.0428270998343713,-0.16009244111452076,0.0,0.0,0.0,high_hedge_risk_off
2026-04-02,GLD,-0.0442902325303746,-0.08355627397940624,0.0,0.0,0.0,high_hedge_risk_off
2026-04-02,QQQ,0.0211750677060651,-0.02195263808429845,0.0,0.0,0.0,high_hedge_risk_off
2026-04-02,SPY,0.0581744232441199,0.02292653928365715,0.059354922704363405,0.016192764368831974,0.03928302660833244,high_hedge_risk_off
2026-04-02,TLT,0.3224797362410738,0.2953962991076858,0.764756698940167,0.22942700968205007,0.35,high_hedge_risk_off
2026-04-02,VIX,-0.0736141080086364,-0.23509814050982153,0.0,0.0,0.0,high_hedge_risk_off
2026-04-02,CASH,0.0,0.0,0.0,0.0,0.49430829939761606,high_hedge_risk_off
2026-04-03,BTC-USD,-0.1868426822368422,-0.27747178006001066,0.0,0.0,0.0,high_hedge_risk_off
2026-04-03,DIA,0.0973680752100316,0.0672521434640155,0.17425677337245274,0.04753942457222282,0.11534883476754748,high_hedge_risk_off
2026-04-03,ETH-USD,-0.051172363079986,-0.16843770436013544,0.0,0.0,0.0,high_hedge_risk_off
2026-04-03,GLD,-0.0327511896651255,-0.07201723111415714,0.0,0.0,0.0,high_hedge_risk_off
2026-04-03,QQQ,0.0227540707982801,-0.02037363499208345,0.0,0.0,0.0,high_hedge_risk_off
2026-04-03,SPY,0.0595078613276241,0.024259977367161345,0.06285993516849392,0.017148975553278784,0.0416099766736275,high_hedge_risk_off
2026-04-03,TLT,0.3215083571555512,0.2944249200221632,0.7628832914590534,0.22886498743771602,0.35,high_hedge_risk_off
2026-04-03,VIX,-0.0733691464601771,-0.2348531789613622,0.0,0.0,0.0,high_hedge_risk_off
2026-04-03,CASH,0.0,0.0,0.0,0.0,0.49304118855882506,high_hedge_risk_off
2026-04-04,BTC-USD,-0.2126168979106851,-0.3032459957338535,0.0,0.0,0.0,high_hedge_risk_off
2026-04-04,DIA,0.1105714829765108,0.0804555512304947,0.18616591245585148,0.050788386481841474,0.12401132181559409,high_hedge_risk_off
2026-04-04,ETH-USD,-0.105551435158842,-0.22281677643899142,0.0,0.0,0.0,high_hedge_risk_off
2026-04-04,GLD,-0.0242146675688837,-0.06348070901791535,0.0,0.0,0.0,high_hedge_risk_off
2026-04-04,QQQ,0.0493006664517965,0.0061729606614329535,0.014283599285740373,0.0038967443142845625,0.00951478175753041,high_hedge_risk_off
2026-04-04,SPY,0.0804165439517336,0.04516865999127086,0.10451565706874279,0.02851317684632373,0.06962136415061383,high_hedge_risk_off
2026-04-04,TLT,0.3274574945001975,0.3003740573668095,0.6950348311896654,0.2085104493568996,0.35,high_hedge_risk_off
2026-04-04,VIX,-0.0554573942367194,-0.2169414267379045,0.0,0.0,0.0,high_hedge_risk_off
2026-04-04,CASH,0.0,0.0,0.0,0.0,0.4468525322762617,high_hedge_risk_off
2026-04-05,BTC-USD,-0.1939987100775578,-0.2846278079007262,0.0,0.0,0.0,high_hedge_risk_off
2026-04-05,DIA,0.0499564731807864,0.019840541434770306,0.06729242667921996,0.01885909343854406,0.04627277208890199,high_hedge_risk_off
2026-04-05,ETH-USD,-0.2361360342212882,-0.3534013755014377,0.0,0.0,0.0,high_hedge_risk_off
2026-04-05,GLD,-0.0482126944646372,-0.08747873591366884,0.0,0.0,0.0,high_hedge_risk_off
2026-04-05,QQQ,0.006941039283751,-0.03618666650661255,0.0,0.0,0.0,high_hedge_risk_off
2026-04-05,SPY,0.0243060493054533,-0.010941834655009454,0.0,0.0,0.0,high_hedge_risk_off
2026-04-05,TLT,0.2957841725584116,0.2687007354250236,0.9113422935904981,0.2734026880771494,0.35,high_hedge_risk_off
2026-04-05,VIX,0.1677833850237925,0.006299352522607389,0.021365279730281943,0.0010682639865140973,0.0026210982060103126,high_hedge_risk_off
2026-04-05,CASH,0.0,0.0,0.0,0.0,0.6011061297050877,high_hedge_risk_off
2026-04-06,BTC-USD,-0.0857200348894732,-0.17634913271264166,0.0,0.0,0.0,high_hedge_risk_off
2026-04-06,DIA,0.0135544983028177,-0.016561433443198395,0.0,0.0,0.0,high_hedge_risk_off
2026-04-06,ETH-USD,-0.1780663599765899,-0.29533170125673935,0.0,0.0,0.0,high_hedge_risk_off
2026-04-06,GLD,-0.1651260211485994,-0.20439206259763104,0.0,0.0,0.0,high_hedge_risk_off
2026-04-06,QQQ,-0.0254482154869736,-0.06857592127733715,0.0,0.0,0.0,high_hedge_risk_off
2026-04-06,SPY,-0.0045751461934227,-0.039823030153885455,0.0,0.0,0.0,high_hedge_risk_off
2026-04-06,TLT,0.2132223975192114,0.1861389603858234,0.7368120967925869,0.22104362903777605,0.35,high_hedge_risk_off
2026-04-06,VIX,0.2279725210892643,0.06648848858807918,0.2631879032074132,0.01315939516037066,0.04036936666301815,high_hedge_risk_off
2026-04-06,CASH,0.0,0.0,0.0,0.0,0.609630633336982,high_hedge_risk_off
2026-04-07,BTC-USD,0.0384294585688452,-0.05219963925432326,0.0,0.0,0.0,high_hedge_risk_off
2026-04-07,DIA,0.0062160312756888,-0.023899900470327293,0.0,0.0,0.0,high_hedge_risk_off
2026-04-07,ETH-USD,0.0935684125949698,-0.02369692868517964,0.0,0.0,0.0,high_hedge_risk_off
2026-04-07,GLD,-0.2442949216976598,-0.28356096314669144,0.0,0.0,0.0,high_hedge_risk_off
2026-04-07,QQQ,-0.1910933533817312,-0.23422105917209474,0.0,0.0,0.0,high_hedge_risk_off
2026-04-07,SPY,-0.1001286634952732,-0.13537654745573596,0.0,0.0,0.0,high_hedge_risk_off
2026-04-07,TLT,0.0668067658859092,0.03972332875252118,0.2714063843834386,0.08142191531503158,0.35,high_hedge_risk_off
2026-04-07,VIX,0.2681217734882788,0.1066377409870937,0.7285936156165613,0.03642968078082807,0.05,high_hedge_risk_off
2026-04-07,CASH,0.0,0.0,0.0,0.0,0.6000000000000001,high_hedge_risk_off
2026-04-08,BTC-USD,0.0434723735797989,-0.04715672424336957,0.0,0.0,0.0,high_hedge_risk_off
2026-04-08,DIA,0.1142252799822654,0.08410934823624931,0.5523366272371498,0.1538940354085684,0.35,high_hedge_risk_off
2026-04-08,ETH-USD,0.0600079791406427,-0.05725736213950673,0.0,0.0,0.0,high_hedge_risk_off
2026-04-08,GLD,-0.0037429013671339,-0.043008942816165546,0.0,0.0,0.0,high_hedge_risk_off
2026-04-08,QQQ,0.0637597593165018,0.020632053526138245,0.13548837431951685,0.0377502625152263,0.0926906559714386,high_hedge_risk_off
2026-04-08,SPY,0.0756126975281149,0.04036481356765216,0.2650711894995364,0.0738550967128209,0.18134118559796117,high_hedge_risk_off
2026-04-08,TLT,0.0342563647907938,0.007172927657405784,0.047103808943797044,0.013231704307396258,0.03248865756570532,high_hedge_risk_off
2026-04-08,VIX,-0.179869064469122,-0.3413530969703071,0.0,0.0,0.0,high_hedge_risk_off
2026-04-08,CASH,0.0,0.0,0.0,0.0,0.3434795008648949,high_hedge_risk_off
2026-04-09,BTC-USD,0.0368468162494634,-0.05378228157370507,0.0,0.0,0.0,high_hedge_risk_off
2026-04-09,DIA,0.0902744240689754,0.060158492322959306,0.27305414268284445,0.09023621444579742,0.19761850996979244,high_hedge_risk_off
2026-04-09,ETH-USD,0.0459157474827047,-0.07134959379744474,0.0,0.0,0.0,high_hedge_risk_off
2026-04-09,GLD,0.0299054443262945,-0.009360597122737145,0.0,0.0,0.0,high_hedge_risk_off
2026-04-09,QQQ,0.0973579498364115,0.054230244046047954,0.24614634150037873,0.08134399221503612,0.1781444249989645,high_hedge_risk_off
2026-04-09,SPY,0.093038862721659,0.05779097876119625,0.26230820539394567,0.08668500408108801,0.18984131203243104,high_hedge_risk_off
2026-04-09,TLT,0.0752208053914197,0.048137368258031686,0.2184913104228312,0.055387868015861375,0.12130016773113672,high_hedge_risk_off
2026-04-09,VIX,-0.2259664666998629,-0.387450499201048,0.0,0.0,0.0,high_hedge_risk_off
2026-04-09,CASH,0.0,0.0,0.0,0.0,0.3130955852676754,high_hedge_risk_off
2026-04-10,BTC-USD,0.0926324288306499,0.0020033310074814327,0.008564992696269822,0.0006851994157015857,0.0012908037230896815,high_hedge_risk_off
2026-04-10,DIA,0.1058505412937059,0.0757346095476898,0.3237939088489958,0.11886341199821669,0.22391924340645017,high_hedge_risk_off
2026-04-10,ETH-USD,0.1068694656142701,-0.010395875665879337,0.0,0.0,0.0,high_hedge_risk_off
2026-04-10,GLD,-0.0140514652976448,-0.053317506746676444,0.0,0.0,0.0,high_hedge_risk_off
2026-04-10,QQQ,0.111954041790217,0.06882633599985345,0.2942584440356001,0.10802106436063119,0.2034940323264058,high_hedge_risk_off
2026-04-10,SPY,0.1113695511509852,0.07612166719052245,0.32544872568730987,0.11947088845240114,0.2250636297716191,high_hedge_risk_off
2026-04-10,TLT,0.0382950667452487,0.011211629611860681,0.04793392873182451,0.010837212145039429,0.020415536651335813,high_hedge_risk_off
2026-04-10,VIX,-0.2497532980470455,-0.41123733054823064,0.0,0.0,0.0,high_hedge_risk_off
2026-04-10,CASH,0.0,0.0,0.0,0.0,0.3258167541210994,high_hedge_risk_off
2026-04-11,BTC-USD,0.1301363521023488,0.03950725427918034,0.1174422324465742,0.009395378595725937,0.023526708532652957,high_hedge_risk_off
2026-04-11,DIA,0.1022660418533855,0.07215011010736941,0.21447883830137437,0.0812544776254796,0.20346709742354194,high_hedge_risk_off
2026-04-11,ETH-USD,0.2028954599977794,0.08563011871762996,0.25455052471624934,0.02036404197729995,0.04,high_hedge_risk_off
2026-04-11,GLD,-0.0216664648938594,-0.060932506342891046,0.0,0.0,0.0,high_hedge_risk_off
2026-04-11,QQQ,0.1087696817259139,0.06564197593555036,0.1951322696737729,0.07392510499305063,0.18511381746856462,high_hedge_risk_off
2026-04-11,SPY,0.1087157622001703,0.07346787823970756,0.2183961348620291,0.08273853026331063,0.2071832727220284,high_hedge_risk_off
2026-04-11,TLT,0.0102609068233277,-0.01682253031006032,0.0,0.0,0.0,high_hedge_risk_off
2026-04-11,VIX,-0.3158706150050221,-0.47735464750620726,0.0,0.0,0.0,high_hedge_risk_off
2026-04-11,CASH,0.0,0.0,0.0,0.0,0.34070910385321224,high_hedge_risk_off
2026-04-12,BTC-USD,0.0027554933350341,-0.08787360448813436,0.0,0.0,0.0,high_hedge_risk_off
2026-04-12,DIA,0.1317498984092651,0.101633966663249,0.2595916008530503,0.09980491619313811,0.2064795259028132,high_hedge_risk_off
2026-04-12,ETH-USD,0.0742959106454851,-0.04296943063466434,0.0,0.0,0.0,high_hedge_risk_off
2026-04-12,GLD,0.0979097237654353,0.058643682316403656,0.1497866104436692,0.011033927196845211,0.022827332994718695,high_hedge_risk_off
2026-04-12,QQQ,0.1402401181392956,0.09711241234893205,0.24804273031957352,0.09536473379921107,0.1972935379716585,high_hedge_risk_off
2026-04-12,SPY,0.1430373031653248,0.10778941920486204,0.27531374406671383,0.10584959244868641,0.21898494081710793,high_hedge_risk_off
2026-04-12,TLT,0.0534188065768556,0.02633536944346758,0.0672653143169932,0.014647356007863689,0.03030290730749947,high_hedge_risk_off
2026-04-12,VIX,-0.2940413644738712,-0.45552539697505634,0.0,0.0,0.0,high_hedge_risk_off
2026-04-12,CASH,0.0,0.0,0.0,0.0,0.3241117550062022,high_hedge_risk_off
2026-04-13,BTC-USD,0.1246528602855211,0.03402376246235263,0.08514027807977985,0.006811222246382388,0.016827287522125436,high_hedge_risk_off
2026-04-13,DIA,0.0972864376033628,0.0671705058573467,0.16808592388281493,0.06423459479560165,0.1586931032924232,high_hedge_risk_off
2026-04-13,ETH-USD,0.2280762589171213,0.11081091763697187,0.27729068330778034,0.022183254664622426,0.039999999999999994,high_hedge_risk_off
2026-04-13,GLD,0.0288358020834203,-0.010430239365611348,0.0,0.0,0.0,high_hedge_risk_off
2026-04-13,QQQ,0.1351333873128123,0.09200568152244874,0.23023289438987274,0.08798426624981677,0.21736723484470855,high_hedge_risk_off
2026-04-13,SPY,0.1308570697594282,0.09560918579896546,0.23925022033975227,0.0914302673494341,0.22588066300888562,high_hedge_risk_off
2026-04-13,TLT,0.0148502464167324,-0.012233190716655618,0.0,0.0,0.0,high_hedge_risk_off
2026-04-13,VIX,-0.3988856604439692,-0.5603696929451544,0.0,0.0,0.0,high_hedge_risk_off
2026-04-13,CASH,0.0,0.0,0.0,0.0,0.34123171133185715,high_hedge_risk_off
2026-04-14,BTC-USD,0.0919843693973742,0.0013552715742057332,0.0029163636142921488,0.0002333090891433719,0.00047200892226505577,high_hedge_risk_off
2026-04-14,DIA,0.1051423760320176,0.07502644428600151,0.16144689845918433,0.06059332896190884,0.12258670249313389,high_hedge_risk_off
2026-04-14,ETH-USD,0.1879109023477076,0.07064556106755818,0.15201982224811655,0.012161585779849325,0.024604172165162246,high_hedge_risk_off
2026-04-14,GLD,0.0303326327555809,-0.008933408693450745,0.0,0.0,0.0,high_hedge_risk_off
2026-04-14,QQQ,0.2143088218191474,0.17118111602878386,0.3683589235853656,0.13825036991036083,0.2796950960793229,high_hedge_risk_off
2026-04-14,SPY,0.1817523161002041,0.14650443213974132,0.31525799209304145,0.11832083121493883,0.23937553495375882,high_hedge_risk_off
2026-04-14,TLT,1.4029681466957e-05,-0.02706940745192106,0.0,0.0,0.0,high_hedge_risk_off
2026-04-14,VIX,-0.4236789495854043,-0.5851629820865895,0.0,0.0,0.0,high_hedge_risk_off
2026-04-14,CASH,0.0,0.0,0.0,0.0,0.3332664853863571,high_hedge_risk_off
2026-04-15,BTC-USD,0.101830260316508,0.01120116249333954,0.01990460459929015,0.0015923683679432122,0.0031763074144114194,high_hedge_risk_off
2026-04-15,DIA,0.0798702865880643,0.04975435484204821,0.08841410530492935,0.0368458040556722,0.07349656208201924,high_hedge_risk_off
2026-04-15,ETH-USD,0.2092093634339776,0.09194402215382819,0.1633856670973703,0.013070853367789624,0.026072515192210384,high_hedge_risk_off
2026-04-15,GLD,0.0015448791990766,-0.037721162249955045,0.0,0.0,0.0,high_hedge_risk_off
2026-04-15,QQQ,0.2755498108629975,0.23242210507263397,0.4130169617980573,0.17212120162948505,0.34333126675914555,high_hedge_risk_off
2026-04-15,SPY,0.2126685153109413,0.17742063135047853,0.31527866120035297,0.13138962084679037,0.26208372087384285,high_hedge_risk_off
2026-04-15,TLT,-0.0277620975216546,-0.05484553465504262,0.0,0.0,0.0,high_hedge_risk_off
2026-04-15,VIX,-0.4435143703553731,-0.6049984028565583,0.0,0.0,0.0,high_hedge_risk_off
2026-04-15,CASH,0.0,0.0,0.0,0.0,0.2918396276783706,high_hedge_risk_off
2026-04-16,BTC-USD,0.148229999675278,0.05760090185210953,0.08215351522727796,0.006572281218182236,0.012674824047685935,moderate_hedge_uncertain
2026-04-16,DIA,0.1273237613487471,0.097207829602731,0.13864305336716062,0.06663778384648601,0.12851278835197866,moderate_hedge_uncertain
2026-04-16,ETH-USD,0.200201114841437,0.08293577356128756,0.11828747670734227,0.009462998136587382,0.01824965067121679,moderate_hedge_uncertain
2026-04-16,GLD,-0.0572142912043027,-0.09648033265333435,0.0,0.0,0.0,moderate_hedge_uncertain
2026-04-16,QQQ,0.3012393903558423,0.2581116845654787,0.3681328160925632,0.17694038345079485,0.34123436790326334,moderate_hedge_uncertain
2026-04-16,SPY,0.2405290917593144,0.20528120779885162,0.2927831386056559,0.14072410431290128,0.2713902832550352,moderate_hedge_uncertain
2026-04-16,TLT,-0.044875816421452,-0.07195925355484001,0.0,0.0,0.0,moderate_hedge_uncertain
2026-04-16,VIX,-0.4679873839050035,-0.6294714164061886,0.0,0.0,0.0,moderate_hedge_uncertain
2026-04-16,CASH,0.0,0.0,0.0,0.0,0.22793808577082011,moderate_hedge_uncertain
2026-04-17,BTC-USD,0.1804551111572027,0.08982601333403423,0.1283295091420141,0.010266360731361128,0.02166262230168032,moderate_hedge_uncertain
2026-04-17,DIA,0.1354325780779197,0.1053166463319036,0.15046012871569237,0.07192965481191993,0.15177578357645316,moderate_hedge_uncertain
2026-04-17,ETH-USD,0.2268271518603057,0.10956181058015627,0.15652496254261095,0.012521997003408876,0.02642214691706584,moderate_hedge_uncertain
2026-04-17,GLD,-0.0468199013345186,-0.08608594278355025,0.0,0.0,0.0,moderate_hedge_uncertain
2026-04-17,QQQ,0.2611730269375366,0.21804532114717304,0.3115094168709763,0.14892161144253266,0.3142333204192278,moderate_hedge_uncertain
2026-04-17,SPY,0.2124619117588478,0.17721402779838502,0.2531759827287063,0.12103446407888874,0.25538980651809245,moderate_hedge_uncertain
2026-04-17,TLT,-0.0389567470892148,-0.06604018422260283,0.0,0.0,0.0,moderate_hedge_uncertain
2026-04-17,VIX,-0.4872977795185141,-0.6487818120196993,0.0,0.0,0.0,moderate_hedge_uncertain
2026-04-17,CASH,0.0,0.0,0.0,0.0,0.2305163202674805,moderate_hedge_uncertain
2026-04-18,BTC-USD,0.1363289021620754,0.04569980433890694,0.06823501010848762,0.00545880080867901,0.009374462760025213,moderate_hedge_uncertain
2026-04-18,DIA,0.1702308687116633,0.1401149369656472,0.20920755085293477,0.10001471516336558,0.1717564453465354,moderate_hedge_uncertain
2026-04-18,ETH-USD,0.1220235583150817,0.004758217034932261,0.007104559684089592,0.0005683647747271674,0.0009760595049225318,moderate_hedge_uncertain
2026-04-18,GLD,0.0245612791399224,-0.014704762309109248,0.0,0.0,0.0,moderate_hedge_uncertain
2026-04-18,QQQ,0.3082060841935211,0.2650783784031575,0.39579219411409816,0.18921422002608243,0.3249398029841226,moderate_hedge_uncertain
2026-04-18,SPY,0.2493378466804891,0.21408996272002634,0.3196606852403899,0.15281844394669164,0.2624369091368142,moderate_hedge_uncertain
2026-04-18,TLT,-0.0132601470562969,-0.04034358418968492,0.0,0.0,0.0,moderate_hedge_uncertain
2026-04-18,VIX,-0.5055633936946459,-0.667047426195831,0.0,0.0,0.0,moderate_hedge_uncertain
2026-04-18,CASH,0.0,0.0,0.0,0.0,0.23051632026758,moderate_hedge_uncertain
2026-04-19,BTC-USD,0.0966686172698898,0.006039519446721337,0.008252816843613378,0.0006602253474890702,0.0010628935260840666,moderate_hedge_uncertain
2026-04-19,DIA,0.198801675348858,0.16868574360284191,0.23050386017694272,0.11218108297370857,0.180599771419452,moderate_hedge_uncertain
2026-04-19,ETH-USD,0.0614493657102531,-0.05581597556989634,0.0,0.0,0.0,moderate_hedge_uncertain
2026-04-19,GLD,0.0097297572052398,-0.029536284243791844,0.0,0.0,0.0,moderate_hedge_uncertain
2026-04-19,QQQ,0.3519632793306474,0.30883557354028385,0.42201427542449516,0.20538492679100223,0.3306481792491618,moderate_hedge_uncertain
2026-04-19,SPY,0.2835001435736594,0.24825225961319658,0.33922904755494876,0.1650952044865602,0.2657859543013001,moderate_hedge_uncertain
2026-04-19,TLT,-0.0222380075620597,-0.04932144469544772,0.0,0.0,0.0,moderate_hedge_uncertain
2026-04-19,VIX,-0.474672692636458,-0.6361567251376432,0.0,0.0,0.0,moderate_hedge_uncertain
2026-04-19,CASH,0.0,0.0,0.0,0.0,0.2219032015040021,moderate_hedge_uncertain
2026-04-20,BTC-USD,0.1559630792592344,0.06533398143606592,0.09427800270514027,0.007542240216411222,0.012087065382751214,moderate_hedge_uncertain
2026-04-20,DIA,0.1910402761867433,0.1609243444407272,0.23221645837323335,0.1436683849441074,0.23024050049150763,moderate_hedge_uncertain
2026-04-20,ETH-USD,0.0375818265537811,-0.07968351472636834,0.0,0.0,0.0,moderate_hedge_uncertain
2026-04-20,GLD,-0.0890030770550081,-0.12826911850403974,0.0,0.0,0.0,moderate_hedge_uncertain
2026-04-20,QQQ,0.3013437310741689,0.25821602528380533,0.37260994348001947,0.23052745343247383,0.35,moderate_hedge_uncertain
2026-04-20,SPY,0.2437663790781379,0.20851849511767512,0.300895595441607,0.18615900240977087,0.29833523849036203,moderate_hedge_uncertain
2026-04-20,TLT,-0.0643888393890246,-0.0914722765224126,0.0,0.0,0.0,moderate_hedge_uncertain
2026-04-20,VIX,-0.3039395351415168,-0.46542356764270193,0.0,0.0,0.0,moderate_hedge_uncertain
2026-04-20,CASH,0.0,0.0,0.0,0.0,0.10933719563537914,moderate_hedge_uncertain
2026-04-21,BTC-USD,0.1757100586263344,0.08508096080316593,0.15323563382386995,0.012258850705909596,0.0211563408819292,moderate_hedge_uncertain
2026-04-21,DIA,0.1324395521508257,0.1023236204048096,0.18429064128881606,0.10795972151030817,0.18631703122782672,moderate_hedge_uncertain
2026-04-21,ETH-USD,0.0952975495005398,-0.02196779177960964,0.0,0.0,0.0,moderate_hedge_uncertain
2026-04-21,GLD,-0.2355352227688046,-0.27480126421783624,0.0,0.0,0.0,moderate_hedge_uncertain
2026-04-21,QQQ,0.2560997747201738,0.21297206892981027,0.3835747699739896,0.2247028121187915,0.35,moderate_hedge_uncertain
2026-04-21,SPY,0.1901008411929741,0.15485295723251133,0.27889895491332445,0.1633824338088391,0.28196562195775265,moderate_hedge_uncertain
2026-04-21,TLT,-0.0483630781931561,-0.07544651532654412,0.0,0.0,0.0,moderate_hedge_uncertain
2026-04-21,VIX,-0.2092262673371578,-0.3707102998383429,0.0,0.0,0.0,moderate_hedge_uncertain
2026-04-21,CASH,0.0,0.0,0.0,0.0,0.16056100593249145,moderate_hedge_uncertain
2026-04-22,BTC-USD,0.2023181968105414,0.11168909898737292,0.20592418605424256,0.016473934884339406,0.03014690760788456,moderate_hedge_uncertain
2026-04-22,DIA,0.1015900925558806,0.0714741608098645,0.13177882642195343,0.07598129097127497,0.13904394881494467,moderate_hedge_uncertain
2026-04-22,ETH-USD,0.1161092466685456,-0.0011560946116038464,0.0,0.0,0.0,moderate_hedge_uncertain
2026-04-22,GLD,-0.1800615660253384,-0.21932760747437005,0.0,0.0,0.0,moderate_hedge_uncertain
2026-04-22,QQQ,0.260805687374317,0.21767798158395343,0.40133873033279416,0.23140466245932484,0.35,moderate_hedge_uncertain
2026-04-22,SPY,0.1767863461365454,0.14153846217608262,0.2609582571910098,0.15046381736242057,0.27534519422354753,moderate_hedge_uncertain
2026-04-22,TLT,-0.0991069625075438,-0.12619039964093182,0.0,0.0,0.0,moderate_hedge_uncertain
2026-04-22,VIX,-0.2286767763605507,-0.3901608088617358,0.0,0.0,0.0,moderate_hedge_uncertain
2026-04-22,CASH,0.0,0.0,0.0,0.0,0.20546394935362325,moderate_hedge_uncertain
2026-04-23,BTC-USD,0.2392458015792266,0.14861670375605812,0.2778072781075848,0.022224582248606788,0.04,moderate_hedge_uncertain
2026-04-23,DIA,0.0904431900947391,0.060327258348723004,0.11276896212865065,0.06354399770210134,0.126579244636042,moderate_hedge_uncertain
2026-04-23,ETH-USD,0.1167497359448805,-0.0005156053352689391,0.0,0.0,0.0,moderate_hedge_uncertain
2026-04-23,GLD,-0.2033530788555146,-0.24261912030454624,0.0,0.0,0.0,moderate_hedge_uncertain
2026-04-23,QQQ,0.2397302645231507,0.19660255873278715,0.3675066148701053,0.20708570026716486,0.35,moderate_hedge_uncertain
2026-04-23,SPY,0.1646646829049781,0.12941679894451533,0.24191714489365934,0.1363174956038371,0.27154359574767634,moderate_hedge_uncertain
2026-04-23,TLT,-0.107124403619937,-0.134207840753325,0.0,0.0,0.0,moderate_hedge_uncertain
2026-04-23,VIX,-0.2127709842229714,-0.3742550167241565,0.0,0.0,0.0,moderate_hedge_uncertain
2026-04-23,CASH,0.0,0.0,0.0,0.0,0.2118771596162817,moderate_hedge_uncertain
2026-04-24,BTC-USD,0.2350359258955976,0.14440682807242913,0.2342411060921471,0.018739288487371768,0.036379749288575326,moderate_hedge_uncertain
2026-04-24,DIA,0.0795816406599056,0.0494657089138895,0.08023791204533691,0.04528536949972003,0.0879153117233093,moderate_hedge_uncertain
2026-04-24,ETH-USD,0.1301152521412026,0.012849910861053152,0.020843732761506896,0.0016674986209205516,0.0032372190549825367,moderate_hedge_uncertain
2026-04-24,GLD,-0.1973191349693979,-0.23658517641842955,0.0,0.0,0.0,moderate_hedge_uncertain
2026-04-24,QQQ,0.300782062529345,0.2576543567389814,0.41793897364554466,0.23588002687779527,0.35,moderate_hedge_uncertain
2026-04-24,SPY,0.187359066822485,0.15211118286202222,0.2467382754554646,0.13925629031088155,0.27034692015019324,moderate_hedge_uncertain
2026-04-24,TLT,-0.0987364815589932,-0.1258199186923812,0.0,0.0,0.0,moderate_hedge_uncertain
2026-04-24,VIX,-0.27918089473849,-0.44066492723967515,0.0,0.0,0.0,moderate_hedge_uncertain
2026-04-24,CASH,0.0,0.0,0.0,0.0,0.2521207997829396,moderate_hedge_uncertain
2026-04-25,BTC-USD,0.2370992900186953,0.14647019219552684,0.1961661111957464,0.015693288895659713,0.028613876580956907,moderate_hedge_uncertain
2026-04-25,DIA,0.0915746549728465,0.06145872322683041,0.08231107335729437,0.04645543828206161,0.08470309737844739,moderate_hedge_uncertain
2026-04-25,ETH-USD,0.107529135179492,-0.009736206100657438,0.0,0.0,0.0,moderate_hedge_uncertain
2026-04-25,GLD,-0.1938138192187901,-0.23307986066782174,0.0,0.0,0.0,moderate_hedge_uncertain
2026-04-25,QQQ,0.386307741458095,0.3431800356677314,0.4596177012390945,0.259403029050205,0.35,moderate_hedge_uncertain
2026-04-25,SPY,0.2308030294500838,0.19555514548962102,0.2619051142078648,0.1478162824584468,0.2695162811978591,moderate_hedge_uncertain
2026-04-25,TLT,-0.0846797301642902,-0.11176316729767821,0.0,0.0,0.0,moderate_hedge_uncertain
2026-04-25,VIX,-0.3677352223707141,-0.5292192548718992,0.0,0.0,0.0,moderate_hedge_uncertain
2026-04-25,CASH,0.0,0.0,0.0,0.0,0.26716674484273667,moderate_hedge_uncertain
2026-04-26,BTC-USD,0.2446570701537641,0.15402797233059562,0.21008958666403404,0.016807166933122723,0.03219338704221711,moderate_hedge_uncertain
2026-04-26,DIA,0.091371941323997,0.0612560095779809,0.0835513805590091,0.046768070089007296,0.0895821757220572,moderate_hedge_uncertain
2026-04-26,ETH-USD,0.1395634518415906,0.022298110561441167,0.030413961570482696,0.0024331169256386156,0.004660528167402441,moderate_hedge_uncertain
2026-04-26,GLD,-0.118872378333795,-0.15813841978282664,0.0,0.0,0.0,moderate_hedge_uncertain
2026-04-26,QQQ,0.3514250932289648,0.30829738743860124,0.42050849411663377,0.23538055977399497,0.35,moderate_hedge_uncertain
2026-04-26,SPY,0.2225221732432238,0.18727428928276102,0.25543657708984047,0.14298118906840307,0.27387416200192927,moderate_hedge_uncertain
2026-04-26,TLT,-0.0866304189044957,-0.11371385603788373,0.0,0.0,0.0,moderate_hedge_uncertain
2026-04-26,VIX,-0.4016834551140065,-0.5631674876151916,0.0,0.0,0.0,moderate_hedge_uncertain
2026-04-26,CASH,0.0,0.0,0.0,0.0,0.24968974706639405,moderate_hedge_uncertain
2026-04-27,BTC-USD,0.1356289507874253,0.04499985296425682,0.05749656027335155,0.004599724821868124,0.007347892468113964,moderate_hedge_uncertain
2026-04-27,DIA,0.1609808385188426,0.1308649067728265,0.16720681300685258,0.0939423486284163,0.15006947212188398,moderate_hedge_uncertain
2026-04-27,ETH-USD,-0.0029569319012379,-0.12022227318138734,0.0,0.0,0.0,moderate_hedge_uncertain
2026-04-27,GLD,-0.0994037813823832,-0.13866982283141485,0.0,0.0,0.0,moderate_hedge_uncertain
2026-04-27,QQQ,0.3939578910573511,0.3508301852669875,0.4482576622847322,0.2518460631385003,0.35,moderate_hedge_uncertain
2026-04-27,SPY,0.2912058968084341,0.2559580128479714,0.3270389644350636,0.1837413671102976,0.2935201256066415,moderate_hedge_uncertain
2026-04-27,TLT,-0.0049795658296486,-0.032063002963036616,0.0,0.0,0.0,moderate_hedge_uncertain
2026-04-27,VIX,-0.4182325954733386,-0.5797166279745237,0.0,0.0,0.0,moderate_hedge_uncertain
2026-04-27,CASH,0.0,0.0,0.0,0.0,0.1990625098033607,moderate_hedge_uncertain
2026-04-28,BTC-USD,0.1551329917917098,0.06450389396854134,0.07990326099377269,0.006392260879501815,0.009618985137764624,low_hedge_stable
2026-04-28,DIA,0.1800372702319427,0.1499213384859266,0.18571287872045383,0.1263954550448601,0.19019812027012575,low_hedge_stable
2026-04-28,ETH-USD,0.096547369638127,-0.020717971642022437,0.0,0.0,0.0,low_hedge_stable
2026-04-28,GLD,-0.1658311343722276,-0.20509717582125925,0.0,0.0,0.0,low_hedge_stable
2026-04-28,QQQ,0.3721904742140371,0.32906276842367355,0.4076217209694876,0.27742574054684,0.3499999999999999,low_hedge_stable
2026-04-28,SPY,0.2990347447875084,0.26378686082704567,0.32676213931628567,0.2223930272088616,0.3346539297737865,low_hedge_stable
2026-04-28,TLT,-0.0023807138140181,-0.02946415094740612,0.0,0.0,0.0,low_hedge_stable
2026-04-28,VIX,-0.4457666553386072,-0.6072506878397924,0.0,0.0,0.0,low_hedge_stable
2026-04-28,CASH,0.0,0.0,0.0,0.0,0.11552896481832309,low_hedge_stable
2026-04-29,BTC-USD,0.1329160574781249,0.042286959654956435,0.05316028154271613,0.004252822523417291,0.006234844358507963,low_hedge_stable
2026-04-29,DIA,0.1268578766888501,0.096741944942834,0.12161737500435811,0.08286647768508529,0.12148628071343215,low_hedge_stable
2026-04-29,ETH-USD,0.0274950597349159,-0.08977028154523353,0.0,0.0,0.0,low_hedge_stable
2026-04-29,GLD,-0.3792197673703359,-0.41848580881936753,0.0,0.0,0.0,low_hedge_stable
2026-04-29,QQQ,0.4280002142235585,0.3848725084331949,0.4838354677967947,0.32967115919085693,0.35,low_hedge_stable
2026-04-29,SPY,0.3068080152965327,0.27156013133606993,0.3413868756561312,0.2326109070560521,0.3410188865394942,low_hedge_stable
2026-04-29,TLT,-0.0878314975082674,-0.11491493464165542,0.0,0.0,0.0,low_hedge_stable
2026-04-29,VIX,-0.1791816801176151,-0.3406657126188002,0.0,0.0,0.0,low_hedge_stable
2026-04-29,CASH,0.0,0.0,0.0,0.0,0.18125998838856577,low_hedge_stable
2026-04-30,BTC-USD,0.1397083036551001,0.04907920583193162,0.05339236782479313,0.00427138942598345,0.006326925306033444,low_hedge_stable
2026-04-30,DIA,0.2448129350305757,0.2146970032845596,0.2335649319490805,0.15734269057754838,0.23306127151009573,low_hedge_stable
2026-04-30,ETH-USD,0.0264073030998995,-0.09085803818024994,0.0,0.0,0.0,low_hedge_stable
2026-04-30,GLD,-0.1592455257148772,-0.19851156716390886,0.0,0.0,0.0,low_hedge_stable
2026-04-30,QQQ,0.4051259477082788,0.36199824191791524,0.3938112476920877,0.26529376980737435,0.35,low_hedge_stable
2026-04-30,SPY,0.3286910632994621,0.2934431793389994,0.3192314525340386,0.215052556218649,0.3185430604360498,low_hedge_stable
2026-04-30,TLT,-0.0404329116820071,-0.06751634881539512,0.0,0.0,0.0,low_hedge_stable
2026-04-30,VIX,-0.4375785645815781,-0.5990625970827633,0.0,0.0,0.0,low_hedge_stable
2026-04-30,CASH,0.0,0.0,0.0,0.0,0.09206874274782102,low_hedge_stable
2026-05-01,BTC-USD,0.1717679828651127,0.08113888504194422,0.08568638412214896,0.006854910729771917,0.010446817297507186,low_hedge_stable
2026-05-01,DIA,0.2115686679494747,0.18145273620345861,0.1916224119459747,0.12936056349446642,0.19714424091037486,low_hedge_stable
2026-05-01,ETH-USD,-0.0046738015537356,-0.12193914283388504,0.0,0.0,0.0,low_hedge_stable
2026-05-01,GLD,-0.171372313528918,-0.21063835497794964,0.0,0.0,0.0,low_hedge_stable
2026-05-01,QQQ,0.4345941262625584,0.3914664204721948,0.4134064950259441,0.279082684565655,0.35,low_hedge_stable
2026-05-01,SPY,0.3281184105703356,0.29287052660987284,0.3092847089059322,0.20879209179129557,0.3181971176713763,low_hedge_stable
2026-05-01,TLT,-0.0164669234977215,-0.04355036063110952,0.0,0.0,0.0,low_hedge_stable
2026-05-01,VIX,-0.4412553762055776,-0.6027394087067628,0.0,0.0,0.0,low_hedge_stable
2026-05-01,CASH,0.0,0.0,0.0,0.0,0.12421182412074155,low_hedge_stable
2026-05-02,BTC-USD,0.2398325653925162,0.14920346756934774,0.1696367029148041,0.013570936233184328,0.022481581411878778,low_hedge_stable
2026-05-02,DIA,0.171752260872051,0.1416363291260349,0.1610332539673001,0.1087104178629724,0.18008942548338178,low_hedge_stable
2026-05-02,ETH-USD,0.0905309926288768,-0.026734348651272638,0.0,0.0,0.0,low_hedge_stable
2026-05-02,GLD,-0.1819238489454882,-0.22118989039451983,0.0,0.0,0.0,low_hedge_stable
2026-05-02,QQQ,0.3872520628055597,0.3441243570151961,0.39125177361982133,0.2641264630253126,0.35,low_hedge_stable
2026-05-02,SPY,0.2798308153183882,0.24458293135792541,0.27807826949807457,0.18772523147229292,0.3109851820015414,low_hedge_stable
2026-05-02,TLT,-0.0510414981908722,-0.07812493532426021,0.0,0.0,0.0,low_hedge_stable
2026-05-02,VIX,-0.4577966237215794,-0.6192806562227646,0.0,0.0,0.0,low_hedge_stable
2026-05-02,CASH,0.0,0.0,0.0,0.0,0.1364438111031981,low_hedge_stable
2026-05-03,BTC-USD,0.2007712167429814,0.11014211891981293,0.11583546130129647,0.009266836904103718,0.01440106653084416,low_hedge_stable
2026-05-03,DIA,0.1877376530802287,0.1576217213342126,0.16576932585749032,0.11314397964699681,0.17583065239222237,low_hedge_stable
2026-05-03,ETH-USD,0.0010119477855824,-0.11625339349456704,0.0,0.0,0.0,low_hedge_stable
2026-05-03,GLD,-0.1369264138091493,-0.17619245525818095,0.0,0.0,0.0,low_hedge_stable
2026-05-03,QQQ,0.4503030905128971,0.4071753847225335,0.42822263619429235,0.2922785200659068,0.35,low_hedge_stable
2026-05-03,SPY,0.3111584046703757,0.27591052070991295,0.2901725766469208,0.19805401232360953,0.30778452644503423,low_hedge_stable
2026-05-03,TLT,-0.0591462822116682,-0.08622971934505622,0.0,0.0,0.0,low_hedge_stable
2026-05-03,VIX,-0.4452147666571041,-0.6066987991582893,0.0,0.0,0.0,low_hedge_stable
2026-05-03,CASH,0.0,0.0,0.0,0.0,0.15198375463189934,low_hedge_stable
2026-05-04,BTC-USD,0.315798747080898,0.22516964925772956,0.27474120690055076,0.021979296552044062,0.0398313185761023,low_hedge_stable
2026-05-04,DIA,0.0913086497751613,0.06119271802914521,0.07466441973984343,0.05194407557430619,0.09413408738729213,low_hedge_stable
2026-05-04,ETH-USD,0.0962374400693812,-0.021027901210768238,0.0,0.0,0.0,low_hedge_stable
2026-05-04,GLD,-0.312261314785049,-0.3515273562340806,0.0,0.0,0.0,low_hedge_stable
2026-05-04,QQQ,0.3752482888248498,0.3321205830344862,0.4052376069341726,0.28192401351921076,0.35,low_hedge_stable
2026-05-04,SPY,0.2363349275178694,0.20108704355740661,0.24535676642543336,0.1706948297767194,0.3093365671658751,low_hedge_stable
2026-05-04,TLT,-0.1429667955187159,-0.17005023265210392,0.0,0.0,0.0,low_hedge_stable
2026-05-04,VIX,-0.2817212976971311,-0.44320533019831626,0.0,0.0,0.0,low_hedge_stable
2026-05-04,CASH,0.0,0.0,0.0,0.0,0.20669802687073047,low_hedge_stable
2026-05-05,BTC-USD,0.3279026705179539,0.23727357269478547,0.3014199156858813,0.024113593254870502,0.04,low_hedge_stable
2026-05-05,DIA,0.0817056892258781,0.05158975747986201,0.06553692504911995,0.04557252404987973,0.08528078802933048,low_hedge_stable
2026-05-05,ETH-USD,0.0659627722602436,-0.05130256901990585,0.0,0.0,0.0,low_hedge_stable
2026-05-05,GLD,-0.2874274594249448,-0.3266935008739764,0.0,0.0,0.0,low_hedge_stable
2026-05-05,QQQ,0.361896886847342,0.31876918105697843,0.4049476668901841,0.28158915412134383,0.35,low_hedge_stable
2026-05-05,SPY,0.2148014886656993,0.17955360470523654,0.2280954923748146,0.1586111540040889,0.296812267604605,low_hedge_stable
2026-05-05,TLT,-0.0992449033650068,-0.1263283404983948,0.0,0.0,0.0,low_hedge_stable
2026-05-05,VIX,-0.2795208569241644,-0.44100488942534954,0.0,0.0,0.0,low_hedge_stable
2026-05-05,CASH,0.0,0.0,0.0,0.0,0.22790694436606454,low_hedge_stable
2026-05-06,BTC-USD,0.3172705222518158,0.22664142442864735,0.25759914845126647,0.02060793187610132,0.03782137910217482,low_hedge_stable
2026-05-06,DIA,0.0754174739981871,0.045301542252171006,0.0514894341893012,0.03448246999707731,0.06328507770599047,low_hedge_stable
2026-05-06,ETH-USD,-0.0163723572210634,-0.13363769850121282,0.0,0.0,0.0,low_hedge_stable
2026-05-06,GLD,-0.1818739418333992,-0.22113998328243084,0.0,0.0,0.0,low_hedge_stable
2026-05-06,QQQ,0.4465836351176988,0.4034559293273352,0.45856534874124805,0.3071011777199718,0.35,low_hedge_stable
2026-05-06,SPY,0.2396710905922338,0.20442320663177102,0.2323460686181842,0.1556021437448648,0.2855739092630868,low_hedge_stable
2026-05-06,TLT,-0.1261399493402612,-0.15322338647364922,0.0,0.0,0.0,low_hedge_stable
2026-05-06,VIX,-0.3087498040968519,-0.470233836598037,0.0,0.0,0.0,low_hedge_stable
2026-05-06,CASH,0.0,0.0,0.0,0.0,0.263319633928748,low_hedge_stable
2026-05-07,BTC-USD,0.2022006185049103,0.11157152068174184,0.12436744606149679,0.009949395684919744,0.015573731369696454,low_hedge_stable
2026-05-07,DIA,0.0781619493232746,0.0480460175772585,0.05355632389876768,0.03660487595518204,0.05729740006331495,low_hedge_stable
2026-05-07,ETH-USD,-0.187813644207439,-0.30507898548758844,0.0,0.0,0.0,low_hedge_stable
2026-05-07,GLD,-0.0774474158153339,-0.11671345726436555,0.0,0.0,0.0,low_hedge_stable
2026-05-07,QQQ,0.5215754053975015,0.4784476996071379,0.5333199557606763,0.3645155119672418,0.35,low_hedge_stable
2026-05-07,SPY,0.2942945850704801,0.2590467011100174,0.28875627427905914,0.1973602150372515,0.30892680011856166,low_hedge_stable
2026-05-07,TLT,-0.0904158943783572,-0.11749933151174521,0.0,0.0,0.0,low_hedge_stable
2026-05-07,VIX,-0.2681888491006755,-0.4296728816018606,0.0,0.0,0.0,low_hedge_stable
2026-05-07,CASH,0.0,0.0,0.0,0.0,0.268202068448427,low_hedge_stable
2026-05-08,BTC-USD,0.1951231770574935,0.10449407923432502,0.11855329394799771,0.009484263515839817,0.014896151024035475,low_hedge_stable
2026-05-08,DIA,0.0200485886823607,-0.010067343063655396,0.0,0.0,0.0,low_hedge_stable
2026-05-08,ETH-USD,-0.1185972942992313,-0.23586263557938072,0.0,0.0,0.0,low_hedge_stable
2026-05-08,GLD,-0.1261151688653584,-0.16538121031439004,0.0,0.0,0.0,low_hedge_stable
2026-05-08,QQQ,0.5781971621877292,0.5350694563973657,0.6070606776162192,0.4106114601106869,0.35,low_hedge_stable
2026-05-08,SPY,0.2770945205350405,0.24184663657457772,0.2743860284357832,0.185592728905456,0.2914952029876981,low_hedge_stable
2026-05-08,TLT,-0.097663344770329,-0.12474678190371702,0.0,0.0,0.0,low_hedge_stable
2026-05-08,VIX,-0.2763240079100812,-0.43780804041126636,0.0,0.0,0.0,low_hedge_stable
2026-05-08,CASH,0.0,0.0,0.0,0.0,0.34360864598826635,low_hedge_stable
2026-05-09,BTC-USD,0.2396650031602187,0.14903590533705022,0.18061094956434037,0.01444887596514723,0.024170609498772026,low_hedge_stable
2026-05-09,DIA,0.0464325341088466,0.016316602362830508,0.019773470290598266,0.013374632564507447,0.022373575749840363,low_hedge_stable
2026-05-09,ETH-USD,-0.0019011623345276,-0.11916650361467704,0.0,0.0,0.0,low_hedge_stable
2026-05-09,GLD,-0.1208846874387811,-0.16015072888781273,0.0,0.0,0.0,low_hedge_stable
2026-05-09,QQQ,0.4890545226299301,0.44592681683956653,0.5404017618670834,0.36552385069307997,0.35,low_hedge_stable
2026-05-09,SPY,0.2491450268309167,0.21389714287045392,0.25921381827797796,0.17533035547935,0.2932990473303624,low_hedge_stable
2026-05-09,TLT,-0.0778082933191983,-0.10489173045258632,0.0,0.0,0.0,low_hedge_stable
2026-05-09,VIX,-0.3672018427045252,-0.5286858752057104,0.0,0.0,0.0,low_hedge_stable
2026-05-09,CASH,0.0,0.0,0.0,0.0,0.31015676742102527,low_hedge_stable
2026-05-10,BTC-USD,0.2156019965466425,0.12497289872347403,0.15475317664929802,0.012380254131943842,0.02010980084040655,low_hedge_stable
2026-05-10,DIA,0.0383322357146073,0.008216303968591207,0.010174198985886961,0.006902782469385261,0.011212498485456534,low_hedge_stable
2026-05-10,ETH-USD,0.000617477619338,-0.11664786366081144,0.0,0.0,0.0,low_hedge_stable
2026-05-10,GLD,-0.0408273907907088,-0.08009343223974044,0.0,0.0,0.0,low_hedge_stable
2026-05-10,QQQ,0.501736502490004,0.45860879669964044,0.5678924699155653,0.38529206979996194,0.35,low_hedge_stable
2026-05-10,SPY,0.2510126204645628,0.21576473650410002,0.2671801544492497,0.18127092745661952,0.2944464798911236,low_hedge_stable
2026-05-10,TLT,-0.069942409073186,-0.097025846206574,0.0,0.0,0.0,low_hedge_stable
2026-05-10,VIX,-0.4130531283739383,-0.5745371608751235,0.0,0.0,0.0,low_hedge_stable
2026-05-10,CASH,0.0,0.0,0.0,0.0,0.3242312207830134,low_hedge_stable
2026-05-11,BTC-USD,0.1626587562706829,0.07202965844751444,0.09468893542906454,0.007575114834325163,0.011382607868568555,low_hedge_stable
2026-05-11,DIA,0.0453693152908189,0.0152533835448028,0.020051832546186785,0.013890937382322234,0.020872963196986304,low_hedge_stable
2026-05-11,ETH-USD,-0.0637570113003663,-0.18102235258051574,0.0,0.0,0.0,low_hedge_stable
2026-05-11,GLD,-0.0568618686476517,-0.09612791009668334,0.0,0.0,0.0,low_hedge_stable
2026-05-11,QQQ,0.483213897294016,0.4400861915036524,0.5785296483236377,0.4007772905628421,0.35,low_hedge_stable
2026-05-11,SPY,0.2685763826876512,0.23332849872718842,0.3067295837011109,0.2124873839178434,0.31929028418092104,low_hedge_stable
2026-05-11,TLT,-0.1282022349932779,-0.1552856721266659,0.0,0.0,0.0,low_hedge_stable
2026-05-11,VIX,-0.246890132361287,-0.40837416486247213,0.0,0.0,0.0,low_hedge_stable
2026-05-11,CASH,0.0,0.0,0.0,0.0,0.29845414475352416,low_hedge_stable
2026-05-12,BTC-USD,0.1178432413834217,0.027214143560253232,0.03372970119446532,0.0026983760955572255,0.0037803917887569475,low_hedge_stable
2026-05-12,DIA,0.1108702316749815,0.0807542999289654,0.10008833828415689,0.07034996617194485,0.09855943909880711,low_hedge_stable
2026-05-12,ETH-USD,-0.1565223610971209,-0.27378770237727035,0.0,0.0,0.0,low_hedge_stable
2026-05-12,GLD,-0.0623640128244393,-0.10163005427347094,0.0,0.0,0.0,low_hedge_stable
2026-05-12,QQQ,0.4684216176649664,0.42529391187460286,0.5271169579742652,0.3704993088891944,0.35,low_hedge_stable
2026-05-12,SPY,0.3088157878791865,0.27356790391872376,0.33906500254711264,0.23832158539348555,0.33388561586668697,low_hedge_stable
2026-05-12,TLT,-0.1250018708987034,-0.15208530803209142,0.0,0.0,0.0,low_hedge_stable
2026-05-12,VIX,-0.2071031657443303,-0.3685871982455154,0.0,0.0,0.0,low_hedge_stable
2026-05-12,CASH,0.0,0.0,0.0,0.0,0.21377455324574907,low_hedge_stable
2026-05-13,BTC-USD,0.0372365187542773,-0.053392579068891166,0.0,0.0,0.0,low_hedge_stable
2026-05-13,DIA,0.1417570258456552,0.1116410940996391,0.13001367259695415,0.09170574655208677,0.12424925529818386,low_hedge_stable
2026-05-13,ETH-USD,-0.1333468984224031,-0.25061223970255253,0.0,0.0,0.0,low_hedge_stable
2026-05-13,GLD,-0.0509467159307871,-0.09021275737981874,0.0,0.0,0.0,low_hedge_stable
2026-05-13,QQQ,0.4745467291731883,0.43141902338282473,0.5024168932645171,0.3543820842599752,0.35,low_hedge_stable
2026-05-13,SPY,0.3508751019687012,0.31562721800823845,0.36756943413852877,0.2592668039760578,0.35,low_hedge_stable
2026-05-13,TLT,-0.1033680713919554,-0.13045150852534343,0.0,0.0,0.0,low_hedge_stable
2026-05-13,VIX,-0.2363823233161082,-0.39786635581729335,0.0,0.0,0.0,low_hedge_stable
2026-05-13,CASH,0.0,0.0,0.0,0.0,0.1757507447018162,low_hedge_stable
2026-05-14,BTC-USD,0.1609488080930001,0.07031971026983164,0.06715813402983596,0.005372650722386877,0.007740091056037574,low_hedge_stable
2026-05-14,DIA,0.2099107177867512,0.1797947860407351,0.17171120717728006,0.12111729582755755,0.17448722178423234,low_hedge_stable
2026-05-14,ETH-USD,-0.1318273807486684,-0.24909272202881783,0.0,0.0,0.0,low_hedge_stable
2026-05-14,GLD,-0.1486376253315947,-0.18790366678062634,0.0,0.0,0.0,low_hedge_stable
2026-05-14,QQQ,0.4795997006591328,0.43647199486876925,0.41684820115424037,0.2940258106872339,0.35,low_hedge_stable
2026-05-14,SPY,0.3957379872349138,0.3604901032744511,0.3442824576386435,0.2428412271716617,0.34984839096957376,low_hedge_stable
2026-05-14,TLT,-0.1327663282468948,-0.1598497653802828,0.0,0.0,0.0,low_hedge_stable
2026-05-14,VIX,-0.3286844801282217,-0.49016851262940686,0.0,0.0,0.0,low_hedge_stable
2026-05-14,CASH,0.0,0.0,0.0,0.0,0.1179242961901564,low_hedge_stable
2026-05-15,BTC-USD,0.0681368172165677,-0.02249228060660077,0.0,0.0,0.0,low_hedge_stable
2026-05-15,DIA,0.1788976984743961,0.14878176672838,0.1656969634134999,0.11114699557599635,0.15748851125449811,low_hedge_stable
2026-05-15,ETH-USD,-0.2071727479315209,-0.32443808921167033,0.0,0.0,0.0,low_hedge_stable
2026-05-15,GLD,-0.1865147624258073,-0.22578080387483895,0.0,0.0,0.0,low_hedge_stable
2026-05-15,QQQ,0.4743147407344072,0.43118703494404365,0.4802092616895264,0.32211704780227557,0.35,low_hedge_stable
2026-05-15,SPY,0.3531939484590764,0.3179460644986137,0.35409377489697386,0.23752070298202754,0.33655234413587554,low_hedge_stable
2026-05-15,TLT,-0.1433137786940636,-0.1703972158274516,0.0,0.0,0.0,low_hedge_stable
2026-05-15,VIX,-0.1169901884747502,-0.2784742209759353,0.0,0.0,0.0,low_hedge_stable
2026-05-15,CASH,0.0,0.0,0.0,0.0,0.15595914460962634,low_hedge_stable
2026-05-16,BTC-USD,0.0002622634279895,-0.09036683439517897,0.0,0.0,0.0,low_hedge_stable
2026-05-16,DIA,0.2254166242298655,0.1953006924838494,0.1961578808131531,0.13157971432782056,0.18644042705241085,low_hedge_stable
2026-05-16,ETH-USD,-0.3055846457636765,-0.4228499870438259,0.0,0.0,0.0,low_hedge_stable
2026-05-16,GLD,-0.1485249210061553,-0.18779096245518695,0.0,0.0,0.0,low_hedge_stable
2026-05-16,QQQ,0.491052400371343,0.44792469458097944,0.44989066723432014,0.3017797971106297,0.35,low_hedge_stable
2026-05-16,SPY,0.3876526070612294,0.35240472310076665,0.3539514519525267,0.23742523492182777,0.33641707171943014,low_hedge_stable
2026-05-16,TLT,-0.0739490339209514,-0.1010324710543394,0.0,0.0,0.0,low_hedge_stable
2026-05-16,VIX,-0.1341344769113412,-0.2956185094125263,0.0,0.0,0.0,low_hedge_stable
2026-05-16,CASH,0.0,0.0,0.0,0.0,0.1271425012281591,low_hedge_stable
2026-05-18,BTC-USD,-0.014529315837304,-0.10515841366047246,0.0,0.0,0.0,low_hedge_stable
2026-05-18,DIA,0.1930501201602696,0.1629341884142535,0.18141365646462856,0.12160158865499412,0.1724133853992235,low_hedge_stable
2026-05-18,ETH-USD,-0.3153376510518105,-0.43260299233196,0.0,0.0,0.0,low_hedge_stable
2026-05-18,GLD,-0.1127843893136805,-0.15205043076271213,0.0,0.0,0.0,low_hedge_stable
2026-05-18,QQQ,0.4672007560607859,0.42407305027042236,0.47217004243497057,0.3164956177738654,0.35,low_hedge_stable
2026-05-18,SPY,0.3463769355060754,0.31112905154561266,0.3464163011004009,0.23220287474889678,0.3292299399843815,low_hedge_stable
2026-05-18,TLT,-0.06132688092334,-0.08841031805672803,0.0,0.0,0.0,low_hedge_stable
2026-05-18,VIX,-0.0815713993808978,-0.2430554318820829,0.0,0.0,0.0,low_hedge_stable
2026-05-18,CASH,0.0,0.0,0.0,0.0,0.14835667461639504,low_hedge_stable
