Date,calibrated_state_0_probability,calibrated_state_1_probability,calibrated_state_2_probability,calibrated_most_likely_state,calibrated_regime_confidence,spy_vol_20d,vix_level,realized_vol_regime_score,liquidity_stress_proxy,momentum_breadth,drawdown,volatility_scaler,drawdown_derisking_multiplier,equity_exposure,bond_hedge_exposure,gold_hedge_exposure,cash_buffer,hedge_intensity,hedging_regime_label
2024-08-03,0.1505663817879007,0.1505663817879007,0.6988672364241985,2,0.2531028718826328,0.15607831839901645,23.38999938964844,1.7607013155910236,1.4340391918923157,0.4,0.0,0.6407039813457535,1.0,0.2979636396324224,0.30000000000000004,0.13946035327484696,0.26257600709273077,0.7020363603675778,high_hedge_risk_off
2024-08-04,0.1505663817879007,0.1505663817879007,0.6988672364241985,2,0.2531028718826328,0.15517040542331803,23.38999938964844,1.709037700970375,1.3957407105880517,0.4,0.0,0.6444527854856827,1.0,0.29970704588292857,0.3,0.13946035327484693,0.26083260084222454,0.7002929541170715,high_hedge_risk_off
2024-08-05,0.1505663817879007,0.1505663817879007,0.6988672364241985,2,0.2531028718826328,0.17792962033234472,38.56999969482422,2.238236200721947,2.150767479178593,0.2,0.0,0.5620199706671415,1.0,0.26137111814780306,0.3,0.13946035327484693,0.29916852857735005,0.7386288818521969,high_hedge_risk_off
2024-08-06,0.1505663817879007,0.1505663817879007,0.6988672364241985,2,0.2531028718826328,0.1802336301211546,27.709999084472656,1.9267026113680608,1.4964341338611056,0.2,0.0,0.5548354096445771,1.0,0.2580298903518589,0.3,0.13946035327484693,0.3025097563732942,0.741970109648141,high_hedge_risk_off
2024-08-07,0.1505663817879007,0.1505663817879007,0.6988672364241985,2,0.2531028718826328,0.1799351392502835,27.850000381469727,1.8982586690813683,1.4596132595123783,0.2,0.0,0.5557558152157456,1.0,0.2584579310725475,0.3,0.13946035327484693,0.3020817156526056,0.7415420689274526,high_hedge_risk_off
2024-08-08,0.1505663817879007,0.1505663817879007,0.6988672364241985,2,0.2531028718826328,0.2018564988981165,23.790000915527344,1.9513482174108399,1.2062813718206984,0.4,0.0,0.49540143887303445,1.0,0.23038972771122881,0.30000000000000004,0.13946035327484696,0.3301499190139243,0.7696102722887713,high_hedge_risk_off
2024-08-09,0.1505663817879007,0.1505663817879007,0.6988672364241985,2,0.2531028718826328,0.2029299907238075,20.3700008392334,1.8318898450656969,1.0239677462370416,0.4,0.0,0.49278078436470424,1.0,0.2291709749357567,0.30000000000000004,0.13946035327484696,0.33136867178939644,0.7708290250642434,high_hedge_risk_off
2024-08-10,0.1505663817879007,0.1505663817879007,0.6988672364241985,2,0.2531028718826328,0.2029299907238075,20.3700008392334,1.7974036645059654,1.0147022700474957,0.4,0.0,0.49278078436470424,1.0,0.2291709749357567,0.30000000000000004,0.13946035327484696,0.33136867178939644,0.7708290250642434,high_hedge_risk_off
2024-08-11,0.1505663817879007,0.1505663817879007,0.6988672364241985,2,0.2531028718826328,0.1982862151854731,20.3700008392334,1.7445442997980154,1.0117616369218432,0.4,0.0,0.5043214925780994,1.0,0.23453805789968055,0.3,0.13946035327484693,0.32600158882547253,0.7654619421003195,high_hedge_risk_off
2024-08-12,0.1505663817879007,0.1505663817879007,0.6988672364241985,2,0.2531028718826328,0.19847401812054163,20.709999084472656,1.7310930984179205,1.0120374588842895,0.4,0.0,0.5038442862544648,1.0,0.23431612993109338,0.3,0.13946035327484693,0.3262235167940597,0.7656838700689066,high_hedge_risk_off
2024-08-13,0.1505663817879007,0.1505663817879007,0.6988672364241985,2,0.2531028718826328,0.19243499089003654,18.1200008392334,1.6098199693675013,0.8514099614774345,0.6,0.0,0.5196560123368789,1.0,0.24166947810678474,0.3,0.13946035327484693,0.3188701686183683,0.7583305218932153,high_hedge_risk_off
2024-08-14,0.1505663817879007,0.1505663817879007,0.6988672364241985,2,0.2531028718826328,0.19163675513445727,16.190000534057617,1.5318800354853208,0.7562366585683874,0.8,0.0,0.521820565839979,1.0,0.2426761180820947,0.30000000000000004,0.13946035327484696,0.31786352864305845,0.7573238819179055,high_hedge_risk_off
2024-08-15,0.1505663817879007,0.1505663817879007,0.6988672364241985,2,0.2531028718826328,0.1970922335803872,15.229999542236328,1.505165941911432,0.7068576599398065,0.8,0.0,0.5073766641302658,1.0,0.23595888571079054,0.3,0.13946035327484693,0.32458076101436256,0.7640411142892094,high_hedge_risk_off
2024-08-16,0.1505663817879007,0.1505663817879007,0.6988672364241985,2,0.2531028718826328,0.1971231511967761,14.800000190734863,1.4741891059682026,0.686834765882684,0.8,0.0,0.5072970850601717,1.0,0.23592187693598318,0.3,0.13946035327484693,0.3246177697891699,0.7640781230640168,high_hedge_risk_off
2024-08-17,0.1505663817879007,0.1505663817879007,0.6988672364241985,2,0.2531028718826328,0.1971231511967761,14.800000190734863,1.4516193255620535,0.6895144644652111,0.8,0.0,0.5072970850601717,1.0,0.23592187693598318,0.3,0.13946035327484693,0.3246177697891699,0.7640781230640168,high_hedge_risk_off
2024-08-18,0.1505663817879007,0.1505663817879007,0.6988672364241985,2,0.2531028718826328,0.19714939002515197,14.800000190734863,1.4279449757417657,0.6931707465456206,0.8,0.0,0.5072295683351705,1.0,0.2358904778348333,0.3,0.13946035327484693,0.32464916889031975,0.7641095221651666,high_hedge_risk_off
2024-08-19,0.1505663817879009,0.1505663817879009,0.698867236424198,2,0.2531028718826321,0.19807126305477957,14.649999618530272,1.4065887196277647,0.6761802589999305,0.8,0.0,0.5048687954917696,1.0,0.23479258475277745,0.3,0.13946035327484693,0.32574706197237563,0.7652074152472226,high_hedge_risk_off
2024-08-20,0.1505663817879021,0.1505663817879021,0.6988672364241958,2,0.2531028718826289,0.19064382701146926,15.880000114440918,1.3849587626337163,0.7547388406230946,0.8,0.0,0.5245383580869049,1.0,0.2439400454077184,0.3,0.13946035327484685,0.31659960131743475,0.7560599545922816,high_hedge_risk_off
2024-08-21,0.1505663818163426,0.1505663818163426,0.6988672363673148,2,0.2531028718031509,0.18240748958221956,16.270000457763672,1.3461419384431002,0.7599721973626877,0.8,0.0,0.5482231032784722,1.0,0.2549547933841892,0.30000000000000004,0.13946035327285602,0.3055848533429549,0.7450452066158109,high_hedge_risk_off
2024-08-22,0.1503141363857549,0.15289147936538,0.696794384248865,2,0.2502257910196016,0.17011982695054922,17.549999237060547,1.304706776935932,0.8233131576552742,0.6,0.0,0.5878209600405261,1.0,0.27388546769265343,0.29961339855305624,0.13916872929544216,0.2873324044588483,0.7261145323073467,high_hedge_risk_off
2024-08-23,0.1417469097547923,0.2146794731664977,0.64357361707871,2,0.1890901769510374,0.17246336220128913,15.859999656677246,1.2660357436994185,0.7435787796474063,1.0,0.0,0.5798332974819652,1.0,0.2839449967338719,0.2890601154882442,0.1313258087077599,0.295669079070124,0.7160550032661281,high_hedge_risk_off
2024-08-24,0.1352383456363602,0.3602999110143829,0.5044617433492569,2,0.1047259661014735,0.17246336220128913,15.859999656677246,1.2398952495545794,0.7590044945345743,1.0,0.0,0.5798332974819652,1.0,0.31444091981287514,0.26624076519329654,0.11352592796009205,0.30579238703373623,0.6855590801871247,high_hedge_risk_off
2024-08-25,0.1354905910710221,0.5407417650026288,0.323767643926349,1,0.1185213222419795,0.12578703753862713,15.859999656677246,1.037569922296234,0.7777174818725667,0.8,0.0,0.7949944760348748,1.0,0.48127929700010647,0.23921232391025898,0.09188551775323565,0.18762286133639897,0.5187207029998936,moderate_hedge_uncertain
2024-08-26,0.1440578177036489,0.6617207227436122,0.194221459552739,1,0.2075168698761741,0.1263703028582052,16.149999618530273,1.0401433367086566,0.8346289619741949,1.0,-0.004781173895341273,0.7913251589830073,1.0,0.5108698673126858,0.2223505642440055,0.07779640415594899,0.18898316428735967,0.48913013268731415,moderate_hedge_uncertain
2024-08-27,0.1505663817969609,0.6988672364060782,0.1505663817969609,1,0.2531028718573137,0.12078149069722936,15.43000030517578,1.0063615390290965,0.8168377613870678,1.0,-0.02662077855284295,0.8279414289617965,1.0,0.543926005135783,0.2177548718086324,0.07366425072111867,0.16465487233446585,0.4560739948642169,moderate_hedge_uncertain
2024-08-28,0.150566381794208,0.698867236411584,0.150566381794208,1,0.253102871865007,0.10231304581326531,17.110000610351562,0.9154456108712412,0.9651962454624057,0.8,-0.014446762363298893,0.977392464520244,1.0,0.6421096469892451,0.2177548718073936,0.07366425072032032,0.06647123048304102,0.357890353010755,moderate_hedge_uncertain
2024-08-29,0.1505663817926734,0.6988672364146531,0.1505663817926734,1,0.2531028718692951,0.10242768190858666,15.649999618530272,0.874590300165528,0.8961569188047889,0.8,-0.023352675842133852,0.976298576094368,1.0,0.6413910039312198,0.21775487180670305,0.0736642507198753,0.06718987354220186,0.3586089960687802,moderate_hedge_uncertain
2024-08-30,0.1505663817893661,0.6988672364212677,0.1505663817893661,1,0.2531028718785375,0.10509724858477133,15.0,0.8639189518591853,0.8618466941860141,0.8,-0.027991722891457016,0.9514996952497773,1.0,0.6250990831317506,0.2177548718052148,0.07366425071891618,0.08348179434411855,0.37490091686824956,moderate_hedge_uncertain
2024-08-31,0.1505663817880461,0.6988672364239078,0.1505663817880461,1,0.2531028718822264,0.10509724858477133,15.0,0.8554201965920124,0.8772316078017411,1.0,0.0,0.9514996952497773,1.0,0.6250990831329437,0.2177548718046208,0.07366425071853337,0.0834817943439022,0.37490091686705634,moderate_hedge_uncertain
2024-09-01,0.1505663817879386,0.6988672364241229,0.1505663817879386,1,0.2531028718825271,0.10526607318656611,15.0,0.8451929216973157,0.8947210681371609,0.6,0.0,0.9499736902198974,1.0,0.6240965559122793,0.21775487180457231,0.07366425071850217,0.08448432156464614,0.37590344408772064,moderate_hedge_uncertain
2024-09-02,0.1505663818420659,0.6988672363158681,0.1505663818420659,1,0.2531028717312661,0.09238447722962732,15.0,0.8032302936035441,0.9213378911683684,0.6,0.0,1.0824329259497116,1.0,0.6745848885202294,0.20656811469671826,0.06987988496837963,0.048967111814672754,0.32541511147977065,low_hedge_stable
2024-09-03,0.1505663954736269,0.5161002984020014,0.3333333061243717,1,0.0964457203754791,0.12202369348592905,20.71999931335449,1.0347970308971561,1.293504882079467,0.6,0.0,0.8195129744333737,1.0,0.48596587157122384,0.24516991456074383,0.09559628396544118,0.1732679299025912,0.5140341284287762,moderate_hedge_uncertain
2024-09-04,0.1505663954736332,0.3333333468566445,0.5161002576697222,2,0.0964457041673484,0.10585869151554281,21.31999969482422,0.9838705652346686,1.3251432667234924,0.6,0.0,0.9446555456933586,1.0,0.49974646857763466,0.27258495729254834,0.11752831815088431,0.11014025597893279,0.5002535314223655,moderate_hedge_uncertain
2024-09-05,0.1505663954775123,0.1505663954775123,0.6988672090449755,2,0.2531028336264989,0.10574580597514482,19.899999618530277,0.9465062156239465,1.2225968418058064,0.4,-0.015412830975688574,0.9456639823947689,1.0,0.4397873137938549,0.3,0.13946035231657414,0.12075233388957085,0.560212686206145,high_hedge_risk_off
2024-09-06,0.1505663818459496,0.1505663818459497,0.6988672363081007,2,0.2531028717204129,0.12070873980163276,22.3799991607666,1.052980872025465,1.3597320714143968,0.2,-0.01989358569402222,0.8284404274647839,1.0,0.38527172013298117,0.29999999999999993,0.13946035327078352,0.1752679265962353,0.6147282798670188,high_hedge_risk_off
2024-09-07,0.1505663818459202,0.1505663818459202,0.6988672363081595,2,0.2531028717204951,0.12070873980163276,22.3799991607666,1.0452986565974522,1.3302367607085204,0.2,0.0,0.8284404274647839,1.0,0.38527172013297883,0.3,0.1394603532707856,0.17526792659623566,0.6147282798670213,high_hedge_risk_off
2024-09-08,0.1505663817879007,0.1505663817879007,0.6988672364241985,2,0.2531028718826328,0.11393612365741772,22.3799991607666,1.0149178807278911,1.3107033529348324,0.2,0.0,0.8776847657260946,1.0,0.40817312652931653,0.30000000000000004,0.13946035327484696,0.1523665201958366,0.5918268734706836,high_hedge_risk_off
2024-09-09,0.1505663818656237,0.1505663818656237,0.6988672362687526,2,0.253102871665433,0.12282632062249793,19.450000762939453,0.9767789011812104,1.120030183632093,0.2,-0.022425588072475078,0.8141577431709139,1.0,0.3786294629926239,0.3,0.13946035326940634,0.1819101837379698,0.6213705370073761,high_hedge_risk_off
2024-09-10,0.1505663905211749,0.150566390521175,0.69886721895765,2,0.2531028474771692,0.12331741327654308,19.07999992370605,0.9613031066578999,1.089769495825137,0.4,-0.01897126971403107,0.8109154850316795,1.0,0.37712163002415067,0.3,0.13946035266351775,0.18341801731233168,0.6228783699758494,high_hedge_risk_off
2024-09-11,0.1506285153496247,0.1510141544009061,0.6983573302494692,2,0.2523911823546398,0.12675460171531083,17.690000534057617,0.9376172491136244,0.9936621919446866,0.4,-0.02717553010173257,0.7889259927982629,1.0,0.3670066560957993,0.29994215414230774,0.1394097272393725,0.19364146252252043,0.6329933439042007,high_hedge_risk_off
2024-09-12,0.14103410000444,0.2253804251003679,0.633585474895192,2,0.1796893062013188,0.1244969723003047,17.06999969482422,0.8975223596757621,0.9578951344184162,0.4,-0.02404664689190128,0.8032323851120294,1.0,0.39649528391206557,0.2873480512356108,0.13000605398817783,0.18615061086414572,0.6035047160879343,high_hedge_risk_off
2024-09-13,0.1310068680055914,0.3360181659827865,0.532974966011622,2,0.118778126232207,0.12600267497926992,16.559999465942383,0.8945273018726572,0.9224421107949159,0.4,-0.014833078140234046,0.793633944806744,1.0,0.4244787987084974,0.2692483053034207,0.11622816348234517,0.19004473250573664,0.5755212012915025,high_hedge_risk_off
2024-09-14,0.1231142696348931,0.4715000679140448,0.405385662451062,1,0.1094215133913281,0.12600267497926992,16.559999465942383,0.8906255056314406,0.920648041594195,0.4,0.0,0.793633944806744,1.0,0.46367781990129436,0.24774213025812722,0.09957570533205926,0.18900434450851913,0.5363221800987056,moderate_hedge_uncertain
2024-09-15,0.132205506238839,0.5765729718778381,0.2912215218833229,1,0.1404904713810876,0.125683406569961,16.559999465942383,0.8875742479053744,0.9172116127240929,0.6,0.0,0.7956499806069113,1.0,0.4923077600169202,0.2333448801541501,0.08742151868660138,0.1869258411423283,0.5076922399830798,moderate_hedge_uncertain
2024-09-16,0.1422542217779603,0.6486591894936531,0.2090865887283867,1,0.1940666878787975,0.12569745323365938,17.139999389648438,0.8813023861056699,0.9448129002022478,0.6,-0.012459765768839781,0.7955610668905893,1.0,0.5103262988836084,0.22403925484264606,0.07927360834965964,0.18636083792408586,0.4896737011163916,moderate_hedge_uncertain
2024-09-17,0.1500847576719118,0.6954963505246902,0.154418891803398,1,0.2484454364905665,0.12371629524399014,17.610000610351562,0.8858070760640318,0.9631760453059096,1.0,-0.0032888672610099645,0.8083009582754037,1.0,0.5301666461739007,0.21818826107208325,0.07404467582063277,0.17760041693338327,0.46983335382609925,moderate_hedge_uncertain
2024-09-18,0.1505879702070409,0.6988240595859181,0.1505879702070409,1,0.2530425462629458,0.12430980788052332,18.229999542236328,0.9007309257673008,0.9933591814099973,1.0,0.0,0.8044417548783603,1.0,0.5284711154366121,0.21776458659316839,0.07367051136004185,0.18009378661017755,0.47152888456338776,moderate_hedge_uncertain
2024-09-19,0.1505664856038661,0.6988670287922677,0.1505664856038661,1,0.253102581765097,0.13419646638031088,16.329999923706055,0.8929320466602856,0.8785222946275235,1.0,0.0,0.745176104090561,1.0,0.48955226348099723,0.21775491852173978,0.07366428082512118,0.219028537172142,0.510447736519003,moderate_hedge_uncertain
2024-09-20,0.1505664300270291,0.6988671399459419,0.1505664300270291,1,0.2531027370765901,0.13445227917135227,16.149999618530273,0.8904704825396097,0.8676880826877609,1.0,0.0,0.7437583105047653,1.0,0.488620866468957,0.2177548935121631,0.07366426470783843,0.21995997531104156,0.5113791335310431,moderate_hedge_uncertain
2024-09-21,0.150566398821649,0.698867202356702,0.150566398821649,1,0.2531028242811836,0.13445227917135227,16.149999618530273,0.8839804793482364,0.864946476685527,1.0,0.0,0.7437583105047653,1.0,0.4886208885177547,0.21775487946974204,0.07366425565827822,0.21995997635422507,0.5113791114822454,moderate_hedge_uncertain
2024-09-22,0.1505663944522787,0.6988672110954425,0.1505663944522787,1,0.2531028364915523,0.13445227917135227,16.149999618530273,0.8793673434980015,0.8622219218496224,1.0,0.0,0.7437583105047653,1.0,0.4886208916050223,0.2177548775035254,0.07366425439116082,0.21995997650029137,0.5113791083949776,moderate_hedge_uncertain
2024-09-23,0.1505663876774341,0.6988672246451317,0.1505663876774341,1,0.25310285542411,0.10875774424495628,15.890000343322754,0.7899285641116242,0.8357062791276688,1.0,0.0,0.9194747527566303,1.0,0.604059909726295,0.21775487445484534,0.07366425242645588,0.10452096339240387,0.3959400902737051,moderate_hedge_uncertain
2024-09-24,0.1505663850112076,0.6988672299775848,0.1505663850112076,1,0.2531028628749803,0.1078799254990466,15.390000343322754,0.7779106751900834,0.8171455354430738,0.8,0.0,0.926956517048056,1.0,0.6089751463956645,0.2177548732550434,0.0736642516532502,0.09960572869604185,0.3910248536043354,moderate_hedge_uncertain
2024-09-25,0.1505663817879295,0.698867236424141,0.1505663817879295,1,0.2531028718825523,0.10775965619374192,15.40999984741211,0.77630545185828,0.8288934268112054,0.8,-0.007883457467268928,0.9279910824901783,1.0,0.609654819351233,0.2177548718045683,0.07366425071849957,0.09892605812569923,0.39034518064876705,moderate_hedge_uncertain
2024-09-26,0.1505663817879082,0.6988672364241836,0.1505663817879082,1,0.2531028718826118,0.08168707541571493,15.369999885559082,0.6812262839409782,0.8221197118367891,0.8,0.0,1.22418386863636,1.0,0.7009988996831265,0.1898009385802337,0.06420772040741544,0.04499244132922436,0.2990011003168735,low_hedge_stable
2024-09-27,0.1505663817879014,0.698867236424197,0.1505663817879014,1,0.2531028718826307,0.08256097120552329,16.959999084472656,0.720526802875139,0.9306195357241409,0.8,0.0,1.2112260616589023,1.0,0.6987637354270084,0.19121978377258544,0.0646877012552091,0.04532877954519707,0.3012362645729916,low_hedge_stable
2024-09-28,0.1505663817879007,0.6988672364241985,0.1505663817879007,1,0.2531028718826328,0.08256097120552329,16.959999084472656,0.7230474230845605,0.9465786193416899,0.8,0.0,1.2112260616589023,1.0,0.698763735427009,0.1912197837725851,0.06468770125520891,0.04532877954519693,0.30123626457299096,low_hedge_stable
2024-09-29,0.1505663817879007,0.6988672364241985,0.1505663817879007,1,0.2531028718826328,0.07715180947647071,16.959999084472656,0.7052314336510972,0.9658293885489968,0.8,0.0,1.25,1.0,0.70535463478812,0.18703599018954808,0.06327236658599483,0.044337008436336985,0.2946453652118799,low_hedge_stable
2024-09-30,0.1505663817879007,0.6988672364241985,0.1505663817879007,1,0.2531028718826328,0.07704501115551239,16.729999542236328,0.7094321154371467,0.9595192448956185,0.8,-0.00943785602441527,1.25,1.0,0.70535463478812,0.18703599018954808,0.06327236658599483,0.044337008436336985,0.2946453652118799,low_hedge_stable
2024-10-01,0.1505663817949737,0.6988672364100526,0.1505663817949737,1,0.253102871862867,0.08111007889763823,19.26000022888184,0.7931494711441387,1.1264721318592865,0.8,-0.0040338438041412905,1.2328924020182628,1.0,0.7024825384165658,0.18885914932225858,0.06388912271421714,0.04476918954695854,0.29751746158343423,low_hedge_stable
2024-10-02,0.1505663817984331,0.6988672364031338,0.1505663817984331,1,0.2531028718531996,0.07682071266919015,18.899999618530277,0.7785486786030145,1.1068539470246552,0.8,-0.011707584759733658,1.25,1.0,0.7053546347788928,0.1870359901940209,0.06327236658875428,0.04433700843833203,0.29464536522110724,low_hedge_stable
2024-10-03,0.1505663861358173,0.6988672277283653,0.1505663861358173,1,0.253102859732216,0.0757879194903437,20.489999771118164,0.806840857615591,1.1946998643618876,0.8,-0.003995741963732646,1.25,1.0,0.7053546309789581,0.1870359920359892,0.06327236772513471,0.04433700925991788,0.2946453690210418,low_hedge_stable
2024-10-04,0.1505663861294386,0.6988672277411229,0.1505663861294386,1,0.2531028597500419,0.08136816331083024,19.209999084472656,0.810421600733177,1.1012384016944703,0.8,-0.003799336717508872,1.228981900672813,1.0,0.7018181431867823,0.1892808958163557,0.06403179576788645,0.04486916522897558,0.29818185681321774,low_hedge_stable
2024-10-05,0.1505663861263075,0.6988672277473849,0.1505663861263075,1,0.2531028597587916,0.08136816331083024,19.209999084472656,0.8130379026082971,1.0925931357568102,0.8,0.0,1.228981900672813,1.0,0.7018181431895444,0.18928089581501886,0.06403179576705925,0.04486916522837746,0.2981818568104556,low_hedge_stable
2024-10-06,0.1505663817891795,0.6988672364216408,0.1505663817891795,1,0.2531028718790592,0.08145415256996938,19.209999084472656,0.8191849284902329,1.087440020774362,0.8,0.0,1.227684492992542,1.0,0.7015970623273906,0.18942123485594886,0.06407927051291025,0.04490243230375021,0.2984029376726093,low_hedge_stable
2024-10-07,0.150602495075684,0.6987950098486317,0.150602495075684,1,0.253001963219474,0.0890097310284332,22.63999938964844,0.9250183307288015,1.2763338173184198,0.8,0.0,1.1234726680395888,1.0,0.6826673113841523,0.20143241448186544,0.06814713202400764,0.047753142109974646,0.31733268861584774,low_hedge_stable
2024-10-08,0.1506024982436281,0.6987950035127439,0.1506024982436281,1,0.2530019543685143,0.09325668972311613,21.420000076293945,0.9155152566974373,1.1833779635151267,0.8,-0.0033218846322300433,1.0723091318907534,1.0,0.6724851913527581,0.20789569087659024,0.070333740543959,0.049285377226692746,0.327514808647242,low_hedge_stable
2024-10-09,0.1506024983581265,0.6987950032837468,0.1506024983581265,1,0.2530019540486153,0.07568125629175908,20.86000061035156,0.845097721976852,1.1471930917457707,0.6,-0.011625894995309305,1.25,1.0,0.705322993225335,0.18705132802077182,0.06328182907861296,0.0443438496752802,0.29467700677466496,low_hedge_stable
2024-10-10,0.1505663851405048,0.6988672297189903,0.1505663851405048,1,0.2531028625136543,0.07569050793460745,20.93000030517578,0.8476558051620919,1.1358171596300262,0.6,-0.01107281157446316,1.25,1.0,0.7053546318509405,0.18703599161330725,0.06327236746436611,0.04433700907138612,0.29464536814905945,low_hedge_stable
2024-10-11,0.1505663819748095,0.698867236050381,0.1505663819748095,1,0.253102871360309,0.07790858954259046,20.459999084472656,0.8554580558229982,1.0907806688415134,0.6,-0.0036986570067540914,1.25,1.0,0.7053546346243712,0.18703599026892317,0.06327236663496431,0.04433700847174119,0.2946453653756287,low_hedge_stable
2024-10-12,0.1505663818614997,0.6988672362770005,0.1505663818614997,1,0.2531028716769576,0.07790858954259046,20.459999084472656,0.8615777255259804,1.0779367151485764,0.6,0.0,1.25,1.0,0.7053546347236409,0.1870359902208036,0.06327236660527752,0.04433700845027809,0.2946453652763592,low_hedge_stable
2024-10-13,0.1505663817934571,0.6988672364130858,0.1505663817934571,1,0.2531028718671053,0.07777532964847594,20.459999084472656,0.8630722968283965,1.0671810055675917,0.6,0.0,1.25,1.0,0.705354634783252,0.18703599019190773,0.06327236658745058,0.04433700843738947,0.2946453652167478,low_hedge_stable
2024-10-14,0.150566381790957,0.698867236418086,0.150566381790957,1,0.253102871874092,0.08176505807008873,19.700000762939453,0.8845765395085095,1.0097045968553333,0.6,0.0,1.2230163147964788,1.0,0.7007988624464309,0.18992791889941632,0.0642506765537962,0.04502254210035688,0.2992011375535694,low_hedge_stable
2024-10-15,0.1505663817932016,0.6988672364135966,0.1505663817932016,1,0.2531028718678191,0.08700225793056475,20.63999938964844,0.9282610578687528,1.0500487648704702,0.8,0.0,1.149395456837552,1.0,0.6876210357214496,0.1982929847071993,0.06708049294274532,0.04700548662860567,0.3123789642785503,low_hedge_stable
2024-10-16,0.150566381792052,0.6988672364158959,0.150566381792052,1,0.2531028718710318,0.08719318438059863,19.57999992370605,0.9061124361222812,0.9839586964045326,0.8,-0.0024697689948445234,1.1468786317460269,1.0,0.6871499836759659,0.1985920007319091,0.06718164701199437,0.04707636858013063,0.31285001632403414,low_hedge_stable
2024-10-17,0.1505663817919915,0.6988672364160169,0.1505663817919915,1,0.2531028718712008,0.08681811536304426,19.11000061035156,0.897705888553575,0.9530104157181767,0.8,-0.006812431185116652,1.1518333424059428,1.0,0.6880759628530304,0.19800420451068007,0.06698280154940997,0.046937031086879466,0.31192403714696953,low_hedge_stable
2024-10-18,0.1505663817883062,0.6988672364233874,0.1505663817883062,1,0.2531028718814995,0.08732752299279568,18.030000686645508,0.8834406557672556,0.8916664335240225,0.8,-0.007375173960517345,1.1451143531031995,1.0,0.6868189312661539,0.19880214731060494,0.06725273745433408,0.04712618396890714,0.3131810687338461,low_hedge_stable
2024-10-19,0.1505663817879259,0.6988672364241483,0.1505663817879259,1,0.2531028718825625,0.08732752299279568,18.030000686645508,0.8898848493206083,0.8891909064113745,0.8,0.0,1.1451143531031995,1.0,0.6868189312664986,0.19880214731043916,0.06725273745423015,0.047126183968831954,0.31318106873350127,low_hedge_stable
2024-10-20,0.150566381787914,0.698867236424172,0.150566381787914,1,0.2531028718825957,0.0867450180711028,18.030000686645508,0.8910384233925192,0.8902842087854134,0.8,0.0,1.1528039560500456,1.0,0.6882567178219993,0.1978894642553523,0.06694398609156439,0.04690983183108409,0.3117432821780008,low_hedge_stable
2024-10-21,0.1505663817879098,0.6988672364241805,0.1505663817879098,1,0.2531028718826075,0.0792228735307268,18.3700008392334,0.8595200148264854,0.901990162131238,0.8,-0.014712770984155021,1.25,1.0,0.7053546347881121,0.18703599018955197,0.0632723665859972,0.044337008436338705,0.2946453652118879,low_hedge_stable
2024-10-22,0.1505663817879055,0.698867236424189,0.1505663817879055,1,0.2531028718826195,0.0794374031067441,18.200000762939453,0.8590816089818071,0.8960064286195708,0.8,-0.016466825175970312,1.25,1.0,0.705354634788116,0.18703599018955014,0.06327236658599608,0.044337008436337894,0.2946453652118841,low_hedge_stable
2024-10-23,0.1505663817879156,0.6988672364241687,0.1505663817879156,1,0.2531028718825912,0.08708443384905451,19.239999771118164,0.9301433518731883,0.9592600473073807,0.8,-0.02236048046947925,1.1483108470720766,1.0,0.6874182128868908,0.19842173327884083,0.06712404726985657,0.047036006564411745,0.31258178711310913,low_hedge_stable
2024-10-24,0.1505663817879746,0.6988672364240508,0.1505663817879746,1,0.2531028718824266,0.08175828106004142,19.07999992370605,0.9056918016919087,0.958439103722519,0.8,-0.01637747532965994,1.22311769160805,1.0,0.7008162419691116,0.1899168866671121,0.0642469444618446,0.04501992690193159,0.29918375803088826,low_hedge_stable
2024-10-25,0.1505663817886015,0.6988672364227969,0.1505663817886015,1,0.2531028718806745,0.08179858679272986,20.32999992370605,0.944168849427893,1.0193643337521339,0.8,-0.0163396095250119,1.2225150081552247,1.0,0.700712891324168,0.18998249194203354,0.06426913805685643,0.045035478676941756,0.2992871086758317,low_hedge_stable
2024-10-26,0.150566381789253,0.698867236421494,0.150566381789253,1,0.2531028718788537,0.08179858679272986,20.32999992370605,0.9467461601537861,1.0164506321425415,0.8,0.0,1.2225150081552247,1.0,0.700712891323592,0.1899824919423122,0.064269138057029,0.045035478677066546,0.29928710867640773,low_hedge_stable
2024-10-27,0.1505663817892671,0.6988672364214659,0.1505663817892671,1,0.2531028718788145,0.07364531421139585,20.32999992370605,0.9114009847686148,1.0132589956637683,0.8,0.0,1.25,1.0,0.705354634786923,0.1870359901901284,0.06327236658635282,0.04433700843659581,0.29464536521307705,low_hedge_stable
2024-10-28,0.1505663817886958,0.6988672364226084,0.1505663817886958,1,0.2531028718804109,0.06711537268504922,19.799999237060547,0.8740779229241735,0.9969171902699963,0.8,-0.012122358755261242,1.25,1.0,0.7053546347874236,0.18703599018988576,0.06327236658620315,0.04433700843648759,0.2946453652125765,low_hedge_stable
2024-10-29,0.1505663817880524,0.6988672364238951,0.1505663817880524,1,0.2531028718822089,0.06307866450707854,19.34000015258789,0.84660076731293,0.9826297626225423,0.8,-0.004065069618179651,1.25,1.0,0.7053546347879872,0.18703599018961253,0.06327236658603456,0.04433700843636572,0.29464536521201284,low_hedge_stable
2024-10-30,0.1505663819214193,0.6988672361571613,0.1505663819214193,1,0.25310287150951,0.06381490543571104,20.350000381469727,0.8728767298369186,1.0372029059310013,0.8,0.0,1.25,1.0,0.7053546346711458,0.18703599024624978,0.06327236662097627,0.04433700846162804,0.2946453653288541,low_hedge_stable
2024-10-31,0.1402128566458133,0.611774267058283,0.2480128762959038,1,0.16086842140667,0.09215350965321797,23.15999984741211,1.071223146424555,1.1987924298128307,0.4,-0.0016184913648176202,1.085145865592196,1.0,0.6479257628821659,0.21761004587628657,0.07934766959899535,0.05511652164255205,0.352074237117834,moderate_hedge_uncertain
2024-11-01,0.1340582654487574,0.5769787643973756,0.288962970153867,1,0.1394308036069061,0.09392292007312453,21.8799991607666,1.050006035464616,1.1254227389201774,0.4,-0.010011910966640558,1.0647028427368326,1.0,0.6331088037400711,0.22457574032210073,0.0841002691931224,0.05821518674470575,0.3668911962599289,moderate_hedge_uncertain
2024-11-02,0.1328982487356514,0.5703319155989655,0.2967698356653832,1,0.1361926890464311,0.09392292007312453,21.8799991607666,1.0521011702218799,1.1214340256953252,0.4,0.0,1.0647028427368326,1.0,0.6311040242982634,0.2253956552423874,0.08482217984955108,0.058678140609798056,0.3688959757017365,moderate_hedge_uncertain
2024-11-03,0.1433316799336965,0.6572650728529656,0.1994032472133378,1,0.2028204087997263,0.08793576433419237,21.8799991607666,1.0047310003149548,1.1233585361095852,0.4,0.0,1.1371937317785576,1.0,0.6731016405635569,0.20480868149311895,0.07193688183842425,0.050152796104899824,0.326898359436443,low_hedge_stable
2024-11-04,0.1494980806373923,0.6920369565005932,0.1584649628620145,1,0.2437784396087206,0.08450801536394464,21.979999542236328,0.9931519731222144,1.1191440032164537,0.4,-0.013339560572212639,1.183319707241226,1.0,0.6918323360302703,0.19518788111316174,0.06645311879643322,0.0465266640601347,0.3081676639697296,low_hedge_stable
2024-11-05,0.1506581009799525,0.6986837980400951,0.1506581009799525,1,0.2528466319044654,0.09468795488405858,20.489999771118164,1.0141893825374608,1.0345270818525316,0.6,-0.01231456084648308,1.056100536994867,1.0,0.6690699181923425,0.21005538818746156,0.07107178100380208,0.04980291261639387,0.3309300818076575,low_hedge_stable
2024-11-06,0.1505781957554317,0.6988436084891365,0.1505781957554317,1,0.2530698585122997,0.13063500371223535,16.270000457763672,1.1591049781200133,0.8047250146085054,0.6,-0.007543096627974921,0.7654916152510045,1.0,0.5028902632249167,0.21776018808994427,0.0736676767690752,0.20568187191606394,0.4971097367750834,moderate_hedge_uncertain
2024-11-07,0.1505663932328586,0.6988672135342827,0.1505663932328586,1,0.2531028398992676,0.13256133710022663,15.199999809265137,1.1529237778769912,0.7523901176848745,0.6,-0.0009533372705222698,0.7543677680649242,1.0,0.495590902143715,0.21775487695478637,0.073664254037529,0.21298996686396968,0.5044090978562851,moderate_hedge_uncertain
2024-11-08,0.1505664029996491,0.6988671940007017,0.1505664029996491,1,0.2531028126056062,0.13303307033938616,14.9399995803833,1.1499089951938906,0.7407739223304972,0.6,0.0,0.7516927914606938,1.0,0.4938335373861031,0.21775488134984214,0.07366425686989825,0.21474732439415656,0.506166462613897,moderate_hedge_uncertain
2024-11-09,0.1505664148384925,0.6988671703230149,0.1505664148384926,1,0.2531027795215175,0.13303307033938616,14.9399995803833,1.1529698035915337,0.7468588172491814,0.6,0.0,0.7516927914606938,1.0,0.4938335289318885,0.2177548866773216,0.07366426030316282,0.21474732408762698,0.5061664710681114,moderate_hedge_uncertain
2024-11-10,0.1505664129008748,0.6988671741982504,0.1505664129008748,1,0.2531027849362623,0.13269767504015287,14.9399995803833,1.1507469098070313,0.752044591802304,0.8,0.0,0.753592705898887,1.0,0.4950817017294233,0.21775488580539365,0.0736642597412537,0.2134991527239294,0.5049182982705767,moderate_hedge_uncertain
2024-11-11,0.1505664173126859,0.6988671653746281,0.1505664173126859,1,0.2531027726072923,0.13253556945878392,14.970000267028809,1.1729412437383808,0.7586775032643149,0.8,0.0,0.7545144326791318,1.0,0.4956872379510553,0.21775488779070867,0.07366426102067891,0.21289361323755712,0.5043127620489447,moderate_hedge_uncertain
2024-11-12,0.1505664055227492,0.6988671889545014,0.1505664055227492,1,0.2531028055547086,0.1278585109614417,14.710000038146973,1.1423370225516696,0.7480686323162955,0.6,-0.012572521630135447,0.782114536201325,1.0,0.5138194632592807,0.21775488248523717,0.07366425760159727,0.19476139665388492,0.48618053674071937,moderate_hedge_uncertain
2024-11-13,0.1505664026601954,0.6988671946796092,0.1505664026601954,1,0.2531028135542222,0.12790643069664928,14.020000457763672,1.128802258745786,0.7233016986695939,0.6,-0.01911007160121636,0.7818215194915893,1.0,0.5136269645667039,0.2177548811970879,0.07366425677145666,0.19495389746475156,0.48637303543329613,moderate_hedge_uncertain
2024-11-14,0.1505664188856904,0.6988671622286192,0.1505664188856904,1,0.2531027682114729,0.13089588522984352,14.3100004196167,1.1510580444564487,0.7578525463276755,0.6,-0.028057705493303553,0.7639659552659533,1.0,0.5018965270795316,0.21775488849856067,0.0736642614768502,0.20668432294505756,0.4981034729204684,moderate_hedge_uncertain
2024-11-15,0.1505665222715934,0.6988669554568131,0.1505665222715934,1,0.2531024792958281,0.14009585903717828,16.139999389648438,1.2337239946329093,0.8812838109626305,0.6,-0.01125772345982079,0.7137969722107366,1.0,0.46893734644051366,0.217754935022217,0.07366429145876208,0.23964342707850728,0.5310626535594863,moderate_hedge_uncertain
2024-11-16,0.1505667140850526,0.6988665718298949,0.1505667140850526,1,0.2531019432666698,0.14009585903717828,16.139999389648438,1.2315184702016324,0.891753206893182,0.6,0.0,0.7137969722107366,1.0,0.4689372163704405,0.21775502133827362,0.07366434708466524,0.23964341520662052,0.5310627836295594,moderate_hedge_uncertain
2024-11-17,0.1505679756933918,0.6988640486132164,0.1505679756933918,1,0.2530984176756257,0.13980001498924033,16.139999389648438,1.2292772466711195,0.9042187916198459,0.6,0.0,0.7153075055656931,1.0,0.46992872149680426,0.2177555890620263,0.07366471295108362,0.23865097649008582,0.5300712785031958,moderate_hedge_uncertain
2024-11-18,0.1505723837547635,0.698855232490473,0.1505723837547635,1,0.2530860994715801,0.14034860305819113,15.579999923706056,1.2167935365917912,0.8795226895422782,0.4,-0.0054310116378541995,0.7125115449744672,1.0,0.4680889022889586,0.21775757268964357,0.07366599128888142,0.24048753373251638,0.5319110977110414,moderate_hedge_uncertain
2024-11-19,0.1505723185815542,0.6988553628368916,0.1505723185815542,1,0.2530862815938399,0.14007415452466207,16.350000381469727,1.2323488178316353,0.927564478704365,0.6,0.0,0.7139075751650785,1.0,0.4690060772287989,0.2177575433616994,0.07366597238865072,0.23957040702085108,0.5309939227712012,moderate_hedge_uncertain
2024-11-20,0.1505710228078718,0.6988579543842562,0.1505710228078718,1,0.2530899025636804,0.11737530321291723,17.15999984741211,1.1363897966012904,0.9712069412607234,0.6,0.0,0.8519679801687187,1.0,0.5597067784700923,0.2177569602635423,0.07366559661428283,0.14887066465208254,0.4402932215299077,moderate_hedge_uncertain
2024-11-21,0.1505665106147592,0.6988669787704815,0.1505665106147592,1,0.2531025118712638,0.11774466029029386,16.8700008392334,1.1424064633537316,0.9678054901422468,0.6,0.0,0.84929541393601,1.0,0.5579546565392186,0.21775492977664163,0.07366428807828017,0.15062612560585953,0.44204534346078134,moderate_hedge_uncertain
2024-11-22,0.150566381790688,0.698867236418624,0.150566381790688,1,0.2531028718748436,0.11757038912653028,15.239999771118164,1.102883880832877,0.8856522467129576,0.6,-0.009085734683649704,0.8505542997937953,1.0,0.5587818005703956,0.2177548718058096,0.07366425071929952,0.14979907690449532,0.4412181994296045,moderate_hedge_uncertain
2024-11-23,0.1505663817891452,0.6988672364217097,0.1505663817891451,1,0.2531028718791551,0.11757038912653028,15.239999771118164,1.09906297024791,0.9048210612413308,0.6,0.0,0.8505542997937953,1.0,0.5587818005716422,0.21775487180511532,0.07366425071885209,0.14979907690439037,0.44121819942835777,moderate_hedge_uncertain
2024-11-24,0.150566381788108,0.6988672364237839,0.150566381788108,1,0.2531028718820534,0.11677630379694155,15.239999771118164,1.0892900636030203,0.9228541653148178,0.6,0.0,0.8563381161120384,1.0,0.5625815477459081,0.2177548718046486,0.07366425071855132,0.14599932973089197,0.43741845225409187,moderate_hedge_uncertain
2024-11-25,0.1505663818069611,0.6988672363860777,0.1505663818069611,1,0.2531028718293677,0.11097459549202422,14.600000381469728,1.0540439948934013,0.9088645928340238,0.6,-0.017253814051347183,0.9011071367877799,1.0,0.591993090283986,0.2177548718131325,0.07366425072401872,0.11658778717886292,0.4080069097160141,moderate_hedge_uncertain
2024-11-26,0.1505663818356051,0.6988672363287898,0.1505663818356051,1,0.2531028717493212,0.07181722180427556,14.100000381469728,0.8380375856651667,0.9028162946134214,0.8,-0.024641863908516082,1.25,1.0,0.7053546347463268,0.18703599020980685,0.06327236659849322,0.04433700844537313,0.29464536525367324,low_hedge_stable
2024-11-27,0.1505663825250193,0.6988672349499613,0.1505663825250193,1,0.2531028698227271,0.06813860457875151,14.100000381469728,0.8318229180712915,0.9169762655724717,0.6,-0.007772031329252083,1.25,1.0,0.7053546341423386,0.1870359905025822,0.06327236677911749,0.04433700857596174,0.29464536585766143,low_hedge_stable
2024-11-28,0.1505663828289883,0.6988672343420234,0.1505663828289883,1,0.2531028689732743,0.0664345275203657,14.100000381469728,0.8260489278388323,0.9238538889046805,0.6,0.0,1.25,1.0,0.7053546338760347,0.1870359906316695,0.06327236685875637,0.04433700863353945,0.29464536612396536,low_hedge_stable
2024-11-29,0.1505663830214791,0.6988672339570418,0.1505663830214791,1,0.2531028684353517,0.06992572286242568,13.510000228881836,0.8244273325079027,0.8831087350089812,0.6,-0.0052809516865574,1.25,1.0,0.7053546337073956,0.18703599071341506,0.0632723669091883,0.04433700867000099,0.2946453662926044,low_hedge_stable
2024-11-30,0.1505663829403778,0.6988672341192442,0.1505663829403778,1,0.253102868661992,0.06992572286242568,13.510000228881836,0.8240633638174873,0.887324434570667,0.6,0.0,1.25,1.0,0.7053546337784476,0.18703599067897358,0.06327236688794005,0.04433700865463881,0.2946453662215524,low_hedge_stable
2024-12-01,0.1505663826560841,0.6988672346878317,0.1505663826560841,1,0.2531028694564616,0.06990260862804594,13.510000228881836,0.7978609699462215,0.8926289237755716,0.8,0.0,1.25,1.0,0.7053546340275143,0.18703599055824185,0.06327236681345604,0.044337008600788,0.29464536597248586,low_hedge_stable
2024-12-02,0.1505663825092417,0.6988672349815165,0.1505663825092417,1,0.2531028698668182,0.06886862879055605,13.34000015258789,0.790344679293604,0.8804363249032694,1.0,-0.010483204385966505,1.25,1.0,0.7053546341561612,0.18703599049588185,0.0632723667749838,0.04433700857297315,0.2946453658438388,low_hedge_stable
2024-12-03,0.1505663819705032,0.6988672360589936,0.1505663819705032,1,0.2531028713723433,0.06886903057722647,13.300000190734863,0.7885089434368897,0.8799294151646213,1.0,-0.012090736046314832,1.25,1.0,0.7053546346281441,0.1870359902670944,0.06327236663383608,0.04433700847092548,0.2946453653718559,low_hedge_stable
2024-12-04,0.1505663819329034,0.6988672361341933,0.1505663819329034,1,0.2531028714774176,0.06640330925651075,13.449999809265137,0.7801206691347722,0.879719941677569,1.0,0.0,1.25,1.0,0.7053546346610848,0.18703599025112674,0.06327236662398505,0.04433700846380334,0.2946453653389151,low_hedge_stable
2024-12-05,0.1505663818585876,0.6988672362828249,0.1505663818585876,1,0.2531028716850959,0.042792238380819865,13.539999961853027,0.6728706973082392,0.8822061550436725,1.0,-0.004756465703969925,1.25,1.0,0.7053546347261921,0.18703599021956688,0.06327236660451456,0.04433700844972647,0.2946453652738079,low_hedge_stable
2024-12-06,0.1505663817890905,0.698867236421819,0.1505663817890905,1,0.253102871879308,0.04228493522804131,12.770000457763672,0.6627102670422299,0.8380460856067561,1.0,-2.8380031796282346e-05,1.25,1.0,0.7053546347870777,0.18703599019005335,0.06327236658630653,0.044337008436562346,0.29464536521292223,low_hedge_stable
2024-12-07,0.1505663817881216,0.6988672364237568,0.1505663817881216,1,0.2531028718820155,0.04228493522804131,12.770000457763672,0.6643159755039332,0.8482831201448329,1.0,0.0,1.25,1.0,0.7053546347879265,0.18703599018964193,0.0632723665860527,0.044337008436378826,0.29464536521207346,low_hedge_stable
2024-12-08,0.1505663817881631,0.6988672364236737,0.1505663817881631,1,0.2531028718818995,0.04190089413277845,12.770000457763672,0.6639863547836744,0.8612379618363961,1.0,0.0,1.25,1.0,0.7053546347878903,0.18703599018965955,0.06327236658606358,0.044337008436386695,0.2946453652121099,low_hedge_stable
2024-12-09,0.1505663817884447,0.6988672364231107,0.1505663817884447,1,0.2531028718811127,0.0475799915771778,14.1899995803833,0.7397384589297431,0.9773689187149657,1.0,-0.001889049955174471,1.25,1.0,0.7053546347876435,0.18703599018977915,0.06327236658613736,0.044337008436440034,0.2946453652123565,low_hedge_stable
2024-12-10,0.1505663817891215,0.6988672364217571,0.1505663817891215,1,0.2531028718792213,0.049931678340171204,14.18000030517578,0.7528038081517916,0.990834955271978,1.0,-0.006008008114309571,1.25,1.0,0.7053546347870507,0.18703599019006656,0.06327236658631467,0.04433700843656823,0.2946453652129495,low_hedge_stable
2024-12-11,0.1505663817890838,0.6988672364218322,0.1505663817890838,1,0.2531028718793264,0.053244576438454184,13.579999923706056,0.7502794327465481,0.9571351973286455,1.0,0.0,1.25,1.0,0.7053546347870835,0.18703599019005054,0.0632723665863048,0.04433700843656109,0.2946453652129164,low_hedge_stable
2024-12-12,0.1505663817901087,0.6988672364197827,0.1505663817901087,1,0.2531028718764626,0.05715947779051334,13.920000076293944,0.7790922805115476,0.9949092500329921,0.8,-0.002061790939243413,1.25,1.0,0.7053546347861857,0.18703599019048575,0.06327236658657331,0.04433700843675522,0.2946453652138143,low_hedge_stable
2024-12-13,0.1505663817896766,0.6988672364206469,0.1505663817896766,1,0.2531028718776702,0.057197966147009956,13.8100004196167,0.7791463854412382,0.9923541589957774,0.8,-0.0024857432496931953,1.25,1.0,0.7053546347865643,0.1870359901903023,0.06327236658646011,0.044337008436673375,0.29464536521343576,low_hedge_stable
2024-12-14,0.1505663817899532,0.6988672364200936,0.1505663817899532,1,0.2531028718768972,0.057197966147009956,13.8100004196167,0.7824543689200429,0.9976314332630014,0.8,0.0,1.25,1.0,0.7053546347863219,0.18703599019041978,0.06327236658653258,0.04433700843672578,0.2946453652136781,low_hedge_stable
2024-12-15,0.1505663817885677,0.6988672364228646,0.1505663817885677,1,0.2531028718807688,0.056366723647953705,13.8100004196167,0.7751295548819099,1.0040005041245579,0.8,0.0,1.25,1.0,0.7053546347875357,0.18703599018983133,0.06327236658616957,0.04433700843646332,0.2946453652124642,low_hedge_stable
2024-12-16,0.1505663817882888,0.6988672364234224,0.1505663817882888,1,0.2531028718815482,0.05541667813354132,14.6899995803833,0.7932073459035669,1.0673101242411076,0.8,0.0,1.25,1.0,0.70535463478778,0.1870359901897129,0.06327236658609649,0.04433700843641049,0.29464536521221985,low_hedge_stable
2024-12-17,0.1505663822688198,0.6988672354623603,0.1505663822688198,1,0.2531028705386863,0.05646660014590669,15.869999885559082,0.8088051375419745,1.1474613654319694,0.8,0.0,1.25,1.0,0.7053546343667921,0.18703599039378127,0.06327236671199406,0.04433700852743252,0.2946453656332078,low_hedge_stable
2024-12-18,0.1505663822688156,0.5161002839169362,0.3333333338142482,1,0.0964457241639965,0.12142486328986851,27.6200008392334,1.4218802157901633,1.939346155241745,0.4,0.0,0.8235545611550533,1.0,0.48836250479287324,0.24516991475278188,0.09559628504340843,0.17087129541093649,0.5116374952071268,moderate_hedge_uncertain
2024-12-19,0.1505663822687935,0.3333333323715478,0.5161002853596587,2,0.0964457247380985,0.11843590606293226,24.09000015258789,1.320997363651943,1.6412087913857432,0.4,-0.028319642499725406,0.8443385399260919,1.0,0.44667625583219656,0.27258495748458683,0.11752831922885394,0.16321046745436263,0.5533237441678034,high_hedge_risk_off
2024-12-20,0.1505665339562975,0.1505665339562975,0.6988669320874049,2,0.2531024466425116,0.12758091079215975,18.36000061035156,1.2164679057249623,1.2259808269587653,0.4,-0.04895856210418048,0.7838163200050248,1.0,0.3645189946584148,0.3,0.13946034262305917,0.19602066271852603,0.6354810053415851,high_hedge_risk_off
2024-12-21,0.1505671436406576,0.1505671436406576,0.6988657127186849,2,0.2531007428614036,0.12758091079215975,18.36000061035156,1.212301979161382,1.2069357560158984,0.2,0.0,0.7838163200050248,1.0,0.36451904244647,0.30000000000000004,0.139460299945154,0.19602065760837611,0.6354809575535301,high_hedge_risk_off
2024-12-22,0.1506729153261156,0.1506729153261156,0.6986541693477689,2,0.2528052580567564,0.12726435037717287,18.36000061035156,1.2061453480146582,1.189605552567543,0.2,0.0,0.7857660036265488,1.0,0.36543406708500326,0.3,0.1394528959271719,0.19511303698782478,0.6345659329149966,high_hedge_risk_off
2024-12-23,0.1463686115008382,0.309912801487488,0.5437185870116736,2,0.111954069915557,0.12950905829196266,16.780000686645508,1.1769453948889383,1.0715304461153763,0.2,-0.05438091788685784,0.7721467619242662,0.85,0.34252100536362956,0.27546837150200254,0.12012889439654335,0.2618817287378246,0.6574789946363705,high_hedge_risk_off
2024-12-24,0.1463685404897824,0.4926780660019519,0.3609533935082655,1,0.091721312722341,0.1340069484648627,14.270000457763672,1.1280758914787876,0.9058920582862869,0.2,-0.05979522615856292,0.746229961547259,0.85,0.37159894728299986,0.24805357117317456,0.09819705910425489,0.28215042243957067,0.6284010527170001,high_hedge_risk_off
2024-12-25,0.1462627703977258,0.6753392426751238,0.1783979869271503,1,0.222858217037057,0.13391892905365974,14.270000457763672,1.1222364791386499,0.902194037293633,0.4,0.0,0.7467204278487859,1.0,0.4852212057912243,0.22063852915839027,0.07627242939887142,0.21786783565151402,0.5147787942087757,moderate_hedge_uncertain
2024-12-26,0.1505669290391408,0.6988661419217185,0.1505669290391408,1,0.2531013425710021,0.1336889600682641,14.729999542236328,1.1243881894499728,0.9272498062877353,0.4,-0.06475664325034292,0.7480049208920326,0.85,0.41769881710184253,0.21775511806761333,0.07366440942135082,0.2908816554091932,0.5823011828981574,high_hedge_risk_off
2024-12-27,0.1505782574333073,0.6988434851333855,0.1505782574333073,1,0.2530696861637901,0.13847742155161344,15.949999809265137,1.1703503473751395,1.004098052511357,0.0,-0.06255762718807367,0.7221393847424282,0.85,0.4032484508057322,0.21776021584498823,0.0736676946556591,0.3053236386936204,0.5967515491942676,high_hedge_risk_off
2024-12-28,0.1506004037605438,0.6987991924789124,0.1506004037605438,1,0.253007806209771,0.13847742155161344,15.949999809265137,1.164568827361835,0.9944944396619443,0.0,0.0,0.7221393847424282,1.0,0.4743947490260222,0.2177701816922447,0.0736741170905577,0.2341609521911754,0.5256052509739778,moderate_hedge_uncertain
2024-12-29,0.1506627741209362,0.6986744517581276,0.1506627741209362,1,0.2528335802387254,0.13756473144645767,15.949999809265137,1.1436542830294936,0.984174765741545,0.2,0.0,0.7269305071766999,1.0,0.47749910727719824,0.2177982483544213,0.0736922044950715,0.23101043987330896,0.5225008927228018,moderate_hedge_uncertain
2024-12-30,0.1460252239450735,0.5459443198675388,0.3080304561873876,1,0.1133371351559131,0.14263518186427315,17.399999618530273,1.198725014177085,1.070423413176734,0.0,-0.05625599551047389,0.7010893013419133,0.85,0.3602814315203548,0.24001213561163018,0.09178794281314902,0.3079184900548661,0.6397185684796454,high_hedge_risk_off
2024-12-31,0.1460116538351662,0.3632302419741126,0.4907581041907212,2,0.0914811615974309,0.13905131182528607,17.350000381469727,1.1645569006101237,1.0666883830125933,0.0,-0.05783493041943111,0.7191589830209376,0.85,0.3304776593008459,0.26741721177915806,0.1137129536548648,0.28839217526513133,0.6695223406991542,high_hedge_risk_off
2025-01-01,0.145951017374802,0.1805897860030962,0.6734591966221019,2,0.2206514013959718,0.138499816673971,17.350000381469727,1.1598852611675161,1.0511980829925565,0.0,0.0,0.7220226163576832,1.0,0.3442016619268028,0.2948041847057559,0.1356267765483686,0.22536737681907287,0.6557983380731973,high_hedge_risk_off
2025-01-02,0.1505804118718968,0.1505804118718968,0.6988391762562064,2,0.2530636659867145,0.1384876182111293,17.93000030517578,1.1749061172700257,1.0749186165602116,0.2,-0.04644935880107981,0.722086214578017,1.0,0.3358120005199253,0.3,0.13945937116896723,0.22472862831110746,0.6641879994800747,high_hedge_risk_off
2025-01-03,0.1500751452295387,0.1543637577829488,0.6955610969875125,2,0.2485343918472555,0.14705932783741632,16.1299991607666,1.1669906104068217,0.9514700683358258,0.0,-0.0485410055066362,0.6799976680877838,1.0,0.31722471180638273,0.29935670811698845,0.13898010632752308,0.24443847374910568,0.6827752881936172,high_hedge_risk_off
2025-01-04,0.1459804267613336,0.1807775858419389,0.6732419873967275,2,0.2203855951923576,0.14705932783741632,16.1299991607666,1.1603377217483133,0.9452319826136608,0.0,0.0,0.6799976680877838,1.0,0.3242072810787313,0.2947804261379092,0.135605711037034,0.24540658174632546,0.6757927189212687,high_hedge_risk_off
2025-01-05,0.1384586193123472,0.2326772415265334,0.6288641391611193,2,0.1764902866135126,0.14587717449122095,16.1299991607666,1.1519403475191012,0.9455814582067863,0.0,0.0,0.685508204753569,1.0,0.3405758175937931,0.2858672066678721,0.12900166198243337,0.2445553137559015,0.659424182406207,high_hedge_risk_off
2025-01-06,0.1294938041994678,0.3486830926073055,0.5218231031932267,2,0.1157221974416314,0.14730936274599526,16.040000915527344,1.1592275697933587,0.9302645658362584,0.0,-0.04150272459540583,0.6788434769922226,1.0,0.3663484936074515,0.26712160673882435,0.11463271909709671,0.25189718055662746,0.6336515063925485,high_hedge_risk_off
2025-01-07,0.1335868409709377,0.5050343568335305,0.3613788021955317,1,0.1063854105276386,0.10793246865673617,17.81999969482422,1.0462728608058933,1.0428556065125754,0.4,-0.04890432512182752,0.9265052605999011,1.0,0.5497560854798154,0.24428287262061105,0.09607521922852322,0.1098858226710504,0.45024391452018464,moderate_hedge_uncertain
2025-01-08,0.1411049373386884,0.6358979406907314,0.2229971219705803,1,0.1818500752665955,0.10796348755826965,17.700000762939453,1.0379461541060577,1.0540216780467924,0.6,-0.05275006397329962,0.9262390671293235,0.85,0.5017389215762966,0.22578104949719352,0.08074749398404665,0.19173253494246315,0.49826107842370326,moderate_hedge_uncertain
2025-01-09,0.1505759261102611,0.6988481477794778,0.1505759261102611,1,0.2530762007019697,0.098992323841359,17.700000762939453,1.0058882823103301,1.0681106098919555,0.2,0.0,1.0101793363317328,1.0,0.6592317050825642,0.21631260986834144,0.07317765440775245,0.05127803064134199,0.34076829491743593,low_hedge_stable
2025-01-10,0.1476479297296848,0.5348998628527208,0.3174522074175943,1,0.1067214613640633,0.11263673253563289,19.540000915527344,1.108661175286536,1.1899171592350033,0.2,-0.04104140973068171,0.8878098445226541,1.0,0.5329548860769057,0.24191221003154462,0.09319441294415774,0.13193849094739205,0.46704511392309445,moderate_hedge_uncertain
2025-01-11,0.1476846044323852,0.3521695869323902,0.5001458086352246,2,0.0929094720943977,0.11263673253563289,19.540000915527344,1.1061641565893787,1.1857851328234235,0.2,0.0,0.8878098445226541,1.0,0.4761663377873364,0.26932725262499924,0.11512387978973243,0.13938252979793195,0.5238336622126636,moderate_hedge_uncertain
2025-01-12,0.1476957122267679,0.1694421976625377,0.6828620901106944,2,0.2319671608829373,0.10975881183558098,19.540000915527344,1.088852373373913,1.1820784808893539,0.2,0.0,0.91108857983813,1.0,0.4303807896834964,0.2967380271846345,0.13705172189183387,0.13582946124003528,0.5696192103165036,high_hedge_risk_off
2025-01-13,0.1470250471052785,0.1737745912908649,0.6792003616038566,2,0.2274658038661837,0.10039418791222711,19.190000534057617,1.036988850661563,1.1542192764422219,0.2,-0.04833747268035937,0.9960735982786998,1.0,0.47220347615137814,0.295987568372162,0.13649830140036012,0.09531065407609968,0.5277965238486217,moderate_hedge_uncertain
2025-01-14,0.1366541174785017,0.273841577329919,0.5895043051915791,2,0.1460123024470987,0.10081446850945808,18.709999084472656,1.0327984535416226,1.1108513572482042,0.2,-0.04433189811767535,0.9919211148806318,1.0,0.5075472104957257,0.2794218810222874,0.1239717165943348,0.08905919188765211,0.4924527895042743,moderate_hedge_uncertain
2025-01-15,0.1366381548947138,0.456578676178582,0.4067831689267042,1,0.0935714633624844,0.1228844904529016,16.1200008392334,1.0726499092348734,0.9402194832182174,0.4,-0.037681744973207754,0.8137723453256078,1.0,0.46844235250294186,0.25200892180741974,0.10204246660330585,0.1775062590863325,0.531557647497058,moderate_hedge_uncertain
2025-01-16,0.1402367630579639,0.616194674154643,0.243568562787393,1,0.1645398429775598,0.11742191226981868,16.600000381469727,1.0667983272770563,0.9574440101595915,0.4,-0.039995445113668926,0.851629802878822,1.0,0.53704537168547,0.22860631333549813,0.08306847725434104,0.151279837724691,0.46295462831453016,moderate_hedge_uncertain
2025-01-17,0.1505710177381789,0.6988579645236421,0.1505710177381789,1,0.2530899167307217,0.12299066293830518,15.970000267028809,1.087465012174415,0.9112866331680048,0.8,-0.029152989171626675,0.813069851084242,1.0,0.5341523636459089,0.2177569579821805,0.0736655951440719,0.17442508322783873,0.46584763635409115,moderate_hedge_uncertain
2025-01-18,0.1505663877493441,0.6988672245013118,0.1505663877493441,1,0.2531028552231548,0.12299066293830518,15.970000267028809,1.0927355583302019,0.9112341406519053,0.8,0.0,0.813069851084242,1.0,0.5341559399250247,0.21775487448720485,0.07366425244730979,0.17442493314046062,0.46584406007497525,moderate_hedge_uncertain
2025-01-19,0.1505663819012206,0.6988672361975587,0.1505663819012206,1,0.2531028715659561,0.11506210738989928,15.970000267028809,1.064653095089151,0.9034093015948653,0.8,0.0,0.869095849784327,1.0,0.5709628930814384,0.21775487185554923,0.07366425075135397,0.13761798431165834,0.4290371069185615,moderate_hedge_uncertain
2025-01-20,0.1505663818381528,0.6988672363236943,0.1505663818381528,1,0.2531028717422015,0.11391392801772961,15.970000267028809,1.0615924335494693,0.9033662101568741,0.8,0.0,0.8778557788336117,1.0,0.5767178330919333,0.2177548718271688,0.07366425073306432,0.13186304434783372,0.42328216690806686,moderate_hedge_uncertain
2025-01-21,0.150566381789663,0.6988672364206739,0.150566381789663,1,0.2531028718777079,0.11743141102665361,15.0600004196167,1.0579148969915089,0.8472378161874684,1.0,-0.023038585392374356,0.8515609165021685,1.0,0.5594431094340749,0.21775487180534836,0.07366425071900226,0.14913776804157441,0.44055689056592506,moderate_hedge_uncertain
2025-01-22,0.1505663817890125,0.6988672364219749,0.1505663817890125,1,0.2531028718795257,0.1173640053220482,15.100000381469728,1.060568850199736,0.8485244538647692,0.8,-0.026218334667214127,0.8520499937404048,1.0,0.5597644145645224,0.21775487180505562,0.07366425071881362,0.14881646291160827,0.4402355854354775,moderate_hedge_uncertain
2025-01-23,0.1505663817889521,0.6988672364220957,0.1505663817889521,1,0.2531028718796945,0.11140138776664603,15.020000457763672,1.031017395173007,0.8539273316653352,0.8,-0.022016939234372646,0.8976548856776483,1.0,0.5897250927220427,0.21775487180502842,0.07366425071879612,0.11885578475413286,0.41027490727795735,moderate_hedge_uncertain
2025-01-24,0.1505663817901096,0.6988672364197809,0.1505663817901095,1,0.2531028718764601,0.11240220469165664,14.850000381469728,1.0313090394951867,0.8502336016693579,0.8,-0.02339664731810487,0.8896622648489988,1.0,0.5844742450573666,0.21775487180554928,0.07366425071913177,0.12410663241795244,0.4155257549426335,moderate_hedge_uncertain
2025-01-25,0.1505663817912775,0.698867236417445,0.1505663817912775,1,0.2531028718731962,0.11240220469165664,14.850000381469728,1.0282315628015737,0.8535631948187731,0.8,0.0,0.8896622648489988,1.0,0.5844742450563793,0.21775487180607486,0.07366425071947047,0.12410663241807526,0.41552575494362065,moderate_hedge_uncertain
2025-01-26,0.1505663817949704,0.6988672364100592,0.1505663817949704,1,0.2531028718628764,0.11126513801999655,14.850000381469728,1.0173045381094656,0.8625638976362004,1.0,0.0,0.8987541091444836,1.0,0.5904472406952024,0.21775487180773667,0.07366425072054142,0.11813363677651954,0.4095527593047976,moderate_hedge_uncertain
2025-01-27,0.1505663947177158,0.6988672105645684,0.1505663947177158,1,0.2531028357497784,0.1158208511500471,17.899999618530273,1.0910212242555102,1.0467549454649447,0.8,-0.005474292259420643,0.8634023926352343,1.0,0.5672224979309375,0.21775487762297213,0.07366425446813758,0.14135836997795295,0.4327775020690626,moderate_hedge_uncertain
2025-01-28,0.1505663947605115,0.6988672104789769,0.1505663947605115,1,0.2531028356301843,0.11897802572428504,16.40999984741211,1.0638921274099375,0.9546143828383555,1.0,-0.016467506014192113,0.8404913377175719,1.0,0.5521708071538619,0.21775487764223017,0.07366425448054834,0.15641006072335956,0.44782919284613804,moderate_hedge_uncertain
2025-01-29,0.1505663947909484,0.6988672104181032,0.1505663947909484,1,0.2531028355451273,0.1206729103819283,16.559999465942383,1.0663313962923562,0.9715492508659773,1.0,-0.012875959832811201,0.8286864026358627,1.0,0.5444154142543861,0.21775487765592672,0.07366425448937503,0.16416545360031198,0.4555845857456137,moderate_hedge_uncertain
2025-01-30,0.1505663818670659,0.6988672362658682,0.1505663818670659,1,0.2531028716614026,0.10482679974920689,15.84000015258789,0.9827934771315717,0.9176499371924128,1.0,-0.007698242826848056,0.9539545253622664,1.0,0.626711813007778,0.2177548718401796,0.0736642507414491,0.08186906441059319,0.3732881869922219,moderate_hedge_uncertain
2025-01-31,0.1505663818242436,0.6988672363515128,0.1505663818242436,1,0.2531028717810714,0.10789397968841592,16.43000030517578,1.0086017891186416,0.9684246627590523,1.0,-0.006267314684995529,0.9268357723831049,1.0,0.6088958245531318,0.2177548718209096,0.07366425072903064,0.09968505289692803,0.39110417544686826,moderate_hedge_uncertain
2025-02-01,0.1505663817925636,0.6988672364148728,0.1505663817925636,1,0.2531028718696023,0.10789397968841592,16.43000030517578,1.0119650736604922,0.9780790114386448,1.0,0.0,0.9268357723831049,1.0,0.6088958245810258,0.21775487180665362,0.07366425071984345,0.09968505289247713,0.3911041754189742,moderate_hedge_uncertain
2025-02-02,0.1505663818037564,0.6988672363924872,0.1505663818037564,1,0.2531028718383235,0.10808703583306509,16.43000030517578,1.0202041431475564,0.9884084372392743,1.0,0.0,0.9251803348039344,1.0,0.607808265092102,0.21775487181169037,0.07366425072308935,0.10077261237311827,0.39219173490789805,moderate_hedge_uncertain
2025-02-03,0.150566867904657,0.698866264190686,0.150566867904657,1,0.2531015134130755,0.11221027907165555,18.6200008392334,1.0839377177066587,1.1335444334371798,1.0,0.0,0.8911839523733982,1.0,0.5854735242847509,0.21775509055709566,0.07366439169235055,0.12310699346580306,0.41452647571524925,moderate_hedge_uncertain
2025-02-04,0.1505668756447682,0.6988662487104635,0.1505668756447682,1,0.2531014917831085,0.09550808870165764,17.209999084472656,0.9684676491895807,1.053628513499269,0.8,-0.015959229056511703,1.047031736886432,1.0,0.6672430066663863,0.2112285461999202,0.07145652737353834,0.0500719197601551,0.33275699333361364,low_hedge_stable
2025-02-05,0.15056687610674,0.6988662477865201,0.15056687610674,1,0.2531014904921149,0.09562858090128876,15.770000457763672,0.9292890461805932,0.9606493962800219,0.8,-0.0207404848380236,1.045712474842888,1.0,0.6669630128812527,0.21140628147978804,0.07151665352206991,0.05011405211688931,0.33303698711874724,low_hedge_stable
2025-02-06,0.1505663904206701,0.6988672191586597,0.1505663904206701,1,0.2531028477580339,0.09014334314050117,15.5,0.8830080183869282,0.9518893319398973,0.8,-0.026899771141677853,1.1093442567815113,1.0,0.6799525426393189,0.20316081567705083,0.0687272315875702,0.04815941009606013,0.32004745736068113,low_hedge_stable
2025-02-07,0.150566391100151,0.6988672177996978,0.150566391100151,1,0.2531028458591988,0.09675546120150637,16.540000915527344,0.9285082186176322,1.0241972515465159,0.8,-0.026182635571890267,1.0335333918954346,1.0,0.6643562153405054,0.2130611053689568,0.07207639869334503,0.050506280597192824,0.3356437846594947,low_hedge_stable
2025-02-08,0.150566394865063,0.698867210269874,0.150566394865063,1,0.2531028353380113,0.09675546120150637,16.540000915527344,0.9222753338182088,1.0223741005985538,0.8,0.0,1.0335333918954346,1.0,0.6643562118015466,0.21306110705165124,0.07207639977009325,0.05050628137670909,0.3356437881984536,low_hedge_stable
2025-02-09,0.1505663984516676,0.6988672030966648,0.1505663984516676,1,0.2531028253151104,0.09675546120150637,16.540000915527344,0.9166260634045025,1.0205573952837428,0.8,0.0,1.0335333918954346,1.0,0.6643562084301937,0.21306110865465272,0.07207640079584633,0.0505062821193072,0.3356437915698062,low_hedge_stable
2025-02-10,0.1505663904315195,0.698867219136961,0.1505663904315195,1,0.2531028477277149,0.09421327173823522,15.8100004196167,0.8815346847466414,0.9753568185156717,0.8,-0.024420238875326628,1.06142158270273,1.0,0.6702671892472009,0.20930891730853748,0.07080707165680221,0.049616821787459374,0.32973281075279903,low_hedge_stable
2025-02-11,0.1505664018839569,0.6988671962320862,0.1505664018839569,1,0.2531028157234496,0.09203466894340197,16.020000457763672,0.8741726202233271,0.9903861962964012,0.4,-0.02865041302833138,1.0865470713160976,1.0,0.6754170952028533,0.20603984079717197,0.06970117791233964,0.04884188608763519,0.3245829047971468,low_hedge_stable
2025-02-12,0.1505664194272733,0.6988671611454533,0.1505664194272733,1,0.2531027666979994,0.09025057098934511,15.890000343322754,0.8699037806005959,0.9883558739944326,0.4,-0.0231826230492167,1.1080262307903392,1.0,0.6796937533571544,0.20332508667439628,0.06878280652172723,0.04819835344672215,0.3203062466428456,low_hedge_stable
2025-02-13,0.1505664192760063,0.6988671614479873,0.1505664192760063,1,0.2531027671207206,0.09784046428672528,15.100000381469728,0.8779471141661368,0.9256501537043825,0.8,-0.026270069622376657,1.0220720100729093,1.0,0.661865017756242,0.2146424720100051,0.0726113627241445,0.05088114750960829,0.33813498224375793,low_hedge_stable
2025-02-14,0.1505664041048288,0.6988671917903423,0.1505664041048288,1,0.2531028095171402,0.09784170338303869,14.770000457763672,0.8702142295801826,0.9056302058510723,0.8,-0.02659229057413337,1.0220590662502251,1.0,0.6618621977792924,0.21464426437324052,0.07261196700210722,0.050881570845359735,0.33813780222070744,low_hedge_stable
2025-02-15,0.150566382931927,0.698867234136146,0.150566382931927,1,0.2531028686856081,0.09784170338303869,14.770000457763672,0.8668987321961218,0.9058537754235375,0.8,0.0,1.0220590662502251,1.0,0.6618622177541071,0.21464425488766134,0.07261196091791948,0.050881566440311915,0.33813778224589275,low_hedge_stable
2025-02-16,0.1505663826810264,0.6988672346379472,0.1505663826810264,1,0.2531028693867595,0.08201417597334694,14.770000457763672,0.8091462372852153,0.9002988891744859,0.8,0.0,1.2193014050704858,1.0,0.7001606009648805,0.19033307658120527,0.06438773736967673,0.04511858508423746,0.2998393990351194,low_hedge_stable
2025-02-17,0.1505663821623781,0.6988672356752438,0.1505663821623781,1,0.2531028708361416,0.07678446416579672,14.770000457763672,0.7955793350925223,0.9136627729467315,0.8,0.0,1.25,1.0,0.7053546344600445,0.18703599034857837,0.06327236668410667,0.04433700850727036,0.2946453655399554,low_hedge_stable
2025-02-18,0.1505663817892759,0.6988672364214482,0.1505663817892759,1,0.2531028718787897,0.07497310083873159,15.350000381469728,0.8041751125620198,0.9459960794163877,0.8,-0.02413690459745743,1.25,1.0,0.7053546347869153,0.18703599019013212,0.06327236658635513,0.04433700843659747,0.2946453652130847,low_hedge_stable
2025-02-19,0.1505663817892103,0.6988672364215792,0.1505663817892103,1,0.253102871878973,0.07328758864050927,15.270000457763672,0.7958895730374522,0.9457388697185206,0.8,-0.020505175751135307,1.25,1.0,0.7053546347869728,0.18703599019010428,0.06327236658633795,0.044337008436585064,0.2946453652130273,low_hedge_stable
2025-02-20,0.1505663817886021,0.6988672364227956,0.1505663817886021,1,0.2531028718806726,0.07213754852847737,15.65999984741211,0.8049509628657789,0.9714260609906774,0.8,-0.01579749100209138,1.25,1.0,0.7053546347875056,0.18703599018984599,0.0632723665861786,0.04433700843646985,0.29464536521249446,low_hedge_stable
2025-02-21,0.150569659364363,0.698860681271274,0.150569659364363,1,0.2530937126645732,0.09599429302369944,18.209999084472656,0.9596721691067212,1.1428872389451017,0.6,-0.00754756371981391,1.0417285950042012,1.0,0.6661120182789216,0.21194606395390636,0.07169962980937357,0.0502422879577984,0.3338879817210783,low_hedge_stable
2025-02-22,0.150571063009593,0.6988578739808139,0.1505710630095931,1,0.2530897902216968,0.09599429302369944,18.209999084472656,0.9479181659047469,1.1365733546553918,0.6,0.0,1.0417285950042012,1.0,0.6661107023130199,0.21194669021930324,0.07170002988838013,0.05024257757929671,0.3338892976869801,low_hedge_stable
2025-02-23,0.1505792069905711,0.6988415860188578,0.1505792069905711,1,0.2530670327931068,0.09278469356905449,18.209999084472656,0.9300636270208,1.131267292810532,0.8,0.0,1.077763973274057,1.0,0.6736233640850403,0.2071766070436842,0.07008741275543066,0.049112616115844936,0.3263766359149598,low_hedge_stable
2025-02-24,0.1455465196832669,0.5488847462702935,0.3055687340464397,1,0.1152110691984235,0.0908937611204459,18.979999542236328,0.9696056109739672,1.1839918394386983,0.4,-0.022966341945322544,1.100185521726702,1.0,0.628280697423582,0.22579685650202053,0.08618127360135269,0.05974117247304478,0.371719302576418,moderate_hedge_uncertain
2025-02-25,0.1455453721064435,0.3661208580841426,0.4883337698094139,2,0.0912205087938973,0.09071997083995322,19.43000030517578,0.9836956882565037,1.2072995547879737,0.4,-0.02583726120944052,1.102293123268508,1.0,0.5658174465077209,0.2528985673324544,0.1073913609737885,0.07389262518603625,0.43418255349227913,moderate_hedge_uncertain
2025-02-26,0.1455372359906156,0.183370202367125,0.6710925616422593,2,0.21791995523812,0.08945970715212029,19.100000381469727,0.985457437884963,1.1772149775662317,0.4,-0.04108534319319135,1.117821678422853,1.0,0.5056258750667086,0.27863916371810116,0.12806316763568595,0.08767179357950414,0.49437412493329125,moderate_hedge_uncertain
2025-02-27,0.150566645722036,0.150566645722036,0.698866708555928,2,0.2531021343093442,0.10032910417909224,21.1299991607666,1.0802768482352905,1.2894313706193072,0.4,-0.037638546273581874,0.996719753636943,1.0,0.46353116413962525,0.30000000000000004,0.1394603347994575,0.0970085010609173,0.5364688358603749,moderate_hedge_uncertain
2025-02-28,0.1505663896694606,0.1505663896694607,0.6988672206610786,2,0.2531028498573169,0.1169404135714368,19.6299991607666,1.1128566867141492,1.1738149336691306,0.2,-0.04400102289901808,0.8551363634344581,1.0,0.397686843037246,0.29999999999999993,0.13946035272313773,0.1628528042396163,0.602313156962754,high_hedge_risk_off
2025-03-01,0.1505663818348737,0.1505663818348737,0.6988672363302526,2,0.253102871751365,0.1169404135714368,19.6299991607666,1.115328290926617,1.1632687467718337,0.2,0.0,0.8551363634344581,1.0,0.3976868423672819,0.3,0.13946035327155884,0.16285280436115923,0.6023131576327181,high_hedge_risk_off
2025-03-02,0.1505663818349373,0.1505663818349373,0.6988672363301254,2,0.2531028717511873,0.11374580127942963,19.6299991607666,1.1628056041415973,1.1571639427518616,0.2,0.0,0.8791533302784383,1.0,0.4088560922271133,0.3,0.13946035327155437,0.15168355450133236,0.5911439077728867,high_hedge_risk_off
2025-03-03,0.1505663818189676,0.1505663818189677,0.6988672363620646,2,0.253102871795815,0.12790816636696165,22.780000686645508,1.3341910155843046,1.3325193626858427,0.2,-0.05723101437010414,0.7818109104394897,0.85,0.3090484006474795,0.29999999999999993,0.13946035327267226,0.25149124607984824,0.6909515993525204,high_hedge_risk_off
2025-03-04,0.1505663817879681,0.1505663817879682,0.6988672364240637,2,0.2531028718824444,0.13276059565837436,23.51000022888184,1.3600378805359272,1.3539986879033346,0.4,-0.054483640965281466,0.7532355478226731,0.85,0.29775261288310023,0.3,0.1394603532748422,0.2627870338420576,0.7022473871168998,high_hedge_risk_off
2025-03-05,0.1505663817879007,0.1505663817879007,0.6988672364241985,2,0.2531028718826328,0.13300515106128483,21.93000030517578,1.3245238666581862,1.242953224663153,0.2,-0.0504240209763126,0.751850580237475,0.85,0.2972051377693109,0.3,0.13946035327484693,0.26333450895584215,0.702794862230689,high_hedge_risk_off
2025-03-06,0.1505663817879007,0.1505663817879007,0.6988672364241985,2,0.2531028718826328,0.1436264681695257,24.8700008392334,1.429333993097113,1.384104687150979,0.4,-0.04509743409647149,0.6962504980764942,1.0,0.3237959159657625,0.3,0.13946035327484693,0.23674373075939056,0.6762040840342375,high_hedge_risk_off
2025-03-07,0.1505663817879007,0.1505663817879007,0.6988672364241985,2,0.2531028718826328,0.14657120268305168,23.3700008392334,1.4026905370081764,1.2711987618376885,0.4,-0.05812095630172498,0.6822622600446411,0.85,0.2696970040607306,0.3,0.13946035327484693,0.29084264266442245,0.7303029959392693,high_hedge_risk_off
2025-03-08,0.1505663817879007,0.1505663817879007,0.6988672364241985,2,0.2531028718826328,0.14657120268305168,23.3700008392334,1.3949243621066054,1.2445962970444664,0.4,0.0,0.6822622600446411,1.0,0.31729059301262424,0.3,0.13946035327484693,0.2432490537125288,0.6827094069873757,high_hedge_risk_off
2025-03-09,0.1505663817879007,0.1505663817879007,0.6988672364241985,2,0.2531028718826328,0.14657120268305168,23.3700008392334,1.3956587963233682,1.2191330674256162,0.4,0.0,0.6822622600446411,1.0,0.31729059301262424,0.3,0.13946035327484693,0.2432490537125288,0.6827094069873757,high_hedge_risk_off
2025-03-10,0.1505663817879007,0.1505663817879007,0.6988672364241985,2,0.2531028718826328,0.16732650253873718,27.86000061035156,1.5719016888543413,1.4286619753720682,0.2,-0.057452607217455154,0.5976339580566405,0.85,0.23624359348600948,0.3,0.13946035327484693,0.3242960532391436,0.7637564065139906,high_hedge_risk_off
2025-03-11,0.1505663817879007,0.1505663817879007,0.6988672364241985,2,0.2531028718826328,0.1659923313240733,26.920000076293945,1.5393912200294522,1.3574557587934666,0.2,-0.05327034934511088,0.6024374692633608,0.85,0.23814241254327323,0.3,0.13946035327484693,0.3223972341818799,0.7618575874567268,high_hedge_risk_off
2025-03-12,0.1505663817879007,0.1505663817879007,0.6988672364241985,2,0.2531028718826328,0.16984583428500688,24.229999542236328,1.48250766556153,1.2000289279866434,0.2,-0.06299174400163066,0.5887692236961003,0.85,0.23273938045995782,0.30000000000000004,0.13946035327484696,0.3278002662651953,0.7672606195400423,high_hedge_risk_off
2025-03-13,0.1505663817879007,0.1505663817879007,0.6988672364241985,2,0.2531028718826328,0.1665823884048804,24.65999984741211,1.4678916029997182,1.1996987766384548,0.4,-0.06947339541111175,0.600303555241079,0.85,0.23729888029411306,0.3,0.13946035327484693,0.32324076643104005,0.7627011197058869,high_hedge_risk_off
2025-03-14,0.1505663817879007,0.1505663817879007,0.6988672364241985,2,0.2531028718826328,0.18815492175112228,21.770000457763672,1.4750974581718146,1.041681671070399,0.4,-0.06952048682243828,0.5314769290610042,0.85,0.21009184281389323,0.3,0.13946035327484693,0.35044780391125985,0.7899081571861067,high_hedge_risk_off
2025-03-15,0.1505663817879007,0.1505663817879007,0.6988672364241985,2,0.2531028718826328,0.18815492175112228,21.770000457763672,1.4605732899327089,1.0338947773789324,0.4,0.0,0.5314769290610042,1.0,0.24716687389869793,0.3,0.13946035327484693,0.31337277282645515,0.752833126101302,high_hedge_risk_off
2025-03-16,0.1505663817879007,0.1505663817879007,0.6988672364241985,2,0.2531028718826328,0.18839000905726547,21.770000457763672,1.4369848369490004,1.0235897368104436,0.4,0.0,0.5308137119394836,1.0,0.24685844037378094,0.3,0.13946035327484693,0.31368120635137214,0.753141559626219,high_hedge_risk_off
2025-03-17,0.1505663817879007,0.1505663817879007,0.6988672364241985,2,0.2531028718826328,0.19188231441813855,20.51000022888184,1.4108513748943075,0.9534913930405166,0.2,-0.06776764249541078,0.5211527717040453,0.85,0.20601072258830552,0.3,0.13946035327484693,0.35452892413684756,0.7939892774116944,high_hedge_risk_off
2025-03-18,0.1505663817879007,0.1505663817879007,0.6988672364241985,2,0.2531028718826328,0.19391132144540046,21.700000762939453,1.4263281977323254,1.0114642729924725,0.2,-0.06506775468759107,0.5156996469035819,0.85,0.20385511248412358,0.3,0.13946035327484693,0.35668453424102947,0.7961448875158763,high_hedge_risk_off
2025-03-19,0.1505663817879007,0.1505663817879008,0.6988672364241985,2,0.2531028718826327,0.19321096120256,19.899999618530277,1.3813441147628365,0.908867842955444,0.6,-0.056333529033399166,0.5175689794077533,0.85,0.2045940561506476,0.29999999999999993,0.13946035327484693,0.3559455905745055,0.7954059438493524,high_hedge_risk_off
2025-03-20,0.1505663817879007,0.1505663817879008,0.6988672364241985,2,0.2531028718826327,0.18236345000504417,19.799999237060547,1.3316288450073244,0.9217823161651019,0.2,-0.06581062972606988,0.5483554955624825,0.85,0.2167639087991797,0.29999999999999993,0.13946035327484693,0.3437757379259734,0.7832360912008203,high_hedge_risk_off
2025-03-21,0.1505663817879007,0.1505663817879008,0.6988672364241985,2,0.2531028718826327,0.18242496969308286,19.280000686645508,1.3104889491463396,0.8991853217922279,0.2,-0.07118962677837426,0.5481705720891331,0.85,0.21669080889366893,0.3,0.13946035327484696,0.3438488378314842,0.7833091911063311,high_hedge_risk_off
2025-03-22,0.1505663817879008,0.1505663817879008,0.6988672364241983,2,0.2531028718826326,0.18242496969308286,19.280000686645508,1.2643723746332962,0.8998434984144292,0.2,0.0,0.5481705720891331,1.0,0.25493036340431635,0.3,0.13946035327484693,0.3056092833208367,0.7450696365956836,high_hedge_risk_off
2025-03-23,0.1505663818167525,0.1505663818167526,0.6988672363664948,2,0.2531028718020052,0.17353907063944762,19.280000686645508,1.1873471698401132,0.8895046490645159,0.2,0.0,0.5762391122156254,1.0,0.26798382431579193,0.30000000000000004,0.13946035327282733,0.29255582241138084,0.7320161756842083,high_hedge_risk_off
2025-03-24,0.1505663848598913,0.1505663848598913,0.6988672302802174,2,0.2531028632978392,0.18199070059189418,17.479999542236328,1.174840010194042,0.7907763704200085,0.4,-0.07135736763892386,0.54947862541749,0.85,0.21720788008807587,0.3,0.1394603530598076,0.3433317668521165,0.7827921199119241,high_hedge_risk_off
2025-03-25,0.1505663850331761,0.1505663850331761,0.6988672299336478,2,0.2531028628135884,0.17779923347591042,17.149999618530273,1.1418726043037546,0.7925632492706011,0.2,-0.07259834965895451,0.5624321210223258,0.85,0.22232837285059387,0.3,0.13946035304767768,0.3382112741017285,0.7776716271494062,high_hedge_risk_off
2025-03-26,0.1505664077359854,0.1505664077359855,0.6988671845280291,2,0.2531027993697375,0.17137666650674357,18.32999992370605,1.138599122985085,0.8532114781341354,0.2,-0.07347016879137691,0.5835100077411359,0.85,0.2306604234491888,0.3,0.139460351458481,0.3298792250923302,0.7693395765508112,high_hedge_risk_off
2025-03-27,0.1505664814432039,0.1505664814432039,0.6988670371135922,2,0.2531025933922171,0.17019864183793368,18.690000534057617,1.1326702134350346,0.8875513454697701,0.4,-0.07132603574456009,0.5875487543268522,0.85,0.23225693616232412,0.3,0.13946034629897572,0.3282827175387002,0.7677430638376759,high_hedge_risk_off
2025-03-28,0.1505664812699776,0.1505664812699776,0.6988670374600446,2,0.2531025938763039,0.18377666966370226,21.649999618530277,1.238712351946886,1.0501416705650186,0.4,-0.06783320533644355,0.5441387102236243,0.85,0.2150970259888345,0.30000000000000004,0.1394603463111016,0.34544262770006395,0.7849029740111656,high_hedge_risk_off
2025-03-29,0.1505664585543714,0.1505664585543715,0.698867082891257,2,0.2531026573558871,0.18377666966370226,21.649999618530277,1.2146516251225883,1.0542738691920417,0.6,0.0,0.5441387102236243,1.0,0.2530553234567024,0.3,0.139460347901194,0.3074843286421037,0.7469446765432977,high_hedge_risk_off
2025-03-30,0.1506554388950233,0.1506554388950233,0.6986891222099535,2,0.2528540670389664,0.1581348264459816,21.649999618530277,1.1096530176981099,1.0429949942040078,0.4,0.0,0.6323717693784533,1.0,0.2940943208663573,0.3,0.13945411927734835,0.2664515598562943,0.7059056791336427,high_hedge_risk_off
2025-03-31,0.1465460071039895,0.1771808250795832,0.6762731678164272,2,0.2239432826536872,0.1569555390141835,22.280000686645508,1.1040369918893846,1.0701100246744177,0.6,-0.058229997711976456,0.6371231026830049,0.85,0.25744250345638575,0.2954047773036609,0.13606560134564946,0.3110871178943038,0.7425574965436141,high_hedge_risk_off
2025-04-01,0.1374112972553504,0.2453396810409399,0.6172490217037095,2,0.1668831941294912,0.15619452765985672,21.770000457763672,1.0921327330599662,1.054216583146012,0.8,-0.049906101824575444,0.6402272954003165,1.0,0.321084273286858,0.2838107424321616,0.12742980313785474,0.2676751811431257,0.678915726713142,high_hedge_risk_off
2025-04-02,0.1282371087268461,0.3695452488118207,0.5022176424613333,2,0.1105626805283215,0.14871008448160727,21.51000022888184,1.0624564962871987,1.0295948742621872,1.0,-0.059458556126959716,0.6724493523663365,0.85,0.3128162609406609,0.26380377898725377,0.1120664255789238,0.31131353449316157,0.6871837390593392,high_hedge_risk_off
2025-04-03,0.1323465405178212,0.3430198626272022,0.5246335968549766,2,0.1142588622958511,0.2189943527329073,30.020000457763672,1.447934985957594,1.4886338664662477,0.4,-0.02767506118804408,0.45663277957657333,1.0,0.2451982483059607,0.2683990016835928,0.11545494351062678,0.3709478064998196,0.7548017516940393,high_hedge_risk_off
2025-04-04,0.1414812503504054,0.2748610066497905,0.5836577429998041,2,0.1389826900938107,0.2963684262103105,45.310001373291016,1.9695110766546309,2.163708388284128,0.4,0.0,0.4,1.0,0.20433241589593015,0.2799930365550922,0.1240907417195454,0.3915838058294322,0.7956675841040698,high_hedge_risk_off
2025-04-05,0.1505663817879007,0.1505663817879007,0.6988672364241985,2,0.2531028718826328,0.2963684262103105,45.310001373291016,1.9256941727667862,2.0586580538097277,0.6,0.0,0.4,1.0,0.18602265527151604,0.3,0.13946035327484693,0.374516991453637,0.8139773447284839,high_hedge_risk_off
2025-04-06,0.1505663817879007,0.1505663817879007,0.6988672364241985,2,0.2531028718826328,0.29320913341553445,45.310001373291016,1.90631889445203,1.965853294749419,0.4,0.0,0.4,1.0,0.18602265527151604,0.3,0.13946035327484693,0.374516991453637,0.8139773447284839,high_hedge_risk_off
2025-04-07,0.1505663817879007,0.1505663817879007,0.6988672364241985,2,0.2531028718826328,0.2927687634831333,46.97999954223633,1.894674394310925,1.9311554083792175,0.0,-0.003031640564880367,0.4,1.0,0.18602265527151604,0.3,0.13946035327484693,0.374516991453637,0.8139773447284839,high_hedge_risk_off
2025-04-08,0.1505663817879007,0.1505663817879007,0.6988672364241985,2,0.2531028718826328,0.2888090213985084,52.33000183105469,1.9271525387111728,2.042096770838634,0.0,-0.007011414430495133,0.4,1.0,0.18602265527151604,0.3,0.13946035327484693,0.374516991453637,0.8139773447284839,high_hedge_risk_off
2025-04-09,0.3333333333333333,0.1505663817879007,0.5161002848787659,2,0.0964457248946214,0.48984320419195665,33.619998931884766,2.1575634073041963,1.2300344329590582,0.2,0.0,0.4,1.0,0.16774596011697276,0.3274150427318149,0.14859870085211857,0.35624029629909376,0.8322540398830272,high_hedge_risk_off
2025-04-10,0.5161002848787659,0.1505663817879007,0.3333333333333333,0,0.0964457248946215,0.5128718727227309,40.720001220703125,2.2839962304810224,1.4732242805065825,0.2,-0.003357859858146628,0.4,1.0,0.14946926496242952,0.3548300854636298,0.15773704842939024,0.33796360114455054,0.8505307350375706,high_hedge_risk_off
2025-04-11,0.6988672364241985,0.1505663817879007,0.1505663817879007,0,0.2531028718826328,0.5181997635263856,37.560001373291016,2.18092512346127,1.308192365154321,0.2,0.0,0.4,1.0,0.13119256980788627,0.3822451281954447,0.16687539600666185,0.3196869059900072,0.8688074301921138,high_hedge_risk_off
2025-04-12,0.6988672364241985,0.1505663817879007,0.1505663817879007,0,0.2531028718826328,0.5181997635263856,37.560001373291016,2.120183487341387,1.271005087337946,0.2,0.0,0.4,1.0,0.13119256980788627,0.3822451281954447,0.16687539600666185,0.3196869059900072,0.8688074301921138,high_hedge_risk_off
2025-04-13,0.6988672364241985,0.1505663817879007,0.1505663817879007,0,0.2531028718826328,0.5128362249486864,37.560001373291016,2.0467333538642367,1.2492724947765317,0.2,0.0,0.4,1.0,0.13119256980788627,0.3822451281954447,0.16687539600666185,0.3196869059900072,0.8688074301921138,high_hedge_risk_off
2025-04-14,0.6988672364241985,0.1505663817879007,0.1505663817879007,0,0.2531028718826328,0.514532835207502,30.88999938964844,1.8899463617712775,1.0125886604332344,0.2,-0.015544804992474681,0.4,1.0,0.13119256980788627,0.3822451281954447,0.16687539600666185,0.3196869059900072,0.8688074301921138,high_hedge_risk_off
2025-04-15,0.6988672364241985,0.1505663817879007,0.1505663817879007,0,0.2531028718826328,0.5133942970272563,30.1200008392334,1.8275044051373057,0.9637824447969515,0.2,-0.022118903604070317,0.4,1.0,0.13119256980788627,0.3822451281954447,0.16687539600666185,0.3196869059900072,0.8688074301921138,high_hedge_risk_off
2025-04-16,0.6988672364241985,0.1505663817879007,0.1505663817879007,0,0.2531028718826328,0.5182457378509621,32.63999938964844,1.8338460886518244,1.0380931462118452,0.2,-0.016013523976856847,0.4,1.0,0.13119256980788627,0.3822451281954447,0.16687539600666185,0.3196869059900072,0.8688074301921138,high_hedge_risk_off
2025-04-17,0.6988672364241985,0.1505663817879007,0.1505663817879007,0,0.2531028718826328,0.5145883190245728,29.649999618530277,1.7314133714168005,0.9190418573158368,0.4,-0.028762942691727966,0.4,1.0,0.13119256980788627,0.3822451281954447,0.16687539600666185,0.3196869059900072,0.8688074301921138,high_hedge_risk_off
2025-04-18,0.6988672364241985,0.1505663817879007,0.1505663817879007,0,0.2531028718826328,0.5145883190245728,29.649999618530277,1.689351864889889,0.9090320174061217,0.4,0.0,0.4,1.0,0.13119256980788627,0.3822451281954447,0.16687539600666185,0.3196869059900072,0.8688074301921138,high_hedge_risk_off
2025-04-19,0.6988672364241985,0.1505663817879007,0.1505663817879007,0,0.2531028718826328,0.5145883190245728,29.649999618530277,1.6512561504559882,0.8992508301094109,0.4,0.0,0.4,1.0,0.13119256980788627,0.3822451281954447,0.16687539600666185,0.3196869059900072,0.8688074301921138,high_hedge_risk_off
2025-04-20,0.6988672364241985,0.1505663817879007,0.1505663817879007,0,0.2531028718826328,0.5135947547975949,29.649999618530277,1.6128722015509236,0.8967524853850279,0.4,0.0,0.4,1.0,0.13119256980788627,0.3822451281954447,0.16687539600666185,0.3196869059900072,0.8688074301921138,high_hedge_risk_off
2025-04-21,0.6988672364241985,0.1505663817879007,0.1505663817879007,0,0.2531028718826328,0.5185730030962937,33.81999969482422,1.6473593530317014,1.023570976291642,0.4,-0.016223538131072024,0.4,1.0,0.13119256980788627,0.3822451281954447,0.16687539600666185,0.3196869059900072,0.8688074301921138,high_hedge_risk_off
2025-04-22,0.6988672364241985,0.1505663817879007,0.1505663817879007,0,0.2531028718826328,0.528331662818062,30.56999969482422,1.5957246974431603,0.9047958453554922,0.4,0.0,0.4,1.0,0.13119256980788627,0.3822451281954447,0.16687539600666185,0.3196869059900072,0.8688074301921138,high_hedge_risk_off
2025-04-23,0.6988672364241985,0.1505663817879007,0.1505663817879007,0,0.2531028718826328,0.5022955083373987,28.450000762939453,1.4882541540207896,0.7846768576507357,0.6,-0.0012893701478783326,0.4,1.0,0.13119256980788627,0.3822451281954447,0.16687539600666185,0.3196869059900072,0.8688074301921138,high_hedge_risk_off
2025-04-24,0.6988672364241985,0.1505663817879007,0.1505663817879007,0,0.2531028718826328,0.45584503422194633,26.46999931335449,1.353939395205361,0.6652474123490397,0.8,-0.0006062576846721512,0.4,1.0,0.13119256980788627,0.3822451281954447,0.16687539600666185,0.3196869059900072,0.8688074301921138,high_hedge_risk_off
2025-04-25,0.6988672364241985,0.1505663817879007,0.1505663817879007,0,0.2531028718826328,0.4556577253259064,24.84000015258789,1.3086908400088497,0.6322789541303027,0.8,-0.004206512135813578,0.4,1.0,0.13119256980788627,0.3822451281954447,0.16687539600666185,0.3196869059900072,0.8688074301921138,high_hedge_risk_off
2025-04-26,0.6988672364241985,0.1505663817879007,0.1505663817879007,0,0.2531028718826328,0.4556577253259064,24.84000015258789,1.2685484260251114,0.6544195321284627,0.8,0.0,0.4,1.0,0.13119256980788627,0.3822451281954447,0.16687539600666185,0.3196869059900072,0.8688074301921138,high_hedge_risk_off
2025-04-27,0.6988672364241985,0.1505663817879007,0.1505663817879007,0,0.2531028718826328,0.45536629160717534,24.84000015258789,1.2507413732732753,0.6780027645163335,0.8,0.0,0.4,1.0,0.13119256980788627,0.3822451281954447,0.16687539600666185,0.3196869059900072,0.8688074301921138,high_hedge_risk_off
2025-04-28,0.6988672364241985,0.1505663817879007,0.1505663817879007,0,0.2531028718826328,0.4493378762245236,25.149999618530277,1.2225953277494834,0.704075848709112,1.0,0.0,0.4,1.0,0.13119256980788627,0.3822451281954447,0.16687539600666185,0.3196869059900072,0.8688074301921138,high_hedge_risk_off
2025-04-29,0.5161002848787659,0.1505663817879007,0.3333333333333333,0,0.0964457248946215,0.2535504131957527,24.170000076293945,0.8621127420213046,0.7836314736054755,1.0,-0.003404330482473128,0.4,1.0,0.14946926496242952,0.3548300854636298,0.15773704842939024,0.33796360114455054,0.8505307350375706,high_hedge_risk_off
2025-04-30,0.3333548594831922,0.3332902810336155,0.3333548594831922,0,3.796121972321487e-09,0.1917720388809554,24.700000762939453,0.7556226799465642,0.7762491551543313,1.0,-0.002708159827239376,0.5214524525239892,1.0,0.252024688432806,0.3000096867674365,0.12667290925012575,0.3212927155496318,0.7479753115671941,high_hedge_risk_off
2025-05-01,0.1505879624183371,0.5160571236178932,0.3333549139637697,1,0.0964129424356314,0.18427306032262192,24.600000381469727,0.7377712138668611,0.8025977859188906,0.8,0.0,0.5426729215053021,1.0,0.3217903917281843,0.24517962582006658,0.09560254328676968,0.3374274391649795,0.6782096082718158,high_hedge_risk_off
2025-05-02,0.1505879625290272,0.6988240749419454,0.1505879625290272,1,0.2530425677165775,0.18926798702830036,22.68000030517578,0.7140340155882683,0.7414497332948756,1.0,-0.004677238558262298,0.5283513687132282,1.0,0.3470959066623321,0.21776458313806227,0.0736705091334179,0.36146900106618773,0.652904093337668,high_hedge_risk_off
2025-05-03,0.1505664364005687,0.6988671271988626,0.1505664364005687,1,0.253102719265499,0.18926798702830036,22.68000030517578,0.7114857544892966,0.763169923497648,1.0,0.0,0.5283513687132282,1.0,0.34710671135379456,0.21775489638025586,0.07366426655616493,0.36147412570978465,0.6528932886462054,high_hedge_risk_off
2025-05-04,0.1505663819511346,0.6988672360977307,0.1505663819511346,1,0.2531028714264693,0.18787699839310687,22.68000030517578,0.7109156577301294,0.7858633518721722,1.0,0.0,0.5322631341531426,1.0,0.34967661968487457,0.21775487187801054,0.07366425076582904,0.3589042576712858,0.6503233803151254,high_hedge_risk_off
2025-05-05,0.1505663818802404,0.6988672362395191,0.1505663818802404,1,0.2531028716245861,0.18927250022049913,23.63999938964844,0.7258322974309421,0.8349513778045049,0.8,0.0,0.5283387702043444,1.0,0.3470984619785878,0.21775487184610814,0.07366425074526972,0.3614824154300343,0.6529015380214122,high_hedge_risk_off
2025-05-06,0.1505663818593005,0.6988672362813989,0.1505663818593005,1,0.2531028716831033,0.17081707521954811,24.76000022888184,0.7126715291410939,0.8757409020501983,0.8,0.0,0.5854215679051512,1.0,0.38459968734933747,0.21775487183668518,0.07366425073919713,0.3239811900747802,0.6154003126506625,high_hedge_risk_off
2025-05-07,0.1505663818282389,0.698867236343522,0.1505663818282389,1,0.2531028717699061,0.1707372896717464,23.549999237060547,0.695265922417291,0.8373601932904995,1.0,-0.005520470441619518,0.585695135446138,1.0,0.38477941082831146,0.21775487182270753,0.07366425073018928,0.32380146661879183,0.6152205891716886,high_hedge_risk_off
2025-05-08,0.1505663817888365,0.698867236422327,0.1505663817888365,1,0.2531028718800178,0.1707667259405705,22.479999542236328,0.7325147417980158,0.8009120280331692,0.6,0.0,0.5855941750315081,1.0,0.3847130837006493,0.21775487180497644,0.07366425071876258,0.3238677937756116,0.6152869162993506,high_hedge_risk_off
2025-05-09,0.1505663817884741,0.6988672364230517,0.1505663817884741,1,0.2531028718810303,0.1711827256815487,21.899999618530277,0.7282533712789985,0.7927551182824635,0.8,0.0,0.5841710932096622,1.0,0.3837781731102334,0.21775487180481337,0.0736642507186575,0.3248027043662959,0.6162218268897668,high_hedge_risk_off
2025-05-10,0.1505663817884469,0.6988672364231062,0.1505663817884469,1,0.2531028718811063,0.1711827256815487,21.899999618530277,0.7334182041132064,0.8061940669795692,0.8,0.0,0.5841710932096622,1.0,0.3837781731102484,0.21775487180480113,0.07366425071864961,0.32480270436630093,0.6162218268897517,high_hedge_risk_off
2025-05-11,0.1505663817880576,0.6988672364238848,0.1505663817880575,1,0.2531028718821946,0.1384850936640042,21.899999618530277,0.6851524981510068,0.801559187142741,0.8,0.0,0.722099378021308,1.0,0.474391806308975,0.21775487180462588,0.07366425071853669,0.23418907116786244,0.5256081936910251,moderate_hedge_uncertain
2025-05-12,0.1505663817879804,0.698867236424039,0.1505663817879804,1,0.25310287188241,0.15417600042920243,18.38999938964844,0.6475968127755884,0.669217341321577,0.8,-0.014160430622289222,0.6486093796804644,1.0,0.42611167462674926,0.21775487180459116,0.07366425071851433,0.28246920285014526,0.5738883253732507,high_hedge_risk_off
2025-05-13,0.1505663817879326,0.6988672364241347,0.1505663817879326,1,0.2531028718825436,0.14936590150194945,18.21999931335449,0.6417569742442861,0.6886485145658254,0.6,-0.002677189596525409,0.669496846297914,1.0,0.439833945161098,0.21775487180456965,0.07366425071850045,0.26874693231583185,0.560166054838902,high_hedge_risk_off
2025-05-14,0.1505663817879325,0.6988672364241348,0.1505663817879325,1,0.2531028718825439,0.13648528149136768,18.6200008392334,0.6299254375252177,0.7408868410412477,0.6,-0.00678130731612403,0.7326797359195447,1.0,0.48134269873122926,0.21775487180456965,0.07366425071850043,0.22723817874570074,0.5186573012687707,moderate_hedge_uncertain
2025-05-15,0.1505663817879176,0.6988672364241647,0.1505663817879176,1,0.2531028718825855,0.13592334965957145,17.829999923706055,0.6206843197505539,0.7209572057748772,0.6,-0.010128109787214346,0.7357087671136436,1.0,0.4833326569326615,0.21775487180456288,0.0736642507184961,0.22524822054427956,0.5166673430673385,moderate_hedge_uncertain
2025-05-16,0.1505663817879176,0.6988672364241649,0.1505663817879176,1,0.2531028718825858,0.1355998697367523,17.239999771118164,0.6136712570587247,0.7011061545701116,0.6,-0.013890827089117153,0.7374638352834384,1.0,0.48448566991758596,0.21775487180456288,0.0736642507184961,0.22409520755935503,0.515514330082414,moderate_hedge_uncertain
2025-05-17,0.1505663817879163,0.6988672364241676,0.1505663817879162,1,0.2531028718825895,0.1355998697367523,17.239999771118164,0.6158921653265341,0.7147585090735231,0.6,0.0,0.7374638352834384,1.0,0.4844856699175869,0.21775487180456232,0.07366425071849572,0.22409520755935508,0.5155143300824131,moderate_hedge_uncertain
2025-05-18,0.1505663817879114,0.698867236424177,0.1505663817879114,1,0.2531028718826027,0.13573585406385824,17.239999771118164,0.619470059013258,0.7298958705284556,0.6,0.0,0.7367250214740907,1.0,0.4840002973660962,0.21775487180456018,0.07366425071849432,0.22458058011084944,0.5159997026339039,moderate_hedge_uncertain
2025-05-19,0.1505663817879049,0.6988672364241901,0.1505663817879049,1,0.2531028718826211,0.1357370547054397,18.13999938964844,0.6345416156558865,0.7898915784198662,0.6,-0.004988023556221743,0.7367185048843738,1.0,0.4839960162146958,0.21775487180455724,0.07366425071849243,0.22458486126225466,0.5160039837853043,moderate_hedge_uncertain
2025-05-20,0.1505663817879023,0.6988672364241953,0.1505663817879023,1,0.2531028718826283,0.1375459250399079,18.09000015258789,0.638113742784804,0.8052934386844077,0.6,-0.003904545662472003,0.7270298990754235,1.0,0.47763097097269896,0.21775487180455605,0.07366425071849167,0.2309499065042533,0.522369029027301,moderate_hedge_uncertain
2025-05-21,0.1505663817879059,0.6988672364241881,0.150566381787906,1,0.2531028718826182,0.15422553039997727,20.8700008392334,0.7068300185763696,0.9742517737732737,0.8,0.0,0.648401076920626,1.0,0.42597482764214645,0.2177548718045577,0.07366425071849272,0.28260604983480314,0.5740251723578536,high_hedge_risk_off
2025-05-22,0.1505663817879162,0.6988672364241676,0.1505663817879162,1,0.2531028718825896,0.14684597846501915,20.280000686645508,0.6868133117200839,0.9661581364035905,0.8,0.0,0.6809856221144078,1.0,0.44738163357873467,0.2177548718045623,0.0736642507184957,0.2611992438982073,0.5526183664212654,high_hedge_risk_off
2025-05-23,0.1505663818290327,0.6988672363419346,0.1505663818290327,1,0.2531028717676881,0.1497177799076893,22.290000915527344,0.7290845668648852,1.0728418446825172,0.8,0.0,0.6679233425826677,1.0,0.43880021308589967,0.21775487182306472,0.07366425073041949,0.2697806643606161,0.5611997869141003,high_hedge_risk_off
2025-05-24,0.1505663818515766,0.6988672362968469,0.1505663818515766,1,0.2531028717046882,0.1497177799076893,22.290000915527344,0.7263524346795154,1.0738910889047701,0.8,0.0,0.6679233425826677,1.0,0.43880021307159506,0.21775487183320946,0.0736642507369572,0.2697806643582384,0.5611997869284051,high_hedge_risk_off
2025-05-25,0.15056638186106,0.6988672362778799,0.15056638186106,1,0.2531028716781864,0.14760458427381204,22.290000915527344,0.7221125385768069,1.0716457450137231,0.8,0.0,0.6774857331971225,1.0,0.4450823397282187,0.21775487183747702,0.07366425073970742,0.2634985376945969,0.5549176602717814,high_hedge_risk_off
2025-05-26,0.1505663818301373,0.6988672363397255,0.1505663818301373,1,0.2531028717646012,0.14318612096775069,22.290000915527344,0.713466190227474,1.069720622486467,0.6,0.0,0.6983917109013845,1.0,0.458816771361056,0.2177548718235618,0.07366425073073982,0.2497641060846425,0.5411832286389441,moderate_hedge_uncertain
2025-05-27,0.1505663818075925,0.6988672363848148,0.1505663818075925,1,0.2531028718276032,0.1581626729234534,18.959999084472656,0.6887787790239227,0.8982022514685276,0.6,-0.006937395129411716,0.632260432576259,1.0,0.41537103865255215,0.21775487181341663,0.07366425072420184,0.2932098388098295,0.584628961347448,high_hedge_risk_off
2025-05-28,0.1505663817981064,0.6988672364037871,0.1505663817981064,1,0.2531028718541127,0.16001700345088693,19.309999465942383,0.6491176667983813,0.9368846370699007,0.6,-0.007908515034630414,0.6249335873277517,1.0,0.41055758020955335,0.21775487180914785,0.07366425072145086,0.29802329725984783,0.5894424197904465,high_hedge_risk_off
2025-05-29,0.1505663817879206,0.6988672364241589,0.1505663817879205,1,0.2531028718825774,0.15966593168770374,19.18000030517578,0.645501145549378,0.9315930047143145,0.6,-0.010598320991380694,0.6263076846950266,1.0,0.41146030988404636,0.21775487180456427,0.07366425071849697,0.2971205675928924,0.5885396901159536,high_hedge_risk_off
2025-05-30,0.150566381787953,0.698867236424094,0.150566381787953,1,0.2531028718824866,0.15992670561452038,18.56999969482422,0.6260288655177548,0.9097790166120936,0.4,-0.02212647633381859,0.6252864374073658,1.0,0.41078938928746156,0.21775487180457886,0.07366425071850638,0.2977914881894533,0.5892106107125386,high_hedge_risk_off
2025-05-31,0.1505663817879524,0.6988672364240952,0.1505663817879524,1,0.2531028718824882,0.15992670561452038,18.56999969482422,0.6254273170560988,0.9180124810796969,0.6,0.0,0.6252864374073658,1.0,0.41078938928746195,0.21775487180457861,0.0736642507185062,0.2977914881894534,0.5892106107125382,high_hedge_risk_off
2025-06-01,0.1505663817879567,0.6988672364240865,0.1505663817879567,1,0.2531028718824764,0.11097156447508974,18.56999969482422,0.5447807536921888,0.9509739854994566,1.0,0.0,0.9011317491378382,1.0,0.5920092596774305,0.21775487180458056,0.07366425071850745,0.11657161779948161,0.4079907403225696,moderate_hedge_uncertain
2025-06-02,0.1505663817879511,0.6988672364240978,0.1505663817879511,1,0.253102871882492,0.11032296696519912,18.36000061035156,0.5343030565871121,0.9407260401360439,0.8,-0.015815538118381656,0.906429574465166,1.0,0.5954897292679612,0.217754871804578,0.07366425071850582,0.11309114820895504,0.4045102707320389,moderate_hedge_uncertain
2025-06-03,0.1505663817879493,0.6988672364241012,0.1505663817879493,1,0.2531028718824968,0.11183336246711052,17.690000534057617,0.5323432991354496,0.9037796345322726,1.0,-0.020453827008584224,0.8941875464882796,1.0,0.587447182851769,0.21775487180457723,0.07366425071850531,0.12113369462514864,0.4125528171482312,moderate_hedge_uncertain
2025-06-04,0.1505663817879577,0.6988672364240847,0.1505663817879577,1,0.2531028718824736,0.11079270431763381,17.610000610351562,0.5357530348697107,0.9053511783751794,1.0,-0.01831831898343672,0.902586507079997,1.0,0.5929649802734149,0.21775487180458097,0.07366425071850774,0.11561589720349644,0.4070350197265852,moderate_hedge_uncertain
2025-06-05,0.1505663817968437,0.6988672364063127,0.1505663817968437,1,0.2531028718576413,0.1100610254744401,18.479999542236328,0.5692804440402748,0.9586552586579686,0.6,-0.02733344884972766,0.9085868459695879,1.0,0.5969069745271158,0.21775487180857966,0.07366425072108466,0.11167390294321991,0.4030930254728843,moderate_hedge_uncertain
2025-06-06,0.1505663817968967,0.6988672364062065,0.1505663817968967,1,0.253102871857493,0.11602706554098831,16.770000457763672,0.5622763654871253,0.8609361953634599,0.8,-0.03162677272135117,0.8618678713775925,1.0,0.5662143864707725,0.21775487180860348,0.07366425072110004,0.14236649099952386,0.4337856135292274,moderate_hedge_uncertain
2025-06-07,0.1505663817970986,0.6988672364058027,0.1505663817970986,1,0.2531028718569289,0.11602706554098831,16.770000457763672,0.5698433997693536,0.8619963094524917,0.6,0.0,0.8618678713775925,1.0,0.5662143864706073,0.21775487180869435,0.07366425072115859,0.14236649099953974,0.43378561352939266,moderate_hedge_uncertain
2025-06-08,0.1505663817882694,0.6988672364234612,0.1505663817882694,1,0.2531028718816025,0.1160101967188496,16.770000457763672,0.5785136404228588,0.8662029402697071,0.8,0.0,0.8619931939461299,1.0,0.5662967186352504,0.21775487180472122,0.07366425071859811,0.1422841588414303,0.43370328136474967,moderate_hedge_uncertain
2025-06-09,0.1505663817882493,0.6988672364235012,0.1505663817882493,1,0.2531028718816586,0.11516791205199274,17.15999984741211,0.606520924973749,0.8843757187899409,1.0,-0.014450984760492558,0.8682974121720193,1.0,0.5704383500541164,0.2177548718047122,0.0736642507185923,0.13814252742257915,0.42956164994588364,moderate_hedge_uncertain
2025-06-10,0.1505663817880349,0.6988672364239302,0.1505663817880349,1,0.253102871882258,0.09607557671595604,16.950000762939453,0.5809463510861029,0.8593906568030201,1.0,-0.007392098706435424,1.0408472519050953,1.0,0.6659268210401544,0.21206411231884395,0.07173912486456124,0.0502699417764402,0.33407317895984534,low_hedge_stable
2025-06-11,0.1505663817879735,0.6988672364240529,0.1505663817879735,1,0.2531028718824294,0.09735402179342918,17.260000228881836,0.5975132397621674,0.8864103372459174,0.8,-0.008381466088124068,1.027178930647418,1.0,0.6629796125579179,0.21393495137438592,0.0723720106232014,0.050713425444494614,0.33702038744208196,low_hedge_stable
2025-06-12,0.1505663817879568,0.6988672364240864,0.1505663817879568,1,0.2531028718824761,0.09243721094749943,18.020000457763672,0.6086842474542953,0.9266078892615065,0.8,-0.0074468013388498955,1.0818154180008301,1.0,0.6744596081942831,0.20664764057730486,0.06990678775506685,0.048985963473345065,0.32554039180571676,low_hedge_stable
2025-06-13,0.150566381821039,0.698867236357922,0.150566381821039,1,0.2531028717900266,0.10364749101034378,20.81999969482422,0.6930242901838167,1.0932977807570092,0.8,0.0,0.9648086897734962,1.0,0.633842585928539,0.2177548718194675,0.0736642507281013,0.0747382915238921,0.3661574140714609,moderate_hedge_uncertain
2025-06-14,0.150566381874169,0.698867236251662,0.150566381874169,1,0.253102871641553,0.10364749101034378,20.81999969482422,0.703513361397326,1.0977771148260724,0.8,0.0,0.9648086897734962,1.0,0.6338425858798418,0.21775487184337605,0.073664250743509,0.07473829153327316,0.36615741412015823,moderate_hedge_uncertain
2025-06-15,0.1505663819464216,0.6988672361071567,0.1505663819464216,1,0.2531028714396401,0.10364749101034378,20.81999969482422,0.7152015189297032,1.1022922874981498,0.8,0.0,0.9648086897734962,1.0,0.6338425858136173,0.21775487187588974,0.07366425076446227,0.0747382915460307,0.3661574141863827,moderate_hedge_uncertain
2025-06-16,0.1505663819134959,0.6988672361730082,0.1505663819134959,1,0.2531028715316522,0.08116337216273856,19.11000061035156,0.643960384031663,1.0201845245983427,0.8,-0.008186585528808354,1.2320828636776282,1.0,0.7023452414507362,0.18894630314291283,0.06391860597641875,0.04478984942993218,0.29765475854926376,low_hedge_stable
2025-06-17,0.1505664014427608,0.6988671971144783,0.1505664014427608,1,0.2531028169563886,0.08472661184874078,21.600000381469727,0.7101696926964844,1.151208732859782,0.8,0.0,1.1802667168908658,1.0,0.6932856040439508,0.19469720801246768,0.06586408080597485,0.046153107137606675,0.3067143959560492,low_hedge_stable
2025-06-18,0.1505664014186838,0.6988671971626323,0.1505664014186838,1,0.2531028170236727,0.0839790627362436,20.13999938964844,0.691054347761115,1.0735997949460636,0.8,-0.008014058383031708,1.1907729943840168,1.0,0.6951668392744949,0.1935030311142637,0.06546010293132141,0.04587002667992,0.30483316072550515,low_hedge_stable
2025-06-19,0.1505664014245108,0.6988671971509782,0.1505664014245109,1,0.2531028170073887,0.08376271943558879,20.13999938964844,0.6989131995395592,1.0678873386815937,1.0,0.0,1.1938485363634503,1.0,0.6957131816227484,0.19315622205844227,0.06534278096368575,0.0457878153551236,0.30428681837725163,low_hedge_stable
2025-06-20,0.1505663819878184,0.6988672360243632,0.1505663819878184,1,0.2531028713239552,0.08443212818932032,20.6200008392334,0.7281304330831624,1.089982914652954,0.8,-0.013353473728078491,1.184383269077053,1.0,0.6940254838113089,0.19422754727170347,0.06570519697419962,0.04604177194278799,0.30597451618869104,low_hedge_stable
2025-06-21,0.1505663821094879,0.6988672357810243,0.1505663821094879,1,0.2531028709839454,0.08443212818932032,20.6200008392334,0.7453676224057706,1.083987150292732,0.8,0.0,1.184383269077053,1.0,0.6940254837023949,0.19422754732423134,0.06570519700692051,0.046041771966453204,0.3059745162976051,low_hedge_stable
2025-06-22,0.1505663841771871,0.6988672316456258,0.1505663841771871,1,0.253102865205682,0.08229646285443676,20.6200008392334,0.7526220440870497,1.0831170231231169,0.6,0.0,1.215119052891455,1.0,0.699438760934014,0.1907912884578332,0.0645427459518761,0.045227204656276526,0.30056123906598586,low_hedge_stable
2025-06-23,0.1505663840688647,0.6988672318622706,0.1505663840688646,1,0.253102865508393,0.08712895956619536,19.82999992370605,0.7856002432816303,1.0313486177601485,1.0,0.0,1.1477240230789856,1.0,0.6873083644552688,0.19849146292283804,0.06714763638320399,0.04705253623868903,0.31269163554473106,low_hedge_stable
2025-06-24,0.150566383899186,0.698867232201628,0.150566383899186,1,0.2531028659825666,0.09472977549617266,17.479999542236328,0.7766274473105887,0.8968502941958653,0.8,-0.00918431147955645,1.0556342974130692,1.0,0.6690577474446728,0.2100766518620964,0.07106678755672328,0.049798813136507525,0.3309422525553272,low_hedge_stable
2025-06-25,0.1505663818255039,0.6988672363489921,0.150566381825504,1,0.2531028717775491,0.0921745474282629,16.760000228881836,0.7573609833123588,0.8574947598347968,0.8,-0.013550507663613987,1.0848981935911044,1.0,0.6750840840506813,0.20625123365717365,0.06977268734462738,0.04889199494751765,0.32491591594931873,low_hedge_stable
2025-06-26,0.1505663817881539,0.6988672364236922,0.1505663817881539,1,0.2531028718819254,0.08939892990730894,16.59000015258789,0.7581252661299143,0.8514263664471332,1.0,-0.011654682180572862,1.118581621767537,1.0,0.6817544176575483,0.20201701653801973,0.0683402949028946,0.047888270901537286,0.31824558234245165,low_hedge_stable
2025-06-27,0.1505663817880445,0.6988672364239111,0.1505663817880445,1,0.2531028718822312,0.09023921680583019,16.31999969482422,0.7707007204383352,0.8331099733262612,0.8,-0.013952376054697013,1.108165646153294,1.0,0.6797211785360537,0.2033076830045088,0.06877691419591189,0.04819422426352544,0.3202788214639461,low_hedge_stable
2025-06-28,0.1505663817881155,0.698867236423769,0.1505663817881155,1,0.2531028718820326,0.09023921680583019,16.31999969482422,0.7796500446635573,0.8341367194628582,0.8,0.0,1.108165646153294,1.0,0.6797211785359888,0.20330768300454002,0.06877691419593158,0.0481942242635397,0.3202788214640113,low_hedge_stable
2025-06-29,0.1505663817883694,0.6988672364232612,0.1505663817883694,1,0.2531028718813231,0.09037025337413755,16.31999969482422,0.771020837430224,0.836986875568824,0.6,0.0,1.1065588096339047,1.0,0.6794052024001546,0.20350825941404435,0.06884476714821057,0.04824177103759052,0.32059479759984544,low_hedge_stable
2025-06-30,0.1505663817888275,0.698867236422345,0.1505663817888274,1,0.2531028718800431,0.08986943024122114,16.729999542236328,0.7780946421415141,0.860154763170784,0.6,-0.008168526813283172,1.112725425448755,1.0,0.6806144535771111,0.2027406468261916,0.06858509164407645,0.04805980795262081,0.3193855464228889,low_hedge_stable
2025-07-01,0.1505663817891552,0.6988672364216897,0.1505663817891552,1,0.2531028718791273,0.08873366572072952,16.829999923706055,0.7845129384426549,0.86387516574664,0.6,-0.011591470994003816,1.1269679798277341,1.0,0.6833728028579165,0.20098969245884102,0.06799276165193707,0.04764474303130545,0.31662719714208354,low_hedge_stable
2025-07-02,0.1505663817888508,0.6988672364222984,0.1505663817888508,1,0.2531028718799778,0.0889623173889285,16.639999389648438,0.7969173878858491,0.8564604864587415,0.8,0.0,1.1240714376044925,1.0,0.682815697078687,0.20134333396613632,0.06811239496454037,0.04772857399063634,0.31718430292131305,low_hedge_stable
2025-07-03,0.1505663817883149,0.6988672364233702,0.1505663817883149,1,0.2531028718814753,0.07788990894117796,16.3799991607666,0.7570526982261201,0.8331899302208827,0.8,0.0,1.25,1.0,0.7053546347877573,0.18703599018972397,0.06327236658610334,0.04433700843641544,0.2946453652122427,low_hedge_stable
2025-07-04,0.1505663817879081,0.6988672364241837,0.1505663817879081,1,0.2531028718826119,0.07788990894117796,16.3799991607666,0.7660546303918866,0.8439036033821642,0.8,0.0,1.25,1.0,0.7053546347881136,0.18703599018955128,0.06327236658599678,0.04433700843633839,0.29464536521188645,low_hedge_stable
2025-07-05,0.1505663817879031,0.6988672364241938,0.1505663817879031,1,0.2531028718826261,0.07788990894117796,16.3799991607666,0.7722808851847689,0.8548802251345778,0.8,0.0,1.25,1.0,0.705354634788118,0.1870359901895491,0.06327236658599546,0.044337008436337436,0.294645365211882,low_hedge_stable
2025-07-06,0.1505663817879096,0.6988672364241807,0.1505663817879096,1,0.2531028718826079,0.07370459103959426,16.3799991607666,0.7627521427619054,0.8716652348988022,0.8,0.0,1.25,1.0,0.7053546347881123,0.18703599018955192,0.06327236658599718,0.04433700843633868,0.2946453652118878,low_hedge_stable
2025-07-07,0.1505663817879096,0.6988672364241807,0.1505663817879096,1,0.2531028718826079,0.0717042763774809,17.790000915527344,0.7898499024408143,0.9596782709697718,0.6,0.0,1.25,1.0,0.7053546347881123,0.18703599018955192,0.06327236658599718,0.04433700843633868,0.2946453652118878,low_hedge_stable
2025-07-08,0.1505663817879093,0.6988672364241814,0.1505663817879093,1,0.2531028718826087,0.07188027977677985,16.809999465942383,0.7778454231933665,0.9138765748043935,0.6,-0.004491304383957617,1.25,1.0,0.7053546347881126,0.18703599018955175,0.06327236658599708,0.044337008436338615,0.29464536521188744,low_hedge_stable
2025-07-09,0.150566381787902,0.698867236424196,0.150566381787902,1,0.2531028718826292,0.07276919496946324,15.9399995803833,0.7777201911214628,0.8691321286211269,0.8,0.0,1.25,1.0,0.705354634788119,0.18703599018954864,0.06327236658599517,0.044337008436337234,0.29464536521188106,low_hedge_stable
2025-07-10,0.1505663817879012,0.6988672364241976,0.1505663817879012,1,0.2531028718826316,0.07063396702769614,15.779999732971191,0.7776160476193862,0.8673123276573178,0.8,0.0,1.25,1.0,0.7053546347881198,0.1870359901895484,0.06327236658599497,0.04433700843633709,0.29464536521188045,low_hedge_stable
2025-07-11,0.1505663817879008,0.6988672364241983,0.1505663817879008,1,0.2531028718826323,0.07339733276736721,16.399999618530273,0.7996871301444904,0.9190951781091192,0.6,0.0,1.25,1.0,0.7053546347881199,0.1870359901895481,0.06327236658599483,0.04433700843633699,0.29464536521187995,low_hedge_stable
2025-07-12,0.1505663817879008,0.6988672364241985,0.1505663817879008,1,0.2531028718826327,0.07339733276736721,16.399999618530273,0.799680732698236,0.9313146571057295,0.6,0.0,1.25,1.0,0.7053546347881199,0.1870359901895481,0.06327236658599483,0.044337008436337,0.29464536521187995,low_hedge_stable
2025-07-13,0.1505663817879008,0.6988672364241985,0.1505663817879007,1,0.2531028718826327,0.0682875962692372,16.399999618530273,0.7636702982249071,0.9517398833029111,0.6,0.0,1.25,1.0,0.7053546347881201,0.18703599018954814,0.06327236658599485,0.044337008436337005,0.29464536521188,low_hedge_stable
2025-07-14,0.1505663817879008,0.6988672364241983,0.1505663817879008,1,0.2531028718826327,0.05920316698336669,17.200000762939453,0.7474486552899712,1.0103463968308841,0.8,0.0,1.25,1.0,0.7053546347881199,0.1870359901895481,0.06327236658599483,0.04433700843633699,0.29464536521187995,low_hedge_stable
2025-07-15,0.1505663817879018,0.6988672364241962,0.1505663817879018,1,0.2531028718826296,0.06257987670210302,17.3799991607666,0.772362842779067,1.0242386866191955,0.6,0.0,1.25,1.0,0.7053546347881191,0.18703599018954858,0.06327236658599512,0.0443370084363372,0.2946453652118809,low_hedge_stable
2025-07-16,0.1505663817879021,0.6988672364241957,0.1505663817879021,1,0.2531028718826288,0.0581849548122557,17.15999984741211,0.7609207265588533,1.0137379350915814,0.8,0.0,1.25,1.0,0.7053546347881189,0.18703599018954867,0.06327236658599518,0.04433700843633725,0.2946453652118811,low_hedge_stable
2025-07-17,0.1505663817879022,0.6988672364241956,0.1505663817879022,1,0.2531028718826287,0.05935648856285085,16.520000457763672,0.7569762790526873,0.9734087303285703,0.8,0.0,1.25,1.0,0.7053546347881187,0.18703599018954875,0.06327236658599522,0.04433700843633726,0.2946453652118812,low_hedge_stable
2025-07-18,0.1505663817879014,0.6988672364241973,0.1505663817879013,1,0.2531028718826309,0.0595870013060709,16.40999984741211,0.7615903856801828,0.9672652486973395,0.8,0.0,1.25,1.0,0.7053546347881194,0.1870359901895484,0.063272366585995,0.04433700843633711,0.2946453652118805,low_hedge_stable
2025-07-19,0.1505663817879013,0.6988672364241973,0.1505663817879013,1,0.2531028718826311,0.0595870013060709,16.40999984741211,0.7669217066890347,0.9669977100610713,0.8,0.0,1.25,1.0,0.7053546347881195,0.1870359901895484,0.063272366585995,0.0443370084363371,0.2946453652118805,low_hedge_stable
2025-07-20,0.1505663817879014,0.6988672364241971,0.1505663817879014,1,0.2531028718826308,0.057987105348163384,16.40999984741211,0.7659643435785446,0.9728061155572972,0.8,0.0,1.25,1.0,0.7053546347881195,0.18703599018954842,0.06327236658599501,0.044337008436337116,0.29464536521188056,low_hedge_stable
2025-07-21,0.1505663817879013,0.6988672364241973,0.1505663817879013,1,0.2531028718826309,0.05795807705870895,16.649999618530273,0.7678230138139559,0.9855524879209774,0.8,0.0,1.25,1.0,0.7053546347881195,0.1870359901895484,0.063272366585995,0.0443370084363371,0.2946453652118805,low_hedge_stable
2025-07-22,0.1505663817879021,0.6988672364241958,0.1505663817879021,1,0.2531028718826289,0.05638035569729536,16.5,0.7589987048425417,0.9813802665455637,0.8,0.0,1.25,1.0,0.7053546347881188,0.18703599018954867,0.06327236658599517,0.04433700843633724,0.2946453652118811,low_hedge_stable
2025-07-23,0.1505663817879026,0.6988672364241949,0.1505663817879026,1,0.2531028718826277,0.057474400617824106,15.369999885559082,0.7539456067459193,0.9154434253851546,0.8,-0.012970262080467254,1.25,1.0,0.7053546347881183,0.1870359901895489,0.0632723665859953,0.04433700843633734,0.29464536521188156,low_hedge_stable
2025-07-24,0.1505663817879029,0.6988672364241942,0.1505663817879029,1,0.2531028718826267,0.05743210367268983,15.390000343322754,0.7532843874377166,0.9191125895253673,0.8,-0.012066226396759139,1.25,1.0,0.705354634788118,0.18703599018954903,0.0632723665859954,0.0443370084363374,0.29464536521188184,low_hedge_stable
2025-07-25,0.1505663817879024,0.6988672364241952,0.1505663817879024,1,0.2531028718826281,0.05866679798088892,14.93000030517578,0.757639691180205,0.8909223161489648,0.8,-0.014899090577782936,1.25,1.0,0.7053546347881187,0.18703599018954883,0.06327236658599528,0.04433700843633732,0.2946453652118814,low_hedge_stable
2025-07-26,0.1505663817879022,0.6988672364241956,0.1505663817879022,1,0.2531028718826287,0.05866679798088892,14.93000030517578,0.7668116499790221,0.8949589906871268,0.8,0.0,1.25,1.0,0.7053546347881187,0.18703599018954875,0.06327236658599522,0.04433700843633726,0.2946453652118812,low_hedge_stable
2025-07-27,0.1505663817879018,0.6988672364241962,0.1505663817879018,1,0.2531028718826297,0.04982911873439611,14.93000030517578,0.727497970644262,0.8953778746902294,1.0,0.0,1.25,1.0,0.7053546347881191,0.18703599018954858,0.06327236658599512,0.0443370084363372,0.2946453652118809,low_hedge_stable
2025-07-28,0.1505663817879014,0.6988672364241971,0.1505663817879014,1,0.2531028718826307,0.04969325499208437,15.029999732971191,0.7443177799344005,0.9063752176781698,0.8,-0.01986351659378527,1.25,1.0,0.7053546347881195,0.18703599018954842,0.06327236658599501,0.044337008436337116,0.29464536521188056,low_hedge_stable
2025-07-29,0.1505663817879019,0.6988672364241961,0.1505663817879019,1,0.2531028718826296,0.04836307377727736,15.979999542236328,0.7588993392145533,0.9740449785839872,1.0,-0.010542395620788514,1.25,1.0,0.705354634788119,0.1870359901895486,0.06327236658599515,0.044337008436337214,0.29464536521188095,low_hedge_stable
2025-07-30,0.1505663817879322,0.6988672364241356,0.1505663817879321,1,0.2531028718825449,0.048376172197308415,15.479999542236328,0.7336048362585992,0.9480432405273723,0.6,-0.017267188289475044,1.25,1.0,0.7053546347880925,0.1870359901895615,0.06327236658600308,0.04433700843634295,0.29464536521190754,low_hedge_stable
2025-07-31,0.1505663833036951,0.6988672333926099,0.1505663833036951,1,0.2531028676466883,0.04865450396381571,16.719999313354492,0.7760752130083018,1.0242986732204913,0.6,-0.014356874602959646,1.25,1.0,0.7053546334601494,0.1870359908332645,0.06327236698312798,0.04433700872345825,0.29464536653985074,low_hedge_stable
2025-08-01,0.1505671659696461,0.5161010645131315,0.3333317695172224,1,0.0964454678521867,0.07776334338559505,20.3799991607666,1.0396569089679009,1.2526634839095312,0.2,0.0,1.25,1.0,0.6455414868518278,0.21351644489818267,0.08325396399467938,0.057688104255309985,0.354458513148172,moderate_hedge_uncertain
2025-08-02,0.1505671735642169,0.3333341205623606,0.5160987058734224,2,0.0964445238111871,0.07776334338559505,20.3799991607666,1.0429925020928996,1.2375996540207908,0.2,0.0,1.25,1.0,0.5840386522751668,0.2407449276559257,0.10380005440395294,0.07141636566495449,0.4159613477248332,moderate_hedge_uncertain
2025-08-03,0.150581180911118,0.1505811809111181,0.6988376381777639,2,0.2530615170693984,0.07739051119569546,20.3799991607666,1.045750512389166,1.2277209413967638,0.4,0.0,1.25,1.0,0.5207749885794679,0.2687535006852319,0.12493393245760749,0.08553757827769272,0.4792250114205321,moderate_hedge_uncertain
2025-08-04,0.1505816766213876,0.3333447930381552,0.5160735303404573,2,0.0964240159661384,0.09317731661624369,17.520000457763672,1.075136124594121,1.0362234100140004,0.8,-0.001663404341475161,1.073222578536533,1.0,0.5465888613871488,0.26242026538289565,0.11314486213189959,0.07784601109805593,0.45341113861285115,moderate_hedge_uncertain
2025-08-05,0.1505817555704573,0.5161115639016449,0.3333066805278977,1,0.0964390933890634,0.09482746726321511,17.850000381469727,1.0845161819372071,1.0623109791787007,0.8,-0.005101433024057855,1.0545467772794919,1.0,0.6057461018100363,0.23748874389528504,0.0926004559223016,0.06416469837237714,0.3942538981899638,moderate_hedge_uncertain
2025-08-06,0.1505677490430807,0.6988645019138385,0.1505677490430807,1,0.2530990510526588,0.09622467865498774,16.770000457763672,1.0697157725600985,0.9953830907556507,0.8,-0.007410552058005004,1.0392344396238373,1.0,0.6655804633252604,0.21228377045828936,0.07181361660424095,0.05032214961220921,0.3344195366747395,low_hedge_stable
2025-08-07,0.1505664712569397,0.6988670574861207,0.1505664712569397,1,0.2531026218580998,0.0962417445448846,16.56999969482422,1.080082549835207,0.9830543270719349,0.8,0.0,1.039050159293015,1.0,0.6655421885185088,0.21230825731300126,0.07182172864211803,0.05032782552637183,0.3344578114814911,low_hedge_stable
2025-08-08,0.1505663847593153,0.6988672304813693,0.1505663847593153,1,0.2531028635789027,0.09974116112005021,15.149999618530272,1.0712643778396593,0.8937394422430499,0.8,-0.006325105396689401,1.0025951059426534,1.0,0.6575457798227198,0.2173842578030152,0.07353887619294203,0.05153108618132294,0.3424542201772802,low_hedge_stable
2025-08-09,0.1505663824713585,0.698867235057283,0.1505663824713585,1,0.2531028699726841,0.09974116112005021,15.149999618530272,1.0762834672522683,0.8971887767526115,0.8,0.0,1.0025951059426534,1.0,0.6575457819945079,0.21738425677396286,0.07353887553014975,0.0515310857013796,0.3424542180054922,low_hedge_stable
2025-08-10,0.1505663819020862,0.6988672361958275,0.1505663819020863,1,0.253102871563537,0.09968633212992681,15.149999618530272,1.0807565680964881,0.9032509496573222,0.8,0.0,1.0031465484121171,1.0,0.6576695897934014,0.2173056657239602,0.07351228890173593,0.05151245558090261,0.34233041020659877,low_hedge_stable
2025-08-11,0.1505663822226449,0.6988672355547102,0.1505663822226449,1,0.2531028706677238,0.10012200568692942,16.25,1.1051103440024117,0.9726975526889671,0.6,-0.0014943669763313183,0.9987814298555813,1.0,0.6561613826861756,0.2177548720001902,0.07366425084456701,0.05241949446906727,0.3438386173138245,low_hedge_stable
2025-08-12,0.1505663822245573,0.6988672355508854,0.1505663822245573,1,0.2531028706623796,0.1026251177754391,14.729999542236328,1.0980089722065565,0.8802498868409545,0.8,0.0,0.9744203189984805,1.0,0.6401570601109692,0.21775487200105076,0.07366425084512161,0.06842381704285845,0.3598429398890308,moderate_hedge_uncertain
2025-08-13,0.1505663822812569,0.6988672354374861,0.150566382281257,1,0.2531028705039303,0.10306994014379742,14.489999771118164,1.1023425471539385,0.864963990694797,0.8,0.0,0.9702149808225909,1.0,0.6373943129454129,0.2177548720265656,0.07366425086156451,0.07118656416645693,0.362605687054587,moderate_hedge_uncertain
2025-08-14,0.150566381976606,0.6988672360467879,0.150566381976606,1,0.2531028713552886,0.10231058827158837,14.829999923706056,1.1256255292466273,0.8901033442447686,0.8,-0.00946435610336549,0.9774159418822341,1.0,0.642125070553096,0.2177548718894727,0.07366425077321574,0.06645580678421568,0.35787492944690413,moderate_hedge_uncertain
2025-08-15,0.1505663819773595,0.6988672360452809,0.1505663819773595,1,0.253102871353183,0.10283866101444163,15.09000015258789,1.1359535305204704,0.9078480432291107,0.8,-0.012712698480709328,0.9723969469609975,1.0,0.6388277819265378,0.21775487188981177,0.07366425077343426,0.06975309541021625,0.3611722180734623,moderate_hedge_uncertain
2025-08-16,0.1505663819536687,0.6988672360926624,0.1505663819536687,1,0.2531028714193877,0.10283866101444163,15.09000015258789,1.1331705343742227,0.9074016838225328,0.8,0.0,0.9723969469609975,1.0,0.6388277819484226,0.21775487187915094,0.07366425076656394,0.06975309540586247,0.3611722180515774,moderate_hedge_uncertain
2025-08-17,0.1505663819780051,0.6988672360439897,0.1505663819780052,1,0.2531028713513786,0.10281770634705586,15.09000015258789,1.128998886248577,0.9069807469527793,0.8,0.0,0.9725951254198879,1.0,0.6389579776301895,0.21775487189010231,0.07366425077362149,0.06962289970608673,0.36104202236981053,moderate_hedge_uncertain
2025-08-18,0.1505663819566724,0.6988672360866551,0.1505663819566724,1,0.2531028714109939,0.10218650959538349,14.989999771118164,1.127013782397704,0.9012010250993246,0.6,-0.01998508448874492,0.9786027568214125,1.0,0.642904762813076,0.2177548718805026,0.07366425076743502,0.0656761145389865,0.35709523718692415,moderate_hedge_uncertain
2025-08-19,0.1505663822985623,0.6988672354028754,0.1505663822985623,1,0.2531028704555699,0.10426690318909425,15.56999969482422,1.1651584607529304,0.9405239106646338,0.8,-0.027861131791194427,0.9590771082808899,1.0,0.630077154612453,0.21775487203435304,0.07366425086658307,0.07850372248661108,0.36992284538754716,moderate_hedge_uncertain
2025-08-20,0.1505663825301616,0.6988672349396768,0.1505663825301616,1,0.2531028698083567,0.10375458747690887,15.6899995803833,1.1679317758953327,0.9497411071300741,0.8,-0.017111779246410497,0.9638128051181885,1.0,0.6331883269668022,0.2177548721385727,0.07366425093374686,0.07539254996087826,0.3668116730331978,moderate_hedge_uncertain
2025-08-21,0.1505663825283553,0.6988672349432892,0.1505663825283554,1,0.2531028698134043,0.08456485981092995,16.600000381469727,1.0778355446504904,1.0045382339548081,0.4,-0.017617533921785555,1.1825242804585725,1.0,0.6936918123065958,0.1944393563339754,0.06577684988475906,0.0460919814746697,0.3063081876934042,low_hedge_stable
2025-08-22,0.1505663821329352,0.6988672357341296,0.1505663821329352,1,0.253102870918421,0.09833037937350894,14.220000267028809,1.1304380381700816,0.8587086160190264,0.8,-0.004287689760831714,1.0169797028866225,1.0,0.6607463180710196,0.21535260961604025,0.07285158998468996,0.051049482328250136,0.3392536819289803,low_hedge_stable
2025-08-23,0.1505663818154169,0.6988672363691663,0.1505663818154169,1,0.2531028718057379,0.09833037937350894,14.220000267028809,1.1315675229821578,0.8764675186246162,0.8,0.0,1.0169797028866225,1.0,0.6607463183710529,0.21535260947364246,0.07285158989325648,0.05104948226204832,0.33925368162894726,low_hedge_stable
2025-08-24,0.150566381810025,0.69886723637995,0.150566381810025,1,0.2531028718208058,0.08491299285357015,14.220000267028809,1.0553362208530122,0.9018139226737842,0.4,0.0,1.177676073347773,1.0,0.6928181715875963,0.19499392906839413,0.06596445609246634,0.04622344325154319,0.30718182841240366,low_hedge_stable
2025-08-25,0.1505663818357602,0.6988672363284796,0.1505663818357602,1,0.2531028717488877,0.08429711764695383,14.789999961853027,1.0817139188124751,0.9478282100544685,0.4,-0.016083606400431716,1.1862801812371768,1.0,0.6943652133672874,0.19401189260584703,0.06563224318302652,0.045990650843839104,0.3056347866327127,low_hedge_stable
2025-08-26,0.1505663818471273,0.6988672363057453,0.1505663818471273,1,0.253102871717122,0.08160154871196043,14.619999885559082,1.0645885938731308,0.947015144501441,0.6,-0.007009628004198909,1.2254669375575575,1.0,0.7012184198305292,0.18966159082422057,0.06416058049084977,0.044959408854400314,0.29878158016947065,low_hedge_stable
2025-08-27,0.1505663818766665,0.6988672362466668,0.1505663818766666,1,0.2531028716345732,0.08142957552523263,14.850000381469728,1.063961585412225,0.9646556388056681,0.4,-0.007317905880648734,1.2280550322777128,1.0,0.7016602374160346,0.1893811323459962,0.06406570425356324,0.04489292598440582,0.2983397625839653,low_hedge_stable
2025-08-28,0.1505663818765502,0.6988672362468996,0.1505663818765502,1,0.2531028716348984,0.07814782223933057,14.43000030517578,1.0356918660325034,0.9433508031751489,0.6,-0.006087552125566331,1.25,1.0,0.7053546347104552,0.1870359902271951,0.06327236660922068,0.04433700845312894,0.2946453652895447,low_hedge_stable
2025-08-29,0.1505663836723839,0.698867232655232,0.150566383672384,1,0.2531028666163732,0.08186264581129919,15.359999656677246,1.0807974308305583,1.0106938933233172,0.4,-0.008750345721312391,1.221558367787294,1.0,0.7005486943211626,0.19008672122413256,0.06430439798577534,0.04506018646892929,0.29945130567883715,low_hedge_stable
2025-08-30,0.1505663853387431,0.6988672293225138,0.1505663853387431,1,0.25310286195967,0.08186264581129919,15.359999656677246,1.076953772117911,1.0099789293720116,0.4,0.0,1.221558367787294,1.0,0.700548692847581,0.19008672193691512,0.06430439842730616,0.045060186788197704,0.29945130715241897,low_hedge_stable
2025-08-31,0.150566386162916,0.6988672276741679,0.150566386162916,1,0.2531028596564878,0.08132752077021557,15.359999656677246,1.0733027593249957,1.011009961147204,0.4,0.0,1.229596070960309,1.0,0.7019226866076439,0.18921453338273422,0.06400934603771474,0.04485343397190716,0.29807731339235616,low_hedge_stable
2025-09-01,0.1505663879520649,0.6988672240958701,0.150566387952065,1,0.2531028546566438,0.07239211428680706,15.359999656677246,1.0109506712463818,1.0195435459870161,0.4,0.0,1.25,1.0,0.7053546293877636,0.18703599280729985,0.06327236820098563,0.04433700960395089,0.29464537061223633,low_hedge_stable
2025-09-02,0.1505732941701519,0.698853411659696,0.1505732941701519,1,0.2530835553831597,0.07609984469052852,17.170000076293945,1.0706812891053863,1.140834139472397,0.2,0.0,1.25,1.0,0.7053485789175707,0.18703892569311434,0.06327417761001909,0.04433831777929575,0.2946514210824292,low_hedge_stable
2025-09-03,0.1505735783367746,0.6988528433264506,0.1505735783367747,1,0.2530827613035009,0.07881040750280931,16.350000381469727,1.057576152022902,1.0760147020864783,0.2,0.0,1.25,1.0,0.7053483299616037,0.18703904637124363,0.0632742520609562,0.044338371606196414,0.29465167003839626,low_hedge_stable
2025-09-04,0.1505735752205608,0.6988528495588784,0.1505735752205609,1,0.25308277001149,0.08373863568059443,15.300000190734863,1.0578892379315643,0.995636879025277,0.6,-0.009783342954407304,1.1941918946641494,1.0,0.6957676535290772,0.19312067050702708,0.06533163074610253,0.04578004521779311,0.30423234647092273,low_hedge_stable
2025-09-05,0.1505666728280008,0.6988666543439983,0.1505666728280009,1,0.2531020585608337,0.08457317418094636,15.18000030517578,1.0578878665189468,0.990386113628733,0.6,-0.007796514420539746,1.1824080267585508,1.0,0.6936706616443865,0.1944527427491725,0.06578141408700605,0.046095181519434994,0.30632933835561355,low_hedge_stable
2025-09-06,0.1505663934194976,0.6988672131610048,0.1505663934194976,1,0.2531028393776979,0.08457317418094636,15.18000030517578,1.055988923779537,0.9900919517777231,0.6,0.0,1.1824080267585508,1.0,0.6936709119222496,0.19445262206279385,0.06578133888533513,0.04609512712962145,0.30632908807775044,low_hedge_stable
2025-09-07,0.1505663988044164,0.6988672023911672,0.1505663988044164,1,0.2531028243293408,0.08455876516156799,15.18000030517578,1.0523447730516287,0.989252548464698,0.6,0.0,1.1826095119639952,1.0,0.6937071119015688,0.19442964218075126,0.06577356568801476,0.04608968022966521,0.30629288809843125,low_hedge_stable
2025-09-08,0.1505663933983056,0.6988672132033888,0.1505663933983056,1,0.2531028394369198,0.08204888304303917,15.109999656677246,1.024719486611194,0.978185802297441,0.8,-0.0029771670637944725,1.218785634748306,1.0,0.700071761351069,0.19038946906023438,0.06440681566078124,0.04513195392791536,0.299928238648931,low_hedge_stable
2025-09-09,0.1505663877984973,0.6988672244030054,0.1505663877984973,1,0.2531028550857943,0.08123383864468552,15.039999961853027,1.0095626137927418,0.970648918346687,0.8,-0.003983420659081527,1.2310140905367914,1.0,0.7021637792474108,0.18906149155745006,0.06395757374538849,0.04481715544975053,0.2978362207525891,low_hedge_stable
2025-09-10,0.1505663819356227,0.6988672361287546,0.1505663819356227,1,0.2531028714698181,0.0793012978257963,15.350000381469728,1.005812214458968,0.9881595064567581,1.0,0.0,1.25,1.0,0.7053546346587025,0.1870359902522816,0.0632723666246975,0.044337008464318435,0.29464536534129754,low_hedge_stable
2025-09-11,0.1505663817992467,0.6988672364015064,0.1505663817992468,1,0.2531028718509257,0.06548329193884006,14.710000038146973,0.862040865218408,0.9514169927748154,0.8,0.0,1.25,1.0,0.7053546347781801,0.18703599019436648,0.06327236658896745,0.04433700843848615,0.2946453652218201,low_hedge_stable
2025-09-12,0.1505663817909206,0.6988672364181588,0.1505663817909206,1,0.2531028718741936,0.06555870794936802,14.760000228881836,0.8728429398485033,0.9533252955514216,1.0,0.0,1.25,1.0,0.7053546347854743,0.18703599019083056,0.06327236658678602,0.04433700843690901,0.2946453652145256,low_hedge_stable
2025-09-13,0.1505663817884178,0.6988672364231644,0.1505663817884178,1,0.2531028718811876,0.06555870794936802,14.760000228881836,0.8721786612715261,0.9515998306371576,1.0,0.0,1.25,1.0,0.7053546347876671,0.18703599018976771,0.06327236658613031,0.04433700843643494,0.294645365212333,low_hedge_stable
2025-09-14,0.1505663817880212,0.6988672364239574,0.1505663817880213,1,0.2531028718822961,0.06260006031029765,14.760000228881836,0.8303662357220944,0.9471921238953283,1.0,0.0,1.25,1.0,0.7053546347880144,0.1870359901895993,0.0632723665860264,0.04433700843635982,0.2946453652119855,low_hedge_stable
2025-09-15,0.1505663817880003,0.6988672364239994,0.1505663817880003,1,0.2531028718823545,0.06345408987149144,15.6899995803833,0.8505432302684517,1.0035636276209676,1.0,0.0,1.25,1.0,0.7053546347880328,0.18703599018959038,0.06327236658602092,0.04433700843635585,0.29464536521196716,low_hedge_stable
2025-09-16,0.1505663817884548,0.6988672364230903,0.1505663817884549,1,0.2531028718810842,0.06396552903331262,16.360000610351562,0.8692284930681462,1.0459207911830986,1.0,0.0,1.25,1.0,0.7053546347876345,0.18703599018978337,0.06327236658613998,0.04433700843644193,0.2946453652123653,low_hedge_stable
2025-09-17,0.1505663817885766,0.6988672364228468,0.1505663817885766,1,0.253102871880744,0.06372942122663022,15.720000267028809,0.8529155575637477,1.0047694350501828,1.0,-0.0038275529924859386,1.25,1.0,0.705354634787528,0.18703599018983516,0.06327236658617191,0.04433700843646502,0.2946453652124721,low_hedge_stable
2025-09-18,0.1505663817885366,0.6988672364229268,0.1505663817885366,1,0.2531028718808558,0.059839204324255324,15.699999809265137,0.8135948905486196,0.9914780247612702,1.0,-0.0030567572381285935,1.25,1.0,0.705354634787563,0.18703599018981815,0.06327236658616142,0.04433700843645744,0.294645365212437,low_hedge_stable
2025-09-19,0.1505663817880341,0.6988672364239318,0.1505663817880341,1,0.2531028718822601,0.06095773861748091,15.449999809265137,0.8196111513360675,0.9698880797994494,1.0,-0.0068280037796047965,1.25,1.0,0.7053546347880032,0.18703599018960473,0.06327236658602978,0.044337008436362256,0.29464536521199675,low_hedge_stable
2025-09-20,0.1505663817879054,0.6988672364241891,0.1505663817879054,1,0.2531028718826198,0.06095773861748091,15.449999809265137,0.8195035298689746,0.9695959385720023,1.0,0.0,1.25,1.0,0.705354634788116,0.18703599018955008,0.06327236658599607,0.04433700843633788,0.294645365211884,low_hedge_stable
2025-09-21,0.1505663817879037,0.6988672364241926,0.1505663817879037,1,0.2531028718826245,0.06095773861748091,15.449999809265137,0.8185768839584422,0.9693039677061377,1.0,0.0,1.25,1.0,0.7053546347881174,0.1870359901895494,0.06327236658599562,0.04433700843633756,0.29464536521188256,low_hedge_stable
2025-09-22,0.1505663817879062,0.6988672364241877,0.1505663817879062,1,0.2531028718826176,0.05177290391250117,16.100000381469727,0.7999049171361416,1.0024283536213574,1.0,-0.008067619606485055,1.25,1.0,0.7053546347881152,0.18703599018955044,0.06327236658599628,0.04433700843633802,0.2946453652118848,low_hedge_stable
2025-09-23,0.1505663817880463,0.6988672364239074,0.1505663817880464,1,0.2531028718822259,0.05686366845075597,16.639999389648438,0.8381868232460089,1.0478040037591094,1.0,-0.006157796594503995,1.25,1.0,0.7053546347879924,0.18703599018960992,0.06327236658603297,0.04433700843636457,0.29464536521200746,low_hedge_stable
2025-09-24,0.1505663817881496,0.6988672364237007,0.1505663817881496,1,0.2531028718819373,0.05342046046598342,16.18000030517578,0.8047202512604814,1.0267498741273404,1.0,-0.011420203089644643,1.25,1.0,0.705354634787902,0.1870359901896538,0.06327236658606004,0.04433700843638413,0.29464536521209794,low_hedge_stable
2025-09-25,0.1505663817886025,0.6988672364227948,0.1505663817886026,1,0.2531028718806715,0.05541724499242026,16.739999771118164,0.8541622957811766,1.0593310965000826,0.8,-0.021307022484563398,1.25,1.0,0.7053546347875054,0.1870359901898462,0.06327236658617873,0.04433700843646994,0.29464536521249485,low_hedge_stable
2025-09-26,0.1505663817884704,0.698867236423059,0.1505663817884704,1,0.2531028718810406,0.057764977003144286,15.289999961853027,0.8358593862694137,0.9596920577768786,0.8,-0.023301498418508815,1.25,1.0,0.705354634787621,0.18703599018979006,0.0632723665861441,0.0443370084364449,0.29464536521237905,low_hedge_stable
2025-09-27,0.150566381788376,0.6988672364232479,0.150566381788376,1,0.2531028718813044,0.057764977003144286,15.289999961853027,0.8346548833393925,0.9593431428090493,0.8,0.0,1.25,1.0,0.7053546347877038,0.18703599018974995,0.06327236658611936,0.044337008436427024,0.29464536521229634,low_hedge_stable
2025-09-28,0.1505663817879245,0.6988672364241509,0.1505663817879245,1,0.2531028718825663,0.057747849689162696,15.289999961853027,0.839239162110947,0.9612853919528622,0.8,0.0,1.25,1.0,0.7053546347880992,0.18703599018955822,0.06327236658600106,0.044337008436341495,0.29464536521190077,low_hedge_stable
2025-09-29,0.1505663817879284,0.6988672364241433,0.1505663817879284,1,0.2531028718825555,0.05790929087282113,16.1200008392334,0.8637273232660401,1.010605641170234,1.0,-0.007831777305277399,1.25,1.0,0.7053546347880957,0.18703599018955988,0.06327236658600208,0.04433700843634223,0.2946453652119042,low_hedge_stable
2025-09-30,0.1505663817879448,0.6988672364241102,0.1505663817879449,1,0.2531028718825093,0.058338175703883784,16.280000686645508,0.8708657540217919,1.0168691697058727,0.8,-0.007379518095402715,1.25,1.0,0.7053546347880815,0.18703599018956688,0.06327236658600639,0.04433700843634535,0.29464536521191864,low_hedge_stable
2025-10-01,0.1505663817879808,0.6988672364240383,0.1505663817879808,1,0.2531028718824089,0.052746386981295815,16.290000915527344,0.8577056356072545,1.0172523488159018,0.8,0.0,1.25,1.0,0.70535463478805,0.18703599018958217,0.06327236658601582,0.04433700843635216,0.29464536521195017,low_hedge_stable
2025-10-02,0.1505663817880559,0.6988672364238883,0.1505663817880559,1,0.2531028718821992,0.05252588097093607,16.6299991607666,0.8631108726958416,1.0311124632657438,0.8,0.0,1.25,1.0,0.7053546347879841,0.187035990189614,0.06327236658603548,0.04433700843636638,0.2946453652120159,low_hedge_stable
2025-10-03,0.1505663817881023,0.6988672364237952,0.1505663817881024,1,0.2531028718820693,0.05252976413994865,16.649999618530273,0.8675113051287502,1.0261348328368216,0.8,0.0,1.25,1.0,0.7053546347879435,0.18703599018963374,0.06327236658604767,0.04433700843637518,0.2946453652120566,low_hedge_stable
2025-10-04,0.1505663817881174,0.6988672364237651,0.1505663817881174,1,0.2531028718820272,0.05252976413994865,16.649999618530273,0.8699114474451983,1.0199509641066566,0.8,0.0,1.25,1.0,0.7053546347879301,0.18703599018964012,0.06327236658605159,0.04433700843637803,0.29464536521206974,low_hedge_stable
2025-10-05,0.1505663817881395,0.6988672364237208,0.1505663817881396,1,0.2531028718819653,0.05010610279966385,16.649999618530273,0.8579736457971419,1.0222436031756217,0.8,0.0,1.25,1.0,0.7053546347879107,0.1870359901896495,0.0632723665860574,0.04433700843638222,0.2946453652120891,low_hedge_stable
2025-10-06,0.1505663817880815,0.6988672364238369,0.1505663817880816,1,0.2531028718821274,0.050385315588208184,16.3700008392334,0.8593089531393332,0.999716278526865,0.8,0.0,1.25,1.0,0.7053546347879616,0.1870359901896249,0.06327236658604221,0.044337008436371235,0.2946453652120383,low_hedge_stable
2025-10-07,0.150566381789333,0.698867236421334,0.1505663817893331,1,0.2531028718786302,0.052563307632912726,17.239999771118164,0.9061082328140257,1.05138634945179,0.8,-0.002964674127066469,1.25,1.0,0.7053546347868654,0.1870359901901564,0.0632723665863701,0.0443370084366083,0.29464536521313484,low_hedge_stable
2025-10-08,0.1505663817893887,0.6988672364212225,0.1505663817893887,1,0.2531028718784744,0.0539749078767866,16.299999237060547,0.8944131113548438,0.9898993877794742,1.0,-0.0013131383857243328,1.25,1.0,0.7053546347868165,0.18703599019018002,0.06327236658638467,0.04433700843661884,0.2946453652131836,low_hedge_stable
2025-10-09,0.1505663819574511,0.6988672360850977,0.1505663819574511,1,0.2531028714088178,0.05345694321537892,16.43000030517578,0.8984724643643388,1.0028323967487205,1.0,-0.009959471795216945,1.25,1.0,0.7053546346395788,0.18703599026155154,0.06327236663041648,0.04433700846845316,0.2946453653604212,low_hedge_stable
2025-10-10,0.150566381956144,0.5161002845422804,0.3333333335015756,1,0.0964457246390199,0.11165409605512394,21.65999984741211,1.4169255670513516,1.3278251865802764,0.4,-0.0007997698119054375,0.8956232107295887,1.0,0.5310987460845141,0.2451699146120795,0.09559628495273353,0.12813505435067274,0.46890125391548576,moderate_hedge_uncertain
2025-10-11,0.1505663819559783,0.3333333329971791,0.5161002850468426,2,0.0964457248399145,0.11165409605512394,21.65999984741211,1.4121667368553106,1.3036146853458774,0.4,0.0,0.8956232107295887,1.0,0.4738071326992222,0.2725849573438199,0.11752831913813741,0.13607959081882043,0.5261928673007776,moderate_hedge_uncertain
2025-10-12,0.1505663817879011,0.1505663817879011,0.6988672364241978,2,0.2531028718826318,0.10980052004408347,21.65999984741211,1.4165594976774774,1.2873173002252938,0.6,0.0,0.9107424988501995,1.0,0.4235468447618244,0.3,0.1394603532748469,0.13699280196332866,0.5764531552381755,high_hedge_risk_off
2025-10-13,0.1505664096645316,0.1505664096645316,0.6988671806709368,2,0.2531027939803435,0.12273408112352079,19.030000686645508,1.4193024693418705,1.105334753967964,0.8,-0.004296305722771732,0.8147696148012794,1.0,0.37891402022101395,0.30000000000000004,0.13946035132348278,0.18162562845550326,0.621085979778986,high_hedge_risk_off
2025-10-14,0.150566409667019,0.150566409667019,0.698867180665962,2,0.2531027939733925,0.12225308963155009,20.809999465942383,1.4563171764415046,1.1907041831858474,0.8,0.0,0.8179752372834331,1.0,0.38040481624497435,0.3,0.13946035132330867,0.180134832431717,0.6195951837550256,high_hedge_risk_off
2025-10-15,0.150566410549494,0.150566410549494,0.698867178901012,2,0.2531027915072833,0.12183283828247629,20.63999938964844,1.4333750025476286,1.1587840761258186,1.0,-0.00445347436843091,0.8207967688329183,1.0,0.3817169883021928,0.3,0.13946035126153541,0.17882266043627182,0.6182830116978072,high_hedge_risk_off
2025-10-16,0.1505663826728631,0.1505663826728632,0.6988672346542737,2,0.2531028694095718,0.12291134460739733,25.309999465942383,1.5438704028808201,1.396427098196643,0.6,0.0,0.8135945491396209,1.0,0.3783675459354606,0.29999999999999993,0.13946035321289957,0.18217210085163987,0.6216324540645394,high_hedge_risk_off
2025-10-17,0.1505663828200194,0.1505663828200195,0.6988672343599611,2,0.2531028689983381,0.12458850550774032,20.780000686645508,1.4356694103408372,1.1240853685107528,0.8,-0.026721129655633113,0.8026422629637153,1.0,0.373274112556964,0.3,0.13946035320259864,0.18726553424043735,0.6267258874430359,high_hedge_risk_off
2025-10-18,0.1505663823492117,0.1505663823492117,0.6988672353015766,2,0.2531028703140281,0.12458850550774032,20.780000686645508,1.4262777520982632,1.1075250963453316,0.8,0.0,0.8026422629637153,1.0,0.373274112519175,0.3,0.13946035323555517,0.1872655342452698,0.6267258874808249,high_hedge_risk_off
2025-10-19,0.1505663842700171,0.1505663842700172,0.6988672314599658,2,0.253102864946265,0.12421333683509607,20.780000686645508,1.4174641868160731,1.096658695392887,0.8,0.0,0.805066529472263,1.0,0.37440153390646336,0.3,0.13946035310109878,0.18613811299243788,0.6255984660935366,high_hedge_risk_off
2025-10-20,0.1505669594937801,0.1505669594937801,0.6988660810124397,2,0.2531012574646608,0.1289638593105357,18.229999542236328,1.3749458885449273,0.9504013595551752,0.8,-0.030542811941191794,0.7754110379033183,1.0,0.3606100952899951,0.3,0.1394603128354354,0.1999295918745695,0.6393899047100049,high_hedge_risk_off
2025-10-21,0.1505694428233923,0.1505694428233923,0.6988611143532154,2,0.2530943177846062,0.12848169159334322,17.8700008392334,1.3486607624823952,0.9310352256461839,0.8,-0.0450712551623329,0.778321010253426,1.0,0.36196359069920153,0.3,0.13946013900236254,0.19857627029843594,0.6380364093007984,high_hedge_risk_off
2025-10-22,0.1505694663575501,0.1505694663575501,0.6988610672848997,2,0.2530942520187661,0.129856415614379,18.600000381469727,1.363755060847271,0.9706195365128922,0.4,-0.045731194654086926,0.7700813204097635,1.0,0.3581316675309952,0.3,0.13946013735497148,0.20240819511403335,0.6418683324690049,high_hedge_risk_off
2025-10-23,0.150586286532796,0.1505862865327961,0.6988274269344079,2,0.2530472507497991,0.13159530489725274,17.299999237060547,1.3357447960865652,0.8954748078897022,0.8,-0.0481722597113855,0.7599055306576341,1.0,0.35340062399368205,0.3,0.13945895994270427,0.20714041606361366,0.6465993760063179,high_hedge_risk_off
2025-10-24,0.1506669273833642,0.1506669273833642,0.6986661452332715,2,0.2528219808643898,0.13457536516144844,16.3700008392334,1.3237547975695463,0.8395478168427758,0.8,-0.04795389920468074,0.7430780505780624,1.0,0.34558085142878975,0.3,0.1394533150831645,0.2149658334880457,0.6544191485712102,high_hedge_risk_off
2025-10-25,0.1500509302045966,0.1551769799245112,0.6947720898708922,2,0.2474562075233878,0.13457536516144844,16.3700008392334,1.3153896147795354,0.8401684376287354,0.8,0.0,0.7430780505780624,1.0,0.3468682472920779,0.2992310925420128,0.1388813089192885,0.21501935124662083,0.6531317527079221,high_hedge_risk_off
2025-10-26,0.1483217333139539,0.1663496911866574,0.6853285754993886,2,0.2350491579688752,0.13413245706561905,16.3700008392334,1.3094677897319122,0.843784782862015,0.8,0.0,0.7455317093839482,1.0,0.35125126974774934,0.2972958063190945,0.13745412372329882,0.2139988002098574,0.6487487302522508,high_hedge_risk_off
2025-10-27,0.1405065628937696,0.2200498404999502,0.6394435966062803,2,0.1855092082070907,0.13895954043950587,15.789999961853027,1.3072239113681778,0.8010118289873343,0.8,-0.05221625218555992,0.7196339285788991,0.85,0.3008841146217135,0.2880685083590729,0.13061934728469446,0.2804280297345192,0.6991158853782865,high_hedge_risk_off
2025-10-28,0.1320684232618977,0.2827261272633088,0.5852054494747936,2,0.1461284037174571,0.13795704934788502,16.420000076293945,1.3084504713058818,0.8370300719055622,0.6,-0.05152584131160909,0.7248632851506626,0.85,0.31788624429897927,0.27740134439978836,0.12267628589149784,0.28203612540973466,0.6821137557010208,high_hedge_risk_off
2025-10-29,0.1259281307362132,0.4072912487990668,0.4667806204647198,2,0.1057748378891847,0.13719022897300556,16.920000076293945,1.3085772512274518,0.8585621007269012,0.6,-0.054559890418013124,0.7289148851823598,0.85,0.3476263742005393,0.25779553229057195,0.10742145668092264,0.28715663682796605,0.6523736257994606,high_hedge_risk_off
2025-10-30,0.1336601765906125,0.5362749263872341,0.3300648970221533,1,0.1179707856772868,0.10021363243006709,16.90999984741211,1.0752131646966818,0.8522355661519143,0.6,-0.061315689553558594,0.9978682298517004,0.85,0.5125440427809401,0.23960778753050674,0.09233001766306254,0.15551815202549069,0.48745595721906,moderate_hedge_uncertain
2025-10-31,0.1427142879466454,0.6518555131724848,0.2054301988808698,1,0.1972364356159005,0.10000738354828885,17.440000534057617,1.0817195807022217,0.8872034629261542,0.4,-0.05483919576200025,0.9999261699683876,0.85,0.546059910382983,0.22362881621612407,0.07891305281663409,0.1513982205842589,0.45394008961701704,moderate_hedge_uncertain
2025-11-01,0.1505663818144686,0.6988672363710627,0.1505663818144686,1,0.2531028718083878,0.10000738354828885,17.440000534057617,1.039613457290125,0.8978249844481045,0.4,0.0,0.9999261699683876,1.0,0.6569134337556576,0.21775487181651082,0.0736642507261959,0.051667443701635674,0.3430865662443424,low_hedge_stable
2025-11-02,0.1505663817892722,0.6988672364214557,0.1505663817892722,1,0.2531028718788003,0.08727396980328858,17.440000534057617,0.9737001829810655,0.9176742535311659,0.4,0.0,1.1458170199590474,1.0,0.68695086485412,0.1987183980573747,0.06722440593683518,0.04710633115167015,0.31304913514588006,low_hedge_stable
2025-11-03,0.1505663817892568,0.6988672364214864,0.1505663817892568,1,0.2531028718788431,0.0867168630332574,17.170000076293945,0.9835907455212796,0.9091251416145676,0.4,-0.07020788598309324,1.1531782458695294,0.85,0.5850774101886679,0.19784525342769757,0.06692903001995396,0.15014830636368054,0.41492258981133207,moderate_hedge_uncertain
2025-11-04,0.150566423209238,0.698867153581524,0.150566423209238,1,0.2531027561291591,0.09813603520386133,19.0,1.1052214142582364,1.0308571931911057,0.4,-0.07936545677779128,1.0189936835359876,0.85,0.5620111742240084,0.21507120476929584,0.07275639918632279,0.15016122182037298,0.43798882577599163,moderate_hedge_uncertain
2025-11-05,0.1505664233708006,0.6988671532583988,0.1505664233708006,1,0.2531027556776664,0.09431323430605869,18.010000228881836,1.0679446556863985,0.9861843266201011,0.4,-0.0763557217668056,1.0602965822960437,0.85,0.5695278328734175,0.20945773405889076,0.07085741921054999,0.15015701385714186,0.4304721671265826,moderate_hedge_uncertain
2025-11-06,0.1505694340479966,0.6988611319040067,0.1505694340479967,1,0.2530943423073162,0.1018554805584183,19.5,1.141769817750264,1.0905792892613146,0.4,-0.07691324422492973,0.9817832035326357,0.85,0.5482426462913488,0.21775624532159849,0.07366513587391903,0.16033597251313375,0.4517573537086513,moderate_hedge_uncertain
2025-11-07,0.1505701877001943,0.6988596245996113,0.1505701877001943,1,0.2530922362425482,0.10185604686317343,19.07999992370605,1.1336127111608885,1.0710854906413823,0.4,-0.07239913794806796,0.9817777449613109,0.85,0.5482390006576928,0.21775658446508744,0.07366535443305637,0.1603390604441635,0.4517609993423073,moderate_hedge_uncertain
2025-11-08,0.1505815807605673,0.6988368384788655,0.1505815807605673,1,0.2530603997787939,0.10185604686317343,19.07999992370605,1.1271909496155166,1.0763164331744586,0.4,0.0,0.9817777449613109,1.0,0.6449764334168204,0.21776171134225528,0.07366865842056453,0.06359319682035984,0.35502356658317963,moderate_hedge_uncertain
2025-11-09,0.1469898723830577,0.6793453658184495,0.1736647617984927,1,0.2276511263891796,0.0949190387923319,19.07999992370605,1.098758873326891,1.0840900108557496,0.0,0.0,1.0535294212026785,1.0,0.6627753211827734,0.21273315808662402,0.07327451307875589,0.051217007651846745,0.3372246788172266,low_hedge_stable
2025-11-10,0.1469890807363282,0.6793469491119086,0.1736639701517632,1,0.2276532123298329,0.10991130246665473,17.600000381469727,1.131446195692303,0.985192471522031,0.6,-0.07194140749293543,0.9098245381118866,0.85,0.503470093871562,0.22014631974366294,0.07582782014338738,0.2005557662413877,0.49652990612843806,moderate_hedge_uncertain
2025-11-11,0.1469776875610544,0.6793697354624562,0.1736525769764894,1,0.227683233814659,0.10770659893786245,17.280000686645508,1.1122142979486387,0.9630618846592607,0.6,-0.07999951754223722,0.9284482193861817,0.85,0.5137844321057894,0.22014119281478972,0.07582451612255797,0.19024985895686294,0.4862155678942106,moderate_hedge_uncertain
2025-11-12,0.1505665358778764,0.698866928244247,0.1505665358778765,1,0.253102441272592,0.10622096491935822,17.510000228881836,1.1016951302548486,0.9810486205666956,0.6,-0.0771980708465877,0.9414337374539847,0.85,0.52571309505855,0.2177549411450444,0.07366429540458416,0.1828676683918214,0.4742869049414499,moderate_hedge_uncertain
2025-11-13,0.1506111634425359,0.5161446145402682,0.333244222017196,1,0.096430987959151,0.11924757015458923,20.0,1.2142116269247192,1.136329154295305,0.2,-0.07718483664982145,0.8385915106728196,0.85,0.4226905000586234,0.2451699823353402,0.09559320442729463,0.23654631317874186,0.5773094999413767,high_hedge_risk_off
2025-11-14,0.1506112275307311,0.3333777272256146,0.5160110452436544,2,0.0963777890645111,0.11924244408743855,19.82999992370605,1.2093122991821974,1.1160789936598603,0.0,-0.09228523611905504,0.8386275605578131,0.85,0.3771098382297503,0.27258502504576754,0.11752523410946282,0.2327799026150194,0.6228901617702498,high_hedge_risk_off
2025-11-15,0.1506111345917817,0.1506111345917818,0.6987777308164365,2,0.2529778258090767,0.11924244408743855,19.82999992370605,1.192067600802228,1.1054669416481342,0.0,0.0,0.8386275605578131,1.0,0.39001306709057093,0.29999999999999993,0.13945722057857524,0.17052971233085384,0.609986932909429,high_hedge_risk_off
2025-11-16,0.1505666689232285,0.1505666689232286,0.6988666621535429,2,0.2531020694728476,0.11029703778047509,19.82999992370605,1.141860203045053,1.1048988927191667,0.2,0.0,0.9066426625076791,1.0,0.42164021468820245,0.3,0.13946033317537398,0.13889945213642357,0.5783597853117975,high_hedge_risk_off
2025-11-17,0.1505666047876142,0.1505666047876143,0.6988667904247715,2,0.2531022487019566,0.11324305104181163,22.3799991607666,1.2017285956250374,1.2365294552674286,0.2,-0.08707423831107819,0.8830563913637224,0.85,0.34907056792473307,0.3,0.13946033766486698,0.2114690944104,0.650929432075267,high_hedge_risk_off
2025-11-18,0.1505665471097139,0.1505665471097139,0.6988669057805721,2,0.2531024098848297,0.11548830836989497,24.690000534057617,1.255783195064435,1.3422888170930674,0.2,-0.07330753819743008,0.8658885164350334,0.85,0.34228413428503424,0.3,0.13946034170232002,0.2182555240126458,0.6577158657149658,high_hedge_risk_off
2025-11-19,0.1505663817880136,0.1505663817880136,0.6988672364239729,2,0.2531028718823175,0.11212975123120417,23.65999984741211,1.2079006616904668,1.2516837994001797,0.2,-0.08248449970552263,0.8918239709085467,0.85,0.35253635909429815,0.3,0.13946035327483902,0.20800328763086273,0.6474636409057017,high_hedge_risk_off
2025-11-20,0.1505663817879047,0.1505663817879047,0.6988672364241905,2,0.2531028718826217,0.12110646570311707,26.420000076293945,1.3046924788124514,1.3815926938972567,0.2,-0.08737853666805351,0.8257197451797669,0.85,0.32640548145547743,0.30000000000000004,0.13946035327484668,0.23413416526967595,0.6735945185445227,high_hedge_risk_off
2025-11-21,0.1505663817879049,0.150566381787905,0.69886723642419,2,0.2531028718826208,0.12842821675376923,23.43000030517578,1.257897879587032,1.2028686000012379,0.2,-0.10156016607559182,0.7786450869416524,0.7,0.25347984652726185,0.3,0.13946035327484665,0.30705980019789164,0.7465201534727384,high_hedge_risk_off
2025-11-22,0.1505663817879018,0.1505663817879019,0.6988672364241962,2,0.2531028718826296,0.12842821675376923,23.43000030517578,1.2448797464520145,1.1856543506770985,0.2,0.0,0.7786450869416524,1.0,0.3621140664675167,0.29999999999999993,0.13946035327484685,0.19842558025763646,0.6378859335324832,high_hedge_risk_off
2025-11-23,0.1505663817879044,0.1505663817879044,0.6988672364241911,2,0.2531028718826226,0.12790965140141103,23.43000030517578,1.2262036440502617,1.170007692731996,0.2,0.0,0.7818018335940587,1.0,0.3635821324532671,0.3,0.13946035327484668,0.19695751427188618,0.6364178675467329,high_hedge_risk_off
2025-11-24,0.1505742196311597,0.1505742196311597,0.6988515607376806,2,0.2530809692655664,0.13474426832536757,20.520000457763672,1.1786053913695917,0.9995347577435962,0.4,-0.10015970290337417,0.7421465954939884,0.7,0.24159854769339642,0.3,0.1394598046258188,0.3189416476807848,0.7584014523066036,high_hedge_risk_off
2025-11-25,0.1458281228461436,0.1814133925055007,0.6727584846483556,2,0.2198378170870484,0.13862785053642343,18.559999465942383,1.1363829255262459,0.8979342598520044,0.4,-0.10825232443320665,0.7213557709583455,0.7,0.2408797066200171,0.29466220955109645,0.1355217990416471,0.3289362847872394,0.759120293379983,high_hedge_risk_off
2025-11-26,0.1458695700569851,0.3640974496292426,0.4900329803137722,2,0.091401904699898,0.13486406058851308,17.190000534057617,1.0871230958928202,0.8188097212448783,0.8,-0.10590313649279415,0.7414873878453977,0.7,0.2807839974169112,0.2672658180641614,0.11360178454734013,0.33834839997158733,0.7192160025830889,high_hedge_risk_off
2025-11-27,0.1458619456916095,0.5468561363756598,0.3072819179327307,1,0.1139246817580741,0.13488456395785983,17.190000534057617,1.0740378398805914,0.8236371775319571,0.8,0.0,0.7413746767290708,1.0,0.44848286828251893,0.23985087139739247,0.0916703609195013,0.21999589940058722,0.551517131717481,high_hedge_risk_off
2025-11-28,0.1506080763043947,0.6987838473912105,0.1506080763043948,1,0.2529863700216794,0.13590760803736843,16.350000381469727,1.0534845639850847,0.782547700186433,0.8,-0.1081129047914342,0.7357939812501486,0.7,0.3383516463119128,0.21777363433697766,0.07367634212827448,0.3701983772228351,0.6616483536880873,high_hedge_risk_off
2025-11-29,0.1505666463704018,0.6988667072591964,0.1505666463704018,1,0.2531021324974646,0.13590760803736843,16.350000381469727,1.0359708500493836,0.7879410334011148,0.8,0.0,0.7357939812501486,1.0,0.4833884544325758,0.21775499086668082,0.07366432744741652,0.22519222725332694,0.5166115455674243,moderate_hedge_uncertain
2025-11-30,0.1505667998776736,0.6988664002446526,0.1505667998776737,1,0.2531017035165128,0.124394861687857,16.350000381469727,0.9821642738909562,0.8060838195037838,0.6,0.0,0.803891725455101,1.0,0.5281259460416607,0.21775505994495314,0.07366437196452535,0.1804546220488608,0.4718740539583393,moderate_hedge_uncertain
2025-12-01,0.1505694712288779,0.6988610575422443,0.1505694712288779,1,0.2530942384059172,0.1252244676305552,17.239999771118164,1.0052093227464374,0.8570612012940968,0.2,-0.11685402366766229,0.7985659822889091,0.7,0.3672375777148731,0.2177562620529951,0.0736651466563746,0.34134101357575725,0.6327624222851269,high_hedge_risk_off
2025-12-02,0.1505716307260259,0.6988567385479482,0.1505716307260259,1,0.2530882037654887,0.12540860002520912,16.59000015258789,1.0097693762142574,0.8254809775739641,0.4,-0.10592953609134437,0.7973934800316599,0.7,0.3666972324663154,0.21775723382671167,0.07366577291054752,0.3418797607964254,0.6333027675336846,high_hedge_risk_off
2025-12-03,0.1505712694332723,0.6988574611334553,0.1505712694332724,1,0.2530892133800294,0.10965271404363447,16.079999923706055,0.9380664994144139,0.7876757553087506,0.6,-0.09763603353898331,0.911970131083182,0.85,0.5092566151262076,0.21775707124497257,0.07366566813564898,0.19932064549317083,0.49074338487379243,moderate_hedge_uncertain
2025-12-04,0.1505685645570524,0.698862870885895,0.1505685645570525,1,0.2530967720931641,0.10958388285031916,15.779999732971191,0.918839484497358,0.7798373435609463,0.8,-0.10407316132692901,0.9125429524758691,0.7,0.4196528655566075,0.2177558540506736,0.0736648837215452,0.28892639667117365,0.5803471344433924,high_hedge_risk_off
2025-12-05,0.150566388953921,0.6988672220921579,0.1505663889539211,1,0.2531028518569193,0.10957480585779279,15.40999984741211,0.9098189079797375,0.7679988938566834,0.6,-0.11379657044329161,0.9126185459984382,0.7,0.4196889492484892,0.21775487502926447,0.0736642527966371,0.2888919229256093,0.5803110507515108,high_hedge_risk_off
2025-12-06,0.1505663838485176,0.6988672323029648,0.1505663838485176,1,0.2531028661241613,0.10957480585779279,15.40999984741211,0.9051199729856321,0.7770168247593658,0.6,0.0,0.9126185459984382,1.0,0.5995556462098774,0.21775487273183292,0.0736642513160701,0.10902522974221948,0.40044435379012255,moderate_hedge_uncertain
2025-12-07,0.1505663835582233,0.6988672328835533,0.1505663835582233,1,0.2531028669353997,0.10267268912896914,15.40999984741211,0.8751236275116201,0.7820675973126349,0.6,0.0,0.9739688406757135,1.0,0.6398604548035801,0.21775487260120047,0.07366425123188475,0.06872042136333463,0.36013954519641983,moderate_hedge_uncertain
2025-12-08,0.1505663823876274,0.698867235224745,0.1505663823876275,1,0.2531028702066737,0.09742605298445683,16.65999984741211,0.8772561485043672,0.8613234830902945,0.6,-0.10384725396900629,1.02641949393099,0.7,0.4639700338708899,0.21403986730677924,0.07240750269355944,0.24958259612877137,0.5360299661291101,moderate_hedge_uncertain
2025-12-09,0.1505663818007818,0.6988672363984363,0.1505663818007819,1,0.253102871846636,0.09752508376273938,16.93000030517578,0.8903512684626971,0.8975564863621897,0.8,-0.0921476292137956,1.0253772274964832,0.85,0.5631991538470426,0.21418402307768475,0.07245626904012951,0.1501605540351432,0.43680084615295744,moderate_hedge_uncertain
2025-12-10,0.1505663817883218,0.6988672364233564,0.1505663817883218,1,0.2531028718814558,0.0761881384825924,15.770000457763672,0.7704810510492743,0.8370604892418055,0.8,-0.09728457380783839,1.25,0.85,0.5995514395695885,0.18703599018972691,0.06327236658610515,0.15014020365457945,0.40044856043041155,moderate_hedge_uncertain
2025-12-11,0.15056638178805,0.6988672364238999,0.15056638178805,1,0.2531028718822156,0.07109340867995614,14.850000381469728,0.7360034419342826,0.8138899539293937,0.8,-0.10377554611187811,1.25,0.7,0.4937482443515924,0.1870359901896115,0.06327236658603395,0.25594339887276213,0.5062517556484076,moderate_hedge_uncertain
2025-12-12,0.1505663817879018,0.6988672364241962,0.1505663817879018,1,0.2531028718826297,0.0845696300151892,15.739999771118164,0.8186815603751716,0.8973946698503859,0.8,-0.10943259851261322,1.182457579417569,0.7,0.4855758790635841,0.19444696436063222,0.06577942351143999,0.2541977330643437,0.5144241209364159,moderate_hedge_uncertain
2025-12-13,0.150566381787903,0.6988672364241939,0.150566381787903,1,0.2531028718826262,0.0845696300151892,15.739999771118164,0.8211493324741127,0.9191025164503395,0.8,0.0,1.182457579417569,1.0,0.6936798272336907,0.19444696436063272,0.0657794235114403,0.04609378489423635,0.3063201727663094,low_hedge_stable
2025-12-14,0.1505663817879221,0.6988672364241557,0.1505663817879222,1,0.2531028718825729,0.06930265751062853,15.739999771118164,0.7615204805949154,0.9481183023161917,0.6,0.0,1.25,1.0,0.7053546347881012,0.1870359901895572,0.06327236658600044,0.04433700843634104,0.29464536521189866,low_hedge_stable
2025-12-15,0.1505663817884331,0.6988672364231336,0.1505663817884331,1,0.2531028718811449,0.06215177693382607,16.5,0.7603176349666819,1.0123280086436655,0.6,-0.11038228725630483,1.25,0.7,0.49374824435135756,0.18703599018977424,0.06327236658613435,0.255943398872734,0.5062517556486426,moderate_hedge_uncertain
2025-12-16,0.150566381839788,0.6988672363204239,0.1505663818397881,1,0.2531028717376317,0.05811821539139261,16.479999542236328,0.7442246814676964,1.0229854347860767,0.2,-0.10886316188132983,1.25,0.7,0.4937482443198634,0.18703599021158326,0.06327236659958915,0.2559433988689641,0.5062517556801365,moderate_hedge_uncertain
2025-12-17,0.1505664216398032,0.6988671567203936,0.1505664216398032,1,0.2531027605150027,0.06991273585284173,17.6200008392334,0.8248407262681834,1.103203973181568,0.2,-0.11124248460407404,1.25,0.7,0.49374821991201456,0.18703600711355978,0.0632723770270626,0.25594339594736293,0.5062517800879853,moderate_hedge_uncertain
2025-12-18,0.150566423663512,0.6988671526729759,0.150566423663512,1,0.2531027548596736,0.07266031353134658,16.8700008392334,0.8241455091399583,1.0530291601392179,0.2,-0.11407568292601622,1.25,0.7,0.49374821867095037,0.18703600797297348,0.0632723775572677,0.2559433957988086,0.5062517813290497,moderate_hedge_uncertain
2025-12-19,0.1505664236637962,0.6988671526724075,0.1505664236637963,1,0.2531027548588792,0.08021518955955938,14.90999984741211,0.8230512586820165,0.927011295885995,0.2,-0.11506091636486704,1.2466466831166747,0.7,0.4933572046301213,0.18739059257233565,0.0633923299177585,0.2558598728797844,0.5066427953698786,moderate_hedge_uncertain
2025-12-20,0.1505663839109244,0.6988672321781513,0.1505663839109244,1,0.2531028659497633,0.08021518955955938,14.90999984741211,0.8266233505613033,0.9311693374743586,0.2,0.0,1.2466466831166747,1.0,0.7047960414799055,0.18739057567591555,0.06339231948882523,0.044421063355353674,0.29520395852009446,low_hedge_stable
2025-12-21,0.1505663818873781,0.6988672362252437,0.1505663818873781,1,0.2531028716046394,0.07842015983878815,14.90999984741211,0.8094359122781056,0.933395811060316,0.6,0.0,1.25,1.0,0.705354634700969,0.1870359902317934,0.06327236661205757,0.04433700845517995,0.29464536529903096,low_hedge_stable
2025-12-22,0.1505663818410403,0.6988672363179194,0.1505663818410403,1,0.2531028717341321,0.08114837443563865,14.079999923706056,0.7837778982217856,0.8838923598042971,0.4,-0.11715515302029955,1.232310575479404,0.7,0.49166871180478006,0.18892177984677405,0.06391030998695814,0.2554991983614876,0.5083312881952198,moderate_hedge_uncertain
2025-12-23,0.150566381800544,0.6988672363989119,0.150566381800544,1,0.2531028718473006,0.08179526728652246,14.0,0.7768259213208575,0.8835918864037393,0.4,-0.11785531031908125,1.2225646216144483,0.7,0.49050498135185105,0.1899770895482611,0.06426731048361561,0.2552506186162722,0.5094950186481488,moderate_hedge_uncertain
2025-12-24,0.1505663818025966,0.6988672363948067,0.1505663818025966,1,0.2531028718415646,0.08251403605518898,13.470000267028809,0.7711991189157874,0.8533643661140341,0.6,-0.12088616592667056,1.2119150241677143,0.7,0.4892183934577045,0.19114381048080392,0.06466200026776231,0.2549757957937293,0.5107816065422955,moderate_hedge_uncertain
2025-12-25,0.1505663818012692,0.6988672363974615,0.1505663818012692,1,0.253102871845274,0.08239151100690638,13.470000267028809,0.7691651759129028,0.860705653154871,0.6,0.0,1.2137172723002692,1.0,0.6991960492532244,0.19094535812523344,0.06459486586112154,0.0452637267604206,0.30080395074677563,low_hedge_stable
2025-12-26,0.1505663818061937,0.6988672363876125,0.1505663818061937,1,0.2531028718315121,0.08240048073995293,13.600000381469728,0.7768964423220355,0.8743803318260105,0.4,-0.11799527132820342,1.2135851526836265,0.7,0.48942120706334225,0.19095989231955335,0.06459978263131862,0.25501911798578597,0.5105787929366579,moderate_hedge_uncertain
2025-12-27,0.1505663818153728,0.6988672363692542,0.1505663818153729,1,0.2531028718058609,0.08240048073995293,13.600000381469728,0.7810549486934512,0.8796123330470941,0.4,0.0,1.2135851526836265,1.0,0.6991731529394931,0.19095989232348753,0.06459978263375848,0.04526717210326074,0.3008268470605068,low_hedge_stable
2025-12-28,0.1505663818120015,0.6988672363759969,0.1505663818120015,1,0.2531028718152822,0.08139164541048666,13.600000381469728,0.7804993898045166,0.8855572634280316,0.8,0.0,1.2286273301843804,1.0,0.7017577589676569,0.18931922729134523,0.06404476239763073,0.044878251343367294,0.29824224103234326,low_hedge_stable
2025-12-29,0.1505663818054387,0.6988672363891225,0.1505663818054387,1,0.2531028718336222,0.08261130003057425,14.199999809265137,0.7853673763608574,0.9364596177031324,0.6,-0.12039485518773763,1.2104881531096865,0.7,0.4890448103278056,0.19130122146816564,0.0647152507985908,0.2549387174054381,0.5109551896721946,moderate_hedge_uncertain
2025-12-30,0.150566381833591,0.6988672363328178,0.1505663818335911,1,0.2531028717549495,0.07954022978856208,14.329999923706056,0.7805650062413597,0.9576101214502827,0.4,-0.11717465190211895,1.25,0.7,0.4937482443236638,0.1870359902089515,0.06327236659796555,0.25594339886941897,0.506251755676336,moderate_hedge_uncertain
2025-12-31,0.150566383879709,0.6988672322405819,0.150566383879709,1,0.2531028660369956,0.08337079780254962,14.949999809265137,0.8114822933843302,1.0085333537485646,0.2,-0.11772431193795552,1.1994607540740343,0.7,0.4876935884002306,0.19252655442352587,0.06512976868427946,0.254650088491964,0.5123064115997693,moderate_hedge_uncertain
2026-01-01,0.150566383876905,0.69886723224619,0.150566383876905,1,0.2531028660448317,0.07379508155924809,14.949999809265137,0.7622100584745855,1.0004011983956114,0.8,0.0,1.25,1.0,0.7053546329579664,0.18703599107669103,0.0632723671333071,0.04433700883203548,0.2946453670420336,low_hedge_stable
2026-01-02,0.1505663838376693,0.6988672323246613,0.1505663838376694,1,0.2531028661544772,0.07402571682869072,14.510000228881836,0.7618179764294846,0.9730632391725773,0.8,-0.11382954944007795,1.25,0.7,0.49374824309463816,0.18703599106002872,0.06327236712302747,0.25594339872230554,0.5062517569053617,moderate_hedge_uncertain
2026-01-03,0.1505663817911482,0.6988672364177037,0.1505663817911482,1,0.2531028718735576,0.07402571682869072,14.510000228881836,0.7608944961390037,0.977134898376261,1.0,0.0,1.25,1.0,0.7053546347852752,0.18703599019092723,0.06327236658684565,0.044337008436952124,0.29464536521472495,low_hedge_stable
2026-01-04,0.1505663817891308,0.6988672364217383,0.1505663817891308,1,0.2531028718791952,0.07373973030774036,14.510000228881836,0.7555484503267937,0.9822738737101783,0.8,0.0,1.25,1.0,0.7053546347870424,0.1870359901900705,0.06327236658631712,0.04433700843656999,0.29464536521295764,low_hedge_stable
2026-01-05,0.1505663817883432,0.6988672364233135,0.1505663817883432,1,0.2531028718813962,0.07605556425308391,14.899999618530272,0.783016320682377,1.004867796602165,0.8,-0.09836164348217591,1.25,0.85,0.5995514395695726,0.187035990189736,0.06327236658611075,0.15014020365458072,0.4004485604304274,moderate_hedge_uncertain
2026-01-06,0.1505663817881428,0.6988672364237144,0.1505663817881428,1,0.2531028718819562,0.06398856846161498,14.75,0.7160395949162727,0.9872114143031576,0.8,-0.09348046527347187,1.25,0.85,0.5995514395697217,0.18703599018965092,0.06327236658605827,0.15014020365456907,0.4004485604302782,moderate_hedge_uncertain
2026-01-07,0.1505663817879501,0.6988672364240998,0.1505663817879501,1,0.2531028718824947,0.062223453918796925,15.380000114440918,0.7377681711075897,1.0473719186315547,0.8,-0.09774865182159365,1.25,0.85,0.5995514395698652,0.18703599018956904,0.06327236658600775,0.15014020365455785,0.40044856043013466,moderate_hedge_uncertain
2026-01-08,0.1505663817880329,0.6988672364239341,0.1505663817880329,1,0.2531028718822633,0.05475204872731115,15.449999809265137,0.697018262383396,1.0595124473946442,0.8,-0.09981069665002351,1.25,0.85,0.5995514395698036,0.18703599018960423,0.06327236658602946,0.15014020365456263,0.4004485604301963,moderate_hedge_uncertain
2026-01-09,0.1505663817880361,0.6988672364239278,0.1505663817880361,1,0.2531028718822544,0.05859712562510376,14.489999771118164,0.6973184606562632,0.9876330477352722,1.0,-0.10421539344206843,1.25,0.7,0.493748244351601,0.18703599018960562,0.0632723665860303,0.25594339887276313,0.506251755648399,moderate_hedge_uncertain
2026-01-10,0.1505663817880262,0.6988672364239475,0.1505663817880262,1,0.2531028718822821,0.05859712562510376,14.489999771118164,0.7013109457242594,0.9891061176069371,1.0,0.0,1.25,1.0,0.7053546347880101,0.1870359901896014,0.06327236658602771,0.04433700843636076,0.29464536521198986,low_hedge_stable
2026-01-11,0.1505663817879249,0.69886723642415,0.1505663817879249,1,0.2531028718825651,0.05528404028145761,14.489999771118164,0.6912345206670727,0.993982019632786,1.0,0.0,1.25,1.0,0.7053546347880989,0.18703599018955838,0.06327236658600119,0.04433700843634158,0.29464536521190116,low_hedge_stable
2026-01-12,0.1505663817879629,0.6988672364240741,0.1505663817879629,1,0.253102871882459,0.0534772423044396,15.119999885559082,0.7015384622195328,1.0367345055354518,1.0,-0.0976167472430629,1.25,0.85,0.5995514395698558,0.18703599018957454,0.06327236658601113,0.15014020365455868,0.4004485604301443,moderate_hedge_uncertain
2026-01-13,0.1505663817889096,0.6988672364221808,0.1505663817889096,1,0.2531028718798135,0.05296728314196248,15.979999542236328,0.7550655261585807,1.0923156217178243,0.8,-0.0789736002302378,1.25,0.85,0.5995514395691507,0.1870359901899766,0.06327236658625916,0.15014020365461356,0.4004485604308493,moderate_hedge_uncertain
2026-01-14,0.1505663820625059,0.6988672358749881,0.150566382062506,1,0.2531028711152381,0.05605862700164482,16.75,0.7935333338840578,1.1373185070167802,0.6,-0.07038839719852641,1.25,0.85,0.5995514393654102,0.18703599030616544,0.0632723666579405,0.15014020367048386,0.4004485606345898,moderate_hedge_uncertain
2026-01-15,0.1505663820656153,0.6988672358687693,0.1505663820656154,1,0.2531028711065488,0.056878514692009496,15.84000015258789,0.7837788099409027,1.064589612129666,0.8,-0.078974859148367,1.25,0.85,0.5995514393630946,0.18703599030748594,0.06327236665875514,0.15014020367066422,0.4004485606369053,moderate_hedge_uncertain
2026-01-16,0.1505663820665365,0.6988672358669269,0.1505663820665365,1,0.2531028711039745,0.0569846416843214,15.859999656677246,0.7917855408410692,1.058701077636446,0.8,-0.0812288597141898,1.25,0.85,0.5995514393624087,0.18703599030787707,0.06327236665899649,0.15014020367071765,0.40044856063759127,moderate_hedge_uncertain
2026-01-17,0.1505663817945573,0.6988672364108853,0.1505663817945574,1,0.2531028718640306,0.0569846416843214,15.859999656677246,0.7995604600944004,1.0507458028255103,0.8,0.0,1.25,1.0,0.7053546347822883,0.187035990192375,0.06327236658773884,0.04433700843759788,0.2946453652177117,low_hedge_stable
2026-01-18,0.1505663817917222,0.6988672364165556,0.1505663817917223,1,0.2531028718719533,0.05532250769430136,15.859999656677246,0.8000001895645208,1.0413947803055834,0.8,0.0,1.25,1.0,0.7053546347847721,0.18703599019117098,0.06327236658699605,0.04433700843706085,0.2946453652152279,low_hedge_stable
2026-01-19,0.1505663819761668,0.6988672360476663,0.1505663819761668,1,0.253102871356516,0.05505161650391223,15.859999656677246,0.8117180815058717,1.0349051329147068,0.8,0.0,1.25,1.0,0.705354634623182,0.18703599026949952,0.06327236663531992,0.044337008471998285,0.29464536537681774,low_hedge_stable
2026-01-20,0.1493779566030441,0.5240803180352521,0.3265417253617038,1,0.1006043975892705,0.08834879843873447,20.09000015258789,1.120141316781396,1.30395846946998,0.4,-0.0688342630055847,1.1318773063942127,0.85,0.5316931493263575,0.22602670828947707,0.08768625195149606,0.15459389043266936,0.46830685067364247,moderate_hedge_uncertain
2026-01-21,0.149378082606929,0.5240800660274822,0.3265418513655887,1,0.1006041993697647,0.09786193999011983,16.899999618530273,1.0952341715188285,1.0796207542503664,1.0,-0.07727425126511978,1.021847717407769,0.85,0.5110846927960596,0.2406605645731107,0.09336341844153588,0.15489132418929383,0.4889153072039404,moderate_hedge_uncertain
2026-01-22,0.149378082495716,0.5240800662499082,0.3265418512543757,1,0.1006041995447162,0.099308083594345,15.640000343322754,1.0720902833396533,0.9917193731610683,0.8,-0.08214493627825359,1.0069673724495718,0.85,0.5080909717952952,0.24278637764657163,0.09418812012368132,0.15493453043445174,0.4919090282047047,moderate_hedge_uncertain
2026-01-23,0.1505665083111419,0.6988669833777162,0.1505665083111419,1,0.253102518308804,0.09929500584932527,16.09000015258789,1.0895784256144416,1.0149596373181073,0.8,-0.07699630572530325,1.0070999960636946,0.85,0.5597712949480929,0.2167439425904828,0.07332228103307248,0.15016248142835192,0.4402287050519072,moderate_hedge_uncertain
2026-01-24,0.1505663827976685,0.6988672344046629,0.1505663827976686,1,0.2531028690607986,0.09929500584932527,16.09000015258789,1.0947356405168316,1.0098387049492743,0.8,0.0,1.0070999960636946,1.0,0.6585545836167426,0.21674388618900758,0.07332224474137145,0.051379285452878454,0.3414454163832575,low_hedge_stable
2026-01-25,0.1505663829676734,0.6988672340646531,0.1505663829676735,1,0.2531028685857135,0.09655618790528867,16.09000015258789,1.0863785203800354,1.0126902289800928,0.8,0.0,1.0356664049132651,1.0,0.6648157949689696,0.21276937306246557,0.0719777075350129,0.050437124433551916,0.33518420503103036,low_hedge_stable
2026-01-26,0.1505663833263267,0.6988672333473465,0.1505663833263268,1,0.2531028675834433,0.0959085634478948,16.149999618530273,1.0950108653174173,1.0128625726630787,0.8,-0.06570942048231587,1.0426597626428633,0.85,0.5663667068275501,0.21181848157070268,0.07165603069553235,0.15015878090621496,0.43363329317245003,moderate_hedge_uncertain
2026-01-27,0.1505663833840767,0.6988672332318465,0.1505663833840768,1,0.2531028674220587,0.09602447811388744,16.350000381469727,1.104407893367064,1.0150640320457514,0.8,-0.05662008030555665,1.0414011298389718,0.85,0.5661383878687333,0.21198899107679406,0.07171371232912921,0.15015890872534343,0.4338616121312667,moderate_hedge_uncertain
2026-01-28,0.150566397207858,0.698867205584284,0.150566397207858,1,0.2531028287909829,0.09602441311857216,16.350000381469727,1.1075375837516683,1.0121873336215284,0.8,-0.05242127185424428,1.041401834724246,0.85,0.5661385048220554,0.21198890167595433,0.07171368393980461,0.1501589095621856,0.4338614951779446,moderate_hedge_uncertain
2026-01-29,0.1505726759252536,0.6988546481494926,0.1505726759252537,1,0.2530852830212072,0.09351549424004135,16.8799991607666,1.1312742371378075,1.0460864168691586,0.4,-0.06271940014930577,1.0693415119350578,0.85,0.5711168942625771,0.2082701014450171,0.07045647906753807,0.15015652522486786,0.42888310573742305,moderate_hedge_uncertain
2026-01-30,0.1505736127376072,0.6988527745247856,0.1505736127376072,1,0.2530826651733707,0.09411895018453204,17.440000534057617,1.1570316508259333,1.0739827410650657,0.2,-0.07898000317449527,1.0624852891361138,0.85,0.5699095292057559,0.20917162480908505,0.07076158278407883,0.15015726320108036,0.43009047079424423,moderate_hedge_uncertain
2026-01-31,0.1505816730452648,0.6988366539094701,0.1505816730452649,1,0.2530601419100667,0.09411895018453204,17.440000534057617,1.1900269874536984,1.0643694127547951,0.2,0.0,1.0624852891361138,1.0,0.6704742922603353,0.20917520506172943,0.07076386062607475,0.04958664205186057,0.3295257077396648,low_hedge_stable
2026-02-01,0.1505878861418898,0.6988242277162202,0.1505878861418899,1,0.2530427811548442,0.09390643707110578,17.440000534057617,1.197708439557563,1.0584927330304126,0.2,0.0,1.0648897255496999,1.0,0.6709677433470899,0.20886106190100434,0.07065840711443187,0.04951278763747383,0.3290322566529101,low_hedge_stable
2026-02-02,0.1505883098508258,0.6988233802983481,0.1505883098508259,1,0.2530415972434322,0.09539594722021127,16.34000015258789,1.1597798505746462,0.9839937624691457,0.4,-0.08219936889635582,1.048262561607159,0.85,0.5673611899738185,0.21107254496379446,0.07140661592870141,0.15015964913368565,0.43263881002618154,moderate_hedge_uncertain
2026-02-03,0.1413448011550164,0.6386603665895717,0.219994832255412,1,0.1844091316835211,0.09865386151037485,18.0,1.221817200666771,1.0836810852866356,0.2,-0.07627309115948255,1.0136450663868195,0.85,0.5451206429396049,0.22345675634188733,0.07973365845285935,0.15168894226564836,0.45487935706039506,moderate_hedge_uncertain
2026-02-04,0.1407963785449343,0.459946403186303,0.3992572182687627,1,0.0899283225348136,0.09949415762321857,18.63999938964844,1.2472421147292274,1.1203477619347093,0.2,-0.08289328395483786,1.0050841415100678,0.85,0.49046730538521105,0.2513915831638927,0.10154898033388796,0.15659213111700826,0.5095326946147889,moderate_hedge_uncertain
2026-02-05,0.1407950174751674,0.2771821737804042,0.5820228087444285,2,0.1382893359474374,0.10834538779236093,21.770000457763672,1.4450503660292935,1.296084219448328,0.4,-0.10329619836658055,0.922974221954381,0.7,0.3306744401567459,0.2795419265542145,0.12377789002010989,0.2660057432689299,0.6693255598432543,high_hedge_risk_off
2026-02-06,0.15003045179443,0.154594384696842,0.6953751635087281,2,0.2482809424910114,0.12994775099012268,20.3700008392334,1.596010096545519,1.1796753981500538,0.4,-0.07077373966502343,0.7695400592781402,0.85,0.3052075587450071,0.29931541006463824,0.13895019642610046,0.2565268347642543,0.6947924412549931,high_hedge_risk_off
2026-02-07,0.1505663817879007,0.1505663817879007,0.6988672364241985,2,0.2531028718826328,0.12994775099012268,20.3700008392334,1.5854600525341054,1.1645068112056296,0.4,0.0,0.7695400592781402,1.0,0.3578797129117987,0.3,0.13946035327484693,0.20265993381335437,0.6421202870882012,high_hedge_risk_off
2026-02-08,0.1505663817879007,0.1505663817879007,0.6988672364241985,2,0.2531028718826328,0.12994775099012268,20.3700008392334,1.5706011270076465,1.1497238410377375,0.4,0.0,0.7695400592781402,1.0,0.3578797129117987,0.3,0.13946035327484693,0.20265993381335437,0.6421202870882012,high_hedge_risk_off
2026-02-09,0.1505663819290218,0.1505663819290219,0.6988672361419562,2,0.2531028714882645,0.10633484773792429,17.360000610351562,1.3526630148907084,0.9619799902930273,0.8,-0.08293401571168224,0.9404254778871991,0.85,0.3717484445345982,0.3,0.13946035326496847,0.18879120220043344,0.6282515554654019,high_hedge_risk_off
2026-02-10,0.1505663819302622,0.1505663819302623,0.6988672361394754,2,0.2531028714847981,0.09978272743436757,17.790000915527344,1.3195440259849798,0.9982132743818573,0.6,-0.08733720308265125,1.0021774566723018,0.85,0.39575812626390044,0.29969651511718853,0.13931927290165685,0.16522608571725417,0.6042418737360995,high_hedge_risk_off
2026-02-11,0.150566381932312,0.1505663819323121,0.698867236135376,2,0.25310287147907,0.09822946797468414,17.649999618530273,1.3009867625632354,0.9900968920192292,0.6,-0.09484431947660843,1.0180244488931995,0.85,0.3990779467968351,0.2975061872279961,0.1383010598975389,0.16511480607763,0.6009220532031649,high_hedge_risk_off
2026-02-12,0.1505663817911909,0.1505663817911909,0.6988672364176182,2,0.2531028718734384,0.11289417115128889,20.81999969482422,1.4441726729773887,1.169148137591843,0.2,-0.08343372635182877,0.8857853242572686,0.85,0.3501492932903633,0.3,0.13946035327461664,0.21039035343502013,0.6498507067096367,high_hedge_risk_off
2026-02-13,0.1505663817899504,0.1505663817899505,0.6988672364200991,2,0.2531028718769047,0.11296791377667027,20.600000381469727,1.4361788661563861,1.1420370977848868,0.4,-0.07016011490690766,0.8852071057777793,0.85,0.3499207245993963,0.3,0.13946035327470344,0.21061892212590028,0.6500792754006037,high_hedge_risk_off
2026-02-14,0.1505663817879007,0.1505663817879007,0.6988672364241985,2,0.2531028718826328,0.11296791377667027,20.600000381469727,1.4228923858109939,1.1282013858145552,0.4,0.0,0.8852071057777793,1.0,0.4116714407049907,0.30000000000000004,0.13946035327484696,0.14886820602016246,0.5883285592950095,high_hedge_risk_off
2026-02-15,0.1505663817879007,0.1505663817879007,0.6988672364241985,2,0.2531028718826328,0.11105127467142387,20.600000381469727,1.3992399686152097,1.1198751703906065,0.2,0.0,0.9004849363132289,1.0,0.41877649721247223,0.30000000000000004,0.13946035327484696,0.14176314951268096,0.581223502787528,high_hedge_risk_off
2026-02-16,0.1505663817879007,0.1505663817879007,0.6988672364241985,2,0.2531028718826328,0.1096784902005872,20.600000381469727,1.3788874872832162,1.1113489984858007,0.2,0.0,0.9117558038692314,1.0,0.42401808898742505,0.3,0.13946035327484693,0.136521557737728,0.5759819110125749,high_hedge_risk_off
2026-02-17,0.1505663817879007,0.1505663817879007,0.6988672364241985,2,0.2531028718826328,0.11002785151572686,20.290000915527344,1.3627091051210598,1.082133966832446,0.2,-0.07774663595057363,0.9088607895402419,0.85,0.3592709818526899,0.3,0.13946035327484693,0.20126866487246317,0.6407290181473101,high_hedge_risk_off
2026-02-18,0.1505663817879007,0.1505663817879007,0.6988672364241985,2,0.2531028718826328,0.11190786797206016,19.6200008392334,1.3416979563212574,1.0327488694391875,0.2,-0.08172526160603599,0.8935922184217362,0.85,0.35323534405164875,0.3,0.13946035327484693,0.2073043026735043,0.6467646559483512,high_hedge_risk_off
2026-02-19,0.1505663817879007,0.1505663817879007,0.6988672364241985,2,0.2531028718826328,0.11181452573710254,20.229999542236328,1.3447661439085203,1.0565723873215047,0.4,-0.07848745775002208,0.894338184961042,0.85,0.3535302232389677,0.30000000000000004,0.13946035327484696,0.20700942348618542,0.6464697767610325,high_hedge_risk_off
2026-02-20,0.1505663817879036,0.1505663817879037,0.6988672364241927,2,0.2531028718826247,0.11515776601948637,19.09000015258789,1.3116624300690543,0.9862982985217381,0.4,-0.07755187559750398,0.8683739139493081,0.85,0.34326659513790997,0.3,0.13946035327484674,0.21727305158724336,0.6567334048620901,high_hedge_risk_off
2026-02-21,0.1505663817879109,0.1505663817879109,0.6988672364241783,2,0.2531028718826045,0.11515776601948637,19.09000015258789,1.295883794212241,0.9821431593163432,0.4,0.0,0.8683739139493081,1.0,0.4038430531034241,0.30000000000000004,0.13946035327484624,0.15669659362172975,0.5961569468965761,high_hedge_risk_off
2026-02-22,0.1505663817879126,0.1505663817879127,0.6988672364241747,2,0.2531028718825995,0.11356134161090707,19.09000015258789,1.2748950865559459,0.9802240823699367,0.4,0.0,0.8805813543717015,1.0,0.4095202043070304,0.3,0.1394603532748461,0.15101944241812357,0.5904797956929697,high_hedge_risk_off
2026-02-23,0.1505663817879097,0.1505663817879098,0.6988672364241806,2,0.2531028718826077,0.11536847482848908,21.01000022888184,1.3179563362534206,1.071573164038337,0.4,-0.07807944498526298,0.8667879171382269,0.85,0.3426396535445553,0.3,0.13946035327484632,0.2178999931805985,0.6573603464554448,high_hedge_risk_off
2026-02-24,0.1505663818607348,0.1505663818607349,0.6988672362785304,2,0.2531028716790952,0.11730818437132658,19.549999237060547,1.2790739109013025,0.9835187742515986,0.8,-0.085625597795846,0.8524554406490569,0.85,0.3369740522169266,0.29999999999999993,0.13946035326974854,0.22356559451332486,0.6630259477830733,high_hedge_risk_off
2026-02-25,0.1407879973607029,0.2278896885087039,0.6313223141305931,2,0.1776816223294245,0.11083825501174822,17.93000030517578,1.1628790283846784,0.889480053244562,1.0,-0.07268575208853756,0.9022155752037108,0.85,0.3792731425153096,0.28693474632779986,0.12969263724699068,0.20409947390989994,0.6207268574846905,high_hedge_risk_off
2026-02-26,0.1316666723913674,0.295885149581223,0.5724481780274097,2,0.1383616562029418,0.09036595607802295,18.6299991607666,1.0187034462910793,0.9541461890015922,0.4,-0.07116914390503437,1.106611431341012,0.85,0.46397364003461555,0.26088633833618924,0.11470996583171568,0.1604300557974794,0.5360263599653843,moderate_hedge_uncertain
2026-02-27,0.1317671672078533,0.2959856443977088,0.572247188394438,2,0.1381669350784868,0.09190391025603144,19.86000061035156,1.053898044404069,1.0231327939266053,0.4,-0.07162763644254155,1.0880929845249674,0.85,0.46042348105453235,0.2632911449756507,0.11576061697723251,0.16052475699258453,0.5395765189454678,moderate_hedge_uncertain
2026-02-28,0.1415499494788689,0.2186667355207235,0.6397833150004076,2,0.1854205874362718,0.09190391025603144,19.86000061035156,1.0505053453416948,1.0244610509391552,0.4,0.0,1.0880929845249674,1.0,0.512249145122792,0.2764705667867079,0.12541137716759448,0.08586891092290555,0.48775085487720793,moderate_hedge_uncertain
2026-03-01,0.1506715766430864,0.1506715766430864,0.6986568467138272,2,0.2528089966056124,0.08989756685018892,19.86000061035156,1.0379104418273841,1.02274950158891,0.4,0.0,1.112377158846206,1.0,0.4916357602325715,0.2850998477945817,0.13252675373144435,0.09073763824140255,0.5083642397674286,moderate_hedge_uncertain
2026-03-02,0.150571490153142,0.1505714901531421,0.6988570196937158,2,0.2530885965891176,0.08963561770494725,21.440000534057617,1.0733801370143257,1.0899743311156191,0.4,-0.05131517177363265,1.1156279452345506,0.85,0.4185017899162386,0.28469113220521497,0.1323434135670518,0.16446366431149467,0.5814982100837613,high_hedge_risk_off
2026-03-03,0.1505670990532505,0.1505670990532506,0.6988658018934988,2,0.2531008674620226,0.0944674692429907,23.56999969482422,1.1334169923516701,1.1884531778273395,0.6,-0.051699116917126586,1.058565459637523,0.85,0.4073542189871956,0.2920457656039618,0.13576263660116691,0.16483737880767577,0.5926457810128045,high_hedge_risk_off
2026-03-04,0.1435723429799426,0.2928153627306882,0.5636122942893692,2,0.1248318827792226,0.08110859885309099,21.149999618530277,1.0287196374102905,1.0448221645701545,1.0,-0.04386929486705682,1.2329148994562995,1.0,0.5685100436719149,0.2477979873082084,0.10893365397916119,0.07475831504071535,0.4314899563280849,moderate_hedge_uncertain
2026-03-05,0.1436270334882622,0.2928700532390078,0.56350291327273,2,0.1247312309682158,0.08370966978353246,23.75,1.0882560114055246,1.1711150248663014,0.6,-0.040216603065662326,1.1946051186033015,1.0,0.5607560797236478,0.25225382238301625,0.11088899028449438,0.07610110760884142,0.43924392027635206,moderate_hedge_uncertain
2026-03-06,0.1436270268171682,0.2928700465679138,0.5635029266149181,2,0.1247312432427224,0.09573569201209275,29.489999771118164,1.2649603775834857,1.4359426686265628,0.2,-0.024255270572235532,1.044542509677254,1.0,0.5274709187049605,0.27136918982127184,0.11929197062099771,0.08186792085276988,0.47252908129503945,moderate_hedge_uncertain
2026-03-07,0.1506214806955942,0.1506214806955942,0.6987570386088117,2,0.252948922167542,0.09573569201209275,29.489999771118164,1.2470714474871336,1.4060953012287343,0.2,0.0,1.044542509677254,1.0,0.47591851450544825,0.2939116106310044,0.13662627818523282,0.09354359667831459,0.5240814854945518,moderate_hedge_uncertain
2026-03-08,0.1505663817879007,0.1505663817879007,0.6988672364241985,2,0.2531028718826328,0.09573569201209275,29.489999771118164,1.2357322019282229,1.377474982210843,0.2,0.0,1.044542509677254,1.0,0.4759129904225307,0.2939116813001771,0.1366300896857564,0.09354523859153574,0.5240870095774692,moderate_hedge_uncertain
2026-03-09,0.1505663819958423,0.1505663819958423,0.6988672360083154,2,0.2531028713015322,0.10120555963826747,25.5,1.1695669912459212,1.1718886920069718,0.6,-0.028525379900724457,0.9880880097637282,1.0,0.4595168880660374,0.3,0.13946035326029105,0.10102275867367153,0.5404831119339626,moderate_hedge_uncertain
2026-03-10,0.1505663915707495,0.1505663915707496,0.698867216858501,2,0.2531028445440937,0.09927256817008365,24.93000030517578,1.13916587553169,1.1387568043770884,0.6,-0.026003203506278494,1.0073276217521647,1.0,0.46687340618263934,0.2989811442714038,0.13898671932621948,0.09515873021973736,0.5331265938173606,moderate_hedge_uncertain
2026-03-11,0.150567808523716,0.1505678085237161,0.6988643829525679,2,0.2530988848332187,0.09902636314007494,24.229999542236328,1.1142332568298827,1.0959988247657333,0.6,-0.030964381650378403,1.0098320975248565,1.0,0.46749166648696955,0.2986344986454014,0.13882547618689012,0.0950483586807388,0.5325083335130303,moderate_hedge_uncertain
2026-03-12,0.1505678083157745,0.1505678083157745,0.698864383368451,2,0.253098885414314,0.10720329493425745,27.290000915527344,1.2020010078397696,1.2329047233336188,0.2,-0.022301226455095247,0.9328071498299108,1.0,0.43380829023657724,0.3,0.13946025341789578,0.12673145634552702,0.5661917097634228,high_hedge_risk_off
2026-03-13,0.1505677987408674,0.1505677987408675,0.698864402518265,2,0.2530989121715171,0.10789258421260489,27.190000534057617,1.1914025057563906,1.2130940721480066,0.2,-0.024661779531507277,0.9268477600179419,1.0,0.4310368347074545,0.3,0.13946025408813928,0.12950291120440635,0.5689631652925456,high_hedge_risk_off
2026-03-14,0.1505663817879018,0.1505663817879018,0.6988672364241965,2,0.2531028718826299,0.10789258421260489,27.190000534057617,1.1802764510625594,1.192926492387,0.2,0.0,0.9268477600179419,1.0,0.4310367033774862,0.30000000000000004,0.1394603532748469,0.129502943347667,0.568963296622514,high_hedge_risk_off
2026-03-15,0.150566381788164,0.1505663817881641,0.698867236423672,2,0.253102871881897,0.10356699092001338,27.190000534057617,1.1438227560080763,1.1680889157032754,0.2,0.0,0.9655586119831537,1.0,0.44903944205348967,0.3,0.1394603532748285,0.11150020467168176,0.5509605579465102,high_hedge_risk_off
2026-03-16,0.150566607406315,0.1505666074063151,0.6988667851873699,2,0.2531022413839086,0.10727134193798937,23.51000022888184,1.0855631470872926,1.0030832468808044,0.2,-0.023507445625730927,0.9322154285886278,1.0,0.43353299431032394,0.3,0.13946033748155795,0.12700666820811818,0.5664670056896761,high_hedge_risk_off
2026-03-17,0.1505673356867775,0.1505673356867776,0.6988653286264448,2,0.2531002061841314,0.10211529901933138,22.3700008392334,1.014113198321212,0.9528537643623993,0.2,-0.03157527426309492,0.9792851899798979,1.0,0.4554231716842334,0.3,0.13946028650192557,0.1051165418138411,0.5445768283157667,moderate_hedge_uncertain
2026-03-18,0.1505673357165171,0.1505673357165172,0.6988653285669657,2,0.2531002061010236,0.11042351246644987,25.09000015258789,1.1011003438707303,1.059418981761008,0.2,-0.037128570783490855,0.905604230171388,1.0,0.421157345192176,0.29999999999999993,0.1394602864998438,0.13938236830798023,0.5788426548078239,high_hedge_risk_off
2026-03-19,0.1505671101273256,0.1505671101273257,0.6988657797453487,2,0.2531008365152408,0.10995837190608451,24.059999465942383,1.0682371715492922,1.0070699199134623,0.2,-0.05334773023348505,0.9094350731694176,0.85,0.35949805140662416,0.3,0.1394603022910872,0.20104164630228866,0.6405019485933758,high_hedge_risk_off
2026-03-20,0.1505663818468623,0.1505663818468624,0.6988672363062752,2,0.2531028717178621,0.11810845621546998,26.780000686645508,1.1450124968883657,1.1155727078858109,0.2,-0.04925435011181667,0.8466794267259409,1.0,0.3937538878133035,0.30000000000000004,0.13946035327071965,0.16678575891597694,0.6062461121866967,high_hedge_risk_off
2026-03-21,0.1505663818168605,0.1505663818168606,0.6988672363662789,2,0.2531028718017034,0.11810845621546998,26.780000686645508,1.1419223954740219,1.1011548883830995,0.2,0.0,0.8466794267259409,1.0,0.39375388781076326,0.3,0.13946035327281975,0.166785758916417,0.6062461121892367,high_hedge_risk_off
2026-03-22,0.1505663817879008,0.1505663817879009,0.6988672364241982,2,0.2531028718826325,0.11792079151093343,26.780000686645508,1.128690047277498,1.0908321586221372,0.0,0.0,0.8480268722647453,1.0,0.39438052630071674,0.3,0.13946035327484696,0.16615912042443642,0.6056194736992834,high_hedge_risk_off
2026-03-23,0.1505663817879134,0.1505663817879135,0.698867236424173,2,0.2531028718825971,0.12432230094063376,26.149999618530277,1.1424696852383918,1.0428965475085437,0.2,-0.0386494735405728,0.8043609170952514,1.0,0.3740733839867272,0.3,0.13946035327484604,0.1864662627384269,0.6259266160132729,high_hedge_risk_off
2026-03-24,0.1505663817879134,0.1505663817879135,0.698867236424173,2,0.2531028718825971,0.12001485602868756,26.950000762939453,1.115756721792432,1.0722437153108455,0.0,-0.03738209072145482,0.8332301792379493,1.0,0.3874992259855126,0.3,0.13946035327484604,0.17304042073964152,0.6125007740144875,high_hedge_risk_off
2026-03-25,0.1505663817898845,0.1505663817898846,0.698867236420231,2,0.253102871877089,0.12238353535779849,25.32999992370605,1.0874179507472614,0.9968151370978424,0.2,-0.0355577134803553,0.817103376754411,1.0,0.37999934943810587,0.3,0.13946035327470807,0.1805402972871861,0.6200006505618941,high_hedge_risk_off
2026-03-26,0.1505663817898718,0.1505663817898719,0.6988672364202563,2,0.2531028718771243,0.12924589981903234,27.440000534057617,1.1484909277550372,1.0858151134352145,0.2,-0.04763330508752128,0.7737189353009891,1.0,0.3598231269465033,0.3,0.13946035327470896,0.20071651977878768,0.6401768730534967,high_hedge_risk_off
2026-03-27,0.1505663817898718,0.1505663817898718,0.6988672364202564,2,0.2531028718771245,0.13967076816163124,31.049999237060547,1.2514442814200213,1.2365529811611191,0.0,-0.043045714426277915,0.71596942807873,1.0,0.3329663352612263,0.30000000000000004,0.13946035327470896,0.2275733114640647,0.6670336647387737,high_hedge_risk_off
2026-03-28,0.1505663817879007,0.1505663817879008,0.6988672364241985,2,0.2531028718826327,0.13967076816163124,31.049999237060547,1.239873434239358,1.2330526155937465,0.2,0.0,0.71596942807873,1.0,0.3329663352610852,0.29999999999999993,0.13946035327484693,0.22757331146406787,0.6670336647389148,high_hedge_risk_off
2026-03-29,0.1505663817879007,0.1505663817879007,0.6988672364241985,2,0.2531028718826328,0.13341363461192518,31.049999237060547,1.2003689329017595,1.2289774889131535,0.0,0.0,0.7495485771816421,1.0,0.3485825414557899,0.3,0.13946035327484693,0.2119571052693632,0.6514174585442101,high_hedge_risk_off
2026-03-30,0.1505663817879007,0.1505663817879007,0.6988672364241985,2,0.2531028718826328,0.1332822899745278,30.61000061035156,1.1822947898825822,1.2019413992341583,0.0,-0.04051293023452962,0.7502872288517213,1.0,0.348926056318262,0.3,0.13946035327484693,0.21161359040689107,0.651073943681738,high_hedge_risk_off
2026-03-31,0.1505663817879007,0.1505663817879008,0.6988672364241985,2,0.2531028718826327,0.17600517691023815,25.25,1.2510733847423496,0.9725309430056165,0.0,-0.03900925395051047,0.5681651060241232,1.0,0.26422895413807457,0.29999999999999993,0.13946035327484693,0.29631069258707854,0.7357710458619254,high_hedge_risk_off
2026-04-01,0.1505663817880522,0.1505663817880523,0.6988672364238955,2,0.2531028718822093,0.17144308781334078,24.540000915527344,1.21196321229049,0.928615189760344,0.0,-0.035750515599207944,0.5832839414842745,1.0,0.2712600689303597,0.29999999999999993,0.13946035327483633,0.289279577794804,0.7287399310696403,high_hedge_risk_off
2026-04-02,0.1505663817894939,0.150566381789494,0.6988672364210121,2,0.2531028718781803,0.17046750130813978,23.8700008392334,1.1905319523439892,0.9026672516817076,0.2,-0.04719955281169419,0.586622078886687,1.0,0.27281249188858914,0.3,0.1394603532747354,0.2877271548366755,0.727187508111411,high_hedge_risk_off
2026-04-03,0.1505663817913379,0.1505663817913379,0.6988672364173242,2,0.2531028718730275,0.17046750130813978,23.8700008392334,1.1814113288193844,0.9082805005193737,0.2,0.0,0.586622078886687,1.0,0.2728124918886973,0.3,0.13946035327460632,0.2877271548366963,0.7271875081113026,high_hedge_risk_off
2026-04-04,0.1505663817938601,0.1505663817938601,0.6988672364122799,2,0.2531028718659792,0.17046750130813978,23.8700008392334,1.1694226407888315,0.913964554768282,0.2,0.0,0.586622078886687,1.0,0.2728124918888453,0.30000000000000004,0.1394603532744298,0.28772715483672495,0.7271875081111547,high_hedge_risk_off
2026-04-05,0.1505663817929324,0.1505663817929324,0.6988672364141352,2,0.2531028718685715,0.1659400534195593,23.8700008392334,1.1333665713295595,0.9233480674705113,0.0,0.0,0.6026272617085529,1.0,0.28025580840537273,0.3,0.13946035327449474,0.2802838383201326,0.7197441915946273,high_hedge_risk_off
2026-04-06,0.1505663817919733,0.1505663817919733,0.6988672364160534,2,0.2531028718712518,0.16668133480762884,24.170000076293945,1.1361909926722846,0.9295581783096891,0.0,-0.04494587062584732,0.5999471993394614,1.0,0.27900942760983466,0.3,0.13946035327456185,0.2815302191156035,0.7209905723901653,high_hedge_risk_off
2026-04-07,0.1505665630289112,0.1505665630289112,0.6988668739421776,2,0.2531023653980806,0.15916629023917103,25.780000686645508,1.1399337558557916,0.9748281944870779,0.4,-0.023069479597175313,0.6282737371696929,1.0,0.2921828834510588,0.30000000000000004,0.1394603405879762,0.26835677596096497,0.7078171165489412,high_hedge_risk_off
2026-04-08,0.1409501510869346,0.2682488976795991,0.5908009512334663,2,0.144313595966169,0.18255794692589214,21.040000915527344,1.141296463070783,0.7722842009487809,0.8,-0.03832753471873407,0.5477712785661101,1.0,0.2786236288155717,0.2809051880111003,0.12485763983279484,0.3156135433405332,0.7213763711844283,high_hedge_risk_off
2026-04-09,0.1409753134853301,0.4509655244255862,0.4080591620890838,1,0.0887699103854655,0.1732665686994673,19.489999771118164,1.0789459311850034,0.702824911034635,1.0,-0.04333452884686384,0.5771453821161027,1.0,0.3304700436301669,0.25350146835896153,0.10293290274319615,0.3130955852676754,0.6695299563698331,high_hedge_risk_off
2026-04-10,0.1409752032598962,0.6337321527030516,0.2252926440370521,1,0.1798524787822188,0.17340495388691854,19.229999542236328,1.0677065190244202,0.7044399877094175,1.0,-0.04091923876121928,0.5766847933607039,1.0,0.3670958864567453,0.22608645758352666,0.08100090183862863,0.3258167541210994,0.6329041135432547,high_hedge_risk_off
2026-04-11,0.1505916261536393,0.6988167476927212,0.1505916261536395,1,0.2530323310633793,0.17340495388691854,19.229999542236328,1.0621488188216235,0.7157096630411204,1.0,0.0,0.5766847933607039,1.0,0.3788461289188124,0.21776623176913773,0.07367157158455542,0.3297160677274945,0.6211538710811877,high_hedge_risk_off
2026-04-12,0.1505665837038766,0.6988668325922467,0.1505665837038767,1,0.2531023076211788,0.17087510086044697,19.229999542236328,1.0465343550226769,0.7372255475952989,0.8,0.0,0.5852227708802912,1.0,0.3844689730529291,0.2177549626667445,0.07366430927412422,0.32411175500620226,0.615531026947071,high_hedge_risk_off
2026-04-13,0.1505665195685911,0.6988669608628176,0.1505665195685912,1,0.2531024868494634,0.17191052973479942,19.1200008392334,1.0643318619991882,0.7314606593304441,1.0,-0.022513499764190148,0.5816979341187921,1.0,0.38215332558355286,0.217754933805866,0.07366429067489143,0.32642744993568973,0.6178466744164471,high_hedge_risk_off
2026-04-14,0.150566512265177,0.6988669754696459,0.1505665122651771,1,0.2531025072591124,0.17504310951102445,18.36000061035156,1.0614656602091397,0.7043296877367834,1.0,-0.02237311614694637,0.5712878403459913,1.0,0.37531429553741197,0.21775493051932968,0.07366428855690135,0.3332664853863571,0.6246857044625882,high_hedge_risk_off
2026-04-15,0.1505663923177049,0.6988672153645901,0.150566392317705,1,0.2531028424566989,0.1576426475419224,18.170000076293945,0.986360793238402,0.6835043890161963,1.0,-0.02003277518935198,0.6343461084882294,1.0,0.4167412420065278,0.2177548765429672,0.07366425377213442,0.29183962767837063,0.5832587579934723,high_hedge_risk_off
2026-04-16,0.1505663854388134,0.6988672291223731,0.1505663854388135,1,0.2531028616800196,0.1366840299828224,17.940000534057617,0.901891882696839,0.6738790620742742,1.0,-0.02133597772189888,0.7316143664520821,1.0,0.4806427890044581,0.21775487344746605,0.0736642517772559,0.22793808577082,0.519357210995542,moderate_hedge_uncertain
2026-04-17,0.1505663817899472,0.6988672364201056,0.1505663817899473,1,0.2531028718769139,0.13742117615587449,17.479999542236328,0.899116027007704,0.6636221745054887,1.0,-0.009443668950129713,0.7276898859210149,1.0,0.4780645572079586,0.2177548718054762,0.07366425071908468,0.23051632026748048,0.5219354427920413,moderate_hedge_uncertain
2026-04-18,0.1505663817879018,0.6988672364241962,0.1505663817879019,1,0.2531028718826296,0.13742117615587449,17.479999542236328,0.9040773623666208,0.688201182915635,1.0,0.0,0.7276898859210149,1.0,0.4780645572093727,0.21775487180455586,0.07366425071849154,0.23051632026758007,0.5219354427906275,moderate_hedge_uncertain
2026-04-19,0.150566381787901,0.6988672364241979,0.1505663817879011,1,0.2531028718826319,0.13498912519217485,17.479999542236328,0.9022787046387861,0.7097399775840061,1.0,0.0,0.7408004152752068,1.0,0.4866776759729512,0.21775487180455547,0.0736642507184913,0.2219032015040021,0.5133223240270488,moderate_hedge_uncertain
2026-04-20,0.1505663817879008,0.6988672364241983,0.1505663817879009,1,0.2531028718826326,0.10618715761684239,18.8700008392334,0.8277591741377915,0.8238340515488746,1.0,0.0,0.9417334661205675,1.0,0.6186830423242192,0.21775487180455538,0.07366425071849125,0.08989783515273428,0.3813169576757809,moderate_hedge_uncertain
2026-04-21,0.1505663817879008,0.6988672364241981,0.1505663817879009,1,0.2531028718826323,0.11214546965654705,19.5,0.8599243483965013,0.8812275971190273,0.8,-0.0006207550627276293,0.891698971935796,1.0,0.5858122840926913,0.21775487180455538,0.07366425071849125,0.12276859338426215,0.4141877159073088,moderate_hedge_uncertain
2026-04-22,0.1505663817879008,0.6988672364241982,0.1505663817879009,1,0.2531028718826325,0.11394077672912058,18.920000076293945,0.8540598860355954,0.8542822562299249,0.8,0.0,0.877648923157133,1.0,0.5765819368278804,0.21775487180455538,0.07366425071849125,0.131998940649073,0.4234180631721196,moderate_hedge_uncertain
2026-04-23,0.1505663817879008,0.6988672364241982,0.1505663817879009,1,0.2531028718826323,0.11658837735521832,19.309999465942383,0.8730312125363429,0.8888027538314504,0.8,-0.0027825922317858964,0.8577184301598324,1.0,0.5634883615369999,0.21775487180455538,0.07366425071849125,0.1450925159399535,0.4365116384630001,moderate_hedge_uncertain
2026-04-24,0.1505663817879007,0.6988672364241985,0.1505663817879008,1,0.2531028718826326,0.11640239380768953,18.709999084472656,0.8667707427638489,0.8626377695638304,0.8,-0.004777563903446969,0.8590888617394913,1.0,0.5643886829225117,0.2177548718045553,0.07366425071849121,0.1441921945544417,0.43561131707748824,moderate_hedge_uncertain
2026-04-25,0.1505663817879007,0.6988672364241985,0.1505663817879008,1,0.2531028718826326,0.11640239380768953,18.709999084472656,0.8673313468461626,0.8752811565101821,0.8,0.0,0.8590888617394913,1.0,0.5643886829225117,0.2177548718045553,0.07366425071849121,0.1441921945544417,0.43561131707748824,moderate_hedge_uncertain
2026-04-26,0.1505663817879007,0.6988672364241985,0.1505663817879007,1,0.2531028718826328,0.11736656383681478,18.709999084472656,0.8718912585121243,0.894152227481778,1.0,0.0,0.8520314196046409,1.0,0.5597522120652073,0.21775487180455533,0.07366425071849121,0.1488286654117462,0.4402477879347927,moderate_hedge_uncertain
2026-04-27,0.1505663817879007,0.6988672364241985,0.1505663817879008,1,0.2531028718826326,0.11693183469096584,18.020000457763672,0.8484800253839543,0.8761936419148632,0.6,-0.016304579794920504,0.8551991018039334,1.0,0.5618332586996099,0.2177548718045553,0.07366425071849121,0.1467476187773435,0.43816674130039,moderate_hedge_uncertain
2026-04-28,0.150566381787901,0.6988672364241979,0.1505663817879011,1,0.2531028718826319,0.08987703145964508,17.829999923706055,0.7528705332999783,0.9063633332281037,0.6,-0.024035920305799707,1.1126313183240832,1.0,0.68059606805793,0.20275231764891652,0.06858903976417266,0.04806257452898089,0.31940393194207006,low_hedge_stable
2026-04-29,0.150566381787904,0.6988672364241918,0.1505663817879041,1,0.2531028718826235,0.0895572566667744,18.809999465942383,0.7704774490097981,0.9671358290530971,0.6,-0.022370419936390995,1.116604100235909,1.0,0.6813703854577999,0.20226079380803863,0.06842276226531166,0.04794605846884976,0.3186296145422,low_hedge_stable
2026-04-30,0.1505663817879041,0.6988672364241917,0.1505663817879042,1,0.2531028718826232,0.09277544376623025,16.889999389648438,0.7471116493608692,0.8583252894844546,0.6,-0.027771700424716772,1.0778714274002692,1.0,0.6736571678998912,0.20715701636512343,0.07007910438537385,0.04910671134961167,0.32634283210010895,low_hedge_stable
2026-05-01,0.1505663817879039,0.6988672364241921,0.150566381787904,1,0.2531028718826238,0.09217603200931399,16.989999771118164,0.7497731157086708,0.8664511416905261,0.6,-0.020573102426452383,1.0848807202928354,1.0,0.6750805512819547,0.2062534762056094,0.06977344597096918,0.04889252654146674,0.32491944871804535,low_hedge_stable
2026-05-02,0.1505663817879008,0.698867236424198,0.150566381787901,1,0.2531028718826321,0.09217603200931399,16.989999771118164,0.7428847607197937,0.8721516629963988,0.6,0.0,1.0848807202928354,1.0,0.6750805512819574,0.20625347620560805,0.06977344597096835,0.04889252654146612,0.32491944871804257,low_hedge_stable
2026-05-03,0.1505663817879008,0.6988672364241982,0.1505663817879009,1,0.2531028718826325,0.08907614490659636,16.989999771118164,0.7051064472842237,0.8879021667672508,0.6,0.0,1.1226350231575266,1.0,0.6825386968410861,0.20151916912215434,0.06817187820312119,0.047770255833638316,0.31746130315891385,low_hedge_stable
2026-05-04,0.1505663817879036,0.6988672364241926,0.1505663817879038,1,0.2531028718826243,0.08376773667459397,18.290000915527344,0.7105598011226797,0.9763349104676582,0.6,-0.013298742225170357,1.1937770312269775,1.0,0.6957005191401373,0.19316426265813508,0.06534549861677887,0.04578971958494857,0.30429948085986247,low_hedge_stable
2026-05-05,0.1505663817879043,0.6988672364241912,0.1505663817879044,1,0.2531028718826227,0.08389790165564619,17.3799991607666,0.6986873037600201,0.9280355389039556,0.6,-0.01177256933462656,1.1919249233484277,1.0,0.6953717162610712,0.19337298127150637,0.0654161059934938,0.04583919647392858,0.30462828373892875,low_hedge_stable
2026-05-06,0.1505663817879043,0.6988672364241912,0.1505663817879044,1,0.2531028718826227,0.09445529911841283,17.389999389648438,0.7401279588770512,0.9182540645594364,0.8,-0.000983728275966489,1.0587018508578976,1.0,0.6696999207701975,0.20966901119930215,0.0709288866002792,0.04970218143022103,0.33030007922980237,low_hedge_stable
2026-05-07,0.1505663817879025,0.6988672364241948,0.1505663817879026,1,0.2531028718826276,0.08868818316524475,17.079999923706055,0.7168699131447175,0.9177760311600093,0.6,-0.010287530005959722,1.1275459303713433,1.0,0.6834837287259051,0.20091927855808336,0.06796894134779795,0.04762805136821373,0.31651627127409504,low_hedge_stable
2026-05-08,0.1505663817879021,0.6988672364241956,0.1505663817879022,1,0.2531028718826286,0.0916256638715914,17.190000534057617,0.7301191015002875,0.9161443343180466,0.6,-0.003164493952110936,1.0913972764240463,1.0,0.6763927812340919,0.20542049439957352,0.06949165672742523,0.04869506763890936,0.3236072187659081,low_hedge_stable
2026-05-09,0.1505663817879022,0.6988672364241955,0.1505663817879023,1,0.2531028718826283,0.0916256638715914,17.190000534057617,0.7232447902126643,0.9169140008184715,0.6,0.0,1.0913972764240463,1.0,0.6763927812340919,0.20542049439957358,0.06949165672742526,0.048695067638909385,0.32360721876590826,low_hedge_stable
2026-05-10,0.1505663817879012,0.6988672364241975,0.1505663817879013,1,0.2531028718826313,0.0907631483058184,17.190000534057617,0.7205816588320852,0.9193160945215337,0.6,0.0,1.1017687449873252,1.0,0.6784595503744705,0.2041085436333163,0.06904783717301058,0.048384068819202666,0.3215404496255295,low_hedge_stable
2026-05-11,0.150566381787901,0.6988672364241979,0.1505663817879011,1,0.2531028718826319,0.08493959042208243,18.3799991607666,0.7279548803560012,0.9797556968512628,0.8,0.0,1.1773073016137618,1.0,0.6927515153702919,0.19503624133246192,0.06597876989683077,0.046233473400415386,0.3072484846297081,low_hedge_stable
2026-05-12,0.1505663817879011,0.6988672364241977,0.1505663817879012,1,0.2531028718826316,0.08095640154547538,17.989999771118164,0.7125003951932238,0.9726393652465373,0.6,-0.01040430464856712,1.2352327683911113,1.0,0.7028787506913843,0.1886076403436055,0.06380403979280218,0.044709569172208204,0.2971212493086159,low_hedge_stable
2026-05-13,0.1505663817879011,0.6988672364241977,0.1505663817879012,1,0.2531028718826316,0.07898436187574952,17.8700008392334,0.7081189894814828,0.9601018187779469,0.6,-0.013161181746091377,1.25,1.0,0.7053546347881198,0.18703599018954833,0.06327236658599496,0.044337008436337075,0.2946453652118804,low_hedge_stable
2026-05-14,0.1505663817879011,0.6988672364241977,0.1505663817879012,1,0.2531028718826316,0.07911738253732731,17.260000228881836,0.7020913069383045,0.9295431607500589,0.6,-0.011344551182500329,1.25,1.0,0.7053546347881198,0.18703599018954833,0.06327236658599496,0.044337008436337075,0.2946453652118804,low_hedge_stable
2026-05-15,0.1505663817879046,0.6988672364241906,0.1505663817879048,1,0.2531028718826217,0.09399281758865916,18.43000030517578,0.787253783558105,1.0092382669035826,0.6,-0.01844290132564863,1.0639110792234157,1.0,0.6707847463602994,0.20898038191004878,0.07069593033989675,0.049538941389755085,0.3292152536397006,low_hedge_stable
2026-05-16,0.1505663817879276,0.6988672364241447,0.1505663817879277,1,0.2531028718825575,0.09399281758865916,18.43000030517578,0.7878366830887686,1.010067786688458,0.4,0.0,1.0639110792234157,1.0,0.6707847463602781,0.20898038191005894,0.07069593033990325,0.049538941389759776,0.329215253639722,low_hedge_stable
2026-05-18,0.1505663817883849,0.69886723642323,0.150566381788385,1,0.2531028718812794,0.09419925446010236,18.43000030517578,0.7933077316422914,1.0106341964162355,0.4,0.0,1.0615795270689168,1.0,0.6703000811777563,0.2092880393281159,0.07080000770453129,0.04961187178959653,0.32969991882224375,low_hedge_stable
