Date,state_0_filtered_probability,state_1_filtered_probability,state_2_filtered_probability,macro_stress_evidence,state_0_likelihood,state_1_likelihood,state_2_likelihood,posterior_state_0_probability,posterior_state_1_probability,posterior_state_2_probability,bayesian_most_likely_state,posterior_entropy,posterior_normalized_entropy,bayesian_confidence
2024-08-03,0.0,0.0,1.0,0.8790062526672783,0.8790062526672783,1.1376483352258022,1.1209937473327218,0.0,0.0,1.0,2,5.526204223185709e-11,5.030167858294522e-11,0.9999999999496983
2024-08-04,1.0880159068581758e-127,1.3256749046413158e-32,1.0,0.8790062526672783,0.8790062526672783,1.1376483352258022,1.1209937473327218,8.531472966779492e-128,1.3453704375285714e-32,1.0,2,5.526204223185709e-11,5.030167858294522e-11,0.9999999999496983
2024-08-05,8.98655951108352e-112,1.2977397264287563e-133,1.0,0.8790062526672783,0.8790062526672783,1.1376483352258022,1.1209937473327218,7.04664233766189e-112,1.3170202267772875e-133,1.0,2,5.526204223185709e-11,5.030167858294522e-11,0.9999999999496983
2024-08-06,2.618274253848277e-105,2.1473971495041797e-45,1.0,0.8790062526672783,0.8790062526672783,1.1376483352258022,1.1209937473327218,2.0530707203376456e-105,2.1793009979001802e-45,1.0,2,5.526204223185709e-11,5.030167858294522e-11,0.9999999999496983
2024-08-07,2.633070144693088e-103,3.5189221458769053e-43,1.0,0.8790062526672783,0.8790062526672783,1.1376483352258022,1.1209937473327218,2.064672641041768e-103,3.5712027213099625e-43,1.0,2,5.526204223185709e-11,5.030167858294522e-11,0.9999999999496983
2024-08-08,1.3239839814991549e-78,4.23942748516564e-30,1.0,0.8790062526672783,0.8790062526672783,1.1376483352258022,1.1209937473327218,1.0381772431275221e-78,4.302412598005057e-30,1.0,2,5.526204223185709e-11,5.030167858294522e-11,0.9999999999496983
2024-08-09,2.784571115963927e-79,5.4191416628961005e-24,1.0,0.8790062526672783,0.8790062526672783,1.1376483352258022,1.1209937473327218,2.183469290308632e-79,5.499653772213842e-24,1.0,2,5.526204223185709e-11,5.030167858294522e-11,0.9999999999496983
2024-08-10,4.5845706276397076e-79,1.4408449130863208e-23,1.0,0.8790062526672783,0.8790062526672783,1.1376483352258022,1.1209937473327218,3.594905196463998e-79,1.4622515251235344e-23,1.0,2,5.526204223185709e-11,5.030167858294522e-11,0.9999999999496983
2024-08-11,2.1927804880934545e-82,2.014131160453364e-24,1.0,0.8790062526672783,0.8790062526672783,1.1376483352258022,1.1209937473327218,1.7194277526945577e-82,2.044055077977238e-24,1.0,2,5.526204223185709e-11,5.030167858294522e-11,0.9999999999496983
2024-08-12,1.0767647978447032e-79,1.6686472073654277e-24,1.0,0.8790062526672783,0.8790062526672783,1.1376483352258022,1.1209937473327218,8.443249502591442e-80,1.6934382747944256e-24,1.0,2,5.526204223185709e-11,5.030167858294522e-11,0.9999999999496983
2024-08-13,1.7282212586742005e-88,1.8876439511120706e-18,1.0,0.8790062526672783,0.8790062526672783,1.1376483352258022,1.1209937473327218,1.3551523333486062e-88,1.915688649995932e-18,1.0,2,5.526204223185709e-11,5.030167858294522e-11,0.9999999999496983
2024-08-14,5.426656762422902e-89,2.793548923858588e-17,1.0,0.8790062526672783,0.8790062526672783,1.1376483352258022,1.1209937473327218,4.2552112682151275e-89,2.8350526398219684e-17,1.0,2,5.526204223185709e-11,5.030167858294522e-11,0.9999999999496983
2024-08-15,2.454057495745088e-83,1.1364262205654276e-16,1.0,0.8790062526672783,0.8790062526672783,1.1376483352258022,1.1209937473327218,1.9243032249712247e-83,1.1533100884901524e-16,0.9999999999999998,2,5.526226427646202e-11,5.030188069665469e-11,0.9999999999496981
2024-08-16,6.250744218166114e-82,5.882915238761299e-17,1.0,0.8790062526672783,0.8790062526672783,1.1376483352258022,1.1209937473327218,4.9014040128816595e-82,5.970317625388895e-17,1.0,2,5.526204223185709e-11,5.030167858294522e-11,0.9999999999496983
2024-08-17,4.140995820193347e-82,1.0672142274502296e-16,1.0,0.8790062526672783,0.8790062526672783,1.1376483352258022,1.1209937473327218,3.2470843186056054e-82,1.0830698137941382e-16,0.9999999999999998,2,5.526226427646202e-11,5.030188069665469e-11,0.9999999999496981
2024-08-18,3.3677040866279923e-81,4.873217907350494e-16,1.0,0.8790062526672783,0.8790062526672783,1.1376483352258022,1.1209937473327218,2.6407220881674764e-81,4.945619235326867e-16,0.9999999999999996,2,5.526248632106694e-11,5.030208281036415e-11,0.9999999999496979
2024-08-19,2.818738261421367e-82,1.7034594845220436e-14,1.0,0.8790062526672783,0.8790062526672783,1.1376483352258022,1.1209937473327218,2.210260817526603e-82,1.7287677574492965e-14,0.9999999999999828,2,5.527925068873878e-11,5.0317342395428655e-11,0.9999999999496827
2024-08-20,8.088517879314057e-91,9.709277294771983e-14,1.0,0.8790062526672783,0.8790062526672783,1.1376483352258022,1.1209937473327218,6.342459810899511e-91,9.85352788713054e-14,0.9999999999999015,2,5.5360519014141337e-11,5.0391316013092334e-11,0.9999999999496086
2024-08-21,1.0999820883529092e-94,2.396911555537478e-09,0.999999997602572,0.8790062526672783,0.8790062526672783,1.1376483352258022,1.1209937473327218,8.62530353760575e-95,2.4325224357702408e-09,0.9999999975674775,2,5.0707623477163744e-08,4.6156067977938387e-08,0.999999953843932
2024-08-22,4.919148307351824e-90,0.0114613597053281,0.988538640295232,0.8790062526672783,0.8790062526672783,1.1376483352258022,1.1209937473327218,3.8566013110251845e-90,0.011629660647502451,0.9883703393524976,2,0.06336256614521531,0.057675093205112604,0.9423249067948873
2024-08-23,7.263782851540021e-90,0.1924259764734329,0.8075740235258608,0.8790062526672783,0.8790062526672783,1.1376483352258022,1.1209937473327218,5.67952226921327e-90,0.19472814398410038,0.8052718560158997,2,0.49300664720627996,0.4487539892749343,0.5512460107250656
2024-08-24,4.649501245869529e-98,0.899508698042302,0.1004913019585195,0.8790062526672783,0.8790062526672783,1.1376483352258022,1.1209937473327218,3.597739182456494e-98,0.9008339518906114,0.09916604810938845,1,0.323246720486732,0.29423184486550436,0.7057681551344956
2024-08-25,3.315913510379712e-121,0.999999999647116,3.536753593529045e-10,0.8790062526672783,0.8790062526672783,1.1376483352258022,1.1209937473327218,2.5620471798624305e-121,0.9999999996515022,3.484977335665919e-10,1,7.965499652353835e-09,7.2505102432548964e-09,0.9999999927494898
2024-08-26,1.2219929771421776e-130,0.9999999998562998,1.4454093934350244e-10,0.8790062526672783,0.8790062526672783,1.1376483352258022,1.1209937473327218,9.441753082789415e-131,0.999999999857575,1.4242493415657418e-10,1,3.3991434332348545e-09,3.0940336898613865e-09,0.9999999969059663
2024-08-27,1.1008394677292777e-134,0.9999999997125996,2.8821676554507085e-10,0.8790062526672783,0.8790062526672783,1.1376483352258022,1.1209937473327218,8.505658078673205e-135,0.9999999997160026,2.839974199843203e-10,1,6.554475581507337e-09,5.9661407842557284e-09,0.9999999940338592
2024-08-28,3.667141725908302e-169,0.9999999998854036,1.1472074268205486e-10,0.8790062526672783,0.8790062526672783,1.1376483352258022,1.1209937473327218,2.83342436031051e-169,0.9999999998869588,1.13041289873311e-10,1,2.7296872174289787e-09,2.4846683817257172e-09,0.9999999975153316
2024-08-29,2.6871351766628922e-170,0.999999999989086,1.1343788165531184e-11,0.8790062526672783,0.8790062526672783,1.1376483352258022,1.1209937473327218,2.0762203476344345e-170,0.9999999999888223,1.1177720927355005e-11,1,3.206784364002333e-10,2.918940919448518e-10,0.9999999997081059
2024-08-30,2.454879562612894e-170,0.999999999998181,1.135379485838415e-12,0.8790062526672783,0.8790062526672783,1.1376483352258022,1.1209937473327218,1.896767584734402e-170,0.9999999999988812,1.1187581127369881e-12,1,5.95366757068905e-11,5.419261765137283e-11,0.9999999999458073
2024-08-31,1.1271406735948474e-173,1.0,1.419517179280885e-13,0.8790062526672783,0.8790062526672783,1.1376483352258022,1.1209937473327218,8.708874869743397e-174,0.9999999999998601,1.398736176139346e-13,1,5.5401930332959855e-11,5.04290102199073e-11,0.999999999949571
2024-09-01,1.0332076195013211e-173,0.999999999998181,2.0103082090459e-12,0.8790062526672783,0.8790062526672783,1.1376483352258022,1.1209937473327218,7.983099255928927e-174,0.9999999999980191,1.9808783283671265e-12,1,8.299156169665351e-11,7.554217493531534e-11,0.9999999999244579
2024-09-02,6.750594814938685e-172,0.9999999952997314,4.699443252689716e-09,0.8790062526672783,0.8790062526672783,1.1376483352258022,1.1209937473327218,5.21586053285068e-172,0.9999999953693542,4.63064581510708e-09,1,9.352300708151604e-08,8.512830963769539e-08,0.9999999148716904
2024-09-03,1.5026905833894224e-148,1.1488420756166912e-06,0.9999988511578756,0.8790062526672783,0.8790062526672783,1.1376483352258022,1.1209937473327218,1.1783066580178152e-148,1.1659103858202767e-06,0.9999988340896142,2,1.709461473915504e-05,1.5560188899652217e-05,0.9999844398111003
2024-09-04,1.0896629110487644e-155,2.480679160583859e-12,0.999999999998181,0.8790062526672783,0.8790062526672783,1.1376483352258022,1.1209937473327218,8.544387641678188e-156,2.517534574997016e-12,0.9999999999974825,2,9.738622432614791e-11,8.864476151474057e-11,0.9999999999113552
2024-09-05,7.341589066369094e-157,4.889774336612856e-09,0.9999999951105564,0.8790062526672783,0.8790062526672783,1.1376483352258022,1.1209937473327218,5.756769570513765e-157,4.962421642857206e-09,0.9999999950375783,2,9.987836286378197e-08,9.091320376988353e-08,0.9999999090867963
2024-09-06,1.8356248856891844e-143,1.1923233863737445e-19,1.0,0.8790062526672783,0.8790062526672783,1.1376483352258022,1.1209937473327218,1.4393708759853955e-143,1.210037717682537e-19,1.0,2,5.526204223185709e-11,5.030167858294522e-11,0.9999999999496983
2024-09-07,1.9381336827702032e-142,3.849661740256827e-18,1.0,0.8790062526672783,0.8790062526672783,1.1376483352258022,1.1209937473327218,1.5197512294012943e-142,3.906856109060658e-18,1.0,2,5.526204223185709e-11,5.030167858294522e-11,0.9999999999496983
2024-09-08,5.362321510405885e-146,1.914521465705126e-17,1.0,0.8790062526672783,0.8790062526672783,1.1376483352258022,1.1209937473327218,4.204763985235682e-146,1.942965483434612e-17,1.0,2,5.526204223185709e-11,5.030167858294522e-11,0.9999999999496983
2024-09-09,1.9333441011541697e-136,6.550346953569154e-09,0.9999999934498192,0.8790062526672783,0.8790062526672783,1.1376483352258022,1.1209937473327218,1.5159955685300019e-136,6.647665362883667e-09,0.9999999933523347,2,1.318441882027763e-07,1.200097519049383e-07,0.9999998799902481
2024-09-10,5.49462633341993e-137,7.294735077154314e-07,0.9999992705273076,0.8790062526672783,0.8790062526672783,1.1376483352258022,1.1209937473327218,4.308508287659977e-137,7.403112770464821e-07,0.9999992596887229,2,1.1190717051523348e-05,1.0186229634378374e-05,0.9999898137703657
2024-09-11,7.817155432291299e-134,0.0100837186429334,0.9899162813562488,0.8790062526672783,0.8790062526672783,1.1376483352258022,1.1209937473327218,6.128757858570081e-134,0.01023199941169401,0.989768000588306,2,0.05706490168587906,0.05194271197809106,0.9480572880219089
2024-09-12,4.284215233305645e-143,0.2858393742397532,0.7141606257605528,0.8790062526672783,0.8790062526672783,1.1376483352258022,1.1209937473327218,3.345181120177308e-143,0.28885938323904475,0.7111406167609553,2,0.6011272307956929,0.5471695856638038,0.4528304143361962
2024-09-13,3.408018725073636e-136,0.6387608960843139,0.3612391039159631,0.8790062526672783,0.8790062526672783,1.1376483352258022,1.1209937473327218,2.647211853858564e-136,0.6421568495519556,0.3578431504480445,1,0.6521671165707723,0.5936280918188342,0.40637190818116575
2024-09-14,2.8751612739122734e-137,0.846397704507693,0.1536022954918686,0.8790062526672783,0.8790062526672783,1.1376483352258022,1.1209937473327218,2.2265057379689955e-137,0.8483052535745457,0.1516947464254544,1,0.42563756810786385,0.3874320108178298,0.6125679891821703
2024-09-15,9.288925642945257e-140,0.9869596992337348,0.0130403007659531,0.8790062526672783,0.8790062526672783,1.1376483352258022,1.1209937473327218,7.178477298775782e-140,0.987148149085288,0.012851850914712054,1,0.06872930578049923,0.06256011014024103,0.937439889859759
2024-09-16,1.886077805116398e-153,0.9981364474703328,0.0018635525290091,0.8790062526672783,0.8790062526672783,1.1376483352258022,1.1209937473327218,1.4573215314700903e-153,0.9981636788263041,0.0018363211736957875,1,0.013403441128159624,0.01220033788663436,0.9877996621133657
2024-09-17,8.70808824367861e-154,0.9999945878281352,5.412172538072037e-06,0.8790062526672783,0.8790062526672783,1.1376483352258022,1.1209937473327218,6.72832226306705e-154,0.9999946670584683,5.332941531667939e-06,1,7.008343831998408e-05,6.379269469573197e-05,0.9999362073053043
2024-09-18,9.860785985900871e-155,0.9999970599153604,2.940084500920417e-06,0.8790062526672783,0.8790062526672783,1.1376483352258022,1.1209937473327218,7.618956264872995e-155,0.999997102956703,2.897043297096068e-06,1,3.9839641080715866e-05,3.626360408640159e-05,0.9999637363959136
2024-09-19,2.0710281971714223e-144,0.9999993409512524,6.590491784126817e-07,0.8790062526672783,0.8790062526672783,1.1376483352258022,1.1209937473327218,1.60018407794333e-144,0.9999993505989571,6.494010428682953e-07,1,9.90158498324639e-06,9.0128110575301e-06,0.9999909871889424
2024-09-20,2.165328215470867e-142,0.9999994119354506,5.880648453918628e-07,0.8790062526672783,0.8790062526672783,1.1376483352258022,1.1209937473327218,1.673045173914132e-142,0.9999994205441172,5.794558827834986e-07,1,8.901151440669666e-06,8.102177203443516e-06,0.9999918978227965
2024-09-21,2.0777176332402847e-145,0.999999768568186,2.314316481944414e-07,0.8790062526672783,0.8790062526672783,1.1376483352258022,1.1209937473327218,1.605352674049973e-145,0.9999997719563917,2.280436083865901e-07,1,3.7157083513997226e-06,3.382183496148964e-06,0.9999966178165038
2024-09-22,6.99152712648475e-154,0.999999720215822,2.797837337740913e-07,0.8790062526672783,0.8790062526672783,1.1376483352258022,1.1209937473327218,5.402017385124213e-154,0.9999997243121553,2.7568784459976864e-07,1,4.439703707693006e-06,4.041192469342784e-06,0.9999959588075307
2024-09-23,4.359829069195157e-174,0.999999999998181,1.849930864588752e-12,0.8790062526672783,0.8790062526672783,1.1376483352258022,1.1209937473327218,3.3686306160879184e-174,0.9999999999981772,1.822848825942505e-12,1,7.872652021118031e-11,7.165996687204684e-11,0.99999999992834
2024-09-24,4.2194731872744666e-178,1.0,5.908122990162582e-13,0.8790062526672783,0.8790062526672783,1.1376483352258022,1.1209937473327218,3.2601843642990694e-178,0.9999999999994178,5.821631101078845e-13,1,5.5844243185970356e-11,5.083162072915869e-11,0.9999999999491683
2024-09-25,8.453998319607904e-185,1.0,6.277484495652263e-14,0.8790062526672783,0.8790062526672783,1.1376483352258022,1.1209937473327218,6.531998643938254e-185,0.9999999999999382,6.185585343652912e-14,1,5.5323881654328707e-11,5.035796725103084e-11,0.9999999999496421
2024-09-26,1.1159450038602835e-215,1.0,1.898464151181838e-17,0.8790062526672783,0.8790062526672783,1.1376483352258022,1.1209937473327218,8.622371304497222e-216,1.0,1.8706716101226145e-17,1,5.526204223185709e-11,5.030167858294522e-11,0.9999999999496983
2024-09-27,3.766252515717187e-219,1.0,3.219218034069213e-17,0.8790062526672783,0.8790062526672783,1.1376483352258022,1.1209937473327218,2.910002509503246e-219,1.0,3.1720903338517695e-17,1,5.526204223185709e-11,5.030167858294522e-11,0.9999999999496983
2024-09-28,1.01809995441481e-217,1.0,5.1761017934077625e-17,0.8790062526672783,0.8790062526672783,1.1376483352258022,1.1209937473327218,7.866369580660132e-218,1.0,5.100326319043155e-17,1,5.526204223185709e-11,5.030167858294522e-11,0.9999999999496983
2024-09-29,4.334664340033514e-225,1.0,4.73258978822554e-16,0.8790062526672783,0.8790062526672783,1.1376483352258022,1.1209937473327218,3.3491870379673035e-225,0.9999999999999996,4.663307102047957e-16,1,5.526248632106694e-11,5.030208281036415e-11,0.9999999999496979
2024-09-30,1.0847934816707637e-210,1.0,8.206317338222746e-16,0.8790062526672783,0.8790062526672783,1.1376483352258022,1.1209937473327218,8.381678447690489e-211,0.9999999999999992,8.086181063104988e-16,1,5.526281938797433e-11,5.030238598092835e-11,0.9999999999496976
2024-10-01,7.412472228657584e-200,0.9999999993870006,6.136094410277147e-10,0.88124170200764,0.88124170200764,1.1347624581562648,1.11875829799236,5.756429106345701e-200,0.9999999993950446,6.049553798220548e-10,1,1.3473288517940451e-08,1.2263915720690362e-08,0.9999999877360842
2024-10-02,4.6591919203927866e-194,0.9999999996980478,3.013128320224257e-10,0.8657778369169091,0.8657778369169091,1.1550307219240732,1.1342221630830909,3.492396371867283e-194,0.9999999997041155,2.958845038631855e-10,1,6.815532823939326e-09,6.203765326712357e-09,0.9999999937962347
2024-10-03,1.4743400766491155e-202,0.999999626587011,3.734138634942562e-07,0.9192258674400168,0.9192258674400168,1.087871909854902,1.0807741325599833,1.2457822716837787e-202,0.9999996290224596,3.7097754039866143e-07,1,5.8641156610145845e-06,5.33774810413224e-06,0.9999946622518958
2024-10-04,1.3872539911739902e-196,0.9999999999399732,6.02355238294257e-11,0.8806781488967288,0.8806781488967288,1.1354886018833916,1.1193218511032712,1.0759458747283538e-196,0.999999999940622,5.937790826181775e-11,1,1.485186444861809e-09,1.351874960967675e-09,0.999999998648125
2024-10-05,5.356292150359363e-203,0.9999999999708962,2.8502122996003557e-11,0.8791856577063029,0.8791856577063029,1.137416188759139,1.1208143422936971,4.1402393280713354e-203,0.9999999999719139,2.8086103007398946e-11,1,7.380899410127758e-10,6.71838417088517e-10,0.9999999993281616
2024-10-06,9.568931773375647e-197,0.999999999978172,2.2233204893777323e-11,0.8801821999805334,0.8801821999805334,1.136128406166492,1.1198178000194665,7.413249571121482e-197,0.999999999978086,2.191401821871278e-11,1,5.874004003056086e-10,5.346748860944718e-10,0.9999999994653251
2024-10-07,3.373557855676219e-193,0.9969852818797998,0.0030147181196869,1.0113590753305428,1.0113590753305428,0.9887685040777131,1.0113590753305428,3.4503964809915575e-193,0.996916616451724,0.0030833835482759558,1,0.020905909219870077,0.019029378640225407,0.9809706213597746
2024-10-08,7.825337995457928e-189,0.9999997286377408,2.713620446482916e-07,0.962632436254349,0.962632436254349,1.0388181016329037,1.037367563745651,7.251437157377625e-189,0.9999997290168675,2.709831324791824e-07,1,4.368603378881801e-06,3.9764741610327596e-06,0.9999960235258389
2024-10-09,1.1596162646398965e-212,0.9999999901556292,9.843489660521629e-09,0.9462036095948401,0.9462036095948401,1.056854983282293,1.05379639040516,1.0382059154148885e-212,0.999999990184998,9.81500209360525e-09,1,1.9082492911788827e-07,1.7369633590138768e-07,0.9999998263036641
2024-10-10,5.509954463863063e-218,0.9999999940282578,5.971990489855005e-09,0.940631443821605,0.940631443821605,1.06311564063518,1.059368556178395,4.875138907509654e-218,0.9999999940490586,5.950941460235201e-09,1,1.1868771598728917e-07,1.080342148103758e-07,0.9999998919657852
2024-10-11,4.442855471020925e-210,0.9999999997780832,2.2178012411890254e-10,0.9214733859871271,0.9214733859871271,1.0852185371894938,1.0785266140128729,3.7724872309515106e-210,0.9999999997795874,2.2041253270621902e-10,1,5.1490309163809805e-09,4.686849919204299e-09,0.9999999953131501
2024-10-12,1.3982940695372662e-210,0.9999999998763088,1.24468750201556e-10,0.9159534962303342,0.9159534962303342,1.09175848349896,1.0840465037696658,1.1731279043018778e-210,0.9999999998764105,1.2358952600226708e-10,1,2.970798775739797e-09,2.704137580093348e-09,0.9999999972958624
2024-10-13,2.287236617020845e-213,0.9999999998672138,1.3233700197052295e-10,0.9088749123487394,0.9088749123487394,1.1002614181700456,1.0911250876512606,1.8893800559473813e-213,0.9999999998687619,1.3123810440883693e-10,1,3.1450620107336223e-09,2.862758812343618e-09,0.9999999971372412
2024-10-14,1.0848970123325234e-199,0.999999999992724,6.662030038256277e-12,0.8871815202449698,0.8871815202449698,1.1271650470400676,1.1128184797550302,8.5391272843191e-200,0.9999999999934228,6.577235657482504e-12,1,2.0355496494952883e-10,1.8528371387171208e-10,0.9999999998147163
2024-10-15,8.236372682943182e-200,0.999999999679858,3.194516275851085e-10,0.8898296853460395,0.8898296853460395,1.123810563378898,1.1101703146539605,6.52153410166739e-200,0.9999999996844258,3.155742840218607e-10,1,7.246906160949135e-09,6.596418259379604e-09,0.9999999934035817
2024-10-16,2.7673202820083386e-204,0.9999999999654392,3.369599359982586e-11,0.8475208560742593,0.8475208560742593,1.1799119665703903,1.1524791439257407,1.9877429171774705e-204,0.9999999999670875,3.291256547774137e-11,1,8.549595478823533e-10,7.782177176616637e-10,0.9999999992217823
2024-10-17,3.4801798323549206e-204,0.999999999998181,1.446877788529878e-12,0.8283076550737882,0.8283076550737882,1.20728088636452,1.1716923449262118,2.387729010482996e-204,0.9999999999985958,1.404226347001951e-12,1,6.735872314344816e-11,6.131255206066349e-11,0.9999999999386875
2024-10-18,9.077933738661627e-203,1.0,3.8472556576022594e-13,0.7926227261325699,0.7926227261325699,1.261634276977248,1.2073772738674302,5.703219006403011e-203,0.9999999999996319,3.681803144152306e-13,1,5.563019218682272e-11,5.063678311323584e-11,0.9999999999493632
2024-10-19,2.3396800852724706e-203,1.0,3.948362354909479e-13,0.7931300251200101,0.7931300251200101,1.2608273149773745,1.2068699748799898,1.4717880099524495e-203,0.9999999999996221,3.779391451533083e-13,1,5.5639962149439424e-11,5.0645676116452244e-11,0.9999999999493543
2024-10-20,2.6253340577561165e-209,1.0,4.06758590520777e-13,0.7925731716748263,0.7925731716748263,1.2617131587823616,1.2074268283251737,1.649161956009859e-209,0.9999999999996108,3.892574405107286e-13,1,5.56512864242906e-11,5.0655983915634884e-11,0.999999999949344
2024-10-21,3.399971387053778e-221,1.0,9.530645584427984e-15,0.7889887331249148,0.7889887331249148,1.26744522198605,1.2110112668750852,2.1164931397421928e-221,0.9999999999999909,9.106286396543375e-15,1,5.527114606065902e-11,5.030996524503323e-11,0.99999999994969
2024-10-22,2.6984985804913554e-222,1.0,1.2289290755096791e-14,0.7850247575997813,0.7850247575997813,1.273845175351548,1.2149752424002187,1.6629871785234305e-222,0.9999999999999883,1.1721349111346831e-14,1,5.5273699573615656e-11,5.031228955269206e-11,0.9999999999496877
2024-10-23,2.272891745930496e-210,0.999999999998181,1.2855148018333925e-12,0.838847489367888,0.838847489367888,1.192111811353871,1.1611525106321121,1.5993546213710888e-210,0.999999999998748,1.2521298131500015e-12,1,6.319910860805424e-11,5.752630774290079e-11,0.9999999999424737
2024-10-24,4.6401117135787e-210,0.999999999994543,5.208548676139634e-12,0.8274186724523901,0.8274186724523901,1.2085779947847868,1.17258132754761,3.176720981723066e-210,0.9999999999949467,5.053415623667868e-12,1,1.641284874120127e-10,1.4939618744934304e-10,0.9999999998506038
2024-10-25,1.1242306306718622e-202,0.9999999999454304,5.455057394589448e-11,0.8703918016252377,0.8703918016252377,1.1489078804887083,1.1296081983747623,8.516967641108384e-203,0.9999999999463658,5.363421785319923e-11,1,1.3496519364548544e-09,1.22850613485408e-09,0.9999999987714938
2024-10-26,1.2681802179791323e-202,0.9999999999417925,5.796787799984197e-11,0.8690169797286045,0.8690169797286045,1.150725501718392,1.1309830202713955,9.57717666928746e-203,0.9999999999430267,5.6973349109899286e-11,1,1.4285166216769236e-09,1.3002918649387853e-09,0.9999999986997081
2024-10-27,3.278537355768505e-209,0.999999999992724,6.389419413352315e-12,0.8571676075631611,0.8571676075631611,1.1666329795673178,1.1428323924368389,2.4088604306348947e-209,0.999999999993741,6.259068277976697e-12,1,1.9535513483430272e-10,1.7781990684915725e-10,0.9999999998221801
2024-10-28,1.2175878938280804e-213,0.999999999994543,4.907364080418957e-12,0.8339739018477363,0.8339739018477363,1.199078289841468,1.1660260981522637,8.46847562216575e-214,0.9999999999952279,4.772094232198915e-12,1,1.5680317075758076e-10,1.4272839688301622e-10,0.9999999998572716
2024-10-29,1.1690277133582665e-210,0.999999999998181,2.0108233238169504e-12,0.8154526519681766,0.8154526519681766,1.2263127694617215,1.1845473480318234,7.773602076251806e-211,0.9999999999980577,1.9423392587138525e-12,1,8.195266783445584e-11,7.459653298964117e-11,0.9999999999254034
2024-10-30,1.5779206213892888e-201,0.999999988327545,1.1673318179663631e-08,0.8507156851883344,0.8507156851883344,1.1754808538396897,1.1492843148116656,1.1419682579782082e-201,0.9999999885868311,1.1413168870721138e-08,1,2.201705156952224e-07,2.0040783993245117e-07,0.9999997995921601
2024-10-31,4.763535925290146e-174,0.5164173392233372,0.4835826607770752,1.0522855306559458,1.0522855306559458,0.9503124112869314,1.0522855306559458,5.014481143237368e-174,0.4909419868570645,0.5090580131429354,2,0.6929830764064573,0.6307803795337001,0.36921962046629986
2024-11-01,2.1079285565243104e-164,0.9127351749935114,0.0872648250060665,1.0087500766626696,1.0087500766626696,0.991325823050623,1.0087500766626696,2.1416940278458807e-164,0.9113373392195643,0.08866266078043573,1,0.29943274063464986,0.27255542626203805,0.727444573737962
2024-11-02,7.405646345355296e-165,0.9837149345138516,0.0162850654867181,1.008278891974899,1.008278891974899,0.9917890853009098,1.008278891974899,7.52673707576888e-165,0.9834486551930633,0.016551344806936586,1,0.08429543988193974,0.0767290160063059,0.9232709839936941
2024-11-03,1.6224722469868104e-181,0.9931915148531684,0.00680848514629,0.991552379686497,0.991552379686497,1.0085195905799489,1.008447620313503,1.5951767463445792e-181,0.9931919974149928,0.006808002585007273,1,0.04075436979754415,0.03709622604618072,0.9629037739538193
2024-11-04,3.881029274303121e-188,0.99899034357435,0.0010096564249178,0.9872605412637995,0.9872605412637995,1.012903846759532,1.0127394587362004,3.782775336590594e-188,0.998990507270652,0.0010094927293481423,1,0.0079727741344894,0.007257131762248084,0.9927428682377519
2024-11-05,3.1172508737691137e-184,0.9999996763854666,3.236139664580247e-07,0.9259878432049267,0.9259878432049267,1.0799277845148707,1.0740121567950733,2.672897632451797e-184,0.9999996781587254,3.2184127465249885e-07,1,5.133140802042281e-06,4.672386113817629e-06,0.9999953276138862
2024-11-06,6.32469973257832e-144,0.9999999392839546,6.071581990221766e-08,0.8705196510952202,0.8705196510952202,1.148739145339083,1.1294803489047798,4.7928856890017046e-144,0.9999999403020906,5.969790948211753e-08,1,1.0527387044259245e-06,9.582440641567921e-07,0.9999990417559358
2024-11-07,2.81281834967922e-139,0.9999993879448138,6.12055959918917e-07,0.8449973869098253,0.8449973869098253,1.1834356123360603,1.1550026130901747,2.008410229931204e-139,0.9999994026491715,5.973508284605526e-07,1,9.157870382524528e-06,8.335852854537945e-06,0.9999916641471455
2024-11-08,5.479493870540577e-140,0.9999988125626034,1.187438057521382e-06,0.8404138913967938,0.8404138913967938,1.1898898985807687,1.1595861086032062,3.8701420285844687e-140,0.9999988428032547,1.1571967453546843e-06,1,1.6975536277748546e-05,1.545179901303366e-05,0.9999845482009869
2024-11-09,1.1321292339353943e-139,0.9999989015492824,1.09845095930705e-06,0.8456355323114562,0.8456355323114562,1.1825425514779455,1.1543644676885438,8.0958501767740745e-140,0.9999989277233292,1.0722766707436854e-06,1,1.5811525511208552e-05,1.4392270753112981e-05,0.9999856077292469
2024-11-10,7.192717955276723e-142,0.9999995537001356,4.462998062140216e-07,0.8186746056133023,0.8186746056133023,1.221486526079381,1.1813253943866977,4.8207618307763745e-142,0.9999995683740336,4.3162596645186125e-07,1,6.757436961405977e-06,6.150884193729783e-06,0.9999938491158062
2024-11-11,2.7327816243885155e-141,0.9999984202489686,1.579750344988076e-06,0.8308284949850171,0.8308284949850171,1.203617841752086,1.169171505014983,1.8863736212649958e-141,0.9999984654604578,1.53453954223104e-06,1,2.2077876817083043e-05,2.009614951954425e-05,0.9999799038504804
2024-11-12,5.338589423103236e-143,0.9999999345855052,6.541452923062901e-08,0.8468841617213185,0.8468841617213185,1.180799033916833,1.1531158382786815,3.828904585309022e-143,0.9999999361190791,6.388092101909118e-08,1,1.1221755444114063e-06,1.0214481996845887e-06,0.9999989785518003
2024-11-13,8.024274274204495e-144,0.999999807636432,1.923635190064789e-07,0.8297990120540129,0.8297990120540129,1.205111099764612,1.1702009879459871,5.525245683647455e-144,0.9999998132089388,1.8679106124282677e-07,1,3.0808239848194743e-06,2.8042868413154893e-06,0.9999971957131587
2024-11-14,4.046600770242822e-144,0.9999970141188,2.985880618700724e-06,0.8540839167215848,0.8540839167215848,1.1708451364340362,1.1459160832784152,2.9518309018268267e-144,0.9999970776930827,2.922306917261258e-06,1,4.0161688304874784e-05,3.655674410265732e-05,0.9999634432558974
2024-11-15,5.13921238536973e-134,0.999991064196272,8.935803191361694e-06,0.9426951241988186,0.9426951241988186,1.0607883443227564,1.0573048758011814,4.567085060845197e-134,0.9999910935403737,8.906459626213186e-06,1,0.00011247729518773283,0.00010238124618476042,0.9998976187538152
2024-11-16,5.643635532117893e-133,0.9999833617004626,1.6638298990441396e-05,0.9475289768458501,0.9475289768458501,1.0553766949996783,1.0524710231541499,5.0669192068956284e-133,0.9999834075089519,1.6592491048137705e-05,1,0.00019921863446134883,0.00018133661576175277,0.9998186633842382
2024-11-17,1.6307693984939828e-132,0.9998889301228469,0.0001110698765057,0.9526660061610712,0.9526660061610712,1.0496858222428542,1.0473339938389288,1.4800418596937575e-132,0.9998891789487488,0.00011082105125113146,1,0.0011201280582240425,0.0010195844974408735,0.9989804155025591
2024-11-18,1.2909145868799932e-131,0.9996137178116952,0.0003862821874248,0.9663449692644995,0.9663449692644995,1.03482713917486,1.0336550307355004,1.205485742844663e-131,0.9996141551705624,0.000385844829437668,1,0.003418539809598254,0.0031116890324817703,0.9968883109675182
2024-11-19,5.7930106071225976e-136,0.9999889701892988,1.102981025762783e-05,0.9676905795489457,0.9676905795489457,1.0333881729696224,1.0323094204510543,5.424720354770906e-136,0.9999889817036195,1.1018296380461023e-05,1,0.00013680262089163224,0.00012452311184092376,0.999875476888159
2024-11-20,1.4158228297373458e-151,0.9999999998581188,1.4113526679823018e-10,0.9610251345562477,0.9610251345562477,1.0405555110291147,1.0389748654437523,1.3076105128805339e-151,0.9999999998590791,1.4092087666344332e-10,1,3.365035200434405e-09,3.062987038415497e-09,0.9999999969370129
2024-11-21,2.4082632524738626e-155,0.9999999999108696,8.935031129627977e-11,0.961244982137579,0.961244982137579,1.0403175242342895,1.038755017862421,2.2252157761261386e-155,0.9999999999107839,8.921611147027993e-11,1,2.181304303644532e-09,1.985508742387191e-09,0.9999999980144912
2024-11-22,7.779546727904401e-155,0.999999999990905,8.333377109703307e-12,0.9063006355184826,0.9063006355184826,1.1033866255957254,1.0936993644815174,6.3899706412924015e-155,0.9999999999917397,8.260213634503789e-12,1,2.466884080173335e-10,2.2454546573150332e-10,0.9999999997754545
2024-11-23,7.928938438807039e-158,0.999999999990905,9.027579233322538e-12,0.9143433826867895,0.9143433826867895,1.0936810162736776,1.0856566173132105,6.628781413758176e-158,0.9999999999910387,8.961343378136064e-12,1,2.645518549575967e-10,2.4080547585929804e-10,0.9999999997591945
2024-11-24,4.2140105056863157e-154,1.0,5.140188906789568e-13,0.9202508043274267,0.9202508043274267,1.0866602835852546,1.0797491956725733,3.5686834384941703e-154,0.9999999999994892,5.107497643510634e-13,1,5.5772855845487e-11,5.0766641171566167e-11,0.9999999999492334
2024-11-25,4.349529915350943e-165,0.9999999983629096,1.637732868458143e-09,0.8982323785181794,0.8982323785181794,1.1132976542770674,1.1017676214818206,3.5092938410100137e-165,0.9999999983792285,1.6207714443671238e-09,1,3.4453405884620786e-08,3.136084152707775e-08,0.9999999686391585
2024-11-26,1.218052696088271e-182,0.999999997422492,2.578392645063125e-09,0.7847121708701794,0.7847121708701794,1.2743526061168193,1.2152878291298206,7.500441957015645e-183,0.9999999975411129,2.4588871130283646e-09,1,5.123040691053648e-08,4.663192596602491e-08,0.999999953368074
2024-11-27,3.457519528798838e-185,0.9999999389929164,6.10067548987718e-08,0.817115850756845,0.817115850756845,1.2238166706394944,1.182884149243155,2.308510812793749e-185,0.9999999410337144,5.8966285755923504e-08,1,1.0405643965638104e-06,9.471625315836644e-07,0.9999990528374684
2024-11-28,1.41469846276679e-181,0.9999999714309528,2.856912358299405e-08,0.8176661807944599,0.8176661807944599,1.2229929811067655,1.1823338192055401,9.458362459922603e-182,0.9999999723806746,2.7619325336395825e-08,1,5.083544118716351e-07,4.627241267143779e-07,0.9999995372758733
2024-11-29,8.763305168353325e-180,0.9999999802748792,1.972516441813996e-08,0.7982977226176069,0.7982977226176069,1.2526654801431905,1.201702277382393,5.584672584187138e-180,0.9999999810773305,1.8922669617536293e-08,1,3.554503400020562e-07,3.2354484258771803e-07,0.9999996764551574
2024-11-30,1.7888555952322488e-181,0.999999945830497,5.416949153825494e-08,0.8012483976164275,0.8012483976164275,1.2480524179203645,1.1987516023835725,1.1484434962294402e-181,0.9999999479703224,5.2029677590738105e-08,1,9.246705245392083e-07,8.416713831412009e-07,0.9999991583286169
2024-12-01,7.183848415243813e-191,0.9999999965039024,3.4960421055092372e-09,0.7653874795581013,0.7653874795581013,1.3065277741116865,1.2346125204418987,4.208427667653455e-191,0.9999999966963906,3.3036093390507766e-09,1,6.784495022716149e-08,6.175513502530774e-08,0.999999938244865
2024-12-02,3.3114437668908227e-193,0.999999993133315,6.8674363203168674e-09,0.729030573896611,0.729030573896611,1.3716845847151222,1.270969426103389,1.7599846042737587e-193,0.9999999936368013,6.3631987269449495e-09,1,1.264817907915861e-07,1.1512868743251077e-07,0.9999998848713125
2024-12-03,5.496367092920221e-195,0.9999999935771484,6.422907160567263e-09,0.7290090151200315,0.7290090151200315,1.3717251491538136,1.2709909848799685,2.921067070549384e-195,0.9999999940487663,5.951233821649966e-09,1,1.1869325318269584e-07,1.0803925498284047e-07,0.999999891960745
2024-12-04,3.6438558499797073e-199,0.9999999999054126,9.457428471869923e-11,0.7300399868940317,0.7300399868940317,1.369787981415262,1.2699600131059683,1.942023519751447e-199,0.9999999999123182,8.768186134731848e-11,1,2.145788471349447e-09,1.953180838665904e-09,0.9999999980468192
2024-12-05,7.819318060563452e-226,0.999999999992724,7.648101911780687e-12,0.6975076843746232,0.6975076843746232,1.4336759614291386,1.302492315625377,3.804230928429112e-226,0.9999999999930517,6.9482883421490155e-12,1,2.1309842919238382e-10,1.939705493834693e-10,0.9999999998060295
2024-12-06,3.027858982563102e-223,0.999999999992724,7.982480424687963e-12,0.6734772573967855,0.6734772573967855,1.484831134261807,1.3265227426032145,1.3733508924399759e-223,0.9999999999928686,7.131411499530173e-12,1,2.1780088605709528e-10,1.9825091008325033e-10,0.9999999998017491
2024-12-07,4.753437798397334e-224,0.999999999994543,5.360497463433783e-12,0.6806626805829937,0.6806626805829937,1.4691564978169378,1.3193373194170062,2.202275740298218e-224,0.9999999999951861,4.813853639596516e-12,1,1.5789167865738957e-10,1.437191994719154e-10,0.9999999998562809
2024-12-08,5.269524056548501e-227,0.999999999989086,1.1638716861735296e-11,0.6873673530586676,0.6873673530586676,1.4548261501658035,1.3126326469413323,2.489712466480897e-227,0.9999999999894988,1.050115831330465e-11,1,3.035965815065689e-10,2.7634551755709084e-10,0.9999999997236545
2024-12-09,8.646560006591446e-215,0.9999999999672582,3.2912946968761835e-11,0.7725832716277032,0.7725832716277032,1.2943588564805033,1.2274167283722968,5.161001205177387e-215,0.9999999999687893,3.121074305420717e-11,1,8.138376721207298e-10,7.407869732709587e-10,0.999999999259213
2024-12-10,1.3572134807415278e-213,0.9999999999345164,6.577451989856997e-11,0.783746674424074,0.783746674424074,1.2759224793327983,1.216253325575926,8.33680391440309e-214,0.9999999999373015,6.269854153431878e-11,1,1.5632864905746332e-09,1.4229646861768368e-09,0.9999999985770354
2024-12-11,6.759337490121783e-207,0.999999999992724,7.705987635641425e-12,0.7665073658721031,0.7665073658721031,1.3046189045583898,1.233492634127897,3.9713374967132896e-207,0.9999999999927142,7.285866358392043e-12,1,2.217635200242298e-10,2.018578549609001e-10,0.9999999997981421
2024-12-12,5.5314873393184725e-207,0.9999999998781276,1.2263975253081254e-10,0.8244963448792578,0.8244963448792578,1.2128616533120515,1.175503655120742,3.7602731363247255e-207,0.9999999998811376,1.1886226015129542e-10,1,2.862859245800949e-09,2.605886785839347e-09,0.9999999973941132
2024-12-13,4.9657422274201e-206,0.9999999999727152,2.657134420856416e-11,0.8232184993961662,0.8232184993961662,1.2147443245426381,1.1767815006038338,3.3652273834581517e-206,0.9999999999742589,2.5740944558548415e-11,1,6.810119579047524e-10,6.198837978868501e-10,0.9999999993801162
2024-12-14,1.2309791848424406e-208,0.9999999999672582,3.1896576257420883e-11,0.827380932077239,0.827380932077239,1.2086331231847225,1.172619067922761,8.426781343214813e-209,0.9999999999690539,3.094614304663141e-11,1,8.074358385298074e-10,7.349597732141637e-10,0.9999999992650402
2024-12-15,5.0924980340874246e-207,1.0,3.7151124638424593e-13,0.8271801702077817,0.8271801702077817,1.2089264661032761,1.1728198297922183,3.4844248254366975e-207,0.9999999999996396,3.6041543383076775e-13,1,5.562242062565035e-11,5.0629709133404623e-11,0.9999999999493703
2024-12-16,1.01565942378029e-203,0.999999999998181,1.924065693915711e-12,0.8656567032376645,0.8656567032376645,1.155192348490891,1.1343432967623355,7.610960975896585e-204,0.9999999999981107,1.8893399227191246e-12,1,8.052262888170987e-11,7.329485543924742e-11,0.9999999999267052
2024-12-17,1.804146316778872e-204,0.9999999585415944,4.1458321560014363e-08,0.9111296320383332,0.9111296320383332,1.097538665011751,1.088870367961667,1.4977250667253971e-204,0.999999958869114,4.1130886141881615e-08,1,7.406511991409784e-07,6.741697747063239e-07,0.9999993258302253
2024-12-18,1.4247103402298883e-151,1.3778367304561286e-64,1.0,1.579680381892991,1.579680381892991,0.6330394499181297,1.579680381892991,1.4247103402298884e-151,5.521528379555627e-65,1.0,2,5.526204223185709e-11,5.030167858294522e-11,0.9999999999496983
2024-12-19,5.8563393881446996e-139,1.935345900362397e-33,1.0,1.3838144497864089,1.3838144497864089,0.7226402355853052,1.3838144497864089,5.856339388144699e-139,1.0106548732691755e-33,1.0,2,5.526204223185709e-11,5.030167858294522e-11,0.9999999999496983
2024-12-20,5.42818704612555e-133,1.6803625203455055e-05,0.9999831963752802,1.1362706175548547,1.1362706175548547,0.8800720396624389,1.1362706175548547,5.428207612338046e-133,1.3014907283587348e-05,0.9999869850927164,2,0.00015942494530565718,0.00014511483892004723,0.9998548851610799
2024-12-21,3.0838538873977464e-132,6.937356522485814e-05,0.9999306264343684,1.1534392514109038,1.1534392514109038,0.866972403424615,1.1534392514109038,3.083907021695296e-132,5.2144924660301324e-05,0.9999478550753397,2,0.0005663699174634762,0.0005155321156566603,0.9994844678843433
2024-12-22,7.654172159789281e-133,0.0116824290490249,0.988317570951404,1.140831054456199,1.140831054456199,0.8765539788682127,1.140831054456199,7.674942635720811e-133,0.009000515721901416,0.9909994842780986,2,0.051356578939154136,0.04674677269577578,0.9532532273042242
2024-12-23,2.0574649211277048e-133,0.9569147411255614,0.0430852588743687,1.0715817345622614,1.0715817345622614,0.9331999302960289,1.0715817345622614,2.3475624928095893e-133,0.9508398239562591,0.0491601760437409,1,0.19603496901106457,0.17843871858444743,0.8215612814155526
2024-12-24,2.362804618896632e-135,0.999953892832078,4.610716847178456e-05,0.9722513231364406,0.9722513231364406,1.0285406419134955,1.0277486768635593,2.2334946281915988e-135,0.9999539283319082,4.607166809173144e-05,1,0.0005061106317979648,0.00046068175007539947,0.9995393182499246
2024-12-25,1.907363332225952e-138,0.9999998632101872,1.3678975067393633e-07,0.9391965949361546,0.9391965949361546,1.0647398056931614,1.0608034050638455,1.6824665878557264e-138,0.9999998637159684,1.3628403163876429e-07,1,2.290761128424879e-06,2.0851406379242833e-06,0.9999979148593621
2024-12-26,1.733398089982875e-138,0.999999401263446,5.987362212164001e-07,0.9525623717368491,0.9525623717368491,1.049800023253759,1.0474376282631508,1.572842218907388e-138,0.9999994026111312,5.973888687938624e-07,1,9.158415528240229e-06,8.336349067552603e-06,0.9999916636509324
2024-12-27,3.661336235605295e-132,0.9991055755548344,0.0008944244443847,1.0650281088059028,1.0650281088059028,0.9389423544146533,1.0650281088059028,4.1524995583002544e-132,0.9989855897215553,0.0010144102784448038,1,0.008006679962546202,0.00728799417695665,0.9927120058230433
2024-12-28,3.540944217459992e-128,0.9983093990827622,0.0016906009171713,1.0580759358311607,1.0580759358311607,0.9451117506178423,1.0580759358311607,3.96337359001284e-128,0.9981077129107743,0.0018922870892257775,1,0.013755077153797049,0.012520410790664705,0.9874795892093353
2024-12-29,9.226576047272403e-134,0.9948565518985412,0.0051434481016901,1.0170188076658389,1.0170188076658389,0.98326598531162,1.0170188076658389,9.541614405585387e-134,0.9946809305803126,0.00531906941968742,1,0.03315797587737065,0.030181690319129185,0.9698183096808708
2024-12-30,7.759928826217983e-134,0.0662087960675631,0.933791203932794,1.1086585621240919,1.1086585621240919,0.9019909593122055,1.1086585621240919,7.856899740128028e-134,0.05453979903458022,0.9454602009654197,2,0.21167141127575503,0.19267162169865448,0.8073283783013455
2024-12-31,1.3092349280998469e-144,0.0008748888002021,0.9991251112000245,1.0923184177353777,1.0923184177353777,0.9154839685603996,1.0923184177353777,1.3094203878081997e-144,0.0007333577059340249,0.999266642294066,2,0.006026374459290822,0.005485442427188602,0.9945145575728114
2025-01-01,2.2392901033195272e-143,0.0001750690442895,0.9998249309551523,1.0843857004338298,1.0843857004338298,0.92218110179794,1.0843857004338298,2.2393487455505663e-143,0.00014888576269376345,0.9998511142373062,2,0.0014609053639790131,0.0013297733686832552,0.9986702266313168
2025-01-02,9.71276287714025e-140,0.0003643034379746,0.999635696561804,1.071402690174613,1.071402690174613,0.9333558793258433,1.071402690174613,9.713218809155878e-140,0.00031737900240045165,0.9996826209975996,2,0.002873947889734795,0.002615980104518031,0.997384019895482
2025-01-03,3.0811690295008385e-132,0.0138376757132801,0.9861623242862592,1.0395104966277473,1.0395104966277473,0.9619912480384543,1.0395104966277473,3.0843518176645895e-132,0.012818989058376093,0.9871810109416239,2,0.06858659894626425,0.06243021278181262,0.9375697872181874
2025-01-04,6.074703299974611e-135,0.048949175812014,0.951050824187492,1.0343813179904227,1.0343813179904227,0.9667614665960731,1.0343813179904227,6.094204257387832e-135,0.04589612108630163,0.9541038789136983,2,0.18624954599400004,0.16953164270517815,0.8304683572948218
2025-01-05,1.5060270664242143e-139,0.144091005283952,0.8559089947162216,1.0299747691661372,1.0299747691661372,0.970897569471139,1.0299747691661372,1.518577745290641e-139,0.13695817269991614,0.8630418273000838,2,0.39940302599155014,0.36355230149096723,0.6364476985090328
2025-01-06,1.7206278952740972e-136,0.7373071276859654,0.2626928723132369,1.0264016388116588,1.0264016388116588,0.9742774779254777,1.0264016388116588,1.7875594105020475e-136,0.7270885138703769,0.27291148612962307,1,0.5861332146936221,0.5335214440430246,0.4664785559569754
2025-01-07,1.7153671355600167e-161,0.9999949368721838,5.063128304579555e-06,0.9874906994615701,0.9874906994615701,1.0126677654232599,1.0125093005384298,1.672719475928809e-161,0.9999949376639828,5.0623360171068925e-06,1,6.67908690252511e-05,6.079566896727894e-05,0.9999392043310327
2025-01-08,2.957432782816659e-166,0.9999999736592148,2.6341457408471694e-08,0.9592649408996801,0.9592649408996801,1.0424648680083264,1.04073505910032,2.721397785966284e-166,0.9999999737022521,2.6297747842908824e-08,1,4.853205505481322e-07,4.417578025970428e-07,0.9999995582421974
2025-01-09,1.5915333255610812e-167,0.9992062179308449,0.0007937820699876,1.0107132100711747,1.0107132100711747,0.9894003462461718,1.0107132100711747,1.6257890527234824e-167,0.9991891327822626,0.0008108672177373747,1,0.0065818098021018095,0.005991021464070088,0.99400897853593
2025-01-10,6.167420755703185e-154,0.0375655677038566,0.9624344322965862,1.1021775437427892,1.1021775437427892,0.907294841631582,1.1021775437427892,6.20865989198412e-154,0.031130144162991154,0.9688698558370088,2,0.13864897751643368,0.12620373806716034,0.8737962619328397
2025-01-11,6.641002006597235e-152,0.0037659525025966,0.9962340474980071,1.097024266360796,1.097024266360796,0.9115568640221071,1.097024266360796,6.6452329420723684e-152,0.0031312588264138168,0.9968687411735861,2,0.02118219227998314,0.019280862319192817,0.9807191376808072
2025-01-12,8.683297681191658e-156,0.0020721767194664,0.9979278232800608,1.085380997221884,1.085380997221884,0.9213354596769031,1.085380997221884,8.686018062149534e-156,0.0017595369893371666,0.9982404630106629,2,0.012918211441853534,0.011758662792234722,0.9882413372077653
2025-01-13,6.476551795595617e-168,0.042764912827481,0.9572350871724644,1.049125635037932,1.049125635037932,0.9531746881428973,1.049125635037932,6.501982309736118e-168,0.03900627996418405,0.960993720035816,2,0.1647730908615354,0.14998293079471758,0.8500170692052824
2025-01-14,1.7353168747432337e-167,0.5486981632975633,0.4513018367017287,1.0253681252889122,1.0253681252889122,0.9752594949430826,1.0253681252889122,1.783130237641214e-167,0.5362633977469147,0.4637366022530852,1,0.6905148019375114,0.6285336592899841,0.37146634071001594
2025-01-15,6.878940339559821e-154,0.9996020612887188,0.000397938711243,0.9287535863220356,0.9287535863220356,1.0767118584813307,1.0712464136779642,5.9336705222924e-154,0.9996040804463934,0.00039591955360665797,1,0.003497593561468027,0.0031836468584456623,0.9968163531415544
2025-01-16,5.989506263551596e-162,0.999999497751686,5.022484734893194e-07,0.9371951753086886,0.9371951753086886,1.067013602231387,1.0628048246913115,5.260791776283363e-162,0.9999994997326176,5.002673824957911e-07,1,7.758235664698115e-06,7.061850431423559e-06,0.9999929381495686
2025-01-17,4.455570985029269e-156,0.9999999944575392,5.542906760615514e-09,0.8638968078534872,0.8638968078534872,1.157545659283875,1.1361031921465128,3.325271466100281e-156,0.9999999945597705,5.440229518933568e-09,1,1.089924066610387e-07,9.920916394734163e-08,0.999999900790836
2025-01-18,1.1894175378755465e-159,0.9999999957472028,4.2526940298054675e-09,0.8657756123290187,0.8657756123290187,1.1550336897454352,1.1342243876709812,8.915486244172117e-160,0.9999999958239232,4.176076702439119e-09,1,8.477648747211255e-08,7.716688439275549e-08,0.9999999228331156
2025-01-19,1.9118583602115972e-162,0.9999999999217836,7.76019454529511e-11,0.8552096100063251,0.8552096100063251,1.1693039791643642,1.1447903899936749,1.3983016151163942e-162,0.9999999999240249,7.597507832226689e-11,1,1.8738722424780415e-09,1.7056720207907099e-09,0.999999998294328
2025-01-20,1.1684324160671904e-166,0.9999999999527064,4.7007822611851396e-11,0.855280470888945,0.855280470888945,1.169207101105254,1.144719529111055,8.547137851561523e-167,0.9999999999539767,4.602330289815675e-11,1,1.1690951401250818e-09,1.0641562562006485e-09,0.9999999989358438
2025-01-21,4.390920870226325e-162,0.9999999999708962,2.994516790526097e-11,0.7985727181749763,0.7985727181749763,1.2522341137390178,1.2014272818250236,2.8001709713523854e-162,0.9999999999712698,2.873020410919993e-11,1,7.537315784229125e-10,6.860760490278972e-10,0.9999999993139239
2025-01-22,8.656100464772374e-160,0.999999999978172,2.0928582449279383e-11,0.8324187361772512,0.8324187361772512,1.2013184669440993,1.1675812638227487,5.997993377600466e-160,0.9999999999796592,2.0340835022992808e-11,1,5.487304844482612e-10,4.994760117907551e-10,0.999999999500524
2025-01-23,1.7525042535765334e-163,0.9999999999581632,4.2176432265157416e-11,0.8231977386468823,0.8231977386468823,1.214774959955227,1.1768022613531177,1.1875924233471428e-163,0.9999999999591419,4.085803749800848e-11,1,1.0458508623556048e-09,9.519744801175766e-10,0.9999999990480255
2025-01-24,2.882103928693525e-162,0.9999999998672138,1.3195428376125552e-10,0.820914201720546,0.820914201720546,1.2181540993006454,1.179085798279454,1.942250202391797e-162,0.9999999998722778,1.2772228250526318e-10,1,3.065015308068726e-09,2.7898971636158945e-09,0.9999999972101028
2025-01-25,2.245878482330468e-161,0.9999999998763088,1.2419059681642876e-10,0.8216664854620932,0.8216664854620932,1.2170388079509105,1.1783335145379068,1.5162729958174148e-161,0.999999999879759,1.2024098283780456e-10,1,2.8943592591218894e-09,2.6345593336033346e-09,0.9999999973654407
2025-01-26,5.265983372517026e-162,0.9999999996271072,3.7299109813583135e-10,0.791045698475287,0.791045698475287,1.2641494694016604,1.208954301524713,3.2952064577546045e-162,0.9999999996432943,3.567055980670308e-10,1,8.144149621607762e-09,7.413124453105499e-09,0.9999999925868756
2025-01-27,4.5911123363475774e-166,0.9999988902297238,1.1097698212381362e-06,0.9373421710637311,0.9373421710637311,1.0668462711596156,1.062657828936269,4.033798814353777e-166,0.9999988945871341,1.1054128658225323e-06,1,1.6266499743830986e-05,1.4806406146750365e-05,0.9999851935938533
2025-01-28,2.041208817201458e-161,0.9999999961364664,3.863456649734215e-09,0.853526686706819,0.853526686706819,1.1716095297012004,1.146473313293181,1.4870365549276261e-161,0.9999999962194316,3.780568383975565e-09,1,7.712624208679809e-08,7.020333094972132e-08,0.9999999297966691
2025-01-29,9.372615926633216e-168,0.9999999969822966,3.018022167480725e-09,0.8613205742038579,0.8613205742038579,1.1610079103524578,1.1386794257961421,6.953291928678762e-168,0.9999999970400204,2.959979616213023e-09,1,6.111593733993272e-08,5.5630123538874604e-08,0.9999999443698765
2025-01-30,8.975332783675433e-177,0.9999999999690772,3.160540688869537e-11,0.8105479897488745,0.8105479897488745,1.2337332429999879,1.1894520102511255,5.896686326979885e-177,0.999999999969529,3.0471023595966146e-11,1,7.959348088230871e-10,7.244910848285065e-10,0.9999999992755089
2025-01-31,6.670383943579927e-174,0.9999999998799468,1.209444513405517e-10,0.8430792311289997,0.8430792311289997,1.1861281396540413,1.1569207688710001,4.74119277546234e-174,0.9999999998820337,1.179662997260109e-10,1,2.8423803263518885e-09,2.5872460700378805e-09,0.9999999974127539
2025-02-01,7.414128710330651e-170,0.9999999997435224,2.562480104436484e-10,0.8486619203938406,0.8486619203938406,1.1783255215880637,1.1513380796061594,5.3398560874033014e-170,0.999999999749621,2.503791073380728e-10,1,5.813402623301874e-09,5.291587107904725e-09,0.9999999947084129
2025-02-02,5.054855142308874e-159,0.9999999989904608,1.00876170608401e-09,0.8558362399279469,0.8558362399279469,1.1684478330623045,1.1441637600720531,3.702457307939957e-159,0.9999999990122036,9.877964201875767e-10,1,2.1497924040553175e-08,1.9568253752755617e-08,0.9999999804317462
2025-02-03,2.8115124720934042e-154,0.9999583067635116,4.169323626070219e-05,0.9468537554618651,0.9468537554618651,1.056129306380805,1.053146244538135,2.520611292711833e-154,0.9999584245223607,4.157547763916069e-05,1,0.00046098806126531336,0.00041960941637034395,0.9995803905836297
2025-02-04,4.641972051104787e-165,0.999999330080979,6.699187247294e-07,0.8931051166584777,0.8931051166584777,1.1196890280300553,1.1068948833415222,3.702607526000036e-165,0.9999993377361074,6.622638927156248e-07,1,1.008471821069287e-05,9.179506104850662e-06,0.9999908204938951
2025-02-05,1.881965200670139e-169,0.9999999583596956,4.163997034042359e-08,0.8345667053781161,0.8345667053781161,1.198226569015752,1.165433294621884,1.3107917480415347e-169,0.9999999594996396,4.0500360392592274e-08,1,7.29923301239946e-07,6.644048212175565e-07,0.9999993355951787
2025-02-06,1.654691107609426e-182,0.9999999630981626,3.690217223238858e-08,0.8120463426736019,0.8120463426736019,1.2314568115750324,1.187953657326398,1.091135191514681e-182,0.9999999644014551,3.5598544838791085e-08,1,6.461754321423921e-07,5.881742256185535e-07,0.9999994118257743
2025-02-07,8.418250710229268e-177,0.999999265450512,7.345492133825061e-07,0.8611128303327883,0.8611128303327883,1.1612880040511497,1.1388871696672118,6.242261844575658e-177,0.9999992796199707,7.203800293689815e-07,1,1.0909092942105086e-05,9.929884322822023e-06,0.9999900701156772
2025-02-08,1.8526807046817174e-178,0.9999996300158048,3.699844505128441e-07,0.8579059977464583,0.8579059977464583,1.1656288714926732,1.1420940022535417,1.3635780128654518e-178,0.9999996374857939,3.6251420614965875e-07,1,5.738700739572439e-06,5.2235905230312766e-06,0.999994776409477
2025-02-09,7.03486151513823e-181,0.9999996502629686,3.497373135618097e-07,0.8547795549474628,0.8547795549474628,1.1698922771514615,1.1452204450525372,5.140008150167543e-181,0.9999996576382864,3.4236171369382393e-07,1,5.439264383402366e-06,4.95103180576707e-06,0.9999950489681942
2025-02-10,3.168703161202732e-186,0.9999999644296628,3.5570989492575064e-08,0.819722677106163,0.819722677106163,1.2199247720342,1.180277322893837,2.1291950953055605e-186,0.9999999655850644,3.441493546317811e-08,1,6.258554953285446e-07,5.696782220480107e-07,0.999999430321778
2025-02-11,7.785028494456769e-190,0.9999986394423264,1.3605583414857718e-06,0.8833446944310199,0.8833446944310199,1.1320609115608262,1.11665530556898,6.074641102493765e-190,0.9999986579567379,1.3420432621333406e-06,1,1.948826274720637e-05,1.773898121131773e-05,0.9999822610187887
2025-02-12,1.3283828032333985e-184,0.9999981296513608,1.8703493311992412e-06,0.8787324113596402,0.8787324113596402,1.1380028630703691,1.1212675886403598,1.0257382418618852e-184,0.9999981571556539,1.8428443462187245e-06,1,2.6176156221254955e-05,2.3826564194898386e-05,0.9999761734358051
2025-02-13,7.698373975559739e-182,0.99999997757368,2.2426062249559304e-08,0.7942859662200692,0.7942859662200692,1.258992406423727,1.2057140337799308,4.856828671965449e-182,0.9999999785229697,2.147703025405208e-08,1,4.0070916016138023e-07,3.647411960475842e-07,0.999999635258804
2025-02-14,2.744810870882255e-184,0.9999999533392848,4.666137652760873e-08,0.7822762859297606,0.7822762859297606,1.2783207390870448,1.2177237140702393,1.6797039997449373e-184,0.9999999555505414,4.444945866641812e-08,1,7.969581096324304e-07,7.254225333658097e-07,0.9999992745774666
2025-02-15,1.519377531556167e-188,0.9999999664869398,3.3513691762266663e-08,0.7820952176072795,0.7820952176072795,1.2786166920434219,1.2179047823927205,9.293621070761692e-189,0.9999999680776218,3.192237813867051e-08,1,5.829289326362269e-07,5.306047808212069e-07,0.9999994693952192
2025-02-16,9.047223149246212e-206,0.99999999998181,1.8440071973238448e-11,0.7665253040443639,0.7665253040443639,1.304588373956828,1.233474695955636,5.315795858432117e-206,0.9999999999825651,1.74348956534241e-11,1,4.769727428440678e-10,4.341593005684656e-10,0.9999999995658407
2025-02-17,3.8931844444111606e-215,0.9999999999054126,9.436910081909565e-11,0.7690508364710955,0.7690508364710955,1.3003041575101189,1.2309491635289045,2.3025818507413984e-215,0.9999999999106644,8.933568738200912e-11,1,2.1840712004059164e-09,1.9880272803554297e-09,0.9999999980119727
2025-02-18,2.8859442598204758e-216,0.999999999989086,1.1342890323036008e-11,0.79128712787243,0.79128712787243,1.2637637651060314,1.20871287212757,1.8069916289788712e-216,0.9999999999891511,1.0848781963166553e-11,1,3.1237875282575446e-10,2.843393943867707e-10,0.9999999997156606
2025-02-19,2.1026647774240496e-219,0.9999999999872672,1.2381062420037036e-11,0.788555263330304,0.788555263330304,1.2681419381778036,1.211444736669696,1.3074777572934453e-219,0.9999999999881726,1.1827519027324718e-11,1,3.370458317737806e-10,3.0679233725156515e-10,0.9999999996932076
2025-02-20,4.2672288839015374e-213,0.9999999999618012,3.877838827842417e-11,0.8058866283483102,0.8058866283483102,1.2408693292870876,1.1941133716516898,2.7713657002197846e-213,0.9999999999626827,3.7317218567254114e-11,1,9.609931482227458e-10,8.747336600319617e-10,0.9999999991252664
2025-02-21,1.7692969330264405e-194,0.9997194917937549,0.0002805082066046,0.9719418240047166,0.9719418240047166,1.0288681640220754,1.0280581759952834,1.6714037115555375e-194,0.9997197125647372,0.00028028743526266857,1,0.002572913890973012,0.002341967150296721,0.9976580328497032
2025-02-22,5.945529314724644e-194,0.9998797939773127,0.0001202060220779,0.9635115284865168,0.9635115284865168,1.0378703009094237,1.0364884715134832,5.519559572614918e-194,0.9998799540020354,0.00012004599796457042,1,0.0012037703413185549,0.0010957189845181253,0.9989042810154819
2025-02-23,9.248944363363646e-204,0.9992997997618392,0.0007002002389526,0.9251702936412358,0.9251702936412358,1.0808820893548727,1.0748297063587642,7.91657314546879e-204,0.9993037177917947,0.000696282208205349,1,0.005757841193497916,0.005241012915009689,0.9947589870849903
2025-02-24,2.044686310417249e-189,0.0645824969296171,0.9354175030706794,1.02142194850499,1.02142194850499,0.9790273270156918,1.02142194850499,2.050181881115555e-189,0.062068344516616906,0.9379316554833831,2,0.23262112060146536,0.2117408689133461,0.7882591310866539
2025-02-25,5.2044680320706624e-185,2.3451389310894357e-05,0.999976548610314,1.0347830203928803,1.0347830203928803,0.9663861701367364,1.0347830203928803,5.2044760994505596e-185,2.1901338719026788e-05,0.9999780986612811,2,0.0002568797747754089,0.00023382204752764432,0.9997661779524724
2025-02-26,5.601183136455992e-176,6.981495444650606e-07,0.9999993018502829,1.0187059823212783,1.0187059823212783,0.9816375061637963,1.0187059823212783,5.60118327875015e-176,6.727454310288519e-07,0.9999993272545689,2,1.0233762845946944e-05,9.315172378377207e-06,0.9999906848276217
2025-02-27,7.059581212943404e-167,3.982614694584878e-13,1.0,1.1046886211127749,1.1046886211127749,0.9052324617888071,1.1046886211127749,7.0595812129411e-167,3.263536923827991e-13,0.9999999999996736,2,5.5588447801096836e-11,5.05987857358567e-11,0.9999999999494013
2025-02-28,1.5224777613113787e-160,1.6279512388333867e-09,0.9999999983720044,1.0917246987961349,1.0917246987961349,0.9159818414868864,1.0917246987961349,1.5224777617104315e-160,1.3658880994747636e-09,0.9999999986341118,2,2.9273290869963294e-08,2.6645697642297846e-08,0.9999999733543024
2025-03-01,4.803003628493779e-158,3.132073005536533e-09,0.9999999968677002,1.086872886584541,1.086872886584541,0.920070794242061,1.086872886584541,4.803003630803569e-158,2.6513945970900838e-09,0.9999999973486055,2,5.503924351207952e-08,5.0098878448561436e-08,0.9999999499011215
2025-03-02,2.842248277477509e-138,6.95633429772861e-12,0.999999999992724,1.0982805129837456,1.0982805129837456,0.9105141975825987,1.0982805129837456,2.842248277481798e-138,5.767052284315611e-12,0.999999999994233,2,1.8264281349890426e-10,1.6624865330819228e-10,0.9999999998337513
2025-03-03,1.3546360594931087e-123,1.9476295752018996e-25,1.0,1.2396255198959807,1.2396255198959807,0.8066952349318461,1.2396255198959807,1.3546360594931087e-123,1.2674339730110958e-25,1.0,2,5.526204223185709e-11,5.030167858294522e-11,0.9999999999496983
2025-03-04,2.8747356642177206e-121,8.222326506919224e-27,1.0,1.225059068617197,1.225059068617197,0.8162871698331774,1.225059068617197,2.8747356642177206e-121,5.478739601800121e-27,1.0,2,5.526204223185709e-11,5.030167858294522e-11,0.9999999999496983
2025-03-05,5.333358631677609e-119,3.074499312606937e-20,1.0,1.1862515413864867,1.1862515413864867,0.8429915284503685,1.1862515413864867,5.333358631677609e-119,2.1848459490513028e-20,1.0,2,5.526204223185709e-11,5.030167858294522e-11,0.9999999999496983
2025-03-06,6.747282387548196e-108,8.356421822910788e-30,1.0,1.255999114185536,1.255999114185536,0.7961789054671898,1.255999114185536,6.747282387548196e-108,5.2971428924148435e-30,1.0,2,5.526204223185709e-11,5.030167858294522e-11,0.9999999999496983
2025-03-07,1.1935553343539902e-105,1.2420566750273249e-23,1.0,1.1907648884982667,1.1907648884982667,0.8397963440634785,1.1907648884982667,1.1935553343539902e-105,8.759702816926867e-24,1.0,2,5.526204223185709e-11,5.030167858294522e-11,0.9999999999496983
2025-03-08,9.1768699297605e-105,1.0632977734903436e-22,1.0,1.1740290294009297,1.1740290294009297,0.8517676947990535,1.1740290294009297,9.1768699297605e-105,7.714312599859457e-23,1.0,2,5.526204223185709e-11,5.030167858294522e-11,0.9999999999496983
2025-03-09,1.6464535987593818e-105,5.356843970582226e-23,1.0,1.161043181217445,1.161043181217445,0.8612944084916991,1.161043181217445,1.6464535987593818e-105,3.9738571602367026e-23,1.0,2,5.526204223185709e-11,5.030167858294522e-11,0.9999999999496983
2025-03-10,1.4343727472634383e-97,2.583473413899007e-44,1.0,1.346315465430031,1.346315465430031,0.7427679661100727,1.346315465430031,1.4343727472634383e-97,1.425313266031808e-44,1.0,2,5.526204223185709e-11,5.030167858294522e-11,0.9999999999496983
2025-03-11,7.475207747121946e-96,2.781265532118769e-40,1.0,1.2969047069131139,1.2969047069131139,0.7710666748833035,1.2969047069131139,7.475207747121946e-96,1.6535842258779266e-40,1.0,2,5.526204223185709e-11,5.030167858294522e-11,0.9999999999496983
2025-03-12,2.0628187517576578e-91,8.336822235243811e-31,1.0,1.202386403902962,1.202386403902962,0.831679397533095,1.202386403902962,2.0628187517576575e-91,5.766501743068324e-31,1.0,2,5.526204223185709e-11,5.030167858294522e-11,0.9999999999496983
2025-03-13,5.999811545968738e-90,2.8732629709045785e-29,1.0,1.1679095612526036,1.1679095612526036,0.8562306818753007,1.1679095612526036,5.999811545968738e-90,2.1064780993368166e-29,1.0,2,5.526204223185709e-11,5.030167858294522e-11,0.9999999999496983
2025-03-14,2.054593595160361e-82,7.251290894208577e-24,1.0,1.0986488133906211,1.0986488133906211,0.9102089656055116,1.0986488133906211,2.054593595160361e-82,6.0075520982477746e-24,1.0,2,5.526204223185709e-11,5.030167858294522e-11,0.9999999999496983
2025-03-15,2.3619211236380438e-82,1.0641400753354253e-23,1.0,1.0900687190974285,1.0900687190974285,0.9173733568173528,1.0900687190974285,2.3619211236380438e-82,8.955524875923693e-24,1.0,2,5.526204223185709e-11,5.030167858294522e-11,0.9999999999496983
2025-03-16,3.2248641447091784e-82,8.666292515067385e-22,1.0,1.0775366815559984,1.0775366815559984,0.9280426523911623,1.0775366815559984,3.2248641447091784e-82,7.463958517372147e-22,1.0,2,5.526204223185709e-11,5.030167858294522e-11,0.9999999999496983
2025-03-17,1.4802508937991023e-77,4.721636648892949e-19,1.0,1.0672351249180045,1.0672351249180045,0.9370006446113079,1.0672351249180045,1.4802508937991023e-77,4.14545631073844e-19,1.0,2,5.526204223185709e-11,5.030167858294522e-11,0.9999999999496983
2025-03-18,3.178272328397582e-73,2.11454055770446e-20,1.0,1.0978357669760435,1.0978357669760435,0.9108830574489942,1.0978357669760435,3.178272328397582e-73,1.7544510993726537e-20,1.0,2,5.526204223185709e-11,5.030167858294522e-11,0.9999999999496983
2025-03-19,7.760129149835518e-77,2.2806660817510416e-15,1.0,0.9785589762783078,0.9785589762783078,1.0219108140045248,1.0214410237216922,7.434344088689666e-77,2.2817150260745067e-15,0.9999999999999978,2,5.526426267790634e-11,5.0303699720039856e-11,0.9999999999496963
2025-03-20,3.757730669376636e-82,6.000391944893338e-18,1.0,1.022972459506237,1.022972459506237,0.9775434232928174,1.022972459506237,3.757730669376636e-82,5.733921405607418e-18,1.0,2,5.526204223185709e-11,5.030167858294522e-11,0.9999999999496983
2025-03-21,5.653186907438856e-82,1.9937579368955792e-17,1.0,1.0046597088186728,1.0046597088186728,0.9953619033611372,1.0046597088186728,5.653186907438856e-82,1.9753063425259092e-17,1.0,2,5.526204223185709e-11,5.030167858294522e-11,0.9999999999496983
2025-03-22,8.209103045999909e-81,5.799964470705789e-15,1.0,0.9886622566419035,0.9886622566419035,1.0114677618994037,1.0113377433580966,8.02504444807456e-81,5.80071011964951e-15,0.9999999999999943,2,5.526770436928268e-11,5.0306832482536546e-11,0.9999999999496931
2025-03-23,3.054858050410383e-92,2.4639018399943674e-09,0.9999999975352694,0.9607775355220566,0.9607775355220566,1.0408236694008788,1.0392224644779433,2.8242643797242383e-92,2.4676981510664156e-09,0.999999997532302,2,5.140505717139942e-08,4.6790899484402965e-08,0.9999999532091005
2025-03-24,2.187322881221044e-89,2.5688738734367204e-07,0.9999997431132543,0.8858243192347744,0.8858243192347744,1.128892014235799,1.1141756807652254,1.7390289781751373e-89,2.6028042449000136e-07,0.9999997397195755,2,4.206551299517483e-06,3.828968001638911e-06,0.9999961710319983
2025-03-25,3.72375924429051e-94,1.4682411916560862e-08,0.9999999853171176,0.903267075530924,0.903267075530924,1.107092273248439,1.096732924469076,3.06688077567738e-94,1.4821096750694854e-08,0.9999999851789032,2,2.820318137322816e-07,2.567164200158362e-07,0.99999974328358
2025-03-26,1.2732829028687848e-97,1.9355500903864365e-06,0.9999980644498097,0.9331342188642701,0.9331342188642701,1.0716571954858896,1.0668657811357298,1.1136769569727052e-97,1.9442428468809915e-06,0.9999980557571532,2,2.7512302331646185e-05,2.5042776797081356e-05,0.999974957223203
2025-03-27,1.1043192099433168e-98,6.517760815674746e-06,0.9999934822384188,0.9156609741426954,0.9156609741426954,1.09210726266484,1.0843390258573047,9.325330290745032e-99,6.5644539401505e-06,0.9999934355460598,2,8.490361111579117e-05,7.72825973198635e-05,0.9999227174026801
2025-03-28,3.235888307428594e-92,5.286576939986944e-12,0.999999999994543,1.026987413145804,1.026987413145804,0.9737217683485156,1.026987413145804,3.2358883074300324e-92,5.012383774742557e-12,0.9999999999949876,2,1.6306121837191777e-10,1.4842471730368426e-10,0.9999999998515753
2025-03-29,6.863031667542893e-99,1.3730510838215932e-09,0.999999998626663,0.9901857876901183,0.9901857876901183,1.0099114857351932,1.0098142123098817,6.72963039619395e-99,1.373183347143535e-09,0.9999999986268165,2,2.942217811356641e-08,2.6781220651769748e-08,0.9999999732187793
2025-03-30,1.2633128616091188e-118,0.0075824713253312,0.992417528674196,0.9842890320259747,0.9842890320259747,1.0159617423976444,1.0157109679740253,1.2242288456540859e-118,0.007584329204604103,0.9924156707953958,2,0.04457969596501735,0.040578187978456935,0.9594218120215431
2025-03-31,2.639172412699569e-127,0.0460999876354861,0.9539000123647634,0.9686726860360575,0.9686726860360575,1.032340453504618,1.0313273139639425,2.4787266123922695e-127,0.04614318494927114,0.9538568150507287,2,0.18699853880324846,0.17021340534061752,0.8297865946593825
2025-04-01,1.425703716453723e-126,0.2385539403534897,0.7614460596462984,0.9258259674044939,0.9258259674044939,1.0801166042074293,1.074174032595506,1.227188324285618e-126,0.23955752206256237,0.7604424779374377,2,0.5505693559405426,0.5011498247557554,0.4988501752442446
2025-04-02,2.3635993484528467e-127,0.7622350616389331,0.2377649383605707,0.8783027647958283,0.8783027647958283,1.1385595492602847,1.1216972352041719,1.8297609856433683e-127,0.7649286433819741,0.23507135661802583,1,0.545331877673586,0.496382466588566,0.503617533411434
2025-04-03,3.916142545432153e-100,6.158221291510512e-36,1.0,1.3057049407628287,1.3057049407628287,0.7658698139073997,1.3057049407628287,3.916142545432153e-100,3.612145169470137e-36,1.0,2,5.526204223185709e-11,5.030167858294522e-11,0.9999999999496983
2025-04-04,1.2079396590996516e-70,4.0145723261984395e-148,1.0,1.7927043919663592,1.7927043919663592,0.5578164500970137,1.7927043919663592,1.2079396590996516e-70,1.2491710812407868e-148,1.0,2,5.526204223185709e-11,5.030167858294522e-11,0.9999999999496983
2025-04-05,1.0648334510977672e-69,5.8602191559149355e-133,1.0,1.6897834206717839,1.6897834206717839,0.5917918164935266,1.6897834206717839,1.0648334510977672e-69,2.0523516190911164e-133,1.0,2,5.526204223185709e-11,5.030167858294522e-11,0.9999999999496983
2025-04-06,5.754233441704799e-56,1.1283109325458484e-123,1.0,1.6604210293219206,1.6604210293219206,0.6022568868622303,1.6604210293219206,5.754233441704799e-56,4.09253446955673e-124,1.0,2,5.526204223185709e-11,5.030167858294522e-11,0.9999999999496983
2025-04-07,3.269735263424024e-56,5.773921442788983e-122,1.0,1.6957941531294316,1.6957941531294316,0.5896942138611531,1.6957941531294316,3.269735263424024e-56,2.007819203656394e-122,1.0,2,5.526204223185709e-11,5.030167858294522e-11,0.9999999999496983
2025-04-08,7.115997345025098e-55,2.47521623415285e-178,1.0,1.7467626380597152,1.7467626380597152,0.5724876283767948,1.7467626380597152,7.115997345025098e-55,8.11232528527132e-179,1.0,2,5.526204223185709e-11,5.030167858294522e-11,0.9999999999496983
2025-04-09,1.0,1.8249645783210414e-136,4.102810465172968e-30,1.4414976833406934,1.4414976833406934,0.6937229324451527,1.4414976833406934,1.0,8.782669535391717e-137,4.102810465172968e-30,0,5.526204223185709e-11,5.030167858294522e-11,0.9999999999496983
2025-04-10,1.0,7.2837173860730184e-205,5.781260419791717e-43,1.5862568165730941,1.5862568165730941,0.6304149426196779,1.5862568165730941,1.0,2.8947168138379345e-205,5.781260419791717e-43,0,5.526204223185709e-11,5.030167858294522e-11,0.9999999999496983
2025-04-11,1.0,3.907305956842732e-193,1.4995085865081494e-45,1.4763431961306384,1.4763431961306384,0.6773492793687195,1.4763431961306384,1.0,1.7926799683685044e-193,1.4995085865081494e-45,0,5.526204223185709e-11,5.030167858294522e-11,0.9999999999496983
2025-04-12,1.0,2.7243510850798e-191,4.300665320423614e-46,1.4367682066878587,1.4367682066878587,0.6960064924496567,1.4367682066878587,1.0,1.3197438766403289e-191,4.300665320423614e-46,0,5.526204223185709e-11,5.030167858294522e-11,0.9999999999496983
2025-04-13,1.0,4.0549214678155717e-190,1.60526757169825e-45,1.3958632083849642,1.3958632083849642,0.7164025772675933,1.3958632083849642,1.0,2.081118101480623e-190,1.60526757169825e-45,0,5.526204223185709e-11,5.030167858294522e-11,0.9999999999496983
2025-04-14,1.0,1.6829734298203687e-173,4.959401337212513e-45,1.2331030414302422,1.2331030414302422,0.8109622362459893,1.2331030414302422,1.0,1.1068238827849151e-173,4.959401337212513e-45,0,5.526204223185709e-11,5.030167858294522e-11,0.9999999999496983
2025-04-15,1.0,1.5401390564960522e-172,2.7304467881004294e-44,1.1907183178474687,1.1907183178474687,0.8398291896674258,1.1907183178474687,1.0,1.086280202802696e-172,2.7304467881004294e-44,0,5.526204223185709e-11,5.030167858294522e-11,0.9999999999496983
2025-04-16,1.0,3.173666566445994e-182,1.7837009554014253e-46,1.2221795966567246,1.2221795966567246,0.8182103536464711,1.2221795966567246,1.0,2.1246687890970455e-182,1.7837009554014253e-46,0,5.526204223185709e-11,5.030167858294522e-11,0.9999999999496983
2025-04-17,1.0,3.939399961216164e-172,2.1777074773117968e-46,1.1064907922889402,1.1064907922889402,0.9037580854435777,1.1064907922889402,1.0,3.217617888514273e-172,2.1777074773117968e-46,0,5.526204223185709e-11,5.030167858294522e-11,0.9999999999496983
2025-04-18,1.0,4.2232371818845296e-172,1.4392246294002887e-46,1.0871674620643421,1.0871674620643421,0.9198214947503798,1.0871674620643421,1.0,3.573160964503282e-172,1.4392246294002887e-46,0,5.526204223185709e-11,5.030167858294522e-11,0.9999999999496983
2025-04-19,1.0,4.280316185917829e-172,9.105562916280858e-47,1.069449770559066,1.069449770559066,0.9350602782188074,1.069449770559066,1.0,3.742441911578996e-172,9.105562916280858e-47,0,5.526204223185709e-11,5.030167858294522e-11,0.9999999999496983
2025-04-20,1.0,1.1266319121007326e-174,1.0047119403575332e-46,1.0534147371766194,1.0534147371766194,0.9492937251668013,1.0534147371766194,1.0,1.0152740103070948e-174,1.0047119403575332e-46,0,5.526204223185709e-11,5.030167858294522e-11,0.9999999999496983
2025-04-21,1.0,8.453505179692896e-188,1.6519967843682937e-49,1.1175779191666788,1.1175779191666788,0.8947921955595269,1.1175779191666788,1.0,6.768324901722672e-188,1.6519967843682939e-49,0,5.526204223185709e-11,5.030167858294522e-11,0.9999999999496983
2025-04-22,1.0,9.344735932208908e-182,4.8972650805034433e-51,1.0498593672147556,1.0498593672147556,0.9525085275497127,1.0498593672147556,1.0,8.478221884844557e-182,4.8972650805034433e-51,0,5.526204223185709e-11,5.030167858294522e-11,0.9999999999496983
2025-04-23,1.0,4.9614615410660865e-166,6.131133262301708e-48,0.9435093197128233,0.9435093197128233,1.0598729436020524,1.0564906802871767,1.0,5.573361850520595e-166,6.865311254362623e-48,0,5.526204223185709e-11,5.030167858294522e-11,0.9999999999496983
2025-04-24,1.0,6.25970785898178e-153,4.357305748499464e-49,0.833244605830944,0.833244605830944,1.2001277812086897,1.166755394169056,1.0,9.015899114429543e-153,6.1013416114895966e-49,0,5.526204223185709e-11,5.030167858294522e-11,0.9999999999496983
2025-04-25,1.0,3.145357341205693e-149,3.4127072056300117e-49,0.805131166121444,0.805131166121444,1.2420336487746426,1.194868833878556,1.0,4.852177905393054e-149,5.064687159986304e-49,0,5.526204223185709e-11,5.030167858294522e-11,0.9999999999496983
2025-04-26,1.0,1.2647033839609062e-139,2.190039562088725e-47,0.8025334783920988,0.8025334783920988,1.2460539365953078,1.1974665216079012,1.0,1.9636422313088258e-139,3.267775273191514e-47,0,5.526204223185709e-11,5.030167858294522e-11,0.9999999999496983
2025-04-27,1.0,5.661241398209167e-128,2.5390134324193544e-43,0.8088955938585426,0.8088955938585426,1.2362534888215464,1.1911044061414575,1.0,8.652203674657388e-128,3.7387149955670395e-43,0,5.526204223185709e-11,5.030167858294522e-11,0.9999999999496983
2025-04-28,1.0,4.017574469736855e-85,6.286853214620466e-36,0.7870630544187085,0.7870630544187085,1.2705462343656286,1.2129369455812915,1.0,6.485521185564513e-85,9.688622141070496e-36,0,5.526204223185709e-11,5.030167858294522e-11,0.9999999999496983
2025-04-29,1.9231896525411318e-67,4.31995223482828e-27,1.0,0.6746056478434889,0.6746056478434889,1.4823475065717266,1.3253943521565112,9.788744001869713e-68,4.831520832563855e-27,1.0,2,5.526204223185709e-11,5.030167858294522e-11,0.9999999999496983
2025-04-30,6.383297353372841e-112,0.9978987183069128,0.0021012816934073,0.646523926434112,0.646523926434112,1.5467331665750983,1.353476073565888,2.6688755080269595e-112,0.9981607807723852,0.0018392192276148744,1,0.013421691225485402,0.01221694984111004,0.98778305015889
2025-05-01,1.0923603589941844e-130,0.9999948120919692,5.187908225343043e-06,0.6809220435625251,0.6809220435625251,1.4685968965963956,1.319077956437475,5.064784234171014e-131,0.9999953402741008,4.65972589921339e-06,1,6.186511898128035e-05,5.6312058056697896e-05,0.9999436879419433
2025-05-02,6.4833795426708225e-133,0.9999999889241736,1.1075576521322342e-08,0.6189435361240654,0.6189435361240654,1.615656262059344,1.3810564638759346,2.483725010612589e-133,0.9999999905326419,9.467358205904104e-09,1,1.844083697386202e-07,1.6785573185439752e-07,0.9999998321442681
2025-05-03,4.507537987086471e-139,0.9999999978790584,2.1207484468419184e-09,0.6299747979609418,0.6299747979609418,1.5873650870427354,1.3700252020390582,1.7888986955303463e-139,0.9999999981696216,1.8303784327370818e-09,1,3.868292288351388e-08,3.521071380915526e-08,0.9999999647892862
2025-05-04,7.0538812711015595e-137,0.9999999969386408,3.061937670781005e-09,0.6393616979325035,0.6393616979325035,1.56405991042893,1.3606383020674966,2.8835094347903732e-137,0.999999997336298,2.6637021045582235e-09,1,5.528226584565236e-08,5.032008690952583e-08,0.9999999496799131
2025-05-05,8.703814097104242e-136,0.9999999962565198,3.742756758037707e-09,0.6990434848405384,0.6990434848405384,1.4305261713841937,1.3009565151594615,4.253221410149849e-136,0.9999999965962428,3.4037572244966103e-09,1,6.979916022173544e-08,6.353393361943517e-08,0.9999999364660663
2025-05-06,1.74149766945651e-148,0.9999999999563444,4.275878396308199e-11,0.7190968525612795,0.7190968525612795,1.3906332595368753,1.2809031474387205,9.005289383567492e-149,0.9999999999606151,3.9384834630978124e-11,1,1.0105836615069796e-09,9.198728904918306e-10,0.9999999990801272
2025-05-07,9.784821383666777e-154,0.999999999992724,7.874325763376034e-12,0.6664174563060759,0.6664174563060759,1.500560932996801,1.3335825436939241,4.3455588063935176e-154,0.9999999999930018,6.998091947141821e-12,1,2.143778769408329e-10,1.9513515291252704e-10,0.9999999998048649
2025-05-08,5.6922855054396494e-126,0.9999999999636202,3.641263246257274e-11,0.7248613538027684,0.7248613538027684,1.3795741692584367,1.2751386461972316,2.990863318304961e-126,0.9999999999663439,3.365614977256858e-11,1,8.728992717340751e-10,7.945471580263541e-10,0.9999999992054528
2025-05-09,6.429399506188748e-125,0.999999999990905,9.27757018997973e-12,0.6909632408434411,0.6909632408434411,1.4472549925801055,1.3090367591565588,3.069589493387518e-125,0.9999999999916085,8.391527738105144e-12,1,2.500383635468395e-10,2.2759472666191519e-10,0.9999999997724053
2025-05-10,4.147659956577845e-126,0.999999999994543,5.126768772554022e-12,0.701064132222499,0.701064132222499,1.4264030265388428,1.2989358677775011,2.038537197491963e-126,0.9999999999953314,4.668627113499721e-12,1,1.5410482996869108e-10,1.4027226125016163e-10,0.9999999998597278
2025-05-11,3.478189152562827e-147,1.0,3.8983153313023554e-13,0.6896787715413044,0.6896787715413044,1.449950384532186,1.3103212284586956,1.6544243496310662e-147,0.9999999999996477,3.5229104308129395e-13,1,5.5614315997570596e-11,5.0622331983009204e-11,0.9999999999493777
2025-05-12,2.5256797873026795e-150,0.999999999998181,2.110535152610586e-12,0.6145565975751937,0.6145565975751937,1.6271894304700645,1.3854434024248063,9.538982662890172e-151,0.999999999998203,1.7969800860403426e-12,1,7.802719925344149e-11,7.102341750431073e-11,0.9999999999289766
2025-05-13,2.23942144687501e-147,1.0,6.610821083001805e-13,0.6506976185649789,0.6506976185649789,1.5368121404921657,1.3493023814350211,9.481875917360967e-148,0.9999999999994196,5.80422056509351e-13,1,5.5842466829130956e-11,5.0830003819482975e-11,0.99999999994917
2025-05-14,3.636446995163806e-164,1.0,3.882671094368464e-13,0.6680845929104449,0.6680845929104449,1.4968164370377084,1.3319154070895551,1.6230809271520436e-164,0.9999999999996545,3.4549256163189464e-13,1,5.560754363712038e-11,5.0616167514870565e-11,0.9999999999493838
2025-05-15,4.579025247382865e-161,1.0,5.914962367284389e-13,0.6552007554696366,0.6552007554696366,1.5262497664295536,1.3447992445303634,1.96572072762162e-161,0.9999999999994789,5.211753081249418e-13,1,5.5783180919616005e-11,5.077603945905622e-11,0.999999999949224
2025-05-16,5.590115078833291e-163,1.0,6.566943422757604e-13,0.6452706096987089,0.6452706096987089,1.5497374046943222,1.3547293903012911,2.327579468803053e-163,0.9999999999994259,5.740605622799142e-13,1,5.58361385578906e-11,5.082424357876327e-11,0.9999999999491758
2025-05-17,2.0015556852628327e-164,1.0,2.646507313157788e-13,0.6537667453665446,0.6537667453665446,1.5295975316690884,1.3462332546334554,8.554868316216475e-165,0.999999999999767,2.3292507210802666e-13,1,5.5495078044725886e-11,5.051379692102727e-11,0.9999999999494862
2025-05-18,4.770640405308526e-165,1.0,1.2723517584332054e-13,0.6630594193999055,0.6630594193999055,1.5081604615541677,1.3369405806000945,2.097401528514765e-165,0.9999999999998872,1.1279029930900711e-13,1,5.5374840891159e-11,5.040435234735273e-11,0.9999999999495957
2025-05-19,6.364417344076085e-163,1.0,1.582949831567582e-14,0.6975135196284852,0.6975135196284852,1.433663967592524,1.3024864803715148,3.0964488488230946e-163,0.9999999999999856,1.4381129757939965e-14,1,5.527647513117722e-11,5.031481597406036e-11,0.9999999999496851
2025-05-20,3.769316197689677e-159,1.0,6.912788005074675e-15,0.7058221090897274,0.7058221090897274,1.4167875830493082,1.2941778909102726,1.877816223341923e-159,0.9999999999999938,6.314550965686969e-15,1,5.526825948079499e-11,5.0307337766810205e-11,0.9999999999496927
2025-05-21,4.935077674385373e-147,1.0,4.491132323582045e-13,0.7782277889057536,0.7782277889057536,1.2849708199267398,1.2217722110942464,2.988872997779361e-147,0.999999999999573,4.2702453504821003e-13,1,5.5689034007127836e-11,5.0690343246243687e-11,0.9999999999493097
2025-05-22,6.337793137158354e-148,0.999999999998181,9.440861089199195e-13,0.7631216674475401,0.7631216674475401,1.3104070329240702,1.23687833255246,3.690843490039932e-148,0.9999999999991088,8.911121680888869e-13,1,5.615321825372331e-11,5.111286195587711e-11,0.9999999999488871
2025-05-23,5.013596546059234e-135,0.9999999963765732,3.6232893077243854e-09,0.8284933351787893,0.8284933351787893,1.2070103132262366,1.1715066648212107,3.4413387181640276e-135,0.9999999964832882,3.5167119340362365e-09,1,7.199974085567208e-08,6.553698843379966e-08,0.9999999344630116
2025-05-24,1.3916796450506555e-133,0.9999999980118446,1.988257025375677e-09,0.8267966781795779,0.8267966781795779,1.209487200894151,1.173203321820422,9.513421116287027e-134,0.9999999980713895,1.928610526194872e-09,1,4.0656639117765484e-08,3.7007267747801275e-08,0.9999999629927323
2025-05-25,3.660597308527679e-138,0.999999999161446,8.377566133447468e-10,0.8246897834116489,0.8246897834116489,1.2125771655168474,1.175310216588351,2.4896206917440488e-138,0.9999999991879907,8.120092763622096e-10,1,1.783622013131173e-08,1.6235227218271214e-08,0.9999999837647727
2025-05-26,2.5832615253078595e-147,0.9999999991086952,8.913937982843386e-10,0.8520632313367389,0.8520632313367389,1.1736218196285433,1.147936768663261,1.8754782212391817e-147,0.9999999991281147,8.718853887300198e-10,1,1.9087362183970524e-08,1.737406579268367e-08,0.9999999826259343
2025-05-27,4.755638863100137e-142,1.0,3.727325963560626e-13,0.7627617281675951,0.7627617281675951,1.3110254002941775,1.2372382718324049,2.766856627601582e-142,0.9999999999996482,3.5175446125417536e-13,1,5.5613871908360746e-11,5.062192775559028e-11,0.999999999949378
2025-05-28,2.2868641444736194e-173,1.0,6.963170632964997e-13,0.7653085134509048,0.7653085134509048,1.3066625843358672,1.2346914865490952,1.33940974498759e-173,0.999999999999342,6.579638540943341e-13,1,5.592007141855221e-11,5.090064256094047e-11,0.9999999999490994
2025-05-29,2.1403608160498708e-172,1.0,7.26181857654582e-13,0.7631903378019955,0.7631903378019955,1.3102891250956104,1.2368096621980045,1.246673473000809e-172,0.9999999999993145,6.854584387960408e-13,1,5.5947493927260424e-11,5.092560360405921e-11,0.9999999999490744
2025-05-30,5.3636456976501734e-179,0.999999999996362,3.293038721987497e-12,0.7757836316952129,0.7757836316952129,1.2890192047682651,1.224216368304787,3.2280578311473894e-179,0.9999999999968725,3.1274878527860077e-12,1,1.1360814655388426e-10,1.03410591457716e-10,0.9999999998965894
2025-05-31,2.356770427244296e-179,1.0,6.504559322834897e-13,0.7502213753493958,0.7502213753493958,1.3329398932871999,1.2497786246506042,1.326466077137628e-179,0.9999999999993902,6.098744020931142e-13,1,5.58718877392835e-11,5.085678388598689e-11,0.9999999999491432
2025-06-01,5.35701080771286e-212,0.999999999998181,1.1804958117964412e-12,0.6704822949703804,0.6704822949703804,1.4914636933763876,1.3295177050296196,2.4082255012243047e-212,0.9999999999989477,1.0523153124464338e-12,1,5.7706176617364773e-11,5.2526425575781796e-11,0.9999999999474736
2025-06-02,9.821662153343403e-217,0.999999999996362,2.9207814334684647e-12,0.6936267826944272,0.6936267826944272,1.4416975020996896,1.3063732173055729,4.725379568335332e-217,0.9999999999973533,2.6466236035876293e-12,1,1.0083067615919566e-10,9.178003668740734e-11,0.99999999990822
2025-06-03,6.719868617082152e-216,1.0,5.243493345195295e-13,0.6504400156134268,0.6504400156134268,1.5374207859227493,1.3495599843865733,2.842989693019997e-216,0.9999999999995397,4.602779448452945e-13,1,5.572234069786657e-11,5.072066030266321e-11,0.9999999999492794
2025-06-04,8.795650700410069e-216,0.999999999998181,2.000913471427521e-12,0.655917808234576,0.655917808234576,1.5245812622339563,1.344082191765424,3.784136714993208e-216,0.999999999998236,1.7640202138314812e-12,1,7.713548446888336e-11,7.02117437284428e-11,0.9999999999297883
2025-06-05,6.328994184356908e-204,0.9999999991887308,8.105754092415538e-10,0.7568900851118174,0.7568900851118174,1.3211957980031768,1.2431099148881826,3.625770649848369e-204,0.9999999992373315,7.626684323130664e-10,1,1.6801911380498713e-08,1.5293758820837805e-08,0.9999999847062412
2025-06-06,5.4527647569503175e-195,0.999999999994543,5.562616321317212e-12,0.6807777808026675,0.6807777808026675,1.468908105110239,1.3192222191973326,2.527129558045946e-195,0.9999999999950042,4.995770002510844e-12,1,1.6262887567567844e-10,1.4803118202222161e-10,0.9999999998519689
2025-06-07,5.9412937704198376e-201,0.9999999999799912,2.0662148695253343e-11,0.7192207250534346,0.7192207250534346,1.3903937486307905,1.2807792749465654,3.073303240559715e-201,0.9999999999809668,1.9033206852973093e-11,1,5.164958290082408e-10,4.701347639524483e-10,0.9999999995298653
2025-06-08,3.8966195438425023e-203,0.999999999990905,8.264879244205089e-12,0.6958835417016487,0.6958835417016487,1.4370220591145084,1.3041164582983513,1.8869532249965513e-203,0.9999999999924996,7.500486843517975e-12,1,2.2726433572279187e-10,2.06864913188176e-10,0.9999999997931351
2025-06-09,6.829394368165309e-197,0.999999999996362,3.634807874767301e-12,0.6892573679286687,0.6892573679286687,1.4508368666484681,1.3107426320713313,3.244479441457907e-197,0.9999999999967163,3.283827251959508e-12,1,1.1774572581029012e-10,1.0717677840017411e-10,0.9999999998928232
2025-06-10,1.2231458263230536e-211,1.0,7.711029274606749e-13,0.6748274469104535,0.6748274469104535,1.481860295662656,1.3251725530895464,5.570109257884445e-212,0.9999999999993104,6.895686712627889e-13,1,5.595160175245154e-11,5.0929342707684286e-11,0.9999999999490706
2025-06-11,3.982359788562132e-211,0.999999999998181,2.4378288909597747e-12,0.7262441505823076,0.7262441505823076,1.3769474070093275,1.2737558494176924,2.100418278311621e-211,0.9999999999977448,2.255132471967442e-12,1,9.03639367135477e-11,8.225279986909614e-11,0.9999999999177472
2025-06-12,6.246688387095447e-218,0.999999999998181,1.9674069859796043e-12,0.7563875133550974,0.7563875133550974,1.3220736492123122,1.2436124866449028,3.573868292915627e-218,0.9999999999981494,1.850647197706651e-12,1,7.947778478368909e-11,7.234379735551938e-11,0.9999999999276562
2025-06-13,6.624675546871571e-205,0.9999999971241778,2.8766721829934892e-09,0.8729239769154966,0.8729239769154966,1.1455751319072829,1.1270760230845034,5.047978053421751e-205,0.9999999971697812,2.8302187727102174e-09,1,5.856479639846396e-08,5.330797498129602e-08,0.999999946692025
2025-06-14,4.0690723518358406e-202,0.999999995385224,4.614952385943407e-09,0.8781889076196899,0.8781889076196899,1.1387071634854466,1.1218110923803102,3.1381327162204456e-202,0.999999995453524,4.546475989371481e-09,1,9.190697059337754e-08,8.365732983453145e-08,0.9999999163426702
2025-06-15,1.1941077698895571e-204,0.9999999937354004,6.2654784787368315e-09,0.8843240116515146,0.8843240116515146,1.130807245788176,1.1156759883484852,9.338268546064718e-205,0.9999999938183595,6.181640523490422e-09,1,1.2305267583722438e-07,1.1200737248843803e-07,0.9999998879926275
2025-06-16,2.1647670095747318e-212,0.999999999985448,1.4593792397913204e-11,0.8115456147583927,0.8115456147583927,1.2322166269085348,1.1884543852416072,1.425729157706987e-212,0.9999999999859245,1.4075493053626243e-11,1,3.934050560834124e-10,3.580927140004529e-10,0.9999999996419073
2025-06-17,7.775279954574976e-212,0.9999983092871584,1.6907127918986135e-06,0.9032539182292065,0.9032539182292065,1.1071083997736322,1.0967460817707935,6.343599413456869e-212,0.9999983251119225,1.6748880774794402e-06,1,2.3950530821724713e-05,2.1800712652468933e-05,0.9999781992873475
2025-06-18,6.348067239961616e-213,0.9999999957854016,4.213812303003914e-09,0.852654241103449,0.852654241103449,1.1728083340157505,1.147345758896551,4.615167115098181e-213,0.9999999958776727,4.122327182421628e-09,1,8.373910251694544e-08,7.622261591344987e-08,0.9999999237773841
2025-06-19,3.2148560580763886e-216,0.999999999470674,5.29307852065173e-10,0.8216070780341275,0.8216070780341275,1.2171268076130943,1.1783929219658726,2.1701506167635403e-216,0.9999999994875368,5.124631406716595e-10,1,1.1502599285060746e-08,1.0470117077432106e-08,0.9999999895298829
2025-06-20,7.821296446619879e-213,0.9999999873307388,1.2669507348096194e-08,0.8727084096839126,0.8727084096839126,1.1458580998001282,1.1272915903160874,5.956855553219216e-213,0.9999999875357785,1.2464221435774974e-08,1,2.393457129530785e-07,2.1786185665485917e-07,0.9999997821381433
2025-06-21,2.694704817360961e-209,0.999999985238901,1.4761383609327096e-08,0.8744621231449848,0.8744621231449848,1.1435601080164808,1.1255378768550153,2.0605976720132671e-209,0.9999999854712521,1.4528747771521068e-08,1,2.767586736526776e-07,2.519166010678825e-07,0.999999748083399
2025-06-22,1.188517232883438e-217,0.999999820964165,1.790350556880484e-07,0.9033689749962572,0.9033689749962572,1.106967393920234,1.0966310250037428,9.699198026318829e-218,0.9999998226366937,1.7736330630648272e-07,1,2.9345151584496794e-06,2.671110808351967e-06,0.9999973288891917
2025-06-23,4.6151455421726556e-201,0.9999999967003532,3.2989270141126763e-09,0.8262844322612939,0.8262844322612939,1.2102370091413903,1.1737155677387061,3.1509719878796367e-201,0.999999996800625,3.19937496906749e-09,1,6.58077733829619e-08,5.990081675014141e-08,0.9999999400991832
2025-06-24,1.2234501640652132e-201,0.9999999999836292,1.6881452022335068e-11,0.7831686454116431,0.7831686454116431,1.2768641924810302,1.216831354588357,7.504069840490196e-202,0.9999999999839123,1.608775643700051e-11,1,4.4354711694897086e-10,4.037339847041946e-10,0.9999999995962661
2025-06-25,1.4176406388092579e-211,1.0,8.014642980964697e-13,0.7560073459062142,0.7560073459062142,1.3227384699566849,1.2439926540937858,8.102484059674059e-212,0.9999999999992463,7.537511926921863e-13,1,5.6015772643274826e-11,5.098775356971923e-11,0.9999999999490122
2025-06-26,3.462881997903655e-216,0.999999999994543,5.215101750914059e-12,0.7216711950759604,0.7216711950759604,1.3856725983011469,1.2783288049240396,1.8035011971079298e-216,0.9999999999951888,4.81110386174981e-12,1,1.5781999419262236e-10,1.4365394946014454e-10,0.999999999856346
2025-06-27,1.5658741605501141e-217,0.999999999992724,7.187872812607909e-12,0.7471026993854896,0.7471026993854896,1.3385040648662154,1.2528973006145105,8.740121475555982e-218,0.9999999999932718,6.728157710138845e-12,1,2.0743916623481195e-10,1.8881926624569118e-10,0.9999999998111807
2025-06-28,8.254049002138024e-217,0.999999999992724,7.285326691715699e-12,0.7505601442984908,0.7505601442984908,1.3323382644233628,1.2494398557015092,4.649840341240631e-217,0.999999999993168,6.832031904734989e-12,1,2.101104346907517e-10,1.9125075957913843e-10,0.9999999998087492
2025-06-29,3.1883141011953067e-229,0.9999999999727152,2.7895392024956144e-11,0.7785513284511716,0.7785513284511716,1.28443682960425,1.2214486715488284,1.9325716312353833e-229,0.9999999999734727,2.652741555358584e-11,1,7.001763264198086e-10,6.373279578627866e-10,0.999999999362672
2025-06-30,5.9991584840355195e-229,0.9999999999527064,4.796425479266918e-11,0.7927691096246594,0.7927691096246594,1.2614013183150579,1.2072308903753406,3.770368288694608e-229,0.9999999999540956,4.5904447045426025e-11,1,1.1662659455428464e-09,1.0615810123121376e-09,0.999999998938419
2025-07-01,1.6871276191492888e-228,0.9999999999636202,3.635856129585269e-11,0.7970876787589793,0.7970876787589793,1.2545671281193855,1.2029123212410207,1.0719144536616142e-228,0.9999999999651384,3.4861555340610296e-11,1,9.019461582342828e-10,8.209867735302206e-10,0.9999999991790133
2025-07-02,3.634294121534877e-224,1.0,5.196436582036505e-13,0.767260518174226,0.767260518174226,1.3033382746965805,1.232739481825774,2.1394678918135653e-224,0.9999999999995085,4.914957738786826e-13,1,5.5753537964858526e-11,5.074905727884284e-11,0.9999999999492509
2025-07-03,5.900811511709518e-237,1.0,7.625471408649384e-14,0.745829865189874,0.745829865189874,1.340788357604075,1.254170134810126,3.2823983213526943e-237,0.9999999999999286,7.132847216592515e-14,1,5.533342957234048e-11,5.036665814053777e-11,0.9999999999496333
2025-07-04,1.9522405669868534e-236,1.0,7.725143885113167e-14,0.7545770935299515,0.7545770935299515,1.3252456357003195,1.2454229064700484,1.1115795994526227e-236,0.9999999999999275,7.259839905235423e-14,1,5.533453979536511e-11,5.036766870908509e-11,0.9999999999496323
2025-07-05,9.123814484766087e-236,1.0,6.498842561425506e-14,0.7626195219334766,0.7626195219334766,1.3112698681836656,1.2373804780665234,5.306305901941941e-236,0.9999999999999387,6.132636088613999e-14,1,5.5323326542816394e-11,5.035746196675718e-11,0.9999999999496425
2025-07-06,6.757886866347464e-239,1.0,6.66211072202904e-13,0.7654865674275749,0.7654865674275749,1.3063586515443502,1.2345134325724252,3.959916837742419e-239,0.9999999999993704,6.295717616216387e-13,1,5.589164970912182e-11,5.087477200612914e-11,0.9999999999491253
2025-07-07,3.793823421297072e-238,1.0,7.438671775758512e-14,0.850767809088735,0.850767809088735,1.1754088357798926,1.149232190911265,2.745991643039356e-238,0.9999999999999273,7.273010719416581e-14,1,5.533476183997003e-11,5.036787082279455e-11,0.9999999999496322
2025-07-08,7.62002281456651e-240,1.0,3.1827502587574863e-14,0.8218582274974171,0.8218582274974171,1.2167548690788554,1.178141772502583,5.146951619441972e-240,0.9999999999999691,3.08174729896435e-14,1,5.529290643194167e-11,5.032977238856067e-11,0.9999999999496703
2025-07-09,4.717107596460328e-237,1.0,7.686789444066152e-15,0.7696360579627981,0.7696360579627981,1.2993154227297612,1.230363942037202,2.7941299179676955e-237,0.9999999999999927,7.278870393257964e-15,1,5.526936970381962e-11,5.0308348335357524e-11,0.9999999999496917
2025-07-10,2.572612339089563e-233,1.0,1.7273275434669873e-15,0.7697174707243203,0.7697174707243203,1.2991779945685513,1.2302825292756796,1.5241827302161158e-233,0.9999999999999983,1.6357272890616042e-15,1,5.526370756639403e-11,5.0303194435766197e-11,0.9999999999496968
2025-07-11,1.5350063121373944e-233,1.0,7.787640666396449e-16,0.8324973987920601,0.8324973987920601,1.2012049544550931,1.16750260120794,1.063839070297097e-233,0.9999999999999992,7.569141886710799e-16,1,5.526281938797433e-11,5.030238598092835e-11,0.9999999999496976
2025-07-12,1.5797490892938167e-236,1.0,5.83756628040478e-16,0.8377661245790569,0.8377661245790569,1.193650555520443,1.1622338754209431,1.1087501833967925e-236,0.9999999999999994,5.683922526340471e-16,1,5.5262597343369404e-11,5.030218386721888e-11,0.9999999999496978
2025-07-13,2.290366129461896e-253,1.0,2.000033352230464e-15,0.8322638185082034,0.8322638185082034,1.2015420804817112,1.1677361814917966,1.5864520199938366e-253,0.999999999999998,1.9437615606883304e-15,1,5.526404063330142e-11,5.0303497606330394e-11,0.9999999999496965
2025-07-14,1.3976928313149198e-255,1.0,6.221277819262003e-15,0.823314894772232,0.823314894772232,1.2146020998158276,1.176685105227768,9.47422474003979e-256,0.999999999999994,6.027064292511485e-15,1,5.526803743619007e-11,5.030713565310074e-11,0.9999999999496929
2025-07-15,2.577336355037677e-250,1.0,9.080219724097087e-14,0.866413778625774,0.866413778625774,1.1541829373790757,1.133586221374226,1.934736390427302e-250,0.9999999999999107,8.918180673905899e-14,1,5.535130416303695e-11,5.038292829414959e-11,0.9999999999496171
2025-07-16,6.221608837000355e-250,1.0,2.7060991910001272e-14,0.8244006783153031,0.8244006783153031,1.2130023983526328,1.175599321684697,4.228432320003013e-250,0.9999999999999738,2.6226562929072947e-14,1,5.5288243495238245e-11,5.032552800066193e-11,0.9999999999496745
2025-07-17,1.2014514204124675e-247,1.0,1.2239477961974343e-14,0.8013918148710275,0.8013918148710275,1.2478290661864766,1.1986081851289725,7.716067531799449e-248,0.9999999999999882,1.1756689168783636e-14,1,5.527381059591812e-11,5.031239060954679e-11,0.9999999999496876
2025-07-18,3.450529008671644e-246,1.0,1.8421269024247016e-14,0.798857579444502,0.798857579444502,1.251787584835041,1.201142420555498,2.2020359404935809e-246,0.9999999999999822,1.7675976286666476e-14,1,5.5279805800251094e-11,5.0317847679702315e-11,0.9999999999496821
2025-07-19,4.717911307258245e-246,1.0,2.2683637583219902e-14,0.7998616879871414,0.7998616879871414,1.2502161498902495,1.2001383120128586,3.0184192568048264e-246,0.9999999999999781,2.1775036678118577e-14,1,5.528391362544221e-11,5.032158678332739e-11,0.9999999999496784
2025-07-20,3.025411509851011e-249,1.0,2.0885296151619023e-14,0.801300004235017,0.801300004235017,1.247972038830422,1.1986999957649829,1.9425613557241334e-249,0.9999999999999799,2.0060709398552065e-14,1,5.528213726860281e-11,5.031996987365168e-11,0.99999999994968
2025-07-21,6.551060499411635e-255,1.0,1.3290782768717824e-14,0.808968007618606,0.808968007618606,1.2361428271357024,1.1910319923813941,4.287205526466343e-255,0.9999999999999872,1.2805759281080483e-14,1,5.527480979664028e-11,5.031330012123938e-11,0.9999999999496867
2025-07-22,2.4234041830469832e-260,1.0,8.791749562138328e-14,0.8030413141339589,0.8030413141339589,1.2452659438555183,1.1969586858660413,1.5627936260797742e-260,0.9999999999999155,8.450693648440865e-14,1,5.534653020403106e-11,5.0378582849396125e-11,0.9999999999496214
2025-07-23,1.6083339668556892e-259,1.0,6.470806743236696e-14,0.7682408775095765,0.7682408775095765,1.3016750725914537,1.2317591224904234,9.492291310193978e-260,0.9999999999999387,6.123244889360718e-14,1,5.5323326542816394e-11,5.035746196675718e-11,0.9999999999496425
2025-07-24,8.959746485315659e-265,1.0,4.0072738813460756e-14,0.7706350945083905,0.7706350945083905,1.2976310151537125,1.2293649054916096,5.321000345128377e-265,0.999999999999962,3.796458175621106e-14,1,5.530001185929927e-11,5.03362400272635e-11,0.9999999999496637
2025-07-25,7.673637262297086e-266,1.0,4.5103377612143917e-14,0.7594606804354785,0.7594606804354785,1.3167238617627908,1.2405393195645216,4.4260045297856305e-266,0.9999999999999575,4.249373387835529e-14,1,5.5304563773700235e-11,5.0340383358307505e-11,0.9999999999496596
2025-07-26,9.440371222253663e-267,1.0,5.124942281888624e-14,0.7647668760207643,0.7647668760207643,1.3075880132298627,1.2352331239792358,5.521374572932668e-267,0.9999999999999516,4.84135553478602e-14,1,5.531044795573075e-11,5.0345739371608294e-11,0.9999999999496543
2025-07-27,1.6872310033830345e-275,1.0,6.043059690597766e-15,0.7233107038396939,0.7233107038396939,1.3825317317876002,1.2766892961603062,8.82722773400053e-276,0.9999999999999943,5.5804213716443054e-15,1,5.526770436928268e-11,5.0306832482536546e-11,0.9999999999496931
2025-07-28,2.0514969289954117e-270,1.0,9.084330901146351e-15,0.7650570758612801,0.7650570758612801,1.3070920216955415,1.23494292413872,1.2007664461142246e-270,0.9999999999999913,8.582892390661723e-15,1,5.527070197144917e-11,5.0309561017614304e-11,0.9999999999496905
2025-07-29,8.407329766745841e-276,1.0,9.41806813615019e-14,0.7725921957688395,0.7725921957688395,1.2943439054608328,1.2274078042311605,5.018324216337007e-276,0.9999999999999106,8.931019246368548e-14,1,5.535141518533941e-11,5.0383029351004324e-11,0.999999999949617
2025-07-30,2.745687858269916e-289,0.999999999998181,2.690653354343288e-12,0.8091559343027952,0.8091559343027952,1.2358557326303792,1.1908440656972048,1.7976933436493438e-289,0.9999999999974074,2.5926558377860466e-12,1,9.939136357719774e-11,9.046991791589528e-11,0.99999999990953
2025-07-31,1.1015500725391433e-277,0.9999998678740756,1.321258088567336e-07,0.8629353555019543,0.8629353555019543,1.1588353561180924,1.1370646444980457,8.20277445618872e-278,0.9999998703564009,1.296435990293709e-07,1,2.185621215862057e-06,1.9894381652254868e-06,0.9999980105618348
2025-08-01,1.4762968297892687e-242,8.500599759563538e-05,0.9999149940020028,1.1269089065532425,1.1269089065532425,0.8873831719536184,1.1269089065532425,1.4763235041783473e-242,6.69390882421252e-05,0.9999330609117578,2,0.0007103371495327047,0.0006465767376349612,0.9993534232623651
2025-08-02,4.3311883463539454e-237,8.125308360916654e-07,0.9999991874686774,1.1184270186161034,1.1184270186161034,0.8941128775996129,1.1184270186161034,4.331189052179359e-237,6.495680006794644e-07,0.9999993504319993,2,9.903963645541203e-06,9.014976209257737e-06,0.9999909850237907
2025-08-03,4.990319803451559e-238,0.0014016299859263,0.9985983700136656,1.0820493477234738,1.0820493477234738,0.9241722682093033,1.0820493477234738,4.9913405610002805e-238,0.0011973691644872274,0.9988026308355127,2,0.00925210696565947,0.00842163068909065,0.9915783693109094
2025-08-04,5.038390480201462e-227,0.9998902585314664,0.000109741468942,0.9389940890211437,0.9389940890211437,1.064969430257492,1.0610059109788563,4.442400576907733e-227,0.9998906669135521,0.00010933308644788926,1,0.0011065664087303855,0.0010072401520939828,0.998992759847906
2025-08-05,5.593645355389159e-234,0.9999925811937446,7.418806997436931e-06,0.9525050816370896,0.9525050816370896,1.0498631653295538,1.0474949183629105,5.074923943418551e-234,0.9999925979279808,7.402072019296383e-06,1,9.484830497214176e-05,8.633464776470872e-05,0.9999136653522352
2025-08-06,2.2022830310027449e-234,0.9999997987397566,2.0126094430699537e-07,0.9130036656841165,0.9130036656841165,1.0952858543571091,1.0869963343158835,1.8357696077622964e-234,0.9999998002622712,1.9973772889100913e-07,1,3.280971614681184e-06,2.9864690651320067e-06,0.9999970135309348
2025-08-07,2.416704961558704e-229,0.9999999491155918,5.088359797542333e-08,0.9098163893347735,0.9098163893347735,1.0991228688803525,1.0901836106652265,2.0004658672640537e-229,0.9999999495302425,5.0469757438488065e-08,1,8.984847778976583e-07,8.178360893695502e-07,0.9999991821639106
2025-08-08,1.3117127324762322e-227,0.9999999959873094,4.0134346633285396e-09,0.8632360419921693,0.8632360419921693,1.158431705066679,1.1367639580078306,9.774574560979399e-228,0.9999999960616341,3.938365855730497e-09,1,8.018322192309336e-08,7.298591391172456e-08,0.9999999270140861
2025-08-09,4.0100338491003367e-228,0.99999999587817,4.121549271414807e-09,0.866595743355696,0.866595743355696,1.1539405861004188,1.133404256644304,3.0114880319289426e-228,0.9999999959518007,4.048199313554792e-09,1,8.230725644804937e-08,7.491929345504922e-08,0.9999999250807066
2025-08-10,7.196656336809832e-224,0.9999999981901057,1.8100161445929159e-09,0.8706949006202491,0.8706949006202491,1.1485079323281198,1.1293050993797509,5.4558543287234505e-224,0.999999998220247,1.7797530209187057e-09,1,3.7663696592695444e-08,3.4282974058442946e-08,0.999999965717026
2025-08-11,7.081182742389397e-231,0.9999999685442168,3.1455253318419634e-08,0.9437792815699011,0.9437792815699011,1.0595697739163974,1.056220718430099,6.307346364971665e-231,0.9999999686441695,3.1355830526290725e-08,1,5.731452867979891e-07,5.216993225998185e-07,0.9999994783006774
2025-08-12,3.96638314686002e-222,0.999999995710823,4.289130240975206e-09,0.8656969993166348,0.8656969993166348,1.1551385771111389,1.1343030006833652,2.972531656963467e-222,0.999999995788234,4.21176592959415e-09,1,8.546491955672063e-08,7.779352228103424e-08,0.9999999222064777
2025-08-13,3.340613730218639e-217,0.9999999932406354,6.7596669093034165e-09,0.8611204658135743,0.8611204658135743,1.161277707010731,1.1388795341864257,2.477160143931616e-217,0.9999999933707103,6.6292896655537945e-09,1,1.3149816683791326e-07,1.1969478968538898e-07,0.9999998803052104
2025-08-14,1.0779817484126158e-202,0.9999999946267052,5.373909460136688e-09,0.8819010514846646,0.8819010514846646,1.1339140579507394,1.1180989485153354,8.383997277493259e-203,0.9999999947010424,5.298957601867155e-09,1,1.0630223021644982e-07,9.67604598209293e-08,0.9999999032395401
2025-08-15,6.054192566092586e-200,0.9999999956762622,4.324388244937087e-09,0.8944551310845296,0.8944551310845296,1.1179990647350828,1.1055448689154703,4.8436566508719194e-200,0.9999999957237842,4.276215773712306e-09,1,8.670736885163204e-08,7.892444836635747e-08,0.9999999210755516
2025-08-16,4.1319571825971816e-201,0.999999995345206,4.6550514783209205e-09,0.8942657810662388,0.8942657810662388,1.1182357875839704,1.1057342189337613,3.304372797263388e-201,0.9999999953969907,4.603009282921618e-09,1,9.299256373920579e-08,8.464547930002155e-08,0.9999999153545207
2025-08-17,5.050640860055965e-203,0.9999999925348676,7.465368296582855e-09,0.8933503019119173,0.8933503019119173,1.1193817227797815,1.1066496980880827,4.0307890023047797e-203,0.9999999926195439,7.380456017910728e-09,1,1.456029222245288e-07,1.3253349132026265e-07,0.9999998674665087
2025-08-18,6.348450814038458e-199,0.9999999975334504,2.4670186480369503e-09,0.9209978167640818,0.9209978167640818,1.0857789039212837,1.0790021832359182,5.384990736635964e-199,0.9999999975483789,2.451621133678163e-09,1,5.108635862258849e-08,4.6500807563806215e-08,0.9999999534991925
2025-08-19,4.997991482302656e-190,0.9999999659594327,3.4040695127502955e-08,0.9241672661610243,0.9241672661610243,1.082055204307315,1.0758327338389757,4.2687102349424015e-190,0.9999999661550595,3.3844940592849646e-08,1,6.160555149306006e-07,5.607578954696279e-07,0.9999994392421045
2025-08-20,3.191495833744244e-189,0.9999999726805984,2.73201885361507e-08,0.9307582946446753,0.9307582946446753,1.0743927889267517,1.0692417053553247,2.764827957320412e-189,0.9999999728107958,2.7189204251833118e-08,1,5.008648951088863e-07,4.5590687476844465e-07,0.9999995440931252
2025-08-21,1.0426319528428978e-201,0.9999999977026164,2.2973211617103414e-09,0.9910205564019429,0.9910205564019429,1.009060804581752,1.008979443598057,1.0239915110540354e-201,0.9999999977028641,2.297135927769872e-09,1,4.801848225656143e-08,4.370830615300699e-08,0.9999999562916938
2025-08-22,4.967395864032848e-182,0.999999999974534,2.491536956175911e-11,0.8788268476282537,0.8788268476282537,1.1378805764739255,1.1211731523717463,3.836501772129203e-182,0.9999999999754504,2.4549538863431186e-11,1,6.519338935007368e-10,5.934158030319336e-10,0.9999999994065842
2025-08-23,2.0246208956087537e-182,0.9999999999672582,3.2178630798688166e-11,0.8884827869160489,0.8884827869160489,1.1255142077327471,1.111517213083951,1.598239101223144e-182,0.9999999999682215,3.1778454488193013e-11,1,8.27565683023484e-10,7.532827472982064e-10,0.9999999992467172
2025-08-24,1.4198651765203587e-191,0.9999999981555447,1.844793580114244e-09,0.9308260042737317,0.9308260042737317,1.0743146360422544,1.0691739957262683,1.2302237952821666e-191,0.9999999981640338,1.835966165949246e-09,1,3.8795332551388224e-08,3.5313033498306585e-08,0.9999999646869665
2025-08-25,2.770865826557389e-185,0.999999997771738,2.2286485777434794e-09,0.963567858651202,0.963567858651202,1.037809627024915,1.036432141348798,2.5726464484304348e-185,0.9999999977743096,2.2256904904343446e-09,1,4.6596195173110666e-08,4.241368465812542e-08,0.9999999575863153
2025-08-26,1.5878429897339417e-186,0.9999999989904608,1.0095726105250104e-09,0.9257646520558089,0.9257646520558089,1.0801881426119906,1.074235347944191,1.3608452592007838e-186,0.9999999989959911,1.0040089700723761e-09,1,2.183396769086244e-08,1.987413386512598e-08,0.9999999801258661
2025-08-27,3.669195693528255e-190,0.9999999956326064,4.367867336841214e-09,0.9648446356784229,0.9648446356784229,1.036436295566755,1.035155364321577,3.4157466284376405e-190,0.999999995637531,4.362469091190982e-09,1,8.836862311841036e-08,8.04365871653803e-08,0.9999999195634128
2025-08-28,8.370972782288552e-190,0.999999997766281,2.232855754098931e-09,0.9124301749801342,0.9124301749801342,1.095974275534862,1.0875698250198658,6.969076128093759e-190,0.9999999977842667,2.215733157275557e-09,1,4.639779112672221e-08,4.223308951238116e-08,0.9999999577669105
2025-08-29,2.6718068056466087e-180,0.9999998453840936,1.5461568750846574e-07,0.9906375486863124,0.9906375486863124,1.0094509352346912,1.0093624513136876,2.6220116819548553e-180,0.9999998453978654,1.5460213459603324e-07,1,2.5791639534935113e-06,2.3476562023717498e-06,0.9999976523437977
2025-08-30,4.532781918957379e-181,0.9999998530929696,1.4690690325327005e-07,0.9882422209255329,0.9882422209255329,1.0118976692409027,1.011757779074467,4.426817658364081e-181,0.999999853113406,1.4688659405725765e-07,1,2.457969867407174e-06,2.237340591180776e-06,0.9999977626594089
2025-08-31,2.325510899938947e-179,0.9999999272804444,7.27192323828013e-08,0.9872757560249165,0.9872757560249165,1.012888237047687,1.0127242439750836,2.2667066789137655e-179,0.9999999272925414,7.270745867566487e-08,1,1.2678146333073895e-06,1.1540146113279056e-06,0.9999988459853887
2025-09-01,7.0124926362056415e-186,0.9999996920214944,3.079785651120133e-07,0.9662845178188356,0.9662845178188356,1.034891878695593,1.0337154821811643,6.5476048344264435e-186,0.9999996923715243,3.076284755939306e-07,1,4.920352177147522e-06,4.478697560458436e-06,0.9999955213024395
2025-09-02,3.230342370674976e-181,0.9994888489387812,0.0005111510603245,1.0749890297229139,1.0749890297229139,0.9302420511749382,1.0749890297229139,3.732691328644336e-181,0.9994093600889424,0.000590639911057462,1,0.004981462138069864,0.004534322244027584,0.9954656777559724
2025-09-03,3.204317740059038e-185,0.9999773567814124,2.2643218618079592e-05,1.03758422708212,1.03758422708212,0.9637771796244302,1.03758422708212,3.449701705635186e-185,0.9999756227826875,2.4377217312544164e-05,1,0.00028330837578082076,0.0002578783968676397,0.9997421216031324
2025-09-04,9.122852226852464e-187,0.9999999587471402,4.1251985697923884e-08,0.9388900433068537,0.9388900433068537,1.0650874478100882,1.0611099566931463,8.041926643009123e-187,0.9999999589020667,4.109793318305716e-08,1,7.400907714367077e-07,6.736596514262083e-07,0.9999993263403486
2025-09-05,8.593464351523076e-189,0.9999995239251116,4.760744519812424e-07,0.9353528201587986,0.9353528201587986,1.0691152883146553,1.0646471798412014,7.518292199149248e-189,0.9999995259151849,4.740848150286424e-07,1,7.377678328737665e-06,6.71545221625175e-06,0.9999932845477838
2025-09-06,8.840998119317267e-188,0.9999995182444104,4.817561977424976e-07,0.9342028757995853,0.9342028757995853,1.0704313012782143,1.0657971242004147,7.715848626028923e-188,0.9999995203294498,4.796705501578025e-07,1,7.458984350963781e-06,6.789460147042953e-06,0.9999932105398529
2025-09-07,8.778700329830086e-190,0.999999496,5.039998466436642e-07,0.9320287046476585,0.9320287046476585,1.0729283282943922,1.0679712953523415,7.625859528717548e-190,0.9999994983286803,5.016713196365128e-07,1,7.778602188893429e-06,7.080388840656178e-06,0.9999929196111593
2025-09-08,4.5057680594486986e-201,0.999999988152922,1.1846779708995784e-08,0.8882563155859431,0.8882563155859431,1.1258011707356617,1.111743684414057,3.5550477650939465e-201,0.9999999883011468,1.1698853106953575e-08,1,2.25391705368038e-07,2.051603715823069e-07,0.9999997948396284
2025-09-09,1.67762145079282e-207,0.9999999992724042,7.280548278599416e-10,0.8801718605430668,0.8801718605430668,1.1361417523425472,1.1198281394569332,1.2996575388603796e-207,0.9999999992823991,7.176008465776133e-10,1,1.5854394945280965e-08,1.4431292193628985e-08,0.9999999855687078
2025-09-10,2.647703697137183e-211,0.9999999997780832,2.2265804530065264e-10,0.8592544794598795,0.8592544794598795,1.1637995773133378,1.1407455205401205,1.9548479879224334e-211,0.9999999997817527,2.1824734493908966e-10,1,5.100876090215943e-09,4.643017507477486e-09,0.9999999953569825
2025-09-11,2.442528965189435e-245,0.9999999999636202,3.576144808427423e-11,0.8185392066926717,0.8185392066926717,1.221688578657735,1.1814607933073282,1.6365101192075098e-245,0.9999999999654162,3.4583894424192866e-11,1,8.95258958736772e-10,8.148998222313071e-10,0.9999999991851002
2025-09-12,1.2599794788906057e-243,0.999999999994543,5.701873682848332e-12,0.7934405075982025,0.7934405075982025,1.2603339386176122,1.2065594924017975,7.932173582430172e-244,0.9999999999945415,5.4585928425148435e-12,1,1.746517628954102e-10,1.5897488558693194e-10,0.9999999998410252
2025-09-13,4.137769867278276e-247,0.999999999996362,4.372222011065922e-12,0.7926378931834411,0.7926378931834411,1.2616101357250766,1.207362106816559,2.599656658743184e-247,0.9999999999958158,4.1842206473028375e-12,1,1.414405580831969e-10,1.287447442033174e-10,0.9999999998712552
2025-09-14,5.592557113314985e-263,1.0,7.012354718680532e-13,0.7771720159108266,0.7771720159108266,1.2867164276727392,1.2228279840891734,3.377884040627165e-263,0.9999999999993335,6.664175104895394e-13,1,5.592850911353935e-11,5.090832288190008e-11,0.9999999999490917
2025-09-15,9.953203203418707e-265,0.999999999996362,3.799781195289275e-12,0.8130001969382026,0.8130001969382026,1.2300120021693077,1.1869998030617974,6.578761955390488e-265,0.999999999996333,3.666906926543408e-12,1,1.2785376941962645e-10,1.1637751619784677e-10,0.9999999998836225
2025-09-16,1.0210123737521026e-263,0.9999999999563444,4.419692577881917e-11,0.8397350995587597,0.8397350995587597,1.1908517347023506,1.1602649004412404,7.1997201863106485e-264,0.9999999999569383,4.306173488626464e-11,1,1.09850681097303e-09,9.99903990064404e-10,0.9999999990000961
2025-09-17,4.6193104525597327e-265,0.999999999989086,1.1491013435964809e-11,0.8117762847610753,0.8117762847610753,1.2318664868293403,1.1882237152389248,3.0440366041517273e-265,0.9999999999889161,1.1083907893203173e-11,1,3.183123482781961e-10,2.897403857225177e-10,0.9999999997102597
2025-09-18,7.864653065586139e-292,1.0,2.5138581418779737e-13,0.7939127120035265,0.7939127120035265,1.2595843156061697,1.2060872879964735,4.957070334160212e-292,0.9999999999997594,2.4070896336031504e-13,1,5.550262756129333e-11,5.052066878714903e-11,0.9999999999494793
2025-09-19,1.1195435394930035e-286,1.0,8.691898317476559e-14,0.7864145892374428,0.7864145892374428,1.271593906936115,1.2135854107625572,6.923793578604987e-287,0.9999999999999171,8.295384975016435e-14,1,5.5344975891796584e-11,5.037716805342988e-11,0.9999999999496229
2025-09-20,6.142949781226006e-288,1.0,8.04158727741193e-14,0.7862791154733575,0.7862791154733575,1.2718129991256066,1.2137208845266425,3.79778562076345e-288,0.9999999999999232,7.674274779427627e-14,1,5.5338869665161146e-11,5.037160992641963e-11,0.9999999999496284
2025-09-21,8.27417794029439e-288,1.0,9.836293478875125e-14,0.785577247353186,0.785577247353186,1.2729492909440288,1.214422752646814,5.106256766619397e-288,0.9999999999999062,9.384049064199175e-14,1,5.535585607743791e-11,5.03870716251936e-11,0.999999999949613
2025-09-22,6.169344492302835e-284,1.0,3.0799335929971405e-13,0.7986145782113094,0.7986145782113094,1.252168476863698,1.2013854217886906,3.9347168856220514e-284,0.9999999999997046,2.9550235348287794e-13,1,5.55574725787098e-11,5.057059087338653e-11,0.9999999999494295
2025-09-23,2.5565426721434524e-280,0.9999999999872672,1.2417336570130034e-11,0.8314487965303008,0.8314487965303008,1.202719883861852,1.1685512034696992,1.7673561039069092e-280,0.9999999999879353,1.2064566145137539e-11,1,3.430079254382028e-10,3.122192687777456e-10,0.9999999996877807
2025-09-24,6.745983996767609e-280,0.999999999990905,9.277850443161269e-12,0.8055460377454915,0.8055460377454915,1.2413939776784617,1.1944539622545085,4.3774988255171703e-280,0.9999999999910729,8.927033175853675e-12,1,2.636791181352315e-10,2.400110765690596e-10,0.9999999997599889
2025-09-25,1.8186587988732962e-258,0.9999999999599822,3.972931627542346e-11,0.8681154113043297,0.8681154113043297,1.1519205706733346,1.1318845886956703,1.3705855867169847e-258,0.9999999999609618,3.903828263551723e-11,1,1.0022793936372566e-09,9.123140201283919e-10,0.999999999087686
2025-09-26,3.3165662698938e-255,1.0,7.93165849627135e-13,0.8126957400176475,0.8126957400176475,1.2304727965945597,1.1873042599823525,2.190507003882157e-255,0.9999999999992347,7.653393026976427e-13,1,5.602731896273092e-11,5.099826348261133e-11,0.9999999999490017
2025-09-27,5.991939260321149e-258,1.0,8.817807284694773e-13,0.8121590047604492,0.8121590047604492,1.2312859848115032,1.1878409952395508,3.9522966120566555e-258,0.9999999999991493,8.506677660654907e-13,1,5.6112695113324525e-11,5.107597620390003e-11,0.9999999999489241
2025-09-28,1.8744585112359872e-253,1.0,4.337422806423889e-13,0.8140597744199041,0.8140597744199041,1.2284110226581288,1.185940225580096,1.2421911271307983e-253,0.9999999999995812,4.187461758812317e-13,1,5.568081835674562e-11,5.068286503899354e-11,0.9999999999493171
2025-09-29,2.516856142463277e-249,0.999999999998181,1.1340488960502608e-12,0.8176812625821186,0.8176812625821186,1.2229704235145922,1.1823187374178814,1.6827766794180897e-249,0.9999999999989038,1.096352972376897e-12,1,5.89197548368811e-11,5.3631072075765516e-11,0.9999999999463689
2025-09-30,2.7589602479623536e-250,0.999999999998181,2.3108160134415898e-12,0.8545981576585787,0.8545981576585787,1.1701405988749052,1.1454018423414212,2.0149735401266095e-250,0.999999999997738,2.2619614443356673e-12,1,9.054700787218145e-11,8.241943841894859e-11,0.9999999999175806
2025-10-01,2.316187352512307e-241,0.999999999996362,3.5751128875113464e-12,0.8499175750018793,0.8499175750018793,1.176584682341448,1.1500824249981207,1.6731208279713788e-241,0.9999999999965055,3.4945844196520426e-12,1,1.2331202043621022e-10,1.1224343811564875e-10,0.9999999998877566
2025-10-02,8.864604248959619e-243,0.999999999992724,7.663879059942119e-12,0.8600937885716163,0.8600937885716163,1.1626639016434825,1.1399062114283836,6.557691386045839e-243,0.9999999999924861,7.513868222547335e-12,1,2.2760715422971217e-10,2.071769600407885e-10,0.9999999997928231
2025-10-03,3.7525647839305125e-240,0.999999999994543,6.360774703157005e-12,0.8591519504888256,0.8591519504888256,1.1639384621440212,1.1408480495111744,2.7699259525355757e-240,0.9999999999937654,6.234588553851855e-12,1,1.947236385252122e-10,1.7724509413715296e-10,0.9999999998227549
2025-10-04,2.86924577639357e-240,0.999999999994543,4.884221198216103e-12,0.857046795425357,0.857046795425357,1.1667974319928407,1.142953204574643,2.1075448321372312e-240,0.9999999999952156,4.784409116175107e-12,1,1.5712419077305257e-10,1.4302060189363102e-10,0.9999999998569794
2025-10-05,1.0929794144626392e-244,0.999999999990905,9.617337651717315e-12,0.8525590013569377,0.8525590013569377,1.17293934895813,1.1474409986430623,7.944395751795428e-245,0.9999999999905916,9.408267809561317e-12,1,2.759099623190886e-10,2.51144070719967e-10,0.9999999997488559
2025-10-06,5.445243933014618e-239,0.999999999998181,1.3052592520766965e-12,0.8427898887302977,0.8427898887302977,1.1865353552194922,1.1572101112697024,3.86772843154622e-239,0.9999999999987269,1.272999744750879e-12,1,6.377112494808947e-11,5.8046979453872364e-11,0.999999999941953
2025-10-07,1.0131575719717875e-232,0.9999999998872228,1.1335025862452976e-10,0.8840121871276991,0.8840121871276991,1.1312061242607574,1.1159878128723009,7.9175989405991275e-233,0.9999999998881747,1.1182533801581485e-10,1,2.7018314184091394e-09,2.459312940768826e-09,0.999999997540687
2025-10-08,3.0852444740279834e-225,0.999999999985448,1.4649617450320283e-11,0.8187084847672144,0.8187084847672144,1.22143597947972,1.1812915152327856,2.0679887205752483e-225,0.9999999999858319,1.4168134135730588e-11,1,3.9571948775595775e-10,3.6019940049615123e-10,0.9999999996398006
2025-10-09,3.1419686809228305e-219,0.9999999851661414,1.4833900272313334e-08,0.8242472745819389,0.8242472745819389,1.2132281547515016,1.175752725418061,2.1346018991699297e-219,0.9999999856243044,1.437569562941381e-08,1,2.739957116475781e-07,2.4940164466916146e-07,0.9999997505983553
2025-10-10,3.43437319072742e-156,4.336285155592474e-14,1.0,1.2511293405871653,1.2511293405871653,0.799277874444773,1.2511293405871653,3.434373190727325e-156,2.7702146130804548e-14,0.9999999999999724,2,5.528968678517026e-11,5.032684173977344e-11,0.9999999999496731
2025-10-11,4.50357800374879e-147,8.525075420207862e-16,1.0,1.2349046335568816,1.2349046335568816,0.8097791301662797,1.2349046335568816,4.503578003748787e-147,5.590252049256617e-16,0.9999999999999994,2,5.5262597343369404e-11,5.030218386721888e-11,0.9999999999496978
2025-10-12,8.546457656855042e-143,6.154734378377112e-15,1.0,1.1948102327618395,1.1948102327618395,0.8369529926844284,1.1948102327618395,8.546457656855005e-143,4.311331804761355e-15,0.9999999999999958,2,5.526626107935067e-11,5.030551874342503e-11,0.9999999999496945
2025-10-13,2.932239738353633e-130,2.775010835013098e-06,0.999997224989996,1.078829145241228,1.078829145241228,0.9269308346099588,1.078829145241228,2.9322408840345444e-130,2.3842923837571206e-06,0.9999976157076162,2,3.325281643254099e-05,3.02680179127203e-05,0.9999697319820873
2025-10-14,3.5774278921282307e-130,2.733603187688962e-10,0.9999999997271516,1.1335281070674244,1.1335281070674244,0.8822013267823787,1.1335281070674244,3.577427892343226e-130,2.1275064501574173e-10,0.9999999997872493,2,4.978530134489179e-09,4.531653419355835e-09,0.9999999954683466
2025-10-15,4.4863625561686654e-132,8.814810488749847e-08,0.9999999118517774,1.0806757021958449,1.0806757021958449,0.9253469824185754,1.0806757021958449,4.486362613010458e-132,7.547831762227811e-08,0.9999999245216823,2,1.3133066080859502e-06,1.1954231912680702e-06,0.9999988045768088
2025-10-16,2.507202967770044e-133,4.310821347139009e-24,1.0,1.291618784459129,1.291618784459129,0.7742222488803107,1.291618784459129,2.507202967770044e-133,2.5839929227266706e-24,1.0,2,5.526204223185709e-11,5.030167858294522e-11,0.9999999999496983
2025-10-17,7.813761117231452e-131,1.5185952259939892e-08,0.9999999848132576,1.0892607917682067,1.0892607917682067,0.9180537916697535,1.0892607917682067,7.813761135888183e-131,1.2799066294317013e-08,0.9999999872009337,2,2.4543556638755443e-07,2.2340508013532734e-07,0.9999997765949199
2025-10-18,1.0595351765255002e-131,4.0844951062839787e-08,0.9999999591545938,1.0770506297938245,1.0770506297938245,0.9284614597843242,1.0770506297938245,1.0595351824964012e-131,3.5210009681340506e-08,0.9999999647899902,2,6.395095527971907e-07,5.821066807585895e-07,0.9999994178933193
2025-10-19,1.886222722107183e-132,1.871300725325705e-07,0.9999998128696636,1.067259981611359,1.067259981611359,0.9369788216833453,1.067259981611359,1.88622276519485e-132,1.6428697963887486e-07,0.9999998357130204,2,2.7307484671365e-06,2.485634372838749e-06,0.9999975143656271
2025-10-20,5.698049125375818e-128,4.919470215670884e-05,0.999950805297447,0.9821004080940782,0.9821004080940782,1.0182258267672029,1.017899591905922,5.49765058129543e-128,4.9210468188251824e-05,0.9999507895318118,2,0.0005373478092556086,0.0004891150543264505,0.9995108849456735
2025-10-21,1.885514237254807e-135,0.000212106381348,0.9997878936178738,0.9622200217140718,0.9622200217140718,1.0392633466705754,1.0377799782859283,1.7482308757414208e-135,0.0002124094947980799,0.9997875905052019,2,0.0020087329054547373,0.001828427486361,0.998171572513639
2025-10-22,1.63953608905953e-135,2.3778446692949297e-06,0.999997622156214,1.0450712675866678,1.0450712675866678,0.9568725416298655,1.0450712675866678,1.6395364180770626e-135,2.1771670502081704e-06,0.9999978228329498,2,3.056197734487353e-05,2.7818710622584604e-05,0.9999721812893774
2025-10-23,7.224480050236914e-133,0.0014812036516151,0.9985187963474916,0.9397443141012836,0.9397443141012836,1.0641192343433772,1.0602556858987164,6.4032926167839765e-133,0.0014865931013604953,0.9985134068986395,2,0.011165094116928455,0.010162906634208808,0.9898370933657912
2025-10-24,1.632038052102519e-130,0.0070246785580283,0.9929753214423316,0.9103963521733356,0.9103963521733356,1.0984226788834983,1.0896036478266644,1.3635389527160307e-130,0.0070811322751802045,0.9929188677248199,2,0.042109882747819516,0.03833006710572204,0.9616699328942779
2025-10-25,9.416933306634049e-131,0.0133220886672118,0.9866779113319653,0.9081292677131391,0.9081292677131391,1.1011648182182376,1.091870732286861,7.831351132927187e-131,0.01343396389660398,0.986566036103396,2,0.07124329150628088,0.06484843856302744,0.9351515614369725
2025-10-26,4.965565137208023e-133,0.0201271032013132,0.9798728967993428,0.9073421053834146,0.9073421053834146,1.1021201309482171,1.0926578946165852,4.1226821259266315e-133,0.0202978627160172,0.9797021372839827,2,0.09919608907564907,0.09029217140462567,0.9097078285953744
2025-10-27,5.4817317521074745e-134,0.1453378345275976,0.8546621654718778,0.8897992988129468,0.8897992988129468,1.1238489413669672,1.1102007011870532,4.3856409762512653e-134,0.14686214368161088,0.8531378563183891,2,0.4172273224615303,0.37977667532496945,0.6202233246750306
2025-10-28,1.2012123871088756e-140,0.2316384368950203,0.7683615631052887,0.9377864372152005,0.9377864372152005,1.0663408643118635,1.0622135627847995,1.0595493702233303e-140,0.23232937620716723,0.7676706237928329,2,0.542075669950371,0.49341853858885043,0.5065814614111496
2025-10-29,7.8454178030468025e-143,0.8468931488085133,0.1531068511915909,0.9498848176299861,0.9498848176299861,1.0527592203179477,1.0501151823700139,7.081495795641437e-143,0.8472189321751669,0.1527810678248332,1,0.4275029531799038,0.38912995748316465,0.6108700425168354
2025-10-30,2.802383519342452e-181,0.9999999977317202,2.267552097385265e-09,0.869835121285002,0.869835121285002,1.1496431628590786,1.130164878714998,2.120320189151209e-181,0.9999999977708667,2.229133198903572e-09,1,4.666478248070906e-08,4.2476115515950204e-08,0.9999999575238845
2025-10-31,4.681477380876645e-191,0.9999999999690772,3.0690437190678566e-11,0.920809362460991,0.920809362460991,1.0860011211521146,1.079190637539009,3.9693773040392694e-191,0.9999999999695021,3.049797263840412e-11,1,7.965873770008043e-10,7.25085077981913e-10,0.9999999992749149
2025-11-01,5.533557965126849e-211,0.9999999999872672,1.282644826191572e-11,0.9122450905041612,0.9122450905041612,1.0961966366377922,1.0877549094958388,4.604977718404686e-211,0.9999999999872724,1.2727672756857151e-11,1,3.5966083123664613e-10,3.2737739687281025e-10,0.9999999996726227
2025-11-02,9.29727485409451e-226,0.9999999999254214,7.489137611606037e-11,0.8957156863195436,0.8957156863195436,1.11642568649094,1.1042843136804565,7.459264891168781e-226,0.999999999925923,7.407691606853877e-11,1,1.8296199952976672e-09,1.6653918895407463e-09,0.9999999983346081
2025-11-03,7.448072828924224e-212,0.9999999999708962,2.9498894172134867e-11,0.8960358401777803,0.8960358401777803,1.1160267872785004,1.1039641598222198,5.979910402728082e-212,0.9999999999708199,2.918005400196215e-11,1,7.646473262219354e-10,6.960119908625335e-10,0.999999999303988
2025-11-04,5.601041063248028e-197,0.9999964572442878,3.542755610133036e-06,0.995014699770684,0.995014699770684,1.005010277969225,1.004985300229316,5.545334525039497e-197,0.9999964573324384,3.5426675615664935e-06,1,4.800540070123572e-05,4.369639880820424e-05,0.9999563036011918
2025-11-05,3.846123665267477e-187,0.999999986088369,1.3912324894324276e-08,0.9623174860768303,0.9623174860768303,1.0391580891632692,1.0376825139231696,3.5617218355597404e-187,0.9999999861074301,1.3892569784793597e-08,1,2.6526334645702896e-07,2.4145310333149287e-07,0.9999997585468967
2025-11-06,4.229078364873005e-178,0.9997599323586278,0.000240067640609,1.0356126144575761,1.0356126144575761,0.9656120310235609,1.0356126144575761,4.535580069044207e-178,0.9997425334997306,0.0002574665002693429,1,0.0023852964106395665,0.00217119036009633,0.9978288096399037
2025-11-07,1.6418833448410397e-169,0.9999350073488074,6.49926514709716e-05,1.0228769446787311,1.0228769446787311,0.9776347049391005,1.0228769446787311,1.7178600141613476e-169,0.9999319998722642,6.800012773569862e-05,1,0.0007205271353116117,0.0006558520624096921,0.9993441479375903
2025-11-08,6.429487496479387e-170,0.999068913197152,0.0009310868026403,1.0227691463064255,1.0227691463064255,0.9777377462072915,1.0227691463064255,6.725320243885601e-170,0.9990260721517787,0.0009739278482212383,1,0.00772683796930331,0.007033271017449527,0.9929667289825505
2025-11-09,1.7141576595935256e-182,0.9660989243127768,0.0339010756869298,1.073663654304582,1.073663654304582,0.9313903809547373,1.073663654304582,1.965821454482917e-182,0.9611217430657931,0.038878256934206865,1,0.16436265482969242,0.14960933581851305,0.8503906641814869
2025-11-10,9.758574107566323e-159,0.9999997062641772,2.937360194600194e-07,0.9496803271950289,0.9496803271950289,1.0529859062718452,1.050319672804971,8.801186989419167e-159,0.9999997070077402,2.9299225967041135e-07,1,4.700537465397092e-06,4.278613587233523e-06,0.9999957213864128
2025-11-11,2.038484208444433e-159,0.9999999959163688,4.082960087961605e-09,0.9338166292927292,0.9338166292927292,1.0708740545318816,1.0661833707072708,1.7775857435106876e-159,0.9999999959349242,4.065075748828252e-09,1,8.26333583886248e-08,7.521612423324012e-08,0.9999999247838758
2025-11-12,2.1901259220290275e-158,0.999987067430946,1.2932569134397636e-05,0.9375947582667095,0.9375947582667095,1.0665588637127796,1.0624052417332905,1.9253046012966007e-158,0.9999871177949976,1.2882205002380993e-05,1,0.00015793144513324002,0.0001437553964781392,0.9998562446035218
2025-11-13,5.014084737206519e-145,0.0046641865316646,0.9953358134684964,1.1070453138701968,1.1070453138701968,0.9033053909094564,1.1070453138701968,5.018392494984044e-145,0.0038090622533075973,0.9961909377466924,2,0.02501969324107919,0.02277390622620063,0.9772260937737993
2025-11-14,3.755509834693292e-136,6.939305641634633e-06,0.9999930606940988,1.1247321080584438,1.1247321080584438,0.8891006070114231,1.1247321080584438,3.755515294407194e-136,5.4855283169241155e-06,0.9999945144716831,2,7.193392397498123e-05,6.547707932722062e-05,0.9999345229206728
2025-11-15,3.3072661398420213e-139,6.112936199652664e-06,0.9999938870646868,1.113169160119296,1.113169160119296,0.8983360623221291,1.113169160119296,3.307270041590041e-139,4.933192285706273e-06,0.9999950668077143,2,6.52144705481441e-05,5.936076923662134e-05,0.9999406392307634
2025-11-16,4.03332089263438e-142,1.5946925101058037e-05,0.9999840530743376,1.061978597251398,1.061978597251398,0.9416385627621777,1.061978597251398,4.033328181081675e-142,1.4139895857342729e-05,0.9999858601041427,2,0.00017203311572310472,0.00015659129021000404,0.99984340870979
2025-11-17,1.901327004360644e-142,1.2183620744543168e-11,0.9999999999872672,1.1439832417346185,1.1439832417346185,0.8741386792377333,1.1439832417346185,1.901327004367152e-142,9.309729161640553e-12,0.9999999999906903,2,2.7340744397447175e-10,2.488661803573435e-10,0.9999999997511339
2025-11-18,1.2600134248024036e-139,7.401389469540557e-19,1.0,1.2110489499607158,1.2110489499607158,0.825730454605025,1.2110489499607158,1.2600134248024036e-139,5.046495182206151e-19,1.0,2,5.526204223185709e-11,5.030167858294522e-11,0.9999999999496983
2025-11-19,1.6631102629140577e-143,4.528251015826799e-13,1.0,1.1518676658209066,1.1518676658209066,0.8681552835215021,1.1518676658209066,1.6631102629134903e-143,3.41291379309499e-13,0.9999999999996588,2,5.5603213767324344e-11,5.0612226297536025e-11,0.9999999999493878
2025-11-20,2.0634412918155933e-133,3.1557228284511104e-24,1.0,1.2429162887702145,1.2429162887702145,0.804559413240481,1.2429162887702145,2.0634412918155933e-133,2.042749403276676e-24,1.0,2,5.526204223185709e-11,5.030167858294522e-11,0.9999999999496983
2025-11-21,1.9289576204006207e-130,2.6543494095919865e-14,1.0,1.1404071573520191,1.1404071573520191,0.8768797999496609,1.1404071573520191,1.9289576204005815e-130,2.040977526556343e-14,0.9999999999999796,2,5.5282470335510195e-11,5.0320273044215876e-11,0.9999999999496797
2025-11-22,7.395375713488811e-131,9.49452326344122e-14,1.0,1.1268048989972472,1.1268048989972472,0.8874650801482209,1.1268048989972472,7.39537571348826e-131,7.477832104259396e-14,0.9999999999999253,2,5.5336760241414365e-11,5.0369689846179734e-11,0.9999999999496303
2025-11-23,1.7911764449011794e-131,2.73716674038487e-13,1.0,1.1115320801879554,1.1115320801879554,0.8996591441885369,1.1115320801879554,1.7911764449007824e-131,2.215426015179906e-13,0.9999999999997785,2,5.5483531725269785e-11,5.0503287008135164e-11,0.9999999999494967
2025-11-24,9.533004588988754e-124,0.0006700274921489,0.999329972508292,0.988349445960901,0.988349445960901,1.011787889482522,1.011650554039099,9.313432300550275e-124,0.0006701183899977369,0.9993298816100024,2,0.005567156665880991,0.005067444378061956,0.994932555621938
2025-11-25,6.095033662409528e-131,0.0563948320541083,0.9436051679457644,0.9256184769028529,0.9256184769028529,1.0803587276542166,1.0743815230971472,5.249444590349439e-131,0.05669079202058668,0.9433092079794133,2,0.21776331909695715,0.19821671516250747,0.8017832848374925
2025-11-26,1.7120626269619869e-130,0.9963366191123744,0.0036633808881222,0.8145859138591884,0.8145859138591884,1.2276175943951602,1.1854140861408116,1.13618260956609e-130,0.9964621146591541,0.0035378853408459168,1,0.02350024440879136,0.021390844296199904,0.9786091557038001
2025-11-27,1.4110194696536628e-136,0.9999810764701306,1.892352906620356e-05,0.8125521234774098,0.8125521234774098,1.2306902795606336,1.1874478765225902,9.316134593047526e-137,0.9999817413692784,1.825863072147942e-05,1,0.00021747608665693966,0.0001979552649284438,0.9998020447350715
2025-11-28,7.896176079763692e-137,0.9999969696119012,3.030387942462744e-06,0.7873028665740089,0.7873028665740089,1.270159226463323,1.212697133425991,4.894412279441472e-137,0.9999971067066252,2.8932933747548277e-06,1,3.9791820329350204e-05,3.622007576266179e-05,0.9999637799242374
2025-11-29,2.9219105497330323e-141,0.999998450353196,1.5496460406488832e-06,0.7845182761108531,0.7845182761108531,1.2746675640972565,1.2154817238891469,1.7983452760021295e-141,0.9999985223075966,1.4776924034863766e-06,1,2.1315782126099954e-05,1.9402461037407383e-05,0.9999805975389626
2025-11-30,3.5320529829108612e-152,0.9999673228367468,3.267716332188282e-05,0.8013558364402305,0.8013558364402305,1.2478850899023626,1.1986441635597695,2.268185544492371e-152,0.9999686122208535,3.138777914651677e-05,1,0.0003568500819374838,0.0003248189426044988,0.9996751810573955
2025-12-01,2.0744286858877897e-144,0.9997659967411572,0.0002340032580267,0.8933919195153114,0.8933919195153114,1.1193295777093286,1.1066080804846887,1.6557078373709008e-144,0.9997686556399191,0.00023134436008091216,1,0.002168040815602736,0.001973435795289652,0.9980265642047104
2025-12-02,1.2423954974633943e-136,0.9998095783802392,0.000190421619205,0.8503944124140056,0.8503944124140056,1.1759249418882123,1.1496055875859943,8.984677969946617e-137,0.9998138395720412,0.0001861604279588254,1,0.0017850567502946907,0.0016248286758732548,0.9983751713241268
2025-12-03,1.3147476569755804e-147,0.9999994889386868,5.110615319098165e-07,0.7824417844273912,0.7824417844273912,1.2780503545472368,1.2175582155726088,8.04908448262058e-148,0.9999995131278046,4.868721953541303e-07,1,7.563715689726848e-06,6.884790719842242e-06,0.9999931152092801
2025-12-04,1.2231779655698838e-152,0.999999972271326,2.7728678594933714e-08,0.7428198667330959,0.7428198667330959,1.3462213987328802,1.2571801332669041,6.749267957685723e-153,0.9999999741053411,2.5894658893432557e-08,1,4.782820184779305e-07,4.3535105460887423e-07,0.9999995646489453
2025-12-05,2.478100093584132e-152,0.999999894002036,1.059985488046195e-07,0.7649967811751199,0.7649967811751199,1.307195042656113,1.23500321882488,1.4502339316297072e-152,0.9999998998553808,1.0014461917230712e-07,1,1.7141680722120905e-06,1.5603030203587499e-06,0.9999984396969797
2025-12-06,2.4918768017036502e-154,0.9999999469564514,5.3043642437262674e-08,0.7686997631258432,0.7686997631258432,1.3008980202278153,1.2313002368741568,1.4724483263558357e-154,0.9999999497941816,5.020581834045042e-08,1,8.940494104564666e-07,8.13798843940074e-07,0.999999186201156
2025-12-07,8.655087795547119e-160,0.9999999988704076,1.128691508413101e-09,0.7637819969995701,0.7637819969995701,1.3092741173900213,1.23621800300043,5.049057453522267e-160,0.9999999989342883,1.0657117131472855e-09,1,2.3110544966720252e-08,2.103612457743219e-08,0.9999999789638754
2025-12-08,4.5693737437988655e-168,0.9999999999763532,2.416501241727638e-11,0.8059526679021429,0.8059526679021429,1.2407676527741427,1.194047332097857,2.9680810514557337e-168,0.9999999999767448,2.3255094168887137e-11,1,6.202754778556822e-10,5.645990712589481e-10,0.999999999435401
2025-12-09,1.2308022977717436e-172,0.9999999999872672,1.3295969448040787e-11,0.7990160183118069,0.7990160183118069,1.2515393647712347,1.200983981688193,7.857769231847808e-173,0.9999999999872411,1.2758884600510321e-11,1,3.604439085351234e-10,3.280901845473652e-10,0.9999999996719098
2025-12-10,1.1604715612107803e-200,1.0,3.086815867038768e-15,0.7341295310948897,0.7341295310948897,1.3621574363158881,1.2658704689051103,6.254317014814253e-201,0.9999999999999971,2.868617785914965e-15,1,5.526492881172112e-11,5.030430606116825e-11,0.9999999999496957
2025-12-11,1.3991587163434398e-204,1.0,6.925060149923359e-15,0.7100739152520492,0.7100739152520492,1.4083040913353901,1.2899260847479508,7.054627717732065e-205,0.9999999999999937,6.342959436668478e-15,1,5.5268370503097455e-11,5.030743882366493e-11,0.9999999999496926
2025-12-12,2.0415703962330585e-188,1.0,8.959105597014236e-14,0.779184756082408,0.779184756082408,1.2833926641837923,1.2208152439175919,1.2394963564993348e-188,0.9999999999999147,8.522265234901746e-14,1,5.53473073601483e-11,5.0379290247379247e-11,0.9999999999496207
2025-12-13,6.001157138323299e-188,1.0,1.1160212858328563e-13,0.7921264168088702,0.7921264168088702,1.2624247579427552,1.2078735831911298,3.765511624180343e-188,0.9999999999998932,1.0677964139685274e-13,1,5.5368845686826025e-11,5.0398895277197216e-11,0.9999999999496011
2025-12-14,2.641579927821737e-203,0.999999999998181,1.6980428312868385e-12,0.8131032318771447,0.8131032318771447,1.2298561373214347,1.1868967681228553,1.746445873947505e-203,0.9999999999983612,1.6387295126878325e-12,1,7.374018775470641e-11,6.712121147316175e-11,0.9999999999328788
2025-12-15,5.43596947670203e-200,0.9999999999545252,4.4880661009556254e-11,0.8442858334551937,0.8442858334551937,1.184432996947911,1.1557141665448063,3.8748599811964923e-200,0.9999999999562076,4.379244403557229e-11,1,1.1159415340093915e-09,1.015773758877475e-09,0.9999999989842262
2025-12-16,5.58752969558591e-201,0.9999999955653038,4.434977909513062e-09,0.9021396346797353,0.9021396346797353,1.108475851806473,1.0978603653202645,4.547444123690995e-201,0.9999999956074943,4.392505673620039e-09,1,8.894673105700417e-08,8.096280368831276e-08,0.9999999190371963
2025-12-17,5.276228784744503e-186,0.9999965925311546,3.407469262206872e-06,0.9685591362563194,0.9685591362563194,1.032461480736433,1.0314408637436805,4.949666120240337e-186,0.9999965958991047,3.4041008951935467e-06,1,4.626355618062296e-05,4.211090359885748e-05,0.9999578890964012
2025-12-18,1.2777531174458191e-185,0.9999998263119928,1.736878400190576e-07,0.943435742299877,0.943435742299877,1.059955601811558,1.0565642577001229,1.1372909954372767e-185,0.9999998268678768,1.731321232225633e-07,1,2.8686902646808087e-06,2.6111944079549964e-06,0.9999973888055921
2025-12-19,6.533875177111997e-178,0.9999999955198292,4.4801902052666644e-09,0.8810682353330284,0.8810682353330284,1.1349858727139532,1.1189317646669716,5.07212469418984e-178,0.9999999955831811,4.416818969520083e-09,1,8.941453346548891e-08,8.138861579082609e-08,0.9999999186113843
2025-12-20,2.0134475782259241e-181,0.9999999959109118,4.088410478424027e-09,0.8844408051069457,0.8844408051069457,1.1306579187954597,1.1155591948930543,1.574990249148333e-181,0.9999999959661858,4.033814141428403e-09,1,8.202923751124166e-08,7.466622971302176e-08,0.9999999253337702
2025-12-21,6.6533312794874326e-192,0.9999999999399732,5.960703103912916e-11,0.8208645720696064,0.8208645720696064,1.218227749162993,1.1791354279303936,4.483138672008527e-192,0.9999999999423058,5.7694271124950375e-11,1,1.4455174493409714e-09,1.3157666851637242e-09,0.9999999986842333
2025-12-22,2.9397389198670107e-205,0.9999999995307008,4.691170905124105e-10,0.817744311665011,0.817744311665011,1.2228761310046874,1.182255688334989,1.9658203464682514e-205,0.9999999995464657,4.535343643567074e-10,1,1.0238481013552884e-08,9.319467039609935e-09,0.9999999906805329
2025-12-23,9.520654755350359e-210,0.9999999994088284,5.902995996895943e-10,0.8152594708861727,0.8152594708861727,1.2266033523204798,1.1847405291138273,6.32788418832891e-210,0.9999999994298467,5.701532274174862e-10,1,1.273356184582506e-08,1.1590587486748805e-08,0.9999999884094125
2025-12-24,1.0392540871528936e-211,0.9999999997544364,2.464610964144551e-10,0.7685080717876509,0.7685080717876509,1.3012225072325765,1.231491928212349,6.137883030656682e-212,0.9999999997667465,2.3325361279064775e-10,1,5.434191885557576e-09,4.9464146192517634e-09,0.9999999950535854
2025-12-25,6.280695782051438e-218,0.9999999996416592,3.588222482220901e-10,0.7709986065679713,0.7709986065679713,1.2970192053282783,1.2290013934320287,3.73348958630274e-218,0.999999999659995,3.400050217111717e-10,1,7.780446176599541e-09,7.082067310599699e-09,0.9999999929179327
2025-12-26,1.6340758042176576e-216,0.999999998972271,1.0283263820159547e-09,0.8103693079627469,0.8103693079627469,1.234005274106421,1.189630692037253,1.073094991129275e-216,0.9999999990086521,9.913479716755333e-10,1,2.1571560958352093e-08,1.9635280963864086e-08,0.999999980364719
2025-12-27,1.8319217580712721e-218,0.999999998944986,1.0547098588393214e-09,0.8143248496833727,0.8143248496833727,1.2280111559764164,1.1856751503166274,1.2147930440759243e-218,0.9999999989816516,1.0183484607444473e-09,1,2.2130969519308844e-08,2.0144476579757793e-08,0.9999999798555235
2025-12-28,7.446684185104525e-220,0.9999999999454304,5.486869213606769e-11,0.7578148478676232,0.7578148478676232,1.3195835405097291,1.2421851521323768,4.2765066929296756e-220,0.9999999999483495,5.1650443186201776e-11,1,1.3027008591923336e-09,1.1857694225973461e-09,0.9999999988142306
2025-12-29,4.252488109965681e-232,0.9999999995543476,4.4536764430423077e-10,0.8144296137531415,0.8144296137531415,1.2278531908874153,1.1855703862468585,2.820656634397949e-232,0.9999999995699692,4.3003080010424767e-10,1,9.73220672180019e-09,8.858636319823913e-09,0.9999999911413637
2025-12-30,2.550700701737565e-227,0.9999999964966264,3.503750642816124e-09,0.8512511304137466,0.8512511304137466,1.1747414649704544,1.1487488695862536,1.848310390510782e-227,0.9999999965737743,3.426225863797934e-09,1,7.023718836921568e-08,6.393264402163837e-08,0.9999999360673559
2025-12-31,6.994836137662287e-228,0.9999998236708209,1.763286716112561e-07,0.9150649045205052,0.9150649045205052,1.0928186569716614,1.0849350954794947,5.857082535842603e-228,0.999999824943358,1.7505664200856925e-07,1,2.8986428460632804e-06,2.638458422468055e-06,0.9999973615415775
2026-01-01,5.884667885511383e-244,0.9999999998017302,1.9764018126496448e-10,0.8060116796344062,0.8060116796344062,1.2406768106059998,1.1939883203655937,3.8230029013061053e-244,0.9999999998097973,1.9020269102309355e-10,1,4.475127438020924e-09,4.073436538240706e-09,0.9999999959265634
2026-01-02,3.38897044785897e-243,0.9999999999272404,7.35672347546095e-11,0.7921637271191923,0.7921637271191923,1.2623652986947935,1.2078362728808076,2.1266581581851555e-243,0.9999999999296106,7.038943063805565e-11,1,1.7435125533684508e-09,1.587013518192281e-09,0.9999999984129865
2026-01-03,9.74509695967967e-249,0.99999999998181,1.8173034804407533e-11,0.7641417966235177,0.7641417966235177,1.308657639745214,1.2358582033764822,5.69028573469946e-249,0.9999999999828378,1.7162085377554603e-11,1,4.702124202247843e-10,4.280057897357411e-10,0.9999999995719943
2026-01-04,2.882786067470629e-256,0.99999999998181,1.8430558498797383e-11,0.7952795309320544,0.7952795309320544,1.2574195123920977,1.2047204690679456,1.8232743558713133e-256,0.9999999999823419,1.7658125121366412e-11,1,4.825012077740574e-10,4.39191526210773e-10,0.9999999995608084
2026-01-05,1.455138618785452e-249,0.999999999996362,3.1308088690379045e-12,0.8191290601199632,0.8191290601199632,1.2208088428135462,1.1808709398800368,9.763578763106659e-250,0.9999999999969716,3.028386658182532e-12,1,1.1098124882513812e-10,1.0101948610067432e-10,0.9999999998989805
2026-01-06,2.787745583927778e-268,1.0,1.7927642800705413e-14,0.791430535058324,0.791430535058324,1.2635347711550018,1.208569464941676,1.746138712967598e-268,0.9999999999999828,1.7147768436564633e-14,1,5.527925068873878e-11,5.0317342395428655e-11,0.9999999999496827
2026-01-07,2.8351470453079314e-265,0.999999999998181,1.2112389323983397e-12,0.8270278153334204,0.8270278153334204,1.2091491742594473,1.1729721846665795,1.939169721112027e-265,0.999999999998825,1.1749994185453253e-12,1,6.108291448971751e-11,5.56000648452337e-11,0.9999999999443999
2026-01-08,8.199823349006172e-280,0.999999999989086,1.0465951264352854e-11,0.816741096982228,0.816741096982228,1.2243782071147078,1.183258903017772,5.469823522026892e-280,0.9999999999898855,1.0114464583038203e-11,1,2.9381393783010706e-10,2.674409715426623e-10,0.999999999732559
2026-01-09,3.058481250299548e-275,1.0,3.092795282624677e-13,0.7519090859654194,0.7519090859654194,1.3299480198673785,1.2480909140345806,1.729165205707636e-275,0.9999999999997098,2.9024365114635663e-13,1,5.555225453049406e-11,5.0565841201214136e-11,0.9999999999494341
2026-01-10,3.5978726348000062e-276,1.0,3.4580885172560873e-13,0.7539412101618438,0.7539412101618438,1.326363364307061,1.2460587898381563,2.0451292016087662e-276,0.999999999999675,3.248718796764345e-13,1,5.5587004511164823e-11,5.0597471996745186e-11,0.9999999999494025
2026-01-11,1.6266054206523589e-279,0.999999999998181,1.5495836761780288e-12,0.7512606700467088,0.7512606700467088,1.3310959030210194,1.2487393299532912,9.180440533607811e-280,0.9999999999985463,1.4537089905439066e-12,1,6.870835194579782e-11,6.254103713794756e-11,0.9999999999374589
2026-01-12,3.749098260128087e-279,0.999999999996362,3.725477563296846e-12,0.7763348240242227,0.7763348240242227,1.288104010092427,1.2236651759757773,2.25956562142641e-279,0.9999999999964608,3.5391064093952985e-12,1,1.2448632847882487e-10,1.1331233936017998e-10,0.9999999998866876
2026-01-13,8.010967714637203e-253,0.9999999999163264,8.311267860010549e-11,0.8521136530889051,0.8521136530889051,1.1735523734128752,1.147886346911095,5.816745054386619e-253,0.999999999918705,8.129497343441807e-11,1,1.9976469822867915e-09,1.8183366442301645e-09,0.9999999981816634
2026-01-14,1.4073898298344231e-246,0.9999999764349926,2.3564116010756775e-08,0.9171121104473072,0.9171121104473072,1.09037923347481,1.0828878895526928,1.18374801871303e-246,0.999999976597779,2.340222105927203e-08,1,4.346170534819091e-07,3.956054906402077e-07,0.9999996043945094
2026-01-15,6.444841152252334e-245,0.9999999997235136,2.7590080133278473e-10,0.8475467283054894,0.8475467283054894,1.1798759485501316,1.1524532716945106,4.629557912245369e-245,0.9999999997305117,2.6948831489619965e-10,1,6.235158561154331e-09,5.6754859066008224e-09,0.9999999943245141
2026-01-16,1.748321876228934e-246,0.999999999836291,1.6386940392438343e-10,0.8479866988297309,0.8479866988297309,1.1792637801749202,1.1520133011702691,1.25718581478068e-246,0.9999999998399174,1.6008270257263062e-10,1,3.798431905702333e-09,3.4574817202411957e-09,0.9999999965425183
2026-01-17,5.1669013704991326e-247,0.9999999998562998,1.4307555481787446e-10,0.8480394361923439,0.8480394361923439,1.1791904448334993,1.151960563807656,3.7158850330876314e-247,0.9999999998602283,1.397716522533486e-10,1,3.33896288082452e-09,3.0392549903774275e-09,0.999999996960745
2026-01-18,1.5328648926557012e-239,0.9999999999727152,2.7662521509948892e-11,0.8453077677934151,0.8453077677934151,1.1830010773595425,1.154692232206585,1.0953012854664075e-239,0.9999999999729994,2.7000566036751613e-11,1,7.116948283883596e-10,6.478125501865401e-10,0.9999999993521874
2026-01-19,2.4337017590475616e-231,0.9999999836873033,1.6312306094517434e-08,0.8480499101816397,0.8480499101816397,1.1791758810348967,1.1519500898183603,1.7502906836391108e-231,0.9999999840643259,1.5935674041532113e-08,1,3.0208364081019573e-07,2.7496837958769187e-07,0.9999997250316204
2026-01-20,8.530274716982334e-195,0.0220234005759872,0.977976599424237,1.1504774308896533,1.1504774308896533,0.8692043608597428,1.1504774308896533,8.576453465991e-195,0.016729112007160492,0.9832708879928396,2,0.08502058013691449,0.07738906711119009,0.9226109328888099
2026-01-21,2.3762872841656223e-185,0.999989183807262,1.0816192057637766e-05,0.9398865695299776,0.9398865695299776,1.063958175825498,1.0601134304700224,2.0991808153513897e-185,0.9999892228931779,1.0777106822011801e-05,1,0.00013404655548530006,0.00012201443299693097,0.999877985567003
2026-01-22,1.5091872150546836e-191,0.9999999935334928,6.4668104432513155e-09,0.9182525877262169,0.9182525877262169,1.0890249734838282,1.0817474122737831,1.272528270140109e-191,0.9999999935764048,6.423595081179521e-09,1,1.2762134954566458e-07,1.16165958511519e-07,0.9999998838340415
2026-01-23,1.0367268179375917e-194,0.999999961875802,3.812446312649184e-08,0.9363640117290888,0.9363640117290888,1.067960736929008,1.0636359882709112,9.089788125097712e-195,0.9999999620299235,3.797007663193646e-08,1,6.867721850636964e-07,6.251269826012022e-07,0.9999993748730174
2026-01-24,1.4768649917938865e-194,0.9999999578503784,4.215010475399827e-08,0.9350029418250418,0.9350029418250418,1.0695153515218783,1.0649970581749582,1.2911204222417137e-194,0.9999999580279634,4.197203668827183e-08,1,7.54947688426996e-07,6.871830000575074e-07,0.9999993128169999
2026-01-25,3.480508392853239e-196,0.9999999789361028,2.1064550192880873e-08,0.9309634940880078,0.9309634940880078,1.074155975342107,1.0690365059119922,3.016532355931359e-196,0.9999999790358444,2.0964155724106286e-08,1,3.91647529730589e-07,3.5649294457228264e-07,0.9999996435070554
2026-01-26,8.39935660978966e-195,0.999999931043933,6.895559465614037e-08,0.9329715795082751,0.9329715795082751,1.0718440110759349,1.0670284204917249,7.311102104917208e-195,0.9999999313542097,6.864579035057545e-08,1,1.2009380924518227e-06,1.0931409605000564e-06,0.9999989068590395
2026-01-27,3.13838809768627e-193,0.9999999529081844,4.7091743825898254e-08,0.938117364178392,0.938117364178392,1.0659647056803017,1.061882635821608,2.76198297637111e-193,0.9999999530885922,4.6911407856030584e-08,1,8.385692776113954e-07,7.632986507260223e-07,0.9999992367013493
2026-01-28,1.8030955725788002e-193,0.999998791846158,1.2081546508859994e-06,0.9367084137797641,0.9367084137797641,1.067568076990837,1.063291586220236,1.582076907560801e-193,0.9999987966849992,1.2033150007416705e-06,1,1.7605043165467875e-05,1.6024800875667566e-05,0.9999839751991243
2026-01-29,2.276650291653249e-180,0.999482942875001,0.000517057125338,1.0190421418839644,1.0190421418839644,0.9813136855667617,1.0190421418839644,2.364133410839229e-180,0.9994630743114982,0.0005369256885019353,1,0.004579644515610941,0.00416857208211554,0.9958314279178845
2026-01-30,1.59825262582934e-169,0.9999300399711988,6.99600291826431e-05,1.0704852205222335,1.0704852205222335,0.9341558209576706,1.0704852205222335,1.8314806890677682e-169,0.9999198309201036,8.0169079896328e-05,1,0.0008362703618021804,0.0007612060873777621,0.9992387939126223
2026-01-31,1.8885446690585208e-157,0.9994037015580264,0.0005962984422699,1.0760144127518592,1.0760144127518592,0.9293555812533629,1.0760144127518592,2.1863645316408808e-157,0.9993096664400839,0.0006903335599160339,1,0.005714574616856029,0.005201629979748387,0.9947983700202516
2026-02-01,3.800377701728748e-157,0.9990742164146564,0.0009257835860673,1.0740670301338384,1.0740670301338384,0.9310405886636246,1.0740670301338384,4.3835682420158964e-157,0.9989321494216171,0.0010678505783828173,1,0.008373628654898822,0.007622005270895428,0.9923779947291046
2026-02-02,8.422110962456714e-165,0.9998835907230252,0.0001164092760819,0.9939268933332283,0.9939268933332283,1.0061102146521108,1.0060731066667716,8.320124871274506e-165,0.9998835950168978,0.00011640498310215831,1,0.001170845233361243,0.0010657492597144567,0.9989342507402855
2026-02-03,2.06537676271837e-157,0.7828774095244878,0.2171225904753276,1.0936599072153816,1.0936599072153816,0.9143610307029966,1.0936599072153816,2.3694969041484418e-157,0.7509068005225105,0.2490931994774896,1,0.5613367279119899,0.510950709091849,0.48904929090815097
2026-02-04,8.094517133143943e-149,0.016205743055048,0.9837942569458018,1.1175126803796656,1.1175126803796656,0.8948444322441678,1.1175126803796656,8.120739407412504e-149,0.013018731104611079,0.986981268895389,2,0.06945269522729476,0.06321856759084223,0.9367814324091578
2026-02-05,2.783460414034767e-129,7.283704061723603e-17,1.0,1.239381755368009,1.239381755368009,0.8068538976540529,1.239381755368009,2.7834604140347672e-129,4.741787577642148e-17,1.0,2,5.526204223185709e-11,5.030167858294522e-11,0.9999999999496983
2026-02-06,2.517928101334853e-127,1.573487955999738e-18,1.0,1.2370912387577941,1.2370912387577941,0.8083478151572187,1.2370912387577941,2.517928101334853e-127,1.0281582405237712e-18,1.0,2,5.526204223185709e-11,5.030167858294522e-11,0.9999999999496983
2026-02-07,6.0622067584555976e-127,4.656667821611369e-18,1.0,1.2245459050975127,1.2245459050975127,0.8166292466760308,1.2245459050975127,6.062206758455598e-127,3.105454127405852e-18,1.0,2,5.526204223185709e-11,5.030167858294522e-11,0.9999999999496983
2026-02-08,1.521635745850884e-127,1.2122282462974333e-17,1.0,1.2105150205212805,1.2105150205212805,0.8260946647067403,1.2105150205212805,1.521635745850884e-127,8.272638254764337e-18,1.0,2,5.526204223185709e-11,5.030167858294522e-11,0.9999999999496983
2026-02-09,9.028200853625468e-138,1.2068024515040268e-08,0.9999999879328244,0.9868046333188721,0.9868046333188721,1.013371812652266,1.0131953666811278,8.793043006155572e-138,1.2070126137628777e-08,0.9999999879298738,2,2.3216672246970535e-07,2.1132725790931219e-07,0.9999997886727421
2026-02-10,1.8757376017920334e-145,1.10207468108468e-10,0.9999999998890416,1.0191971008804876,1.0191971008804876,0.9811644863747128,1.0191971008804876,1.8757376018011556e-145,1.0609493860256583e-10,0.999999999893905,2,2.5703752661156167e-09,2.33965639436983e-09,0.9999999976603436
2026-02-11,3.433410476891905e-146,1.7778533036951282e-10,0.999999999821739,1.007025465713878,1.007025465713878,0.9930235471166584,1.007025465713878,3.4334104769020253e-146,1.7531336137980247e-10,0.9999999998246867,2,4.141261899040973e-09,3.769539028242243e-09,0.999999996230461
2026-02-12,2.8585728031115623e-148,2.8671273990506634e-20,1.0,1.2008582691394554,1.2008582691394554,0.8327377390810724,1.2008582691394554,2.858572803111562e-148,1.9882156365162005e-20,1.0,2,5.526204223185709e-11,5.030167858294522e-11,0.9999999999496983
2026-02-13,1.267972508623269e-147,2.8552036040667613e-19,1.0,1.1542351409768419,1.1542351409768419,0.866374592575382,1.1542351409768419,1.267972508623269e-147,2.1431299146719824e-19,1.0,2,5.526204223185709e-11,5.030167858294522e-11,0.9999999999496983
2026-02-14,1.7570801718368776e-147,8.611509219839101e-19,1.0,1.1422778400408349,1.1422778400408349,0.8754437536530091,1.1422778400408349,1.7570801718368776e-147,6.59987587237439e-19,1.0,2,5.526204223185709e-11,5.030167858294522e-11,0.9999999999496983
2026-02-15,4.342734914349842e-149,2.5777297485035786e-19,1.0,1.1585656419190422,1.1585656419190422,0.8631362469403159,1.1585656419190422,4.342734914349842e-149,1.9204194395618509e-19,1.0,2,5.526204223185709e-11,5.030167858294522e-11,0.9999999999496983
2026-02-16,4.0841993282356345e-155,3.990723148654356e-20,1.0,1.1460009761547325,1.1460009761547325,0.8725996057659383,1.1460009761547325,4.0841993282356345e-155,3.038656614343596e-20,1.0,2,5.526204223185709e-11,5.030167858294522e-11,0.9999999999496983
2026-02-17,1.849448729736883e-170,1.2153235838779039e-21,1.0,1.1256829522948033,1.1256829522948033,0.8883495996465189,1.1256829522948033,1.849448729736883e-170,9.590908496730661e-22,1.0,2,5.526204223185709e-11,5.030167858294522e-11,0.9999999999496983
2026-02-18,7.743623587975003e-162,1.9295209215349106e-18,1.0,1.0953087606081378,1.0953087606081378,0.9129845719893445,1.0953087606081378,7.743623587975003e-162,1.608334467911995e-18,1.0,2,5.526204223185709e-11,5.030167858294522e-11,0.9999999999496983
2026-02-19,1.2443605375572612e-145,1.940484229546109e-16,1.0,1.0776897461397252,1.0776897461397252,0.9279108422270795,1.0776897461397252,1.2443605375572608e-145,1.6707928809902989e-16,0.9999999999999998,2,5.526226427646202e-11,5.030188069665469e-11,0.9999999999496981
2026-02-20,1.725131127807017e-138,2.649561569487246e-13,1.0,1.0329306741204412,1.0329306741204412,0.9681191826852444,1.0329306741204412,1.725131127806589e-138,2.48331417140827e-13,0.9999999999997518,2,5.5510288100163244e-11,5.052764171012552e-11,0.9999999999494723
2026-02-21,9.175330183001714e-139,6.508522005879753e-13,1.0,1.024990150810559,1.024990150810559,0.9756191307879428,1.024990150810559,9.175330182996029e-139,6.19502399809914e-13,0.9999999999993804,2,5.58816577019002e-11,5.086567688920328e-11,0.9999999999491344
2026-02-22,8.504756735680628e-137,1.5292471894009368e-13,1.0,1.0149884691292124,1.0149884691292124,0.9852328675792037,1.0149884691292124,8.504756735679365e-137,1.4844154780825338e-13,0.9999999999998515,2,5.5410590072551925e-11,5.0436892654576374e-11,0.9999999999495631
2026-02-23,5.4024619205899625e-140,2.011333690348186e-15,1.0,1.073570081696276,1.073570081696276,0.9314715611485438,1.073570081696276,5.402461920589953e-140,1.7451120932683701e-15,0.9999999999999983,2,5.526370756639403e-11,5.0303194435766197e-11,0.9999999999496968
2026-02-24,2.2213310162945888e-142,6.219114919983106e-09,0.9999999937808752,0.9594312386590358,0.9594312386590358,1.0422841780695673,1.0405687613409642,2.0481244945955916e-142,6.229367364704493e-09,0.9999999937706326,2,1.239546096296348e-07,1.1282834800611031e-07,0.999999887171652
2026-02-25,2.4878334089520676e-129,0.3091633653106826,0.6908366346899151,0.8480140909535852,0.8480140909535852,1.1792256881905203,1.1519859090464148,1.8180836267585087e-129,0.314177043553648,0.685822956446352,2,0.6224021128828565,0.5665348178814008,0.4334651821185992
2026-02-26,1.2531095104897e-164,0.236948754326239,0.7630512456738793,0.9127405694754236,0.9127405694754236,1.0956015689920815,1.0872594305245764,1.050060587309681e-164,0.23833347924412393,0.7616665207558762,2,0.5491513384921669,0.4998590896502026,0.5001409103497974
2026-02-27,1.406314791906629e-162,0.008538184498446,0.9914618155023744,0.9572642783181474,0.9572642783181474,1.044643598063574,1.0427357216818525,1.2910211627860792e-162,0.008553673047055533,0.9914463269529445,2,0.04924439739340197,0.04482418219907486,0.9551758178009251
2026-02-28,4.920012436860544e-162,0.0003753499592513,0.9996246500406047,0.9564660248481142,0.9564660248481142,1.0455154433308793,1.043533975151886,4.509504717453935e-162,0.00037606240783835405,0.9996239375921616,2,0.0033415278973081084,0.0030415897689977343,0.9969584102310023
2026-03-01,1.483661296939179e-165,2.5781750618122714e-05,0.9999742182493976,0.9499749285035392,0.9499749285035392,1.0526593597320126,1.050025071496461,1.3422926571749863e-165,2.58464298422553e-05,0.9999741535701577,2,0.0002988706999612086,0.00027204383479411206,0.9997279561652059
2026-03-02,2.1728164046516627e-155,3.49291547921609e-05,0.9999650708457402,0.9956508193784157,0.9956508193784157,1.0043681786193874,1.0043491806215843,2.153998304534773e-155,3.49298154795207e-05,0.9999650701845205,2,0.0003933849299530253,0.00035807439440709433,0.999641925605593
2026-03-03,7.086873924731332e-161,6.072584576932354e-07,0.999999392741486,1.0316406015397463,1.0316406015397463,0.9693298213617009,1.0316406015397463,7.0868741846657115e-161,5.705802515214045e-07,0.9999994294197484,2,8.773618615842151e-06,7.986091823602983e-06,0.9999920139081764
2026-03-04,4.211203835216595e-149,0.8825297089421874,0.1174702910582798,0.8703565814890903,0.8703565814890903,1.1489543725734839,1.1296434185109097,3.1963844193349595e-149,0.8842755979625857,0.11572440203741417,1,0.35831870009306255,0.32615573645864293,0.6738442635413571
2026-03-05,1.3083106162979344e-152,0.0047969484111771,0.9952030515879304,1.0103023085164675,1.0103023085164675,0.9898027467327126,1.0103023085164675,1.308437969955517e-152,0.004700073291529795,0.9952999267084701,2,0.02988223621414126,0.02719998358144041,0.9728000164185596
2026-03-06,7.033644681968287e-141,3.783819522476734e-25,1.0,1.2553839107074842,1.2553839107074842,0.7965690745840768,1.2553839107074842,7.033644681968287e-141,2.400917830557382e-25,1.0,2,5.526204223185709e-11,5.030167858294522e-11,0.9999999999496983
2026-03-07,1.0208945244564466e-141,8.992995312307349e-24,1.0,1.2325041562152785,1.2325041562152785,0.8113562903274563,1.2325041562152785,1.0208945244564466e-141,5.9200800895728815e-24,1.0,2,5.526204223185709e-11,5.030167858294522e-11,0.9999999999496983
2026-03-08,6.294660450135419e-141,2.214418347889257e-22,1.0,1.2130647500363212,1.2130647500363212,0.8243583040147349,1.2130647500363212,6.294660450135419e-141,1.5048447773216073e-22,1.0,2,5.526204223185709e-11,5.030167858294522e-11,0.9999999999496983
2026-03-09,2.5195388884511174e-131,1.894522111530153e-08,0.9999999810552256,1.0320940064865913,1.0320940064865913,0.9689039890892843,1.0320940064865913,2.519538891372461e-131,1.7785298837810968e-08,0.9999999822147011,2,3.351896956819374e-07,3.0510280937081167e-07,0.9999996948971906
2026-03-10,3.099174090145358e-132,8.242596402695365e-07,0.9999991757398434,1.0032401986474386,1.0032401986474386,0.9967702663312266,1.0032401986474386,3.099174106621177e-132,8.189439643995454e-07,0.9999991810560356,2,1.2296675800448465e-05,1.1192916670681157e-05,0.9999888070833293
2026-03-11,2.146344113253112e-131,0.0001211013041744,0.9998788986950868,0.9738685716218103,0.9738685716218103,1.0268326026115335,1.0261314283781897,2.0370264909609494e-131,0.00012118404486603132,0.9998788159551341,2,0.0012140386993075767,0.0011050656467527801,0.9988949343532472
2026-03-12,2.9536903688731104e-131,9.174450085221804e-15,1.0,1.1238608627890283,1.1238608627890283,0.8897898602130792,1.1238608627890283,2.953690368873089e-131,7.26365062540108e-15,0.9999999999999927,2,5.526936970381962e-11,5.0308348335357524e-11,0.9999999999496917
2026-03-13,1.7984050992496422e-131,1.8658176094663343e-14,1.0,1.1085261550585184,1.1085261550585184,0.9020986969380174,1.1085261550585184,1.7984050992496146e-131,1.518368895982169e-14,0.9999999999999848,2,5.5277252287294456e-11,5.031552337204348e-11,0.9999999999496845
2026-03-14,4.573545657328451e-131,8.267053785350427e-14,1.0,1.0945468217879495,1.0945468217879495,0.9136201212173759,1.0945468217879495,4.573545657328136e-131,6.900524062683873e-14,0.999999999999931,2,5.5330987081686314e-11,5.036443488973368e-11,0.9999999999496355
2026-03-15,3.2665546000167023e-139,2.5794054717257363e-11,0.999999999974534,1.0722454792384695,1.0722454792384695,0.9326222580208222,1.0722454792384695,3.2665546000266018e-139,2.2435263211442258e-11,0.9999999999775647,2,6.001876366058573e-10,5.463143301751048e-10,0.9999999994536857
2026-03-16,1.6448578713906076e-133,1.928369026748772e-05,0.9999807163098332,0.9737673585947122,0.9737673585947122,1.026939331220904,1.0262326414052878,1.5607658719808336e-133,1.9296969249266885e-05,0.9999807030307508,2,0.00022877626659481982,0.00020824113197584395,0.9997917588680242
2026-03-17,1.2552572776692126e-146,6.19247633277317e-05,0.999938075236262,0.9236513925763223,0.9236513925763223,1.0826595488701858,1.0763486074236777,1.0771786237278e-146,6.228782340926998e-05,0.9999377121765907,2,0.0006654652848339433,0.0006057326062142565,0.9993942673937858
2026-03-18,9.147067783456871e-146,2.582035174978275e-09,0.999999997418854,1.0031062056152833,1.0031062056152833,0.9969034130205804,1.0031062056152833,9.147067783594782e-146,2.5660689407608476e-09,0.9999999974339311,2,5.3352829187108866e-08,4.856383797762773e-08,0.999999951436162
2026-03-19,2.0334903709809607e-158,2.474265372710444e-09,0.9999999975261744,0.9671954954093775,0.9671954954093775,1.0339171395507147,1.0328045045906225,1.9043126923082162e-158,2.476930886013342e-09,0.999999997523069,2,5.158803275622038e-08,4.695745103922199e-08,0.999999953042549
2026-03-20,1.724824762865651e-157,5.993820622145333e-15,1.0,1.042327772624002,1.042327772624002,0.9593911111881399,1.042327772624002,1.7248247628656415e-157,5.516900132542771e-15,0.9999999999999944,2,5.526759334698022e-11,5.030673142568181e-11,0.9999999999496932
2026-03-21,3.604879302734899e-156,6.659237503241827e-15,1.0,1.0351218661355617,1.0351218661355617,0.9660698249311622,1.0351218661355617,3.604879302734877e-156,6.215005806948441e-15,0.9999999999999938,2,5.526825948079499e-11,5.0307337766810205e-11,0.9999999999496927
2026-03-22,5.089645694875371e-165,1.2478589198640696e-16,1.0,1.055358933508046,1.055358933508046,0.9475449235796667,1.055358933508046,5.08964569487537e-165,1.120379377403347e-16,0.9999999999999998,2,5.526226427646202e-11,5.030188069665469e-11,0.9999999999496981
2026-03-23,1.331744098655388e-153,1.1111747411352073e-12,0.999999999998181,1.0116074525936538,1.0116074525936538,0.9885257344003412,1.0116074525936538,1.3317440986563644e-153,1.0858212088220097e-12,0.9999999999989142,2,5.862976518348393e-11,5.336711211792749e-11,0.9999999999466329
2026-03-24,1.721121510282265e-170,2.55972474485272e-15,1.0,1.0436224535887282,1.0436224535887282,0.9582009246363734,1.0436224535887282,1.721121510282261e-170,2.350208745411921e-15,0.9999999999999977,2,5.5264373700208805e-11,5.030380077689459e-11,0.9999999999496962
2026-03-25,2.584406217194825e-162,1.6843667975418434e-10,0.999999999830834,0.970262580685013,0.970262580685013,1.0306488366211053,1.029737419314987,2.43513792817532e-162,1.6858576252240688e-10,0.9999999998314142,2,3.989999440053957e-09,3.6318540045562275e-09,0.999999996368146
2026-03-26,2.069793825048204e-169,7.102177917147274e-16,1.0,1.0328734152387966,1.0328734152387966,0.968172851819217,1.0328734152387966,2.0697938250482025e-169,6.657288053620975e-16,0.9999999999999993,2,5.526270836567187e-11,5.030228492407361e-11,0.9999999999496977
2026-03-27,8.28034979137976e-151,3.080326658388258e-25,1.0,1.166083406660176,1.166083406660176,0.8575715890376472,1.166083406660176,8.28034979137976e-151,2.265361647461354e-25,1.0,2,5.526204223185709e-11,5.030167858294522e-11,0.9999999999496983
2026-03-28,1.2832217914460995e-151,4.092913578056954e-24,1.0,1.1294263551678951,1.1294263551678951,0.8854052284368242,1.1294263551678951,1.2832217914460995e-151,3.2086085692705362e-24,1.0,2,5.526204223185709e-11,5.030167858294522e-11,0.9999999999496983
2026-03-29,1.6424433398364116e-158,1.0264767360326595e-24,1.0,1.140681914387892,1.140681914387892,0.876668585156464,1.140681914387892,1.6424433398364116e-158,7.8889644564643305e-25,1.0,2,5.526204223185709e-11,5.030167858294522e-11,0.9999999999496983
2026-03-30,1.3127963164865214e-165,1.3650817792669186e-25,1.0,1.120410797330324,1.120410797330324,0.8925297778125357,1.120410797330324,1.3127963164865214e-165,1.0874369829781617e-25,1.0,2,5.526204223185709e-11,5.030167858294522e-11,0.9999999999496983
2026-03-31,2.33486505626422e-130,5.395877103365758e-16,1.0,1.0426221614931392,1.0426221614931392,0.9591202229654316,1.0426221614931392,2.3348650562642187e-130,4.963729950898695e-16,0.9999999999999996,2,5.526248632106694e-11,5.030208281036415e-11,0.9999999999496979
2026-04-01,4.178300043975409e-124,1.3323794777325078e-11,0.9999999999872672,1.0139889434264304,1.0139889434264304,0.9862040473743633,1.0139889434264304,4.178300043974466e-124,1.2958701789566205e-11,0.9999999999870414,2,3.654546367784968e-10,3.326511459484507e-10,0.9999999996673489
2026-04-02,1.4678021968020063e-126,1.2316580393035975e-10,0.9999999998763088,0.966216650381406,0.966216650381406,1.0349645699080618,1.033783349618594,1.3718686052936414e-126,1.2330653549338393e-10,0.9999999998766934,2,2.964342396060675e-09,2.6982607300474147e-09,0.9999999973017393
2026-04-03,8.215575555531032e-127,1.5753560961975186e-10,0.999999999841748,0.9659446106947419,0.9659446106947419,1.035256047736282,1.0340553893052582,7.6744350580259e-127,1.5771852676318505e-10,0.9999999998422814,2,3.74508977257659e-09,3.4089276182381933e-09,0.9999999965910724
2026-04-04,1.6543516577994976e-129,2.283991399283857e-10,0.9999999997708072,0.9650051349358243,0.9650051349358243,1.0362639159080775,1.0349948650641756,1.5424790002875416e-129,2.2867918974426203e-10,0.9999999997713208,2,5.3326911687527284e-09,4.854024685285249e-09,0.9999999951459753
2026-04-05,1.979524072557452e-135,4.3953766393786527e-11,0.9999999999563444,0.9850120060111413,0.9850120060111413,1.0152160520860587,1.0149879939888589,1.9210621102952297e-135,4.396364238480726e-11,0.9999999999560364,2,1.1200245455203881e-09,1.0194902761175531e-09,0.9999999989805097
2026-04-06,8.727175739424682e-135,7.56772178708832e-11,0.9999999999236024,0.990692474958783,0.990692474958783,1.0093949689499804,1.009307525041217,8.566217052968055e-135,7.568377435800462e-11,0.9999999999243162,2,1.867084103009473e-09,1.6994931899706051e-09,0.9999999983005068
2026-04-07,9.736752817191628e-127,1.5474077260911035e-05,0.9999845259222992,0.9580656183228953,0.9580656183228953,1.0437698429785127,1.0419343816771047,8.953008959129337e-127,1.550133581982217e-05,0.9999844986641802,2,0.00018717209446918618,0.00017037138251575735,0.9998296286174843
2026-04-08,4.0542940427714985e-108,0.7006053958354748,0.2993946041638606,0.8091298118461835,0.8091298118461835,1.2358956317754624,1.1908701881538164,2.683580851489483e-108,0.7083314310917624,0.2916685689082375,1,0.6036389393842233,0.5494558413469397,0.4505441586530603
2026-04-09,1.2936898377143814e-113,0.9976820530640204,0.0023179469361139,0.7301556816000294,0.7301556816000294,1.3695709356238195,1.2698443183999706,6.898178251628346e-114,0.9978504737817904,0.0021495262182096328,1,0.015350695972134,0.013972805629858958,0.9860271943701411
2026-04-10,5.987991323716784e-119,0.999993438955849,6.561043319161478e-06,0.727497959352525,0.727497959352525,1.3745743024351607,1.272502040647475,3.1691655978892275e-119,0.9999939261594916,6.073840508497683e-06,1,7.902990309616815e-05,7.193611787464999e-05,0.9999280638821253
2026-04-11,4.647496023450989e-122,0.9999989906287374,1.0093712175349234e-06,0.731772286159228,0.731772286159228,1.366545329625134,1.268227713840772,2.488690981004533e-122,0.9999990632490434,9.36750956475339e-07,1,1.3939676143834364e-05,1.2688440032592366e-05,0.9999873115599675
2026-04-12,1.3387797727408324e-126,0.999989139706342,1.0860294291657234e-05,0.7647481217748469,0.7647481217748469,1.3076200797710684,1.2352518782251531,7.829720175460346e-127,0.9999897407456549,1.0259254344997278e-05,1,0.00012811067363542423,0.00011661136049255172,0.9998833886395074
2026-04-13,2.20723742814772e-115,0.9999993699659336,6.300334621932139e-07,0.7427928017118028,0.7427928017118028,1.346270450784459,1.2572071982881972,1.217823759466899e-115,0.999999411646719,5.883532810104018e-07,1,9.028860578321535e-06,8.218423070132932e-06,0.9999917815769299
2026-04-14,7.159708516917174e-117,0.999999663650726,3.363489365747749e-07,0.7314317174509146,0.7314317174509146,1.3671816194751065,1.2685682825490854,3.830389429926085e-117,0.9999996879115423,3.120884578036778e-07,1,4.987194637385921e-06,4.539540189771671e-06,0.9999954604598102
2026-04-15,3.319267276419374e-136,0.999999999809006,1.918650539541124e-10,0.7030389268426597,0.7030389268426597,1.4223963450942743,1.2969610731573402,1.640593433752545e-136,0.9999999998250546,1.7494526553020447e-10,1,4.132992610898758e-09,3.7620119977989184e-09,0.999999996237988
2026-04-16,3.818494409932493e-161,1.0,7.94973438852412e-14,0.6753049472319251,0.6753049472319251,1.480812489378317,1.324695052768075,1.741373863673491e-161,0.999999999999929,7.111618716640189e-14,1,5.5333096505433095e-11,5.0366354969973575e-11,0.9999999999496336
2026-04-17,1.468981146115525e-162,1.0,2.0164873717925806e-14,0.6737977565272445,0.6737977565272445,1.4841248584055886,1.3262022434727556,6.669224594060045e-163,0.999999999999982,1.8019171778301393e-14,1,5.528002784485602e-11,5.031804979341178e-11,0.9999999999496819
2026-04-18,9.476852985962291e-163,1.0,7.85421918457887e-15,0.6888245833339027,0.6888245833339027,1.4517484192564847,1.3111754166660972,4.4965706335780623e-163,0.999999999999993,7.093694041837671e-15,1,5.526903663691223e-11,5.0308045164793327e-11,0.9999999999496919
2026-04-19,2.404821422450081e-160,1.0,8.240731344024992e-16,0.700792505235203,0.700792505235203,1.4269558999698144,1.2992074947647971,1.1810321743774461e-160,0.9999999999999992,7.502978840990758e-16,1,5.526281938797433e-11,5.030238598092835e-11,0.9999999999496976
2026-04-20,9.66704680329239e-187,1.0,2.5586661989853195e-16,0.723943118728235,0.723943118728235,1.3813239937368553,1.276056881271765,5.066437739009196e-187,0.9999999999999999,2.363676896149446e-16,1,5.5262153254159554e-11,5.0301779639799953e-11,0.9999999999496982
2026-04-21,1.8676641997064375e-193,1.0,1.1188965648662624e-14,0.7904668255012451,0.7904668255012451,1.2650752286357965,1.209533174498755,1.1669871938258277e-193,0.9999999999999893,1.0697723608878305e-14,1,5.5272700372893493e-11,5.031138004099948e-11,0.9999999999496886
2026-04-22,2.634679683950291e-186,1.0,2.0861156905937122e-16,0.7778674602524798,0.7778674602524798,1.2855660521850607,1.2221325397475202,1.5941861492451713e-186,0.9999999999999998,1.9831807652505096e-16,1,5.526226427646202e-11,5.030188069665469e-11,0.9999999999496981
2026-04-23,1.8617462729852561e-187,1.0,6.050914037439931e-16,0.8010849329928282,0.8010849329928282,1.2483070880687162,1.1989150670071718,1.1947515980634585e-187,0.9999999999999994,5.811496288045257e-16,1,5.5262597343369404e-11,5.030218386721888e-11,0.9999999999496978
2026-04-24,6.3250814832842545e-183,1.0,1.9132157700531731e-16,0.7886335692207076,0.7886335692207076,1.2680160204036905,1.2113664307792924,3.933839561574478e-183,0.9999999999999998,1.8277413860608207e-16,1,5.526226427646202e-11,5.030188069665469e-11,0.9999999999496981
2026-04-25,3.998110758826301e-185,1.0,2.5559692311254326e-16,0.7955798302818178,0.7955798302818178,1.2569448871595583,1.2044201697181822,2.5305932753686123e-185,0.9999999999999998,2.449161396489901e-16,1,5.526226427646202e-11,5.030188069665469e-11,0.9999999999496981
2026-04-26,3.991983534617016e-184,1.0,1.5539887320776926e-16,0.7753611276241655,0.7753611276241655,1.2897216076129132,1.2246388723758344,2.399920135157361e-184,0.9999999999999998,1.4755703845721345e-16,1,5.526226427646202e-11,5.030188069665469e-11,0.9999999999496981
2026-04-27,2.511638043939159e-190,1.0,1.1643731539870709e-15,0.8187807073599216,0.8187807073599216,1.2213282396753122,1.1812192926400784,1.6838067830113415e-190,0.9999999999999989,1.126134636571857e-15,1,5.526315245488172e-11,5.030268915149254e-11,0.9999999999496973
2026-04-28,1.9540880085937573e-208,1.0,2.16214753983718e-14,0.7929170197087712,0.7929170197087712,1.261166017557913,1.2070829802912288,1.2285691324152947e-208,0.9999999999999792,2.0694273869428224e-14,1,5.528280340241758e-11,5.032057621478007e-11,0.9999999999496795
2026-04-29,3.861652828216229e-210,1.0,2.67995614435596e-13,0.8283565659815637,0.8283565659815637,1.207209601598373,1.1716434340184363,2.649768086302527e-210,0.9999999999997399,2.6010007009833576e-13,1,5.5522167486526734e-11,5.053845479358183e-11,0.9999999999494615
2026-04-30,4.241587742979642e-207,1.0,8.934533538736995e-15,0.7687671387312796,0.7687671387312796,1.3007840080812134,1.2312328612687204,2.5067907143616364e-207,0.9999999999999915,8.456816215958273e-15,1,5.5270590949146705e-11,5.030945996075957e-11,0.9999999999496906
2026-05-01,4.988147233969177e-208,1.0,4.754670556989698e-15,0.7753669023179748,0.7753669023179748,1.2897120021637243,1.2246330976820252,2.9988433562066314e-208,0.9999999999999956,4.514749744822963e-15,1,5.526648312395559e-11,5.030572085713449e-11,0.9999999999496942
2026-05-02,1.266261462962248e-214,1.0,1.5531418769928219e-15,0.7770411502433858,0.7770411502433858,1.2869331304870775,1.2229588497566142,7.645597431442738e-215,0.9999999999999984,1.4759341867879903e-15,1,5.526359654409157e-11,5.030309337891147e-11,0.9999999999496969
2026-05-03,1.2701720210853846e-233,1.0,4.324448714542099e-15,0.7698460989645382,0.7698460989645382,1.298960923936647,1.2301539010354618,7.527839809707574e-234,0.9999999999999959,4.095379128033865e-15,1,5.5266150057048205e-11,5.0305417686570296e-11,0.9999999999496946
2026-05-04,6.0309911949602e-243,1.0,2.56386081576505e-13,0.8133512950257955,0.8133512950257955,1.2294810448027687,1.1866487049742045,3.989743900033642e-243,0.9999999999997525,2.4745417016567413e-13,1,5.550951094404601e-11,5.05269343121424e-11,0.9999999999494731
2026-05-05,1.4716762434997133e-241,1.0,5.82078208363378e-14,0.7867970991851507,0.7867970991851507,1.27097570775954,1.2132029008148493,9.110407006648143e-242,0.9999999999999445,5.5561956579985665e-14,1,5.531755338308835e-11,5.035220701031113e-11,0.9999999999496478
2026-05-06,1.6681766303203014e-230,1.0,4.69664821314073e-15,0.771302351121967,0.771302351121967,1.2965084296000917,1.228697648878033,9.92410483169505e-231,0.9999999999999956,4.4510012317260416e-15,1,5.526648312395559e-11,5.030572085713449e-11,0.9999999999496942
2026-05-07,3.905016567581422e-236,1.0,1.0069357241894497e-13,0.7909595539004188,0.7909595539004188,1.264287149790088,1.2090404460995812,2.4430448120749095e-236,0.9999999999999037,9.629347394455692e-14,1,5.5358298568092086e-11,5.03892948759977e-11,0.9999999999496108
2026-05-08,2.674382289653467e-232,1.0,2.5010824867440144e-14,0.7979835905363586,0.7979835905363586,1.2531586010783224,1.2020164094636414,1.702987299554981e-232,0.9999999999999761,2.3990117355468456e-14,1,5.528591202688653e-11,5.032340580671256e-11,0.9999999999496766
2026-05-09,2.0665144454204686e-241,1.0,1.3697106172764716e-14,0.7969383479864061,0.7969383479864061,1.254802209639757,1.203061652013594,1.3124654990018044e-241,0.9999999999999869,1.3132319224033342e-14,1,5.527514286354767e-11,5.031360329180358e-11,0.9999999999496864
2026-05-10,2.758087609784094e-245,1.0,7.813193211151614e-15,0.7985435764447988,0.7985435764447988,1.2522798122703669,1.2014564235552012,1.7587548106138051e-245,0.9999999999999926,7.496097182144168e-15,1,5.526948072612208e-11,5.030844939221225e-11,0.9999999999496916
2026-05-11,2.302743353691175e-241,1.0,1.1782684879936622e-15,0.8059316053288241,0.8059316053288241,1.2408000795452052,1.1940683946711759,1.4956911095467042e-241,0.9999999999999989,1.133891901800903e-15,1,5.526315245488172e-11,5.030268915149254e-11,0.9999999999496973
2026-05-12,1.3106462395164894e-246,1.0,2.7908665636287038e-14,0.8249371203013824,0.8249371203013824,1.2122136043952783,1.1750628796986176,8.919226204361106e-247,0.9999999999999729,2.7053348429858744e-14,1,5.5289131673657946e-11,5.032633645549979e-11,0.9999999999496737
2026-05-13,3.930036081859475e-244,1.0,4.553093480177653e-15,0.8204419515877386,0.8204419515877386,1.218855274361308,1.1795580484122614,2.6454055215871326e-244,0.9999999999999957,4.406296770985536e-15,1,5.526637210165313e-11,5.0305619800279765e-11,0.9999999999496944
2026-05-14,3.055692030499313e-245,1.0,2.6100902161693768e-15,0.803528953520223,0.803528953520223,1.2445102265687458,1.196471046479777,1.9729343858562186e-245,0.9999999999999976,2.5093384575528735e-15,1,5.526448472251127e-11,5.0303901833749325e-11,0.9999999999496961
2026-05-15,6.904889155601836e-231,1.0,3.364133678607688e-13,0.871804875342949,0.871804875342949,1.1470456615726332,1.128195124657051,5.248017782745581e-231,0.9999999999996692,3.308847539421338e-13,1,5.559288869319533e-11,5.060282801004597e-11,0.9999999999493971
2026-05-16,9.319943463309439e-228,0.999999999998181,1.9853626318700765e-12,0.9021563955739523,0.9021563955739523,1.1084552577647022,1.0978436044260476,7.585373016107649e-228,0.9999999999980337,1.9663560189701286e-12,1,8.260014706733463e-11,7.51858939858337e-11,0.9999999999248141
2026-05-18,8.985712544904149e-216,0.9999999999599822,3.9480591237273625e-11,0.9041659217779495,0.9041659217779495,1.1059916945703976,1.0958340782220506,7.345963903606073e-216,0.999999999960882,3.911799475402337e-11,1,1.0041898439896482e-09,9.140529869796617e-10,0.9999999990859471
