Date,state_0_filtered_probability,state_1_filtered_probability,state_2_filtered_probability,macro_stress_evidence,state_0_likelihood,state_1_likelihood,state_2_likelihood,posterior_state_0_probability,posterior_state_1_probability,posterior_state_2_probability,bayesian_most_likely_state,posterior_entropy,posterior_normalized_entropy,bayesian_confidence,calibrated_state_0_probability,calibrated_state_1_probability,calibrated_state_2_probability,calibrated_most_likely_state,calibrated_regime_entropy,calibrated_normalized_entropy,calibrated_regime_confidence,calibrated_max_probability
2024-08-03,0.0,0.0,1.0,0.8790062526672783,0.8790062526672783,1.1376483352258022,1.1209937473327218,0.0,0.0,1.0,2,5.5262042231857085e-11,5.030167858294522e-11,0.9999999999496983,0.15056638178790074,0.15056638178790074,0.6988672364241985,2,0.8205503633206592,0.7468971281173672,0.2531028718826328,0.6988672364241985
2024-08-04,1.0880159068581758e-127,1.3256749046413158e-32,1.0,0.8790062526672783,0.8790062526672783,1.1376483352258022,1.1209937473327218,8.531472966779492e-128,1.3453704375285714e-32,1.0,2,5.5262042231857085e-11,5.030167858294522e-11,0.9999999999496983,0.15056638178790074,0.15056638178790074,0.6988672364241985,2,0.8205503633206592,0.7468971281173672,0.2531028718826328,0.6988672364241985
2024-08-05,8.98655951108352e-112,1.2977397264287563e-133,1.0,0.8790062526672783,0.8790062526672783,1.1376483352258022,1.1209937473327218,7.04664233766189e-112,1.3170202267772875e-133,1.0,2,5.5262042231857085e-11,5.030167858294522e-11,0.9999999999496983,0.15056638178790074,0.15056638178790074,0.6988672364241985,2,0.8205503633206592,0.7468971281173672,0.2531028718826328,0.6988672364241985
2024-08-06,2.618274253848277e-105,2.14739714950418e-45,1.0,0.8790062526672783,0.8790062526672783,1.1376483352258022,1.1209937473327218,2.0530707203376456e-105,2.1793009979001802e-45,1.0,2,5.5262042231857085e-11,5.030167858294522e-11,0.9999999999496983,0.15056638178790074,0.15056638178790074,0.6988672364241985,2,0.8205503633206592,0.7468971281173672,0.2531028718826328,0.6988672364241985
2024-08-07,2.633070144693088e-103,3.5189221458769053e-43,1.0,0.8790062526672783,0.8790062526672783,1.1376483352258022,1.1209937473327218,2.064672641041768e-103,3.5712027213099625e-43,1.0,2,5.5262042231857085e-11,5.030167858294522e-11,0.9999999999496983,0.15056638178790074,0.15056638178790074,0.6988672364241985,2,0.8205503633206592,0.7468971281173672,0.2531028718826328,0.6988672364241985
2024-08-08,1.3239839814991549e-78,4.2394274851656395e-30,1.0,0.8790062526672783,0.8790062526672783,1.1376483352258022,1.1209937473327218,1.038177243127522e-78,4.3024125980050576e-30,1.0,2,5.5262042231857085e-11,5.030167858294522e-11,0.9999999999496983,0.15056638178790074,0.15056638178790074,0.6988672364241985,2,0.8205503633206592,0.7468971281173672,0.2531028718826328,0.6988672364241985
2024-08-09,2.784571115963927e-79,5.4191416628961005e-24,1.0,0.8790062526672783,0.8790062526672783,1.1376483352258022,1.1209937473327218,2.183469290308632e-79,5.499653772213842e-24,1.0,2,5.5262042231857085e-11,5.030167858294522e-11,0.9999999999496983,0.15056638178790074,0.15056638178790074,0.6988672364241985,2,0.8205503633206592,0.7468971281173672,0.2531028718826328,0.6988672364241985
2024-08-10,4.5845706276397076e-79,1.4408449130863208e-23,1.0,0.8790062526672783,0.8790062526672783,1.1376483352258022,1.1209937473327218,3.594905196463998e-79,1.4622515251235344e-23,1.0,2,5.5262042231857085e-11,5.030167858294522e-11,0.9999999999496983,0.15056638178790074,0.15056638178790074,0.6988672364241985,2,0.8205503633206592,0.7468971281173672,0.2531028718826328,0.6988672364241985
2024-08-11,2.1927804880934545e-82,2.014131160453364e-24,1.0,0.8790062526672783,0.8790062526672783,1.1376483352258022,1.1209937473327218,1.7194277526945577e-82,2.044055077977238e-24,1.0,2,5.5262042231857085e-11,5.030167858294522e-11,0.9999999999496983,0.15056638178790074,0.15056638178790074,0.6988672364241985,2,0.8205503633206592,0.7468971281173672,0.2531028718826328,0.6988672364241985
2024-08-12,1.0767647978447032e-79,1.6686472073654277e-24,1.0,0.8790062526672783,0.8790062526672783,1.1376483352258022,1.1209937473327218,8.443249502591442e-80,1.6934382747944256e-24,1.0,2,5.5262042231857085e-11,5.030167858294522e-11,0.9999999999496983,0.15056638178790074,0.15056638178790074,0.6988672364241985,2,0.8205503633206592,0.7468971281173672,0.2531028718826328,0.6988672364241985
2024-08-13,1.7282212586742005e-88,1.8876439511120706e-18,1.0,0.8790062526672783,0.8790062526672783,1.1376483352258022,1.1209937473327218,1.3551523333486062e-88,1.9156886499959323e-18,1.0,2,5.5262042231857085e-11,5.030167858294522e-11,0.9999999999496983,0.15056638178790074,0.15056638178790074,0.6988672364241985,2,0.8205503633206592,0.7468971281173672,0.2531028718826328,0.6988672364241985
2024-08-14,5.426656762422902e-89,2.793548923858588e-17,1.0,0.8790062526672783,0.8790062526672783,1.1376483352258022,1.1209937473327218,4.255211268215128e-89,2.8350526398219684e-17,1.0,2,5.5262042231857085e-11,5.030167858294522e-11,0.9999999999496983,0.15056638178790074,0.15056638178790074,0.6988672364241985,2,0.8205503633206592,0.7468971281173672,0.2531028718826328,0.6988672364241985
2024-08-15,2.454057495745088e-83,1.1364262205654276e-16,1.0,0.8790062526672783,0.8790062526672783,1.1376483352258022,1.1209937473327218,1.924303224971225e-83,1.1533100884901524e-16,0.9999999999999998,2,5.526226427646202e-11,5.030188069665469e-11,0.999999999949698,0.15056638178790074,0.15056638178790074,0.6988672364241985,2,0.8205503633206592,0.7468971281173672,0.2531028718826328,0.6988672364241985
2024-08-16,6.250744218166113e-82,5.882915238761299e-17,1.0,0.8790062526672783,0.8790062526672783,1.1376483352258022,1.1209937473327218,4.90140401288166e-82,5.970317625388895e-17,1.0,2,5.5262042231857085e-11,5.030167858294522e-11,0.9999999999496983,0.15056638178790074,0.15056638178790074,0.6988672364241985,2,0.8205503633206592,0.7468971281173672,0.2531028718826328,0.6988672364241985
2024-08-17,4.140995820193347e-82,1.0672142274502296e-16,1.0,0.8790062526672783,0.8790062526672783,1.1376483352258022,1.1209937473327218,3.2470843186056054e-82,1.0830698137941382e-16,0.9999999999999998,2,5.526226427646202e-11,5.030188069665469e-11,0.999999999949698,0.15056638178790074,0.15056638178790074,0.6988672364241985,2,0.8205503633206592,0.7468971281173672,0.2531028718826328,0.6988672364241985
2024-08-18,3.3677040866279923e-81,4.873217907350494e-16,1.0,0.8790062526672783,0.8790062526672783,1.1376483352258022,1.1209937473327218,2.6407220881674764e-81,4.945619235326867e-16,0.9999999999999996,2,5.5262486321066935e-11,5.030208281036415e-11,0.999999999949698,0.15056638178790074,0.15056638178790074,0.6988672364241985,2,0.8205503633206592,0.7468971281173672,0.2531028718826328,0.6988672364241985
2024-08-19,2.818738261421367e-82,1.7034594845220436e-14,1.0,0.8790062526672783,0.8790062526672783,1.1376483352258022,1.1209937473327218,2.2102608175266027e-82,1.7287677574492965e-14,0.9999999999999828,2,5.5279250688738775e-11,5.0317342395428655e-11,0.9999999999496828,0.15056638178790097,0.15056638178790097,0.698867236424198,2,0.8205503633206599,0.7468971281173679,0.25310287188263214,0.698867236424198
2024-08-20,8.088517879314057e-91,9.709277294771985e-14,1.0,0.8790062526672783,0.8790062526672783,1.1376483352258022,1.1209937473327218,6.34245981089951e-91,9.853527887130541e-14,0.9999999999999016,2,5.5360519014141337e-11,5.0391316013092334e-11,0.9999999999496086,0.15056638178790213,0.15056638178790213,0.6988672364241958,2,0.8205503633206634,0.7468971281173711,0.2531028718826289,0.6988672364241958
2024-08-21,1.0999820883529092e-94,2.396911555537478e-09,0.999999997602572,0.8790062526672783,0.8790062526672783,1.1376483352258022,1.1209937473327218,8.62530353760575e-95,2.4325224357702404e-09,0.9999999975674776,2,5.0707623477163744e-08,4.615606797793839e-08,0.999999953843932,0.1505663818163426,0.1505663818163426,0.6988672363673148,2,0.8205503634079789,0.7468971281968491,0.25310287180315094,0.6988672363673148
2024-08-22,4.919148307351824e-90,0.0114613597053281,0.988538640295232,0.8790062526672783,0.8790062526672783,1.1376483352258022,1.1209937473327218,3.8566013110251845e-90,0.0116296606475024,0.9883703393524976,2,0.0633625661452153,0.0576750932051126,0.9423249067948872,0.15031413638575497,0.15289147936538,0.696794384248865,2,0.823711159712277,0.7497742089803984,0.25022579101960163,0.696794384248865
2024-08-23,7.263782851540021e-90,0.1924259764734329,0.8075740235258608,0.8790062526672783,0.8790062526672783,1.1376483352258022,1.1209937473327218,5.67952226921327e-90,0.1947281439841003,0.8052718560158997,2,0.4930066472062799,0.4487539892749343,0.5512460107250656,0.14174690975479234,0.21467947316649774,0.64357361707871,2,0.8908754966032726,0.8109098230489625,0.18909017695103747,0.64357361707871
2024-08-24,4.649501245869529e-98,0.899508698042302,0.1004913019585195,0.8790062526672783,0.8790062526672783,1.1376483352258022,1.1209937473327218,3.5977391824564937e-98,0.9008339518906114,0.0991660481093884,1,0.323246720486732,0.2942318448655043,0.7057681551344956,0.13523834563636022,0.3602999110143829,0.5044617433492569,2,0.983559055366391,0.8952740338985264,0.10472596610147356,0.5044617433492569
2024-08-25,3.315913510379712e-121,0.999999999647116,3.536753593529045e-10,0.8790062526672783,0.8790062526672783,1.1376483352258022,1.1209937473327218,2.5620471798624305e-121,0.9999999996515022,3.484977335665919e-10,1,7.965499652353835e-09,7.250510243254896e-09,0.9999999927494898,0.13549059107102218,0.5407417650026288,0.323767643926349,1,0.968403307583878,0.8814786777580205,0.11852132224197953,0.5407417650026288
2024-08-26,1.2219929771421778e-130,0.9999999998562998,1.4454093934350244e-10,0.8790062526672783,0.8790062526672783,1.1376483352258022,1.1209937473327218,9.441753082789417e-131,0.999999999857575,1.4242493415657418e-10,1,3.399143433234854e-09,3.094033689861386e-09,0.9999999969059664,0.14405781770364892,0.6617207227436122,0.194221459552739,1,0.8706317053162038,0.7924831301238259,0.20751686987617413,0.6617207227436122
2024-08-27,1.1008394677292777e-134,0.9999999997125996,2.8821676554507085e-10,0.8790062526672783,0.8790062526672783,1.1376483352258022,1.1209937473327218,8.505658078673205e-135,0.9999999997160026,2.8399741998432026e-10,1,6.554475581507337e-09,5.966140784255728e-09,0.9999999940338592,0.15056638179696094,0.6988672364060782,0.15056638179696094,1,0.820550363348475,0.7468971281426863,0.2531028718573137,0.6988672364060782
2024-08-28,3.667141725908302e-169,0.9999999998854036,1.1472074268205486e-10,0.8790062526672783,0.8790062526672783,1.1376483352258022,1.1209937473327218,2.83342436031051e-169,0.9999999998869588,1.1304128987331101e-10,1,2.7296872174289787e-09,2.4846683817257164e-09,0.9999999975153316,0.150566381794208,0.698867236411584,0.150566381794208,1,0.8205503633400231,0.746897128134993,0.253102871865007,0.698867236411584
2024-08-29,2.6871351766628922e-170,0.999999999989086,1.1343788165531184e-11,0.8790062526672783,0.8790062526672783,1.1376483352258022,1.1209937473327218,2.0762203476344345e-170,0.9999999999888224,1.1177720927355003e-11,1,3.206784364002333e-10,2.918940919448518e-10,0.999999999708106,0.15056638179267348,0.6988672364146531,0.15056638179267348,1,0.8205503633353121,0.7468971281307049,0.25310287186929514,0.6988672364146531
2024-08-30,2.454879562612894e-170,0.999999999998181,1.135379485838415e-12,0.8790062526672783,0.8790062526672783,1.1376483352258022,1.1209937473327218,1.896767584734402e-170,0.9999999999988812,1.1187581127369881e-12,1,5.953667570689049e-11,5.419261765137283e-11,0.9999999999458072,0.15056638178936615,0.6988672364212677,0.15056638178936615,1,0.8205503633251583,0.7468971281214625,0.2531028718785375,0.6988672364212677
2024-08-31,1.1271406735948474e-173,1.0,1.419517179280885e-13,0.8790062526672783,0.8790062526672783,1.1376483352258022,1.1209937473327218,8.708874869743397e-174,0.99999999999986,1.398736176139346e-13,1,5.5401930332959855e-11,5.0429010219907295e-11,0.999999999949571,0.15056638178804613,0.6988672364239078,0.15056638178804613,1,0.8205503633211055,0.7468971281177735,0.25310287188222647,0.6988672364239078
2024-09-01,1.0332076195013211e-173,0.999999999998181,2.0103082090458997e-12,0.8790062526672783,0.8790062526672783,1.1376483352258022,1.1209937473327218,7.983099255928927e-174,0.9999999999980193,1.9808783283671265e-12,1,8.299156169665351e-11,7.554217493531534e-11,0.999999999924458,0.1505663817879386,0.6988672364241229,0.1505663817879386,1,0.8205503633207754,0.7468971281174729,0.2531028718825271,0.6988672364241229
2024-09-02,6.750594814938685e-172,0.9999999952997314,4.699443252689716e-09,0.8790062526672783,0.8790062526672783,1.1376483352258022,1.1209937473327218,5.21586053285068e-172,0.9999999953693542,4.630645815107081e-09,1,9.352300708151605e-08,8.51283096376954e-08,0.9999999148716904,0.15056638184206597,0.6988672363158681,0.15056638184206597,1,0.8205503634869525,0.7468971282687339,0.2531028717312661,0.6988672363158681
2024-09-03,1.5026905833894224e-148,1.1488420756166912e-06,0.9999988511578756,0.8790062526672783,0.8790062526672783,1.1376483352258022,1.1209937473327218,1.1783066580178152e-148,1.1659103858202769e-06,0.9999988340896142,2,1.709461473915504e-05,1.5560188899652217e-05,0.9999844398111004,0.15056639547362696,0.5161002984020014,0.3333333061243717,1,0.9926558350741601,0.9035542796245208,0.09644572037547916,0.5161002984020014
2024-09-04,1.0896629110487644e-155,2.480679160583859e-12,0.999999999998181,0.8790062526672783,0.8790062526672783,1.1376483352258022,1.1209937473327218,8.544387641678188e-156,2.517534574997016e-12,0.9999999999974823,2,9.738622432614791e-11,8.864476151474057e-11,0.9999999999113552,0.15056639547363326,0.33333334685664456,0.5161002576697222,2,0.9926558528806116,0.9035542958326516,0.09644570416734843,0.5161002576697222
2024-09-05,7.341589066369093e-157,4.889774336612856e-09,0.9999999951105564,0.8790062526672783,0.8790062526672783,1.1376483352258022,1.1209937473327218,5.7567695705137646e-157,4.962421642857206e-09,0.9999999950375784,2,9.987836286378197e-08,9.091320376988353e-08,0.9999999090867964,0.1505663954775123,0.15056639547751233,0.6988672090449755,2,0.820550405349318,0.7468971663735011,0.2531028336264989,0.6988672090449755
2024-09-06,1.8356248856891844e-143,1.1923233863737445e-19,1.0,0.8790062526672783,0.8790062526672783,1.1376483352258022,1.1209937473327218,1.4393708759853957e-143,1.210037717682537e-19,1.0,2,5.5262042231857085e-11,5.030167858294522e-11,0.9999999999496983,0.15056638184594964,0.1505663818459497,0.6988672363081007,2,0.820550363498876,0.7468971282795871,0.2531028717204129,0.6988672363081007
2024-09-07,1.9381336827702032e-142,3.849661740256827e-18,1.0,0.8790062526672783,0.8790062526672783,1.1376483352258022,1.1209937473327218,1.5197512294012945e-142,3.906856109060658e-18,1.0,2,5.5262042231857085e-11,5.030167858294522e-11,0.9999999999496983,0.15056638184592022,0.15056638184592025,0.6988672363081595,2,0.8205503634987856,0.7468971282795048,0.25310287172049517,0.6988672363081595
2024-09-08,5.362321510405885e-146,1.914521465705126e-17,1.0,0.8790062526672783,0.8790062526672783,1.1376483352258022,1.1209937473327218,4.204763985235681e-146,1.9429654834346118e-17,1.0,2,5.5262042231857085e-11,5.030167858294522e-11,0.9999999999496983,0.15056638178790074,0.15056638178790074,0.6988672364241985,2,0.8205503633206592,0.7468971281173672,0.2531028718826328,0.6988672364241985
2024-09-09,1.9333441011541697e-136,6.550346953569154e-09,0.9999999934498192,0.8790062526672783,0.8790062526672783,1.1376483352258022,1.1209937473327218,1.5159955685300019e-136,6.6476653628836675e-09,0.9999999933523348,2,1.318441882027763e-07,1.200097519049383e-07,0.999999879990248,0.1505663818656237,0.15056638186562374,0.6988672362687526,2,0.8205503635592776,0.746897128334567,0.253102871665433,0.6988672362687526
2024-09-10,5.49462633341993e-137,7.294735077154314e-07,0.9999992705273076,0.8790062526672783,0.8790062526672783,1.1376483352258022,1.1209937473327218,4.308508287659977e-137,7.403112770464821e-07,0.9999992596887228,2,1.1190717051523348e-05,1.0186229634378374e-05,0.9999898137703656,0.15056639052117496,0.15056639052117501,0.69886721895765,2,0.8205503901328013,0.7468971525228307,0.25310284747716927,0.69886721895765
2024-09-11,7.817155432291299e-134,0.0100837186429334,0.9899162813562488,0.8790062526672783,0.8790062526672783,1.1376483352258022,1.1209937473327218,6.128757858570081e-134,0.010231999411694,0.989768000588306,2,0.057064901685879,0.051942711978091,0.9480572880219088,0.1506285153496247,0.15101415440090618,0.6983573302494692,2,0.8213322341818287,0.7476088176453601,0.25239118235463986,0.6983573302494692
2024-09-12,4.284215233305645e-143,0.2858393742397532,0.7141606257605528,0.8790062526672783,0.8790062526672783,1.1376483352258022,1.1209937473327218,3.3451811201773083e-143,0.2888593832390447,0.7111406167609553,2,0.6011272307956929,0.5471695856638038,0.4528304143361962,0.14103410000444006,0.22538042510036793,0.633585474895192,2,0.9012034087330941,0.8203106937986812,0.17968930620131884,0.633585474895192
2024-09-13,3.408018725073636e-136,0.6387608960843139,0.3612391039159631,0.8790062526672783,0.8790062526672783,1.1376483352258022,1.1209937473327218,2.647211853858564e-136,0.6421568495519556,0.3578431504480445,1,0.6521671165707723,0.5936280918188342,0.4063719081811657,0.13100686800559147,0.33601816598278655,0.532974966011622,2,0.9681211795644351,0.8812218737677929,0.11877812623220707,0.532974966011622
2024-09-14,2.8751612739122734e-137,0.846397704507693,0.1536022954918686,0.8790062526672783,0.8790062526672783,1.1376483352258022,1.1209937473327218,2.2265057379689955e-137,0.8483052535745457,0.1516947464254544,1,0.4256375681078638,0.3874320108178298,0.6125679891821703,0.1231142696348931,0.47150006791404486,0.40538566245106206,1,0.9784004694117345,0.8905784866086719,0.1094215133913281,0.47150006791404486
2024-09-15,9.288925642945257e-140,0.9869596992337348,0.0130403007659531,0.8790062526672783,0.8790062526672783,1.1376483352258022,1.1209937473327218,7.1784772987757815e-140,0.987148149085288,0.012851850914712,1,0.0687293057804992,0.062560110140241,0.937439889859759,0.13220550623883906,0.5765729718778381,0.2912215218833229,1,0.9442677303680715,0.8595095286189124,0.1404904713810876,0.5765729718778381
2024-09-16,1.886077805116398e-153,0.9981364474703328,0.0018635525290091,0.8790062526672783,0.8790062526672783,1.1376483352258022,1.1209937473327218,1.4573215314700905e-153,0.998163678826304,0.0018363211736957,1,0.0134034411281596,0.0122003378866343,0.9877996621133656,0.1422542217779603,0.6486591894936531,0.2090865887283867,1,0.8854082405433443,0.8059333121212024,0.19406668787879755,0.6486591894936531
2024-09-17,8.70808824367861e-154,0.9999945878281352,5.412172538072037e-06,0.8790062526672783,0.8790062526672783,1.1376483352258022,1.1209937473327218,6.72832226306705e-154,0.9999946670584684,5.332941531667939e-06,1,7.008343831998408e-05,6.379269469573197e-05,0.9999362073053044,0.15008475767191184,0.6954963505246902,0.154418891803398,1,0.825667079076061,0.7515545635094335,0.2484454364905665,0.6954963505246902
2024-09-18,9.860785985900871e-155,0.9999970599153604,2.940084500920417e-06,0.8790062526672783,0.8790062526672783,1.1376483352258022,1.1209937473327218,7.618956264872995e-155,0.999997102956703,2.897043297096068e-06,1,3.9839641080715866e-05,3.626360408640159e-05,0.9999637363959136,0.15058797020704096,0.6988240595859181,0.15058797020704096,1,0.8206166377877687,0.7469574537370541,0.25304254626294587,0.6988240595859181
2024-09-19,2.0710281971714223e-144,0.9999993409512524,6.590491784126817e-07,0.8790062526672783,0.8790062526672783,1.1376483352258022,1.1209937473327218,1.60018407794333e-144,0.9999993505989572,6.494010428682953e-07,1,9.90158498324639e-06,9.0128110575301e-06,0.9999909871889424,0.15056648560386615,0.6988670287922677,0.15056648560386615,1,0.8205506820473492,0.746897418234903,0.25310258176509703,0.6988670287922677
2024-09-20,2.165328215470867e-142,0.9999994119354506,5.880648453918628e-07,0.8790062526672783,0.8790062526672783,1.1376483352258022,1.1209937473327218,1.673045173914132e-142,0.9999994205441172,5.794558827834986e-07,1,8.901151440669666e-06,8.102177203443516e-06,0.9999918978227964,0.15056643002702913,0.6988671399459419,0.15056643002702913,1,0.8205505114202343,0.7468972629234099,0.25310273707659015,0.6988671399459419
2024-09-21,2.0777176332402847e-145,0.999999768568186,2.314316481944414e-07,0.8790062526672783,0.8790062526672783,1.1376483352258022,1.1209937473327218,1.605352674049973e-145,0.9999997719563916,2.280436083865901e-07,1,3.7157083513997222e-06,3.382183496148964e-06,0.9999966178165038,0.150566398821649,0.698867202356702,0.150566398821649,1,0.8205504156161962,0.7468971757188164,0.2531028242811836,0.698867202356702
2024-09-22,6.99152712648475e-154,0.999999720215822,2.797837337740913e-07,0.8790062526672783,0.8790062526672783,1.1376483352258022,1.1209937473327218,5.402017385124213e-154,0.9999997243121552,2.7568784459976864e-07,1,4.439703707693006e-06,4.041192469342784e-06,0.9999959588075308,0.15056639445227873,0.6988672110954425,0.15056639445227873,1,0.8205504022017351,0.7468971635084477,0.2531028364915523,0.6988672110954425
2024-09-23,4.359829069195157e-174,0.999999999998181,1.849930864588752e-12,0.8790062526672783,0.8790062526672783,1.1376483352258022,1.1209937473327218,3.368630616087918e-174,0.9999999999981772,1.822848825942505e-12,1,7.872652021118031e-11,7.165996687204683e-11,0.99999999992834,0.15056638767743413,0.6988672246451317,0.15056638767743413,1,0.8205503814021945,0.74689714457589,0.25310285542411004,0.6988672246451317
2024-09-24,4.2194731872744666e-178,1.0,5.908122990162582e-13,0.8790062526672783,0.8790062526672783,1.1376483352258022,1.1209937473327218,3.2601843642990694e-178,0.9999999999994178,5.821631101078845e-13,1,5.584424318597036e-11,5.083162072915869e-11,0.9999999999491684,0.15056638501120767,0.6988672299775848,0.15056638501120767,1,0.820550373216577,0.7468971371250197,0.2531028628749803,0.6988672299775848
2024-09-25,8.453998319607904e-185,1.0,6.277484495652263e-14,0.8790062526672783,0.8790062526672783,1.1376483352258022,1.1209937473327218,6.531998643938254e-185,0.9999999999999382,6.185585343652913e-14,1,5.532388165432871e-11,5.035796725103084e-11,0.999999999949642,0.15056638178792958,0.698867236424141,0.15056638178792958,1,0.8205503633207476,0.7468971281174477,0.2531028718825523,0.698867236424141
2024-09-26,1.1159450038602835e-215,1.0,1.898464151181838e-17,0.8790062526672783,0.8790062526672783,1.1376483352258022,1.1209937473327218,8.622371304497222e-216,1.0,1.8706716101226145e-17,1,5.5262042231857085e-11,5.030167858294522e-11,0.9999999999496983,0.15056638178790827,0.6988672364241836,0.15056638178790827,1,0.8205503633206822,0.7468971281173882,0.2531028718826118,0.6988672364241836
2024-09-27,3.766252515717187e-219,1.0,3.219218034069213e-17,0.8790062526672783,0.8790062526672783,1.1376483352258022,1.1209937473327218,2.910002509503246e-219,1.0,3.1720903338517695e-17,1,5.5262042231857085e-11,5.030167858294522e-11,0.9999999999496983,0.15056638178790147,0.698867236424197,0.15056638178790147,1,0.8205503633206614,0.7468971281173693,0.2531028718826307,0.698867236424197
2024-09-28,1.0180999544148099e-217,1.0,5.1761017934077625e-17,0.8790062526672783,0.8790062526672783,1.1376483352258022,1.1209937473327218,7.866369580660133e-218,1.0,5.1003263190431545e-17,1,5.5262042231857085e-11,5.030167858294522e-11,0.9999999999496983,0.15056638178790074,0.6988672364241985,0.15056638178790074,1,0.8205503633206592,0.7468971281173672,0.2531028718826328,0.6988672364241985
2024-09-29,4.334664340033514e-225,1.0,4.73258978822554e-16,0.8790062526672783,0.8790062526672783,1.1376483352258022,1.1209937473327218,3.3491870379673035e-225,0.9999999999999996,4.663307102047957e-16,1,5.5262486321066935e-11,5.030208281036415e-11,0.999999999949698,0.15056638178790074,0.6988672364241985,0.15056638178790074,1,0.8205503633206592,0.7468971281173672,0.2531028718826328,0.6988672364241985
2024-09-30,1.0847934816707637e-210,1.0,8.206317338222746e-16,0.8790062526672783,0.8790062526672783,1.1376483352258022,1.1209937473327218,8.381678447690489e-211,0.9999999999999992,8.086181063104988e-16,1,5.526281938797433e-11,5.030238598092835e-11,0.9999999999496976,0.15056638178790074,0.6988672364241985,0.15056638178790074,1,0.8205503633206592,0.7468971281173672,0.2531028718826328,0.6988672364241985
2024-10-01,7.412472228657585e-200,0.9999999993870006,6.136094410277146e-10,0.88124170200764,0.88124170200764,1.1347624581562648,1.11875829799236,5.756429106345701e-200,0.9999999993950446,6.049553798220548e-10,1,1.3473288517940453e-08,1.2263915720690362e-08,0.9999999877360842,0.15056638179497375,0.6988672364100526,0.15056638179497375,1,0.8205503633423741,0.7468971281371329,0.25310287186286706,0.6988672364100526
2024-10-02,4.6591919203927866e-194,0.9999999996980478,3.013128320224257e-10,0.8657778369169091,0.8657778369169091,1.1550307219240732,1.1342221630830909,3.4923963718672827e-194,0.9999999997041156,2.958845038631855e-10,1,6.815532823939326e-09,6.203765326712357e-09,0.9999999937962348,0.15056638179843318,0.6988672364031338,0.15056638179843318,1,0.8205503633529949,0.7468971281468004,0.2531028718531996,0.6988672364031338
2024-10-03,1.4743400766491155e-202,0.999999626587011,3.734138634942562e-07,0.9192258674400168,0.9192258674400168,1.087871909854902,1.0807741325599831,1.2457822716837787e-202,0.9999996290224596,3.709775403986615e-07,1,5.8641156610145845e-06,5.33774810413224e-06,0.9999946622518958,0.15056638613581735,0.6988672277283653,0.15056638613581735,1,0.8205503766692563,0.746897140267784,0.253102859732216,0.6988672277283653
2024-10-04,1.3872539911739904e-196,0.9999999999399732,6.02355238294257e-11,0.8806781488967288,0.8806781488967288,1.1354886018833916,1.1193218511032712,1.075945874728354e-196,0.999999999940622,5.937790826181775e-11,1,1.485186444861809e-09,1.351874960967675e-09,0.999999998648125,0.1505663861294386,0.6988672277411229,0.1505663861294386,1,0.8205503766496727,0.7468971402499581,0.2531028597500419,0.6988672277411229
2024-10-05,5.356292150359362e-203,0.9999999999708962,2.850212299600356e-11,0.8791856577063029,0.8791856577063029,1.137416188759139,1.1208143422936971,4.140239328071336e-203,0.999999999971914,2.8086103007398943e-11,1,7.380899410127758e-10,6.71838417088517e-10,0.9999999993281616,0.15056638612630754,0.6988672277473849,0.15056638612630754,1,0.82055037664006,0.7468971402412083,0.25310285975879165,0.6988672277473849
2024-10-06,9.568931773375649e-197,0.999999999978172,2.2233204893777323e-11,0.8801821999805334,0.8801821999805334,1.136128406166492,1.1198178000194663,7.413249571121483e-197,0.999999999978086,2.191401821871278e-11,1,5.874004003056086e-10,5.346748860944717e-10,0.9999999994653253,0.15056638178917955,0.6988672364216408,0.15056638178917955,1,0.8205503633245852,0.7468971281209408,0.2531028718790592,0.6988672364216408
2024-10-07,3.373557855676219e-193,0.9969852818797998,0.0030147181196869,1.0113590753305428,1.0113590753305428,0.9887685040777132,1.0113590753305428,3.450396480991557e-193,0.996916616451724,0.0030833835482759,1,0.02090590921987,0.0190293786402254,0.9809706213597746,0.15060249507568407,0.6987950098486317,0.15060249507568407,1,0.8206612228180385,0.746998036780526,0.253001963219474,0.6987950098486317
2024-10-08,7.825337995457928e-189,0.9999997286377408,2.713620446482916e-07,0.962632436254349,0.962632436254349,1.0388181016329037,1.037367563745651,7.251437157377625e-189,0.9999997290168676,2.709831324791824e-07,1,4.368603378881801e-06,3.97647416103276e-06,0.9999960235258388,0.1506024982436281,0.6987950035127439,0.1506024982436281,1,0.8206612325418116,0.7469980456314856,0.25300195436851436,0.6987950035127439
2024-10-09,1.1596162646398965e-212,0.9999999901556292,9.843489660521629e-09,0.94620360959484,0.94620360959484,1.056854983282293,1.05379639040516,1.0382059154148885e-212,0.999999990184998,9.815002093605252e-09,1,1.908249291178883e-07,1.736963359013877e-07,0.999999826303664,0.15060249835812659,0.6987950032837468,0.15060249835812659,1,0.8206612328932565,0.7469980459513846,0.25300195404861536,0.6987950032837468
2024-10-10,5.509954463863063e-218,0.9999999940282578,5.971990489855005e-09,0.940631443821605,0.940631443821605,1.06311564063518,1.059368556178395,4.875138907509654e-218,0.9999999940490586,5.950941460235201e-09,1,1.1868771598728917e-07,1.080342148103758e-07,0.9999998919657852,0.15056638514050485,0.6988672297189903,0.15056638514050485,1,0.8205503736135341,0.7468971374863457,0.2531028625136543,0.6988672297189903
2024-10-11,4.4428554710209254e-210,0.9999999997780832,2.217801241189025e-10,0.9214733859871272,0.9214733859871272,1.0852185371894938,1.0785266140128729,3.772487230951511e-210,0.9999999997795874,2.2041253270621902e-10,1,5.1490309163809805e-09,4.686849919204299e-09,0.99999999531315,0.1505663819748095,0.698867236050381,0.1505663819748095,1,0.8205503638944904,0.7468971286396909,0.25310287136030907,0.698867236050381
2024-10-12,1.3982940695372662e-210,0.9999999998763088,1.24468750201556e-10,0.9159534962303342,0.9159534962303342,1.09175848349896,1.0840465037696658,1.1731279043018778e-210,0.9999999998764104,1.2358952600226708e-10,1,2.970798775739797e-09,2.704137580093348e-09,0.9999999972958624,0.15056638186149976,0.6988672362770005,0.15056638186149976,1,0.8205503635466165,0.7468971283230423,0.25310287167695766,0.6988672362770005
2024-10-13,2.2872366170208452e-213,0.9999999998672138,1.3233700197052295e-10,0.9088749123487394,0.9088749123487394,1.1002614181700456,1.0911250876512606,1.8893800559473813e-213,0.999999999868762,1.312381044088369e-10,1,3.1450620107336223e-09,2.862758812343618e-09,0.9999999971372412,0.15056638179345713,0.6988672364130858,0.15056638179345713,1,0.8205503633377178,0.7468971281328947,0.25310287186710534,0.6988672364130858
2024-10-14,1.0848970123325236e-199,0.999999999992724,6.662030038256277e-12,0.8871815202449698,0.8871815202449698,1.1271650470400676,1.1128184797550302,8.5391272843191e-200,0.9999999999934228,6.577235657482504e-12,1,2.0355496494952883e-10,1.8528371387171206e-10,0.9999999998147164,0.15056638179095702,0.698867236418086,0.15056638179095702,1,0.8205503633300423,0.746897128125908,0.253102871874092,0.698867236418086
2024-10-15,8.236372682943182e-200,0.999999999679858,3.194516275851085e-10,0.8898296853460395,0.8898296853460395,1.123810563378898,1.1101703146539603,6.52153410166739e-200,0.9999999996844258,3.1557428402186067e-10,1,7.246906160949135e-09,6.596418259379604e-09,0.9999999934035816,0.15056638179320167,0.6988672364135966,0.15056638179320167,1,0.8205503633369337,0.7468971281321809,0.2531028718678191,0.6988672364135966
2024-10-16,2.7673202820083386e-204,0.9999999999654392,3.369599359982586e-11,0.8475208560742593,0.8475208560742593,1.1799119665703903,1.1524791439257407,1.9877429171774705e-204,0.9999999999670875,3.291256547774137e-11,1,8.549595478823532e-10,7.782177176616636e-10,0.9999999992217824,0.15056638179205206,0.6988672364158959,0.15056638179205206,1,0.8205503633334041,0.7468971281289681,0.25310287187103186,0.6988672364158959
2024-10-17,3.4801798323549206e-204,0.999999999998181,1.446877788529878e-12,0.8283076550737882,0.8283076550737882,1.20728088636452,1.1716923449262118,2.3877290104829962e-204,0.9999999999985958,1.404226347001951e-12,1,6.735872314344816e-11,6.131255206066349e-11,0.9999999999386876,0.15056638179199158,0.6988672364160169,0.15056638179199158,1,0.8205503633332185,0.7468971281287992,0.25310287187120084,0.6988672364160169
2024-10-18,9.077933738661627e-203,1.0,3.8472556576022594e-13,0.7926227261325699,0.7926227261325699,1.261634276977248,1.2073772738674302,5.70321900640301e-203,0.999999999999632,3.681803144152306e-13,1,5.5630192186822716e-11,5.063678311323584e-11,0.9999999999493632,0.15056638178830628,0.6988672364233874,0.15056638178830628,1,0.8205503633219042,0.7468971281185005,0.2531028718814995,0.6988672364233874
2024-10-19,2.3396800852724706e-203,1.0,3.9483623549094794e-13,0.7931300251200101,0.7931300251200101,1.2608273149773743,1.2068699748799898,1.4717880099524495e-203,0.999999999999622,3.7793914515330834e-13,1,5.5639962149439424e-11,5.064567611645224e-11,0.9999999999493544,0.1505663817879259,0.6988672364241483,0.1505663817879259,1,0.8205503633207364,0.7468971281174375,0.25310287188256253,0.6988672364241483
2024-10-20,2.6253340577561165e-209,1.0,4.06758590520777e-13,0.7925731716748263,0.7925731716748263,1.2617131587823616,1.2074268283251737,1.649161956009859e-209,0.9999999999996108,3.892574405107286e-13,1,5.5651286424290594e-11,5.065598391563488e-11,0.999999999949344,0.150566381787914,0.698867236424172,0.150566381787914,1,0.8205503633206999,0.7468971281174043,0.2531028718825957,0.698867236424172
2024-10-21,3.399971387053778e-221,1.0,9.530645584427984e-15,0.7889887331249148,0.7889887331249148,1.26744522198605,1.2110112668750852,2.116493139742193e-221,0.9999999999999908,9.106286396543375e-15,1,5.527114606065902e-11,5.030996524503323e-11,0.99999999994969,0.15056638178790982,0.6988672364241805,0.15056638178790982,1,0.820550363320687,0.7468971281173925,0.2531028718826075,0.6988672364241805
2024-10-22,2.6984985804913554e-222,1.0,1.2289290755096791e-14,0.7850247575997813,0.7850247575997813,1.273845175351548,1.2149752424002187,1.6629871785234302e-222,0.9999999999999885,1.1721349111346831e-14,1,5.5273699573615656e-11,5.0312289552692056e-11,0.9999999999496876,0.15056638178790555,0.698867236424189,0.15056638178790555,1,0.8205503633206738,0.7468971281173805,0.2531028718826195,0.698867236424189
2024-10-23,2.272891745930496e-210,0.999999999998181,1.2855148018333925e-12,0.838847489367888,0.838847489367888,1.192111811353871,1.161152510632112,1.5993546213710888e-210,0.999999999998748,1.2521298131500017e-12,1,6.319910860805424e-11,5.752630774290079e-11,0.9999999999424736,0.15056638178791562,0.6988672364241687,0.15056638178791562,1,0.820550363320705,0.7468971281174088,0.2531028718825912,0.6988672364241687
2024-10-24,4.6401117135787e-210,0.999999999994543,5.208548676139634e-12,0.8274186724523901,0.8274186724523901,1.2085779947847868,1.17258132754761,3.176720981723066e-210,0.9999999999949468,5.053415623667868e-12,1,1.6412848741201268e-10,1.4939618744934304e-10,0.9999999998506038,0.1505663817879746,0.6988672364240508,0.1505663817879746,1,0.8205503633208857,0.7468971281175734,0.25310287188242664,0.6988672364240508
2024-10-25,1.1242306306718622e-202,0.9999999999454304,5.4550573945894475e-11,0.8703918016252377,0.8703918016252377,1.1489078804887085,1.1296081983747623,8.516967641108384e-203,0.9999999999463658,5.363421785319923e-11,1,1.3496519364548542e-09,1.2285061348540801e-09,0.9999999987714938,0.15056638178860152,0.6988672364227969,0.15056638178860152,1,0.8205503633228106,0.7468971281193255,0.2531028718806745,0.6988672364227969
2024-10-26,1.2681802179791323e-202,0.9999999999417925,5.796787799984197e-11,0.8690169797286045,0.8690169797286045,1.150725501718392,1.1309830202713955,9.57717666928746e-203,0.9999999999430268,5.6973349109899286e-11,1,1.4285166216769234e-09,1.3002918649387851e-09,0.999999998699708,0.15056638178925305,0.698867236421494,0.15056638178925305,1,0.8205503633248109,0.7468971281211463,0.2531028718788537,0.698867236421494
2024-10-27,3.278537355768505e-209,0.999999999992724,6.389419413352315e-12,0.8571676075631611,0.8571676075631611,1.1666329795673178,1.1428323924368389,2.408860430634895e-209,0.999999999993741,6.259068277976697e-12,1,1.9535513483430272e-10,1.7781990684915722e-10,0.99999999982218,0.1505663817892671,0.6988672364214659,0.1505663817892671,1,0.820550363324854,0.7468971281211855,0.25310287187881453,0.6988672364214659
2024-10-28,1.2175878938280804e-213,0.999999999994543,4.907364080418957e-12,0.8339739018477363,0.8339739018477363,1.199078289841468,1.1660260981522637,8.46847562216575e-214,0.999999999995228,4.772094232198915e-12,1,1.5680317075758076e-10,1.4272839688301622e-10,0.9999999998572716,0.15056638178869583,0.6988672364226084,0.15056638178869583,1,0.8205503633231002,0.7468971281195891,0.2531028718804109,0.6988672364226084
2024-10-29,1.1690277133582665e-210,0.999999999998181,2.0108233238169504e-12,0.8154526519681766,0.8154526519681766,1.2263127694617215,1.1845473480318234,7.773602076251806e-211,0.9999999999980576,1.9423392587138525e-12,1,8.195266783445584e-11,7.459653298964117e-11,0.9999999999254034,0.1505663817880524,0.6988672364238951,0.1505663817880524,1,0.8205503633211249,0.7468971281177911,0.2531028718822089,0.6988672364238951
2024-10-30,1.5779206213892888e-201,0.999999988327545,1.1673318179663633e-08,0.8507156851883344,0.8507156851883344,1.1754808538396897,1.1492843148116656,1.1419682579782082e-201,0.9999999885868311,1.1413168870721138e-08,1,2.201705156952224e-07,2.0040783993245122e-07,0.99999979959216,0.15056638192141938,0.6988672361571613,0.15056638192141938,1,0.8205503637305764,0.74689712849049,0.25310287150951005,0.6988672361571613
2024-10-31,4.763535925290146e-174,0.5164173392233372,0.4835826607770752,1.0522855306559458,1.0522855306559458,0.9503124112869314,1.0522855306559458,5.014481143237368e-174,0.4909419868570645,0.5090580131429354,2,0.6929830764064573,0.6307803795337001,0.3692196204662998,0.1402128566458133,0.611774267058283,0.24801287629590382,1,0.9218802640521021,0.83913157859333,0.16086842140667001,0.611774267058283
2024-11-01,2.1079285565243104e-164,0.9127351749935114,0.0872648250060665,1.0087500766626696,1.0087500766626696,0.991325823050623,1.0087500766626696,2.1416940278458807e-164,0.9113373392195644,0.0886626607804357,1,0.2994327406346498,0.272555426262038,0.727444573737962,0.13405826544875743,0.5769787643973756,0.288962970153867,1,0.9454318944066928,0.8605691963930938,0.13943080360690618,0.5769787643973756
2024-11-02,7.405646345355296e-165,0.9837149345138516,0.0162850654867181,1.008278891974899,1.008278891974899,0.9917890853009098,1.008278891974899,7.526737075768881e-165,0.9834486551930632,0.0165513448069365,1,0.0842954398819397,0.0767290160063059,0.923270983993694,0.1328982487356514,0.5703319155989655,0.2967698356653832,1,0.9489893268549459,0.8638073109535689,0.13619268904643111,0.5703319155989655
2024-11-03,1.6224722469868104e-181,0.9931915148531684,0.00680848514629,0.991552379686497,0.991552379686497,1.0085195905799489,1.008447620313503,1.5951767463445792e-181,0.9931919974149928,0.0068080025850072,1,0.0407543697975441,0.0370962260461807,0.9629037739538192,0.14333167993369658,0.6572650728529656,0.1994032472133378,1,0.8757912951680409,0.7971795912002737,0.2028204087997263,0.6572650728529656
2024-11-04,3.881029274303121e-188,0.99899034357435,0.0010096564249178,0.9872605412637996,0.9872605412637996,1.012903846759532,1.0127394587362004,3.782775336590594e-188,0.998990507270652,0.0010094927293481,1,0.0079727741344894,0.007257131762248,0.992742868237752,0.14949808063739237,0.6920369565005932,0.15846496286201459,1,0.8307942992016326,0.7562215603912794,0.2437784396087206,0.6920369565005932
2024-11-05,3.1172508737691137e-184,0.9999996763854666,3.236139664580247e-07,0.9259878432049268,0.9259878432049268,1.0799277845148707,1.0740121567950731,2.672897632451797e-184,0.9999996781587254,3.2184127465249885e-07,1,5.133140802042281e-06,4.672386113817629e-06,0.9999953276138862,0.1506581009799525,0.6986837980400951,0.1506581009799525,1,0.8208318717095219,0.7471533680955346,0.25284663190446544,0.6986837980400951
2024-11-06,6.32469973257832e-144,0.9999999392839546,6.071581990221766e-08,0.8705196510952202,0.8705196510952202,1.148739145339083,1.1294803489047798,4.7928856890017046e-144,0.9999999403020906,5.969790948211753e-08,1,1.0527387044259245e-06,9.58244064156792e-07,0.9999990417559358,0.15057819575543172,0.6988436084891365,0.15057819575543174,1,0.8205866322149975,0.7469301414877003,0.2530698585122997,0.6988436084891365
2024-11-07,2.81281834967922e-139,0.9999993879448138,6.12055959918917e-07,0.8449973869098253,0.8449973869098253,1.1834356123360603,1.1550026130901747,2.008410229931204e-139,0.9999994026491716,5.973508284605526e-07,1,9.157870382524528e-06,8.335852854537945e-06,0.9999916641471456,0.15056639323285864,0.6988672135342827,0.15056639323285864,1,0.8205503984579772,0.7468971601007324,0.25310283989926763,0.6988672135342827
2024-11-08,5.479493870540577e-140,0.9999988125626034,1.187438057521382e-06,0.8404138913967938,0.8404138913967938,1.1898898985807689,1.1595861086032062,3.8701420285844687e-140,0.9999988428032548,1.1571967453546843e-06,1,1.6975536277748546e-05,1.545179901303366e-05,0.9999845482009868,0.1505664029996491,0.6988671940007017,0.1505664029996491,1,0.8205504284431291,0.7468971873943938,0.2531028126056062,0.6988671940007017
2024-11-09,1.1321292339353943e-139,0.9999989015492824,1.09845095930705e-06,0.8456355323114562,0.8456355323114562,1.1825425514779455,1.1543644676885438,8.095850176774074e-140,0.9999989277233292,1.0722766707436854e-06,1,1.5811525511208552e-05,1.439227075311298e-05,0.9999856077292468,0.15056641483849256,0.6988671703230149,0.1505664148384926,1,0.8205504647897155,0.7468972204784825,0.2531027795215175,0.6988671703230149
2024-11-10,7.192717955276723e-142,0.9999995537001356,4.462998062140216e-07,0.8186746056133023,0.8186746056133023,1.221486526079381,1.1813253943866977,4.820761830776375e-142,0.9999995683740336,4.316259664518613e-07,1,6.757436961405977e-06,6.150884193729783e-06,0.9999938491158062,0.1505664129008748,0.6988671741982504,0.1505664129008748,1,0.8205504588410102,0.7468972150637376,0.25310278493626237,0.6988671741982504
2024-11-11,2.7327816243885155e-141,0.9999984202489686,1.579750344988076e-06,0.8308284949850171,0.8308284949850171,1.203617841752086,1.169171505014983,1.886373621264996e-141,0.9999984654604578,1.53453954223104e-06,1,2.2077876817083043e-05,2.009614951954425e-05,0.9999799038504804,0.1505664173126859,0.6988671653746281,0.1505664173126859,1,0.8205504723857683,0.7468972273927077,0.2531027726072923,0.6988671653746281
2024-11-12,5.338589423103236e-143,0.9999999345855052,6.541452923062901e-08,0.8468841617213185,0.8468841617213185,1.180799033916833,1.1531158382786817,3.828904585309022e-143,0.9999999361190792,6.388092101909119e-08,1,1.1221755444114065e-06,1.0214481996845889e-06,0.9999989785518004,0.15056640552274927,0.6988671889545014,0.15056640552274927,1,0.8205504361893318,0.7468971944452913,0.25310280555470865,0.6988671889545014
2024-11-13,8.024274274204495e-144,0.999999807636432,1.923635190064789e-07,0.8297990120540129,0.8297990120540129,1.205111099764612,1.1702009879459871,5.525245683647456e-144,0.9999998132089388,1.8679106124282683e-07,1,3.0808239848194743e-06,2.8042868413154893e-06,0.9999971957131588,0.1505664026601954,0.6988671946796092,0.1505664026601954,1,0.8205504274009678,0.7468971864457777,0.25310281355422226,0.6988671946796092
2024-11-14,4.046600770242822e-144,0.9999970141188,2.985880618700724e-06,0.8540839167215848,0.8540839167215848,1.1708451364340362,1.1459160832784152,2.9518309018268267e-144,0.9999970776930828,2.922306917261258e-06,1,4.0161688304874784e-05,3.655674410265732e-05,0.9999634432558974,0.1505664188856904,0.6988671622286192,0.15056641888569042,1,0.8205504772150694,0.7468972317885271,0.25310276821147293,0.6988671622286192
2024-11-15,5.139212385369729e-134,0.999991064196272,8.935803191361694e-06,0.9426951241988186,0.9426951241988186,1.0607883443227564,1.0573048758011814,4.567085060845197e-134,0.9999910935403736,8.906459626213186e-06,1,0.0001124772951877,0.0001023812461847,0.9998976187538152,0.15056652227159348,0.6988669554568131,0.15056652227159348,1,0.8205507946213472,0.7468975207041719,0.2531024792958281,0.6988669554568131
2024-11-16,5.6436355321178926e-133,0.9999833617004626,1.6638298990441396e-05,0.94752897684585,0.94752897684585,1.0553766949996783,1.05247102315415,5.0669192068956284e-133,0.999983407508952,1.6592491048137705e-05,1,0.0001992186344613,0.0001813366157617,0.9998186633842382,0.15056671408505262,0.6988665718298949,0.15056671408505262,1,0.8205513835095676,0.7468980567333302,0.2531019432666698,0.6988665718298949
2024-11-17,1.6307693984939828e-132,0.9998889301228469,0.0001110698765057,0.9526660061610712,0.9526660061610712,1.0496858222428542,1.0473339938389288,1.4800418596937575e-132,0.9998891789487488,0.0001108210512511,1,0.001120128058224,0.0010195844974408,0.9989804155025592,0.15056797569339184,0.6988640486132164,0.15056797569339184,1,0.8205552567672135,0.7469015823243743,0.2530984176756257,0.6988640486132164
2024-11-18,1.2909145868799932e-131,0.9996137178116952,0.0003862821874248,0.9663449692644996,0.9663449692644996,1.03482713917486,1.0336550307355004,1.2054857428446632e-131,0.9996141551705624,0.0003858448294376,1,0.0034185398095982,0.0031116890324817,0.9968883109675182,0.15057238375476356,0.698855232490473,0.15057238375476356,1,0.8205687896975522,0.7469139005284199,0.2530860994715801,0.698855232490473
2024-11-19,5.7930106071225976e-136,0.9999889701892988,1.102981025762783e-05,0.9676905795489456,0.9676905795489456,1.0333881729696224,1.0323094204510543,5.424720354770906e-136,0.9999889817036196,1.1018296380461025e-05,1,0.0001368026208916,0.0001245231118409,0.999875476888159,0.15057231858155423,0.6988553628368916,0.15057231858155426,1,0.8205685896157996,0.74691371840616,0.25308628159383995,0.6988553628368916
2024-11-20,1.4158228297373458e-151,0.9999999998581188,1.4113526679823018e-10,0.9610251345562476,0.9610251345562476,1.0405555110291147,1.0389748654437525,1.3076105128805339e-151,0.9999999998590792,1.4092087666344332e-10,1,3.365035200434405e-09,3.062987038415497e-09,0.9999999969370128,0.15057102280787188,0.6988579543842562,0.15057102280787188,1,0.8205646115738359,0.7469100974363195,0.25308990256368047,0.6988579543842562
2024-11-21,2.4082632524738626e-155,0.9999999999108696,8.935031129627977e-11,0.961244982137579,0.961244982137579,1.0403175242342897,1.038755017862421,2.2252157761261386e-155,0.999999999910784,8.921611147027993e-11,1,2.181304303644532e-09,1.985508742387191e-09,0.9999999980144912,0.1505665106147592,0.6988669787704815,0.15056651061475923,1,0.8205507588335732,0.7468974881287361,0.25310251187126387,0.6988669787704815
2024-11-22,7.779546727904401e-155,0.999999999990905,8.333377109703307e-12,0.9063006355184826,0.9063006355184826,1.1033866255957254,1.0936993644815174,6.3899706412924015e-155,0.9999999999917396,8.260213634503789e-12,1,2.466884080173335e-10,2.2454546573150327e-10,0.9999999997754544,0.15056638179068804,0.698867236418624,0.15056638179068804,1,0.8205503633292165,0.7468971281251564,0.2531028718748436,0.698867236418624
2024-11-23,7.928938438807039e-158,0.999999999990905,9.027579233322538e-12,0.9143433826867896,0.9143433826867896,1.0936810162736776,1.0856566173132105,6.628781413758176e-158,0.9999999999910388,8.961343378136064e-12,1,2.645518549575967e-10,2.4080547585929804e-10,0.9999999997591944,0.1505663817891452,0.6988672364217097,0.15056638178914517,1,0.8205503633244797,0.7468971281208449,0.25310287187915514,0.6988672364217097
2024-11-24,4.2140105056863157e-154,1.0,5.140188906789568e-13,0.9202508043274268,0.9202508043274268,1.0866602835852546,1.079749195672573,3.5686834384941703e-154,0.9999999999994892,5.107497643510634e-13,1,5.5772855845487003e-11,5.0766641171566167e-11,0.9999999999492334,0.15056638178810805,0.6988672364237839,0.15056638178810808,1,0.8205503633212957,0.7468971281179466,0.2531028718820534,0.6988672364237839
2024-11-25,4.349529915350943e-165,0.9999999983629096,1.637732868458143e-09,0.8982323785181794,0.8982323785181794,1.1132976542770674,1.1017676214818206,3.5092938410100137e-165,0.9999999983792284,1.6207714443671236e-09,1,3.4453405884620786e-08,3.136084152707775e-08,0.9999999686391584,0.15056638180696116,0.6988672363860777,0.15056638180696116,1,0.8205503633791769,0.7468971281706323,0.25310287182936775,0.6988672363860777
2024-11-26,1.218052696088271e-182,0.999999997422492,2.578392645063125e-09,0.7847121708701794,0.7847121708701794,1.274352606116819,1.2152878291298206,7.500441957015645e-183,0.9999999975411128,2.4588871130283646e-09,1,5.123040691053648e-08,4.663192596602491e-08,0.999999953368074,0.15056638183560514,0.6988672363287898,0.15056638183560514,1,0.820550363467117,0.7468971282506788,0.2531028717493212,0.6988672363287898
2024-11-27,3.457519528798838e-185,0.9999999389929164,6.10067548987718e-08,0.817115850756845,0.817115850756845,1.2238166706394944,1.182884149243155,2.308510812793749e-185,0.9999999410337144,5.8966285755923504e-08,1,1.0405643965638104e-06,9.471625315836644e-07,0.9999990528374684,0.15056638252501933,0.6988672349499613,0.1505663825250193,1,0.8205503655836969,0.7468971301772729,0.2531028698227271,0.6988672349499613
2024-11-28,1.41469846276679e-181,0.9999999714309528,2.8569123582994052e-08,0.8176661807944599,0.8176661807944599,1.2229929811067657,1.18233381920554,9.458362459922604e-182,0.9999999723806746,2.7619325336395825e-08,1,5.083544118716351e-07,4.627241267143779e-07,0.9999995372758732,0.15056638282898838,0.6988672343420234,0.15056638282898838,1,0.8205503665169163,0.7468971310267257,0.2531028689732743,0.6988672343420234
2024-11-29,8.763305168353325e-180,0.9999999802748792,1.972516441813996e-08,0.7982977226176069,0.7982977226176069,1.2526654801431905,1.201702277382393,5.584672584187138e-180,0.9999999810773303,1.8922669617536293e-08,1,3.554503400020562e-07,3.235448425877181e-07,0.9999996764551574,0.1505663830214791,0.6988672339570418,0.1505663830214791,1,0.8205503671078846,0.7468971315646483,0.2531028684353517,0.6988672339570418
2024-11-30,1.7888555952322488e-181,0.999999945830497,5.416949153825494e-08,0.8012483976164275,0.8012483976164275,1.2480524179203645,1.1987516023835725,1.1484434962294403e-181,0.9999999479703224,5.2029677590738105e-08,1,9.246705245392084e-07,8.416713831412009e-07,0.9999991583286169,0.15056638294037789,0.6988672341192442,0.15056638294037789,1,0.8205503668588947,0.746897131338008,0.25310286866199205,0.6988672341192442
2024-12-01,7.183848415243813e-191,0.9999999965039024,3.4960421055092364e-09,0.7653874795581013,0.7653874795581013,1.3065277741116863,1.2346125204418987,4.2084276676534546e-191,0.9999999966963906,3.3036093390507766e-09,1,6.784495022716149e-08,6.175513502530774e-08,0.999999938244865,0.15056638265608416,0.6988672346878317,0.15056638265608416,1,0.8205503659860807,0.7468971305435383,0.25310286945646165,0.6988672346878317
2024-12-02,3.3114437668908227e-193,0.999999993133315,6.867436320316867e-09,0.729030573896611,0.729030573896611,1.3716845847151222,1.270969426103389,1.7599846042737587e-193,0.9999999936368013,6.363198726944949e-09,1,1.264817907915861e-07,1.1512868743251077e-07,0.9999998848713124,0.15056638250924173,0.6988672349815165,0.15056638250924173,1,0.820550365535258,0.7468971301331818,0.2531028698668182,0.6988672349815165
2024-12-03,5.496367092920221e-195,0.9999999935771484,6.422907160567263e-09,0.7290090151200315,0.7290090151200315,1.3717251491538136,1.2709909848799683,2.9210670705493843e-195,0.9999999940487664,5.951233821649966e-09,1,1.1869325318269586e-07,1.0803925498284049e-07,0.999999891960745,0.15056638197050326,0.6988672360589936,0.15056638197050326,1,0.8205503638812695,0.7468971286276567,0.25310287137234333,0.6988672360589936
2024-12-04,3.6438558499797077e-199,0.9999999999054126,9.457428471869923e-11,0.7300399868940317,0.7300399868940317,1.369787981415262,1.2699600131059685,1.9420235197514472e-199,0.9999999999123182,8.768186134731848e-11,1,2.145788471349447e-09,1.953180838665904e-09,0.9999999980468192,0.1505663819329034,0.6988672361341933,0.1505663819329034,1,0.8205503637658336,0.7468971285225824,0.2531028714774176,0.6988672361341933
2024-12-05,7.819318060563452e-226,0.999999999992724,7.648101911780687e-12,0.6975076843746232,0.6975076843746232,1.4336759614291386,1.302492315625377,3.804230928429112e-226,0.9999999999930516,6.948288342149016e-12,1,2.1309842919238384e-10,1.9397054938346928e-10,0.9999999998060296,0.1505663818585876,0.6988672362828249,0.1505663818585876,1,0.8205503635376756,0.7468971283149041,0.25310287168509593,0.6988672362828249
2024-12-06,3.027858982563102e-223,0.999999999992724,7.982480424687963e-12,0.6734772573967855,0.6734772573967855,1.484831134261807,1.3265227426032145,1.373350892439976e-223,0.9999999999928686,7.131411499530173e-12,1,2.1780088605709526e-10,1.9825091008325036e-10,0.9999999998017493,0.15056638178909051,0.698867236421819,0.15056638178909051,1,0.8205503633243119,0.746897128120692,0.253102871879308,0.698867236421819
2024-12-07,4.753437798397334e-224,0.999999999994543,5.360497463433783e-12,0.6806626805829937,0.6806626805829937,1.4691564978169378,1.3193373194170062,2.202275740298218e-224,0.999999999995186,4.813853639596516e-12,1,1.5789167865738955e-10,1.4371919947191539e-10,0.9999999998562809,0.15056638178812162,0.6988672364237568,0.15056638178812165,1,0.8205503633213374,0.7468971281179845,0.2531028718820155,0.6988672364237568
2024-12-08,5.269524056548501e-227,0.999999999989086,1.1638716861735296e-11,0.6873673530586676,0.6873673530586676,1.4548261501658035,1.3126326469413323,2.489712466480897e-227,0.9999999999894988,1.050115831330465e-11,1,3.035965815065689e-10,2.7634551755709084e-10,0.9999999997236544,0.15056638178816314,0.6988672364236737,0.15056638178816317,1,0.8205503633214648,0.7468971281181005,0.2531028718818995,0.6988672364236737
2024-12-09,8.646560006591445e-215,0.9999999999672582,3.2912946968761835e-11,0.7725832716277032,0.7725832716277032,1.2943588564805033,1.2274167283722968,5.161001205177387e-215,0.9999999999687892,3.1210743054207165e-11,1,8.138376721207297e-10,7.407869732709586e-10,0.999999999259213,0.15056638178844473,0.6988672364231107,0.15056638178844473,1,0.8205503633223292,0.7468971281188873,0.2531028718811127,0.6988672364231107
2024-12-10,1.3572134807415278e-213,0.9999999999345164,6.577451989856997e-11,0.783746674424074,0.783746674424074,1.2759224793327983,1.216253325575926,8.33680391440309e-214,0.9999999999373016,6.269854153431878e-11,1,1.563286490574633e-09,1.4229646861768366e-09,0.9999999985770354,0.1505663817891215,0.6988672364217571,0.1505663817891215,1,0.8205503633244071,0.7468971281207787,0.2531028718792213,0.6988672364217571
2024-12-11,6.759337490121783e-207,0.999999999992724,7.705987635641425e-12,0.7665073658721031,0.7665073658721031,1.3046189045583898,1.233492634127897,3.9713374967132896e-207,0.9999999999927142,7.285866358392043e-12,1,2.2176352002422978e-10,2.0185785496090007e-10,0.999999999798142,0.15056638178908388,0.6988672364218322,0.15056638178908388,1,0.8205503633242915,0.7468971281206735,0.25310287187932645,0.6988672364218322
2024-12-12,5.5314873393184725e-207,0.9999999998781276,1.2263975253081254e-10,0.8244963448792578,0.8244963448792578,1.2128616533120515,1.175503655120742,3.7602731363247255e-207,0.9999999998811376,1.1886226015129542e-10,1,2.862859245800949e-09,2.6058867858393472e-09,0.9999999973941132,0.1505663817901087,0.6988672364197827,0.1505663817901087,1,0.8205503633274378,0.7468971281235374,0.25310287187646263,0.6988672364197827
2024-12-13,4.9657422274201e-206,0.9999999999727152,2.657134420856416e-11,0.8232184993961662,0.8232184993961662,1.214744324542638,1.1767815006038338,3.3652273834581517e-206,0.9999999999742588,2.574094455854841e-11,1,6.810119579047523e-10,6.198837978868501e-10,0.9999999993801162,0.1505663817896766,0.6988672364206469,0.1505663817896766,1,0.8205503633261112,0.7468971281223298,0.2531028718776702,0.6988672364206469
2024-12-14,1.2309791848424406e-208,0.9999999999672582,3.1896576257420883e-11,0.827380932077239,0.827380932077239,1.2086331231847225,1.172619067922761,8.426781343214813e-209,0.999999999969054,3.0946143046631406e-11,1,8.074358385298074e-10,7.349597732141636e-10,0.9999999992650402,0.15056638178995324,0.6988672364200936,0.15056638178995324,1,0.8205503633269604,0.7468971281231028,0.2531028718768972,0.6988672364200936
2024-12-15,5.0924980340874246e-207,1.0,3.7151124638424593e-13,0.8271801702077817,0.8271801702077817,1.208926466103276,1.1728198297922183,3.484424825436697e-207,0.9999999999996396,3.604154338307678e-13,1,5.5622420625650346e-11,5.0629709133404623e-11,0.9999999999493704,0.15056638178856774,0.6988672364228646,0.15056638178856774,1,0.8205503633227069,0.7468971281192311,0.25310287188076885,0.6988672364228646
2024-12-16,1.01565942378029e-203,0.999999999998181,1.924065693915711e-12,0.8656567032376645,0.8656567032376645,1.155192348490891,1.1343432967623357,7.610960975896586e-204,0.9999999999981108,1.889339922719125e-12,1,8.052262888170987e-11,7.329485543924741e-11,0.9999999999267052,0.15056638178828885,0.6988672364234224,0.15056638178828885,1,0.8205503633218507,0.7468971281184518,0.25310287188154823,0.6988672364234224
2024-12-17,1.804146316778872e-204,0.9999999585415944,4.1458321560014363e-08,0.9111296320383332,0.9111296320383332,1.097538665011751,1.088870367961667,1.4977250667253971e-204,0.999999958869114,4.1130886141881615e-08,1,7.406511991409784e-07,6.741697747063239e-07,0.9999993258302252,0.15056638226881983,0.6988672354623603,0.15056638226881983,1,0.8205503647971353,0.7468971294613137,0.2531028705386863,0.6988672354623603
2024-12-18,1.4247103402298883e-151,1.3778367304561286e-64,1.0,1.579680381892991,1.579680381892991,0.6330394499181297,1.579680381892991,1.4247103402298883e-151,5.521528379555627e-65,1.0,2,5.5262042231857085e-11,5.030167858294522e-11,0.9999999999496983,0.1505663822688156,0.5161002839169362,0.3333333338142482,1,0.9926558309120483,0.9035542758360035,0.09644572416399655,0.5161002839169362
2024-12-19,5.8563393881447e-139,1.935345900362397e-33,1.0,1.3838144497864089,1.3838144497864089,0.7226402355853052,1.3838144497864089,5.856339388144699e-139,1.0106548732691757e-33,1.0,2,5.5262042231857085e-11,5.030167858294522e-11,0.9999999999496983,0.1505663822687935,0.3333333323715478,0.5161002853596587,2,0.9926558302813329,0.9035542752619015,0.09644572473809854,0.5161002853596587
2024-12-20,5.42818704612555e-133,1.6803625203455055e-05,0.9999831963752802,1.1362706175548547,1.1362706175548547,0.8800720396624389,1.1362706175548547,5.4282076123380456e-133,1.3014907283587348e-05,0.9999869850927164,2,0.0001594249453056,0.00014511483892,0.99985488516108,0.15056653395629752,0.15056653395629757,0.6988669320874049,2,0.820550830494682,0.7468975533574884,0.2531024466425116,0.6988669320874049
2024-12-21,3.0838538873977464e-132,6.937356522485814e-05,0.9999306264343684,1.1534392514109038,1.1534392514109038,0.866972403424615,1.1534392514109038,3.083907021695296e-132,5.214492466030133e-05,0.9999478550753396,2,0.0005663699174634,0.0005155321156566,0.9994844678843432,0.1505671436406576,0.15056714364065762,0.6988657127186849,2,0.8205527022895445,0.7468992571385964,0.2531007428614036,0.6988657127186849
2024-12-22,7.654172159789281e-133,0.0116824290490249,0.988317570951404,1.140831054456199,1.140831054456199,0.8765539788682127,1.140831054456199,7.67494263572081e-133,0.0090005157219014,0.9909994842780986,2,0.0513565789391541,0.0467467726957757,0.9532532273042242,0.1506729153261156,0.15067291532611563,0.6986541693477689,2,0.8208773255270445,0.7471947419432435,0.25280525805675647,0.6986541693477689
2024-12-23,2.0574649211277048e-133,0.9569147411255614,0.0430852588743687,1.0715817345622614,1.0715817345622614,0.9331999302960288,1.0715817345622614,2.347562492809589e-133,0.9508398239562592,0.0491601760437409,1,0.1960349690110645,0.1784387185844474,0.8215612814155526,0.14636861150083827,0.30991280148748807,0.5437185870116736,2,0.9756181716924701,0.888045930084443,0.11195406991555701,0.5437185870116736
2024-12-24,2.362804618896632e-135,0.999953892832078,4.610716847178456e-05,0.9722513231364406,0.9722513231364406,1.0285406419134957,1.0277486768635593,2.2334946281915988e-135,0.9999539283319082,4.607166809173144e-05,1,0.0005061106317979,0.0004606817500753,0.9995393182499246,0.14636854048978246,0.4926780660019519,0.36095339350826555,1,0.9978461273785753,0.9082786872776589,0.09172131272234108,0.4926780660019519
2024-12-25,1.907363332225952e-138,0.9999998632101872,1.3678975067393633e-07,0.9391965949361546,0.9391965949361546,1.0647398056931614,1.0608034050638455,1.6824665878557264e-138,0.9999998637159684,1.3628403163876429e-07,1,2.290761128424879e-06,2.0851406379242837e-06,0.999997914859362,0.14626277039772587,0.6753392426751238,0.17839798692715036,1,0.8537775128005343,0.777141782962943,0.222858217037057,0.6753392426751238
2024-12-26,1.733398089982875e-138,0.999999401263446,5.987362212164001e-07,0.9525623717368492,0.9525623717368492,1.049800023253759,1.0474376282631508,1.572842218907388e-138,0.9999994026111312,5.973888687938624e-07,1,9.158415528240229e-06,8.336349067552603e-06,0.9999916636509324,0.1505669290391408,0.6988661419217185,0.1505669290391408,1,0.8205520434412098,0.7468986574289979,0.25310134257100214,0.6988661419217185
2024-12-27,3.661336235605295e-132,0.9991055755548344,0.0008944244443847,1.0650281088059028,1.0650281088059028,0.9389423544146532,1.0650281088059028,4.1524995583002544e-132,0.9989855897215552,0.0010144102784448,1,0.0080066799625462,0.0072879941769566,0.9927120058230432,0.15057825743330733,0.6988434851333855,0.15057825743330733,1,0.820586821559188,0.7469303138362099,0.2530696861637901,0.6988434851333855
2024-12-28,3.540944217459992e-128,0.9983093990827622,0.0016906009171713,1.0580759358311609,1.0580759358311609,0.9451117506178424,1.0580759358311609,3.9633735900128397e-128,0.9981077129107744,0.0018922870892257,1,0.013755077153797,0.0125204107906647,0.9874795892093352,0.15060040376054382,0.6987991924789124,0.15060040376054382,1,0.8206548036370956,0.746992193790229,0.25300780620977104,0.6987991924789124
2024-12-29,9.226576047272403e-134,0.9948565518985412,0.0051434481016901,1.0170188076658389,1.0170188076658389,0.98326598531162,1.0170188076658389,9.541614405585387e-134,0.9946809305803126,0.0053190694196874,1,0.0331579758773706,0.0301816903191291,0.9698183096808708,0.1506627741209362,0.6986744517581276,0.1506627741209362,1,0.8208462104298915,0.7471664197612746,0.2528335802387254,0.6986744517581276
2024-12-30,7.759928826217983e-134,0.0662087960675631,0.933791203932794,1.108658562124092,1.108658562124092,0.9019909593122056,1.108658562124092,7.856899740128028e-134,0.0545397990345802,0.9454602009654196,2,0.211671411275755,0.1926716216986544,0.8073283783013455,0.14602522394507353,0.5459443198675388,0.3080304561873876,1,0.9740987192233852,0.8866628648440869,0.11333713515591315,0.5459443198675388
2024-12-31,1.3092349280998469e-144,0.0008748888002021,0.9991251112000245,1.0923184177353775,1.0923184177353775,0.9154839685603996,1.0923184177353775,1.3094203878081997e-144,0.000733357705934,0.999266642294066,2,0.0060263744592908,0.0054854424271886,0.9945145575728114,0.1460116538351662,0.36323024197411263,0.49075810419072124,2,0.998109960355539,0.9085188384025691,0.09148116159743092,0.49075810419072124
2025-01-01,2.2392901033195272e-143,0.0001750690442895,0.9998249309551523,1.0843857004338298,1.0843857004338298,0.92218110179794,1.0843857004338298,2.2393487455505668e-143,0.0001488857626937,0.9998511142373062,2,0.001460905363979,0.0013297733686832,0.9986702266313168,0.14595101737480207,0.1805897860030962,0.6734591966221019,2,0.8562019475826554,0.7793485986040282,0.22065140139597184,0.6734591966221019
2025-01-02,9.71276287714025e-140,0.0003643034379746,0.999635696561804,1.071402690174613,1.071402690174613,0.9333558793258432,1.071402690174613,9.713218809155878e-140,0.0003173790024004,0.9996826209975996,2,0.0028739478897347,0.002615980104518,0.997384019895482,0.15058041187189683,0.15058041187189689,0.6988391762562064,2,0.8205934353997033,0.7469363340132855,0.2530636659867145,0.6988391762562064
2025-01-03,3.0811690295008385e-132,0.0138376757132801,0.9861623242862592,1.0395104966277473,1.0395104966277473,0.9619912480384544,1.0395104966277473,3.084351817664589e-132,0.012818989058376,0.987181010941624,2,0.0685865989462642,0.0624302127818126,0.9375697872181874,0.15007514522953871,0.1543637577829488,0.6955610969875125,2,0.8255693516280596,0.7514656081527444,0.24853439184725556,0.6955610969875125
2025-01-04,6.074703299974611e-135,0.048949175812014,0.951050824187492,1.0343813179904229,1.0343813179904229,0.9667614665960732,1.0343813179904229,6.094204257387832e-135,0.0458961210863016,0.9541038789136984,2,0.186249545994,0.1695316427051781,0.8304683572948218,0.14598042676133363,0.1807775858419389,0.6732419873967275,2,0.8564939655443502,0.7796144048076423,0.22038559519235768,0.6732419873967275
2025-01-05,1.5060270664242143e-139,0.144091005283952,0.8559089947162216,1.0299747691661372,1.0299747691661372,0.970897569471139,1.0299747691661372,1.518577745290641e-139,0.1369581726999161,0.8630418273000838,2,0.3994030259915501,0.3635523014909672,0.6364476985090328,0.13845861931234726,0.23267724152653343,0.6288641391611193,2,0.9047178909639481,0.8235097133864874,0.17649028661351263,0.6288641391611193
2025-01-06,1.7206278952740972e-136,0.7373071276859654,0.2626928723132369,1.0264016388116588,1.0264016388116588,0.9742774779254776,1.0264016388116588,1.7875594105020475e-136,0.7270885138703769,0.272911486129623,1,0.5861332146936221,0.5335214440430246,0.4664785559569754,0.12949380419946788,0.3486830926073055,0.5218231031932267,2,0.9714784604870561,0.8842778025583685,0.11572219744163148,0.5218231031932267
2025-01-07,1.7153671355600167e-161,0.9999949368721838,5.063128304579555e-06,0.98749069946157,0.98749069946157,1.01266776542326,1.0125093005384298,1.6727194759288089e-161,0.9999949376639828,5.0623360171068925e-06,1,6.67908690252511e-05,6.079566896727894e-05,0.9999392043310328,0.13358684097093776,0.5050343568335305,0.36137880219553176,1,0.9817359693274443,0.8936145894723614,0.10638541052763861,0.5050343568335305
2025-01-08,2.957432782816659e-166,0.9999999736592148,2.6341457408471694e-08,0.95926494089968,0.95926494089968,1.0424648680083264,1.04073505910032,2.721397785966284e-166,0.999999973702252,2.6297747842908824e-08,1,4.853205505481322e-07,4.417578025970428e-07,0.9999995582421974,0.1411049373386884,0.6358979406907314,0.2229971219705803,1,0.8988295612850072,0.8181499247334044,0.18185007526659558,0.6358979406907314
2025-01-09,1.5915333255610812e-167,0.9992062179308449,0.0007937820699876,1.0107132100711749,1.0107132100711749,0.9894003462461718,1.0107132100711749,1.6257890527234824e-167,0.9991891327822626,0.0008108672177373,1,0.0065818098021018,0.00599102146407,0.99400897853593,0.15057592611026116,0.6988481477794778,0.15057592611026113,1,0.820579664607489,0.7469237992980303,0.2530762007019697,0.6988481477794778
2025-01-10,6.167420755703185e-154,0.0375655677038566,0.9624344322965862,1.1021775437427892,1.1021775437427892,0.907294841631582,1.1021775437427892,6.20865989198412e-154,0.0311301441629911,0.9688698558370088,2,0.1386489775164336,0.1262037380671603,0.8737962619328397,0.1476479297296848,0.5348998628527208,0.31745220741759433,1,0.9813667797489309,0.8932785386359366,0.10672146136406335,0.5348998628527208
2025-01-11,6.641002006597235e-152,0.0037659525025966,0.9962340474980071,1.097024266360796,1.097024266360796,0.9115568640221072,1.097024266360796,6.6452329420723684e-152,0.0031312588264138,0.996868741173586,2,0.0211821922799831,0.0192808623191928,0.9807191376808072,0.1476846044323852,0.3521695869323902,0.5001458086352246,2,0.9965408008915376,0.9070905279056023,0.0929094720943977,0.5001458086352246
2025-01-12,8.683297681191659e-156,0.0020721767194664,0.9979278232800608,1.085380997221884,1.085380997221884,0.9213354596769032,1.085380997221884,8.686018062149534e-156,0.0017595369893371,0.9982404630106628,2,0.0129182114418535,0.0117586627922347,0.9882413372077652,0.14769571222676794,0.16944219766253774,0.6828620901106944,2,0.8437703151546624,0.7680328391170627,0.23196716088293734,0.6828620901106944
2025-01-13,6.476551795595617e-168,0.042764912827481,0.9572350871724644,1.049125635037932,1.049125635037932,0.9531746881428972,1.049125635037932,6.501982309736118e-168,0.039006279964184,0.960993720035816,2,0.1647730908615354,0.1499829307947175,0.8500170692052824,0.14702504710527856,0.1737745912908649,0.6792003616038566,2,0.8487155612889503,0.7725341961338162,0.22746580386618376,0.6792003616038566
2025-01-14,1.7353168747432337e-167,0.5486981632975633,0.4513018367017287,1.0253681252889122,1.0253681252889122,0.9752594949430826,1.0253681252889122,1.7831302376412138e-167,0.5362633977469147,0.4637366022530852,1,0.6905148019375114,0.6285336592899841,0.3714663407100159,0.13665411747850179,0.27384157732991904,0.5895043051915791,2,0.9382013789030024,0.8539876975529013,0.14601230244709873,0.5895043051915791
2025-01-15,6.878940339559821e-154,0.9996020612887188,0.000397938711243,0.9287535863220356,0.9287535863220356,1.0767118584813309,1.0712464136779642,5.9336705222924e-154,0.9996040804463934,0.0003959195536066,1,0.003497593561468,0.0031836468584456,0.9968163531415544,0.13663815489471381,0.456578676178582,0.40678316892670424,1,0.9958135291494266,0.9064285366375155,0.09357146336248445,0.456578676178582
2025-01-16,5.989506263551596e-162,0.999999497751686,5.022484734893194e-07,0.9371951753086886,0.9371951753086886,1.067013602231387,1.0628048246913115,5.260791776283363e-162,0.9999994997326176,5.002673824957911e-07,1,7.758235664698115e-06,7.061850431423559e-06,0.9999929381495686,0.1402367630579639,0.616194674154643,0.24356856278739303,1,0.9178467951974414,0.8354601570224401,0.16453984297755986,0.616194674154643
2025-01-17,4.455570985029269e-156,0.9999999944575392,5.5429067606155145e-09,0.8638968078534872,0.8638968078534872,1.157545659283875,1.1361031921465128,3.325271466100281e-156,0.9999999945597704,5.4402295189335684e-09,1,1.089924066610387e-07,9.920916394734165e-08,0.999999900790836,0.15057101773817896,0.6988579645236421,0.15057101773817896,1,0.8205645960097503,0.7469100832692783,0.2530899167307217,0.6988579645236421
2025-01-18,1.1894175378755465e-159,0.9999999957472028,4.2526940298054675e-09,0.8657756123290187,0.8657756123290187,1.1550336897454352,1.1342243876709812,8.915486244172117e-160,0.9999999958239232,4.176076702439119e-09,1,8.477648747211255e-08,7.71668843927555e-08,0.9999999228331156,0.15056638774934417,0.6988672245013118,0.15056638774934417,1,0.8205503816229665,0.7468971447768452,0.2531028552231548,0.6988672245013118
2025-01-19,1.9118583602115967e-162,0.9999999999217836,7.760194545295109e-11,0.8552096100063251,0.8552096100063251,1.1693039791643642,1.1447903899936749,1.3983016151163942e-162,0.9999999999240248,7.597507832226689e-11,1,1.873872242478041e-09,1.7056720207907099e-09,0.999999998294328,0.15056638190122065,0.6988672361975587,0.15056638190122065,1,0.820550363668564,0.7468971284340439,0.2531028715659561,0.6988672361975587
2025-01-20,1.1684324160671904e-166,0.9999999999527064,4.70078226118514e-11,0.855280470888945,0.855280470888945,1.169207101105254,1.144719529111055,8.547137851561523e-167,0.9999999999539768,4.602330289815675e-11,1,1.1690951401250818e-09,1.0641562562006483e-09,0.9999999989358438,0.15056638183815285,0.6988672363236943,0.15056638183815285,1,0.8205503634749388,0.7468971282577985,0.2531028717422015,0.6988672363236943
2025-01-21,4.390920870226325e-162,0.9999999999708962,2.994516790526097e-11,0.7985727181749763,0.7985727181749763,1.2522341137390178,1.2014272818250236,2.800170971352385e-162,0.9999999999712698,2.8730204109199927e-11,1,7.537315784229124e-10,6.860760490278971e-10,0.999999999313924,0.15056638178966306,0.6988672364206739,0.15056638178966306,1,0.8205503633260697,0.746897128122292,0.25310287187770797,0.6988672364206739
2025-01-22,8.656100464772374e-160,0.999999999978172,2.0928582449279383e-11,0.8324187361772512,0.8324187361772512,1.2013184669440993,1.1675812638227487,5.997993377600466e-160,0.9999999999796592,2.0340835022992808e-11,1,5.487304844482611e-10,4.994760117907551e-10,0.999999999500524,0.15056638178901258,0.6988672364219749,0.15056638178901258,1,0.8205503633240726,0.7468971281204743,0.25310287187952574,0.6988672364219749
2025-01-23,1.7525042535765334e-163,0.9999999999581632,4.2176432265157416e-11,0.8231977386468823,0.8231977386468823,1.214774959955227,1.1768022613531175,1.1875924233471428e-163,0.999999999959142,4.0858037498008475e-11,1,1.0458508623556048e-09,9.519744801175766e-10,0.9999999990480256,0.15056638178895218,0.6988672364220957,0.15056638178895218,1,0.8205503633238872,0.7468971281203055,0.2531028718796945,0.6988672364220957
2025-01-24,2.882103928693525e-162,0.9999999998672138,1.3195428376125552e-10,0.820914201720546,0.820914201720546,1.2181540993006454,1.179085798279454,1.942250202391797e-162,0.9999999998722778,1.2772228250526318e-10,1,3.0650153080687262e-09,2.789897163615894e-09,0.9999999972101028,0.1505663817901096,0.6988672364197809,0.15056638179010956,1,0.8205503633274406,0.7468971281235399,0.2531028718764601,0.6988672364197809
2025-01-25,2.245878482330468e-161,0.9999999998763088,1.2419059681642876e-10,0.8216664854620932,0.8216664854620932,1.2170388079509105,1.1783335145379068,1.5162729958174148e-161,0.999999999879759,1.2024098283780456e-10,1,2.894359259121889e-09,2.634559333603334e-09,0.9999999973654408,0.15056638179127757,0.698867236417445,0.15056638179127757,1,0.8205503633310263,0.7468971281268038,0.25310287187319624,0.698867236417445
2025-01-26,5.265983372517026e-162,0.9999999996271072,3.7299109813583135e-10,0.791045698475287,0.791045698475287,1.2641494694016604,1.208954301524713,3.295206457754604e-162,0.9999999996432944,3.5670559806703074e-10,1,8.144149621607762e-09,7.413124453105499e-09,0.9999999925868756,0.15056638179497042,0.6988672364100592,0.15056638179497042,1,0.8205503633423639,0.7468971281371236,0.2531028718628764,0.6988672364100592
2025-01-27,4.5911123363475774e-166,0.9999988902297238,1.1097698212381362e-06,0.9373421710637312,0.9373421710637312,1.0668462711596156,1.062657828936269,4.0337988143537775e-166,0.999998894587134,1.1054128658225323e-06,1,1.6266499743830986e-05,1.4806406146750365e-05,0.9999851935938532,0.15056639471771585,0.6988672105645684,0.15056639471771585,1,0.820550403016657,0.7468971642502216,0.25310283574977843,0.6988672105645684
2025-01-28,2.041208817201458e-161,0.9999999961364664,3.863456649734215e-09,0.853526686706819,0.853526686706819,1.1716095297012004,1.146473313293181,1.487036554927626e-161,0.9999999962194316,3.780568383975565e-09,1,7.71262420867981e-08,7.020333094972132e-08,0.9999999297966692,0.15056639476051156,0.6988672104789769,0.15056639476051156,1,0.8205504031480446,0.7468971643698157,0.2531028356301843,0.6988672104789769
2025-01-29,9.372615926633216e-168,0.9999999969822966,3.018022167480725e-09,0.8613205742038579,0.8613205742038579,1.1610079103524578,1.138679425796142,6.953291928678762e-168,0.9999999970400204,2.959979616213023e-09,1,6.111593733993273e-08,5.563012353887461e-08,0.9999999443698764,0.1505663947909484,0.6988672104181032,0.1505663947909484,1,0.8205504032414892,0.7468971644548726,0.25310283554512736,0.6988672104181032
2025-01-30,8.975332783675433e-177,0.9999999999690772,3.160540688869537e-11,0.8105479897488745,0.8105479897488745,1.233733242999988,1.1894520102511257,5.896686326979885e-177,0.999999999969529,3.0471023595966146e-11,1,7.95934808823087e-10,7.244910848285065e-10,0.9999999992755088,0.15056638186706595,0.6988672362658682,0.15056638186706595,1,0.8205503635637054,0.7468971283385973,0.25310287166140266,0.6988672362658682
2025-01-31,6.670383943579927e-174,0.9999999998799468,1.209444513405517e-10,0.8430792311289997,0.8430792311289997,1.1861281396540413,1.156920768871,4.74119277546234e-174,0.9999999998820336,1.179662997260109e-10,1,2.842380326351888e-09,2.58724607003788e-09,0.999999997412754,0.15056638182424364,0.6988672363515128,0.15056638182424364,1,0.8205503634322359,0.7468971282189286,0.2531028717810714,0.6988672363515128
2025-02-01,7.414128710330651e-170,0.9999999997435224,2.562480104436484e-10,0.8486619203938406,0.8486619203938406,1.1783255215880637,1.1513380796061594,5.339856087403301e-170,0.999999999749621,2.503791073380728e-10,1,5.813402623301874e-09,5.291587107904725e-09,0.9999999947084128,0.1505663817925636,0.6988672364148728,0.1505663817925636,1,0.8205503633349747,0.7468971281303977,0.25310287186960234,0.6988672364148728
2025-02-02,5.054855142308874e-159,0.9999999989904608,1.00876170608401e-09,0.8558362399279469,0.8558362399279469,1.1684478330623045,1.1441637600720531,3.702457307939957e-159,0.9999999990122036,9.877964201875767e-10,1,2.1497924040553172e-08,1.9568253752755617e-08,0.9999999804317462,0.15056638180375645,0.6988672363924872,0.15056638180375645,1,0.820550363369338,0.7468971281616765,0.2531028718383235,0.6988672363924872
2025-02-03,2.811512472093404e-154,0.9999583067635116,4.169323626070219e-05,0.9468537554618652,0.9468537554618652,1.056129306380805,1.053146244538135,2.5206112927118332e-154,0.9999584245223608,4.157547763916069e-05,1,0.0004609880612653,0.0004196094163703,0.9995803905836296,0.150566867904657,0.698866264190686,0.150566867904657,1,0.8205518557520086,0.7468984865869245,0.2531015134130755,0.698866264190686
2025-02-04,4.641972051104787e-165,0.999999330080979,6.699187247294e-07,0.8931051166584777,0.8931051166584777,1.119689028030055,1.1068948833415222,3.702607526000036e-165,0.9999993377361074,6.622638927156248e-07,1,1.008471821069287e-05,9.179506104850662e-06,0.9999908204938952,0.15056687564476823,0.6988662487104635,0.15056687564476826,1,0.8205518795149562,0.7468985082168915,0.2531014917831085,0.6988662487104635
2025-02-05,1.881965200670139e-169,0.9999999583596956,4.163997034042359e-08,0.8345667053781161,0.8345667053781161,1.198226569015752,1.165433294621884,1.3107917480415349e-169,0.9999999594996396,4.0500360392592274e-08,1,7.29923301239946e-07,6.644048212175565e-07,0.9999993355951788,0.15056687610674,0.6988662477865201,0.15056687610674,1,0.8205518809332576,0.7468985095078851,0.25310149049211494,0.6988662477865201
2025-02-06,1.654691107609426e-182,0.9999999630981626,3.690217223238858e-08,0.8120463426736019,0.8120463426736019,1.2314568115750324,1.187953657326398,1.091135191514681e-182,0.9999999644014552,3.5598544838791085e-08,1,6.461754321423921e-07,5.881742256185535e-07,0.9999994118257745,0.15056639042067013,0.6988672191586597,0.15056639042067013,1,0.82055038982424,0.7468971522419661,0.25310284775803393,0.6988672191586597
2025-02-07,8.418250710229268e-177,0.999999265450512,7.345492133825061e-07,0.8611128303327883,0.8611128303327883,1.1612880040511495,1.1388871696672118,6.242261844575658e-177,0.9999992796199708,7.203800293689815e-07,1,1.0909092942105086e-05,9.929884322822024e-06,0.9999900701156772,0.15056639110015105,0.6988672177996978,0.15056639110015105,1,0.8205503919103235,0.7468971541408012,0.25310284585919884,0.6988672177996978
2025-02-08,1.8526807046817174e-178,0.9999996300158048,3.699844505128441e-07,0.8579059977464583,0.8579059977464583,1.1656288714926732,1.1420940022535415,1.3635780128654518e-178,0.999999637485794,3.6251420614965886e-07,1,5.738700739572439e-06,5.2235905230312766e-06,0.999994776409477,0.15056639486506307,0.698867210269874,0.15056639486506307,1,0.8205504034690294,0.7468971646619886,0.25310283533801137,0.698867210269874
2025-02-09,7.03486151513823e-181,0.9999996502629686,3.497373135618097e-07,0.8547795549474628,0.8547795549474628,1.1698922771514615,1.1452204450525372,5.140008150167544e-181,0.9999996576382864,3.42361713693824e-07,1,5.439264383402366e-06,4.95103180576707e-06,0.9999950489681942,0.1505663984516676,0.6988672030966648,0.1505663984516676,1,0.8205504144803115,0.7468971746848896,0.2531028253151104,0.6988672030966648
2025-02-10,3.168703161202732e-186,0.9999999644296628,3.5570989492575064e-08,0.819722677106163,0.819722677106163,1.2199247720342,1.180277322893837,2.1291950953055605e-186,0.9999999655850644,3.441493546317811e-08,1,6.258554953285446e-07,5.696782220480107e-07,0.999999430321778,0.1505663904315195,0.698867219136961,0.1505663904315195,1,0.8205503898575488,0.746897152272285,0.25310284772771496,0.698867219136961
2025-02-11,7.785028494456769e-190,0.9999986394423264,1.3605583414857718e-06,0.8833446944310199,0.8833446944310199,1.1320609115608262,1.11665530556898,6.074641102493765e-190,0.999998657956738,1.3420432621333406e-06,1,1.948826274720637e-05,1.773898121131773e-05,0.9999822610187888,0.15056640188395695,0.6988671962320862,0.15056640188395695,1,0.8205504250178279,0.7468971842765504,0.2531028157234496,0.6988671962320862
2025-02-12,1.3283828032333985e-184,0.9999981296513608,1.8703493311992408e-06,0.8787324113596402,0.8787324113596402,1.1380028630703691,1.1212675886403598,1.0257382418618852e-184,0.999998157155654,1.8428443462187243e-06,1,2.6176156221254955e-05,2.3826564194898383e-05,0.9999761734358052,0.1505664194272733,0.6988671611454533,0.15056641942727333,1,0.82055047887779,0.7468972333020005,0.25310276669799947,0.6988671611454533
2025-02-13,7.698373975559739e-182,0.99999997757368,2.2426062249559304e-08,0.7942859662200692,0.7942859662200692,1.258992406423727,1.2057140337799308,4.856828671965449e-182,0.9999999785229696,2.147703025405208e-08,1,4.007091601613802e-07,3.647411960475842e-07,0.999999635258804,0.15056641927600634,0.6988671614479873,0.1505664192760063,1,0.8205504784133832,0.7468972328792793,0.25310276712072066,0.6988671614479873
2025-02-14,2.744810870882255e-184,0.9999999533392848,4.6661376527608734e-08,0.7822762859297606,0.7822762859297606,1.2783207390870448,1.2177237140702393,1.6797039997449373e-184,0.9999999555505414,4.4449458666418124e-08,1,7.969581096324304e-07,7.254225333658097e-07,0.9999992745774666,0.15056640410482883,0.6988671917903423,0.15056640410482883,1,0.8205504318361557,0.7468971904828597,0.25310280951714026,0.6988671917903423
2025-02-15,1.519377531556167e-188,0.9999999664869398,3.3513691762266663e-08,0.7820952176072795,0.7820952176072795,1.278616692043422,1.2179047823927205,9.293621070761692e-189,0.9999999680776218,3.192237813867051e-08,1,5.829289326362269e-07,5.306047808212069e-07,0.9999994693952192,0.150566382931927,0.698867234136146,0.150566382931927,1,0.8205503668329497,0.7468971313143918,0.25310286868560816,0.698867234136146
2025-02-16,9.047223149246212e-206,0.99999999998181,1.8440071973238448e-11,0.7665253040443639,0.7665253040443639,1.304588373956828,1.233474695955636,5.315795858432116e-206,0.9999999999825652,1.74348956534241e-11,1,4.769727428440678e-10,4.3415930056846557e-10,0.9999999995658408,0.1505663826810264,0.6988672346379472,0.1505663826810264,1,0.8205503660626563,0.7468971306132405,0.2531028693867595,0.6988672346379472
2025-02-17,3.8931844444111606e-215,0.9999999999054126,9.436910081909564e-11,0.7690508364710955,0.7690508364710955,1.3003041575101189,1.2309491635289045,2.3025818507413982e-215,0.9999999999106644,8.933568738200912e-11,1,2.1840712004059164e-09,1.9880272803554293e-09,0.9999999980119728,0.15056638216237814,0.6988672356752438,0.15056638216237814,1,0.8205503644703473,0.7468971291638584,0.2531028708361416,0.6988672356752438
2025-02-18,2.8859442598204758e-216,0.999999999989086,1.1342890323036008e-11,0.79128712787243,0.79128712787243,1.2637637651060314,1.20871287212757,1.8069916289788712e-216,0.9999999999891512,1.0848781963166552e-11,1,3.1237875282575446e-10,2.8433939438677065e-10,0.9999999997156606,0.15056638178927595,0.6988672364214482,0.15056638178927595,1,0.8205503633248812,0.7468971281212102,0.25310287187878977,0.6988672364214482
2025-02-19,2.1026647774240496e-219,0.9999999999872672,1.2381062420037036e-11,0.788555263330304,0.788555263330304,1.2681419381778036,1.211444736669696,1.3074777572934452e-219,0.9999999999881726,1.1827519027324718e-11,1,3.370458317737806e-10,3.0679233725156515e-10,0.9999999996932076,0.15056638178921036,0.6988672364215792,0.15056638178921036,1,0.8205503633246798,0.7468971281210269,0.25310287187897307,0.6988672364215792
2025-02-20,4.2672288839015374e-213,0.9999999999618012,3.877838827842417e-11,0.8058866283483102,0.8058866283483102,1.2408693292870876,1.1941133716516898,2.771365700219785e-213,0.9999999999626829,3.7317218567254114e-11,1,9.609931482227458e-10,8.747336600319616e-10,0.9999999991252664,0.15056638178860218,0.6988672364227956,0.15056638178860218,1,0.8205503633228127,0.7468971281193274,0.2531028718806726,0.6988672364227956
2025-02-21,1.7692969330264405e-194,0.9997194917937549,0.0002805082066046,0.9719418240047166,0.9719418240047166,1.0288681640220754,1.0280581759952834,1.6714037115555378e-194,0.9997197125647372,0.0002802874352626,1,0.002572913890973,0.0023419671502967,0.9976580328497032,0.150569659364363,0.698860681271274,0.150569659364363,1,0.820560425750174,0.7469062873354267,0.25309371266457326,0.698860681271274
2025-02-22,5.945529314724644e-194,0.9998797939773127,0.0001202060220779,0.9635115284865168,0.9635115284865168,1.0378703009094237,1.0364884715134832,5.519559572614918e-194,0.9998799540020354,0.0001200459979645,1,0.0012037703413185,0.0010957189845181,0.998904281015482,0.15057106300959308,0.6988578739808139,0.1505710630095931,1,0.8205647349941196,0.7469102097783031,0.25308979022169686,0.6988578739808139
2025-02-23,9.248944363363646e-204,0.9992997997618392,0.0007002002389526,0.9251702936412358,0.9251702936412358,1.0808820893548727,1.0748297063587642,7.916573145468789e-204,0.9993037177917948,0.0006962822082053,1,0.0057578411934979,0.0052410129150096,0.9947589870849904,0.15057920699057112,0.6988415860188578,0.1505792069905711,1,0.8205897365848271,0.7469329672068932,0.2530670327931068,0.6988415860188578
2025-02-24,2.044686310417249e-189,0.0645824969296171,0.9354175030706794,1.02142194850499,1.02142194850499,0.9790273270156918,1.02142194850499,2.050181881115555e-189,0.0620683445166169,0.9379316554833832,2,0.2326211206014653,0.2117408689133461,0.7882591310866539,0.1455465196832669,0.5488847462702935,0.3055687340464397,1,0.9720399922561298,0.8847889308015765,0.1152110691984235,0.5488847462702935
2025-02-25,5.2044680320706624e-185,2.345138931089436e-05,0.999976548610314,1.0347830203928805,1.0347830203928805,0.9663861701367364,1.0347830203928805,5.2044760994505596e-185,2.1901338719026788e-05,0.9999780986612812,2,0.0002568797747754,0.0002338220475276,0.9997661779524724,0.1455453721064435,0.3661208580841426,0.4883337698094139,2,0.9983963167285768,0.9087794912061027,0.09122050879389731,0.4883337698094139
2025-02-26,5.601183136455992e-176,6.981495444650606e-07,0.9999993018502829,1.0187059823212783,1.0187059823212783,0.9816375061637964,1.0187059823212783,5.60118327875015e-176,6.727454310288519e-07,0.9999993272545687,2,1.0233762845946944e-05,9.315172378377207e-06,0.9999906848276215,0.14553723599061563,0.18337020236712506,0.6710925616422593,2,0.8592027478975067,0.78208004476188,0.21791995523812002,0.6710925616422593
2025-02-27,7.059581212943404e-167,3.982614694584878e-13,1.0,1.1046886211127749,1.1046886211127749,0.9052324617888072,1.1046886211127749,7.0595812129411e-167,3.263536923827991e-13,0.9999999999996736,2,5.5588447801096836e-11,5.0598785735856695e-11,0.9999999999494013,0.150566645722036,0.150566645722036,0.698866708555928,2,0.8205511736277378,0.7468978656906557,0.25310213430934425,0.698866708555928
2025-02-28,1.5224777613113787e-160,1.6279512388333867e-09,0.9999999983720044,1.0917246987961349,1.0917246987961349,0.9159818414868864,1.0917246987961349,1.5224777617104315e-160,1.3658880994747634e-09,0.9999999986341118,2,2.9273290869963294e-08,2.664569764229785e-08,0.9999999733543024,0.15056638966946065,0.1505663896694607,0.6988672206610786,2,0.8205503875179418,0.7468971501426831,0.2531028498573169,0.6988672206610786
2025-03-01,4.803003628493779e-158,3.132073005536533e-09,0.9999999968677002,1.086872886584541,1.086872886584541,0.920070794242061,1.086872886584541,4.803003630803569e-158,2.6513945970900838e-09,0.9999999973486056,2,5.503924351207953e-08,5.009887844856144e-08,0.9999999499011216,0.1505663818348737,0.15056638183487372,0.6988672363302526,2,0.8205503634648715,0.746897128248635,0.25310287175136503,0.6988672363302526
2025-03-02,2.842248277477509e-138,6.9563342977286095e-12,0.999999999992724,1.0982805129837456,1.0982805129837456,0.9105141975825988,1.0982805129837456,2.842248277481798e-138,5.7670522843156106e-12,0.999999999994233,2,1.8264281349890423e-10,1.6624865330819228e-10,0.9999999998337512,0.1505663818349373,0.15056638183493737,0.6988672363301254,2,0.8205503634650668,0.7468971282488127,0.2531028717511873,0.6988672363301254
2025-03-03,1.3546360594931087e-123,1.9476295752019e-25,1.0,1.239625519895981,1.239625519895981,0.8066952349318461,1.239625519895981,1.3546360594931087e-123,1.2674339730110958e-25,1.0,2,5.5262042231857085e-11,5.030167858294522e-11,0.9999999999496983,0.15056638181896764,0.1505663818189677,0.6988672363620646,2,0.8205503634160383,0.746897128204185,0.25310287179581503,0.6988672363620646
2025-03-04,2.8747356642177206e-121,8.222326506919224e-27,1.0,1.225059068617197,1.225059068617197,0.8162871698331774,1.225059068617197,2.8747356642177206e-121,5.4787396018001205e-27,1.0,2,5.5262042231857085e-11,5.030167858294522e-11,0.9999999999496983,0.15056638178796816,0.15056638178796822,0.6988672364240637,2,0.8205503633208662,0.7468971281175556,0.2531028718824444,0.6988672364240637
2025-03-05,5.333358631677609e-119,3.074499312606937e-20,1.0,1.1862515413864867,1.1862515413864867,0.8429915284503685,1.1862515413864867,5.333358631677609e-119,2.1848459490513028e-20,1.0,2,5.5262042231857085e-11,5.030167858294522e-11,0.9999999999496983,0.15056638178790074,0.15056638178790074,0.6988672364241985,2,0.8205503633206592,0.7468971281173672,0.2531028718826328,0.6988672364241985
2025-03-06,6.747282387548196e-108,8.356421822910788e-30,1.0,1.255999114185536,1.255999114185536,0.7961789054671898,1.255999114185536,6.747282387548196e-108,5.297142892414844e-30,1.0,2,5.5262042231857085e-11,5.030167858294522e-11,0.9999999999496983,0.15056638178790074,0.15056638178790074,0.6988672364241985,2,0.8205503633206592,0.7468971281173672,0.2531028718826328,0.6988672364241985
2025-03-07,1.1935553343539902e-105,1.2420566750273249e-23,1.0,1.190764888498267,1.190764888498267,0.8397963440634785,1.190764888498267,1.1935553343539902e-105,8.759702816926867e-24,1.0,2,5.5262042231857085e-11,5.030167858294522e-11,0.9999999999496983,0.15056638178790074,0.15056638178790074,0.6988672364241985,2,0.8205503633206592,0.7468971281173672,0.2531028718826328,0.6988672364241985
2025-03-08,9.1768699297605e-105,1.0632977734903436e-22,1.0,1.1740290294009297,1.1740290294009297,0.8517676947990535,1.1740290294009297,9.1768699297605e-105,7.714312599859457e-23,1.0,2,5.5262042231857085e-11,5.030167858294522e-11,0.9999999999496983,0.15056638178790074,0.15056638178790074,0.6988672364241985,2,0.8205503633206592,0.7468971281173672,0.2531028718826328,0.6988672364241985
2025-03-09,1.6464535987593818e-105,5.356843970582226e-23,1.0,1.161043181217445,1.161043181217445,0.8612944084916991,1.161043181217445,1.6464535987593818e-105,3.973857160236703e-23,1.0,2,5.5262042231857085e-11,5.030167858294522e-11,0.9999999999496983,0.15056638178790074,0.15056638178790074,0.6988672364241985,2,0.8205503633206592,0.7468971281173672,0.2531028718826328,0.6988672364241985
2025-03-10,1.4343727472634383e-97,2.583473413899007e-44,1.0,1.346315465430031,1.346315465430031,0.7427679661100727,1.346315465430031,1.4343727472634383e-97,1.425313266031808e-44,1.0,2,5.5262042231857085e-11,5.030167858294522e-11,0.9999999999496983,0.15056638178790074,0.15056638178790074,0.6988672364241985,2,0.8205503633206592,0.7468971281173672,0.2531028718826328,0.6988672364241985
2025-03-11,7.475207747121946e-96,2.781265532118769e-40,1.0,1.296904706913114,1.296904706913114,0.7710666748833035,1.296904706913114,7.475207747121946e-96,1.6535842258779264e-40,1.0,2,5.5262042231857085e-11,5.030167858294522e-11,0.9999999999496983,0.15056638178790074,0.15056638178790074,0.6988672364241985,2,0.8205503633206592,0.7468971281173672,0.2531028718826328,0.6988672364241985
2025-03-12,2.0628187517576578e-91,8.336822235243811e-31,1.0,1.202386403902962,1.202386403902962,0.831679397533095,1.202386403902962,2.0628187517576572e-91,5.766501743068324e-31,1.0,2,5.5262042231857085e-11,5.030167858294522e-11,0.9999999999496983,0.15056638178790074,0.15056638178790074,0.6988672364241985,2,0.8205503633206592,0.7468971281173672,0.2531028718826328,0.6988672364241985
2025-03-13,5.999811545968738e-90,2.8732629709045785e-29,1.0,1.1679095612526036,1.1679095612526036,0.8562306818753007,1.1679095612526036,5.999811545968738e-90,2.1064780993368168e-29,1.0,2,5.5262042231857085e-11,5.030167858294522e-11,0.9999999999496983,0.15056638178790074,0.15056638178790074,0.6988672364241985,2,0.8205503633206592,0.7468971281173672,0.2531028718826328,0.6988672364241985
2025-03-14,2.054593595160361e-82,7.251290894208577e-24,1.0,1.0986488133906211,1.0986488133906211,0.9102089656055116,1.0986488133906211,2.054593595160361e-82,6.007552098247775e-24,1.0,2,5.5262042231857085e-11,5.030167858294522e-11,0.9999999999496983,0.15056638178790074,0.15056638178790074,0.6988672364241985,2,0.8205503633206592,0.7468971281173672,0.2531028718826328,0.6988672364241985
2025-03-15,2.361921123638044e-82,1.0641400753354253e-23,1.0,1.0900687190974283,1.0900687190974283,0.9173733568173528,1.0900687190974283,2.361921123638044e-82,8.955524875923693e-24,1.0,2,5.5262042231857085e-11,5.030167858294522e-11,0.9999999999496983,0.15056638178790074,0.15056638178790074,0.6988672364241985,2,0.8205503633206592,0.7468971281173672,0.2531028718826328,0.6988672364241985
2025-03-16,3.2248641447091784e-82,8.666292515067385e-22,1.0,1.0775366815559984,1.0775366815559984,0.9280426523911623,1.0775366815559984,3.2248641447091784e-82,7.463958517372147e-22,1.0,2,5.5262042231857085e-11,5.030167858294522e-11,0.9999999999496983,0.15056638178790074,0.15056638178790074,0.6988672364241985,2,0.8205503633206592,0.7468971281173672,0.2531028718826328,0.6988672364241985
2025-03-17,1.4802508937991023e-77,4.721636648892949e-19,1.0,1.0672351249180043,1.0672351249180043,0.937000644611308,1.0672351249180043,1.4802508937991023e-77,4.1454563107384403e-19,1.0,2,5.5262042231857085e-11,5.030167858294522e-11,0.9999999999496983,0.15056638178790074,0.15056638178790074,0.6988672364241985,2,0.8205503633206592,0.7468971281173672,0.2531028718826328,0.6988672364241985
2025-03-18,3.178272328397582e-73,2.11454055770446e-20,1.0,1.0978357669760437,1.0978357669760437,0.9108830574489942,1.0978357669760437,3.178272328397582e-73,1.7544510993726534e-20,1.0,2,5.5262042231857085e-11,5.030167858294522e-11,0.9999999999496983,0.15056638178790074,0.15056638178790074,0.6988672364241985,2,0.8205503633206592,0.7468971281173672,0.2531028718826328,0.6988672364241985
2025-03-19,7.760129149835518e-77,2.2806660817510416e-15,1.0,0.9785589762783078,0.9785589762783078,1.0219108140045248,1.0214410237216922,7.434344088689666e-77,2.2817150260745067e-15,0.9999999999999978,2,5.5264262677906336e-11,5.0303699720039856e-11,0.9999999999496963,0.15056638178790077,0.15056638178790083,0.6988672364241985,2,0.8205503633206593,0.7468971281173673,0.2531028718826327,0.6988672364241985
2025-03-20,3.757730669376636e-82,6.000391944893338e-18,1.0,1.022972459506237,1.022972459506237,0.9775434232928174,1.022972459506237,3.757730669376636e-82,5.733921405607418e-18,1.0,2,5.5262042231857085e-11,5.030167858294522e-11,0.9999999999496983,0.15056638178790077,0.15056638178790083,0.6988672364241985,2,0.8205503633206593,0.7468971281173673,0.2531028718826327,0.6988672364241985
2025-03-21,5.653186907438856e-82,1.9937579368955792e-17,1.0,1.0046597088186728,1.0046597088186728,0.9953619033611372,1.0046597088186728,5.653186907438856e-82,1.975306342525909e-17,1.0,2,5.5262042231857085e-11,5.030167858294522e-11,0.9999999999496983,0.15056638178790077,0.1505663817879008,0.6988672364241985,2,0.8205503633206593,0.7468971281173673,0.2531028718826327,0.6988672364241985
2025-03-22,8.209103045999909e-81,5.799964470705789e-15,1.0,0.9886622566419035,0.9886622566419035,1.0114677618994037,1.0113377433580966,8.025044448074559e-81,5.80071011964951e-15,0.9999999999999944,2,5.526770436928268e-11,5.030683248253655e-11,0.9999999999496932,0.1505663817879008,0.15056638178790083,0.6988672364241983,2,0.8205503633206594,0.7468971281173674,0.2531028718826326,0.6988672364241983
2025-03-23,3.054858050410383e-92,2.4639018399943674e-09,0.9999999975352694,0.9607775355220566,0.9607775355220566,1.0408236694008788,1.0392224644779433,2.8242643797242383e-92,2.4676981510664156e-09,0.999999997532302,2,5.1405057171399424e-08,4.679089948440297e-08,0.9999999532091004,0.15056638181675255,0.1505663818167526,0.6988672363664948,2,0.8205503634092377,0.7468971281979948,0.2531028718020052,0.6988672363664948
2025-03-24,2.187322881221044e-89,2.5688738734367204e-07,0.9999997431132543,0.8858243192347744,0.8858243192347744,1.128892014235799,1.1141756807652254,1.7390289781751373e-89,2.6028042449000136e-07,0.9999997397195756,2,4.206551299517483e-06,3.828968001638911e-06,0.9999961710319984,0.15056638485989132,0.15056638485989138,0.6988672302802174,2,0.8205503727520188,0.7468971367021607,0.25310286329783926,0.6988672302802174
2025-03-25,3.72375924429051e-94,1.4682411916560862e-08,0.9999999853171176,0.903267075530924,0.903267075530924,1.107092273248439,1.096732924469076,3.06688077567738e-94,1.4821096750694854e-08,0.9999999851789032,2,2.820318137322816e-07,2.567164200158362e-07,0.99999974328358,0.1505663850331761,0.15056638503317615,0.6988672299336478,2,0.8205503732840228,0.7468971371864116,0.2531028628135884,0.6988672299336478
2025-03-26,1.2732829028687848e-97,1.9355500903864365e-06,0.9999980644498097,0.93313421886427,0.93313421886427,1.0716571954858896,1.0668657811357298,1.1136769569727052e-97,1.9442428468809915e-06,0.9999980557571532,2,2.7512302331646185e-05,2.504277679708136e-05,0.999974957223203,0.15056640773598548,0.1505664077359855,0.6988671845280291,2,0.820550442984217,0.7468972006302624,0.25310279936973756,0.6988671845280291
2025-03-27,1.1043192099433168e-98,6.517760815674746e-06,0.9999934822384188,0.9156609741426954,0.9156609741426954,1.09210726266484,1.084339025857305,9.325330290745032e-99,6.5644539401505e-06,0.9999934355460598,2,8.490361111579117e-05,7.72825973198635e-05,0.99992271740268,0.15056648144320392,0.15056648144320395,0.6988670371135922,2,0.8205506692736522,0.7468974066077829,0.2531025933922171,0.6988670371135922
2025-03-28,3.235888307428594e-92,5.286576939986944e-12,0.999999999994543,1.026987413145804,1.026987413145804,0.9737217683485156,1.026987413145804,3.2358883074300324e-92,5.012383774742557e-12,0.9999999999949876,2,1.6306121837191774e-10,1.4842471730368426e-10,0.9999999998515752,0.15056648126997768,0.15056648126997768,0.6988670374600446,2,0.8205506687418284,0.746897406123696,0.25310259387630396,0.6988670374600446
2025-03-29,6.863031667542893e-99,1.373051083821593e-09,0.999999998626663,0.9901857876901184,0.9901857876901184,1.0099114857351932,1.0098142123098817,6.72963039619395e-99,1.373183347143535e-09,0.9999999986268164,2,2.9422178113566413e-08,2.6781220651769748e-08,0.9999999732187792,0.15056645855437148,0.15056645855437154,0.698867082891257,2,0.8205505990023783,0.7468973426441129,0.2531026573558871,0.698867082891257
2025-03-30,1.2633128616091188e-118,0.0075824713253312,0.992417528674196,0.9842890320259748,0.9842890320259748,1.0159617423976444,1.0157109679740253,1.224228845654086e-118,0.0075843292046041,0.9924156707953958,2,0.0445796959650173,0.0405781879784569,0.9594218120215432,0.1506554388950233,0.15065543889502334,0.6986891222099535,2,0.8208237033793913,0.7471459329610336,0.2528540670389664,0.6986891222099535
2025-03-31,2.639172412699569e-127,0.0460999876354861,0.9539000123647634,0.9686726860360576,0.9686726860360576,1.032340453504618,1.0313273139639425,2.478726612392269e-127,0.0461431849492711,0.9538568150507288,2,0.1869985388032484,0.1702134053406175,0.8297865946593825,0.14654600710398952,0.17718082507958322,0.6762731678164272,2,0.852585446380093,0.7760567173463128,0.22394328265368724,0.6762731678164272
2025-04-01,1.425703716453723e-126,0.2385539403534897,0.7614460596462984,0.925825967404494,0.925825967404494,1.0801166042074293,1.074174032595506,1.227188324285618e-126,0.2395575220625623,0.7604424779374377,2,0.5505693559405426,0.5011498247557554,0.4988501752442446,0.13741129725535042,0.24533968104093998,0.6172490217037095,2,0.915272360825265,0.8331168058705087,0.16688319412949126,0.6172490217037095
2025-04-02,2.3635993484528467e-127,0.7622350616389331,0.2377649383605707,0.8783027647958283,0.8783027647958283,1.138559549260285,1.121697235204172,1.8297609856433685e-127,0.7649286433819741,0.2350713566180258,1,0.545331877673586,0.496382466588566,0.503617533411434,0.12823710872684613,0.3695452488118207,0.5022176424613333,2,0.9771467691716095,0.8894373194716785,0.11056268052832152,0.5022176424613333
2025-04-03,3.916142545432153e-100,6.158221291510512e-36,1.0,1.3057049407628287,1.3057049407628287,0.7658698139073997,1.3057049407628287,3.916142545432153e-100,3.612145169470137e-36,1.0,2,5.5262042231857085e-11,5.030167858294522e-11,0.9999999999496983,0.13234654051782127,0.34301986262720224,0.5246335968549766,2,0.9730860984606504,0.8857411377041489,0.11425886229585114,0.5246335968549766
2025-04-04,1.2079396590996516e-70,4.01457232619844e-148,1.0,1.7927043919663592,1.7927043919663592,0.5578164500970137,1.7927043919663592,1.2079396590996516e-70,1.2491710812407868e-148,1.0,2,5.5262042231857085e-11,5.030167858294522e-11,0.9999999999496983,0.1414812503504054,0.2748610066497905,0.5836577429998041,2,0.9459241974188978,0.8610173099061893,0.1389826900938107,0.5836577429998041
2025-04-05,1.0648334510977672e-69,5.8602191559149355e-133,1.0,1.689783420671784,1.689783420671784,0.5917918164935266,1.689783420671784,1.0648334510977672e-69,2.0523516190911164e-133,1.0,2,5.5262042231857085e-11,5.030167858294522e-11,0.9999999999496983,0.15056638178790074,0.15056638178790074,0.6988672364241985,2,0.8205503633206592,0.7468971281173672,0.2531028718826328,0.6988672364241985
2025-04-06,5.754233441704799e-56,1.1283109325458484e-123,1.0,1.6604210293219206,1.6604210293219206,0.6022568868622303,1.6604210293219206,5.754233441704799e-56,4.09253446955673e-124,1.0,2,5.5262042231857085e-11,5.030167858294522e-11,0.9999999999496983,0.15056638178790074,0.15056638178790074,0.6988672364241985,2,0.8205503633206592,0.7468971281173672,0.2531028718826328,0.6988672364241985
2025-04-07,3.2697352634240237e-56,5.773921442788983e-122,1.0,1.6957941531294316,1.6957941531294316,0.5896942138611531,1.6957941531294316,3.2697352634240237e-56,2.007819203656394e-122,1.0,2,5.5262042231857085e-11,5.030167858294522e-11,0.9999999999496983,0.15056638178790074,0.15056638178790074,0.6988672364241985,2,0.8205503633206592,0.7468971281173672,0.2531028718826328,0.6988672364241985
2025-04-08,7.115997345025098e-55,2.47521623415285e-178,1.0,1.7467626380597152,1.7467626380597152,0.5724876283767948,1.7467626380597152,7.115997345025098e-55,8.11232528527132e-179,1.0,2,5.5262042231857085e-11,5.030167858294522e-11,0.9999999999496983,0.15056638178790074,0.15056638178790074,0.6988672364241985,2,0.8205503633206592,0.7468971281173672,0.2531028718826328,0.6988672364241985
2025-04-09,1.0,1.824964578321041e-136,4.102810465172968e-30,1.4414976833406934,1.4414976833406934,0.6937229324451527,1.4414976833406934,1.0,8.782669535391717e-137,4.102810465172968e-30,0,5.5262042231857085e-11,5.030167858294522e-11,0.9999999999496983,0.3333333333333333,0.15056638178790074,0.5161002848787659,2,0.9926558301093749,0.9035542751053786,0.09644572489462144,0.5161002848787659
2025-04-10,1.0,7.283717386073018e-205,5.7812604197917174e-43,1.586256816573094,1.586256816573094,0.6304149426196779,1.586256816573094,1.0,2.894716813837934e-205,5.7812604197917174e-43,0,5.5262042231857085e-11,5.030167858294522e-11,0.9999999999496983,0.5161002848787659,0.15056638178790077,0.33333333333333337,0,0.9926558301093747,0.9035542751053784,0.09644572489462155,0.5161002848787659
2025-04-11,1.0,3.9073059568427323e-193,1.4995085865081494e-45,1.4763431961306384,1.4763431961306384,0.6773492793687195,1.4763431961306384,1.0,1.7926799683685042e-193,1.4995085865081494e-45,0,5.5262042231857085e-11,5.030167858294522e-11,0.9999999999496983,0.6988672364241985,0.15056638178790074,0.15056638178790074,0,0.8205503633206592,0.7468971281173672,0.2531028718826328,0.6988672364241985
2025-04-12,1.0,2.7243510850798e-191,4.300665320423614e-46,1.4367682066878589,1.4367682066878589,0.6960064924496567,1.4367682066878589,1.0,1.3197438766403287e-191,4.300665320423614e-46,0,5.5262042231857085e-11,5.030167858294522e-11,0.9999999999496983,0.6988672364241985,0.15056638178790074,0.15056638178790074,0,0.8205503633206592,0.7468971281173672,0.2531028718826328,0.6988672364241985
2025-04-13,1.0,4.0549214678155717e-190,1.60526757169825e-45,1.3958632083849642,1.3958632083849642,0.7164025772675933,1.3958632083849642,1.0,2.081118101480623e-190,1.60526757169825e-45,0,5.5262042231857085e-11,5.030167858294522e-11,0.9999999999496983,0.6988672364241985,0.15056638178790074,0.15056638178790074,0,0.8205503633206592,0.7468971281173672,0.2531028718826328,0.6988672364241985
2025-04-14,1.0,1.6829734298203687e-173,4.959401337212513e-45,1.2331030414302422,1.2331030414302422,0.8109622362459893,1.2331030414302422,1.0,1.1068238827849151e-173,4.959401337212513e-45,0,5.5262042231857085e-11,5.030167858294522e-11,0.9999999999496983,0.6988672364241985,0.15056638178790074,0.15056638178790074,0,0.8205503633206592,0.7468971281173672,0.2531028718826328,0.6988672364241985
2025-04-15,1.0,1.5401390564960522e-172,2.7304467881004294e-44,1.1907183178474687,1.1907183178474687,0.8398291896674258,1.1907183178474687,1.0,1.0862802028026961e-172,2.7304467881004294e-44,0,5.5262042231857085e-11,5.030167858294522e-11,0.9999999999496983,0.6988672364241985,0.15056638178790074,0.15056638178790074,0,0.8205503633206592,0.7468971281173672,0.2531028718826328,0.6988672364241985
2025-04-16,1.0,3.173666566445994e-182,1.7837009554014253e-46,1.2221795966567246,1.2221795966567246,0.8182103536464711,1.2221795966567246,1.0,2.1246687890970452e-182,1.7837009554014253e-46,0,5.5262042231857085e-11,5.030167858294522e-11,0.9999999999496983,0.6988672364241985,0.15056638178790074,0.15056638178790074,0,0.8205503633206592,0.7468971281173672,0.2531028718826328,0.6988672364241985
2025-04-17,1.0,3.939399961216164e-172,2.1777074773117968e-46,1.1064907922889402,1.1064907922889402,0.9037580854435776,1.1064907922889402,1.0,3.217617888514273e-172,2.1777074773117968e-46,0,5.5262042231857085e-11,5.030167858294522e-11,0.9999999999496983,0.6988672364241985,0.15056638178790074,0.15056638178790074,0,0.8205503633206592,0.7468971281173672,0.2531028718826328,0.6988672364241985
2025-04-18,1.0,4.2232371818845296e-172,1.4392246294002887e-46,1.087167462064342,1.087167462064342,0.9198214947503798,1.087167462064342,1.0,3.5731609645032823e-172,1.4392246294002887e-46,0,5.5262042231857085e-11,5.030167858294522e-11,0.9999999999496983,0.6988672364241985,0.15056638178790074,0.15056638178790074,0,0.8205503633206592,0.7468971281173672,0.2531028718826328,0.6988672364241985
2025-04-19,1.0,4.2803161859178294e-172,9.105562916280858e-47,1.069449770559066,1.069449770559066,0.9350602782188074,1.069449770559066,1.0,3.7424419115789965e-172,9.105562916280858e-47,0,5.5262042231857085e-11,5.030167858294522e-11,0.9999999999496983,0.6988672364241985,0.15056638178790074,0.15056638178790074,0,0.8205503633206592,0.7468971281173672,0.2531028718826328,0.6988672364241985
2025-04-20,1.0,1.1266319121007326e-174,1.0047119403575332e-46,1.0534147371766194,1.0534147371766194,0.9492937251668012,1.0534147371766194,1.0,1.0152740103070948e-174,1.0047119403575332e-46,0,5.5262042231857085e-11,5.030167858294522e-11,0.9999999999496983,0.6988672364241985,0.15056638178790074,0.15056638178790074,0,0.8205503633206592,0.7468971281173672,0.2531028718826328,0.6988672364241985
2025-04-21,1.0,8.453505179692896e-188,1.6519967843682937e-49,1.1175779191666788,1.1175779191666788,0.8947921955595269,1.1175779191666788,1.0,6.768324901722672e-188,1.651996784368294e-49,0,5.5262042231857085e-11,5.030167858294522e-11,0.9999999999496983,0.6988672364241985,0.15056638178790074,0.15056638178790074,0,0.8205503633206592,0.7468971281173672,0.2531028718826328,0.6988672364241985
2025-04-22,1.0,9.344735932208908e-182,4.8972650805034433e-51,1.0498593672147556,1.0498593672147556,0.9525085275497128,1.0498593672147556,1.0,8.478221884844558e-182,4.8972650805034433e-51,0,5.5262042231857085e-11,5.030167858294522e-11,0.9999999999496983,0.6988672364241985,0.15056638178790074,0.15056638178790074,0,0.8205503633206592,0.7468971281173672,0.2531028718826328,0.6988672364241985
2025-04-23,1.0,4.961461541066087e-166,6.131133262301708e-48,0.9435093197128231,0.9435093197128231,1.0598729436020524,1.0564906802871767,1.0,5.573361850520595e-166,6.865311254362623e-48,0,5.5262042231857085e-11,5.030167858294522e-11,0.9999999999496983,0.6988672364241985,0.15056638178790074,0.15056638178790074,0,0.8205503633206592,0.7468971281173672,0.2531028718826328,0.6988672364241985
2025-04-24,1.0,6.25970785898178e-153,4.357305748499464e-49,0.833244605830944,0.833244605830944,1.2001277812086897,1.166755394169056,1.0,9.015899114429545e-153,6.1013416114895966e-49,0,5.5262042231857085e-11,5.030167858294522e-11,0.9999999999496983,0.6988672364241985,0.15056638178790074,0.15056638178790074,0,0.8205503633206592,0.7468971281173672,0.2531028718826328,0.6988672364241985
2025-04-25,1.0,3.145357341205693e-149,3.412707205630012e-49,0.805131166121444,0.805131166121444,1.2420336487746426,1.194868833878556,1.0,4.852177905393054e-149,5.0646871599863036e-49,0,5.5262042231857085e-11,5.030167858294522e-11,0.9999999999496983,0.6988672364241985,0.15056638178790074,0.15056638178790074,0,0.8205503633206592,0.7468971281173672,0.2531028718826328,0.6988672364241985
2025-04-26,1.0,1.2647033839609062e-139,2.190039562088725e-47,0.8025334783920988,0.8025334783920988,1.2460539365953078,1.1974665216079012,1.0,1.9636422313088254e-139,3.2677752731915136e-47,0,5.5262042231857085e-11,5.030167858294522e-11,0.9999999999496983,0.6988672364241985,0.15056638178790074,0.15056638178790074,0,0.8205503633206592,0.7468971281173672,0.2531028718826328,0.6988672364241985
2025-04-27,1.0,5.661241398209167e-128,2.5390134324193544e-43,0.8088955938585426,0.8088955938585426,1.2362534888215464,1.1911044061414575,1.0,8.652203674657387e-128,3.73871499556704e-43,0,5.5262042231857085e-11,5.030167858294522e-11,0.9999999999496983,0.6988672364241985,0.15056638178790074,0.15056638178790074,0,0.8205503633206592,0.7468971281173672,0.2531028718826328,0.6988672364241985
2025-04-28,1.0,4.017574469736855e-85,6.286853214620466e-36,0.7870630544187085,0.7870630544187085,1.2705462343656286,1.2129369455812915,1.0,6.485521185564513e-85,9.688622141070496e-36,0,5.5262042231857085e-11,5.030167858294522e-11,0.9999999999496983,0.6988672364241985,0.15056638178790074,0.15056638178790074,0,0.8205503633206592,0.7468971281173672,0.2531028718826328,0.6988672364241985
2025-04-29,1.9231896525411318e-67,4.31995223482828e-27,1.0,0.6746056478434889,0.6746056478434889,1.4823475065717266,1.3253943521565112,9.788744001869711e-68,4.8315208325638545e-27,1.0,2,5.5262042231857085e-11,5.030167858294522e-11,0.9999999999496983,0.5161002848787659,0.15056638178790074,0.3333333333333333,0,0.9926558301093747,0.9035542751053784,0.09644572489462155,0.5161002848787659
2025-04-30,6.383297353372841e-112,0.9978987183069128,0.0021012816934073,0.646523926434112,0.646523926434112,1.5467331665750983,1.353476073565888,2.6688755080269595e-112,0.9981607807723852,0.0018392192276148,1,0.0134216912254854,0.01221694984111,0.98778305015889,0.33335485948319227,0.3332902810336155,0.33335485948319227,0,1.0986122844976436,0.999999996203878,3.796121972321487e-09,0.33335485948319227
2025-05-01,1.0923603589941846e-130,0.9999948120919692,5.187908225343043e-06,0.6809220435625251,0.6809220435625251,1.4685968965963956,1.319077956437475,5.064784234171014e-131,0.9999953402741008,4.65972589921339e-06,1,6.186511898128035e-05,5.6312058056697896e-05,0.9999436879419432,0.15058796241833713,0.5160571236178932,0.3333549139637697,1,0.992691845321674,0.9035870575643685,0.09641294243563148,0.5160571236178932
2025-05-02,6.4833795426708225e-133,0.9999999889241736,1.1075576521322342e-08,0.6189435361240654,0.6189435361240654,1.615656262059344,1.3810564638759346,2.483725010612589e-133,0.999999990532642,9.467358205904104e-09,1,1.844083697386202e-07,1.6785573185439752e-07,0.999999832144268,0.15058796252902726,0.6988240749419454,0.15058796252902729,1,0.8206166142185454,0.7469574322834225,0.2530425677165775,0.6988240749419454
2025-05-03,4.507537987086471e-139,0.9999999978790584,2.1207484468419184e-09,0.6299747979609418,0.6299747979609418,1.5873650870427354,1.3700252020390582,1.7888986955303463e-139,0.9999999981696216,1.8303784327370814e-09,1,3.868292288351388e-08,3.521071380915526e-08,0.9999999647892862,0.15056643640056874,0.6988671271988626,0.15056643640056874,1,0.8205505309877179,0.746897280734501,0.253102719265499,0.6988671271988626
2025-05-04,7.05388127110156e-137,0.9999999969386408,3.061937670781005e-09,0.6393616979325035,0.6393616979325035,1.56405991042893,1.3606383020674966,2.883509434790373e-137,0.999999997336298,2.6637021045582235e-09,1,5.528226584565236e-08,5.032008690952583e-08,0.9999999496799132,0.15056638195113467,0.6988672360977307,0.15056638195113467,1,0.8205503638218059,0.7468971285735306,0.25310287142646937,0.6988672360977307
2025-05-05,8.703814097104242e-136,0.9999999962565198,3.742756758037707e-09,0.6990434848405384,0.6990434848405384,1.4305261713841937,1.3009565151594615,4.253221410149849e-136,0.9999999965962428,3.40375722449661e-09,1,6.979916022173545e-08,6.353393361943518e-08,0.9999999364660664,0.15056638188024044,0.6988672362395191,0.15056638188024044,1,0.8205503636041525,0.7468971283754139,0.2531028716245861,0.6988672362395191
2025-05-06,1.74149766945651e-148,0.9999999999563444,4.275878396308199e-11,0.7190968525612795,0.7190968525612795,1.390633259536875,1.2809031474387205,9.005289383567492e-149,0.9999999999606152,3.938483463097813e-11,1,1.0105836615069796e-09,9.198728904918305e-10,0.9999999990801272,0.15056638185930055,0.6988672362813989,0.15056638185930057,1,0.8205503635398648,0.7468971283168967,0.2531028716831033,0.6988672362813989
2025-05-07,9.784821383666777e-154,0.999999999992724,7.874325763376034e-12,0.6664174563060759,0.6664174563060759,1.500560932996801,1.333582543693924,4.3455588063935176e-154,0.9999999999930018,6.998091947141821e-12,1,2.1437787694083288e-10,1.9513515291252702e-10,0.9999999998048648,0.15056638182823898,0.698867236343522,0.15056638182823898,1,0.8205503634445022,0.7468971282300939,0.2531028717699061,0.698867236343522
2025-05-08,5.6922855054396494e-126,0.9999999999636202,3.641263246257274e-11,0.7248613538027684,0.7248613538027684,1.379574169258437,1.2751386461972316,2.990863318304961e-126,0.999999999966344,3.365614977256858e-11,1,8.72899271734075e-10,7.945471580263541e-10,0.9999999992054528,0.15056638178883652,0.698867236422327,0.15056638178883652,1,0.820550363323532,0.7468971281199822,0.2531028718800178,0.698867236422327
2025-05-09,6.429399506188748e-125,0.999999999990905,9.27757018997973e-12,0.6909632408434411,0.6909632408434411,1.4472549925801057,1.3090367591565588,3.0695894933875176e-125,0.9999999999916084,8.391527738105144e-12,1,2.500383635468395e-10,2.2759472666191519e-10,0.9999999997724052,0.15056638178847417,0.6988672364230517,0.15056638178847417,1,0.8205503633224197,0.7468971281189697,0.2531028718810303,0.6988672364230517
2025-05-10,4.147659956577845e-126,0.999999999994543,5.126768772554022e-12,0.701064132222499,0.701064132222499,1.4264030265388428,1.2989358677775011,2.038537197491963e-126,0.9999999999953314,4.668627113499721e-12,1,1.5410482996869108e-10,1.4027226125016163e-10,0.9999999998597278,0.15056638178844695,0.6988672364231062,0.15056638178844695,1,0.8205503633223361,0.7468971281188936,0.25310287188110636,0.6988672364231062
2025-05-11,3.478189152562827e-147,1.0,3.8983153313023554e-13,0.6896787715413044,0.6896787715413044,1.449950384532186,1.3103212284586956,1.6544243496310662e-147,0.9999999999996476,3.52291043081294e-13,1,5.56143159975706e-11,5.06223319830092e-11,0.9999999999493776,0.1505663817880576,0.6988672364238848,0.15056638178805756,1,0.8205503633211406,0.7468971281178054,0.2531028718821946,0.6988672364238848
2025-05-12,2.5256797873026795e-150,0.999999999998181,2.110535152610586e-12,0.6145565975751937,0.6145565975751937,1.6271894304700645,1.3854434024248063,9.538982662890173e-151,0.999999999998203,1.7969800860403426e-12,1,7.802719925344149e-11,7.102341750431073e-11,0.9999999999289766,0.15056638178798046,0.698867236424039,0.15056638178798046,1,0.8205503633209039,0.74689712811759,0.25310287188241,0.698867236424039
2025-05-13,2.23942144687501e-147,1.0,6.610821083001805e-13,0.6506976185649789,0.6506976185649789,1.5368121404921655,1.3493023814350211,9.481875917360969e-148,0.9999999999994196,5.80422056509351e-13,1,5.584246682913096e-11,5.0830003819482975e-11,0.99999999994917,0.15056638178793266,0.6988672364241347,0.15056638178793266,1,0.8205503633207571,0.7468971281174563,0.25310287188254366,0.6988672364241347
2025-05-14,3.636446995163806e-164,1.0,3.882671094368464e-13,0.6680845929104449,0.6680845929104449,1.4968164370377084,1.3319154070895551,1.6230809271520436e-164,0.9999999999996544,3.454925616318947e-13,1,5.5607543637120376e-11,5.0616167514870565e-11,0.9999999999493838,0.15056638178793258,0.6988672364241348,0.15056638178793258,1,0.8205503633207569,0.7468971281174561,0.2531028718825439,0.6988672364241348
2025-05-15,4.579025247382865e-161,1.0,5.914962367284389e-13,0.6552007554696366,0.6552007554696366,1.5262497664295536,1.3447992445303634,1.9657207276216202e-161,0.9999999999994788,5.211753081249418e-13,1,5.5783180919616005e-11,5.077603945905622e-11,0.999999999949224,0.15056638178791767,0.6988672364241647,0.15056638178791767,1,0.8205503633207112,0.7468971281174145,0.2531028718825855,0.6988672364241647
2025-05-16,5.590115078833291e-163,1.0,6.566943422757605e-13,0.6452706096987089,0.6452706096987089,1.5497374046943222,1.3547293903012911,2.327579468803053e-163,0.999999999999426,5.740605622799142e-13,1,5.583613855789059e-11,5.082424357876327e-11,0.9999999999491758,0.1505663817879176,0.6988672364241649,0.1505663817879176,1,0.8205503633207107,0.7468971281174142,0.25310287188258584,0.6988672364241649
2025-05-17,2.0015556852628327e-164,1.0,2.646507313157788e-13,0.6537667453665446,0.6537667453665446,1.5295975316690884,1.3462332546334554,8.554868316216475e-165,0.999999999999767,2.3292507210802666e-13,1,5.5495078044725886e-11,5.051379692102727e-11,0.9999999999494862,0.1505663817879163,0.6988672364241676,0.15056638178791626,1,0.8205503633207067,0.7468971281174105,0.2531028718825895,0.6988672364241676
2025-05-18,4.770640405308526e-165,1.0,1.2723517584332054e-13,0.6630594193999055,0.6630594193999055,1.5081604615541675,1.3369405806000945,2.097401528514765e-165,0.9999999999998872,1.1279029930900712e-13,1,5.5374840891159e-11,5.0404352347352727e-11,0.9999999999495957,0.15056638178791149,0.698867236424177,0.15056638178791149,1,0.8205503633206922,0.7468971281173973,0.2531028718826027,0.698867236424177
2025-05-19,6.364417344076085e-163,1.0,1.582949831567582e-14,0.6975135196284852,0.6975135196284852,1.433663967592524,1.3024864803715148,3.0964488488230946e-163,0.9999999999999856,1.4381129757939965e-14,1,5.527647513117722e-11,5.031481597406036e-11,0.9999999999496852,0.15056638178790493,0.6988672364241901,0.15056638178790493,1,0.820550363320672,0.7468971281173789,0.25310287188262115,0.6988672364241901
2025-05-20,3.769316197689677e-159,1.0,6.912788005074675e-15,0.7058221090897274,0.7058221090897274,1.4167875830493082,1.2941778909102726,1.8778162233419228e-159,0.9999999999999938,6.314550965686969e-15,1,5.5268259480794986e-11,5.0307337766810205e-11,0.9999999999496928,0.1505663817879023,0.6988672364241953,0.1505663817879023,1,0.820550363320664,0.7468971281173716,0.25310287188262837,0.6988672364241953
2025-05-21,4.935077674385373e-147,1.0,4.491132323582045e-13,0.7782277889057536,0.7782277889057536,1.2849708199267398,1.2217722110942464,2.9888729977793613e-147,0.999999999999573,4.2702453504821003e-13,1,5.5689034007127836e-11,5.0690343246243687e-11,0.9999999999493095,0.15056638178790596,0.6988672364241881,0.150566381787906,1,0.8205503633206752,0.7468971281173817,0.25310287188261826,0.6988672364241881
2025-05-22,6.337793137158354e-148,0.999999999998181,9.440861089199195e-13,0.7631216674475401,0.7631216674475401,1.3104070329240702,1.23687833255246,3.6908434900399324e-148,0.9999999999991088,8.91112168088887e-13,1,5.6153218253723304e-11,5.111286195587711e-11,0.9999999999488872,0.15056638178791623,0.6988672364241676,0.15056638178791623,1,0.8205503633207066,0.7468971281174104,0.2531028718825896,0.6988672364241676
2025-05-23,5.013596546059234e-135,0.9999999963765732,3.6232893077243854e-09,0.8284933351787893,0.8284933351787893,1.2070103132262366,1.171506664821211,3.441338718164028e-135,0.9999999964832882,3.516711934036236e-09,1,7.199974085567208e-08,6.553698843379966e-08,0.9999999344630116,0.1505663818290327,0.6988672363419346,0.1505663818290327,1,0.8205503634469389,0.7468971282323119,0.2531028717676881,0.6988672363419346
2025-05-24,1.3916796450506555e-133,0.9999999980118446,1.988257025375677e-09,0.8267966781795779,0.8267966781795779,1.209487200894151,1.173203321820422,9.513421116287027e-134,0.9999999980713896,1.928610526194872e-09,1,4.065663911776549e-08,3.700726774780128e-08,0.9999999629927324,0.15056638185157661,0.6988672362968469,0.1505663818515766,1,0.8205503635161513,0.7468971282953117,0.25310287170468826,0.6988672362968469
2025-05-25,3.660597308527679e-138,0.999999999161446,8.377566133447467e-10,0.8246897834116489,0.8246897834116489,1.2125771655168474,1.175310216588351,2.4896206917440488e-138,0.9999999991879908,8.120092763622096e-10,1,1.7836220131311732e-08,1.6235227218271214e-08,0.9999999837647728,0.15056638186106,0.6988672362778799,0.15056638186106,1,0.8205503635452664,0.7468971283218135,0.25310287167818646,0.6988672362778799
2025-05-26,2.5832615253078595e-147,0.9999999991086952,8.913937982843385e-10,0.8520632313367389,0.8520632313367389,1.1736218196285433,1.147936768663261,1.8754782212391817e-147,0.9999999991281148,8.718853887300197e-10,1,1.9087362183970524e-08,1.7374065792683672e-08,0.9999999826259344,0.15056638183013732,0.6988672363397255,0.15056638183013732,1,0.8205503634503302,0.7468971282353988,0.2531028717646012,0.6988672363397255
2025-05-27,4.755638863100137e-142,1.0,3.727325963560626e-13,0.7627617281675951,0.7627617281675951,1.3110254002941777,1.2372382718324049,2.766856627601582e-142,0.9999999999996482,3.5175446125417536e-13,1,5.5613871908360746e-11,5.062192775559028e-11,0.999999999949378,0.15056638180759255,0.6988672363848148,0.15056638180759255,1,0.8205503633811153,0.7468971281723967,0.25310287182760327,0.6988672363848148
2025-05-28,2.2868641444736194e-173,1.0,6.963170632964997e-13,0.7653085134509048,0.7653085134509048,1.3066625843358672,1.2346914865490952,1.33940974498759e-173,0.999999999999342,6.579638540943342e-13,1,5.592007141855221e-11,5.090064256094047e-11,0.9999999999490994,0.15056638179810644,0.6988672364037871,0.1505663817981064,1,0.8205503633519917,0.7468971281458873,0.25310287185411273,0.6988672364037871
2025-05-29,2.1403608160498708e-172,1.0,7.26181857654582e-13,0.7631903378019955,0.7631903378019955,1.3102891250956104,1.2368096621980045,1.2466734730008091e-172,0.9999999999993144,6.854584387960409e-13,1,5.594749392726042e-11,5.092560360405921e-11,0.9999999999490744,0.1505663817879206,0.6988672364241589,0.15056638178792056,1,0.8205503633207201,0.7468971281174226,0.2531028718825774,0.6988672364241589
2025-05-30,5.363645697650173e-179,0.999999999996362,3.293038721987497e-12,0.7757836316952129,0.7757836316952129,1.2890192047682651,1.224216368304787,3.2280578311473894e-179,0.9999999999968724,3.127487852786008e-12,1,1.1360814655388426e-10,1.03410591457716e-10,0.9999999998965894,0.15056638178795304,0.698867236424094,0.15056638178795304,1,0.8205503633208198,0.7468971281175134,0.2531028718824866,0.698867236424094
2025-05-31,2.356770427244296e-179,1.0,6.504559322834897e-13,0.7502213753493958,0.7502213753493958,1.3329398932872,1.2497786246506042,1.3264660771376282e-179,0.9999999999993902,6.098744020931142e-13,1,5.5871887739283496e-11,5.085678388598689e-11,0.9999999999491432,0.15056638178795248,0.6988672364240952,0.15056638178795245,1,0.820550363320818,0.7468971281175117,0.25310287188248826,0.6988672364240952
2025-06-01,5.35701080771286e-212,0.999999999998181,1.1804958117964412e-12,0.6704822949703804,0.6704822949703804,1.4914636933763876,1.3295177050296196,2.4082255012243047e-212,0.9999999999989476,1.0523153124464338e-12,1,5.770617661736477e-11,5.2526425575781796e-11,0.9999999999474736,0.15056638178795675,0.6988672364240865,0.15056638178795675,1,0.8205503633208311,0.7468971281175236,0.2531028718824764,0.6988672364240865
2025-06-02,9.821662153343403e-217,0.999999999996362,2.920781433468465e-12,0.6936267826944272,0.6936267826944272,1.4416975020996896,1.3063732173055729,4.7253795683353314e-217,0.9999999999973532,2.6466236035876293e-12,1,1.0083067615919566e-10,9.178003668740733e-11,0.99999999990822,0.15056638178795115,0.6988672364240978,0.15056638178795115,1,0.8205503633208139,0.746897128117508,0.25310287188249203,0.6988672364240978
2025-06-03,6.719868617082152e-216,1.0,5.243493345195295e-13,0.6504400156134268,0.6504400156134268,1.5374207859227491,1.349559984386573,2.8429896930199968e-216,0.9999999999995396,4.602779448452945e-13,1,5.5722340697866565e-11,5.072066030266321e-11,0.9999999999492794,0.15056638178794937,0.6988672364241012,0.15056638178794937,1,0.8205503633208086,0.7468971281175032,0.2531028718824968,0.6988672364241012
2025-06-04,8.795650700410069e-216,0.999999999998181,2.000913471427521e-12,0.655917808234576,0.655917808234576,1.5245812622339563,1.344082191765424,3.7841367149932075e-216,0.999999999998236,1.7640202138314812e-12,1,7.713548446888336e-11,7.021174372844279e-11,0.9999999999297884,0.1505663817879577,0.6988672364240847,0.1505663817879577,1,0.8205503633208341,0.7468971281175264,0.2531028718824736,0.6988672364240847
2025-06-05,6.328994184356908e-204,0.9999999991887308,8.105754092415537e-10,0.7568900851118174,0.7568900851118174,1.3211957980031768,1.2431099148881826,3.6257706498483694e-204,0.9999999992373316,7.626684323130663e-10,1,1.6801911380498713e-08,1.5293758820837805e-08,0.9999999847062412,0.1505663817968437,0.6988672364063127,0.1505663817968437,1,0.8205503633481152,0.7468971281423586,0.25310287185764135,0.6988672364063127
2025-06-06,5.4527647569503175e-195,0.999999999994543,5.562616321317212e-12,0.6807777808026675,0.6807777808026675,1.468908105110239,1.3192222191973326,2.5271295580459462e-195,0.9999999999950042,4.9957700025108436e-12,1,1.6262887567567844e-10,1.480311820222216e-10,0.9999999998519687,0.15056638179689671,0.6988672364062065,0.15056638179689671,1,0.820550363348278,0.746897128142507,0.25310287185749303,0.6988672364062065
2025-06-07,5.9412937704198376e-201,0.9999999999799912,2.0662148695253343e-11,0.7192207250534346,0.7192207250534346,1.3903937486307905,1.2807792749465654,3.0733032405597148e-201,0.9999999999809668,1.9033206852973093e-11,1,5.164958290082408e-10,4.701347639524483e-10,0.9999999995298652,0.15056638179709864,0.6988672364058027,0.1505663817970986,1,0.8205503633488977,0.7468971281430711,0.2531028718569289,0.6988672364058027
2025-06-08,3.8966195438425023e-203,0.999999999990905,8.264879244205089e-12,0.6958835417016487,0.6958835417016487,1.4370220591145084,1.304116458298351,1.8869532249965516e-203,0.9999999999924996,7.500486843517975e-12,1,2.2726433572279187e-10,2.06864913188176e-10,0.9999999997931353,0.1505663817882694,0.6988672364234612,0.1505663817882694,1,0.8205503633217911,0.7468971281183975,0.2531028718816025,0.6988672364234612
2025-06-09,6.829394368165309e-197,0.999999999996362,3.634807874767301e-12,0.6892573679286687,0.6892573679286687,1.450836866648468,1.3107426320713311,3.2444794414579074e-197,0.9999999999967164,3.283827251959508e-12,1,1.1774572581029012e-10,1.0717677840017411e-10,0.9999999998928232,0.15056638178824935,0.6988672364235012,0.15056638178824935,1,0.8205503633217295,0.7468971281183414,0.2531028718816586,0.6988672364235012
2025-06-10,1.2231458263230534e-211,1.0,7.711029274606749e-13,0.6748274469104535,0.6748274469104535,1.481860295662656,1.3251725530895464,5.570109257884445e-212,0.9999999999993104,6.895686712627889e-13,1,5.595160175245154e-11,5.0929342707684286e-11,0.9999999999490706,0.15056638178803491,0.6988672364239302,0.15056638178803491,1,0.820550363321071,0.746897128117742,0.253102871882258,0.6988672364239302
2025-06-11,3.982359788562132e-211,0.999999999998181,2.437828890959775e-12,0.7262441505823076,0.7262441505823076,1.3769474070093275,1.2737558494176924,2.1004182783116213e-211,0.9999999999977448,2.255132471967442e-12,1,9.036393671354769e-11,8.225279986909614e-11,0.9999999999177472,0.15056638178797355,0.6988672364240529,0.15056638178797355,1,0.8205503633208826,0.7468971281175706,0.2531028718824294,0.6988672364240529
2025-06-12,6.246688387095447e-218,0.999999999998181,1.9674069859796043e-12,0.7563875133550974,0.7563875133550974,1.3220736492123122,1.2436124866449028,3.5738682929156273e-218,0.9999999999981494,1.850647197706651e-12,1,7.947778478368909e-11,7.234379735551938e-11,0.9999999999276562,0.1505663817879568,0.6988672364240864,0.1505663817879568,1,0.8205503633208313,0.7468971281175238,0.25310287188247615,0.6988672364240864
2025-06-13,6.624675546871571e-205,0.9999999971241778,2.8766721829934884e-09,0.8729239769154966,0.8729239769154966,1.1455751319072829,1.1270760230845034,5.047978053421751e-205,0.9999999971697812,2.830218772710217e-09,1,5.856479639846396e-08,5.330797498129602e-08,0.999999946692025,0.150566381821039,0.698867236357922,0.150566381821039,1,0.8205503634223974,0.7468971282099733,0.25310287179002666,0.698867236357922
2025-06-14,4.0690723518358406e-202,0.999999995385224,4.614952385943407e-09,0.8781889076196899,0.8781889076196899,1.1387071634854466,1.1218110923803102,3.138132716220445e-202,0.999999995453524,4.546475989371481e-09,1,9.190697059337755e-08,8.365732983453145e-08,0.9999999163426702,0.15056638187416901,0.698867236251662,0.150566381874169,1,0.8205503635855125,0.746897128358447,0.253102871641553,0.698867236251662
2025-06-15,1.1941077698895571e-204,0.9999999937354004,6.2654784787368315e-09,0.8843240116515146,0.8843240116515146,1.130807245788176,1.1156759883484852,9.338268546064718e-205,0.9999999938183596,6.181640523490422e-09,1,1.2305267583722438e-07,1.1200737248843805e-07,0.9999998879926276,0.15056638194642166,0.6988672361071567,0.15056638194642166,1,0.8205503638073364,0.7468971285603598,0.25310287143964016,0.6988672361071567
2025-06-16,2.164767009574732e-212,0.999999999985448,1.4593792397913204e-11,0.8115456147583927,0.8115456147583927,1.2322166269085348,1.1884543852416072,1.4257291577069868e-212,0.9999999999859244,1.4075493053626244e-11,1,3.9340505608341235e-10,3.580927140004529e-10,0.9999999996419072,0.15056638191349597,0.6988672361730082,0.15056638191349594,1,0.8205503637062508,0.7468971284683478,0.25310287153165223,0.6988672361730082
2025-06-17,7.775279954574976e-212,0.9999983092871584,1.6907127918986135e-06,0.9032539182292064,0.9032539182292064,1.1071083997736322,1.0967460817707937,6.343599413456869e-212,0.9999983251119224,1.6748880774794402e-06,1,2.3950530821724717e-05,2.1800712652468933e-05,0.9999781992873475,0.15056640144276087,0.6988671971144783,0.15056640144276087,1,0.8205504236633061,0.7468971830436114,0.2531028169563886,0.6988671971144783
2025-06-18,6.348067239961616e-213,0.9999999957854016,4.213812303003914e-09,0.852654241103449,0.852654241103449,1.1728083340157505,1.147345758896551,4.6151671150981816e-213,0.9999999958776729,4.122327182421628e-09,1,8.373910251694544e-08,7.622261591344987e-08,0.999999923777384,0.15056640141868385,0.6988671971626323,0.15056640141868385,1,0.8205504235893868,0.7468971829763272,0.25310281702367277,0.6988671971626323
2025-06-19,3.2148560580763886e-216,0.999999999470674,5.29307852065173e-10,0.8216070780341275,0.8216070780341275,1.2171268076130943,1.1783929219658726,2.1701506167635403e-216,0.9999999994875368,5.124631406716594e-10,1,1.1502599285060746e-08,1.0470117077432106e-08,0.9999999895298828,0.15056640142451086,0.6988671971509782,0.1505664014245109,1,0.8205504236072767,0.7468971829926113,0.2531028170073887,0.6988671971509782
2025-06-20,7.821296446619879e-213,0.9999999873307388,1.2669507348096194e-08,0.8727084096839126,0.8727084096839126,1.1458580998001282,1.1272915903160874,5.956855553219217e-213,0.9999999875357783,1.2464221435774974e-08,1,2.393457129530785e-07,2.1786185665485923e-07,0.9999997821381432,0.15056638198781844,0.6988672360243632,0.15056638198781844,1,0.8205503639344291,0.7468971286760447,0.25310287132395526,0.6988672360243632
2025-06-21,2.694704817360961e-209,0.999999985238901,1.4761383609327096e-08,0.8744621231449848,0.8744621231449848,1.1435601080164808,1.1255378768550153,2.0605976720132674e-209,0.999999985471252,1.4528747771521068e-08,1,2.767586736526776e-07,2.519166010678825e-07,0.999999748083399,0.1505663821094879,0.6988672357810243,0.1505663821094879,1,0.8205503643079681,0.7468971290160545,0.25310287098394546,0.6988672357810243
2025-06-22,1.188517232883438e-217,0.999999820964165,1.790350556880484e-07,0.9033689749962572,0.9033689749962572,1.106967393920234,1.0966310250037428,9.699198026318829e-218,0.9999998226366936,1.7736330630648272e-07,1,2.93451515844968e-06,2.671110808351967e-06,0.9999973288891916,0.1505663841771871,0.6988672316456258,0.15056638417718712,1,0.8205503706560393,0.746897134794318,0.25310286520568204,0.6988672316456258
2025-06-23,4.615145542172656e-201,0.9999999967003532,3.2989270141126763e-09,0.8262844322612939,0.8262844322612939,1.2102370091413903,1.173715567738706,3.150971987879637e-201,0.999999996800625,3.1993749690674902e-09,1,6.58077733829619e-08,5.990081675014141e-08,0.9999999400991832,0.1505663840688647,0.6988672318622706,0.15056638406886466,1,0.8205503703234773,0.746897134491607,0.253102865508393,0.6988672318622706
2025-06-24,1.2234501640652132e-201,0.9999999999836292,1.6881452022335068e-11,0.7831686454116431,0.7831686454116431,1.2768641924810302,1.216831354588357,7.504069840490196e-202,0.9999999999839124,1.608775643700051e-11,1,4.4354711694897086e-10,4.0373398470419456e-10,0.999999999596266,0.150566383899186,0.698867232201628,0.150566383899186,1,0.8205503698025445,0.7468971340174334,0.2531028659825666,0.698867232201628
2025-06-25,1.4176406388092579e-211,1.0,8.014642980964698e-13,0.7560073459062142,0.7560073459062142,1.3227384699566849,1.2439926540937858,8.102484059674058e-212,0.9999999999992464,7.537511926921863e-13,1,5.6015772643274826e-11,5.098775356971923e-11,0.9999999999490122,0.15056638182550397,0.6988672363489921,0.150566381825504,1,0.8205503634361054,0.7468971282224509,0.2531028717775491,0.6988672363489921
2025-06-26,3.462881997903655e-216,0.999999999994543,5.215101750914059e-12,0.7216711950759604,0.7216711950759604,1.3856725983011469,1.2783288049240396,1.8035011971079295e-216,0.9999999999951888,4.8111038617498096e-12,1,1.5781999419262236e-10,1.4365394946014454e-10,0.999999999856346,0.1505663817881539,0.6988672364236922,0.15056638178815393,1,0.8205503633214364,0.7468971281180746,0.2531028718819254,0.6988672364236922
2025-06-27,1.5658741605501141e-217,0.999999999992724,7.187872812607909e-12,0.7471026993854896,0.7471026993854896,1.3385040648662154,1.2528973006145103,8.740121475555983e-218,0.9999999999932718,6.728157710138845e-12,1,2.0743916623481195e-10,1.8881926624569118e-10,0.9999999998111808,0.1505663817880445,0.6988672364239111,0.1505663817880445,1,0.8205503633211003,0.7468971281177688,0.25310287188223124,0.6988672364239111
2025-06-28,8.254049002138024e-217,0.999999999992724,7.285326691715699e-12,0.7505601442984908,0.7505601442984908,1.3323382644233628,1.2494398557015092,4.6498403412406306e-217,0.999999999993168,6.832031904734989e-12,1,2.101104346907517e-10,1.9125075957913843e-10,0.9999999998087492,0.15056638178811554,0.698867236423769,0.15056638178811554,1,0.8205503633213186,0.7468971281179674,0.2531028718820326,0.698867236423769
2025-06-29,3.1883141011953067e-229,0.9999999999727152,2.7895392024956144e-11,0.7785513284511716,0.7785513284511716,1.28443682960425,1.2214486715488284,1.9325716312353837e-229,0.9999999999734728,2.6527415553585838e-11,1,7.001763264198085e-10,6.373279578627866e-10,0.999999999362672,0.15056638178836945,0.6988672364232612,0.15056638178836945,1,0.8205503633220981,0.7468971281186769,0.2531028718813231,0.6988672364232612
2025-06-30,5.9991584840355195e-229,0.9999999999527064,4.796425479266918e-11,0.7927691096246594,0.7927691096246594,1.261401318315058,1.2072308903753406,3.7703682886946074e-229,0.9999999999540956,4.5904447045426025e-11,1,1.1662659455428464e-09,1.0615810123121374e-09,0.999999998938419,0.1505663817888275,0.698867236422345,0.15056638178882747,1,0.8205503633235043,0.7468971281199569,0.2531028718800431,0.698867236422345
2025-07-01,1.6871276191492888e-228,0.9999999999636202,3.635856129585269e-11,0.7970876787589793,0.7970876787589793,1.2545671281193855,1.2029123212410209,1.0719144536616142e-228,0.9999999999651384,3.4861555340610296e-11,1,9.019461582342827e-10,8.209867735302205e-10,0.9999999991790132,0.1505663817891552,0.6988672364216897,0.1505663817891552,1,0.8205503633245104,0.7468971281208727,0.2531028718791273,0.6988672364216897
2025-07-02,3.6342941215348773e-224,1.0,5.196436582036505e-13,0.767260518174226,0.767260518174226,1.3033382746965805,1.232739481825774,2.139467891813565e-224,0.9999999999995084,4.914957738786826e-13,1,5.5753537964858526e-11,5.074905727884284e-11,0.9999999999492508,0.1505663817888508,0.6988672364222984,0.15056638178885082,1,0.820550363323576,0.7468971281200222,0.2531028718799778,0.6988672364222984
2025-07-03,5.900811511709517e-237,1.0,7.625471408649385e-14,0.745829865189874,0.745829865189874,1.340788357604075,1.254170134810126,3.282398321352695e-237,0.9999999999999286,7.132847216592516e-14,1,5.5333429572340476e-11,5.0366658140537766e-11,0.9999999999496332,0.15056638178831494,0.6988672364233702,0.15056638178831494,1,0.8205503633219309,0.7468971281185247,0.2531028718814753,0.6988672364233702
2025-07-04,1.952240566986853e-236,1.0,7.725143885113167e-14,0.7545770935299515,0.7545770935299515,1.3252456357003195,1.2454229064700484,1.1115795994526227e-236,0.9999999999999276,7.259839905235424e-14,1,5.533453979536511e-11,5.036766870908509e-11,0.9999999999496324,0.15056638178790818,0.6988672364241837,0.15056638178790818,1,0.8205503633206821,0.7468971281173881,0.25310287188261194,0.6988672364241837
2025-07-05,9.123814484766087e-236,1.0,6.498842561425506e-14,0.7626195219334766,0.7626195219334766,1.3112698681836656,1.2373804780665234,5.30630590194194e-236,0.9999999999999388,6.132636088613999e-14,1,5.53233265428164e-11,5.035746196675718e-11,0.9999999999496424,0.15056638178790316,0.6988672364241938,0.15056638178790313,1,0.8205503633206666,0.7468971281173739,0.25310287188262615,0.6988672364241938
2025-07-06,6.7578868663474645e-239,1.0,6.66211072202904e-13,0.7654865674275749,0.7654865674275749,1.3063586515443502,1.2345134325724252,3.959916837742419e-239,0.9999999999993704,6.295717616216387e-13,1,5.589164970912182e-11,5.087477200612914e-11,0.9999999999491253,0.15056638178790968,0.6988672364241807,0.15056638178790968,1,0.8205503633206865,0.7468971281173921,0.25310287188260794,0.6988672364241807
2025-07-07,3.793823421297072e-238,1.0,7.438671775758512e-14,0.850767809088735,0.850767809088735,1.1754088357798926,1.149232190911265,2.7459916430393562e-238,0.9999999999999272,7.273010719416581e-14,1,5.5334761839970027e-11,5.0367870822794547e-11,0.9999999999496322,0.15056638178790968,0.6988672364241807,0.15056638178790968,1,0.8205503633206865,0.7468971281173921,0.25310287188260794,0.6988672364241807
2025-07-08,7.62002281456651e-240,1.0,3.1827502587574863e-14,0.8218582274974171,0.8218582274974171,1.2167548690788554,1.178141772502583,5.146951619441972e-240,0.9999999999999692,3.08174729896435e-14,1,5.5292906431941665e-11,5.032977238856067e-11,0.9999999999496704,0.1505663817879093,0.6988672364241814,0.15056638178790932,1,0.8205503633206856,0.7468971281173913,0.2531028718826087,0.6988672364241814
2025-07-09,4.717107596460328e-237,1.0,7.686789444066152e-15,0.7696360579627981,0.7696360579627981,1.2993154227297612,1.230363942037202,2.794129917967696e-237,0.9999999999999928,7.278870393257964e-15,1,5.526936970381962e-11,5.030834833535752e-11,0.9999999999496916,0.15056638178790205,0.698867236424196,0.15056638178790205,1,0.8205503633206631,0.7468971281173707,0.25310287188262925,0.698867236424196
2025-07-10,2.572612339089563e-233,1.0,1.7273275434669873e-15,0.7697174707243203,0.7697174707243203,1.299177994568551,1.2302825292756796,1.524182730216116e-233,0.9999999999999984,1.6357272890616043e-15,1,5.526370756639403e-11,5.0303194435766197e-11,0.9999999999496968,0.1505663817879012,0.6988672364241976,0.1505663817879012,1,0.8205503633206606,0.7468971281173684,0.2531028718826316,0.6988672364241976
2025-07-11,1.5350063121373946e-233,1.0,7.787640666396449e-16,0.8324973987920601,0.8324973987920601,1.2012049544550931,1.16750260120794,1.063839070297097e-233,0.9999999999999992,7.569141886710799e-16,1,5.526281938797433e-11,5.030238598092835e-11,0.9999999999496976,0.15056638178790088,0.6988672364241983,0.15056638178790085,1,0.8205503633206597,0.7468971281173676,0.25310287188263236,0.6988672364241983
2025-07-12,1.5797490892938167e-236,1.0,5.83756628040478e-16,0.8377661245790569,0.8377661245790569,1.193650555520443,1.1622338754209431,1.1087501833967922e-236,0.9999999999999994,5.683922526340471e-16,1,5.5262597343369404e-11,5.030218386721888e-11,0.9999999999496978,0.1505663817879008,0.6988672364241985,0.1505663817879008,1,0.8205503633206593,0.7468971281173673,0.2531028718826327,0.6988672364241985
2025-07-13,2.2903661294618962e-253,1.0,2.000033352230464e-15,0.8322638185082034,0.8322638185082034,1.2015420804817112,1.1677361814917966,1.5864520199938366e-253,0.999999999999998,1.9437615606883304e-15,1,5.526404063330142e-11,5.03034976063304e-11,0.9999999999496963,0.1505663817879008,0.6988672364241985,0.15056638178790077,1,0.8205503633206593,0.7468971281173673,0.2531028718826327,0.6988672364241985
2025-07-14,1.3976928313149198e-255,1.0,6.221277819262003e-15,0.823314894772232,0.823314894772232,1.2146020998158276,1.176685105227768,9.47422474003979e-256,0.999999999999994,6.027064292511485e-15,1,5.526803743619007e-11,5.0307135653100736e-11,0.9999999999496928,0.15056638178790083,0.6988672364241983,0.15056638178790083,1,0.8205503633206593,0.7468971281173673,0.2531028718826327,0.6988672364241983
2025-07-15,2.577336355037677e-250,1.0,9.080219724097088e-14,0.866413778625774,0.866413778625774,1.1541829373790755,1.133586221374226,1.9347363904273018e-250,0.9999999999999108,8.9181806739059e-14,1,5.535130416303695e-11,5.038292829414959e-11,0.9999999999496172,0.15056638178790185,0.6988672364241962,0.15056638178790188,1,0.8205503633206627,0.7468971281173704,0.2531028718826296,0.6988672364241962
2025-07-16,6.221608837000355e-250,1.0,2.7060991910001272e-14,0.8244006783153031,0.8244006783153031,1.2130023983526328,1.175599321684697,4.2284323200030126e-250,0.9999999999999738,2.6226562929072947e-14,1,5.5288243495238245e-11,5.0325528000661925e-11,0.9999999999496744,0.15056638178790216,0.6988672364241957,0.15056638178790216,1,0.8205503633206636,0.7468971281173712,0.2531028718826288,0.6988672364241957
2025-07-17,1.2014514204124675e-247,1.0,1.2239477961974343e-14,0.8013918148710275,0.8013918148710275,1.2478290661864766,1.1986081851289725,7.716067531799449e-248,0.9999999999999882,1.1756689168783636e-14,1,5.527381059591812e-11,5.0312390609546784e-11,0.9999999999496876,0.15056638178790224,0.6988672364241956,0.15056638178790224,1,0.8205503633206637,0.7468971281173713,0.2531028718826287,0.6988672364241956
2025-07-18,3.450529008671644e-246,1.0,1.8421269024247016e-14,0.798857579444502,0.798857579444502,1.251787584835041,1.201142420555498,2.2020359404935809e-246,0.9999999999999822,1.7675976286666476e-14,1,5.527980580025109e-11,5.031784767970232e-11,0.999999999949682,0.1505663817879014,0.6988672364241973,0.15056638178790138,1,0.8205503633206612,0.7468971281173691,0.2531028718826309,0.6988672364241973
2025-07-19,4.717911307258246e-246,1.0,2.2683637583219902e-14,0.7998616879871414,0.7998616879871414,1.2502161498902495,1.2001383120128586,3.0184192568048264e-246,0.999999999999978,2.1775036678118577e-14,1,5.528391362544221e-11,5.0321586783327385e-11,0.9999999999496784,0.15056638178790135,0.6988672364241973,0.15056638178790135,1,0.820550363320661,0.7468971281173689,0.25310287188263114,0.6988672364241973
2025-07-20,3.025411509851011e-249,1.0,2.0885296151619023e-14,0.801300004235017,0.801300004235017,1.247972038830422,1.1986999957649829,1.9425613557241332e-249,0.99999999999998,2.0060709398552065e-14,1,5.528213726860281e-11,5.031996987365168e-11,0.99999999994968,0.15056638178790147,0.6988672364241971,0.15056638178790144,1,0.8205503633206613,0.7468971281173692,0.2531028718826308,0.6988672364241971
2025-07-21,6.551060499411635e-255,1.0,1.3290782768717824e-14,0.808968007618606,0.808968007618606,1.2361428271357024,1.191031992381394,4.287205526466343e-255,0.9999999999999872,1.2805759281080483e-14,1,5.5274809796640275e-11,5.0313300121239375e-11,0.9999999999496868,0.15056638178790138,0.6988672364241973,0.15056638178790138,1,0.8205503633206612,0.7468971281173691,0.2531028718826309,0.6988672364241973
2025-07-22,2.4234041830469832e-260,1.0,8.791749562138328e-14,0.8030413141339589,0.8030413141339589,1.2452659438555185,1.1969586858660413,1.562793626079774e-260,0.9999999999999156,8.450693648440865e-14,1,5.534653020403106e-11,5.0378582849396125e-11,0.9999999999496214,0.15056638178790213,0.6988672364241958,0.15056638178790213,1,0.8205503633206634,0.7468971281173711,0.2531028718826289,0.6988672364241958
2025-07-23,1.6083339668556892e-259,1.0,6.470806743236696e-14,0.7682408775095765,0.7682408775095765,1.3016750725914537,1.2317591224904234,9.492291310193978e-260,0.9999999999999388,6.123244889360719e-14,1,5.53233265428164e-11,5.035746196675718e-11,0.9999999999496424,0.1505663817879026,0.6988672364241949,0.1505663817879026,1,0.8205503633206648,0.7468971281173723,0.2531028718826277,0.6988672364241949
2025-07-24,8.959746485315659e-265,1.0,4.007273881346076e-14,0.7706350945083905,0.7706350945083905,1.2976310151537125,1.2293649054916096,5.321000345128377e-265,0.999999999999962,3.796458175621106e-14,1,5.5300011859299266e-11,5.0336240027263497e-11,0.9999999999496636,0.1505663817879029,0.6988672364241942,0.1505663817879029,1,0.8205503633206659,0.7468971281173733,0.2531028718826267,0.6988672364241942
2025-07-25,7.673637262297086e-266,1.0,4.5103377612143917e-14,0.7594606804354785,0.7594606804354785,1.3167238617627908,1.2405393195645216,4.426004529785631e-266,0.9999999999999576,4.2493733878355295e-14,1,5.530456377370024e-11,5.034038335830751e-11,0.9999999999496596,0.1505663817879024,0.6988672364241952,0.1505663817879024,1,0.8205503633206643,0.7468971281173719,0.25310287188262814,0.6988672364241952
2025-07-26,9.440371222253663e-267,1.0,5.1249422818886244e-14,0.7647668760207643,0.7647668760207643,1.3075880132298627,1.2352331239792358,5.521374572932668e-267,0.9999999999999516,4.84135553478602e-14,1,5.531044795573075e-11,5.034573937160829e-11,0.9999999999496544,0.15056638178790224,0.6988672364241956,0.15056638178790224,1,0.8205503633206637,0.7468971281173713,0.2531028718826287,0.6988672364241956
2025-07-27,1.6872310033830345e-275,1.0,6.043059690597766e-15,0.7233107038396939,0.7233107038396939,1.3825317317876002,1.2766892961603062,8.82722773400053e-276,0.9999999999999944,5.5804213716443054e-15,1,5.526770436928268e-11,5.030683248253655e-11,0.9999999999496932,0.15056638178790185,0.6988672364241962,0.15056638178790185,1,0.8205503633206626,0.7468971281173703,0.2531028718826297,0.6988672364241962
2025-07-28,2.051496928995412e-270,1.0,9.084330901146351e-15,0.7650570758612801,0.7650570758612801,1.3070920216955415,1.23494292413872,1.2007664461142246e-270,0.9999999999999912,8.582892390661723e-15,1,5.527070197144917e-11,5.0309561017614304e-11,0.9999999999496904,0.15056638178790147,0.6988672364241971,0.15056638178790147,1,0.8205503633206614,0.7468971281173693,0.2531028718826307,0.6988672364241971
2025-07-29,8.407329766745841e-276,1.0,9.41806813615019e-14,0.7725921957688395,0.7725921957688395,1.2943439054608328,1.2274078042311605,5.018324216337007e-276,0.9999999999999106,8.931019246368549e-14,1,5.535141518533941e-11,5.038302935100432e-11,0.999999999949617,0.15056638178790194,0.6988672364241961,0.15056638178790197,1,0.8205503633206628,0.7468971281173704,0.2531028718826296,0.6988672364241961
2025-07-30,2.7456878582699164e-289,0.999999999998181,2.690653354343288e-12,0.8091559343027952,0.8091559343027952,1.2358557326303792,1.1908440656972048,1.797693343649344e-289,0.9999999999974074,2.5926558377860466e-12,1,9.939136357719774e-11,9.046991791589528e-11,0.99999999990953,0.1505663817879322,0.6988672364241356,0.15056638178793216,1,0.8205503633207558,0.7468971281174551,0.2531028718825449,0.6988672364241356
2025-07-31,1.1015500725391433e-277,0.9999998678740756,1.321258088567336e-07,0.8629353555019543,0.8629353555019543,1.1588353561180924,1.1370646444980457,8.20277445618872e-278,0.9999998703564008,1.296435990293709e-07,1,2.185621215862057e-06,1.9894381652254868e-06,0.9999980105618348,0.1505663833036951,0.6988672333926099,0.1505663833036951,1,0.8205503679743198,0.7468971323533117,0.2531028676466883,0.6988672333926099
2025-08-01,1.4762968297892687e-242,8.500599759563538e-05,0.9999149940020028,1.1269089065532425,1.1269089065532425,0.8873831719536184,1.1269089065532425,1.4763235041783471e-242,6.69390882421252e-05,0.9999330609117578,2,0.0007103371495327,0.0006465767376349,0.9993534232623652,0.15056716596964617,0.5161010645131315,0.3333317695172224,1,0.9926561124993523,0.9035545321478132,0.09644546785218677,0.5161010645131315
2025-08-02,4.331188346353946e-237,8.125308360916654e-07,0.9999991874686774,1.1184270186161034,1.1184270186161034,0.8941128775996129,1.1184270186161034,4.3311890521793584e-237,6.495680006794644e-07,0.9999993504319992,2,9.903963645541205e-06,9.014976209257737e-06,0.9999909850237908,0.15056717356421698,0.3333341205623606,0.5160987058734224,2,0.9926571496343954,0.9035554761888128,0.09644452381118718,0.5160987058734224
2025-08-03,4.990319803451559e-238,0.0014016299859263,0.9985983700136656,1.0820493477234738,1.0820493477234738,0.9241722682093032,1.0820493477234738,4.991340561000281e-238,0.0011973691644872,0.9988026308355128,2,0.0092521069656594,0.0084216306890906,0.9915783693109094,0.15058118091111808,0.1505811809111181,0.6988376381777639,2,0.8205957962266741,0.7469384829306016,0.2530615170693984,0.6988376381777639
2025-08-04,5.038390480201462e-227,0.9998902585314664,0.000109741468942,0.9389940890211436,0.9389940890211436,1.064969430257492,1.0610059109788563,4.442400576907733e-227,0.999890666913552,0.0001093330864478,1,0.0011065664087303,0.0010072401520939,0.998992759847906,0.15058167662138763,0.3333447930381552,0.5160735303404573,2,0.9926796798049801,0.9035759840338615,0.09642401596613848,0.5160735303404573
2025-08-05,5.593645355389159e-234,0.9999925811937446,7.418806997436931e-06,0.9525050816370896,0.9525050816370896,1.0498631653295538,1.0474949183629103,5.074923943418552e-234,0.9999925979279808,7.402072019296383e-06,1,9.484830497214176e-05,8.633464776470872e-05,0.9999136653522352,0.15058175557045733,0.5161115639016449,0.3333066805278977,1,0.9926631155628732,0.9035609066109366,0.09643909338906342,0.5161115639016449
2025-08-06,2.2022830310027449e-234,0.9999997987397566,2.0126094430699537e-07,0.9130036656841164,0.9130036656841164,1.0952858543571091,1.0869963343158835,1.8357696077622966e-234,0.9999998002622712,1.9973772889100918e-07,1,3.280971614681184e-06,2.9864690651320067e-06,0.9999970135309348,0.1505677490430807,0.6988645019138385,0.15056774904308073,1,0.8205545609314215,0.7469009489473412,0.25309905105265884,0.6988645019138385
2025-08-07,2.416704961558704e-229,0.9999999491155918,5.088359797542334e-08,0.9098163893347736,0.9098163893347736,1.0991228688803525,1.0901836106652265,2.0004658672640537e-229,0.9999999495302424,5.046975743848807e-08,1,8.984847778976583e-07,8.178360893695502e-07,0.9999991821639106,0.1505664712569397,0.6988670574861207,0.15056647125693975,1,0.8205506380006836,0.7468973781419002,0.25310262185809984,0.6988670574861207
2025-08-08,1.3117127324762322e-227,0.9999999959873094,4.0134346633285396e-09,0.8632360419921693,0.8632360419921693,1.158431705066679,1.1367639580078306,9.774574560979399e-228,0.999999996061634,3.9383658557304974e-09,1,8.018322192309336e-08,7.298591391172456e-08,0.999999927014086,0.15056638475931533,0.6988672304813693,0.15056638475931536,1,0.820550372443239,0.7468971364210972,0.25310286357890277,0.6988672304813693
2025-08-09,4.0100338491003367e-228,0.99999999587817,4.121549271414807e-09,0.866595743355696,0.866595743355696,1.1539405861004188,1.133404256644304,3.011488031928942e-228,0.9999999959518008,4.048199313554792e-09,1,8.230725644804938e-08,7.491929345504922e-08,0.9999999250807066,0.15056638247135853,0.698867235057283,0.15056638247135856,1,0.8205503654189522,0.7468971300273158,0.25310286997268416,0.698867235057283
2025-08-10,7.196656336809832e-224,0.9999999981901057,1.8100161445929159e-09,0.8706949006202491,0.8706949006202491,1.1485079323281198,1.1293050993797509,5.4558543287234505e-224,0.999999998220247,1.7797530209187055e-09,1,3.766369659269544e-08,3.4282974058442946e-08,0.999999965717026,0.15056638190208627,0.6988672361958275,0.1505663819020863,1,0.8205503636712217,0.7468971284364629,0.25310287156353706,0.6988672361958275
2025-08-11,7.081182742389397e-231,0.9999999685442168,3.1455253318419634e-08,0.9437792815699012,0.9437792815699012,1.0595697739163974,1.056220718430099,6.307346364971665e-231,0.9999999686441696,3.1355830526290725e-08,1,5.731452867979891e-07,5.216993225998185e-07,0.9999994783006774,0.1505663822226449,0.6988672355547102,0.15056638222264493,1,0.8205503646553731,0.7468971293322761,0.25310287066772386,0.6988672355547102
2025-08-12,3.96638314686002e-222,0.999999995710823,4.289130240975206e-09,0.8656969993166348,0.8656969993166348,1.1551385771111389,1.1343030006833652,2.972531656963467e-222,0.999999995788234,4.2117659295941505e-09,1,8.546491955672064e-08,7.779352228103424e-08,0.9999999222064776,0.1505663822245573,0.6988672355508854,0.15056638222455734,1,0.8205503646612444,0.7468971293376204,0.2531028706623796,0.6988672355508854
2025-08-13,3.340613730218639e-217,0.9999999932406354,6.7596669093034165e-09,0.8611204658135743,0.8611204658135743,1.161277707010731,1.1388795341864255,2.477160143931616e-217,0.9999999933707104,6.629289665553794e-09,1,1.3149816683791326e-07,1.1969478968538898e-07,0.9999998803052104,0.15056638228125696,0.6988672354374861,0.150566382281257,1,0.8205503648353187,0.7468971294960697,0.2531028705039303,0.6988672354374861
2025-08-14,1.0779817484126158e-202,0.9999999946267052,5.373909460136688e-09,0.8819010514846646,0.8819010514846646,1.1339140579507394,1.1180989485153354,8.383997277493258e-203,0.9999999947010424,5.298957601867155e-09,1,1.0630223021644983e-07,9.67604598209293e-08,0.99999990323954,0.15056638197660602,0.6988672360467879,0.15056638197660607,1,0.820550363900006,0.7468971286447114,0.25310287135528864,0.6988672360467879
2025-08-15,6.054192566092586e-200,0.9999999956762622,4.324388244937087e-09,0.8944551310845296,0.8944551310845296,1.1179990647350828,1.1055448689154703,4.84365665087192e-200,0.9999999957237842,4.276215773712306e-09,1,8.670736885163205e-08,7.892444836635748e-08,0.9999999210755516,0.15056638197735955,0.6988672360452809,0.15056638197735958,1,0.8205503639023193,0.746897128646817,0.253102871353183,0.6988672360452809
2025-08-16,4.1319571825971816e-201,0.999999995345206,4.6550514783209205e-09,0.8942657810662388,0.8942657810662388,1.1182357875839704,1.1057342189337611,3.3043727972633876e-201,0.9999999953969908,4.603009282921618e-09,1,9.29925637392058e-08,8.464547930002156e-08,0.9999999153545208,0.15056638195366875,0.6988672360926624,0.15056638195366878,1,0.8205503638295859,0.7468971285806123,0.2531028714193877,0.6988672360926624
2025-08-17,5.050640860055965e-203,0.9999999925348676,7.465368296582855e-09,0.8933503019119173,0.8933503019119173,1.1193817227797815,1.106649698088083,4.03078900230478e-203,0.999999992619544,7.380456017910728e-09,1,1.456029222245288e-07,1.3253349132026265e-07,0.9999998674665088,0.15056638197800518,0.6988672360439897,0.1505663819780052,1,0.8205503639043015,0.7468971286486213,0.25310287135137866,0.6988672360439897
2025-08-18,6.348450814038458e-199,0.9999999975334504,2.4670186480369503e-09,0.9209978167640818,0.9209978167640818,1.0857789039212835,1.0790021832359182,5.384990736635964e-199,0.9999999975483788,2.451621133678163e-09,1,5.108635862258849e-08,4.6500807563806215e-08,0.9999999534991924,0.15056638195667243,0.6988672360866551,0.15056638195667246,1,0.8205503638388074,0.746897128589006,0.25310287141099397,0.6988672360866551
2025-08-19,4.997991482302656e-190,0.9999999659594327,3.4040695127502955e-08,0.9241672661610244,0.9241672661610244,1.082055204307315,1.0758327338389757,4.2687102349424015e-190,0.9999999661550596,3.3844940592849646e-08,1,6.160555149306006e-07,5.607578954696279e-07,0.9999994392421044,0.1505663822985623,0.6988672354028754,0.15056638229856234,1,0.820550364888448,0.7468971295444301,0.2531028704555699,0.6988672354028754
2025-08-20,3.191495833744244e-189,0.9999999726805984,2.73201885361507e-08,0.9307582946446752,0.9307582946446752,1.0743927889267515,1.0692417053553247,2.764827957320412e-189,0.9999999728107958,2.718920425183312e-08,1,5.008648951088863e-07,4.5590687476844475e-07,0.9999995440931252,0.1505663825301616,0.6988672349396768,0.15056638253016164,1,0.8205503655994844,0.7468971301916433,0.2531028698083567,0.6988672349396768
2025-08-21,1.0426319528428978e-201,0.9999999977026164,2.297321161710341e-09,0.9910205564019428,0.9910205564019428,1.009060804581752,1.008979443598057,1.0239915110540354e-201,0.999999997702864,2.297135927769872e-09,1,4.801848225656143e-08,4.3708306153006994e-08,0.9999999562916938,0.15056638252835536,0.6988672349432892,0.1505663825283554,1,0.820550365593939,0.7468971301865956,0.25310286981340435,0.6988672349432892
2025-08-22,4.967395864032848e-182,0.999999999974534,2.491536956175911e-11,0.8788268476282537,0.8788268476282537,1.1378805764739257,1.1211731523717463,3.8365017721292034e-182,0.9999999999754504,2.4549538863431183e-11,1,6.519338935007367e-10,5.934158030319336e-10,0.9999999994065842,0.15056638213293524,0.6988672357341296,0.15056638213293527,1,0.8205503643799541,0.746897129081579,0.253102870918421,0.6988672357341296
2025-08-23,2.0246208956087537e-182,0.9999999999672582,3.2178630798688166e-11,0.8884827869160489,0.8884827869160489,1.1255142077327471,1.111517213083951,1.598239101223144e-182,0.9999999999682216,3.1778454488193013e-11,1,8.275656830234841e-10,7.532827472982063e-10,0.9999999992467172,0.1505663818154169,0.6988672363691663,0.15056638181541693,1,0.8205503634051369,0.7468971281942621,0.2531028718057379,0.6988672363691663
2025-08-24,1.4198651765203587e-191,0.9999999981555447,1.844793580114244e-09,0.9308260042737316,0.9308260042737316,1.0743146360422544,1.0691739957262685,1.2302237952821666e-191,0.9999999981640338,1.835966165949246e-09,1,3.8795332551388224e-08,3.5313033498306585e-08,0.9999999646869664,0.150566381810025,0.69886723637995,0.15056638181002502,1,0.8205503633885831,0.7468971281791942,0.2531028718208058,0.69886723637995
2025-08-25,2.770865826557389e-185,0.999999997771738,2.2286485777434794e-09,0.963567858651202,0.963567858651202,1.037809627024915,1.036432141348798,2.5726464484304348e-185,0.9999999977743096,2.2256904904343446e-09,1,4.6596195173110666e-08,4.2413684658125426e-08,0.9999999575863152,0.1505663818357602,0.6988672363284796,0.15056638183576027,1,0.8205503634675932,0.7468971282511123,0.2531028717488877,0.6988672363284796
2025-08-26,1.5878429897339417e-186,0.9999999989904608,1.0095726105250104e-09,0.9257646520558088,0.9257646520558088,1.0801881426119906,1.074235347944191,1.360845259200784e-186,0.9999999989959912,1.004008970072376e-09,1,2.183396769086244e-08,1.987413386512598e-08,0.999999980125866,0.1505663818471273,0.6988672363057453,0.15056638184712734,1,0.8205503635024914,0.746897128282878,0.253102871717122,0.6988672363057453
2025-08-27,3.669195693528255e-190,0.9999999956326064,4.367867336841214e-09,0.9648446356784228,0.9648446356784228,1.036436295566755,1.035155364321577,3.4157466284376405e-190,0.999999995637531,4.362469091190982e-09,1,8.836862311841037e-08,8.04365871653803e-08,0.9999999195634128,0.15056638187666657,0.6988672362466668,0.1505663818766666,1,0.8205503635931805,0.7468971283654268,0.25310287163457323,0.6988672362466668
2025-08-28,8.370972782288551e-190,0.999999997766281,2.232855754098931e-09,0.9124301749801342,0.9124301749801342,1.095974275534862,1.0875698250198658,6.969076128093759e-190,0.9999999977842668,2.215733157275557e-09,1,4.6397791126722216e-08,4.2233089512381165e-08,0.9999999577669104,0.1505663818765502,0.6988672362468996,0.15056638187655022,1,0.8205503635928232,0.7468971283651016,0.2531028716348984,0.6988672362468996
2025-08-29,2.6718068056466087e-180,0.9999998453840936,1.5461568750846574e-07,0.9906375486863124,0.9906375486863124,1.0094509352346912,1.0093624513136876,2.6220116819548557e-180,0.9999998453978654,1.5460213459603324e-07,1,2.5791639534935117e-06,2.3476562023717498e-06,0.9999976523437976,0.15056638367238398,0.698867232655232,0.15056638367238404,1,0.8205503691062366,0.7468971333836267,0.25310286661637327,0.698867232655232
2025-08-30,4.532781918957379e-181,0.9999998530929696,1.4690690325327005e-07,0.9882422209255328,0.9882422209255328,1.0118976692409027,1.011757779074467,4.426817658364081e-181,0.999999853113406,1.4688659405725765e-07,1,2.457969867407174e-06,2.237340591180776e-06,0.9999977626594088,0.15056638533874311,0.6988672293225138,0.15056638533874314,1,0.820550374222148,0.74689713804033,0.25310286195967,0.6988672293225138
2025-08-31,2.325510899938947e-179,0.9999999272804444,7.27192323828013e-08,0.9872757560249164,0.9872757560249164,1.012888237047687,1.0127242439750836,2.266706678913765e-179,0.9999999272925414,7.270745867566488e-08,1,1.2678146333073895e-06,1.1540146113279056e-06,0.9999988459853888,0.150566386162916,0.6988672276741679,0.15056638616291607,1,0.8205503767524523,0.7468971403435122,0.2531028596564878,0.6988672276741679
2025-09-01,7.012492636205642e-186,0.9999996920214944,3.079785651120133e-07,0.9662845178188356,0.9662845178188356,1.034891878695593,1.0337154821811645,6.547604834426444e-186,0.9999996923715244,3.076284755939306e-07,1,4.920352177147522e-06,4.478697560458436e-06,0.9999955213024396,0.15056638795206498,0.6988672240958701,0.150566387952065,1,0.8205503822453424,0.7468971453433562,0.25310285465664384,0.6988672240958701
2025-09-02,3.230342370674976e-181,0.9994888489387812,0.0005111510603245,1.074989029722914,1.074989029722914,0.9302420511749382,1.074989029722914,3.7326913286443364e-181,0.9994093600889424,0.0005906399110574,1,0.0049814621380698,0.0045343222440275,0.9954656777559724,0.15057329417015194,0.698853411659696,0.15057329417015197,1,0.8205715846643543,0.7469164446168403,0.25308355538315974,0.698853411659696
2025-09-03,3.204317740059038e-185,0.9999773567814124,2.2643218618079592e-05,1.03758422708212,1.03758422708212,0.9637771796244302,1.03758422708212,3.449701705635186e-185,0.9999756227826876,2.4377217312544164e-05,1,0.0002833083757808,0.0002578783968676,0.9997421216031324,0.15057357833677468,0.6988528433264506,0.15057357833677473,1,0.8205724570500257,0.7469172386964991,0.25308276130350094,0.6988528433264506
2025-09-04,9.122852226852464e-187,0.9999999587471402,4.125198569792389e-08,0.9388900433068536,0.9388900433068536,1.0650874478100882,1.0611099566931463,8.041926643009124e-187,0.9999999589020668,4.1097933183057164e-08,1,7.400907714367077e-07,6.736596514262083e-07,0.9999993263403486,0.15057357522056083,0.6988528495588784,0.1505735752205609,1,0.8205724474833218,0.74691722998851,0.25308277001149004,0.6988528495588784
2025-09-05,8.593464351523076e-189,0.9999995239251116,4.760744519812424e-07,0.9353528201587986,0.9353528201587986,1.0691152883146553,1.0646471798412014,7.518292199149248e-189,0.9999995259151848,4.740848150286424e-07,1,7.377678328737665e-06,6.71545221625175e-06,0.9999932845477838,0.15056667282800087,0.6988666543439983,0.15056667282800093,1,0.8205512568459823,0.7468979414391663,0.2531020585608337,0.6988666543439983
2025-09-06,8.840998119317267e-188,0.9999995182444104,4.817561977424976e-07,0.9342028757995852,0.9342028757995852,1.0704313012782145,1.0657971242004147,7.715848626028923e-188,0.9999995203294498,4.796705501578025e-07,1,7.458984350963781e-06,6.789460147042953e-06,0.9999932105398528,0.15056639341949765,0.6988672131610048,0.15056639341949768,1,0.82055039903098,0.746897160622302,0.25310283937769795,0.6988672131610048
2025-09-07,8.778700329830086e-190,0.999999496,5.039998466436642e-07,0.9320287046476584,0.9320287046476584,1.0729283282943922,1.0679712953523417,7.625859528717547e-190,0.9999994983286804,5.016713196365128e-07,1,7.778602188893429e-06,7.080388840656178e-06,0.9999929196111592,0.1505663988044164,0.6988672023911672,0.15056639880441644,1,0.8205504155632901,0.7468971756706592,0.25310282432934084,0.6988672023911672
2025-09-08,4.5057680594486986e-201,0.999999988152922,1.1846779708995784e-08,0.8882563155859431,0.8882563155859431,1.1258011707356617,1.111743684414057,3.5550477650939465e-201,0.9999999883011468,1.1698853106953577e-08,1,2.25391705368038e-07,2.051603715823069e-07,0.9999997948396284,0.1505663933983056,0.6988672132033888,0.15056639339830563,1,0.8205503989659182,0.7468971605630802,0.2531028394369198,0.6988672132033888
2025-09-09,1.67762145079282e-207,0.9999999992724042,7.280548278599416e-10,0.8801718605430668,0.8801718605430668,1.1361417523425472,1.1198281394569332,1.2996575388603796e-207,0.9999999992823992,7.176008465776133e-10,1,1.5854394945280965e-08,1.4431292193628985e-08,0.9999999855687078,0.15056638779849732,0.6988672244030054,0.15056638779849738,1,0.8205503817738723,0.7468971449142057,0.25310285508579433,0.6988672244030054
2025-09-10,2.647703697137183e-211,0.9999999997780832,2.2265804530065264e-10,0.8592544794598795,0.8592544794598795,1.1637995773133378,1.1407455205401205,1.954847987922433e-211,0.9999999997817528,2.1824734493908966e-10,1,5.100876090215943e-09,4.643017507477486e-09,0.9999999953569824,0.15056638193562275,0.6988672361287546,0.15056638193562277,1,0.8205503637741824,0.7468971285301819,0.25310287146981814,0.6988672361287546
2025-09-11,2.442528965189435e-245,0.9999999999636202,3.576144808427423e-11,0.8185392066926717,0.8185392066926717,1.221688578657735,1.1814607933073282,1.63651011920751e-245,0.9999999999654162,3.4583894424192866e-11,1,8.95258958736772e-10,8.148998222313071e-10,0.9999999991851002,0.15056638179924678,0.6988672364015064,0.15056638179924683,1,0.8205503633554929,0.7468971281490743,0.2531028718509257,0.6988672364015064
2025-09-12,1.2599794788906057e-243,0.999999999994543,5.701873682848332e-12,0.7934405075982025,0.7934405075982025,1.2603339386176122,1.2065594924017975,7.932173582430173e-244,0.9999999999945416,5.458592842514844e-12,1,1.7465176289541017e-10,1.5897488558693194e-10,0.9999999998410252,0.1505663817909206,0.6988672364181588,0.15056638179092063,1,0.8205503633299305,0.7468971281258063,0.25310287187419367,0.6988672364181588
2025-09-13,4.137769867278276e-247,0.999999999996362,4.372222011065922e-12,0.7926378931834411,0.7926378931834411,1.2616101357250766,1.207362106816559,2.599656658743184e-247,0.9999999999958158,4.1842206473028375e-12,1,1.414405580831969e-10,1.2874474420331739e-10,0.9999999998712552,0.15056638178841783,0.6988672364231644,0.15056638178841786,1,0.8205503633222468,0.7468971281188124,0.25310287188118763,0.6988672364231644
2025-09-14,5.592557113314985e-263,1.0,7.012354718680532e-13,0.7771720159108266,0.7771720159108266,1.2867164276727392,1.2228279840891734,3.377884040627165e-263,0.9999999999993336,6.664175104895394e-13,1,5.592850911353935e-11,5.090832288190008e-11,0.9999999999490916,0.15056638178802126,0.6988672364239574,0.1505663817880213,1,0.8205503633210292,0.7468971281177039,0.2531028718822961,0.6988672364239574
2025-09-15,9.953203203418707e-265,0.999999999996362,3.799781195289275e-12,0.8130001969382026,0.8130001969382026,1.2300120021693075,1.1869998030617974,6.578761955390488e-265,0.999999999996333,3.6669069265434076e-12,1,1.2785376941962643e-10,1.1637751619784676e-10,0.9999999998836224,0.15056638178800033,0.6988672364239994,0.15056638178800036,1,0.820550363320965,0.7468971281176455,0.2531028718823545,0.6988672364239994
2025-09-16,1.0210123737521026e-263,0.9999999999563444,4.419692577881917e-11,0.8397350995587597,0.8397350995587597,1.1908517347023506,1.1602649004412404,7.1997201863106485e-264,0.9999999999569384,4.306173488626464e-11,1,1.0985068109730302e-09,9.99903990064404e-10,0.999999999000096,0.15056638178845486,0.6988672364230903,0.1505663817884549,1,0.8205503633223604,0.7468971281189157,0.25310287188108427,0.6988672364230903
2025-09-17,4.6193104525597327e-265,0.999999999989086,1.1491013435964807e-11,0.8117762847610753,0.8117762847610753,1.2318664868293403,1.1882237152389248,3.0440366041517273e-265,0.999999999988916,1.1083907893203173e-11,1,3.183123482781961e-10,2.897403857225177e-10,0.9999999997102595,0.15056638178857665,0.6988672364228468,0.15056638178857668,1,0.8205503633227342,0.746897128119256,0.253102871880744,0.6988672364228468
2025-09-18,7.864653065586139e-292,1.0,2.5138581418779737e-13,0.7939127120035265,0.7939127120035265,1.2595843156061697,1.2060872879964737,4.957070334160212e-292,0.9999999999997594,2.4070896336031504e-13,1,5.5502627561293324e-11,5.052066878714903e-11,0.9999999999494792,0.1505663817885366,0.6988672364229268,0.15056638178853662,1,0.8205503633226114,0.7468971281191442,0.2531028718808558,0.6988672364229268
2025-09-19,1.1195435394930035e-286,1.0,8.691898317476559e-14,0.7864145892374428,0.7864145892374428,1.271593906936115,1.2135854107625572,6.923793578604986e-287,0.9999999999999172,8.295384975016436e-14,1,5.534497589179658e-11,5.0377168053429875e-11,0.9999999999496229,0.1505663817880341,0.6988672364239318,0.15056638178803414,1,0.8205503633210687,0.7468971281177399,0.2531028718822601,0.6988672364239318
2025-09-20,6.142949781226006e-288,1.0,8.04158727741193e-14,0.7862791154733575,0.7862791154733575,1.2718129991256066,1.2137208845266425,3.7977856207634494e-288,0.9999999999999232,7.674274779427628e-14,1,5.5338869665161146e-11,5.037160992641963e-11,0.9999999999496284,0.15056638178790543,0.6988672364241891,0.15056638178790546,1,0.8205503633206734,0.7468971281173802,0.2531028718826198,0.6988672364241891
2025-09-21,8.27417794029439e-288,1.0,9.836293478875125e-14,0.785577247353186,0.785577247353186,1.2729492909440288,1.214422752646814,5.106256766619397e-288,0.9999999999999062,9.384049064199177e-14,1,5.5355856077437905e-11,5.03870716251936e-11,0.999999999949613,0.1505663817879037,0.6988672364241926,0.15056638178790374,1,0.8205503633206683,0.7468971281173755,0.2531028718826245,0.6988672364241926
2025-09-22,6.169344492302835e-284,1.0,3.0799335929971405e-13,0.7986145782113094,0.7986145782113094,1.252168476863698,1.2013854217886906,3.934716885622051e-284,0.9999999999997046,2.95502353482878e-13,1,5.5557472578709794e-11,5.0570590873386525e-11,0.9999999999494296,0.1505663817879062,0.6988672364241877,0.15056638178790624,1,0.8205503633206759,0.7468971281173824,0.2531028718826176,0.6988672364241877
2025-09-23,2.5565426721434524e-280,0.9999999999872672,1.2417336570130034e-11,0.8314487965303008,0.8314487965303008,1.202719883861852,1.1685512034696992,1.7673561039069092e-280,0.9999999999879352,1.2064566145137539e-11,1,3.4300792543820275e-10,3.1221926877774556e-10,0.9999999996877807,0.15056638178804635,0.6988672364239074,0.1505663817880464,1,0.8205503633211062,0.7468971281177741,0.2531028718822259,0.6988672364239074
2025-09-24,6.745983996767609e-280,0.999999999990905,9.277850443161267e-12,0.8055460377454915,0.8055460377454915,1.2413939776784615,1.1944539622545085,4.37749882551717e-280,0.9999999999910728,8.927033175853675e-12,1,2.636791181352315e-10,2.400110765690596e-10,0.9999999997599888,0.1505663817881496,0.6988672364237007,0.15056638178814963,1,0.8205503633214232,0.7468971281180626,0.25310287188193736,0.6988672364237007
2025-09-25,1.8186587988732962e-258,0.9999999999599822,3.972931627542346e-11,0.8681154113043297,0.8681154113043297,1.1519205706733346,1.1318845886956703,1.370585586716985e-258,0.9999999999609618,3.903828263551723e-11,1,1.0022793936372564e-09,9.123140201283919e-10,0.999999999087686,0.15056638178860257,0.6988672364227948,0.1505663817886026,1,0.820550363322814,0.7468971281193285,0.2531028718806715,0.6988672364227948
2025-09-26,3.3165662698938e-255,1.0,7.93165849627135e-13,0.8126957400176475,0.8126957400176475,1.2304727965945597,1.1873042599823525,2.190507003882157e-255,0.9999999999992348,7.653393026976427e-13,1,5.6027318962730915e-11,5.0998263482611327e-11,0.9999999999490016,0.15056638178847045,0.698867236423059,0.15056638178847048,1,0.8205503633224084,0.7468971281189594,0.25310287188104064,0.698867236423059
2025-09-27,5.99193926032115e-258,1.0,8.817807284694773e-13,0.8121590047604492,0.8121590047604492,1.2312859848115032,1.1878409952395508,3.9522966120566565e-258,0.9999999999991492,8.506677660654907e-13,1,5.6112695113324525e-11,5.107597620390003e-11,0.999999999948924,0.15056638178837606,0.6988672364232479,0.15056638178837609,1,0.8205503633221185,0.7468971281186956,0.2531028718813044,0.6988672364232479
2025-09-28,1.8744585112359872e-253,1.0,4.337422806423889e-13,0.8140597744199041,0.8140597744199041,1.2284110226581288,1.185940225580096,1.2421911271307983e-253,0.9999999999995812,4.187461758812317e-13,1,5.568081835674562e-11,5.068286503899354e-11,0.9999999999493172,0.1505663817879245,0.6988672364241509,0.15056638178792456,1,0.8205503633207323,0.7468971281174337,0.2531028718825663,0.6988672364241509
2025-09-29,2.516856142463277e-249,0.999999999998181,1.1340488960502608e-12,0.8176812625821186,0.8176812625821186,1.2229704235145922,1.1823187374178814,1.6827766794180894e-249,0.9999999999989038,1.096352972376897e-12,1,5.891975483688109e-11,5.3631072075765516e-11,0.9999999999463688,0.1505663817879284,0.6988672364241433,0.15056638178792844,1,0.820550363320744,0.7468971281174445,0.25310287188255554,0.6988672364241433
2025-09-30,2.7589602479623536e-250,0.999999999998181,2.3108160134415898e-12,0.8545981576585787,0.8545981576585787,1.1701405988749052,1.1454018423414212,2.0149735401266092e-250,0.999999999997738,2.2619614443356677e-12,1,9.054700787218143e-11,8.241943841894859e-11,0.9999999999175806,0.15056638178794488,0.6988672364241102,0.1505663817879449,1,0.8205503633207948,0.7468971281174906,0.25310287188250935,0.6988672364241102
2025-10-01,2.316187352512307e-241,0.999999999996362,3.5751128875113464e-12,0.8499175750018793,0.8499175750018793,1.176584682341448,1.1500824249981207,1.6731208279713788e-241,0.9999999999965056,3.4945844196520426e-12,1,1.2331202043621022e-10,1.1224343811564875e-10,0.9999999998877566,0.15056638178798085,0.6988672364240383,0.15056638178798087,1,0.8205503633209053,0.7468971281175911,0.2531028718824089,0.6988672364240383
2025-10-02,8.864604248959618e-243,0.999999999992724,7.663879059942119e-12,0.8600937885716163,0.8600937885716163,1.1626639016434823,1.1399062114283836,6.557691386045838e-243,0.999999999992486,7.513868222547335e-12,1,2.2760715422971214e-10,2.071769600407885e-10,0.9999999997928232,0.1505663817880559,0.6988672364238883,0.15056638178805595,1,0.8205503633211355,0.7468971281178007,0.25310287188219927,0.6988672364238883
2025-10-03,3.7525647839305125e-240,0.999999999994543,6.360774703157005e-12,0.8591519504888256,0.8591519504888256,1.1639384621440212,1.1408480495111744,2.7699259525355757e-240,0.9999999999937654,6.2345885538518545e-12,1,1.9472363852521217e-10,1.7724509413715296e-10,0.9999999998227548,0.15056638178810236,0.6988672364237952,0.1505663817881024,1,0.8205503633212782,0.7468971281179306,0.25310287188206937,0.6988672364237952
2025-10-04,2.86924577639357e-240,0.999999999994543,4.884221198216103e-12,0.857046795425357,0.857046795425357,1.1667974319928407,1.142953204574643,2.1075448321372312e-240,0.9999999999952156,4.784409116175107e-12,1,1.5712419077305255e-10,1.4302060189363102e-10,0.9999999998569794,0.1505663817881174,0.6988672364237651,0.15056638178811743,1,0.8205503633213245,0.7468971281179728,0.2531028718820272,0.6988672364237651
2025-10-05,1.0929794144626392e-244,0.999999999990905,9.617337651717315e-12,0.8525590013569377,0.8525590013569377,1.17293934895813,1.1474409986430625,7.944395751795428e-245,0.9999999999905916,9.408267809561316e-12,1,2.759099623190886e-10,2.51144070719967e-10,0.999999999748856,0.15056638178813955,0.6988672364237208,0.1505663817881396,1,0.8205503633213924,0.7468971281180347,0.25310287188196534,0.6988672364237208
2025-10-06,5.445243933014618e-239,0.999999999998181,1.3052592520766965e-12,0.8427898887302977,0.8427898887302977,1.1865353552194922,1.1572101112697024,3.86772843154622e-239,0.9999999999987268,1.272999744750879e-12,1,6.377112494808947e-11,5.8046979453872364e-11,0.999999999941953,0.15056638178808157,0.6988672364238369,0.1505663817880816,1,0.8205503633212143,0.7468971281178726,0.25310287188212743,0.6988672364238369
2025-10-07,1.0131575719717875e-232,0.9999999998872228,1.1335025862452976e-10,0.8840121871276991,0.8840121871276991,1.1312061242607574,1.1159878128723009,7.917598940599127e-233,0.9999999998881748,1.1182533801581484e-10,1,2.7018314184091394e-09,2.459312940768826e-09,0.999999997540687,0.15056638178933304,0.698867236421334,0.1505663817893331,1,0.8205503633250565,0.7468971281213698,0.25310287187863023,0.698867236421334
2025-10-08,3.0852444740279834e-225,0.999999999985448,1.4649617450320283e-11,0.8187084847672144,0.8187084847672144,1.22143597947972,1.1812915152327856,2.0679887205752483e-225,0.999999999985832,1.4168134135730588e-11,1,3.9571948775595775e-10,3.6019940049615123e-10,0.9999999996398006,0.15056638178938872,0.6988672364212225,0.15056638178938875,1,0.8205503633252276,0.7468971281215255,0.25310287187847447,0.6988672364212225
2025-10-09,3.1419686809228305e-219,0.9999999851661414,1.4833900272313334e-08,0.8242472745819389,0.8242472745819389,1.2132281547515016,1.175752725418061,2.1346018991699294e-219,0.9999999856243044,1.4375695629413811e-08,1,2.739957116475781e-07,2.4940164466916146e-07,0.9999997505983552,0.15056638195745112,0.6988672360850977,0.15056638195745117,1,0.8205503638411982,0.7468971285911822,0.2531028714088178,0.6988672360850977
2025-10-10,3.43437319072742e-156,4.3362851555924746e-14,1.0,1.2511293405871653,1.2511293405871653,0.799277874444773,1.2511293405871653,3.4343731907273253e-156,2.7702146130804548e-14,0.9999999999999724,2,5.528968678517026e-11,5.032684173977344e-11,0.9999999999496731,0.15056638195614402,0.5161002845422804,0.3333333335015756,1,0.9926558303901818,0.9035542753609801,0.0964457246390199,0.5161002845422804
2025-10-11,4.50357800374879e-147,8.525075420207862e-16,1.0,1.2349046335568816,1.2349046335568816,0.8097791301662797,1.2349046335568816,4.503578003748787e-147,5.590252049256617e-16,0.9999999999999994,2,5.5262597343369404e-11,5.030218386721888e-11,0.9999999999496978,0.15056638195597838,0.3333333329971791,0.5161002850468426,2,0.9926558301694766,0.9035542751600855,0.09644572483991454,0.5161002850468426
2025-10-12,8.546457656855042e-143,6.154734378377112e-15,1.0,1.1948102327618395,1.1948102327618395,0.8369529926844284,1.1948102327618395,8.546457656855005e-143,4.311331804761355e-15,0.9999999999999958,2,5.526626107935067e-11,5.030551874342503e-11,0.9999999999496944,0.15056638178790113,0.15056638178790116,0.6988672364241978,2,0.8205503633206603,0.7468971281173682,0.2531028718826318,0.6988672364241978
2025-10-13,2.932239738353633e-130,2.775010835013098e-06,0.999997224989996,1.078829145241228,1.078829145241228,0.9269308346099588,1.078829145241228,2.9322408840345444e-130,2.3842923837571206e-06,0.9999976157076162,2,3.325281643254099e-05,3.02680179127203e-05,0.9999697319820872,0.1505664096645316,0.15056640966453164,0.6988671806709368,2,0.8205504489050715,0.7468972060196565,0.2531027939803435,0.6988671806709368
2025-10-14,3.577427892128231e-130,2.733603187688962e-10,0.9999999997271516,1.1335281070674244,1.1335281070674244,0.8822013267823787,1.1335281070674244,3.577427892343226e-130,2.127506450157417e-10,0.9999999997872492,2,4.978530134489179e-09,4.531653419355835e-09,0.9999999954683466,0.150566409667019,0.15056640966701904,0.698867180665962,2,0.820550448912708,0.7468972060266075,0.2531027939733925,0.698867180665962
2025-10-15,4.4863625561686654e-132,8.814810488749847e-08,0.9999999118517774,1.0806757021958449,1.0806757021958449,0.9253469824185754,1.0806757021958449,4.486362613010458e-132,7.547831762227812e-08,0.9999999245216824,2,1.3133066080859502e-06,1.1954231912680702e-06,0.9999988045768088,0.150566410549494,0.15056641054949402,0.698867178901012,2,0.8205504516220058,0.7468972084927167,0.2531027915072833,0.698867178901012
2025-10-16,2.507202967770044e-133,4.310821347139009e-24,1.0,1.291618784459129,1.291618784459129,0.7742222488803107,1.291618784459129,2.507202967770044e-133,2.5839929227266703e-24,1.0,2,5.5262042231857085e-11,5.030167858294522e-11,0.9999999999496983,0.15056638267286318,0.15056638267286324,0.6988672346542737,2,0.8205503660375943,0.7468971305904282,0.25310286940957183,0.6988672346542737
2025-10-17,7.813761117231453e-131,1.5185952259939892e-08,0.9999999848132576,1.089260791768207,1.089260791768207,0.9180537916697536,1.089260791768207,7.813761135888184e-131,1.2799066294317012e-08,0.9999999872009336,2,2.4543556638755443e-07,2.2340508013532734e-07,0.99999977659492,0.15056638282001947,0.15056638282001952,0.6988672343599611,2,0.8205503664893807,0.7468971310016619,0.2531028689983381,0.6988672343599611
2025-10-18,1.0595351765255002e-131,4.0844951062839787e-08,0.9999999591545938,1.0770506297938245,1.0770506297938245,0.9284614597843242,1.0770506297938245,1.0595351824964012e-131,3.5210009681340506e-08,0.9999999647899902,2,6.395095527971907e-07,5.821066807585895e-07,0.9999994178933193,0.1505663823492117,0.1505663823492117,0.6988672353015766,2,0.8205503650439475,0.7468971296859719,0.2531028703140281,0.6988672353015766
2025-10-19,1.886222722107183e-132,1.871300725325705e-07,0.9999998128696636,1.067259981611359,1.067259981611359,0.9369788216833452,1.067259981611359,1.8862227651948502e-132,1.6428697963887486e-07,0.9999998357130204,2,2.7307484671365e-06,2.485634372838749e-06,0.9999975143656272,0.15056638427001715,0.1505663842700172,0.6988672314599658,2,0.8205503709410381,0.746897135053735,0.253102864946265,0.6988672314599658
2025-10-20,5.698049125375818e-128,4.919470215670884e-05,0.999950805297447,0.9821004080940782,0.9821004080940782,1.0182258267672029,1.017899591905922,5.49765058129543e-128,4.9210468188251824e-05,0.9999507895318118,2,0.0005373478092556,0.0004891150543264,0.9995108849456736,0.15056695949378016,0.15056695949378018,0.6988660810124397,2,0.8205521369400822,0.7468987425353392,0.25310125746466083,0.6988660810124397
2025-10-21,1.885514237254807e-135,0.000212106381348,0.9997878936178738,0.9622200217140718,0.9622200217140718,1.0392633466705754,1.0377799782859285,1.7482308757414208e-135,0.000212409494798,0.999787590505202,2,0.0020087329054547,0.001828427486361,0.998171572513639,0.15056944282339232,0.15056944282339235,0.6988611143532154,2,0.8205597609578696,0.7469056822153938,0.2530943177846062,0.6988611143532154
2025-10-22,1.63953608905953e-135,2.3778446692949297e-06,0.999997622156214,1.0450712675866678,1.0450712675866678,0.9568725416298656,1.0450712675866678,1.6395364180770626e-135,2.1771670502081704e-06,0.9999978228329498,2,3.056197734487353e-05,2.7818710622584604e-05,0.9999721812893774,0.1505694663575501,0.15056946635755017,0.6988610672848997,2,0.8205598332090298,0.7469057479812339,0.2530942520187661,0.6988610672848997
2025-10-23,7.224480050236914e-133,0.0014812036516151,0.9985187963474916,0.9397443141012836,0.9397443141012836,1.0641192343433772,1.0602556858987164,6.4032926167839765e-133,0.0014865931013604,0.9985134068986397,2,0.0111650941169284,0.0101629066342088,0.9898370933657912,0.15058628653279604,0.1505862865327961,0.6988274269344079,2,0.8206114693806998,0.7469527492502008,0.25304725074979917,0.6988274269344079
2025-10-24,1.632038052102519e-130,0.0070246785580283,0.9929753214423316,0.9103963521733356,0.9103963521733356,1.0984226788834983,1.0896036478266644,1.3635389527160309e-130,0.0070811322751802,0.99291886772482,2,0.0421098827478195,0.038330067105722,0.961669932894278,0.15066692738336426,0.15066692738336426,0.6986661452332715,2,0.8208589536450774,0.7471780191356102,0.2528219808643898,0.6986661452332715
2025-10-25,9.416933306634049e-131,0.0133220886672118,0.9866779113319653,0.9081292677131392,0.9081292677131392,1.1011648182182376,1.091870732286861,7.831351132927187e-131,0.0134339638966039,0.986566036103396,2,0.0712432915062808,0.0648484385630274,0.9351515614369724,0.15005093020459664,0.1551769799245112,0.6947720898708922,2,0.82675385817571,0.7525437924766122,0.24745620752338782,0.6947720898708922
2025-10-26,4.965565137208023e-133,0.0201271032013132,0.9798728967993428,0.9073421053834146,0.9073421053834146,1.1021201309482171,1.0926578946165852,4.1226821259266315e-133,0.0202978627160172,0.9797021372839828,2,0.099196089075649,0.0902921714046256,0.9097078285953744,0.14832173331395396,0.16634969118665743,0.6853285754993886,2,0.8403843952824117,0.7649508420311247,0.23504915796887527,0.6853285754993886
2025-10-27,5.4817317521074745e-134,0.1453378345275976,0.8546621654718778,0.8897992988129468,0.8897992988129468,1.1238489413669672,1.1102007011870532,4.385640976251265e-134,0.1468621436816108,0.8531378563183891,2,0.4172273224615303,0.3797766753249694,0.6202233246750306,0.1405065628937696,0.22004984049995022,0.6394435966062803,2,0.8948095928707089,0.8144907917929093,0.18550920820709071,0.6394435966062803
2025-10-28,1.2012123871088756e-140,0.2316384368950203,0.7683615631052887,0.9377864372152004,0.9377864372152004,1.0663408643118637,1.0622135627847995,1.0595493702233303e-140,0.2323293762071672,0.7676706237928329,2,0.542075669950371,0.4934185385888504,0.5065814614111496,0.13206842326189772,0.2827261272633088,0.5852054494747936,2,0.9380738286206567,0.8538715962825428,0.14612840371745717,0.5852054494747936
2025-10-29,7.8454178030468025e-143,0.8468931488085133,0.1531068511915909,0.949884817629986,0.949884817629986,1.0527592203179477,1.050115182370014,7.081495795641437e-143,0.8472189321751669,0.1527810678248332,1,0.4275029531799038,0.3891299574831646,0.6108700425168354,0.12592813073621326,0.4072912487990668,0.46678062046471985,2,0.9824067519311742,0.8942251621108153,0.10577483788918474,0.46678062046471985
2025-10-30,2.8023835193424524e-181,0.9999999977317202,2.267552097385265e-09,0.869835121285002,0.869835121285002,1.1496431628590786,1.130164878714998,2.1203201891512092e-181,0.9999999977708668,2.229133198903572e-09,1,4.666478248070906e-08,4.247611551595021e-08,0.9999999575238844,0.13366017659061258,0.5362749263872341,0.33006489702215336,1,0.9690081338192107,0.8820292143227132,0.1179707856772868,0.5362749263872341
2025-10-31,4.681477380876645e-191,0.9999999999690772,3.0690437190678566e-11,0.920809362460991,0.920809362460991,1.0860011211521146,1.079190637539009,3.969377304039269e-191,0.999999999969502,3.049797263840412e-11,1,7.965873770008042e-10,7.25085077981913e-10,0.9999999992749148,0.14271428794664545,0.6518555131724848,0.20543019888086986,1,0.881925916727385,0.8027635643840995,0.19723643561590054,0.6518555131724848
2025-11-01,5.5335579651268496e-211,0.9999999999872672,1.282644826191572e-11,0.9122450905041612,0.9122450905041612,1.0961966366377922,1.0877549094958388,4.604977718404686e-211,0.9999999999872724,1.2727672756857151e-11,1,3.596608312366461e-10,3.273773968728102e-10,0.9999999996726228,0.15056638181446866,0.6988672363710627,0.15056638181446869,1,0.8205503634022256,0.7468971281916121,0.25310287180838786,0.6988672363710627
2025-11-02,9.29727485409451e-226,0.9999999999254214,7.489137611606037e-11,0.8957156863195436,0.8957156863195436,1.11642568649094,1.1042843136804563,7.45926489116878e-226,0.999999999925923,7.407691606853877e-11,1,1.829619995297667e-09,1.6653918895407463e-09,0.999999998334608,0.1505663817892722,0.6988672364214557,0.15056638178927226,1,0.8205503633248696,0.7468971281211997,0.2531028718788003,0.6988672364214557
2025-11-03,7.448072828924223e-212,0.9999999999708962,2.9498894172134867e-11,0.8960358401777803,0.8960358401777803,1.1160267872785004,1.1039641598222198,5.979910402728081e-212,0.99999999997082,2.918005400196215e-11,1,7.646473262219353e-10,6.960119908625334e-10,0.999999999303988,0.15056638178925683,0.6988672364214864,0.15056638178925685,1,0.8205503633248226,0.7468971281211568,0.25310287187884317,0.6988672364214864
2025-11-04,5.601041063248029e-197,0.9999964572442878,3.542755610133036e-06,0.995014699770684,0.995014699770684,1.005010277969225,1.004985300229316,5.545334525039497e-197,0.9999964573324384,3.542667561566493e-06,1,4.800540070123572e-05,4.369639880820424e-05,0.9999563036011918,0.150566423209238,0.698867153581524,0.15056642320923805,1,0.8205504904888479,0.7468972438708409,0.2531027561291591,0.698867153581524
2025-11-05,3.8461236652674775e-187,0.999999986088369,1.3912324894324276e-08,0.9623174860768304,0.9623174860768304,1.0391580891632692,1.0376825139231696,3.5617218355597404e-187,0.99999998610743,1.3892569784793596e-08,1,2.6526334645702896e-07,2.414531033314929e-07,0.9999997585468968,0.1505664233708006,0.6988671532583988,0.15056642337080062,1,0.8205504909848633,0.7468972443223336,0.2531027556776664,0.6988671532583988
2025-11-06,4.2290783648730047e-178,0.9997599323586278,0.000240067640609,1.035612614457576,1.035612614457576,0.9656120310235607,1.035612614457576,4.535580069044207e-178,0.9997425334997306,0.0002574665002693,1,0.0023852964106395,0.0021711903600963,0.9978288096399036,0.15056943404799666,0.6988611319040067,0.1505694340479967,1,0.8205597340169192,0.7469056576926838,0.2530943423073162,0.6988611319040067
2025-11-07,1.6418833448410397e-169,0.9999350073488074,6.49926514709716e-05,1.0228769446787311,1.0228769446787311,0.9776347049391004,1.0228769446787311,1.7178600141613476e-169,0.9999319998722642,6.800012773569862e-05,1,0.0007205271353116,0.0006558520624096,0.9993441479375904,0.15057018770019434,0.6988596245996113,0.15057018770019437,1,0.820562047765554,0.7469077637574518,0.2530922362425482,0.6988596245996113
2025-11-08,6.429487496479387e-170,0.999068913197152,0.0009310868026403,1.0227691463064257,1.0227691463064257,0.9777377462072916,1.0227691463064257,6.725320243885601e-170,0.9990260721517789,0.0009739278482212,1,0.0077268379693033,0.0070332710174495,0.9929667289825505,0.1505815807605673,0.6988368384788655,0.15058158076056735,1,0.8205970236958622,0.7469396002212061,0.2530603997787939,0.6988368384788655
2025-11-09,1.7141576595935256e-182,0.9660989243127768,0.0339010756869298,1.073663654304582,1.073663654304582,0.9313903809547373,1.073663654304582,1.965821454482917e-182,0.9611217430657932,0.0388782569342068,1,0.1643626548296924,0.149609335818513,0.8503906641814869,0.14698987238305775,0.6793453658184495,0.17366476179849277,1,0.84851196368782,0.7723488736108204,0.22765112638917961,0.6793453658184495
2025-11-10,9.758574107566323e-159,0.9999997062641772,2.937360194600194e-07,0.9496803271950288,0.9496803271950288,1.0529859062718452,1.050319672804971,8.801186989419167e-159,0.9999997070077402,2.9299225967041135e-07,1,4.700537465397092e-06,4.278613587233523e-06,0.9999957213864128,0.1469890807363282,0.6793469491119086,0.17366397015176321,1,0.8485096720477849,0.7723467876701671,0.22765321232983293,0.6793469491119086
2025-11-11,2.038484208444433e-159,0.9999999959163688,4.082960087961605e-09,0.9338166292927292,0.9338166292927292,1.0708740545318816,1.0661833707072708,1.7775857435106878e-159,0.9999999959349242,4.065075748828252e-09,1,8.26333583886248e-08,7.521612423324012e-08,0.9999999247838758,0.14697768756105445,0.6793697354624562,0.17365257697648948,1,0.8484766900756309,0.772316766185341,0.22768323381465905,0.6793697354624562
2025-11-12,2.1901259220290275e-158,0.999987067430946,1.2932569134397636e-05,0.9375947582667096,0.9375947582667096,1.0665588637127796,1.0624052417332903,1.9253046012966007e-158,0.9999871177949976,1.2882205002380991e-05,1,0.0001579314451332,0.0001437553964781,0.9998562446035218,0.15056653587787644,0.698866928244247,0.1505665358778765,1,0.8205508363941416,0.7468975587274079,0.25310244127259207,0.698866928244247
2025-11-13,5.014084737206519e-145,0.0046641865316646,0.9953358134684964,1.1070453138701968,1.1070453138701968,0.9033053909094564,1.1070453138701968,5.018392494984044e-145,0.0038090622533075,0.9961909377466924,2,0.0250196932410791,0.0227739062262006,0.9772260937737992,0.15061116344253592,0.5161446145402682,0.333244222017196,1,0.9926720202877799,0.9035690120408489,0.09643098795915106,0.5161446145402682
2025-11-14,3.755509834693292e-136,6.939305641634633e-06,0.9999930606940988,1.1247321080584438,1.1247321080584438,0.8891006070114231,1.1247321080584438,3.755515294407194e-136,5.485528316924116e-06,0.9999945144716832,2,7.193392397498123e-05,6.547707932722062e-05,0.9999345229206728,0.15061122753073114,0.3333777272256146,0.5160110452436544,2,0.9927304652471749,0.9036222109354889,0.09637778906451111,0.5160110452436544
2025-11-15,3.3072661398420213e-139,6.112936199652664e-06,0.9999938870646868,1.113169160119296,1.113169160119296,0.8983360623221291,1.113169160119296,3.307270041590041e-139,4.933192285706273e-06,0.9999950668077144,2,6.52144705481441e-05,5.936076923662134e-05,0.9999406392307634,0.15061113459178177,0.1506111345917818,0.6987777308164365,2,0.8206877404737176,0.7470221741909233,0.2529778258090767,0.6987777308164365
2025-11-16,4.03332089263438e-142,1.5946925101058037e-05,0.9999840530743376,1.061978597251398,1.061978597251398,0.9416385627621776,1.061978597251398,4.033328181081675e-142,1.4139895857342729e-05,0.9999858601041428,2,0.0001720331157231,0.00015659129021,0.99984340870979,0.15056666892322856,0.1505666689232286,0.6988666621535429,2,0.8205512448579098,0.7468979305271524,0.25310206947284764,0.6988666621535429
2025-11-17,1.901327004360644e-142,1.2183620744543168e-11,0.9999999999872672,1.1439832417346183,1.1439832417346183,0.8741386792377333,1.1439832417346183,1.901327004367152e-142,9.309729161640553e-12,0.9999999999906904,2,2.734074439744717e-10,2.4886618035734345e-10,0.999999999751134,0.15056660478761427,0.15056660478761433,0.6988667904247715,2,0.8205510479546081,0.7468977512980434,0.25310224870195663,0.6988667904247715
2025-11-18,1.2600134248024036e-139,7.401389469540557e-19,1.0,1.2110489499607158,1.2110489499607158,0.825730454605025,1.2110489499607158,1.2600134248024036e-139,5.046495182206151e-19,1.0,2,5.5262042231857085e-11,5.030167858294522e-11,0.9999999999496983,0.15056654710971393,0.15056654710971396,0.6988669057805721,2,0.820550870877123,0.7468975901151703,0.2531024098848297,0.6988669057805721
2025-11-19,1.6631102629140577e-143,4.528251015826799e-13,1.0,1.1518676658209066,1.1518676658209066,0.8681552835215021,1.1518676658209066,1.6631102629134905e-143,3.41291379309499e-13,0.9999999999996588,2,5.560321376732434e-11,5.0612226297536025e-11,0.9999999999493878,0.1505663817880136,0.15056638178801363,0.6988672364239729,2,0.8205503633210056,0.7468971281176825,0.2531028718823175,0.6988672364239729
2025-11-20,2.0634412918155933e-133,3.1557228284511104e-24,1.0,1.2429162887702143,1.2429162887702143,0.804559413240481,1.2429162887702143,2.0634412918155933e-133,2.042749403276676e-24,1.0,2,5.5262042231857085e-11,5.030167858294522e-11,0.9999999999496983,0.15056638178790474,0.15056638178790474,0.6988672364241905,2,0.8205503633206714,0.7468971281173783,0.2531028718826217,0.6988672364241905
2025-11-21,1.928957620400621e-130,2.6543494095919865e-14,1.0,1.1404071573520191,1.1404071573520191,0.8768797999496609,1.1404071573520191,1.9289576204005815e-130,2.0409775265563433e-14,0.9999999999999796,2,5.52824703355102e-11,5.0320273044215876e-11,0.9999999999496796,0.15056638178790496,0.15056638178790502,0.69886723642419,2,0.8205503633206723,0.7468971281173792,0.2531028718826208,0.69886723642419
2025-11-22,7.395375713488811e-131,9.49452326344122e-14,1.0,1.1268048989972472,1.1268048989972472,0.8874650801482209,1.1268048989972472,7.39537571348826e-131,7.477832104259396e-14,0.9999999999999252,2,5.5336760241414365e-11,5.036968984617973e-11,0.9999999999496304,0.15056638178790185,0.1505663817879019,0.6988672364241962,2,0.8205503633206628,0.7468971281173704,0.2531028718826296,0.6988672364241962
2025-11-23,1.7911764449011794e-131,2.73716674038487e-13,1.0,1.1115320801879554,1.1115320801879554,0.8996591441885369,1.1115320801879554,1.7911764449007824e-131,2.2154260151799062e-13,0.9999999999997784,2,5.5483531725269785e-11,5.050328700813517e-11,0.9999999999494968,0.15056638178790444,0.15056638178790446,0.6988672364241911,2,0.8205503633206704,0.7468971281173774,0.2531028718826226,0.6988672364241911
2025-11-24,9.533004588988754e-124,0.0006700274921489,0.999329972508292,0.988349445960901,0.988349445960901,1.011787889482522,1.011650554039099,9.313432300550275e-124,0.0006701183899977,0.9993298816100024,2,0.0055671566658809,0.0050674443780619,0.994932555621938,0.1505742196311597,0.15057421963115974,0.6988515607376806,2,0.8205744258049222,0.7469190307344336,0.25308096926556645,0.6988515607376806
2025-11-25,6.095033662409529e-131,0.0563948320541083,0.9436051679457644,0.9256184769028528,0.9256184769028528,1.0803587276542166,1.0743815230971472,5.24944459034944e-131,0.0566907920205866,0.9433092079794132,2,0.2177633190969571,0.1982167151625074,0.8017832848374925,0.14582812284614363,0.18141339250550073,0.6727584846483556,2,0.8570957613023062,0.7801621829129516,0.21983781708704841,0.6727584846483556
2025-11-26,1.7120626269619869e-130,0.9963366191123744,0.0036633808881222,0.8145859138591884,0.8145859138591884,1.2276175943951602,1.1854140861408116,1.13618260956609e-130,0.996462114659154,0.0035378853408459,1,0.0235002444087913,0.0213908442961999,0.9786091557038,0.1458695700569851,0.3640974496292426,0.49003298031377224,2,0.9981970329571304,0.9085980953001019,0.09140190469989806,0.49003298031377224
2025-11-27,1.4110194696536628e-136,0.9999810764701306,1.892352906620356e-05,0.8125521234774098,0.8125521234774098,1.2306902795606336,1.1874478765225902,9.316134593047526e-137,0.9999817413692784,1.825863072147942e-05,1,0.0002174760866569,0.0001979552649284,0.9998020447350716,0.14586194569160957,0.5468561363756598,0.3072819179327307,1,0.9734532333060859,0.8860753182419259,0.11392468175807413,0.5468561363756598
2025-11-28,7.896176079763691e-137,0.9999969696119012,3.030387942462744e-06,0.7873028665740089,0.7873028665740089,1.270159226463323,1.212697133425991,4.894412279441471e-137,0.9999971067066252,2.893293374754828e-06,1,3.979182032935021e-05,3.622007576266179e-05,0.9999637799242374,0.15060807630439477,0.6987838473912105,0.15060807630439482,1,0.8206783536967552,0.7470136299783205,0.25298637002167945,0.6987838473912105
2025-11-29,2.9219105497330323e-141,0.999998450353196,1.5496460406488832e-06,0.7845182761108531,0.7845182761108531,1.2746675640972565,1.2154817238891469,1.7983452760021298e-141,0.9999985223075966,1.4776924034863766e-06,1,2.1315782126099957e-05,1.9402461037407383e-05,0.9999805975389626,0.1505666463704018,0.6988667072591964,0.15056664637040185,1,0.820551175618291,0.7468978675025354,0.2531021324974646,0.6988667072591964
2025-11-30,3.5320529829108612e-152,0.9999673228367468,3.267716332188282e-05,0.8013558364402305,0.8013558364402305,1.2478850899023626,1.1986441635597695,2.268185544492371e-152,0.9999686122208536,3.138777914651677e-05,1,0.0003568500819374,0.0003248189426044,0.9996751810573956,0.15056679987767368,0.6988664002446526,0.1505667998776737,1,0.8205516469020362,0.7468982964834872,0.25310170351651284,0.6988664002446526
2025-12-01,2.0744286858877897e-144,0.9997659967411572,0.0002340032580267,0.8933919195153114,0.8933919195153114,1.1193295777093286,1.1066080804846887,1.6557078373709008e-144,0.9997686556399192,0.0002313443600809,1,0.0021680408156027,0.0019734357952896,0.9980265642047104,0.1505694712288779,0.6988610575422443,0.15056947122887795,1,0.8205598481642729,0.7469057615940827,0.25309423840591727,0.6988610575422443
2025-12-02,1.2423954974633943e-136,0.9998095783802392,0.000190421619205,0.8503944124140056,0.8503944124140056,1.1759249418882125,1.1496055875859943,8.984677969946617e-137,0.9998138395720412,0.0001861604279588,1,0.0017850567502946,0.0016248286758732,0.9983751713241268,0.15057163072602592,0.6988567385479482,0.15057163072602597,1,0.8205664778944053,0.7469117962345113,0.2530882037654887,0.6988567385479482
2025-12-03,1.3147476569755804e-147,0.9999994889386868,5.110615319098165e-07,0.7824417844273912,0.7824417844273912,1.2780503545472368,1.2175582155726088,8.049084482620581e-148,0.9999995131278046,4.868721953541303e-07,1,7.563715689726848e-06,6.884790719842242e-06,0.99999311520928,0.15057126943327237,0.6988574611334553,0.15057126943327243,1,0.8205653687194641,0.7469107866199706,0.25308921338002943,0.6988574611334553
2025-12-04,1.2231779655698838e-152,0.999999972271326,2.7728678594933717e-08,0.7428198667330959,0.7428198667330959,1.3462213987328802,1.257180133266904,6.749267957685723e-153,0.9999999741053412,2.589465889343256e-08,1,4.782820184779305e-07,4.353510546088743e-07,0.9999995646489452,0.15056856455705248,0.698862870885895,0.15056856455705253,1,0.8205570646243278,0.7469032279068358,0.25309677209316417,0.698862870885895
2025-12-05,2.478100093584132e-152,0.999999894002036,1.059985488046195e-07,0.7649967811751199,0.7649967811751199,1.307195042656113,1.23500321882488,1.4502339316297072e-152,0.9999998998553808,1.0014461917230713e-07,1,1.7141680722120903e-06,1.56030302035875e-06,0.9999984396969795,0.15056638895392108,0.6988672220921579,0.15056638895392113,1,0.8205503853211542,0.7468971481430807,0.2531028518569193,0.6988672220921579
2025-12-06,2.4918768017036502e-154,0.9999999469564514,5.3043642437262674e-08,0.7686997631258432,0.7686997631258432,1.3008980202278153,1.2313002368741568,1.4724483263558355e-154,0.9999999497941816,5.020581834045042e-08,1,8.940494104564666e-07,8.13798843940074e-07,0.999999186201156,0.1505663838485176,0.6988672323029648,0.15056638384851762,1,0.8205503696469867,0.7468971338758387,0.25310286612416133,0.6988672323029648
2025-12-07,8.655087795547119e-160,0.9999999988704076,1.128691508413101e-09,0.7637819969995701,0.7637819969995701,1.3092741173900213,1.23621800300043,5.0490574535222676e-160,0.9999999989342884,1.0657117131472855e-09,1,2.311054496672025e-08,2.103612457743219e-08,0.9999999789638754,0.1505663835582233,0.6988672328835533,0.15056638355822333,1,0.8205503687557503,0.7468971330646003,0.25310286693539974,0.6988672328835533
2025-12-08,4.5693737437988655e-168,0.9999999999763532,2.416501241727638e-11,0.8059526679021429,0.8059526679021429,1.2407676527741427,1.194047332097857,2.9680810514557337e-168,0.9999999999767448,2.3255094168887137e-11,1,6.202754778556821e-10,5.645990712589481e-10,0.999999999435401,0.15056638238762746,0.698867235224745,0.1505663823876275,1,0.8205503651618884,0.7468971297933262,0.25310287020667377,0.698867235224745
2025-12-09,1.2308022977717436e-172,0.9999999999872672,1.3295969448040787e-11,0.7990160183118069,0.7990160183118069,1.2515393647712347,1.200983981688193,7.857769231847808e-173,0.9999999999872412,1.275888460051032e-11,1,3.6044390853512336e-10,3.2809018454736516e-10,0.9999999996719098,0.15056638180078186,0.6988672363984363,0.1505663818007819,1,0.8205503633602057,0.746897128153364,0.25310287184663605,0.6988672363984363
2025-12-10,1.1604715612107803e-200,1.0,3.086815867038768e-15,0.7341295310948897,0.7341295310948897,1.362157436315888,1.2658704689051103,6.254317014814253e-201,0.9999999999999972,2.868617785914965e-15,1,5.526492881172112e-11,5.030430606116825e-11,0.9999999999496956,0.15056638178832182,0.6988672364233564,0.15056638178832188,1,0.8205503633219522,0.7468971281185441,0.25310287188145586,0.6988672364233564
2025-12-11,1.3991587163434398e-204,1.0,6.925060149923359e-15,0.7100739152520492,0.7100739152520492,1.40830409133539,1.2899260847479508,7.054627717732065e-205,0.9999999999999936,6.342959436668478e-15,1,5.5268370503097455e-11,5.0307438823664927e-11,0.9999999999496926,0.15056638178805,0.6988672364238999,0.15056638178805004,1,0.8205503633211175,0.7468971281177844,0.2531028718822156,0.6988672364238999
2025-12-12,2.0415703962330585e-188,1.0,8.959105597014237e-14,0.779184756082408,0.779184756082408,1.2833926641837925,1.220815243917592,1.2394963564993348e-188,0.9999999999999148,8.522265234901746e-14,1,5.53473073601483e-11,5.0379290247379247e-11,0.9999999999496209,0.15056638178790183,0.6988672364241962,0.15056638178790188,1,0.8205503633206626,0.7468971281173703,0.2531028718826297,0.6988672364241962
2025-12-13,6.001157138323299e-188,1.0,1.1160212858328565e-13,0.7921264168088702,0.7921264168088702,1.2624247579427552,1.2078735831911298,3.765511624180343e-188,0.9999999999998932,1.0677964139685274e-13,1,5.5368845686826025e-11,5.0398895277197216e-11,0.9999999999496012,0.15056638178790305,0.6988672364241939,0.15056638178790308,1,0.8205503633206663,0.7468971281173737,0.25310287188262626,0.6988672364241939
2025-12-14,2.641579927821737e-203,0.999999999998181,1.6980428312868385e-12,0.8131032318771447,0.8131032318771447,1.2298561373214347,1.1868967681228553,1.7464458739475048e-203,0.9999999999983612,1.6387295126878325e-12,1,7.37401877547064e-11,6.712121147316175e-11,0.9999999999328788,0.15056638178792214,0.6988672364241557,0.1505663817879222,1,0.820550363320725,0.746897128117427,0.25310287188257297,0.6988672364241557
2025-12-15,5.43596947670203e-200,0.9999999999545252,4.4880661009556254e-11,0.8442858334551937,0.8442858334551937,1.184432996947911,1.1557141665448063,3.874859981196492e-200,0.9999999999562076,4.379244403557229e-11,1,1.1159415340093915e-09,1.015773758877475e-09,0.9999999989842262,0.15056638178843315,0.6988672364231336,0.15056638178843318,1,0.8205503633222938,0.7468971281188551,0.2531028718811449,0.6988672364231336
2025-12-16,5.58752969558591e-201,0.9999999955653038,4.434977909513062e-09,0.9021396346797352,0.9021396346797352,1.108475851806473,1.0978603653202643,4.5474441236909946e-201,0.9999999956074944,4.3925056736200394e-09,1,8.894673105700418e-08,8.096280368831277e-08,0.9999999190371964,0.15056638183978807,0.6988672363204239,0.1505663818397881,1,0.8205503634799592,0.7468971282623683,0.2531028717376317,0.6988672363204239
2025-12-17,5.276228784744503e-186,0.9999965925311546,3.407469262206872e-06,0.9685591362563194,0.9685591362563194,1.032461480736433,1.0314408637436805,4.949666120240337e-186,0.9999965958991048,3.4041008951935467e-06,1,4.626355618062296e-05,4.211090359885748e-05,0.9999578890964012,0.15056642163980322,0.6988671567203936,0.15056642163980327,1,0.8205504856705061,0.7468972394849973,0.2531027605150027,0.6988671567203936
2025-12-18,1.2777531174458191e-185,0.9999998263119928,1.736878400190576e-07,0.943435742299877,0.943435742299877,1.059955601811558,1.0565642577001229,1.1372909954372768e-185,0.9999998268678768,1.731321232225633e-07,1,2.8686902646808087e-06,2.6111944079549964e-06,0.999997388805592,0.150566423663512,0.6988671526729759,0.15056642366351203,1,0.8205504918835202,0.7468972451403264,0.2531027548596736,0.6988671526729759
2025-12-19,6.533875177111997e-178,0.9999999955198292,4.480190205266664e-09,0.8810682353330284,0.8810682353330284,1.1349858727139532,1.1189317646669716,5.07212469418984e-178,0.9999999955831812,4.416818969520083e-09,1,8.941453346548891e-08,8.13886157908261e-08,0.9999999186113844,0.15056642366379627,0.6988671526724075,0.15056642366379633,1,0.8205504918843929,0.7468972451411208,0.25310275485887923,0.6988671526724075
2025-12-20,2.0134475782259241e-181,0.9999999959109118,4.088410478424027e-09,0.8844408051069457,0.8844408051069457,1.1306579187954595,1.1155591948930543,1.574990249148333e-181,0.9999999959661858,4.033814141428403e-09,1,8.202923751124166e-08,7.466622971302177e-08,0.9999999253337702,0.1505663839109244,0.6988672321781513,0.15056638391092442,1,0.8205503698385825,0.7468971340502367,0.2531028659497633,0.6988672321781513
2025-12-21,6.6533312794874326e-192,0.9999999999399732,5.960703103912916e-11,0.8208645720696064,0.8208645720696064,1.218227749162993,1.1791354279303936,4.4831386720085266e-192,0.9999999999423058,5.7694271124950375e-11,1,1.4455174493409714e-09,1.3157666851637242e-09,0.9999999986842332,0.15056638188737814,0.6988672362252437,0.15056638188737817,1,0.8205503636260661,0.7468971283953606,0.2531028716046394,0.6988672362252437
2025-12-22,2.9397389198670107e-205,0.9999999995307008,4.691170905124105e-10,0.817744311665011,0.817744311665011,1.2228761310046874,1.182255688334989,1.9658203464682516e-205,0.9999999995464656,4.5353436435670737e-10,1,1.0238481013552884e-08,9.319467039609936e-09,0.9999999906805328,0.15056638184104032,0.6988672363179194,0.15056638184104035,1,0.8205503634838038,0.7468971282658678,0.25310287173413215,0.6988672363179194
2025-12-23,9.52065475535036e-210,0.9999999994088284,5.902995996895943e-10,0.8152594708861727,0.8152594708861727,1.2266033523204798,1.184740529113827,6.327884188328911e-210,0.9999999994298469,5.701532274174861e-10,1,1.2733561845825061e-08,1.1590587486748803e-08,0.9999999884094124,0.15056638180054402,0.6988672363989119,0.15056638180054405,1,0.8205503633594755,0.7468971281526994,0.2531028718473006,0.6988672363989119
2025-12-24,1.0392540871528936e-211,0.9999999997544364,2.464610964144551e-10,0.7685080717876509,0.7685080717876509,1.3012225072325765,1.231491928212349,6.137883030656682e-212,0.9999999997667464,2.332536127906477e-10,1,5.434191885557576e-09,4.946414619251763e-09,0.9999999950535854,0.1505663818025966,0.6988672363948067,0.15056638180259663,1,0.8205503633657771,0.7468971281584353,0.25310287184156466,0.6988672363948067
2025-12-25,6.280695782051438e-218,0.9999999996416592,3.5882224822209005e-10,0.7709986065679713,0.7709986065679713,1.2970192053282783,1.2290013934320287,3.73348958630274e-218,0.999999999659995,3.4000502171117167e-10,1,7.780446176599541e-09,7.082067310599699e-09,0.9999999929179328,0.15056638180126927,0.6988672363974615,0.15056638180126927,1,0.820550363361702,0.746897128154726,0.253102871845274,0.6988672363974615
2025-12-26,1.6340758042176576e-216,0.999999998972271,1.0283263820159547e-09,0.8103693079627469,0.8103693079627469,1.234005274106421,1.189630692037253,1.0730949911292749e-216,0.999999999008652,9.91347971675533e-10,1,2.1571560958352093e-08,1.963528096386409e-08,0.999999980364719,0.15056638180619375,0.6988672363876125,0.15056638180619378,1,0.820550363376821,0.7468971281684879,0.25310287183151214,0.6988672363876125
2025-12-27,1.831921758071272e-218,0.999999998944986,1.0547098588393212e-09,0.8143248496833727,0.8143248496833727,1.2280111559764164,1.1856751503166274,1.2147930440759243e-218,0.9999999989816516,1.0183484607444471e-09,1,2.2130969519308844e-08,2.0144476579757797e-08,0.9999999798555236,0.15056638181537288,0.6988672363692542,0.15056638181537293,1,0.8205503634050018,0.7468971281941391,0.2531028718058609,0.6988672363692542
2025-12-28,7.446684185104525e-220,0.9999999999454304,5.486869213606769e-11,0.7578148478676232,0.7578148478676232,1.3195835405097291,1.2421851521323768,4.2765066929296756e-220,0.9999999999483496,5.1650443186201776e-11,1,1.3027008591923336e-09,1.185769422597346e-09,0.9999999988142306,0.15056638181200152,0.6988672363759969,0.15056638181200155,1,0.8205503633946514,0.7468971281847178,0.25310287181528224,0.6988672363759969
2025-12-29,4.252488109965681e-232,0.9999999995543476,4.4536764430423077e-10,0.8144296137531415,0.8144296137531415,1.2278531908874153,1.1855703862468585,2.820656634397949e-232,0.9999999995699692,4.3003080010424767e-10,1,9.732206721800192e-09,8.858636319823913e-09,0.9999999911413636,0.15056638180543871,0.6988672363891225,0.15056638180543877,1,0.8205503633745028,0.7468971281663778,0.25310287183362223,0.6988672363891225
2025-12-30,2.550700701737565e-227,0.9999999964966264,3.503750642816124e-09,0.8512511304137466,0.8512511304137466,1.1747414649704544,1.1487488695862536,1.848310390510782e-227,0.9999999965737744,3.4262258637979343e-09,1,7.023718836921568e-08,6.393264402163837e-08,0.999999936067356,0.15056638183359108,0.6988672363328178,0.1505663818335911,1,0.8205503634609337,0.7468971282450505,0.2531028717549495,0.6988672363328178
2025-12-31,6.994836137662287e-228,0.9999998236708209,1.763286716112561e-07,0.9150649045205052,0.9150649045205052,1.0928186569716614,1.0849350954794947,5.857082535842602e-228,0.999999824943358,1.7505664200856925e-07,1,2.8986428460632804e-06,2.638458422468055e-06,0.9999973615415776,0.15056638387970903,0.6988672322405819,0.15056638387970908,1,0.8205503697427481,0.7468971339630044,0.2531028660369956,0.6988672322405819
2026-01-01,5.884667885511383e-244,0.9999999998017302,1.9764018126496448e-10,0.8060116796344062,0.8060116796344062,1.2406768106059998,1.1939883203655937,3.823002901306105e-244,0.9999999998097971,1.9020269102309355e-10,1,4.475127438020924e-09,4.073436538240706e-09,0.9999999959265634,0.150566383876905,0.69886723224619,0.15056638387690502,1,0.8205503697341392,0.7468971339551683,0.2531028660448317,0.69886723224619
2026-01-02,3.38897044785897e-243,0.9999999999272404,7.356723475460949e-11,0.7921637271191923,0.7921637271191923,1.2623652986947935,1.2078362728808076,2.1266581581851558e-243,0.9999999999296106,7.038943063805565e-11,1,1.7435125533684506e-09,1.587013518192281e-09,0.9999999984129864,0.15056638383766935,0.6988672323246613,0.1505663838376694,1,0.8205503696136813,0.7468971338455228,0.2531028661544772,0.6988672323246613
2026-01-03,9.74509695967967e-249,0.99999999998181,1.8173034804407533e-11,0.7641417966235177,0.7641417966235177,1.308657639745214,1.2358582033764822,5.69028573469946e-249,0.9999999999828378,1.7162085377554603e-11,1,4.702124202247843e-10,4.2800578973574104e-10,0.9999999995719944,0.1505663817911482,0.6988672364177037,0.15056638179114823,1,0.8205503633306293,0.7468971281264424,0.2531028718735576,0.6988672364177037
2026-01-04,2.8827860674706294e-256,0.99999999998181,1.8430558498797383e-11,0.7952795309320544,0.7952795309320544,1.2574195123920977,1.2047204690679456,1.823274355871313e-256,0.999999999982342,1.7658125121366412e-11,1,4.825012077740573e-10,4.39191526210773e-10,0.9999999995608084,0.15056638178913082,0.6988672364217383,0.15056638178913084,1,0.8205503633244358,0.7468971281208048,0.2531028718791952,0.6988672364217383
2026-01-05,1.455138618785452e-249,0.999999999996362,3.1308088690379045e-12,0.8191290601199632,0.8191290601199632,1.2208088428135462,1.1808709398800368,9.76357876310666e-250,0.9999999999969716,3.028386658182532e-12,1,1.1098124882513812e-10,1.0101948610067432e-10,0.9999999998989804,0.15056638178834322,0.6988672364233135,0.15056638178834325,1,0.8205503633220177,0.7468971281186038,0.25310287188139624,0.6988672364233135
2026-01-06,2.787745583927778e-268,1.0,1.7927642800705413e-14,0.791430535058324,0.791430535058324,1.2635347711550018,1.208569464941676,1.7461387129675981e-268,0.9999999999999828,1.7147768436564633e-14,1,5.5279250688738775e-11,5.0317342395428655e-11,0.9999999999496828,0.15056638178814283,0.6988672364237144,0.15056638178814286,1,0.8205503633214024,0.7468971281180438,0.25310287188195624,0.6988672364237144
2026-01-07,2.8351470453079314e-265,0.999999999998181,1.2112389323983397e-12,0.8270278153334204,0.8270278153334204,1.2091491742594471,1.1729721846665797,1.9391697211120268e-265,0.999999999998825,1.1749994185453253e-12,1,6.108291448971751e-11,5.560006484523369e-11,0.9999999999444,0.1505663817879501,0.6988672364240998,0.15056638178795012,1,0.8205503633208109,0.7468971281175053,0.2531028718824947,0.6988672364240998
2026-01-08,8.199823349006172e-280,0.999999999989086,1.0465951264352854e-11,0.816741096982228,0.816741096982228,1.2243782071147078,1.183258903017772,5.469823522026892e-280,0.9999999999898856,1.0114464583038204e-11,1,2.93813937830107e-10,2.6744097154266226e-10,0.999999999732559,0.15056638178803297,0.6988672364239341,0.15056638178803297,1,0.8205503633210651,0.7468971281177367,0.2531028718822633,0.6988672364239341
2026-01-09,3.0584812502995476e-275,1.0,3.0927952826246774e-13,0.7519090859654194,0.7519090859654194,1.3299480198673783,1.2480909140345806,1.7291652057076358e-275,0.9999999999997098,2.902436511463567e-13,1,5.5552254530494056e-11,5.0565841201214136e-11,0.999999999949434,0.15056638178803614,0.6988672364239278,0.15056638178803616,1,0.8205503633210749,0.7468971281177456,0.25310287188225444,0.6988672364239278
2026-01-10,3.5978726348000062e-276,1.0,3.458088517256088e-13,0.7539412101618438,0.7539412101618438,1.326363364307061,1.2460587898381563,2.0451292016087662e-276,0.999999999999675,3.248718796764345e-13,1,5.558700451116482e-11,5.059747199674519e-11,0.9999999999494024,0.1505663817880262,0.6988672364239475,0.15056638178802625,1,0.8205503633210445,0.7468971281177179,0.2531028718822821,0.6988672364239475
2026-01-11,1.6266054206523589e-279,0.999999999998181,1.5495836761780288e-12,0.7512606700467088,0.7512606700467088,1.3310959030210194,1.2487393299532912,9.180440533607811e-280,0.9999999999985464,1.4537089905439066e-12,1,6.870835194579782e-11,6.254103713794756e-11,0.9999999999374588,0.15056638178792495,0.69886723642415,0.15056638178792495,1,0.8205503633207336,0.7468971281174349,0.2531028718825651,0.69886723642415
2026-01-12,3.749098260128087e-279,0.999999999996362,3.725477563296846e-12,0.7763348240242227,0.7763348240242227,1.288104010092427,1.2236651759757773,2.25956562142641e-279,0.9999999999964608,3.5391064093952985e-12,1,1.2448632847882487e-10,1.1331233936017997e-10,0.9999999998866876,0.15056638178796292,0.6988672364240741,0.15056638178796297,1,0.8205503633208501,0.7468971281175409,0.25310287188245906,0.6988672364240741
2026-01-13,8.010967714637203e-253,0.9999999999163264,8.311267860010549e-11,0.8521136530889051,0.8521136530889051,1.1735523734128752,1.147886346911095,5.816745054386619e-253,0.999999999918705,8.129497343441806e-11,1,1.9976469822867915e-09,1.8183366442301643e-09,0.9999999981816634,0.1505663817889096,0.6988672364221808,0.15056638178890963,1,0.8205503633237565,0.7468971281201865,0.2531028718798135,0.6988672364221808
2026-01-14,1.4073898298344231e-246,0.9999999764349926,2.356411601075677e-08,0.9171121104473072,0.9171121104473072,1.09037923347481,1.0828878895526928,1.18374801871303e-246,0.999999976597779,2.340222105927203e-08,1,4.346170534819091e-07,3.956054906402077e-07,0.9999996043945094,0.15056638206250597,0.6988672358749881,0.150566382062506,1,0.8205503641637284,0.7468971288847619,0.2531028711152381,0.6988672358749881
2026-01-15,6.444841152252334e-245,0.9999999997235136,2.7590080133278473e-10,0.8475467283054894,0.8475467283054894,1.1798759485501316,1.1524532716945106,4.629557912245368e-245,0.9999999997305116,2.6948831489619965e-10,1,6.235158561154331e-09,5.675485906600822e-09,0.999999994324514,0.15056638206561535,0.6988672358687693,0.1505663820656154,1,0.8205503641732745,0.7468971288934512,0.25310287110654883,0.6988672358687693
2026-01-16,1.748321876228934e-246,0.999999999836291,1.6386940392438343e-10,0.8479866988297309,0.8479866988297309,1.1792637801749202,1.1520133011702691,1.25718581478068e-246,0.9999999998399174,1.6008270257263062e-10,1,3.798431905702333e-09,3.4574817202411957e-09,0.9999999965425184,0.15056638206653652,0.6988672358669269,0.15056638206653658,1,0.8205503641761027,0.7468971288960254,0.25310287110397456,0.6988672358669269
2026-01-17,5.1669013704991326e-247,0.9999999998562998,1.4307555481787446e-10,0.8480394361923439,0.8480394361923439,1.179190444833499,1.151960563807656,3.715885033087632e-247,0.9999999998602284,1.397716522533486e-10,1,3.3389628808245202e-09,3.039254990377427e-09,0.999999996960745,0.15056638179455736,0.6988672364108853,0.1505663817945574,1,0.8205503633410958,0.7468971281359694,0.2531028718640306,0.6988672364108853
2026-01-18,1.5328648926557012e-239,0.9999999999727152,2.766252150994889e-11,0.8453077677934151,0.8453077677934151,1.1830010773595423,1.154692232206585,1.0953012854664077e-239,0.9999999999729994,2.7000566036751613e-11,1,7.116948283883595e-10,6.4781255018654e-10,0.9999999993521874,0.15056638179172224,0.6988672364165556,0.1505663817917223,1,0.8205503633323917,0.7468971281280467,0.25310287187195335,0.6988672364165556
2026-01-19,2.4337017590475616e-231,0.9999999836873033,1.6312306094517434e-08,0.8480499101816397,0.8480499101816397,1.179175881034897,1.1519500898183603,1.7502906836391108e-231,0.999999984064326,1.5935674041532113e-08,1,3.0208364081019573e-07,2.749683795876919e-07,0.9999997250316204,0.1505663819761668,0.6988672360476663,0.15056638197616687,1,0.8205503638986575,0.746897128643484,0.253102871356516,0.6988672360476663
2026-01-20,8.530274716982334e-195,0.0220234005759872,0.977976599424237,1.1504774308896533,1.1504774308896533,0.8692043608597428,1.1504774308896533,8.576453465991e-195,0.0167291120071604,0.9832708879928396,2,0.0850205801369144,0.07738906711119,0.92261093288881,0.1493779566030441,0.5240803180352521,0.3265417253617038,1,0.9880870611824848,0.8993956024107295,0.10060439758927053,0.5240803180352521
2026-01-21,2.3762872841656223e-185,0.999989183807262,1.0816192057637766e-05,0.9398865695299776,0.9398865695299776,1.063958175825498,1.0601134304700224,2.0991808153513897e-185,0.999989222893178,1.07771068220118e-05,1,0.0001340465554853,0.0001220144329969,0.999877985567003,0.14937808260692906,0.5240800660274822,0.3265418513655887,1,0.9880872789488697,0.8993958006302353,0.10060419936976472,0.5240800660274822
2026-01-22,1.5091872150546836e-191,0.9999999935334928,6.4668104432513155e-09,0.9182525877262168,0.9182525877262168,1.0890249734838282,1.0817474122737831,1.272528270140109e-191,0.9999999935764048,6.423595081179521e-09,1,1.2762134954566458e-07,1.16165958511519e-07,0.9999998838340416,0.14937808249571602,0.5240800662499082,0.32654185125437574,1,0.9880872787566659,0.8993958004552838,0.10060419954471622,0.5240800662499082
2026-01-23,1.0367268179375917e-194,0.999999961875802,3.812446312649184e-08,0.9363640117290888,0.9363640117290888,1.067960736929008,1.0636359882709112,9.089788125097713e-195,0.9999999620299236,3.797007663193646e-08,1,6.867721850636964e-07,6.251269826012022e-07,0.9999993748730174,0.1505665083111419,0.6988669833777162,0.15056650831114196,1,0.8205507517612124,0.746897481691196,0.25310251830880404,0.6988669833777162
2026-01-24,1.4768649917938865e-194,0.9999999578503784,4.215010475399827e-08,0.9350029418250418,0.9350029418250418,1.0695153515218785,1.0649970581749582,1.2911204222417137e-194,0.9999999580279634,4.197203668827183e-08,1,7.54947688426996e-07,6.871830000575074e-07,0.999999312817,0.15056638279766854,0.6988672344046629,0.15056638279766862,1,0.820550366420761,0.7468971309392014,0.2531028690607986,0.6988672344046629
2026-01-25,3.480508392853239e-196,0.9999999789361028,2.1064550192880876e-08,0.9309634940880078,0.9309634940880078,1.074155975342107,1.0690365059119922,3.0165323559313593e-196,0.9999999790358444,2.096415572410629e-08,1,3.91647529730589e-07,3.564929445722827e-07,0.9999996435070554,0.15056638296767344,0.6988672340646531,0.1505663829676735,1,0.8205503669426952,0.7468971314142865,0.2531028685857135,0.6988672340646531
2026-01-26,8.39935660978966e-195,0.999999931043933,6.895559465614037e-08,0.9329715795082753,0.9329715795082753,1.0718440110759349,1.0670284204917249,7.311102104917208e-195,0.9999999313542096,6.864579035057546e-08,1,1.2009380924518227e-06,1.0931409605000564e-06,0.9999989068590396,0.15056638332632677,0.6988672333473465,0.15056638332632685,1,0.8205503680438015,0.7468971324165566,0.25310286758344336,0.6988672333473465
2026-01-27,3.13838809768627e-193,0.9999999529081844,4.7091743825898254e-08,0.938117364178392,0.938117364178392,1.0659647056803017,1.061882635821608,2.76198297637111e-193,0.9999999530885922,4.691140785603058e-08,1,8.385692776113954e-07,7.632986507260223e-07,0.9999992367013492,0.15056638338407677,0.6988672332318465,0.15056638338407685,1,0.8205503682211007,0.7468971325779413,0.2531028674220587,0.6988672332318465
2026-01-28,1.8030955725787998e-193,0.999998791846158,1.2081546508859994e-06,0.936708413779764,0.936708413779764,1.067568076990837,1.063291586220236,1.5820769075608011e-193,0.9999987966849992,1.2033150007416705e-06,1,1.7605043165467875e-05,1.6024800875667566e-05,0.9999839751991244,0.150566397207858,0.698867205584284,0.15056639720785808,1,0.8205504106616753,0.7468971712090171,0.2531028287909829,0.698867205584284
2026-01-29,2.276650291653249e-180,0.999482942875001,0.000517057125338,1.0190421418839644,1.0190421418839644,0.9813136855667616,1.0190421418839644,2.364133410839229e-180,0.9994630743114982,0.0005369256885019,1,0.0045796445156109,0.0041685720821155,0.9958314279178844,0.15057267592525367,0.6988546481494926,0.15057267592525375,1,0.820569686659965,0.7469147169787927,0.25308528302120725,0.6988546481494926
2026-01-30,1.59825262582934e-169,0.9999300399711988,6.99600291826431e-05,1.0704852205222335,1.0704852205222335,0.9341558209576706,1.0704852205222335,1.8314806890677682e-169,0.9999198309201036,8.0169079896328e-05,1,0.0008362703618021,0.0007612060873777,0.9992387939126224,0.1505736127376072,0.6988527745247856,0.15057361273760728,1,0.820572562659768,0.7469173348266293,0.25308266517337075,0.6988527745247856
2026-01-31,1.8885446690585208e-157,0.9994037015580264,0.0005962984422699,1.0760144127518592,1.0760144127518592,0.9293555812533628,1.0760144127518592,2.1863645316408808e-157,0.999309666440084,0.000690333559916,1,0.005714574616856,0.0052016299797483,0.9947983700202516,0.15058167304526487,0.6988366539094701,0.15058167304526493,1,0.8205973069936147,0.7469398580899332,0.25306014191006676,0.6988366539094701
2026-02-01,3.8003777017287475e-157,0.9990742164146564,0.0009257835860673,1.0740670301338384,1.0740670301338384,0.9310405886636246,1.0740670301338384,4.383568242015896e-157,0.9989321494216172,0.0010678505783828,1,0.0083736286548988,0.0076220052708954,0.9923779947291046,0.15058788614188987,0.6988242277162202,0.15058788614188995,1,0.8206163797326427,0.7469572188451558,0.25304278115484424,0.6988242277162202
2026-02-02,8.422110962456714e-165,0.9998835907230252,0.0001164092760819,0.9939268933332284,0.9939268933332284,1.0061102146521108,1.0060731066667716,8.3201248712745055e-165,0.9998835950168978,0.0001164049831021,1,0.0011708452333612,0.0010657492597144,0.9989342507402856,0.15058830985082589,0.6988233802983481,0.15058830985082597,1,0.8206176803922687,0.7469584027565678,0.2530415972434322,0.6988233802983481
2026-02-03,2.06537676271837e-157,0.7828774095244878,0.2171225904753276,1.0936599072153816,1.0936599072153816,0.9143610307029966,1.0936599072153816,2.3694969041484415e-157,0.7509068005225105,0.2490931994774896,1,0.5613367279119899,0.510950709091849,0.4890492909081509,0.1413448011550164,0.6386603665895717,0.21999483225541205,1,0.8960181504579778,0.8155908683164789,0.18440913168352113,0.6386603665895717
2026-02-04,8.094517133143943e-149,0.016205743055048,0.9837942569458018,1.1175126803796656,1.1175126803796656,0.8948444322441678,1.1175126803796656,8.120739407412504e-149,0.013018731104611,0.986981268895389,2,0.0694526952272947,0.0632185675908422,0.9367814324091578,0.1407963785449343,0.45994640318630303,0.39925721826876276,1,0.9998159284320542,0.9100716774651864,0.08992832253481364,0.45994640318630303
2026-02-05,2.783460414034767e-129,7.283704061723603e-17,1.0,1.239381755368009,1.239381755368009,0.8068538976540529,1.239381755368009,2.7834604140347672e-129,4.741787577642148e-17,1.0,2,5.5262042231857085e-11,5.030167858294522e-11,0.9999999999496983,0.1407950174751674,0.2771821737804042,0.5820228087444285,2,0.9466859248045024,0.8617106640525626,0.13828933594743742,0.5820228087444285
2026-02-06,2.517928101334853e-127,1.573487955999738e-18,1.0,1.237091238757794,1.237091238757794,0.8083478151572187,1.237091238757794,2.517928101334853e-127,1.0281582405237712e-18,1.0,2,5.5262042231857085e-11,5.030167858294522e-11,0.9999999999496983,0.15003045179443,0.15459438469684206,0.6953751635087281,2,0.8258477942053843,0.7517190575089886,0.2482809424910114,0.6953751635087281
2026-02-07,6.0622067584555976e-127,4.656667821611369e-18,1.0,1.2245459050975127,1.2245459050975127,0.8166292466760308,1.2245459050975127,6.0622067584555976e-127,3.105454127405852e-18,1.0,2,5.5262042231857085e-11,5.030167858294522e-11,0.9999999999496983,0.15056638178790074,0.15056638178790074,0.6988672364241985,2,0.8205503633206592,0.7468971281173672,0.2531028718826328,0.6988672364241985
2026-02-08,1.521635745850884e-127,1.2122282462974333e-17,1.0,1.2105150205212805,1.2105150205212805,0.8260946647067403,1.2105150205212805,1.521635745850884e-127,8.272638254764338e-18,1.0,2,5.5262042231857085e-11,5.030167858294522e-11,0.9999999999496983,0.15056638178790074,0.15056638178790074,0.6988672364241985,2,0.8205503633206592,0.7468971281173672,0.2531028718826328,0.6988672364241985
2026-02-09,9.028200853625468e-138,1.2068024515040268e-08,0.9999999879328244,0.986804633318872,0.986804633318872,1.013371812652266,1.0131953666811278,8.793043006155572e-138,1.2070126137628776e-08,0.9999999879298738,2,2.3216672246970533e-07,2.1132725790931219e-07,0.999999788672742,0.15056638192902186,0.15056638192902191,0.6988672361419562,2,0.8205503637539171,0.7468971285117355,0.2531028714882645,0.6988672361419562
2026-02-10,1.875737601792033e-145,1.10207468108468e-10,0.9999999998890416,1.0191971008804876,1.0191971008804876,0.9811644863747128,1.0191971008804876,1.875737601801156e-145,1.0609493860256583e-10,0.999999999893905,2,2.5703752661156167e-09,2.33965639436983e-09,0.9999999976603436,0.15056638193026228,0.15056638193026237,0.6988672361394754,2,0.8205503637577253,0.7468971285152018,0.25310287148479815,0.6988672361394754
2026-02-11,3.433410476891905e-146,1.7778533036951282e-10,0.999999999821739,1.007025465713878,1.007025465713878,0.9930235471166584,1.007025465713878,3.4334104769020253e-146,1.7531336137980247e-10,0.9999999998246868,2,4.141261899040973e-09,3.769539028242243e-09,0.999999996230461,0.150566381932312,0.1505663819323121,0.698867236135376,2,0.8205503637640181,0.7468971285209299,0.25310287147907007,0.698867236135376
2026-02-12,2.8585728031115623e-148,2.8671273990506634e-20,1.0,1.2008582691394554,1.2008582691394554,0.8327377390810724,1.2008582691394554,2.8585728031115623e-148,1.9882156365162002e-20,1.0,2,5.5262042231857085e-11,5.030167858294522e-11,0.9999999999496983,0.1505663817911909,0.15056638179119097,0.6988672364176182,2,0.8205503633307603,0.7468971281265616,0.2531028718734384,0.6988672364176182
2026-02-13,1.267972508623269e-147,2.8552036040667613e-19,1.0,1.154235140976842,1.154235140976842,0.866374592575382,1.154235140976842,1.267972508623269e-147,2.1431299146719824e-19,1.0,2,5.5262042231857085e-11,5.030167858294522e-11,0.9999999999496983,0.15056638178995044,0.15056638178995052,0.6988672364200991,2,0.8205503633269521,0.7468971281230953,0.2531028718769047,0.6988672364200991
2026-02-14,1.7570801718368776e-147,8.611509219839101e-19,1.0,1.1422778400408349,1.1422778400408349,0.8754437536530091,1.1422778400408349,1.7570801718368776e-147,6.59987587237439e-19,1.0,2,5.5262042231857085e-11,5.030167858294522e-11,0.9999999999496983,0.15056638178790074,0.15056638178790074,0.6988672364241985,2,0.8205503633206592,0.7468971281173672,0.2531028718826328,0.6988672364241985
2026-02-15,4.342734914349842e-149,2.5777297485035786e-19,1.0,1.1585656419190422,1.1585656419190422,0.8631362469403159,1.1585656419190422,4.342734914349842e-149,1.9204194395618509e-19,1.0,2,5.5262042231857085e-11,5.030167858294522e-11,0.9999999999496983,0.15056638178790074,0.15056638178790074,0.6988672364241985,2,0.8205503633206592,0.7468971281173672,0.2531028718826328,0.6988672364241985
2026-02-16,4.0841993282356345e-155,3.990723148654356e-20,1.0,1.1460009761547325,1.1460009761547325,0.8725996057659383,1.1460009761547325,4.0841993282356345e-155,3.038656614343596e-20,1.0,2,5.5262042231857085e-11,5.030167858294522e-11,0.9999999999496983,0.15056638178790074,0.15056638178790074,0.6988672364241985,2,0.8205503633206592,0.7468971281173672,0.2531028718826328,0.6988672364241985
2026-02-17,1.849448729736883e-170,1.215323583877904e-21,1.0,1.1256829522948033,1.1256829522948033,0.8883495996465189,1.1256829522948033,1.849448729736883e-170,9.59090849673066e-22,1.0,2,5.5262042231857085e-11,5.030167858294522e-11,0.9999999999496983,0.15056638178790074,0.15056638178790074,0.6988672364241985,2,0.8205503633206592,0.7468971281173672,0.2531028718826328,0.6988672364241985
2026-02-18,7.743623587975003e-162,1.9295209215349106e-18,1.0,1.0953087606081378,1.0953087606081378,0.9129845719893444,1.0953087606081378,7.743623587975003e-162,1.6083344679119952e-18,1.0,2,5.5262042231857085e-11,5.030167858294522e-11,0.9999999999496983,0.15056638178790074,0.15056638178790074,0.6988672364241985,2,0.8205503633206592,0.7468971281173672,0.2531028718826328,0.6988672364241985
2026-02-19,1.2443605375572612e-145,1.940484229546109e-16,1.0,1.0776897461397252,1.0776897461397252,0.9279108422270796,1.0776897461397252,1.2443605375572608e-145,1.6707928809902986e-16,0.9999999999999998,2,5.526226427646202e-11,5.030188069665469e-11,0.999999999949698,0.15056638178790074,0.15056638178790074,0.6988672364241985,2,0.8205503633206592,0.7468971281173672,0.2531028718826328,0.6988672364241985
2026-02-20,1.725131127807017e-138,2.649561569487246e-13,1.0,1.0329306741204412,1.0329306741204412,0.9681191826852444,1.0329306741204412,1.725131127806589e-138,2.4833141714082697e-13,0.9999999999997518,2,5.5510288100163244e-11,5.0527641710125516e-11,0.9999999999494724,0.15056638178790366,0.15056638178790374,0.6988672364241927,2,0.8205503633206681,0.7468971281173753,0.2531028718826247,0.6988672364241927
2026-02-21,9.175330183001714e-139,6.508522005879753e-13,1.0,1.024990150810559,1.024990150810559,0.9756191307879428,1.024990150810559,9.175330182996028e-139,6.19502399809914e-13,0.9999999999993804,2,5.58816577019002e-11,5.086567688920328e-11,0.9999999999491344,0.1505663817879109,0.15056638178791096,0.6988672364241783,2,0.8205503633206903,0.7468971281173955,0.2531028718826045,0.6988672364241783
2026-02-22,8.504756735680627e-137,1.5292471894009368e-13,1.0,1.0149884691292124,1.0149884691292124,0.9852328675792036,1.0149884691292124,8.504756735679364e-137,1.4844154780825338e-13,0.9999999999998516,2,5.5410590072551925e-11,5.043689265457637e-11,0.9999999999495632,0.15056638178791262,0.1505663817879127,0.6988672364241747,2,0.8205503633206958,0.7468971281174005,0.2531028718825995,0.6988672364241747
2026-02-23,5.4024619205899625e-140,2.011333690348186e-15,1.0,1.073570081696276,1.073570081696276,0.9314715611485438,1.073570081696276,5.402461920589953e-140,1.7451120932683701e-15,0.9999999999999984,2,5.526370756639403e-11,5.0303194435766197e-11,0.9999999999496968,0.15056638178790974,0.15056638178790982,0.6988672364241806,2,0.8205503633206868,0.7468971281173923,0.2531028718826077,0.6988672364241806
2026-02-24,2.2213310162945888e-142,6.219114919983106e-09,0.9999999937808752,0.9594312386590358,0.9594312386590358,1.0422841780695673,1.0405687613409642,2.048124494595592e-142,6.229367364704493e-09,0.9999999937706326,2,1.239546096296348e-07,1.1282834800611032e-07,0.999999887171652,0.15056638186073482,0.1505663818607349,0.6988672362785304,2,0.8205503635442681,0.7468971283209048,0.2531028716790952,0.6988672362785304
2026-02-25,2.487833408952068e-129,0.3091633653106826,0.6908366346899151,0.8480140909535852,0.8480140909535852,1.1792256881905203,1.1519859090464148,1.8180836267585087e-129,0.314177043553648,0.685822956446352,2,0.6224021128828565,0.5665348178814008,0.4334651821185992,0.14078799736070294,0.22788968850870397,0.6313223141305931,2,0.903409074906518,0.8223183776705755,0.17768162232942453,0.6313223141305931
2026-02-26,1.2531095104897e-164,0.236948754326239,0.7630512456738793,0.9127405694754236,0.9127405694754236,1.0956015689920815,1.0872594305245764,1.050060587309681e-164,0.2383334792441239,0.7616665207558762,2,0.5491513384921669,0.4998590896502026,0.5001409103497974,0.13166667239136745,0.295885149581223,0.5724481780274097,2,0.9466064728830857,0.8616383437970582,0.13836165620294183,0.5724481780274097
2026-02-27,1.406314791906629e-162,0.008538184498446,0.9914618155023744,0.9572642783181474,0.9572642783181474,1.044643598063574,1.0427357216818525,1.2910211627860792e-162,0.0085536730470555,0.9914463269529444,2,0.0492443973934019,0.0448241821990748,0.9551758178009252,0.13176716720785334,0.2959856443977088,0.572247188394438,2,0.9468203959032752,0.8618330649215131,0.13816693507848687,0.572247188394438
2026-02-28,4.920012436860544e-162,0.0003753499592513,0.9996246500406047,0.9564660248481142,0.9564660248481142,1.045515443330879,1.043533975151886,4.509504717453935e-162,0.0003760624078383,0.9996239375921616,2,0.0033415278973081,0.0030415897689977,0.9969584102310024,0.14154994947886898,0.2186667355207235,0.6397833150004076,2,0.8949069527385618,0.8145794125637281,0.18542058743627188,0.6397833150004076
2026-03-01,1.483661296939179e-165,2.5781750618122714e-05,0.9999742182493976,0.9499749285035392,0.9499749285035392,1.0526593597320126,1.050025071496461,1.3422926571749866e-165,2.58464298422553e-05,0.9999741535701576,2,0.0002988706999612,0.0002720438347941,0.999727956165206,0.15067157664308642,0.15067157664308647,0.6986568467138272,2,0.8208732183113295,0.7471910033943876,0.2528089966056124,0.6986568467138272
2026-03-02,2.1728164046516627e-155,3.49291547921609e-05,0.9999650708457402,0.9956508193784156,0.9956508193784156,1.0043681786193874,1.0043491806215843,2.153998304534773e-155,3.49298154795207e-05,0.9999650701845204,2,0.000393384929953,0.000358074394407,0.999641925605593,0.15057149015314208,0.15057149015314214,0.6988570196937158,2,0.8205660463335392,0.7469114034108824,0.25308859658911764,0.6988570196937158
2026-03-03,7.086873924731332e-161,6.072584576932354e-07,0.999999392741486,1.0316406015397463,1.0316406015397463,0.9693298213617008,1.0316406015397463,7.086874184665712e-161,5.705802515214045e-07,0.9999994294197484,2,8.773618615842151e-06,7.986091823602983e-06,0.9999920139081764,0.15056709905325058,0.15056709905325064,0.6988658018934988,2,0.8205525654017731,0.7468991325379774,0.25310086746202265,0.6988658018934988
2026-03-04,4.211203835216595e-149,0.8825297089421874,0.1174702910582798,0.8703565814890903,0.8703565814890903,1.148954372573484,1.1296434185109097,3.19638441933496e-149,0.8842755979625857,0.1157244020374141,1,0.3583187000930625,0.3261557364586429,0.6738442635413571,0.14357234297994267,0.29281536273068826,0.5636122942893692,2,0.9614704482292787,0.8751681172207774,0.12483188277922264,0.5636122942893692
2026-03-05,1.3083106162979346e-152,0.0047969484111771,0.9952030515879304,1.0103023085164675,1.0103023085164675,0.9898027467327126,1.0103023085164675,1.3084379699555169e-152,0.0047000732915297,0.99529992670847,2,0.0298822362141412,0.0271999835814404,0.9728000164185596,0.14362703348826225,0.29287005323900783,0.56350291327273,2,0.9615810255457276,0.8752687690317842,0.12473123096821581,0.56350291327273
2026-03-06,7.033644681968287e-141,3.783819522476734e-25,1.0,1.2553839107074842,1.2553839107074842,0.7965690745840768,1.2553839107074842,7.033644681968287e-141,2.400917830557382e-25,1.0,2,5.5262042231857085e-11,5.030167858294522e-11,0.9999999999496983,0.14362702681716824,0.2928700465679138,0.5635029266149181,2,0.9615810120608038,0.8752687567572776,0.12473124324272244,0.5635029266149181
2026-03-07,1.0208945244564466e-141,8.992995312307349e-24,1.0,1.2325041562152783,1.2325041562152783,0.8113562903274563,1.2325041562152783,1.0208945244564466e-141,5.9200800895728815e-24,1.0,2,5.5262042231857085e-11,5.030167858294522e-11,0.9999999999496983,0.1506214806955942,0.15062148069559428,0.6987570386088117,2,0.8207194943694949,0.7470510778324579,0.25294892216754206,0.6987570386088117
2026-03-08,6.294660450135419e-141,2.214418347889257e-22,1.0,1.2130647500363212,1.2130647500363212,0.8243583040147349,1.2130647500363212,6.294660450135419e-141,1.5048447773216073e-22,1.0,2,5.5262042231857085e-11,5.030167858294522e-11,0.9999999999496983,0.15056638178790074,0.15056638178790074,0.6988672364241985,2,0.8205503633206592,0.7468971281173672,0.2531028718826328,0.6988672364241985
2026-03-09,2.5195388884511174e-131,1.8945221115301532e-08,0.9999999810552256,1.032094006486591,1.032094006486591,0.9689039890892844,1.032094006486591,2.519538891372461e-131,1.7785298837810968e-08,0.9999999822147012,2,3.351896956819374e-07,3.051028093708117e-07,0.9999996948971906,0.15056638199584232,0.15056638199584238,0.6988672360083154,2,0.8205503639590634,0.7468971286984678,0.2531028713015322,0.6988672360083154
2026-03-10,3.099174090145358e-132,8.242596402695365e-07,0.9999991757398434,1.0032401986474386,1.0032401986474386,0.9967702663312266,1.0032401986474386,3.099174106621177e-132,8.189439643995454e-07,0.9999991810560356,2,1.2296675800448465e-05,1.1192916670681157e-05,0.9999888070833292,0.15056639157074955,0.1505663915707496,0.698867216858501,2,0.8205503933551141,0.7468971554559063,0.2531028445440937,0.698867216858501
2026-03-11,2.146344113253112e-131,0.0001211013041744,0.9998788986950868,0.9738685716218104,0.9738685716218104,1.0268326026115335,1.0261314283781895,2.0370264909609491e-131,0.000121184044866,0.999878815955134,2,0.0012140386993075,0.0011050656467527,0.9988949343532472,0.150567808523716,0.1505678085237161,0.6988643829525679,2,0.820554743542141,0.7469011151667813,0.25309888483321874,0.6988643829525679
2026-03-12,2.9536903688731104e-131,9.174450085221804e-15,1.0,1.1238608627890283,1.1238608627890283,0.8897898602130792,1.1238608627890283,2.9536903688730893e-131,7.263650625401081e-15,0.9999999999999928,2,5.526936970381962e-11,5.030834833535752e-11,0.9999999999496916,0.15056780831577452,0.15056780831577457,0.698864383368451,2,0.8205547429037425,0.746901114585686,0.253098885414314,0.698864383368451
2026-03-13,1.7984050992496422e-131,1.8658176094663343e-14,1.0,1.1085261550585184,1.1085261550585184,0.9020986969380174,1.1085261550585184,1.7984050992496146e-131,1.5183688959821692e-14,0.9999999999999848,2,5.5277252287294456e-11,5.031552337204348e-11,0.9999999999496844,0.15056779874086748,0.15056779874086756,0.698864402518265,2,0.8205547135079504,0.7469010878284829,0.25309891217151714,0.698864402518265
2026-03-14,4.573545657328451e-131,8.267053785350428e-14,1.0,1.0945468217879497,1.0945468217879497,0.913620121217376,1.0945468217879497,4.573545657328137e-131,6.900524062683873e-14,0.999999999999931,2,5.533098708168632e-11,5.036443488973368e-11,0.9999999999496356,0.1505663817879018,0.15056638178790185,0.6988672364241965,2,0.8205503633206623,0.7468971281173701,0.2531028718826299,0.6988672364241965
2026-03-15,3.2665546000167023e-139,2.5794054717257363e-11,0.999999999974534,1.0722454792384697,1.0722454792384697,0.9326222580208222,1.0722454792384697,3.2665546000266014e-139,2.2435263211442255e-11,0.9999999999775648,2,6.001876366058572e-10,5.463143301751047e-10,0.9999999994536856,0.150566381788164,0.1505663817881641,0.698867236423672,2,0.8205503633214675,0.7468971281181029,0.25310287188189706,0.698867236423672
2026-03-16,1.6448578713906074e-133,1.928369026748772e-05,0.9999807163098332,0.9737673585947122,0.9737673585947122,1.026939331220904,1.0262326414052878,1.5607658719808336e-133,1.9296969249266885e-05,0.9999807030307508,2,0.0002287762665948,0.0002082411319758,0.9997917588680242,0.15056660740631506,0.1505666074063151,0.6988667851873699,2,0.8205510559943056,0.7468977586160914,0.2531022413839086,0.6988667851873699
2026-03-17,1.2552572776692126e-146,6.19247633277317e-05,0.999938075236262,0.9236513925763224,0.9236513925763224,1.0826595488701858,1.0763486074236777,1.0771786237278e-146,6.228782340926998e-05,0.9999377121765908,2,0.0006654652848339,0.0006057326062142,0.9993942673937858,0.15056733568677758,0.15056733568677766,0.6988653286264448,2,0.8205532918897906,0.7468997938158686,0.2531002061841314,0.6988653286264448
2026-03-18,9.147067783456871e-146,2.582035174978275e-09,0.999999997418854,1.0031062056152833,1.0031062056152833,0.9969034130205804,1.0031062056152833,9.147067783594782e-146,2.5660689407608476e-09,0.9999999974339312,2,5.335282918710887e-08,4.8563837977627734e-08,0.999999951436162,0.15056733571651718,0.15056733571651726,0.6988653285669657,2,0.820553291981094,0.7468997938989764,0.2531002061010236,0.6988653285669657
2026-03-19,2.0334903709809607e-158,2.474265372710444e-09,0.9999999975261744,0.9671954954093775,0.9671954954093775,1.0339171395507147,1.0328045045906225,1.904312692308216e-158,2.476930886013342e-09,0.999999997523069,2,5.158803275622038e-08,4.6957451039221996e-08,0.999999953042549,0.15056711012732565,0.1505671101273257,0.6988657797453487,2,0.8205525994002879,0.7468991634847592,0.25310083651524085,0.6988657797453487
2026-03-20,1.724824762865651e-157,5.993820622145333e-15,1.0,1.042327772624002,1.042327772624002,0.95939111118814,1.042327772624002,1.7248247628656415e-157,5.516900132542771e-15,0.9999999999999944,2,5.526759334698022e-11,5.0306731425681805e-11,0.9999999999496932,0.15056638184686238,0.15056638184686244,0.6988672363062752,2,0.8205503635016782,0.7468971282821378,0.25310287171786217,0.6988672363062752
2026-03-21,3.604879302734899e-156,6.659237503241827e-15,1.0,1.0351218661355617,1.0351218661355617,0.9660698249311622,1.0351218661355617,3.6048793027348773e-156,6.215005806948441e-15,0.9999999999999938,2,5.5268259480794986e-11,5.0307337766810205e-11,0.9999999999496928,0.15056638181686055,0.15056638181686063,0.6988672363662789,2,0.8205503634095692,0.7468971281982966,0.25310287180170343,0.6988672363662789
2026-03-22,5.089645694875371e-165,1.2478589198640696e-16,1.0,1.055358933508046,1.055358933508046,0.9475449235796668,1.055358933508046,5.08964569487537e-165,1.120379377403347e-16,0.9999999999999998,2,5.526226427646202e-11,5.030188069665469e-11,0.999999999949698,0.15056638178790083,0.15056638178790094,0.6988672364241982,2,0.8205503633206596,0.7468971281173675,0.2531028718826325,0.6988672364241982
2026-03-23,1.331744098655388e-153,1.1111747411352073e-12,0.999999999998181,1.0116074525936538,1.0116074525936538,0.9885257344003412,1.0116074525936538,1.3317440986563644e-153,1.0858212088220097e-12,0.9999999999989142,2,5.862976518348393e-11,5.336711211792749e-11,0.9999999999466328,0.15056638178791348,0.15056638178791357,0.698867236424173,2,0.8205503633206983,0.7468971281174028,0.25310287188259717,0.698867236424173
2026-03-24,1.721121510282265e-170,2.55972474485272e-15,1.0,1.0436224535887282,1.0436224535887282,0.9582009246363734,1.0436224535887282,1.721121510282261e-170,2.350208745411921e-15,0.9999999999999976,2,5.5264373700208805e-11,5.030380077689459e-11,0.9999999999496962,0.15056638178791346,0.15056638178791357,0.698867236424173,2,0.8205503633206983,0.7468971281174028,0.25310287188259717,0.698867236424173
2026-03-25,2.584406217194825e-162,1.6843667975418434e-10,0.999999999830834,0.970262580685013,0.970262580685013,1.0306488366211053,1.029737419314987,2.43513792817532e-162,1.6858576252240688e-10,0.9999999998314142,2,3.9899994400539575e-09,3.6318540045562275e-09,0.999999996368146,0.15056638178988455,0.1505663817898846,0.698867236420231,2,0.8205503633267497,0.746897128122911,0.253102871877089,0.698867236420231
2026-03-26,2.069793825048204e-169,7.102177917147275e-16,1.0,1.0328734152387966,1.0328734152387966,0.968172851819217,1.0328734152387966,2.0697938250482025e-169,6.657288053620975e-16,0.9999999999999992,2,5.526270836567187e-11,5.0302284924073606e-11,0.9999999999496976,0.15056638178987183,0.15056638178987194,0.6988672364202563,2,0.8205503633267108,0.7468971281228757,0.2531028718771243,0.6988672364202563
2026-03-27,8.280349791379761e-151,3.080326658388258e-25,1.0,1.166083406660176,1.166083406660176,0.8575715890376472,1.166083406660176,8.280349791379761e-151,2.265361647461354e-25,1.0,2,5.5262042231857085e-11,5.030167858294522e-11,0.9999999999496983,0.1505663817898718,0.15056638178987186,0.6988672364202564,2,0.8205503633267106,0.7468971281228755,0.25310287187712455,0.6988672364202564
2026-03-28,1.2832217914460995e-151,4.092913578056954e-24,1.0,1.1294263551678951,1.1294263551678951,0.8854052284368242,1.1294263551678951,1.2832217914460995e-151,3.208608569270536e-24,1.0,2,5.5262042231857085e-11,5.030167858294522e-11,0.9999999999496983,0.15056638178790074,0.15056638178790083,0.6988672364241985,2,0.8205503633206593,0.7468971281173673,0.2531028718826327,0.6988672364241985
2026-03-29,1.6424433398364114e-158,1.0264767360326595e-24,1.0,1.140681914387892,1.140681914387892,0.876668585156464,1.140681914387892,1.6424433398364114e-158,7.88896445646433e-25,1.0,2,5.5262042231857085e-11,5.030167858294522e-11,0.9999999999496983,0.15056638178790074,0.15056638178790074,0.6988672364241985,2,0.8205503633206592,0.7468971281173672,0.2531028718826328,0.6988672364241985
2026-03-30,1.3127963164865214e-165,1.3650817792669186e-25,1.0,1.120410797330324,1.120410797330324,0.8925297778125357,1.120410797330324,1.3127963164865214e-165,1.0874369829781617e-25,1.0,2,5.5262042231857085e-11,5.030167858294522e-11,0.9999999999496983,0.15056638178790074,0.15056638178790074,0.6988672364241985,2,0.8205503633206592,0.7468971281173672,0.2531028718826328,0.6988672364241985
2026-03-31,2.33486505626422e-130,5.395877103365759e-16,1.0,1.0426221614931392,1.0426221614931392,0.9591202229654316,1.0426221614931392,2.334865056264219e-130,4.963729950898695e-16,0.9999999999999996,2,5.5262486321066935e-11,5.030208281036415e-11,0.999999999949698,0.15056638178790074,0.15056638178790083,0.6988672364241985,2,0.8205503633206593,0.7468971281173673,0.2531028718826327,0.6988672364241985
2026-04-01,4.178300043975409e-124,1.3323794777325078e-11,0.9999999999872672,1.0139889434264304,1.0139889434264304,0.9862040473743632,1.0139889434264304,4.178300043974466e-124,1.2958701789566204e-11,0.9999999999870414,2,3.6545463677849677e-10,3.326511459484507e-10,0.9999999996673488,0.15056638178805223,0.15056638178805232,0.6988672364238955,2,0.8205503633211244,0.7468971281177906,0.25310287188220937,0.6988672364238955
2026-04-02,1.4678021968020063e-126,1.2316580393035975e-10,0.9999999998763088,0.966216650381406,0.966216650381406,1.0349645699080618,1.033783349618594,1.3718686052936414e-126,1.233065354933839e-10,0.9999999998766934,2,2.9643423960606752e-09,2.6982607300474147e-09,0.9999999973017392,0.15056638178949394,0.150566381789494,0.6988672364210121,2,0.8205503633255506,0.7468971281218196,0.25310287187818037,0.6988672364210121
2026-04-03,8.215575555531032e-127,1.5753560961975186e-10,0.999999999841748,0.965944610694742,0.965944610694742,1.035256047736282,1.0340553893052582,7.6744350580259e-127,1.5771852676318502e-10,0.9999999998422814,2,3.745089772576591e-09,3.408927618238193e-09,0.9999999965910724,0.1505663817913379,0.15056638179133797,0.6988672364173242,2,0.8205503633312117,0.7468971281269725,0.2531028718730275,0.6988672364173242
2026-04-04,1.6543516577994976e-129,2.2839913992838568e-10,0.9999999997708072,0.9650051349358244,0.9650051349358244,1.0362639159080775,1.0349948650641756,1.5424790002875416e-129,2.2867918974426203e-10,0.9999999997713208,2,5.332691168752728e-09,4.854024685285249e-09,0.9999999951459752,0.1505663817938601,0.15056638179386017,0.6988672364122799,2,0.820550363338955,0.7468971281340208,0.25310287186597924,0.6988672364122799
2026-04-05,1.979524072557452e-135,4.3953766393786527e-11,0.9999999999563444,0.9850120060111413,0.9850120060111413,1.0152160520860587,1.0149879939888589,1.9210621102952297e-135,4.3963642384807256e-11,0.9999999999560364,2,1.120024545520388e-09,1.0194902761175531e-09,0.9999999989805096,0.1505663817929324,0.15056638179293247,0.6988672364141352,2,0.8205503633361071,0.7468971281314285,0.2531028718685715,0.6988672364141352
2026-04-06,8.727175739424682e-135,7.56772178708832e-11,0.9999999999236024,0.990692474958783,0.990692474958783,1.0093949689499804,1.009307525041217,8.566217052968055e-135,7.568377435800462e-11,0.9999999999243162,2,1.867084103009473e-09,1.6994931899706051e-09,0.9999999983005068,0.15056638179197332,0.15056638179197337,0.6988672364160534,2,0.8205503633331624,0.7468971281287482,0.2531028718712518,0.6988672364160534
2026-04-07,9.736752817191628e-127,1.5474077260911035e-05,0.9999845259222992,0.9580656183228952,0.9580656183228952,1.0437698429785127,1.0419343816771047,8.953008959129336e-127,1.550133581982217e-05,0.9999844986641802,2,0.0001871720944691,0.0001703713825157,0.9998296286174844,0.15056656302891122,0.15056656302891128,0.6988668739421776,2,0.8205509197508123,0.7468976346019194,0.2531023653980806,0.6988668739421776
2026-04-08,4.0542940427714985e-108,0.7006053958354748,0.2993946041638606,0.8091298118461835,0.8091298118461835,1.2358956317754624,1.1908701881538164,2.683580851489483e-108,0.7083314310917624,0.2916685689082375,1,0.6036389393842233,0.5494558413469397,0.4505441586530603,0.14095015108693465,0.26824889767959914,0.5908009512334663,2,0.940067598717792,0.855686404033831,0.144313595966169,0.5908009512334663
2026-04-09,1.2936898377143814e-113,0.9976820530640204,0.0023179469361139,0.7301556816000294,0.7301556816000294,1.3695709356238197,1.2698443183999706,6.898178251628346e-114,0.9978504737817904,0.0021495262182096,1,0.015350695972134,0.0139728056298589,0.9860271943701412,0.1409753134853301,0.4509655244255862,0.4080591620890838,1,1.0010885742546705,0.9112300896145344,0.08876991038546556,0.4509655244255862
2026-04-10,5.987991323716785e-119,0.999993438955849,6.561043319161478e-06,0.727497959352525,0.727497959352525,1.3745743024351609,1.272502040647475,3.1691655978892275e-119,0.9999939261594916,6.073840508497683e-06,1,7.902990309616815e-05,7.193611787464999e-05,0.9999280638821252,0.14097520325989626,0.6337321527030516,0.22529264403705213,1,0.9010241453305436,0.8201475212177811,0.17985247878221888,0.6337321527030516
2026-04-11,4.647496023450989e-122,0.9999989906287374,1.0093712175349234e-06,0.731772286159228,0.731772286159228,1.366545329625134,1.268227713840772,2.488690981004533e-122,0.9999990632490434,9.36750956475339e-07,1,1.3939676143834364e-05,1.2688440032592366e-05,0.9999873115599676,0.15059162615363939,0.6988167476927212,0.1505916261536395,1,0.8206278603315438,0.7469676689366207,0.2530323310633793,0.6988167476927212
2026-04-12,1.3387797727408324e-126,0.999989139706342,1.0860294291657234e-05,0.7647481217748469,0.7647481217748469,1.3076200797710684,1.2352518782251531,7.829720175460346e-127,0.9999897407456548,1.0259254344997278e-05,1,0.0001281106736354,0.0001166113604925,0.9998833886395074,0.1505665837038766,0.6988668325922467,0.1505665837038767,1,0.8205509832252266,0.7468976923788212,0.2531023076211788,0.6988668325922467
2026-04-13,2.20723742814772e-115,0.9999993699659336,6.300334621932139e-07,0.7427928017118028,0.7427928017118028,1.346270450784459,1.2572071982881972,1.217823759466899e-115,0.999999411646719,5.883532810104018e-07,1,9.028860578321536e-06,8.218423070132932e-06,0.99999178157693,0.15056651956859116,0.6988669608628176,0.15056651956859127,1,0.8205507863228306,0.7468975131505365,0.25310248684946346,0.6988669608628176
2026-04-14,7.159708516917174e-117,0.999999663650726,3.363489365747749e-07,0.7314317174509146,0.7314317174509146,1.3671816194751063,1.2685682825490854,3.830389429926085e-117,0.9999996879115424,3.120884578036778e-07,1,4.987194637385921e-06,4.539540189771671e-06,0.9999954604598102,0.15056651226517703,0.6988669754696459,0.15056651226517714,1,0.8205507639005394,0.7468974927408876,0.25310250725911243,0.6988669754696459
2026-04-15,3.319267276419374e-136,0.999999999809006,1.918650539541124e-10,0.7030389268426597,0.7030389268426597,1.4223963450942745,1.2969610731573402,1.640593433752545e-136,0.9999999998250546,1.7494526553020447e-10,1,4.132992610898758e-09,3.7620119977989184e-09,0.999999996237988,0.1505663923177049,0.6988672153645901,0.15056639231770502,1,0.8205503956483517,0.7468971575433011,0.2531028424566989,0.6988672153645901
2026-04-16,3.818494409932493e-161,1.0,7.94973438852412e-14,0.6753049472319251,0.6753049472319251,1.480812489378317,1.324695052768075,1.741373863673491e-161,0.999999999999929,7.111618716640189e-14,1,5.5333096505433095e-11,5.0366354969973575e-11,0.9999999999496336,0.15056638543881345,0.6988672291223731,0.15056638543881357,1,0.8205503745293754,0.7468971383199804,0.2531028616800196,0.6988672291223731
2026-04-17,1.468981146115525e-162,1.0,2.0164873717925806e-14,0.6737977565272445,0.6737977565272445,1.4841248584055886,1.3262022434727556,6.669224594060045e-163,0.999999999999982,1.8019171778301396e-14,1,5.528002784485602e-11,5.031804979341178e-11,0.999999999949682,0.1505663817899472,0.6988672364201056,0.1505663817899473,1,0.820550363326942,0.7468971281230861,0.25310287187691394,0.6988672364201056
2026-04-18,9.476852985962291e-163,1.0,7.85421918457887e-15,0.6888245833339027,0.6888245833339027,1.451748419256485,1.3111754166660972,4.4965706335780623e-163,0.999999999999993,7.093694041837671e-15,1,5.526903663691223e-11,5.0308045164793327e-11,0.999999999949692,0.15056638178790185,0.6988672364241962,0.15056638178790197,1,0.8205503633206628,0.7468971281173704,0.2531028718826296,0.6988672364241962
2026-04-19,2.404821422450081e-160,1.0,8.240731344024992e-16,0.700792505235203,0.700792505235203,1.4269558999698144,1.2992074947647971,1.181032174377446e-160,0.9999999999999992,7.502978840990759e-16,1,5.526281938797433e-11,5.030238598092835e-11,0.9999999999496976,0.15056638178790102,0.6988672364241979,0.15056638178790113,1,0.8205503633206601,0.7468971281173681,0.2531028718826319,0.6988672364241979
2026-04-20,9.66704680329239e-187,1.0,2.5586661989853195e-16,0.723943118728235,0.723943118728235,1.381323993736855,1.276056881271765,5.066437739009197e-187,1.0,2.363676896149446e-16,1,5.5262153254159554e-11,5.0301779639799953e-11,0.9999999999496982,0.15056638178790083,0.6988672364241983,0.15056638178790094,1,0.8205503633206594,0.7468971281173674,0.2531028718826326,0.6988672364241983
2026-04-21,1.867664199706437e-193,1.0,1.1188965648662624e-14,0.7904668255012451,0.7904668255012451,1.2650752286357965,1.209533174498755,1.1669871938258275e-193,0.9999999999999892,1.0697723608878304e-14,1,5.527270037289349e-11,5.031138004099948e-11,0.9999999999496886,0.15056638178790085,0.6988672364241981,0.15056638178790097,1,0.8205503633206597,0.7468971281173676,0.25310287188263236,0.6988672364241981
2026-04-22,2.634679683950291e-186,1.0,2.086115690593712e-16,0.7778674602524798,0.7778674602524798,1.2855660521850607,1.2221325397475202,1.5941861492451713e-186,0.9999999999999998,1.9831807652505096e-16,1,5.526226427646202e-11,5.030188069665469e-11,0.999999999949698,0.15056638178790083,0.6988672364241982,0.15056638178790094,1,0.8205503633206596,0.7468971281173675,0.2531028718826325,0.6988672364241982
2026-04-23,1.8617462729852561e-187,1.0,6.050914037439931e-16,0.8010849329928282,0.8010849329928282,1.2483070880687162,1.1989150670071718,1.1947515980634585e-187,0.9999999999999994,5.811496288045257e-16,1,5.5262597343369404e-11,5.030218386721888e-11,0.9999999999496978,0.15056638178790085,0.6988672364241982,0.15056638178790097,1,0.8205503633206597,0.7468971281173676,0.25310287188263236,0.6988672364241982
2026-04-24,6.3250814832842545e-183,1.0,1.9132157700531727e-16,0.7886335692207076,0.7886335692207076,1.2680160204036903,1.2113664307792924,3.933839561574478e-183,0.9999999999999998,1.8277413860608207e-16,1,5.526226427646202e-11,5.030188069665469e-11,0.999999999949698,0.15056638178790074,0.6988672364241985,0.15056638178790085,1,0.8205503633206594,0.7468971281173674,0.2531028718826326,0.6988672364241985
2026-04-25,3.9981107588263014e-185,1.0,2.5559692311254326e-16,0.7955798302818178,0.7955798302818178,1.2569448871595583,1.2044201697181822,2.5305932753686123e-185,0.9999999999999998,2.4491613964899013e-16,1,5.526226427646202e-11,5.030188069665469e-11,0.999999999949698,0.15056638178790074,0.6988672364241985,0.15056638178790085,1,0.8205503633206594,0.7468971281173674,0.2531028718826326,0.6988672364241985
2026-04-26,3.9919835346170154e-184,1.0,1.5539887320776926e-16,0.7753611276241655,0.7753611276241655,1.2897216076129132,1.2246388723758344,2.399920135157361e-184,0.9999999999999998,1.4755703845721343e-16,1,5.526226427646202e-11,5.030188069665469e-11,0.999999999949698,0.15056638178790074,0.6988672364241985,0.15056638178790074,1,0.8205503633206592,0.7468971281173672,0.2531028718826328,0.6988672364241985
2026-04-27,2.511638043939159e-190,1.0,1.1643731539870709e-15,0.8187807073599216,0.8187807073599216,1.2213282396753122,1.1812192926400784,1.6838067830113415e-190,0.9999999999999988,1.126134636571857e-15,1,5.526315245488172e-11,5.030268915149254e-11,0.9999999999496972,0.15056638178790077,0.6988672364241985,0.15056638178790088,1,0.8205503633206594,0.7468971281173674,0.2531028718826326,0.6988672364241985
2026-04-28,1.9540880085937573e-208,1.0,2.16214753983718e-14,0.7929170197087712,0.7929170197087712,1.261166017557913,1.2070829802912288,1.228569132415295e-208,0.9999999999999792,2.0694273869428224e-14,1,5.5282803402417576e-11,5.0320576214780067e-11,0.9999999999496796,0.150566381787901,0.6988672364241979,0.1505663817879011,1,0.8205503633206601,0.7468971281173681,0.2531028718826319,0.6988672364241979
2026-04-29,3.861652828216229e-210,1.0,2.67995614435596e-13,0.8283565659815637,0.8283565659815637,1.207209601598373,1.1716434340184363,2.6497680863025272e-210,0.99999999999974,2.6010007009833576e-13,1,5.5522167486526734e-11,5.053845479358183e-11,0.9999999999494616,0.150566381787904,0.6988672364241918,0.1505663817879041,1,0.8205503633206694,0.7468971281173765,0.2531028718826235,0.6988672364241918
2026-04-30,4.241587742979642e-207,1.0,8.934533538736995e-15,0.7687671387312796,0.7687671387312796,1.3007840080812134,1.2312328612687204,2.5067907143616364e-207,0.9999999999999916,8.456816215958273e-15,1,5.527059094914671e-11,5.030945996075957e-11,0.9999999999496906,0.1505663817879041,0.6988672364241917,0.1505663817879042,1,0.8205503633206697,0.7468971281173767,0.25310287188262326,0.6988672364241917
2026-05-01,4.988147233969177e-208,1.0,4.754670556989698e-15,0.7753669023179748,0.7753669023179748,1.2897120021637245,1.2246330976820252,2.998843356206632e-208,0.9999999999999956,4.5147497448229625e-15,1,5.5266483123955586e-11,5.0305720857134486e-11,0.9999999999496942,0.1505663817879039,0.6988672364241921,0.15056638178790402,1,0.8205503633206691,0.7468971281173762,0.2531028718826238,0.6988672364241921
2026-05-02,1.266261462962248e-214,1.0,1.553141876992822e-15,0.7770411502433858,0.7770411502433858,1.2869331304870777,1.2229588497566142,7.645597431442737e-215,0.9999999999999984,1.4759341867879905e-15,1,5.526359654409157e-11,5.030309337891147e-11,0.9999999999496968,0.15056638178790088,0.698867236424198,0.150566381787901,1,0.8205503633206599,0.7468971281173679,0.25310287188263214,0.698867236424198
2026-05-03,1.2701720210853848e-233,1.0,4.324448714542099e-15,0.7698460989645382,0.7698460989645382,1.298960923936647,1.2301539010354618,7.527839809707575e-234,0.999999999999996,4.095379128033865e-15,1,5.5266150057048205e-11,5.0305417686570296e-11,0.9999999999496946,0.15056638178790083,0.6988672364241982,0.15056638178790094,1,0.8205503633206596,0.7468971281173675,0.2531028718826325,0.6988672364241982
2026-05-04,6.0309911949602e-243,1.0,2.56386081576505e-13,0.8133512950257955,0.8133512950257955,1.2294810448027689,1.1866487049742045,3.989743900033642e-243,0.9999999999997524,2.4745417016567413e-13,1,5.550951094404601e-11,5.0526934312142394e-11,0.9999999999494732,0.15056638178790369,0.6988672364241926,0.1505663817879038,1,0.8205503633206684,0.7468971281173756,0.25310287188262437,0.6988672364241926
2026-05-05,1.4716762434997131e-241,1.0,5.82078208363378e-14,0.7867970991851507,0.7867970991851507,1.27097570775954,1.2132029008148493,9.110407006648143e-242,0.9999999999999444,5.556195657998567e-14,1,5.531755338308835e-11,5.035220701031113e-11,0.9999999999496478,0.15056638178790432,0.6988672364241912,0.15056638178790444,1,0.8205503633206703,0.7468971281173773,0.2531028718826227,0.6988672364241912
2026-05-06,1.6681766303203014e-230,1.0,4.6966482131407304e-15,0.771302351121967,0.771302351121967,1.2965084296000915,1.228697648878033,9.92410483169505e-231,0.9999999999999956,4.4510012317260416e-15,1,5.5266483123955586e-11,5.0305720857134486e-11,0.9999999999496942,0.15056638178790432,0.6988672364241912,0.15056638178790444,1,0.8205503633206703,0.7468971281173773,0.2531028718826227,0.6988672364241912
2026-05-07,3.905016567581422e-236,1.0,1.0069357241894497e-13,0.7909595539004188,0.7909595539004188,1.264287149790088,1.2090404460995812,2.443044812074909e-236,0.9999999999999036,9.629347394455693e-14,1,5.5358298568092086e-11,5.03892948759977e-11,0.9999999999496108,0.15056638178790255,0.6988672364241948,0.15056638178790266,1,0.8205503633206649,0.7468971281173724,0.2531028718826276,0.6988672364241948
2026-05-08,2.674382289653467e-232,1.0,2.5010824867440144e-14,0.7979835905363586,0.7979835905363586,1.2531586010783224,1.2020164094636414,1.702987299554981e-232,0.999999999999976,2.3990117355468456e-14,1,5.5285912026886526e-11,5.032340580671256e-11,0.9999999999496766,0.15056638178790216,0.6988672364241956,0.15056638178790227,1,0.8205503633206638,0.7468971281173714,0.2531028718826286,0.6988672364241956
2026-05-09,2.0665144454204686e-241,1.0,1.3697106172764716e-14,0.7969383479864061,0.7969383479864061,1.254802209639757,1.203061652013594,1.3124654990018044e-241,0.9999999999999868,1.3132319224033342e-14,1,5.527514286354767e-11,5.031360329180358e-11,0.9999999999496864,0.15056638178790227,0.6988672364241955,0.15056638178790238,1,0.820550363320664,0.7468971281173716,0.25310287188262837,0.6988672364241955
2026-05-10,2.758087609784094e-245,1.0,7.813193211151614e-15,0.7985435764447988,0.7985435764447988,1.2522798122703669,1.2014564235552012,1.7587548106138053e-245,0.9999999999999926,7.496097182144168e-15,1,5.526948072612208e-11,5.0308449392212245e-11,0.9999999999496916,0.15056638178790124,0.6988672364241975,0.15056638178790135,1,0.8205503633206608,0.7468971281173686,0.25310287188263136,0.6988672364241975
2026-05-11,2.302743353691175e-241,1.0,1.1782684879936622e-15,0.8059316053288241,0.8059316053288241,1.2408000795452052,1.194068394671176,1.4956911095467042e-241,0.9999999999999988,1.133891901800903e-15,1,5.526315245488172e-11,5.030268915149254e-11,0.9999999999496972,0.150566381787901,0.6988672364241979,0.1505663817879011,1,0.8205503633206601,0.7468971281173681,0.2531028718826319,0.6988672364241979
2026-05-12,1.3106462395164894e-246,1.0,2.7908665636287038e-14,0.8249371203013824,0.8249371203013824,1.2122136043952785,1.1750628796986176,8.919226204361106e-247,0.9999999999999728,2.7053348429858744e-14,1,5.5289131673657946e-11,5.032633645549979e-11,0.9999999999496736,0.15056638178790113,0.6988672364241977,0.15056638178790124,1,0.8205503633206606,0.7468971281173684,0.2531028718826316,0.6988672364241977
2026-05-13,3.930036081859475e-244,1.0,4.553093480177653e-15,0.8204419515877386,0.8204419515877386,1.218855274361308,1.1795580484122614,2.6454055215871326e-244,0.9999999999999956,4.406296770985536e-15,1,5.526637210165313e-11,5.0305619800279765e-11,0.9999999999496944,0.1505663817879011,0.6988672364241977,0.15056638178790122,1,0.8205503633206606,0.7468971281173684,0.2531028718826316,0.6988672364241977
2026-05-14,3.055692030499313e-245,1.0,2.6100902161693768e-15,0.803528953520223,0.803528953520223,1.2445102265687458,1.196471046479777,1.9729343858562186e-245,0.9999999999999976,2.509338457552873e-15,1,5.526448472251127e-11,5.0303901833749325e-11,0.999999999949696,0.1505663817879011,0.6988672364241977,0.15056638178790122,1,0.8205503633206606,0.7468971281173684,0.2531028718826316,0.6988672364241977
2026-05-15,6.904889155601836e-231,1.0,3.3641336786076883e-13,0.871804875342949,0.871804875342949,1.1470456615726332,1.128195124657051,5.248017782745581e-231,0.9999999999996692,3.308847539421338e-13,1,5.559288869319533e-11,5.060282801004597e-11,0.9999999999493971,0.15056638178790469,0.6988672364241906,0.1505663817879048,1,0.8205503633206714,0.7468971281173783,0.2531028718826217,0.6988672364241906
2026-05-16,9.319943463309439e-228,0.999999999998181,1.9853626318700765e-12,0.9021563955739524,0.9021563955739524,1.1084552577647022,1.0978436044260476,7.585373016107648e-228,0.9999999999980336,1.966356018970129e-12,1,8.260014706733463e-11,7.518589398583369e-11,0.999999999924814,0.1505663817879276,0.6988672364241447,0.15056638178792772,1,0.8205503633207418,0.7468971281174425,0.25310287188255753,0.6988672364241447
2026-05-18,8.985712544904148e-216,0.9999999999599822,3.9480591237273625e-11,0.9041659217779496,0.9041659217779496,1.1059916945703976,1.0958340782220506,7.345963903606072e-216,0.999999999960882,3.9117994754023365e-11,1,1.0041898439896482e-09,9.140529869796615e-10,0.9999999990859472,0.15056638178838494,0.69886723642323,0.15056638178838505,1,0.820550363322146,0.7468971281187206,0.25310287188127945,0.69886723642323
