Date,spy_vol_20d,qqq_vol_20d,btc_vol_20d,vix_level,vix_ma_20d,vix_stress_ratio,spy_momentum_20d,qqq_momentum_20d,tlt_momentum_20d,gld_momentum_20d,btc_momentum_20d,momentum_breadth,spy_tlt_momentum_spread_20d,equity_bond_corr_20d,equity_gold_corr_20d,risk_asset_dispersion_20d,yield_spread_proxy,vix_term_structure_proxy,inflation_pressure_proxy,liquidity_stress_proxy,realized_vol_regime_score,volatility_regime_label,hidden_state
2024-08-03,0.15607831839901645,0.24383581222140907,0.4268207991630448,23.38999938964844,16.879999971389772,1.385663473299324,-0.04837571859299161,-0.0931046849535817,0.04968726799514056,0.009995050519647553,-0.0017717244448299807,0.4,-0.09806298658813217,-0.013124901321249206,0.5756177353536733,0.020811630224203955,-0.09806298658813217,1.385663473299324,-0.03969221747549301,1.4340391918923157,1.7607013155910236,high_volatility,2
2024-08-04,0.15517040542331803,0.2429316911152888,0.3725829850794282,23.38999938964844,17.39349994659424,1.3447551936910982,-0.05098551689695352,-0.09553565973907152,0.06189586697376037,0.006746166709035384,-0.10410297397583723,0.4,-0.11288138387071389,0.02641556078690499,0.571141277472602,0.019314302950153548,-0.11288138387071389,1.3447551936910982,-0.05514970026472499,1.3957407105880517,1.709037700970375,high_volatility,2
2024-08-05,0.17792962033234472,0.2574448787187573,0.43760955244552485,38.56999969482422,18.662499952316285,2.0667113084191664,-0.0840561707594264,-0.1228391307369967,0.05266395539062252,-0.025450075471821876,-0.1706018108752123,0.2,-0.13672012615004892,-0.0673780387086382,0.6142844025173034,0.022438187216420068,-0.13672012615004892,2.0667113084191664,-0.0781140308624444,2.150767479178593,2.238236200721947,high_volatility,2
2024-08-06,0.1802336301211546,0.24832997128944934,0.467097098235277,27.709999084472656,19.3239999294281,1.433968080401082,-0.06246605346002376,-0.08767671952249001,0.028898746493337457,-0.028737397799921904,-0.1260859131649622,0.2,-0.09136479995336122,-0.20636058630322265,0.5333797194210401,0.023002598041871457,-0.09136479995336122,1.433968080401082,-0.05763614429325936,1.4964341338611056,1.9267026113680608,high_volatility,2
2024-08-07,0.1799351392502835,0.24935957020557373,0.46862117130406256,27.850000381469727,19.9199999332428,1.3980923933133766,-0.061520866199001545,-0.09326582015654816,0.029525251368138106,-0.023164123287339855,-0.13984737834135796,0.2,-0.09104611756713965,-0.21233587154135322,0.5253504067940884,0.023093992327310804,-0.09104611756713965,1.3980923933133766,-0.05268937465547796,1.4596132595123783,1.8982586690813683,high_volatility,2
2024-08-08,0.2018564988981165,0.27839731675285306,0.6337452118928864,23.790000915527344,20.28349995613098,1.1728745515803585,-0.03340682024033981,-0.05717119156234318,0.029248325887502702,0.010282771042392502,-0.07495139889212898,0.4,-0.06265514612784251,-0.28002069027601223,0.6449096664441318,0.030324848791410355,-0.06265514612784251,1.1728745515803585,-0.0189655548451102,1.2062813718206984,1.9513482174108399,high_volatility,2
2024-08-09,0.2029299907238075,0.2797062617949726,0.6336053064722437,20.3700008392334,20.475999975204466,0.9948232498486311,-0.029144496388410435,-0.05224734540749987,0.039398282584290234,0.012763279148447548,-0.09355559595749519,0.4,-0.06854277897270067,-0.2543608898503601,0.6466589890160842,0.030366755371542074,-0.06854277897270067,0.9948232498486311,-0.026635003435842686,1.0239677462370416,1.8318898450656969,high_volatility,2
2024-08-10,0.2029299907238075,0.2797062617949726,0.6300400813748108,20.3700008392334,20.668499994277955,0.9855577736590853,-0.029144496388410435,-0.05224734540749987,0.039398282584290234,0.012763279148447548,-0.10577010261264064,0.4,-0.06854277897270067,-0.2543608898503601,0.6466589890160842,0.030306328783109616,-0.06854277897270067,0.9855577736590853,-0.026635003435842686,1.0147022700474957,1.7974036645059654,high_volatility,2
2024-08-11,0.1982862151854731,0.27229452789088526,0.6399804578291173,20.3700008392334,20.94150004386902,0.9727097293203245,-0.039051907601518776,-0.0661594569155276,0.04242724928718844,0.012443617984044142,-0.13117900170525376,0.4,-0.08147915688870722,-0.23895767783930116,0.6632605092202778,0.030257950521260776,-0.08147915688870722,0.9727097293203245,-0.029983631303144298,1.0117616369218432,1.7445442997980154,high_volatility,2
2024-08-12,0.19847401812054163,0.27297103771208003,0.6388926621382778,20.709999084472656,21.24099998474121,0.9750011345675812,-0.03703632431670845,-0.06083806495993338,0.04768760557516272,0.026192837555459425,-0.09970253860113276,0.4,-0.08472392989187116,-0.2376290207094856,0.6233970659369122,0.03096770099027325,-0.08472392989187116,0.9750011345675812,-0.021494768019703292,1.0120374588842895,1.7310930984179205,high_volatility,2
2024-08-13,0.19243499089003654,0.2607463987266499,0.645068051018329,18.1200008392334,21.244999980926515,0.8529066065192422,0.001496645041807687,-0.001726588039869581,0.06648028632321723,0.02822359973266142,-0.0728531593104047,0.6,-0.06498364128140954,-0.35472644676292364,0.5703099139247095,0.030653747740024002,-0.06498364128140954,0.8529066065192422,-0.03825668659055581,0.8514099614774345,1.6098199693675013,high_volatility,2
2024-08-14,0.19163675513445727,0.25744740836703284,0.651449986645843,16.190000534057617,21.131500053405762,0.7661548159449417,0.009918157376554326,0.009732222881999375,0.06444467329188974,0.03604632918602446,-0.10702727067035578,0.8,-0.054526515915335416,-0.3417480907357842,0.5504061246388693,0.03049465799942435,-0.054526515915335416,0.7661548159449417,-0.02839834410586528,0.7562366585683874,1.5318800354853208,high_volatility,2
2024-08-15,0.1970922335803872,0.27010574864588865,0.6380772565222063,15.229999542236328,21.073500061035155,0.7227085912698744,0.015850931330067874,0.024731643819830396,0.04767962835204176,0.028463937997157185,-0.15243190182524646,0.8,-0.031828697021973884,-0.42075473771123056,0.5156213472737965,0.030440180566715408,-0.031828697021973884,0.7227085912698744,-0.019215690354884574,0.7068576599398065,1.505165941911432,high_volatility,2
2024-08-16,0.1971231511967761,0.2700584682753011,0.6470926127113926,14.800000190734863,20.994000101089476,0.7049633285448457,0.018128562662161674,0.026049172662148345,0.05134777693842696,0.051488919725063864,-0.13152620123231196,0.8,-0.033219214276265285,-0.4216012733236787,0.45871602142497137,0.03062869519878702,-0.033219214276265285,0.7049633285448457,0.00014114278663690527,0.686834765882684,1.4741891059682026,high_volatility,2
2024-08-17,0.1971231511967761,0.2700584682753011,0.6480968761814969,14.800000190734863,20.914500141143797,0.7076430271273728,0.018128562662161674,0.026049172662148345,0.05134777693842696,0.051488919725063864,-0.128588133048544,0.8,-0.033219214276265285,-0.4216012733236787,0.45871602142497137,0.030648474876489765,-0.033219214276265285,0.7076430271273728,0.00014114278663690527,0.6895144644652111,1.4516193255620535,high_volatility,2
2024-08-18,0.19714939002515197,0.27009489231699335,0.6469579470972874,14.800000190734863,20.824500131607056,0.7107013420346971,0.01753059548907654,0.02399221558949871,0.045724682332085154,0.05296839951431198,-0.12475246841761833,0.8,-0.028194086843008614,-0.4204294013455879,0.4603886935190904,0.03056320909609587,-0.028194086843008614,0.7107013420346971,0.007243717182226828,0.6931707465456206,1.4279449757417657,high_volatility,2
2024-08-19,0.19807126305477957,0.2670528351904617,0.6519454347147977,14.649999618530272,20.672500085830688,0.7086709182587766,0.03249065925884609,0.05188718465990605,0.04652438282052129,0.04085024340895016,-0.10132114192923303,0.8,-0.014033723561675204,-0.4061218287605492,0.4715923175784035,0.03065440813633749,-0.014033723561675204,0.7086709182587766,-0.005674139411571133,0.6761802589999305,1.4065887196277647,high_volatility,2
2024-08-20,0.19064382701146926,0.2476606144867086,0.6481262468785044,15.880000114440918,20.648500061035158,0.7690631313413094,0.014324290718214838,0.01950870770431745,0.04418233552940376,0.026086972335017666,-0.08676140672090749,0.8,-0.029858044811188922,-0.4845092211557757,0.40472846904342297,0.030195759493940218,-0.029858044811188922,0.7690631313413094,-0.018095363194386094,0.7547388406230946,1.3849587626337163,high_volatility,2
2024-08-21,0.18240748958221956,0.2290429121904184,0.6619931083386068,16.270000457763672,20.532500076293946,0.7924023084041482,0.03243011104146043,0.04968878916572561,0.03588292144735128,0.028258801006727507,-0.06399125721990595,0.8,-0.0034528104058908493,-0.46658934425032195,0.38170205413200203,0.03011860533918121,-0.0034528104058908493,0.7924023084041482,-0.007624120440623772,0.7599721973626877,1.3461419384431002,high_volatility,2
2024-08-22,0.17011982695054922,0.2185258235552216,0.6275753015662889,17.549999237060547,20.240500068664552,0.8670734012264193,0.04376024357114505,0.05816171711472928,-0.0053930409787226186,0.017884081143118458,-0.016822457488132936,0.6,0.04915328454986767,-0.186096963463083,0.4224035224538665,0.02875592033511931,0.04915328454986767,0.8670734012264193,0.023277122121841076,0.8233131576552742,1.304706776935932,high_volatility,2
2024-08-23,0.17246336220128913,0.21998957603112482,0.6623862254053674,15.859999656677246,19.86400008201599,0.7984292987914456,0.05485051914403938,0.06963795146066198,0.0011190118403776594,0.029644129063327807,0.05626658608697355,1.0,0.05373150730366172,-0.14563643820330405,0.44566680481846654,0.029703867822903504,0.05373150730366172,0.7984292987914456,0.028525117222950147,0.7435787796474063,1.2660357436994185,high_volatility,2
2024-08-24,0.17246336220128913,0.21998957603112482,0.6401236015287036,15.859999656677246,19.48750009536743,0.8138550136786137,0.05485051914403938,0.06963795146066198,0.0011190118403776594,0.029644129063327807,0.10430714024637533,1.0,0.05373150730366172,-0.14563643820330405,0.44566680481846654,0.028617082986416277,0.05373150730366172,0.8138550136786137,0.028525117222950147,0.7590044945345743,1.2398952495545794,high_volatility,1
2024-08-25,0.12578703753862713,0.18241780667699653,0.572960616684972,15.859999656677246,18.352000093460084,0.8642109620699661,0.08649348019739933,0.10251047534898605,-0.004149849974970032,0.04288029813073657,0.19155041382776639,0.8,0.09064333017236936,-0.049797689623563346,0.2931480474930792,0.0246828440910973,0.09064333017236936,0.8642109620699661,0.047030148105706604,0.7777174818725667,1.037569922296234,normal_volatility,1
2024-08-26,0.1263703028582052,0.18868103477571713,0.5733201208433604,16.149999618530273,17.774000120162963,0.9086305563939763,0.07400159441978138,0.08147333051784789,0.016047354351524712,0.05464430324130021,0.12218126657178896,1.0,0.05795424006825667,0.09783978091247134,0.3444512864817361,0.024922909800679783,0.05795424006825667,0.9086305563939763,0.038596948889775495,0.8346289619741949,1.0401433367086566,normal_volatility,1
2024-08-27,0.12078149069722936,0.1804831595898584,0.6065067731944019,15.43000030517578,17.153000116348267,0.8995511106228978,0.08271334923583007,0.09657990709767161,0.02147819211854607,0.05821807372579091,0.08135341516274197,1.0,0.061235157117284,0.006177809198832091,0.33156662782142704,0.025916411378153634,0.061235157117284,0.8995511106228978,0.03673988160724484,0.8168377613870678,1.0063615390290965,normal_volatility,1
2024-08-28,0.10231304581326531,0.16097080481771098,0.42157955121143714,17.110000610351562,16.81900010108948,1.0173018911655298,0.05210564570312415,0.05195613292612711,0.026542201577405278,0.034552054296523194,-0.04346954749064669,0.8,0.02556344412571887,0.2809348726948994,0.21922060020574274,0.018887981962410025,0.02556344412571887,1.0173018911655298,0.008009852719117916,0.9651962454624057,0.9154456108712412,normal_volatility,1
2024-08-29,0.10242768190858666,0.16126680894086418,0.42017783032207273,15.649999618530272,16.583000040054323,0.9437375372809205,0.0475806184761316,0.04495910896449984,0.01319313402451705,0.03736194995041053,-0.024506090960403792,0.8,0.03438748445161455,0.28763168172167747,0.20840876383233123,0.01869409038182068,0.03438748445161455,0.9437375372809205,0.024168815925893483,0.8961569188047889,0.874590300165528,low_volatility,1
2024-08-30,0.10509724858477133,0.164577337013298,0.420297160470519,15.0,16.31449999809265,0.9194275032488688,0.057580809062854676,0.05741439096632317,0.0023893568695485534,0.029969699860648902,-0.029966553280424302,0.8,0.05519145219330612,0.1301328264316888,0.13307534491531264,0.018784879724044273,0.05519145219330612,0.9194275032488688,0.02758034299110035,0.8618466941860141,0.8639189518591853,low_volatility,1
2024-08-31,0.10509724858477133,0.164577337013298,0.39917534475368094,15.0,16.04599995613098,0.9348124168645958,0.057580809062854676,0.05741439096632317,0.0023893568695485534,0.029969699860648902,0.0042645821087390345,1.0,0.05519145219330612,0.13013282643168878,0.13307534491531264,0.018363670113117778,0.05519145219330612,0.9348124168645958,0.02758034299110035,0.8772316078017411,0.8554201965920124,low_volatility,1
2024-09-01,0.10526607318656611,0.16487477172913995,0.40943321694156837,15.0,15.76050000190735,0.9517464546292749,0.05702538649211397,0.05514201858558554,-0.0012420899167832067,0.012608859410045303,-0.03418488589089552,0.6,0.05826747640889718,0.14406641767654504,0.1920457707526261,0.017662366721725553,0.05826747640889718,0.9517464546292749,0.01385094932682851,0.8947210681371609,0.8451929216973157,low_volatility,1
2024-09-02,0.09238447722962732,0.14287037473740022,0.41821722504410996,15.0,15.604499959945679,0.9612611771285632,0.03992328596019479,0.0295949454584441,-0.008120830295098802,0.014162920994986061,-0.024700489151587512,0.6,0.04804411625529359,-0.010106670886234665,0.2601852435463985,0.017804554684708117,0.04804411625529359,0.9612611771285632,0.022283751290084863,0.9213378911683684,0.8032302936035441,low_volatility,1
2024-09-03,0.12202369348592905,0.18229355452333082,0.4159765201272448,20.71999931335449,15.830999898910523,1.3088244233253026,0.015319541245835566,-0.001988235678655137,0.0018196084496471254,0.018081327997659047,-0.02223879496228609,0.6,0.01349993279618844,-0.42586329701685005,0.3272573655881536,0.019220283618596908,0.01349993279618844,1.3088244233253026,0.01626171954801192,1.293504882079467,1.0347970308971561,normal_volatility,2
2024-09-04,0.10585869151554281,0.15592865926143334,0.41101503613381474,21.31999969482422,16.135499906539916,1.321310143367976,-0.0038331233555165545,-0.029109247495026414,0.0229883664648316,0.015512709694868843,0.007148031761640361,0.6,-0.026821489820348154,-0.32213475981324496,0.3359682535763693,0.018306174965293846,-0.026821489820348154,1.321310143367976,-0.007475656769962757,1.3251432667234924,0.9838705652346686,normal_volatility,2
2024-09-05,0.10574580597514482,0.15585232889178885,0.4168474806289391,19.899999618530277,16.390499877929688,1.2141179199376486,-0.008478921868157796,-0.02945063413509319,0.025185237351902368,0.001551793619670061,-0.046415802833621345,0.4,-0.033664159220060164,-0.3382392299901214,0.34197334475534014,0.018556799629853283,-0.033664159220060164,1.2141179199376486,-0.023633443732232307,1.2225968418058064,0.9465062156239465,normal_volatility,2
2024-09-06,0.12070873980163276,0.1797299088035283,0.4344346993318163,22.3799991607666,16.769499826431275,1.334565693217178,-0.025166378197218675,-0.05544912893075127,0.025082133025016606,-0.005862324143923847,-0.09297771133272748,0.2,-0.05024851122223528,-0.2718304028389573,0.43179316405632984,0.020015184993854962,-0.05024851122223528,1.334565693217178,-0.030944457168940454,1.3597320714143968,1.052980872025465,normal_volatility,2
2024-09-07,0.12070873980163276,0.1797299088035283,0.43283019610901424,22.3799991607666,17.148499774932862,1.3050703825113017,-0.025166378197218675,-0.05544912893075127,0.025082133025016606,-0.005862324143923847,-0.07428151212655443,0.2,-0.05024851122223528,-0.2718304028389573,0.43179316405632984,0.02015000222848838,-0.05024851122223528,1.3050703825113017,-0.030944457168940454,1.3302367607085204,1.0452986565974522,normal_volatility,2
2024-09-08,0.11393612365741772,0.17008462786468215,0.4303584138856783,22.3799991607666,17.534999752044676,1.2763045039767948,-0.034398848958037576,-0.06769585298879266,0.02036981389947856,-0.004231232351610714,-0.0781915736001414,0.2,-0.05476866285751614,-0.33567668494020114,0.4792160166471045,0.019858830376217933,-0.05476866285751614,1.2763045039767948,-0.024601046251089276,1.3107033529348324,1.0149178807278911,normal_volatility,2
2024-09-09,0.12282632062249793,0.17967100051598478,0.4565695111550914,19.450000762939453,17.713499784469604,1.0980326304569317,-0.021997553175161277,-0.05372085824683126,0.016675722806729576,-0.0036995637336023623,-0.03377670691769363,0.2,-0.03867327598189085,-0.2712789955032277,0.511789930179307,0.02068209841366237,-0.03867327598189085,1.0980326304569317,-0.02037528654033194,1.120030183632093,0.9767789011812104,normal_volatility,2
2024-09-10,0.12331741327654308,0.18286424830620046,0.4369521561528309,19.07999992370605,17.853999757766722,1.0686680958089518,-0.021101400016185212,-0.049409381520863715,0.02317129831225606,0.0020245584021538754,-0.057645597630115675,0.4,-0.04427269832844127,-0.2277933672765221,0.5380696804542944,0.020352638332404076,-0.04427269832844127,1.0686680958089518,-0.021146739910102186,1.089769495825137,0.9613031066578999,normal_volatility,2
2024-09-11,0.12675460171531083,0.1946328861025933,0.4353854155586412,17.690000534057617,17.860999822616577,0.9904261077063317,-0.003236084238354975,-0.013120000103792884,0.03260794356926122,0.012556153569001305,-0.05032537034772799,0.4,-0.0358440278076162,-0.35999555434640723,0.45340338358467863,0.020616455889056987,-0.0358440278076162,0.9904261077063317,-0.020051790000259917,0.9936621919446866,0.9376172491136244,normal_volatility,2
2024-09-12,0.1244969723003047,0.19386361160393265,0.3709016157834687,17.06999969482422,17.921499824523927,0.9524872282991343,-0.00540790611928188,-0.01412500659393312,0.02109872248592204,0.018575973964436887,-0.09310248470958493,0.4,-0.02650662860520392,-0.4862780141582386,0.4279990920241933,0.01888939177968426,-0.02650662860520392,0.9524872282991343,-0.002522748521485152,0.9578951344184162,0.8975223596757621,low_volatility,2
2024-09-13,0.12600267497926992,0.19471001267870555,0.4060558238553308,16.559999465942383,17.956499814987183,0.9222286991655675,-0.0002134116293484034,-0.009708387084850223,0.023851896911422088,0.028704371522636052,-0.0562129644496453,0.4,-0.02406530854077049,-0.4705632526330802,0.45068193812326635,0.0197928587162398,-0.02406530854077049,0.9222286991655675,0.004852474611213964,0.9224421107949159,0.8945273018726572,low_volatility,1
2024-09-14,0.12600267497926992,0.19471001267870555,0.40628594510217275,16.559999465942383,17.991499805450438,0.9204346299648466,-0.0002134116293484034,-0.009708387084850223,0.023851896911422088,0.028704371522636052,-0.06728094980098531,0.4,-0.02406530854077049,-0.4705632526330802,0.45068193812326635,0.01979863214400364,-0.02406530854077049,0.9204346299648466,0.004852474611213964,0.920648041594195,0.8906255056314406,low_volatility,1
2024-09-15,0.125683406569961,0.19158924611038028,0.40185504025189583,16.559999465942383,18.011999797821044,0.9193870559528702,0.002175443228777274,0.0,0.026459972584249147,0.02543391608806478,-0.05880701967125346,0.6,-0.024284529355471873,-0.4868206731269305,0.4574253453467213,0.01983603114316526,-0.024284529355471873,0.9193870559528702,-0.0010260564961843688,0.9172116127240929,0.8875742479053744,low_volatility,1
2024-09-16,0.12569745323365938,0.19189651676698463,0.3587743423601742,17.139999389648438,18.097499752044676,0.947092119048762,0.002279218846514164,-0.007383188463328638,0.0376623013412436,0.022580248880598175,-0.0220425865902959,0.6,-0.035383082494729434,-0.4549859869649371,0.45363818803643075,0.01789395373500767,-0.035383082494729434,0.947092119048762,-0.015082052460645423,0.9448129002022478,0.8813023861056699,low_volatility,1
2024-09-17,0.12371629524399014,0.18740669597887877,0.38095415252449705,17.610000610351562,18.12249975204468,0.9717202842485738,0.008544238942664206,0.0045402159695380195,0.03391061623979752,0.024120804046993127,0.021700247341816636,1.0,-0.025366377297133313,-0.4719120312352185,0.4107299040541566,0.018039158579348128,-0.025366377297133313,0.9717202842485738,-0.009789812192804392,0.9631760453059096,0.8858070760640318,low_volatility,1
2024-09-18,0.12430980788052332,0.18803809418329587,0.3878678474507959,18.229999542236328,18.251499748229982,0.9988220033262889,0.005462821916291549,0.0016571443044794965,0.02444515498202593,0.01098947238519421,0.03807996830177296,1.0,-0.01898233306573438,-0.37977274250651927,0.4254381938705408,0.018217237303070434,-0.01898233306573438,0.9988220033262889,-0.01345568259683172,0.9933591814099973,0.9007309257673008,normal_volatility,1
2024-09-19,0.13419646638031088,0.2044048578922032,0.39255559890441794,16.329999923706055,18.317999744415282,0.8914728764904956,0.012950581862972044,0.014886345798706513,0.03205531342977874,0.034069804624292654,0.0646315003264708,1.0,-0.0191047315668067,-0.3484387376974144,0.6504003341621802,0.01909564002158621,-0.0191047315668067,0.8914728764904956,0.002014491194513912,0.8785222946275235,0.8929320466602856,low_volatility,1
2024-09-20,0.13445227917135227,0.2046174298207003,0.39192538205006894,16.149999618530273,18.375499725341797,0.8788876416926872,0.011199559004926307,0.012954828137679675,0.028104232340008917,0.04721351439629751,0.07161413258114879,1.0,-0.01690467333508261,-0.33103206777975963,0.5882827978063326,0.019406616848037565,-0.01690467333508261,0.8788876416926872,0.01910928205628859,0.8676880826877609,0.8904704825396097,low_volatility,1
2024-09-21,0.13445227917135227,0.2046174298207003,0.37375432089462657,16.149999618530273,18.432999706268312,0.8761460356904534,0.011199559004926307,0.012954828137679675,0.028104232340008917,0.04721351439629751,0.10587527022399845,1.0,-0.01690467333508261,-0.3310320677797597,0.5882827978063326,0.0189071545558393,-0.01690467333508261,0.8761460356904534,0.01910928205628859,0.864946476685527,0.8839804793482364,low_volatility,1
2024-09-22,0.13445227917135227,0.2046174298207003,0.361043035333746,16.149999618530273,18.490499687194824,0.8734214808545487,0.011199559004926307,0.012954828137679675,0.028104232340008917,0.04721351439629751,0.07673896329131535,1.0,-0.01690467333508261,-0.3310320677797597,0.5882827978063326,0.018359388509588164,-0.01690467333508261,0.8734214808545487,0.01910928205628859,0.8622219218496224,0.8793673434980015,low_volatility,1
2024-09-23,0.10875774424495628,0.16846312053148899,0.3422492163047286,15.890000343322754,18.248999738693236,0.8707326741657675,0.03502639503809868,0.04744112090759889,0.009411670538588934,0.05380172717385068,0.10271064297103139,1.0,0.025614724499509745,-0.02330818868248413,0.5814683148352087,0.016640234994047636,0.025614724499509745,0.8707326741657675,0.04439005663526174,0.8357062791276688,0.7899285641116242,low_volatility,1
2024-09-24,0.1078799254990466,0.1676156634417013,0.3438822599091374,15.390000343322754,17.952499771118163,0.8572622498000008,0.040116714356926986,0.055235531401712556,-0.0036358310892923296,0.06787317252768932,0.10919892398708031,0.8,0.043752545446219315,0.0538691839035897,0.5546243312680006,0.0166282041558322,0.043752545446219315,0.8572622498000008,0.07150900361698165,0.8171455354430738,0.7779106751900834,low_volatility,1
2024-09-25,0.10775965619374192,0.1676165927084814,0.32802854564925765,15.40999984741211,17.727999782562257,0.8692463919460223,0.0403529651348169,0.05522870683695502,-0.017475209476413345,0.05758549288809767,0.12433396616908077,0.8,0.05782817461123024,0.1490751021994454,0.6014517879474521,0.01629303052523228,0.05782817461123024,0.8692463919460223,0.07506070236451101,0.8288934268112054,0.77630545185828,low_volatility,1
2024-09-26,0.08168707541571493,0.12668669279919959,0.2930660099557933,15.369999885559082,17.37749981880188,0.8844770562983548,0.06235734446156571,0.09241976834935328,-0.015066140797992955,0.0708927307747067,0.20820250351878355,0.8,0.07742348525955867,0.23288152044630964,0.5436002826349325,0.013533985094616405,0.07742348525955867,0.8844770562983548,0.08595887157269966,0.8221197118367891,0.6812262839409782,low_volatility,1
2024-09-27,0.08256097120552329,0.1307515634007684,0.2921804176823015,16.959999084472656,17.10649981498718,0.9914359610616443,0.06081642533750342,0.08634915439110835,-0.00994364963162131,0.062394307267002125,0.21520213914238062,0.8,0.07076007496912473,0.1741450144018403,0.5621736149894051,0.013611591787627251,0.07076007496912473,0.9914359610616443,0.07233795689862343,0.9306195357241409,0.720526802875139,low_volatility,1
2024-09-28,0.08256097120552329,0.1307515634007684,0.2934532774113151,16.959999084472656,16.835499811172486,1.0073950446791933,0.06081642533750342,0.08634915439110835,-0.00994364963162131,0.062394307267002125,0.20141806215788782,0.8,0.07076007496912473,0.1741450144018403,0.5621736149894051,0.013697276390651617,0.07076007496912473,1.0073950446791933,0.07233795689862343,0.9465786193416899,0.7230474230845605,low_volatility,1
2024-09-29,0.07715180947647071,0.12735534924860217,0.2737977058337842,16.959999084472656,16.710999727249146,1.0149003268079462,0.04907093825894937,0.07255642382322103,-0.0142013873709107,0.05794472286389807,0.15110206541741,0.8,0.06327232562986007,0.09573547296318717,0.5955595068038806,0.013194545534516839,0.06327232562986007,1.0149003268079462,0.07214611023480877,0.9658293885489968,0.7052314336510972,low_volatility,1
2024-09-30,0.07704501115551239,0.12557385136609064,0.31164619566327134,16.729999542236328,16.59349970817566,1.008226102778874,0.04870685788325546,0.06561695901464448,-0.025722740649713804,0.04488007334084432,0.0985414759518013,0.8,0.07442959853296927,0.05095730674317762,0.5394243899524438,0.013945356490088535,0.07442959853296927,1.008226102778874,0.07060281399055812,0.9595192448956185,0.7094321154371467,low_volatility,1
2024-10-01,0.08111007889763823,0.11951413038236687,0.34777309684149643,19.26000022888184,16.67199969291687,1.1552303613023989,0.02875822944311235,0.02843725635672123,-0.017907983038669806,0.05752422221895204,0.06092854342128251,0.8,0.046666212481782154,-0.14524773019363993,0.4349019369784705,0.015359264637747425,0.046666212481782154,1.1552303613023989,0.07543220525762184,1.1264721318592865,0.7931494711441387,low_volatility,1
2024-10-02,0.07682071266919015,0.11534298605078822,0.34621606975787206,18.899999618530277,16.763499689102172,1.1274495164525238,0.020595569427868554,0.019879181661879297,-0.02161386023144063,0.039478702487060424,0.04310858864763745,0.8,0.04220942965930918,-0.07963695223257414,0.34665342272454186,0.015492202255424576,0.04220942965930918,1.1274495164525238,0.06109256271850105,1.1068539470246552,0.7785486786030145,low_volatility,1
2024-10-03,0.0757879194903437,0.11474788920469241,0.3128736352510559,20.489999771118164,16.95999970436096,1.2081368000171324,0.013436935655244842,0.014572206678342026,-0.0334366028073072,0.028531980167409543,0.0031054568760100487,0.8,0.046873538462552045,-0.06970830098600796,0.3161128502283718,0.014667656855392045,0.046873538462552045,1.2081368000171324,0.061968582974716746,1.1946998643618876,0.806840857615591,low_volatility,1
2024-10-04,0.08136816331083024,0.1213039500532485,0.3193239488730011,19.209999084472656,17.092499685287475,1.1238847119013164,0.022646310206846154,0.02664370456655263,-0.045326450516823935,0.02647899915433527,0.03436965764185107,0.8,0.06797276072367009,-0.2021955299845716,0.25044673526833466,0.01513476591321605,0.06797276072367009,1.1238847119013164,0.0718054496711592,1.1012384016944703,0.810421600733177,low_volatility,1
2024-10-05,0.08136816331083024,0.1213039500532485,0.31407774472973476,19.209999084472656,17.22499966621399,1.1152394459636563,0.022646310206846154,0.02664370456655263,-0.045326450516823935,0.02647899915433527,0.049120885053903995,0.8,0.06797276072367009,-0.2021955299845716,0.25044673526833466,0.014625540246678705,0.06797276072367009,1.1152394459636563,0.0718054496711592,1.0925931357568102,0.8130379026082971,low_volatility,1
2024-10-06,0.08145415256996938,0.1195217142905396,0.30703053288550136,19.209999084472656,17.3284996509552,1.1085783230756356,0.02113830230127367,0.031199399702611208,-0.05399400286065248,0.02656497209673514,0.07950242198543322,0.8,0.07513230516192615,-0.23878989198447476,0.25315255763804045,0.014452053218606372,0.07513230516192615,1.1085783230756356,0.08055897495738762,1.087440020774362,0.8191849284902329,low_volatility,1
2024-10-07,0.0890097310284332,0.12722440271272853,0.28520895549291897,22.63999938964844,17.579999589920043,1.2878270715449665,0.011493254226546679,0.019615035109888934,-0.056560148093481866,0.028777289695964603,0.03197094679663537,0.8,0.06805340232002854,-0.13613773899567544,0.29518609063873347,0.014296234866712018,0.06805340232002854,1.2878270715449665,0.08533743778944647,1.2763338173184198,0.9250183307288015,normal_volatility,1
2024-10-08,0.09325668972311613,0.13467550662891117,0.274846092000356,21.420000076293945,17.739499616622926,1.2074748746702066,0.024096911155079948,0.03934244156518263,-0.04310723502614566,0.029128278078883962,0.00782305869137856,0.8,0.06720414618122561,-0.143559341444874,0.13788332122952543,0.014299073880698617,0.06720414618122561,1.2074748746702066,0.07223551310502963,1.1833779635151267,0.9155152566974373,normal_volatility,1
2024-10-09,0.07568125629175908,0.10576583912603875,0.2779062018336628,20.86000061035156,17.9659996509552,1.1610821003908063,0.013889008645035616,0.02168787198689559,-0.04538328111275158,0.007860538099283332,-0.03746962732696835,0.6,0.0592722897577872,-0.18224328807420123,-0.30055377414209744,0.013420750251953825,0.0592722897577872,1.1610821003908063,0.053243819212034915,1.1471930917457707,0.845097721976852,low_volatility,1
2024-10-10,0.07569050793460745,0.10551205611875153,0.2772740726816731,20.93000030517578,18.204999685287476,1.149684189343356,0.01386702971332987,0.02247371728144487,-0.045468860637998154,0.002518478153019421,-0.046183559016460096,0.6,0.059335890351328024,-0.18162366592907447,-0.30005160928585833,0.012952298851635105,0.059335890351328024,1.149684189343356,0.047987338791017575,1.1358171596300262,0.8476558051620919,low_volatility,1
2024-10-11,0.07790858954259046,0.10543532368615627,0.30848056137730867,20.459999084472656,18.420499658584596,1.1107190067419035,0.019938337900390124,0.024071881773882087,-0.04932429355700696,0.01345937168767386,-0.014981503263370666,0.6,0.06926263145739708,-0.1903553377330799,-0.1756323329600666,0.013487486560314281,0.06926263145739708,1.1107190067419035,0.06278366524468082,1.0907806688415134,0.8554580558229982,low_volatility,1
2024-10-12,0.07790858954259046,0.10543532368615627,0.31133527555361235,20.459999084472656,18.635999631881713,1.0978750530489665,0.019938337900390124,0.024071881773882087,-0.04932429355700696,0.01345937168767386,-0.0071594144372768564,0.6,0.06926263145739708,-0.1903553377330799,-0.1756323329600666,0.013606302653124933,0.06926263145739708,1.0978750530489665,0.06278366524468082,1.0779367151485764,0.8615777255259804,low_volatility,1
2024-10-13,0.07777532964847594,0.10537508464197319,0.3114199848433204,20.459999084472656,18.86449956893921,1.084576826949625,0.017395821382033327,0.021364584141951415,-0.047300997233121755,0.01149665662240773,-0.007554512651990697,0.6,0.06469681861515508,-0.19549017224425747,-0.17858595308439765,0.013378856583586028,0.06469681861515508,1.084576826949625,0.058797653855529486,1.0671810055675917,0.8630722968283965,low_volatility,1
2024-10-14,0.08176505807008873,0.10779034678635097,0.3570358586490144,19.700000762939453,19.079999589920043,1.0324948210872582,0.022790224231924894,0.024991227251297765,-0.04639608594623579,-0.00406388413961567,0.027124461099801156,0.6,0.06918631017816068,-0.14835861580251863,-0.2711061248677534,0.015389253249347971,0.06918631017816068,1.0324948210872582,0.04233220180662012,1.0097045968553333,0.8845765395085095,low_volatility,1
2024-10-15,0.08700225793056475,0.11965849429210333,0.3522300935811193,20.63999938964844,19.34149956703186,1.067135426501775,0.01708666163130479,0.010353619663956426,-0.026712569184288326,0.0007732163134734904,0.061732193933117685,0.8,0.043799230815593115,-0.35673848244548884,-0.3151330847786828,0.0154020700617952,0.043799230815593115,1.067135426501775,0.027485785497761817,1.0500487648704702,0.9282610578687528,normal_volatility,1
2024-10-16,0.08719318438059863,0.11678942658162274,0.33597258470737046,19.57999992370605,19.55199956893921,1.0014320967360968,0.017473400331564193,0.0029419444686222818,-0.024903165739305955,0.0006883074414369972,0.037306860743167025,0.8,0.04237656607087015,-0.33873794791862905,-0.3117891969086973,0.015003101590401049,0.04237656607087015,1.0014320967360968,0.025591473180742952,0.9839586964045326,0.9061124361222812,normal_volatility,1
2024-10-17,0.08681811536304426,0.1148130676141292,0.3352959409269365,19.11000061035156,19.659499645233154,0.9720491851370778,0.019038769418901147,0.009245037866914663,-0.04531664666449653,0.014733493377697027,0.024458969945512443,0.8,0.06435541608339768,-0.26634154472376415,-0.3698675152535687,0.014796798559006605,0.06435541608339768,0.9720491851370778,0.060050140042193556,0.9530104157181767,0.897705888553575,low_volatility,1
2024-10-18,0.08732752299279568,0.11678625530380687,0.33880451755317076,18.030000686645508,19.712999725341795,0.9146249144145866,0.02295848089056407,0.015860246311893977,-0.044604339771968426,0.02550812134118674,0.038416010967533554,0.8,0.0675628206625325,-0.24841373357186838,-0.29495332074246383,0.014941864880843501,0.0675628206625325,0.9146249144145866,0.07011246111315517,0.8916664335240225,0.8834406557672556,low_volatility,1
2024-10-19,0.08732752299279568,0.11678625530380687,0.33827349562728054,18.030000686645508,19.76649980545044,0.9121493873019386,0.02295848089056407,0.015860246311893977,-0.044604339771968426,0.02550812134118674,0.041554308317539146,0.8,0.0675628206625325,-0.24841373357186838,-0.29495332074246383,0.014924107854255093,0.0675628206625325,0.9121493873019386,0.07011246111315517,0.8891909064113745,0.8898848493206083,low_volatility,1
2024-10-20,0.0867450180711028,0.11659795985380211,0.3086244854338111,18.030000686645508,19.8314998626709,0.9091597111413455,0.01887550235593216,0.01311282863688823,-0.04002696008189022,0.03377769602703973,0.08956652310534574,0.8,0.05890246243782238,-0.2423424507055472,-0.26649075729897215,0.014630926267704184,0.05890246243782238,0.9091597111413455,0.07380465610892994,0.8902842087854134,0.8910384233925192,low_volatility,1
2024-10-21,0.0792228735307268,0.10304367364788104,0.2830469293894528,18.3700008392334,19.786999893188476,0.9283873724362394,0.026397210305001417,0.029401453652824205,-0.06355967409347585,0.022841091960467574,0.10734985142806663,0.8,0.08995688439847727,-0.03730792849664517,-0.10568023333659825,0.013133673765305463,0.08995688439847727,0.9283873724362394,0.08640076605394342,0.901990162131238,0.8595200148264854,low_volatility,1
2024-10-22,0.0794374031067441,0.10305241867712354,0.28196469649423833,18.200000762939453,19.751999950408937,0.9214257193516573,0.025419290732086486,0.02906950212202819,-0.054679471832931204,0.033664369007528006,0.11097331380061837,0.8,0.08009876256501769,-0.05546464632390693,-0.13267272766071728,0.012816151082484076,0.08009876256501769,0.9214257193516573,0.08834384084045921,0.8960064286195708,0.8590816089818071,low_volatility,1
2024-10-23,0.08708443384905451,0.11894580119893507,0.28997895953797315,19.239999771118164,19.689499950408937,0.9771705639847172,0.017910516677336563,0.014057594960479314,-0.04827380890008559,0.0219153102107581,0.09336485794668992,0.8,0.06618432557742215,-0.078428242040431,0.1031752657555574,0.013901986555060584,0.06618432557742215,0.9771705639847172,0.07018911911084369,0.9592600473073807,0.9301433518731883,normal_volatility,1
2024-10-24,0.08175828106004142,0.11491714947748825,0.2938668836407335,19.07999992370605,19.682999992370604,0.9693644226541541,0.010925318931635175,0.01026027040146138,-0.030245764159082644,0.03183674715003182,0.09817666936827951,0.8,0.04117108309071782,0.06486246674100922,0.16881683943846507,0.013664646786204208,0.04117108309071782,0.9693644226541541,0.06208251130911446,0.958439103722519,0.9056918016919087,normal_volatility,1
2024-10-25,0.08179858679272986,0.1165643824359476,0.3090558607641528,20.32999992370605,19.739000034332275,1.0299407208240459,0.010576387071911997,0.016416356896095774,-0.035688129720820694,0.03395921356823983,0.07332047941787079,0.8,0.04626451679273269,0.0710696552469475,0.16692374088573353,0.014370019383903674,0.04626451679273269,1.0299407208240459,0.06964734328906053,1.0193643337521339,0.944168849427893,normal_volatility,1
2024-10-26,0.08179858679272986,0.1165643824359476,0.3077070596738093,20.32999992370605,19.795000076293945,1.0270270192144535,0.010576387071911997,0.016416356896095774,-0.035688129720820694,0.03395921356823983,0.06679102370826073,0.8,0.04626451679273269,0.0710696552469475,0.16692374088573353,0.014401540717945709,0.04626451679273269,1.0270270192144535,0.06964734328906053,1.0164506321425415,0.9467461601537861,normal_volatility,1
2024-10-27,0.07364531421139585,0.10840053563678065,0.30592563161756364,20.32999992370605,19.679500102996826,1.0330546923094945,0.019795696645726224,0.027421612929612316,-0.028366618985808945,0.03747392891792711,0.0914675804334324,0.8,0.04816231563153517,-0.021412877278115305,0.09650689427463259,0.014116691462553418,0.04816231563153517,1.0330546923094945,0.06584054790373606,1.0132589956637683,0.9114009847686148,normal_volatility,1
2024-10-28,0.06711537268504922,0.09584981722152047,0.3169349017729765,19.799999237060547,19.598500061035157,1.0102813570119074,0.013364166741911099,0.012466792374401292,-0.03263473857818999,0.045220146613313084,0.1251495682325372,0.8,0.04599890532010109,-0.08118391503740621,0.28051522725420686,0.0140979965361288,0.04599890532010109,1.0102813570119074,0.07785488519150308,0.9969171902699963,0.8740779229241735,low_volatility,1
2024-10-29,0.06307866450707854,0.09777079685837556,0.31670267653263684,19.34000015258789,19.522500038146973,0.9906518178920488,0.0080220552695065,0.014214848422812842,-0.025622143683666,0.06239366561179205,0.20036265352197025,0.8,0.0336441989531725,-0.02565764862497825,0.4382021017927195,0.013920733537348075,0.0336441989531725,0.9906518178920488,0.08801580929545805,0.9826297626225423,0.84660076731293,low_volatility,1
2024-10-30,0.06381490543571104,0.10195879872894288,0.31680061762193845,20.350000381469727,19.49350004196167,1.0439377401525818,0.006734834221580499,0.007693977417078113,-0.018920173947528984,0.06045627309524049,0.20016821479232516,0.8,0.025655008169109483,-0.06449221300860562,0.43925895111560226,0.014000321797053948,0.025655008169109483,1.0439377401525818,0.07937644704276947,1.0372029059310013,0.8728767298369186,low_volatility,1
2024-10-31,0.09215350965321797,0.13647146332175014,0.3286088211901706,23.15999984741211,19.628500080108644,1.1799169448959708,-0.018875484916859975,-0.01927590997887363,-0.013340382827676023,0.03275346578461957,0.1244308828074765,0.4,-0.005535102089183952,-0.08113150939342458,0.6495110454169367,0.015890190463156387,-0.005535102089183952,1.1799169448959708,0.046093848612295596,1.1987924298128307,1.071223146424555,normal_volatility,1
2024-11-01,0.09392292007312453,0.13963601147390606,0.33287920401755006,21.8799991607666,19.69950008392334,1.1106880411966777,-0.014734697723499668,-0.012019534721091185,-0.02725057069931769,0.028516722879331713,0.09952752646374763,0.4,0.012515872975818021,-0.15507983190703437,0.5909570840982908,0.015985979693317512,0.012515872975818021,1.1106880411966777,0.0557672935786494,1.1254227389201774,1.050006035464616,normal_volatility,1
2024-11-02,0.09392292007312453,0.13963601147390606,0.3319235078780352,21.8799991607666,19.770500087738036,1.1066993279718256,-0.014734697723499668,-0.012019534721091185,-0.02725057069931769,0.028516722879331713,0.10243051066901887,0.4,0.012515872975818021,-0.15507983190703437,0.5909570840982908,0.015986060843286246,0.012515872975818021,1.1066993279718256,0.0557672935786494,1.1214340256953252,1.0521011702218799,normal_volatility,1
2024-11-03,0.08793576433419237,0.13561440720283946,0.28702494561087577,21.8799991607666,19.879500007629396,1.1006312609657913,-0.022727275143793912,-0.02024118373273298,-0.027976674175574145,0.03019542855235824,0.04080469804246656,0.4,0.005249399031780233,-0.1896798390477961,0.6715779665471577,0.014052534876176068,0.005249399031780233,1.1006312609657913,0.058172102727932384,1.1233585361095852,1.0047310003149548,normal_volatility,1
2024-11-04,0.08450801536394464,0.12780959689749083,0.28790970406058625,21.979999542236328,19.94650001525879,1.1019476863320352,-0.01719631688441836,-0.009860358330145647,-0.024745674504882853,0.028098583740888916,0.011491433311324073,0.4,0.007549357620464492,-0.09409700896969408,0.7204233748638866,0.013998230738531544,0.007549357620464492,1.1019476863320352,0.05284425824577177,1.1191440032164537,0.9931519731222144,normal_volatility,1
2024-11-05,0.09468795488405858,0.13617352747964614,0.29736932099000873,20.489999771118164,19.992000007629393,1.0249099521457945,-0.009617129706737115,0.002648147969450232,-0.023680311717621305,0.025288287090218242,0.025836022900646904,0.6,0.01406318201088419,-0.018621029225254524,0.6389119664865188,0.014485971050772163,0.01406318201088419,1.0249099521457945,0.04896859880783955,1.0345270818525316,1.0141893825374608,normal_volatility,1
2024-11-06,0.13063500371223535,0.16655541491435294,0.4331366615304428,16.270000457763672,19.85,0.8196473782248701,0.014922363616364676,0.029170453944901586,-0.03513389214217233,-0.011784611177365067,0.12224424693170266,0.6,0.050056255758537005,-0.46362842393664516,-0.18160084218352077,0.020945592150226892,0.050056255758537005,0.8196473782248701,0.023349280964807262,0.8047250146085054,1.1591049781200133,normal_volatility,1
2024-11-07,0.13256133710022663,0.17331780555050583,0.4318983984023244,15.199999809265137,19.708499956130982,0.771240827211544,0.01885070952666945,0.03856642784580355,-0.02377482122966812,-0.00644728916476589,0.1094154166578647,0.6,0.04262553075633757,-0.3727516445575074,-0.12143938909511147,0.02162998111416639,0.04262553075633757,0.771240827211544,0.01732753206490223,0.7523901176848745,1.1529237778769912,normal_volatility,1
2024-11-08,0.13303307033938616,0.17319297315382298,0.43133867066635007,14.9399995803833,19.55399990081787,0.7640380308971166,0.023264108566619424,0.03978012803883835,-0.011375462547278059,-0.013173070809536669,0.11969594637063552,0.6,0.03463957111389748,-0.32550470834551887,-0.1322185545100842,0.02167344373477554,0.03463957111389748,0.7640380308971166,-0.0017976082622586098,0.7407739223304972,1.1499089951938906,normal_volatility,1
2024-11-09,0.13303307033938616,0.17319297315382298,0.43127159372601803,14.9399995803833,19.39949984550476,0.7701229258158008,0.023264108566619424,0.03978012803883835,-0.011375462547278059,-0.013173070809536669,0.11270974063366634,0.6,0.03463957111389748,-0.32550470834551887,-0.1322185545100842,0.021932664604800912,0.03463957111389748,0.7701229258158008,-0.0017976082622586098,0.7468588172491814,1.1529698035915337,normal_volatility,1
2024-11-10,0.13269767504015287,0.17334007667867138,0.4416069367047897,14.9399995803833,19.227999782562257,0.7769918737950208,0.024947281992716785,0.037786199229527195,0.006203865662801844,-0.012976651902696035,0.19454881866524576,0.8,0.01874341632991494,-0.3890940782256397,-0.1322800408305203,0.021878844991164166,0.01874341632991494,0.7769918737950208,-0.01918051756549788,0.752044591802304,1.1507469098070313,normal_volatility,1
2024-11-11,0.13253556945878392,0.17354708266062352,0.5490873750779726,14.970000267028809,19.066499757766724,0.7851467472906657,0.026469244026350758,0.0360514784550261,0.0003323295558039785,-0.04643009343597437,0.3167997717535773,0.8,0.02613691447054678,-0.3844633407979889,-0.1050874009354317,0.02377780315224507,0.02613691447054678,0.7851467472906657,-0.04676242299177835,0.7586775032643149,1.1729412437383808,normal_volatility,1
2024-11-12,0.1278585109614417,0.16208260577263753,0.5457407861735809,14.710000038146973,18.839999771118165,0.7807855741430259,0.03271694182673035,0.05027021930150832,-0.011990843536655138,-0.04312987713168093,0.32399376667069246,0.6,0.04470778536338549,-0.3479377100265064,-0.15539994036902113,0.0233965757580116,0.04470778536338549,0.7807855741430259,-0.03113903359502579,0.7480686323162955,1.1423370225516696,normal_volatility,1
2024-11-13,0.12790643069664928,0.16120284813201868,0.546975853189328,14.020000457763672,18.586999797821044,0.7542906660711988,0.03098896740160484,0.04048180943393831,-0.02759435710126512,-0.06000790342490392,0.32897245322572966,0.6,0.05858332450286996,-0.34258053661553456,-0.15553694845244548,0.023541361660777173,0.05858332450286996,0.7542906660711988,-0.0324135463236388,0.7233016986695939,1.128802258745786,normal_volatility,1
2024-11-14,0.13089588522984352,0.163480187293147,0.5622709425208857,14.3100004196167,18.285999822616578,0.7825659279465669,0.02471338161889136,0.02699267266509353,-0.016443987302267815,-0.0643850163659121,0.30923272985989003,0.6,0.041157368921159176,-0.37164490764132546,-0.15000839900636603,0.023914735303057443,0.041157368921159176,0.7825659279465669,-0.04794102906364428,0.7578525463276755,1.1510580444564487,normal_volatility,1
2024-11-15,0.14009585903717828,0.18642035689559286,0.5708151538568305,16.139999389648438,18.076499795913698,0.8928719371488602,0.01158812618622962,0.0025235299684942536,-0.019057245109546317,-0.06604299108879985,0.35889609566744984,0.6,0.030645371295775936,-0.3317803837121963,-0.1505609186556086,0.024551011922280347,0.030645371295775936,0.8928719371488602,-0.046985745979253535,0.8812838109626305,1.2337239946329093,high_volatility,1
2024-11-16,0.14009585903717828,0.18642035689559286,0.5759400578075706,16.139999389648438,17.866999769210814,0.9033413330794117,0.01158812618622962,0.0025235299684942536,-0.019057245109546317,-0.06604299108879985,0.33312842512032836,0.6,0.030645371295775936,-0.3317803837121963,-0.1505609186556086,0.024632240930643957,0.030645371295775936,0.9033413330794117,-0.046985745979253535,0.891753206893182,1.2315184702016324,high_volatility,1
2024-11-17,0.13980001498924033,0.18642158425271846,0.5789400169046707,16.139999389648438,17.68399977684021,0.9126894137821768,0.008470622162330965,0.0023616824642018752,-0.016388549562564858,-0.06607983804590156,0.2852057393040137,0.6,0.024859171724895823,-0.3301526425127161,-0.1567730412679508,0.024784841727028148,0.024859171724895823,0.9126894137821768,-0.049691288483336704,0.9042187916198459,1.2292772466711195,high_volatility,1
2024-11-18,0.14034860305819113,0.18487019714819572,0.5702633388880722,15.579999923706056,17.495999765396117,0.8904892622667063,0.010966572724428136,-0.0002800159337861263,-0.01614074627711537,-0.05857315871178603,0.24507739017425778,0.4,0.027107319001543506,-0.3248520010233533,-0.11294707500672853,0.024747986708542332,0.027107319001543506,0.8904892622667063,-0.04243241243467066,0.8795226895422782,1.2167935365917912,high_volatility,1
2024-11-19,0.14007415452466207,0.18409128907041852,0.5673856423615237,16.350000381469727,17.295999765396118,0.9453053077730124,0.01774082906864738,0.014263207754300788,-0.014017817895464746,-0.05533980582524267,0.27653272690494624,0.6,0.031758646964112125,-0.30567527762085994,-0.07740100832862866,0.024927220708487338,0.031758646964112125,0.9453053077730124,-0.041321987929777926,0.927564478704365,1.2323488178316353,high_volatility,1
2024-11-20,0.11737530321291723,0.15663295268889998,0.5454918087480508,17.15999984741211,16.995999765396117,1.009649334212742,0.03844239295201857,0.039929780630269196,-0.01876520371989876,-0.03506764854357147,0.3435767324198913,0.6,0.05720759667191733,-0.32735740164906696,-0.27608585425420773,0.023253818985397343,0.05720759667191733,1.009649334212742,-0.016302444823672713,0.9712069412607234,1.1363897966012904,normal_volatility,1
2024-11-21,0.11774466029029386,0.15547378581391527,0.5455956581955527,16.8700008392334,16.745499849319458,1.0074348924209031,0.0396294022786563,0.03600523439875403,-0.005504205848634647,-0.023012625383222574,0.4176918053519796,0.6,0.04513360812729095,-0.32069751178725836,-0.24582001274228996,0.024201913228390708,0.04513360812729095,1.0074348924209031,-0.017508419534587927,0.9678054901422468,1.1424064633537316,normal_volatility,1
2024-11-22,0.11757038912653028,0.15532953287487572,0.5423257335810545,15.239999771118164,16.413499879837037,0.9285039682389468,0.04285172152598915,0.037667047458068925,-0.004953776294738255,-0.01041709854674333,0.42875887061793816,0.6,0.047805497820727405,-0.32019349686493964,-0.2279089251287382,0.024148737663532295,0.047805497820727405,0.9285039682389468,-0.005463322252005076,0.8856522467129576,1.102883880832877,normal_volatility,1
2024-11-23,0.11757038912653028,0.15532953287487572,0.5453997506578184,15.239999771118164,16.081499910354616,0.9476727827673199,0.04285172152598915,0.037667047458068925,-0.004953776294738255,-0.01041709854674333,0.42239878038787504,0.6,0.047805497820727405,-0.32019349686493964,-0.2279089251287382,0.02406397912888601,0.047805497820727405,0.9476727827673199,-0.005463322252005076,0.9048210612413308,1.09906297024791,normal_volatility,1
2024-11-24,0.11677630379694155,0.15447518945385774,0.5359103604034368,15.239999771118164,15.744499921798706,0.9679570546421709,0.04510288932735307,0.04069871836863603,-0.020162624373660565,-0.011826149869515912,0.44538624009821337,0.6,0.06526551370101363,-0.2939261029518374,-0.2252400513604113,0.023739433001121087,0.06526551370101363,0.9679570546421709,0.008336474504144653,0.9228541653148178,1.0892900636030203,normal_volatility,1
2024-11-25,0.11097459549202422,0.14919689567231656,0.5890999055361738,14.600000381469728,15.449999952316285,0.9449838463773508,0.03611925354332701,0.02921517822882347,-0.00010779540905769824,-0.043093916463969095,0.3423137851395761,0.6,0.03622704895238471,-0.2730995171520218,-0.25030579947475895,0.02439602633702829,0.03622704895238471,0.9449838463773508,-0.0429861210549114,0.9088645928340238,1.0540439948934013,normal_volatility,1
2024-11-26,0.07181722180427556,0.11575045682112142,0.5247080974295243,14.100000381469728,15.341499948501587,0.9190757376267426,0.016259443013321162,0.0073776520158082,0.024057709381179793,-0.011192511331529653,0.2161084269230047,0.8,-0.007798266367858631,0.34777336200959513,0.24743085463477735,0.02053883773290854,-0.007798266367858631,0.9190757376267426,-0.035250220712709446,0.9028162946134214,0.8380375856651667,low_volatility,1
2024-11-27,0.06813860457875151,0.10396656165174725,0.5366673159714856,14.100000381469728,15.286499977111816,0.9223825206935131,0.005406255121041426,-0.016045335907235225,0.018394925855156563,-0.024674498513605037,0.26424753355917807,0.6,-0.012988670734115138,0.22688606605316453,0.1293710777955689,0.0213404424707392,-0.012988670734115138,0.9223825206935131,-0.0430694243687616,0.9169762655724717,0.8318229180712915,low_volatility,1
2024-11-28,0.0664345275203657,0.10375742676708455,0.5393793766009972,14.100000381469728,15.244500017166137,0.9249237669711935,0.0010698780665130414,-0.017193872923420894,0.005622186066055468,-0.01802710558022058,0.2496162156871411,0.6,-0.0045523079995424265,0.16593565052141462,0.16070633315313715,0.021501558601241224,-0.0045523079995424265,0.9249237669711935,-0.02364929164627605,0.9238538889046805,0.8260489278388323,low_volatility,1
2024-11-29,0.06992572286242568,0.1092506098070254,0.5389287282744442,13.510000228881836,15.173000049591064,0.8903974286381124,0.007288693629131204,-0.008558077446167434,0.0160016878098026,-0.009558034811280702,0.2693795442369753,0.6,-0.008712994180671396,0.2376497264423634,0.2091760746997069,0.021266135890297286,-0.008712994180671396,0.8903974286381124,-0.025559722621083303,0.8831087350089812,0.8244273325079027,low_volatility,1
2024-11-30,0.06992572286242568,0.1092506098070254,0.5275743911600086,13.510000228881836,15.101500082015992,0.8946131281997982,0.007288693629131204,-0.008558077446167434,0.0160016878098026,-0.009558034811280702,0.19850920753316093,0.6,-0.008712994180671396,0.2376497264423634,0.2091760746997069,0.02115563384174325,-0.008712994180671396,0.8946131281997982,-0.025559722621083303,0.887324434570667,0.8240633638174873,low_volatility,1
2024-12-01,0.06990260862804594,0.10925773916022184,0.3984168183163206,13.510000228881836,15.028500080108643,0.898958655678709,0.006329731903137459,-0.007979338762084454,0.020968932685123898,0.014247943160727194,0.09670982112580906,0.8,-0.014639200781986439,0.2466784231316307,0.2564310113469699,0.018696092384822553,-0.014639200781986439,0.898958655678709,-0.006720989524396703,0.8926289237755716,0.7978609699462215,low_volatility,1
2024-12-02,0.06886862879055605,0.11613101250917833,0.40172032678820485,13.34000015258789,14.96000008583069,0.8917112350301939,0.011274910126924498,0.004640320858270375,0.03900046201347829,0.014122055182467674,0.08992574751668636,1.0,-0.02772555188655379,0.1852295930184982,0.2032121165055012,0.018603543848998122,-0.02772555188655379,0.8917112350301939,-0.024878406831010613,0.8804363249032694,0.790344679293604,low_volatility,1
2024-12-03,0.06886903057722647,0.11639110913939214,0.39052762543777075,13.300000190734863,14.924000072479249,0.8911819971953003,0.011252582030679026,0.009018830138429967,0.03989918551630578,0.026511752150472745,0.059811778980062735,1.0,-0.028646603485626754,0.18739724198775648,0.20905743757104758,0.018366740142764404,-0.028646603485626754,0.8911819971953003,-0.013387433365833035,0.8799294151646213,0.7885089434368897,low_volatility,1
2024-12-04,0.06640330925651075,0.12017885827548225,0.37032770280260824,13.449999809265137,14.88100004196167,0.9038370923552599,0.024117150677690935,0.028642278823870715,0.0450225331868257,0.03231932762180789,0.13201197522755748,1.0,-0.020905382509134762,0.31583829226768173,0.1887334313796622,0.018070179719869725,-0.020905382509134762,0.9038370923552599,-0.012703205565017806,0.879719941677569,0.7801206691347722,low_volatility,1
2024-12-05,0.042792238380819865,0.07692303277812358,0.355863347862209,13.539999961853027,14.7510000705719,0.917903863946499,0.03569770890282653,0.050828655425647185,0.04992323308335278,0.026501561221998093,0.060698416816304945,1.0,-0.01422552418052625,0.3027484022715421,0.24895006266945055,0.016854340092892953,-0.01422552418052625,0.917903863946499,-0.023421671861354687,0.8822061550436725,0.6728706973082392,low_volatility,1
2024-12-06,0.04228493522804131,0.07958960648572903,0.37083056670573744,12.770000457763672,14.582500123977661,0.8757072072138207,0.037661121607064585,0.06023330493519863,0.05148272077328597,0.02688195066907384,0.1033833024845392,1.0,-0.013821599166221388,0.29437105699165417,0.2467756658783438,0.01738810534762736,-0.013821599166221388,0.8757072072138207,-0.024600770104212133,0.8380460856067561,0.6627102670422299,low_volatility,1
2024-12-07,0.04228493522804131,0.07958960648572903,0.3681924268013969,12.770000457763672,14.414000177383423,0.8859442417518975,0.037661121607064585,0.06023330493519863,0.05148272077328597,0.02688195066907384,0.11216415894271692,1.0,-0.013821599166221388,0.29437105699165417,0.2467756658783438,0.01720681345257254,-0.013821599166221388,0.8859442417518975,-0.024600770104212133,0.8482831201448329,0.6643159755039332,low_volatility,1
2024-12-08,0.04190089413277845,0.07876690785033873,0.3691075886017428,12.770000457763672,14.273500204086304,0.8946649578011565,0.0334269959647604,0.052917964402362516,0.049618768942713,0.0077149638666247355,0.11810319343665587,1.0,-0.0161917729779526,0.3131527707558307,0.18212407562227587,0.01706948782134245,-0.0161917729779526,0.8946649578011565,-0.04190380507608826,0.8612379618363961,0.6639863547836744,low_volatility,1
2024-12-09,0.0475799915771778,0.08513008435635656,0.3955308155477625,14.1899995803833,14.165500164031982,1.0017295129764303,0.02436059426146464,0.037580038011697514,0.03467013525519014,0.008674206003500995,0.05510852152769807,1.0,-0.010309540993725497,0.4179315691356727,-0.0035679720086027053,0.018536526468167995,-0.010309540993725497,1.0017295129764303,-0.025995929251689143,0.9773689187149657,0.7397384589297431,low_volatility,1
2024-12-10,0.049931678340171204,0.08678195588031366,0.39089889795618843,14.18000030517578,14.016500186920165,1.0116648318820833,0.02082987661010538,0.03464038610457343,0.033105169322472205,0.01622925885024773,0.0247609717397812,1.0,-0.012275292712366825,0.4463812144364802,-0.09296148875958198,0.018621229451586292,-0.012275292712366825,1.0116648318820833,-0.016875910472224476,0.990834955271978,0.7528038081517916,low_volatility,1
2024-12-11,0.053244576438454184,0.1040312497132321,0.3944042975097454,13.579999923706056,13.8520001411438,0.9803638308788465,0.023228633550200994,0.04938798401582112,0.024130994430518138,0.01743291570549177,0.02708808785745931,1.0,-0.0009023608803171435,0.2748083300644772,-0.04305897916715983,0.018144622426172104,-0.0009023608803171435,0.9803638308788465,-0.0066980787250263685,0.9571351973286455,0.7502794327465481,low_volatility,1
2024-12-12,0.05715947779051334,0.10871013155841686,0.3967406613883553,13.920000076293944,13.786000156402588,1.0097199998818456,0.014810749848853444,0.040945784469035074,0.011130548621528069,-0.010246548175303238,0.010559198011379944,0.8,0.003680201227325375,0.3775943341916816,0.05966932068550652,0.01827383903017421,0.003680201227325375,1.0097199998818456,-0.021377096796831307,0.9949092500329921,0.7790922805115476,low_volatility,1
2024-12-13,0.057197966147009956,0.11019891214086447,0.3962365152694009,13.8100004196167,13.714500188827515,1.0069634495952673,0.0146092905994899,0.048913519436086794,0.0008062741014662755,-0.022214229639404337,0.037656769705897375,0.8,0.013803016498023624,0.3788642207976783,0.07422940085064166,0.01826752911434098,0.013803016498023624,1.0069634495952673,-0.023020503740870613,0.9923541589957774,0.7791463854412382,low_volatility,1
2024-12-14,0.057197966147009956,0.11019891214086447,0.39637653814056717,13.8100004196167,13.643000221252441,1.0122407238624913,0.0146092905994899,0.048913519436086794,0.0008062741014662755,-0.022214229639404337,0.034272191684702635,0.8,0.013803016498023624,0.3788642207976783,0.07422940085064166,0.018278259882731896,0.013803016498023624,1.0122407238624913,-0.023020503740870613,0.9976314332630014,0.7824543689200429,low_volatility,1
2024-12-15,0.056366723647953705,0.11049984390182953,0.3557656162689705,13.8100004196167,13.60350022315979,1.015179931125766,0.01117942700120822,0.04725717479975189,-0.024448560890368287,0.007464523220412689,0.12025910007926432,0.8,0.03562798789157651,0.36011088789555024,0.27088127592430805,0.017654858635644106,0.03562798789157651,1.015179931125766,0.031913084110780976,1.0040005041245579,0.7751295548819099,low_volatility,1
2024-12-16,0.05541667813354132,0.11817363066705183,0.35110228815101396,14.6899995803833,13.63300018310547,1.0775324127544357,0.01022228851332807,0.05666479457605478,-0.017713712534825454,0.00794405416264099,0.15268086679251902,0.8,0.027936001048153525,0.43034347078329904,0.2759695416662427,0.017478847060917235,0.027936001048153525,1.0775324127544357,0.025657766697466444,1.0673101242411076,0.7932073459035669,low_volatility,1
2024-12-17,0.05646660014590669,0.11461084105352076,0.32488373551878774,15.869999885559082,13.721500158309937,1.156579069523093,0.009117704091123668,0.06036013522953376,-0.022099083087643412,0.0018481126045839513,0.10606296207406474,0.8,0.03121678717876708,0.4650020398409059,0.3226049204518126,0.015552879655142016,0.03121678717876708,1.156579069523093,0.023947195692227363,1.1474613654319694,0.8088051375419745,low_volatility,1
2024-12-18,0.12142486328986851,0.17990834982212608,0.3934563183319993,27.6200008392334,14.39750018119812,1.918388643280082,-0.020957511961662956,0.02210577355353749,-0.03432685871781538,-0.017372421417300776,0.04588559364809908,0.4,0.013369346756152423,0.5334311832169764,0.5873031567469447,0.019592302382884015,0.013369346756152423,1.918388643280082,0.016954437300514602,1.939346155241745,1.4218802157901633,high_volatility,2
2024-12-19,0.11843590606293226,0.17859340953155523,0.4004602789482549,24.09000015258789,14.926500177383422,1.613908140977948,-0.027300650407795057,0.008690666580734474,-0.058664562214135185,-0.02439020450219742,0.0003019621124522587,0.4,0.03136391180634013,0.4364559437527294,0.5623412700176577,0.02019159105246819,0.03136391180634013,1.613908140977948,0.034274357711937764,1.6412087913857432,1.320997363651943,high_volatility,2
2024-12-20,0.12758091079215975,0.18094795390359178,0.3985100525340848,18.36000061035156,15.16900019645691,1.210363265381194,-0.015617561577571215,0.0174992483959846,-0.05330424277988188,-0.014210636778435481,0.013549899521922093,0.4,0.03768668120231067,0.492268808209496,0.6110733554454452,0.020200170040169534,0.03768668120231067,1.210363265381194,0.0390936060014464,1.2259808269587653,1.2164679057249623,high_volatility,2
2024-12-21,0.12758091079215975,0.18094795390359178,0.3980579408140977,18.36000061035156,15.411500215530396,1.191318194438327,-0.015617561577571215,0.0174992483959846,-0.05330424277988188,-0.014210636778435481,-0.0005660219921388432,0.2,0.03768668120231067,0.492268808209496,0.6110733554454452,0.020412355252330833,0.03768668120231067,1.191318194438327,0.0390936060014464,1.2069357560158984,1.212301979161382,high_volatility,2
2024-12-22,0.12726435037717287,0.17708722124970372,0.4024528691655899,18.36000061035156,15.662500238418579,1.1722266771505787,-0.017378875416964257,0.00654013108677276,-0.05557350808564465,-0.005504421313063279,-0.007931620203770584,0.2,0.038194632668680395,0.4880218476390309,0.6460776313337828,0.02041503014527289,0.038194632668680395,1.1722266771505787,0.05006908677258137,1.189605552567543,1.2061453480146582,high_volatility,2
2024-12-23,0.12950905829196266,0.17998946790331458,0.40269305512854137,16.780000686645508,15.836500263214111,1.0595775839200414,-0.011952862195334979,0.013239648553527328,-0.056091252950833836,-0.012175566970403673,-0.013707210538955183,0.2,0.04413839075549886,0.4449201626043785,0.6071789111092574,0.02085955372836204,0.04413839075549886,1.0595775839200414,0.043915685980430164,1.0715304461153763,1.1769453948889383,normal_volatility,1
2024-12-24,0.1340069484648627,0.18106333538758038,0.4179904804360171,14.270000457763672,15.877500295639038,0.8987561134974825,-0.007135944788804416,0.014437574541090292,-0.062177242794904664,-0.01320143765770887,-0.0009359003199715943,0.2,0.05504129800610025,0.45835260859791666,0.5926528503005557,0.02057913261280803,0.05504129800610025,0.8987561134974825,0.048975805137195794,0.9058920582862869,1.1280758914787876,normal_volatility,1
2024-12-25,0.13391892905365974,0.18060918929057304,0.40996090502397153,14.270000457763672,15.914000320434571,0.8966947449058487,-0.005499292387784349,0.017256704203881146,-0.06406797083016458,-0.005846982481168661,0.028010404742745854,0.4,0.05856867844238023,0.4716565173536268,0.5971685974710388,0.020444573110112663,0.05856867844238023,0.8966947449058487,0.05822098834899592,0.902194037293633,1.1222364791386499,normal_volatility,1
2024-12-26,0.1336889600682641,0.1781472378955722,0.4108096016098646,14.729999542236328,16.012000274658202,0.919935004344781,-0.007314801942954308,0.007548159759935835,-0.06598784833000981,0.0004939715064171679,-0.041284687366568984,0.4,0.058673046387055505,0.46785670162835996,0.5883546259953121,0.020107815012508707,0.058673046387055505,0.919935004344781,0.06648181983642698,0.9272498062877353,1.1243881894499728,normal_volatility,1
2024-12-27,0.13847742155161344,0.18470736664502338,0.41425481416280846,15.949999809265137,16.171000242233276,0.9863335335070393,-0.017764519004317636,-0.0058451350623385245,-0.07364539261365499,-0.006379926203859965,-0.057628946316422125,0.0,0.055880873609337356,0.49073684763690784,0.6063998731805849,0.02034104785379723,0.055880873609337356,0.9863335335070393,0.06726546640979503,1.004098052511357,1.1703503473751395,normal_volatility,1
2024-12-28,0.13847742155161344,0.18470736664502338,0.4130738659290731,15.949999809265137,16.33000020980835,0.9767299206576266,-0.017764519004317636,-0.0058451350623385245,-0.07364539261365499,-0.006379926203859965,-0.05997950334189672,0.0,0.055880873609337356,0.49073684763690784,0.6063998731805849,0.020463012847545366,0.055880873609337356,0.9767299206576266,0.06726546640979503,0.9944944396619443,1.164568827361835,normal_volatility,1
2024-12-29,0.13756473144645767,0.18253590249223925,0.39628221150319876,15.949999809265137,16.41800022125244,0.9714946762285034,-0.01268008951304167,0.001957703568843172,-0.06502785840346548,-0.016139577372091485,-0.040053200173068126,0.2,0.05234776889042381,0.4786143368173845,0.6720071628654588,0.019328390616832,0.05234776889042381,0.9714946762285034,0.04888828103137399,0.984174765741545,1.1436542830294936,normal_volatility,1
2024-12-30,0.14263518186427315,0.1883849247155824,0.3966738000453827,17.399999618530273,16.579000186920165,1.0495204428707243,-0.02090297030600985,-0.007988052192011041,-0.05305845558647926,-0.032020562260513086,-0.04170882677257304,0.0,0.03215548528046941,0.3231793533606759,0.7520093251748188,0.019437983900875658,0.03215548528046941,1.0495204428707243,0.021037893325966173,1.070423413176734,1.198725014177085,normal_volatility,2
2024-12-31,0.13905131182528607,0.1774814922497098,0.35607849177957557,17.350000381469727,16.76750020980835,1.034739833867462,-0.031948549145131344,-0.03371377688616761,-0.04913791099285014,-0.03518489637722333,-0.07654043799345,0.0,0.017189361847718798,0.4017646702214703,0.695258811780952,0.017781586574481402,0.017189361847718798,1.034739833867462,0.013953014615626813,1.0666883830125933,1.1645569006101237,normal_volatility,2
2025-01-01,0.138499816673971,0.1766427621286967,0.35842625335063955,17.350000381469727,16.93900022506714,1.0242635427676758,-0.02693454022488062,-0.027437123453501022,-0.03744510808651347,-0.020826568755691666,-0.05620825232649962,0.0,0.010510567861632847,0.39593787388319907,0.7269718180477821,0.01774512449719199,0.010510567861632847,1.0242635427676758,0.016618539330821802,1.0511980829925565,1.1598852611675161,normal_volatility,2
2025-01-02,0.1384876182111293,0.17342403830507894,0.36825431780254086,17.93000030517578,17.145000219345093,1.0457859478441391,-0.02913266871607234,-0.03671279772845182,-0.024842957251823283,0.004625669957299294,-0.04506619613707319,0.2,-0.0042897114642490575,0.41788082807162624,0.7006106549690727,0.018093469631125306,-0.0042897114642490575,1.0457859478441391,0.029468627209122578,1.0749186165602116,1.1749061172700257,normal_volatility,2
2025-01-03,0.14705932783741632,0.1850315115162812,0.37190889810073646,16.1299991607666,17.261000156402588,0.9344765085807345,-0.016993559755091314,-0.020948343059803975,-0.027960800804309627,-0.0032747464691756933,-0.03221311462775922,0.0,0.010967241049218313,0.3671798583997173,0.5483237575054201,0.018975509912175344,0.010967241049218313,0.9344765085807345,0.024686054335133933,0.9514700683358258,1.1669906104068217,normal_volatility,2
2025-01-04,0.14705932783741632,0.1850315115162812,0.35466172089258985,16.1299991607666,17.377000093460083,0.9282384228585695,-0.016993559755091314,-0.020948343059803975,-0.027960800804309627,-0.0032747464691756933,-0.058126026714290346,0.0,0.010967241049218313,0.3671798583997173,0.5483237575054201,0.01864162035789141,0.010967241049218313,0.9282384228585695,0.024686054335133933,0.9452319826136608,1.1603377217483133,normal_volatility,2
2025-01-05,0.14587717449122095,0.17598131258716165,0.3475949947073519,16.1299991607666,17.449000072479247,0.9244082236097306,-0.021173234597055668,-0.034847097475573685,-0.030863013008559204,-0.005676246986002775,-0.07276033458779685,0.0,0.009689778411503536,0.3538535439395072,0.543727737014425,0.018336363657214926,0.009689778411503536,0.9244082236097306,0.02518676602255643,0.9455814582067863,1.1519403475191012,normal_volatility,2
2025-01-06,0.14730936274599526,0.181710669137375,0.3779101814302418,16.040000915527344,17.45750012397766,0.9188028527347166,-0.01146171310154176,-0.01943655719745785,-0.03753470899089839,-0.0030745264921449023,-0.038274850200541,0.0,0.02607299588935663,0.34906356581345155,0.526449219416935,0.01889294145878238,0.02607299588935663,0.9188028527347166,0.03446018249875349,0.9302645658362584,1.1592275697933587,normal_volatility,1
2025-01-07,0.10793246865673617,0.14213762910477612,0.3648703821747812,17.81999969482422,16.967500066757204,1.0502430897134478,0.007387483200872458,-0.0008893381506410725,-0.03633926297158263,0.02215164746903109,-0.031175409402203758,0.4,0.04372674617245509,0.200837137323633,-0.008493340111861631,0.01787796984294133,0.04372674617245509,1.0502430897134478,0.05849091044061372,1.0428556065125754,1.0462728608058933,normal_volatility,1
2025-01-08,0.10796348755826965,0.1411631747888328,0.3601191745303442,17.700000762939453,16.64800009727478,1.0631908132819436,0.009169135235151282,0.003755315283817895,-0.020270930572601653,0.02612685453827357,-0.025104172326246288,0.6,0.029440065807752935,0.22653432420179573,-0.0020675806845842862,0.01723432538662332,0.029440065807752935,1.0631908132819436,0.04639778511087522,1.0540216780467924,1.0379461541060577,normal_volatility,1
2025-01-09,0.098992323841359,0.13753962461515215,0.37123725814104974,17.700000762939453,16.615000104904176,1.0653024767490085,-0.0028081331429471446,-0.004934284075697959,-0.02581828908889572,0.015530749326905458,-0.0539291134752935,0.2,0.023010155945948574,0.11063884216497884,-0.19198467729363178,0.01733377806811609,0.023010155945948574,1.0653024767490085,0.041349038415801176,1.0681106098919555,1.0058882823103301,normal_volatility,1
2025-01-10,0.11263673253563289,0.1480789893469467,0.3826651573656746,19.540000915527344,16.674000120162965,1.171884417338985,-0.018032741896018334,-0.02053790920105969,-0.03227290715349207,0.02523750704797223,-0.025953001121355013,0.2,0.014240165257473736,0.21342022770546912,-0.33238116783409266,0.017661348991539795,0.014240165257473736,1.171884417338985,0.0575104142014643,1.1899171592350033,1.108661175286536,normal_volatility,2
2025-01-11,0.11263673253563289,0.1480789893469467,0.37475307185727574,19.540000915527344,16.733000135421754,1.167752390927405,-0.018032741896018334,-0.02053790920105969,-0.03227290715349207,0.02523750704797223,-0.005660523671549678,0.2,0.014240165257473736,0.21342022770546912,-0.33238116783409266,0.01747156767586918,0.014240165257473736,1.167752390927405,0.0575104142014643,1.1857851328234235,1.1061641565893787,normal_volatility,2
2025-01-12,0.10975881183558098,0.1426472808041057,0.37441302041520325,19.540000915527344,16.871000146865846,1.1582005065157517,-0.023877974373602173,-0.029988229406748057,-0.02331427003771991,0.03008798056936124,-0.0020890541532770923,0.2,-0.0005637043358822647,0.3338234912371735,-0.29157698956091543,0.01692330198803116,-0.0005637043358822647,1.1582005065157517,0.05340225060708115,1.1820784808893539,1.088852373373913,normal_volatility,2
2025-01-13,0.10039418791222711,0.13114927493273434,0.34007912511167515,19.190000534057617,17.117000150680543,1.1211076920680318,-0.03311158437419004,-0.046041438900216725,-0.0277683765714678,0.01780982027947653,-0.04215377964837608,0.2,-0.0053432078027222385,0.24878021408622025,-0.3480757905944878,0.01620913897954992,-0.0053432078027222385,1.1211076920680318,0.04557819685094433,1.1542192764422219,1.036988850661563,normal_volatility,2
2025-01-14,0.10081446850945808,0.1309695565328124,0.34898201037196663,18.709999084472656,17.339000082015993,1.0790702460333144,-0.0317811112148898,-0.046947134694679815,-0.029361555054123745,0.02315273476377322,-0.027846634897673916,0.2,-0.0024195561607660565,0.2426544723325607,-0.32157852209473575,0.016584098981514146,-0.0024195561607660565,1.0790702460333144,0.052514289817896964,1.1108513572482042,1.0327984535416226,normal_volatility,1
2025-01-15,0.1228844904529016,0.15900723862948643,0.35529224370904783,16.1200008392334,17.408500146865844,0.925984473288216,-0.014235009930001374,-0.02435797367526804,-0.012070254699117156,0.02390256873956509,0.04915654487349608,0.4,-0.002164755230884219,0.5460347285681866,-0.12803130174595645,0.018099572937036523,-0.002164755230884219,0.925984473288216,0.035972823438682244,0.9402194832182174,1.0726499092348734,normal_volatility,1
2025-01-16,0.11742191226981868,0.15414937459462788,0.34984430092896257,16.600000381469727,17.441000175476074,0.9517803001235626,-0.005663710036028835,-0.018141519899516845,-0.0006889064883959239,0.038111070586755114,0.059385708342964305,0.4,-0.004974803547632911,0.48842816053198546,-0.2547576271002013,0.018210098405684917,-0.004974803547632911,0.9517803001235626,0.03879997707515104,0.9574440101595915,1.0667983272770563,normal_volatility,1
2025-01-17,0.12299066293830518,0.16655705114197775,0.38274266098177895,15.970000267028809,17.44200019836426,0.9156060133817968,0.004319380213791968,-0.0015691678614675464,0.0010332204470120399,0.03260153510754127,0.09770623602380857,0.8,0.003286159766779928,0.4855765858017991,-0.31647744217959134,0.019397636081938206,0.003286159766779928,0.9156060133817968,0.03156831466052923,0.9112866331680048,1.087465012174415,normal_volatility,1
2025-01-18,0.12299066293830518,0.16655705114197775,0.3744561732476905,15.970000267028809,17.44300022125244,0.9155535208656973,0.004319380213791968,-0.0015691678614675464,0.0010332204470120399,0.03260153510754127,0.1163029765861956,0.8,0.003286159766779928,0.4855765858017991,-0.31647744217959134,0.019669158166828744,0.003286159766779928,0.9155535208656973,0.03156831466052923,0.9112341406519053,1.0927355583302019,normal_volatility,1
2025-01-19,0.11506210738989928,0.15901933648235778,0.39435060181116743,15.970000267028809,17.371500253677368,0.9193218797350634,0.015912578140198086,0.01188891544053261,-0.006947537392261394,0.03590574414797576,0.09117126179055046,0.8,0.02286011553245948,0.6811825895348169,-0.41617633772666357,0.01988136171745713,0.02286011553245948,0.9193218797350634,0.042853281540237154,0.9034093015948653,1.064653095089151,normal_volatility,1
2025-01-20,0.11391392801772961,0.15536505649845977,0.39444629604541087,15.970000267028809,17.302500247955322,0.922988009719348,0.019621799562473896,0.020558360021683875,-0.0016031224491043217,0.02948828829828032,0.09191409805787099,0.8,0.021224922011578218,0.6722884329170954,-0.3977865383913014,0.019888100096235442,0.021224922011578218,0.922988009719348,0.03109141074738464,0.9033662101568741,1.0615924335494693,normal_volatility,1
2025-01-21,0.11743141102665361,0.15622505261129002,0.41414176840887856,15.0600004196167,17.18800024986267,0.8761927042523184,0.028954888064850026,0.026543775302670936,0.007328334851252283,0.045430139917288725,0.1241954870906008,1.0,0.021626553213597743,0.6967194076873147,-0.2226909787181091,0.020299560241418844,0.021626553213597743,0.8761927042523184,0.03810180506603644,0.8472378161874684,1.0579148969915089,normal_volatility,1
2025-01-22,0.1173640053220482,0.16077664975943867,0.41987451718808777,15.100000381469728,17.04650025367737,0.885812346039315,0.03728789217454587,0.04170657551088386,-0.0006850244348779455,0.03671255225351899,0.0698360362278172,0.8,0.03797291660942381,0.6707941033697867,-0.1708963505161358,0.02041062013152589,0.03797291660942381,0.885812346039315,0.03739757668839694,0.8485244538647692,1.060568850199736,normal_volatility,1
2025-01-23,0.11140138776664603,0.15170125818604835,0.4185611817217642,15.020000457763672,16.99100031852722,0.8839974207631353,0.030070089097800068,0.027112376237682367,-0.00526984221698068,0.04345148298644097,0.05965646237132738,0.8,0.03533993131478075,0.6859398358752417,-0.06629783764467723,0.01993788155965165,0.03533993131478075,0.8839974207631353,0.04872132520342165,0.8539273316653352,1.031017395173007,normal_volatility,1
2025-01-24,0.11240220469165664,0.15369701274517883,0.4188661122101672,14.850000381469728,16.92700037956238,0.8772966295552036,0.027063027885845692,0.021308088917820545,-0.00080174317292947,0.04994040054618054,0.06701456318979826,0.8,0.027864771058775162,0.6447406783922823,-0.09212195530441798,0.019931612692779148,0.027864771058775162,0.8772966295552036,0.05074214371911001,0.8502336016693579,1.0313090394951867,normal_volatility,1
2025-01-25,0.11240220469165664,0.15369701274517883,0.4190733098315548,14.850000381469728,16.863000440597535,0.8806262227046188,0.027063027885845692,0.021308088917820545,-0.00080174317292947,0.04994040054618054,0.06509372977392891,0.8,0.027864771058775162,0.6447406783922823,-0.09212195530441798,0.019941408898943913,0.027864771058775162,0.8806262227046188,0.05074214371911001,0.8535631948187731,1.0282315628015737,normal_volatility,1
2025-01-26,0.11126513801999655,0.1487225639312684,0.40536079985814566,14.850000381469728,16.803500413894653,0.8837444589337116,0.021180561297511113,0.00970370951518329,0.0036824373815325107,0.051235623709820155,0.0059210951787445065,1.0,0.017498123915978603,0.6875571614171412,-0.06683033069429344,0.01962685002301486,0.017498123915978603,0.8837444589337116,0.047553186328287644,0.8625638976362004,1.0173045381094656,normal_volatility,1
2025-01-27,0.1158208511500471,0.17091038216272347,0.35901218240421745,17.899999618530273,16.807500410079957,1.0650006950346473,0.018245749569702596,-0.0018826733604045964,0.027118396451888627,0.03447010148317742,0.05328972684902089,0.8,-0.00887264688218603,0.28324222190282616,0.2126860140878381,0.01815472499290255,-0.00887264688218603,1.0650006950346473,0.007351705031288791,1.0467549454649447,1.0910212242555102,normal_volatility,1
2025-01-28,0.11897802572428504,0.17883176753995286,0.35161221650384383,16.40999984741211,16.74300036430359,0.9801110607629535,0.025496677924597977,0.0126923261230234,0.025107589652402895,0.037907720012578805,0.06616919172967717,1.0,0.0003890882721950817,0.25710592019843137,0.2576066438712692,0.0183484139758694,0.0003890882721950817,0.9801110607629535,0.01280013036017591,0.9546143828383555,1.0638921274099375,normal_volatility,1
2025-01-29,0.1206729103819283,0.1790521497510811,0.3391183357821866,16.559999465942383,16.686000299453735,0.9924487096218333,0.02089945875585597,0.010790551347799715,0.02301554121329774,0.03392172910268609,0.12130927659223634,1.0,-0.0021160824574417703,0.2716260355000907,0.281183651494582,0.0180396462956672,-0.0021160824574417703,0.9924487096218333,0.010906187889388352,0.9715492508659773,1.0663313962923562,normal_volatility,1
2025-01-30,0.10482679974920689,0.16869950003898207,0.33282977088428445,15.84000015258789,16.501000261306764,0.9599418157535059,0.042291878561093066,0.031270277124025414,0.033700009066418124,0.03964377266402863,0.10595245618096216,1.0,0.008591869494674942,0.1486121597378752,0.5096471598649845,0.017867028116147057,0.008591869494674942,0.9599418157535059,0.005943763597610507,0.9176499371924128,0.9827934771315717,normal_volatility,1
2025-01-31,0.10789397968841592,0.16896034007429772,0.3463083984587787,16.43000030517578,16.345500230789185,1.0051696230273472,0.03674496026829499,0.029771631899308426,0.026913255576651585,0.04169852368868354,0.08288793512243853,1.0,0.009831704691643406,0.21043313469461622,0.49217802686654843,0.018173204598994044,0.009831704691643406,1.0051696230273472,0.014785268112031957,0.9684246627590523,1.0086017891186416,normal_volatility,1
2025-02-01,0.10789397968841592,0.16896034007429772,0.3541627177943791,16.43000030517578,16.190000200271605,1.0148239717069398,0.03674496026829499,0.029771631899308426,0.026913255576651585,0.04169852368868354,0.06527220592466665,1.0,0.009831704691643406,0.21043313469461622,0.49217802686654843,0.018850195291977213,0.009831704691643406,1.0148239717069398,0.014785268112031957,0.9780790114386448,1.0119650736604922,normal_volatility,1
2025-02-02,0.10808703583306509,0.16814876455286548,0.37289593766725576,16.43000030517578,16.052000188827513,1.0235484744518857,0.035140037212611386,0.033091867804077024,0.02727384526596599,0.0521689256077853,0.03356506364834533,1.0,0.007866191946645396,0.21286016315553452,0.5372997738226178,0.019946659647033363,0.007866191946645396,1.0235484744518857,0.02489508034181931,0.9884084372392743,1.0202041431475564,normal_volatility,1
2025-02-03,0.11221027907165555,0.17144491689716257,0.3888089641742638,18.6200008392334,16.04750027656555,1.1603053758113664,0.02676094237418658,0.025797919399059177,0.03733810076157984,0.05226087408778035,0.050462765808501286,1.0,-0.01057715838739326,0.13308550266098526,0.49105544956888236,0.02015143324418836,-0.01057715838739326,1.1603053758113664,0.014922773326200511,1.1335444334371798,1.0839377177066587,normal_volatility,1
2025-02-04,0.09550808870165764,0.1570796144202401,0.3828162811941783,17.209999084472656,16.102000188827514,1.068811258393472,0.015182744894203015,0.015037526057120276,0.022885186918749856,0.054725148063222706,-0.026194569194862627,0.8,-0.007702442024546841,-0.27347867520064756,0.5090519696811697,0.018816468217279534,-0.007702442024546841,1.068811258393472,0.03183996114447285,1.053628513499269,0.9684676491895807,normal_volatility,1
2025-02-05,0.09562858090128876,0.1548057449698174,0.3844867920101198,15.770000457763672,16.060500192642213,0.9819121614274736,0.021262765147451734,0.026837790795706473,0.036428404037903706,0.05399041679874528,-0.03149116242265182,0.8,-0.015165638890451971,-0.14714949754652637,0.5415445049957927,0.018774393204759703,-0.015165638890451971,0.9819121614274736,0.017562012760841572,0.9606493962800219,0.9292890461805932,normal_volatility,1
2025-02-06,0.09014334314050117,0.14450406473793515,0.3393723568381718,15.5,16.03700017929077,0.9665149234091659,0.014625591469268562,0.015064847856408825,0.03418491836271276,0.056805825653386544,-0.07532633153745072,0.8,-0.019559326893444196,-0.16387821513431494,0.6754624618819058,0.01724029474597918,-0.019559326893444196,0.9665149234091659,0.022620907290673786,0.9518893319398973,0.8830080183869282,low_volatility,1
2025-02-07,0.09675546120150637,0.15214977247346056,0.33935438418619607,16.540000915527344,16.065500211715698,1.02953538312275,0.005338131576234195,0.002261504831921002,0.02750889394499345,0.05869133619475675,-0.07546336553695221,0.8,-0.022170762368759256,-0.040493761832695575,0.6441279214343086,0.017222852874261566,-0.022170762368759256,1.02953538312275,0.031182442249763298,1.0241972515465159,0.9285082186176322,normal_volatility,1
2025-02-08,0.09675546120150637,0.15214977247346056,0.32278117705508136,16.540000915527344,16.094000244140624,1.027712232174788,0.005338131576234195,0.002261504831921002,0.02750889394499345,0.05869133619475675,-0.04557497331807259,0.8,-0.022170762368759256,-0.04049376183269558,0.6441279214343087,0.01692722687555624,-0.022170762368759256,1.027712232174788,0.031182442249763298,1.0223741005985538,0.9222753338182088,normal_volatility,1
2025-02-09,0.09675546120150637,0.15214977247346056,0.32017236476930616,16.540000915527344,16.122500276565553,1.025895526859977,0.005338131576234195,0.002261504831921002,0.02750889394499345,0.05869133619475675,-0.05407518823709334,0.8,-0.022170762368759256,-0.04049376183269558,0.6441279214343087,0.01669357299865488,-0.022170762368759256,1.025895526859977,0.031182442249763298,1.0205573952837428,0.9166260634045025,normal_volatility,1
2025-02-10,0.09421327173823522,0.15679625094026112,0.2815901332692014,15.8100004196167,16.16000027656555,0.9783415933812573,0.002984774865585571,0.008479474054916114,0.015318374225082865,0.060206178407930855,-0.08204444015267254,0.8,-0.012333599359497294,-0.18528326417935373,0.617226072840592,0.016090962738134387,-0.012333599359497294,0.9783415933812573,0.04488780418284799,0.9753568185156717,0.8815346847466414,low_volatility,1
2025-02-11,0.09203466894340197,0.15009377914489724,0.2767902133321286,16.020000457763672,16.20600028038025,0.9885227804887948,-0.0018634158076064056,-0.006622594617656907,0.014118477987019151,0.05093747728543607,-0.07627020213839841,0.4,-0.015981893794625557,-0.1457561377495144,0.5933927499397774,0.01585085049769643,-0.015981893794625557,0.9885227804887948,0.03681899929841692,0.9903861962964012,0.8741726202233271,low_volatility,1
2025-02-12,0.09025057098934511,0.14986452940906544,0.29124466942590577,15.890000343322754,16.249500274658203,0.9778762469455073,-0.010479627048925244,-0.00814813157677452,0.008191241742508293,0.05352857760247409,-0.0584292271784973,0.4,-0.018670868791433537,-0.012332866518863445,0.6490645793626193,0.016513822366388244,-0.018670868791433537,0.9778762469455073,0.0453373358599658,0.9883558739944326,0.8699037806005959,low_volatility,1
2025-02-13,0.09784046428672528,0.15719141022956462,0.2902199784439011,15.100000381469728,16.262000274658202,0.9285450821816016,0.002894928477219061,0.01183849930863512,0.020366688674416267,0.05734404072798571,-0.078187917412182,0.8,-0.017471760197197206,0.19474385962069704,0.6952007596888996,0.016763680904083984,-0.017471760197197206,0.9285450821816016,0.036977352053569446,0.9256501537043825,0.8779471141661368,low_volatility,1
2025-02-14,0.09784170338303869,0.15767200792589883,0.293787345824038,14.770000457763672,16.2580002784729,0.908475839880537,0.0028456340294646942,0.016086655852699305,0.02577466042536769,0.041619459817964,-0.06881252809439342,0.8,-0.022929026395902996,0.19215111663422815,0.6025048255773436,0.016959771907974448,-0.022929026395902996,0.908475839880537,0.01584479939259631,0.9056302058510723,0.8702142295801826,low_volatility,1
2025-02-15,0.09784170338303869,0.15767200792589883,0.287868310378655,14.770000457763672,16.2540002822876,0.9086994094530022,0.0028456340294646942,0.016086655852699305,0.02577466042536769,0.041619459817964,-0.04968858800185039,0.8,-0.022929026395902996,0.19215111663422815,0.6025048255773436,0.01682043513335349,-0.022929026395902996,0.9086994094530022,0.01584479939259631,0.9058537754235375,0.8668987321961218,low_volatility,1
2025-02-16,0.08201417597334694,0.1113677532964974,0.29082520145191604,14.770000457763672,16.097500324249268,0.9175337884922512,0.01723489931776534,0.046556693642308966,0.0138025904945549,0.052571258796692444,-0.05791742760359808,0.8,0.0034323088232104393,0.46770324898636634,0.5112599924090336,0.01587307340768599,0.0034323088232104393,0.9175337884922512,0.03876866830213754,0.9002988891744859,0.8091462372852153,low_volatility,1
2025-02-17,0.07678446416579672,0.10130593932763604,0.29037704731628217,14.770000457763672,16.015500354766846,0.9222315963027365,0.008568823356005062,0.03131417381615309,0.01449237349448751,0.04353795825700346,-0.05485994163550567,0.8,-0.005923550138482447,0.5175806182959689,0.4813110163205816,0.015765453792888157,-0.005923550138482447,0.9222315963027365,0.029045584762515952,0.9136627729467315,0.7955793350925223,low_volatility,1
2025-02-18,0.07497310083873159,0.10050435639138314,0.27363046036774624,15.350000381469728,15.955000400543213,0.962080852153856,0.016084772737468223,0.035596910582758934,0.004594110620728786,0.06490958086891174,-0.07872142037549912,0.8,0.011490662116739436,0.4349133020568373,0.45631343954047765,0.015482981273119976,0.011490662116739436,0.962080852153856,0.060315470248182956,0.9459960794163877,0.8041751125620198,low_volatility,1
2025-02-19,0.07328758864050927,0.10018816763054808,0.27470579980030496,15.270000457763672,15.926500415802002,0.9587793965467165,0.013040526828195897,0.031488299630175964,0.0020910856396616495,0.0496028634607657,-0.07733490952899935,0.8,0.010949441188534248,0.4252162449823436,0.4036327047029277,0.015073053631101901,0.010949441188534248,0.9587793965467165,0.04751177782110405,0.9457388697185206,0.7958895730374522,low_volatility,1
2025-02-20,0.07213754852847737,0.10178263117684894,0.27574451850931414,15.65999984741211,15.888000392913819,0.9856495128484891,0.014223451857811709,0.028604908026252485,0.012487600042909053,0.0480739201467717,-0.039754748359436376,0.8,0.0017358518149026558,0.3500160518303703,0.42006627208025366,0.015040696044270378,0.0017358518149026558,0.9856495128484891,0.035586320103862645,0.9714260609906774,0.8049509628657789,low_volatility,1
2025-02-21,0.09599429302369944,0.12874333745020253,0.2802986557564236,18.209999084472656,15.977000331878662,1.139763328923423,-0.0031239100216786664,0.007256597912150831,0.024723145959890225,0.04710702657328558,-0.04500838096621873,0.6,-0.02784705598156889,0.03655243248857548,0.3836595163363471,0.015552958828457798,-0.02784705598156889,1.139763328923423,0.022383880613395357,1.1428872389451017,0.9596721691067212,normal_volatility,1
2025-02-22,0.09599429302369944,0.12874333745020253,0.26175122526342137,18.209999084472656,16.066000270843507,1.133449444633713,-0.0031239100216786664,0.007256597912150831,0.024723145959890225,0.04710702657328558,-0.011375067987216103,0.6,-0.02784705598156889,0.03655243248857548,0.3836595163363471,0.014389275227852744,-0.02784705598156889,1.133449444633713,0.022383880613395357,1.1365733546553918,0.9479181659047469,normal_volatility,1
2025-02-23,0.09278469356905449,0.12489786915725797,0.21872349450411427,18.209999084472656,16.045500183105467,1.1348975648416508,0.003630272031118764,0.015382720405005434,0.016446914055376016,0.04154800219871202,-0.05060380308190493,0.8,-0.012816642024257252,0.09418683749247164,0.42502142889877687,0.013705645115746738,-0.012816642024257252,1.1348975648416508,0.025101088143336003,1.131267292810532,0.9300636270208,normal_volatility,1
2025-02-24,0.0908937611204459,0.12478430009535779,0.25353249143724466,18.979999542236328,16.13400020599365,1.1763976261253184,-0.007594213313379838,-0.008770565565042743,0.01628414897160635,0.03699044363839277,-0.06593980184381787,0.4,-0.023878362284986188,0.06744105165289499,0.35364624183377086,0.01611313284905501,-0.023878362284986188,1.1763976261253184,0.020706294666786418,1.1839918394386983,0.9696056109739672,normal_volatility,2
2025-02-25,0.09071997083995322,0.13046790150909296,0.2681262610703996,19.43000030517578,16.31700019836426,1.1907826235807482,-0.016516931207225416,-0.025680856870684443,0.0170205681298794,0.01699916764991194,-0.08155293816650855,0.4,-0.033537499337104815,-0.10265834259003918,0.37243162446492634,0.016327023765291535,-0.033537499337104815,1.1907826235807482,-2.1400479967459418e-05,1.2072995547879737,0.9836956882565037,normal_volatility,2
2025-02-26,0.08945970715212029,0.12898988734540145,0.3120405625206159,19.100000381469727,16.497000217437744,1.1577862720326904,-0.01942870553354137,-0.028398712178059005,0.02348358500852199,0.021258042968584467,-0.1267818144083821,0.4,-0.04291229054206336,-0.08753615252925727,0.4004668807026467,0.01746192024836292,-0.04291229054206336,1.1577862720326904,-0.0022255420399375225,1.1772149775662317,0.985457437884963,normal_volatility,2
2025-02-27,0.10032910417909224,0.1550451592517987,0.3137500970093327,21.1299991607666,16.72650012969971,1.2632648191146698,-0.026166551504637314,-0.04331446068234257,0.022852011984554554,0.0039029890228072794,-0.12250048014187431,0.4,-0.04901856348919187,-0.013843524346052724,0.5649935961514533,0.018012852585373752,-0.04901856348919187,1.2632648191146698,-0.018949022961747275,1.2894313706193072,1.0802768482352905,normal_volatility,2
2025-02-28,0.1169404135714368,0.16759577392529226,0.31313918961394316,19.6299991607666,16.88100004196167,1.1628457503685594,-0.010969183300571284,-0.02820696268561873,0.03539827482792157,-0.0023872864622331846,-0.12550930164276952,0.2,-0.046367458128492856,0.1428932382848651,0.3896372895628342,0.01853608162514824,-0.046367458128492856,1.1628457503685594,-0.03778556129015476,1.1738149336691306,1.1128566867141492,normal_volatility,2
2025-03-01,0.1169404135714368,0.16759577392529226,0.3260172963498133,19.6299991607666,17.03549995422363,1.1522995634712625,-0.010969183300571284,-0.02820696268561873,0.03539827482792157,-0.0023872864622331846,-0.10847844059736989,0.2,-0.046367458128492856,0.1428932382848651,0.3896372895628342,0.01873243087620606,-0.046367458128492856,1.1522995634712625,-0.03778556129015476,1.1632687467718337,1.115328290926617,normal_volatility,2
2025-03-02,0.11374580127942963,0.16001785322692702,0.48341882255167257,19.6299991607666,17.22649989128113,1.1395233671758218,-0.01764057557603982,-0.03982998190007858,0.03853932232237445,-0.01900363750160905,-0.03273073852508257,0.2,-0.056179897898414266,0.1793495871509974,0.32643398813290847,0.02408894243060461,-0.056179897898414266,1.1395233671758218,-0.0575429598239835,1.1571639427518616,1.1628056041415973,normal_volatility,2
2025-03-03,0.12790816636696165,0.17494057243318298,0.5693922327438378,22.780000686645508,17.56449990272522,1.2969342032397448,-0.03558515944609797,-0.0585996111258853,0.050111390137062894,-0.0024309973389139428,-0.10111767850165043,0.2,-0.08569654958316086,0.1459703595104157,0.09519684247288297,0.02839695964316071,-0.08569654958316086,1.2969342032397448,-0.05254238747597684,1.3325193626858427,1.3341910155843046,high_volatility,2
2025-03-04,0.13276059565837436,0.17443931060389273,0.5646448285158835,23.51000022888184,17.945499897003174,1.310077755638778,-0.043920932264556733,-0.06199128139334931,0.05144710308221789,0.005192901935705985,-0.10893978078741262,0.4,-0.09536803534677463,0.24324349932197903,0.02611054101729665,0.028022160640834275,-0.09536803534677463,1.310077755638778,-0.04625420114651191,1.3539986879033346,1.3600378805359272,high_volatility,2
2025-03-05,0.13300515106128483,0.17269808713637372,0.5848864300059539,21.93000030517578,18.286999893188476,1.199212579059742,-0.04374064560341073,-0.06323943710400604,0.025997490302366977,-0.002552633819089989,-0.062099612260978154,0.2,-0.06973813590577771,-0.008380774529717019,-0.050300030546560945,0.028494973331175337,-0.06973813590577771,1.199212579059742,-0.028550124121456966,1.242953224663153,1.3245238666581862,high_volatility,2
2025-03-06,0.1436264681695257,0.1904365392991591,0.5834301917318407,24.8700008392334,18.791999912261964,1.3234355553080583,-0.060669131842920665,-0.09281795115020686,0.017212654162398255,0.007360364235173611,-0.07740049232650714,0.4,-0.07788178600531892,0.035277588035339986,0.042353948827482925,0.02884689492765423,-0.07788178600531892,1.3234355553080583,-0.009852289927224644,1.384104687150979,1.429333993097113,high_volatility,2
2025-03-07,0.14657120268305168,0.19463226028407485,0.5943136813959907,23.3700008392334,19.22199993133545,1.2157944502505138,-0.05540431158717474,-0.08614695570204733,0.013949692443597117,0.007886161839081307,-0.1110641590644249,0.4,-0.06935400403077185,0.01030119681617514,0.043202198427928856,0.029172981614043345,-0.06935400403077185,1.2157944502505138,-0.00606353060451581,1.2711987618376885,1.4026905370081764,high_volatility,2
2025-03-08,0.14657120268305168,0.19463226028407485,0.5933643333929912,23.3700008392334,19.651999950408936,1.1891919854572917,-0.05540431158717474,-0.08614695570204733,0.013949692443597117,0.007886161839081307,-0.10418959442760778,0.4,-0.06935400403077185,0.01030119681617514,0.043202198427928856,0.029321457462514296,-0.06935400403077185,1.1891919854572917,-0.00606353060451581,1.2445962970444664,1.3949243621066054,high_volatility,2
2025-03-09,0.14657120268305168,0.19463226028407485,0.6299499015257407,23.3700008392334,20.08199996948242,1.1637287558384415,-0.05540431158717474,-0.08614695570204733,0.013949692443597117,0.007886161839081307,-0.1584192111048599,0.4,-0.06935400403077185,0.01030119681617514,0.043202198427928856,0.03031872492800882,-0.06935400403077185,1.1637287558384415,-0.00606353060451581,1.2191330674256162,1.3956587963233682,high_volatility,2
2025-03-10,0.16732650253873718,0.22761244468184932,0.6327009738334977,27.86000061035156,20.707499980926514,1.3454062844869321,-0.08325569088513607,-0.12355146512965565,0.03673702746586782,-0.017214641492315108,-0.17801577913334643,0.2,-0.11999271835100389,-0.07776367087094753,0.1096320098211617,0.031605021459187026,-0.11999271835100389,1.3454062844869321,-0.05395166895818293,1.4286619753720682,1.5719016888543413,high_volatility,2
2025-03-11,0.1659923313240733,0.22675813673241157,0.6693646200338758,26.920000076293945,21.289999961853027,1.2644434065067465,-0.09301235228672022,-0.12588960491540402,0.028052616826289345,-0.006239624896889784,-0.14252922423297965,0.2,-0.12106496911300957,-0.051832006155057064,0.06358909052518717,0.03226856203270751,-0.12106496911300957,1.2644434065067465,-0.03429224172317913,1.3574557587934666,1.5393912200294522,high_volatility,2
2025-03-12,0.16984583428500688,0.23543390407296008,0.6663682504590281,24.229999542236328,21.71849994659424,1.115638722831589,-0.08439020515505447,-0.11226089380339543,0.018102653794323853,-0.0024355278272033543,-0.14859140695957584,0.2,-0.10249285894937832,-0.09549762418782386,0.0918838944449363,0.032364407583773805,-0.10249285894937832,1.115638722831589,-0.020538181621527207,1.2000289279866434,1.48250766556153,high_volatility,2
2025-03-13,0.1665823884048804,0.23330475431220804,0.6699866433351815,24.65999984741211,22.040999984741212,1.1188240036515589,-0.08087477298689594,-0.10975503680618359,0.014790031325345954,0.016214873335250957,-0.15665808143159132,0.4,-0.09566480431224189,-0.05167792289240209,-0.024096637257325203,0.03232410740268428,-0.09566480431224189,1.1188240036515589,0.001424842009905003,1.1996987766384548,1.4678916029997182,high_volatility,2
2025-03-14,0.18815492175112228,0.2558157419725105,0.6864761134282725,21.770000457763672,22.21900005340576,0.979792088097445,-0.061889582972954105,-0.08823746780648367,0.00941649022120572,0.01662111310598946,-0.13055445203520832,0.4,-0.07130607319415982,-0.1278447994284732,-0.025529192410478466,0.03313084974670351,-0.07130607319415982,0.979792088097445,0.00720462288478374,1.041681671070399,1.4750974581718146,high_volatility,2
2025-03-15,0.18815492175112228,0.2558157419725105,0.6874368920096803,21.770000457763672,22.397000122070313,0.9720051944059782,-0.061889582972954105,-0.08823746780648367,0.00941649022120572,0.01662111310598946,-0.12392569314347357,0.4,-0.07130607319415982,-0.1278447994284732,-0.025529192410478466,0.03310098775907441,-0.07130607319415982,0.9720051944059782,0.00720462288478374,1.0338947773789324,1.4605732899327089,high_volatility,2
2025-03-16,0.18839000905726547,0.2547648989358677,0.6697139793191184,21.770000457763672,22.53650016784668,0.9659885206498661,-0.05760121616057767,-0.07734627709360387,0.0064958799703283,0.011131107874109425,-0.0966819199478769,0.4,-0.06409709613090597,-0.12654243442551005,-0.02295165478455987,0.031834950740322235,-0.06409709613090597,0.9659885206498661,0.004635227903781125,1.0235897368104436,1.4369848369490004,high_volatility,2
2025-03-17,0.19188231441813855,0.2551209354686112,0.6672942337939285,20.51000022888184,22.590500164031983,0.9079037683962986,-0.04558762464421795,-0.059514492701165156,-0.00563078916999149,0.0301914079985095,-0.05252068324025838,0.2,-0.03995683547422646,-0.08226383362310993,-0.0181524055745728,0.031979512715536305,-0.03995683547422646,0.9079037683962986,0.03582219716850099,0.9534913930405166,1.4108513748943075,high_volatility,2
2025-03-18,0.19391132144540046,0.2590270755720093,0.6459033615205182,21.700000762939453,22.720500183105468,0.9550846410976094,-0.05637963189486317,-0.07777524120562973,-0.010488304408752813,0.04062741227883593,-0.019307420358546712,0.2,-0.045891327486110356,-0.10389525013430237,-0.06148051780544567,0.031398245576441955,-0.045891327486110356,0.9550846410976094,0.05111571668758874,1.0114642729924725,1.4263281977323254,high_volatility,2
2025-03-19,0.19321096120256,0.24977718253655837,0.6700357699767219,19.899999618530277,22.659000205993653,0.8782382028164871,-0.03062964013895686,-0.038738978542612545,0.0017193210200057152,0.06107271023701033,0.025382440608363144,0.6,-0.032348961158962575,-0.12229978828996939,-0.21505408996900915,0.032190138360145726,-0.032348961158962575,0.8782382028164871,0.059353389217004615,0.908867842955444,1.3813441147628365,high_volatility,2
2025-03-20,0.18236345000504417,0.24092704020710048,0.6800444159135064,19.799999237060547,22.66750020980835,0.8734972561505914,-0.048285060014510495,-0.056890370206973295,-0.009767523455344262,0.06639575992621172,-0.002439316854240592,0.2,-0.03851753655916623,-0.32275666368998457,-0.11839812355195264,0.03208569182060679,-0.03851753655916623,0.8734972561505914,0.07616328338155598,0.9217823161651019,1.3316288450073244,high_volatility,2
2025-03-21,0.18242496969308286,0.24172061561582978,0.6763765738338356,19.280000686645508,22.650000286102294,0.8512141475987279,-0.047971174193499944,-0.05378119367310652,-0.015628438608746964,0.057811379404557606,-0.023115513547162014,0.2,-0.03234273558475298,-0.3281837024089216,-0.12592544430883232,0.032040549864370924,-0.03234273558475298,0.8512141475987279,0.07343981801330457,0.8991853217922279,1.3104889491463396,high_volatility,2
2025-03-22,0.18242496969308286,0.24172061561582978,0.5739526342368643,19.280000686645508,22.63250036239624,0.8518723242209293,-0.047971174193499944,-0.05378119367310652,-0.015628438608746964,0.057811379404557606,-0.11051511262340552,0.2,-0.03234273558475298,-0.3281837024089216,-0.12592544430883232,0.027910679204530248,-0.03234273558475298,0.8518723242209293,0.07343981801330457,0.8998434984144292,1.2643723746332962,high_volatility,2
2025-03-23,0.17353907063944762,0.2308636671388012,0.4958887714792121,19.280000686645508,22.45750036239624,0.8585105365924309,-0.030994112472084945,-0.032612386729722,-0.0202009936687636,0.044050387756540355,-0.00013125877895203697,0.2,-0.010793118803321344,-0.2782239947213293,-0.021913575923512906,0.023334171884628732,-0.010793118803321344,0.8585105365924309,0.06425138142530396,0.8895046490645159,1.1873471698401132,normal_volatility,2
2025-03-24,0.18199070059189418,0.24531728491106577,0.49719210409206055,17.479999542236328,22.156000328063964,0.7889510418581839,-0.0018253285618246018,-0.008391228055606215,-0.018155992847508684,0.030439316567758334,0.003172572634850157,0.4,0.016330664285684082,-0.5277463671808887,-0.05063900058971397,0.0239407325416581,0.016330664285684082,0.7889510418581839,0.04859530941526702,0.7907763704200085,1.174840010194042,normal_volatility,2
2025-03-25,0.17779923347591042,0.24137785214113755,0.4760863965548817,17.149999618530273,21.91700029373169,0.782497576706937,-0.010065672563664085,-0.015565713646686019,-0.010363704888977088,0.0328239977145206,-0.03477968960886968,0.2,0.0002980323253130024,-0.4934318447597019,-0.050196908814111055,0.023256259599427127,0.0002980323253130024,0.782497576706937,0.04318770260349769,0.7925632492706011,1.1418726043037546,normal_volatility,2
2025-03-26,0.17137666650674357,0.2298357804874692,0.4759652533233725,18.32999992370605,21.590000247955324,0.8490041553122256,-0.004207322821909831,-0.006345079073971194,-0.013606023154260849,0.03724134290540548,-0.034023843994073544,0.2,0.009398700332351018,-0.47790853719110216,-0.12175259714007941,0.02304545105716819,0.009398700332351018,0.8490041553122256,0.05084736605966633,0.8532114781341354,1.138599122985085,normal_volatility,2
2025-03-27,0.17019864183793368,0.2288001805832055,0.4582943755780796,18.690000534057617,21.356000232696534,0.8751639038401391,-0.012387441629631013,-0.019219198440912244,-0.013317257988072373,0.05059795756579821,0.005008258082320083,0.4,0.0009298163584413599,-0.46306155250365055,-0.12521011734709972,0.022615349543483692,0.0009298163584413599,0.8751639038401391,0.06391521555387059,0.8875513454697701,1.1326702134350346,normal_volatility,2
2025-03-28,0.18377666966370226,0.24591723389820674,0.4725944206498583,21.649999618530277,21.270000171661376,1.0178655121674698,-0.03227615839754894,-0.04504090213568368,0.0003328177763386453,0.05838511887516451,-0.020909451650684585,0.4,-0.03260897617388758,-0.563170918246871,-0.17245191967965431,0.023540505855979967,-0.03260897617388758,1.0178655121674698,0.058052301098825865,1.0501416705650186,1.238712351946886,high_volatility,2
2025-03-29,0.18377666966370226,0.24591723389820674,0.4164748009922006,21.649999618530277,21.184000110626222,1.0219977107944926,-0.03227615839754894,-0.04504090213568368,0.0003328177763386453,0.05838511887516451,0.02477073370545302,0.6,-0.03260897617388758,-0.563170918246871,-0.17245191967965431,0.021669552936844343,-0.03260897617388758,1.0219977107944926,0.058052301098825865,1.0542738691920417,1.2146516251225883,high_volatility,2
2025-03-30,0.1581348264459816,0.20446361312924627,0.4044593940143903,21.649999618530277,20.873500061035156,1.0372002565561405,-0.005794737647867421,-0.006537908559192118,-0.00999430883189878,0.06773413184065902,0.04842005090281676,0.4,0.004199571184031359,-0.4585456252876369,-0.47051696898550865,0.019286229986995192,0.004199571184031359,1.0372002565561405,0.0777284406725578,1.0429949942040078,1.1096530176981099,normal_volatility,2
2025-03-31,0.1569555390141835,0.20430726884710412,0.35390139702383716,22.280000686645508,20.641500091552736,1.0793789495833837,0.009268924908965914,-0.0041999087265160995,0.006968975537134492,0.07051571826457081,-0.0037809379143444177,0.6,0.0022999493718314223,-0.43996318652484817,-0.3439620996606094,0.018242698181238266,0.0022999493718314223,1.0793789495833837,0.06354674272743632,1.0701100246744177,1.1040369918893846,normal_volatility,2
2025-04-01,0.15619452765985672,0.20223091761269743,0.36993505225966583,21.770000457763672,20.518500137329102,1.0609937525676025,0.0067771694215905676,-0.0073704654762742905,0.02179839532983996,0.06377398589980121,0.01728107653440092,0.8,-0.015021225908249392,-0.3906284707019676,-0.35436765527949515,0.01892579111174924,-0.015021225908249392,1.0609937525676025,0.04197559056996125,1.054216583146012,1.0921327330599662,normal_volatility,2
2025-04-02,0.14871008448160727,0.19257025925537374,0.36968573519307846,21.51000022888184,20.36100015640259,1.0564314161216655,0.026836541859478258,0.018191924955825778,0.012229381800766381,0.047359424810270445,0.01750420034119271,1.0,0.014607160058711877,-0.3276861726494482,-0.22891094050549904,0.019231123071160598,0.014607160058711877,1.0564314161216655,0.035130043009504064,1.0295948742621872,1.0624564962871987,normal_volatility,1
2025-04-03,0.2189943527329073,0.2556246328042952,0.34744993407309177,30.020000457763672,20.773500156402587,1.44511036810093,-0.04352349836531777,-0.05905838296573285,0.02229260035848779,0.04061918176875112,-0.010316573851337663,0.4,-0.06581609872380556,-0.26227616200855813,0.12896813917499841,0.020869283803393215,-0.06581609872380556,1.44511036810093,0.018326581410263332,1.4886338664662477,1.447934985957594,high_volatility,2
2025-04-04,0.2963684262103105,0.33037677447944913,0.34861744563400965,45.310001373291016,21.950500202178954,2.0641899253299587,-0.09951846295416944,-0.11749922879888419,0.03342259591971142,0.016276744460400838,-0.0059199226967081575,0.4,-0.13294105887388086,-0.4221808294819332,0.5346127522975779,0.023224018742032622,-0.13294105887388086,2.0641899253299587,-0.01714585145931058,2.163708388284128,1.9695110766546309,high_volatility,2
2025-04-05,0.2963684262103105,0.33037677447944913,0.340287193595659,45.310001373291016,23.12750024795532,1.9591395908555584,-0.09951846295416944,-0.11749922879888419,0.03342259591971142,0.016276744460400838,0.011202626251158865,0.6,-0.13294105887388086,-0.4221808294819332,0.5346127522975779,0.02297799404094745,-0.13294105887388086,1.9591395908555584,-0.01714585145931058,2.0586580538097277,1.9256941727667862,high_volatility,2
2025-04-06,0.29320913341553445,0.3279148919805899,0.40242806689445687,45.310001373291016,24.36750030517578,1.8594439645361138,-0.10640933021330512,-0.12318431558851306,0.028290677101576733,0.010804719819574427,-0.069713412988743,0.4,-0.13470000731488185,-0.4547851452685325,0.5224857691848384,0.026429722075049355,-0.13470000731488185,1.8594439645361138,-0.017485957282002307,1.965853294749419,1.90631889445203,high_volatility,2
2025-04-07,0.2927687634831333,0.32676316050534987,0.4034120905153077,46.97999954223633,25.631500244140625,1.8329008873749395,-0.0982545210042779,-0.10582496682097253,-0.003707987339685803,-0.022324618483933856,-0.042108646342716605,0.0,-0.09454653366459209,-0.32686414551434906,0.468022841195816,0.026398123112870975,-0.09454653366459209,1.8329008873749395,-0.018616631144248053,1.9311554083792175,1.894674394310925,high_volatility,2
2025-04-08,0.2888090213985084,0.32183188490236564,0.37257046546725553,52.33000183105469,27.253000354766847,1.9201556213938697,-0.12194114944476442,-0.13352242283542815,-0.027555052040022066,-0.02102370407490184,-0.1218394758243001,0.0,-0.09438609740474235,-0.28108000102640246,0.4248475636816659,0.02504009133960118,-0.09438609740474235,1.9201556213938697,0.006531347965120227,2.042096770838634,1.9271525387111728,high_volatility,2
2025-04-09,0.48984320419195665,0.5541917251738948,0.47624950649046466,33.619998931884766,27.944000339508058,1.203120473926985,-0.026913959032073276,-0.026217665985068028,-0.02247485340323907,0.016491557908504095,-0.01892949125350485,0.2,-0.004439105628834206,-0.034805457091899396,0.7323554908373807,0.03650446205015559,-0.004439105628834206,1.203120473926985,0.038966411311743165,1.2300344329590582,2.1575634073041963,high_volatility,0
2025-04-10,0.5128718727227309,0.5732802000979735,0.49237047562551584,40.720001220703125,29.01600036621094,1.4033636857863245,-0.06986059472025796,-0.07069840122420012,-0.04376389807246106,0.04976845256619877,-0.05255748645019509,0.2,-0.026096696647796902,0.12278522332383897,0.5419679607633471,0.03819222120384051,-0.026096696647796902,1.4033636857863245,0.09353235063865983,1.4732242805065825,2.2839962304810224,high_volatility,0
2025-04-11,0.5181997635263856,0.5782924143241565,0.5230015877868265,37.560001373291016,29.930000400543214,1.2549281948091562,-0.05326417034516473,-0.05357778929274504,-0.038563356166658624,0.06980503114329428,-0.005101225863557102,0.2,-0.014700814178506105,0.14042848901891697,0.5570619380279178,0.03899256813342908,-0.014700814178506105,1.2549281948091562,0.10836838730995291,1.308192365154321,2.18092512346127,high_volatility,0
2025-04-12,0.5181997635263856,0.5782924143241565,0.5205625263876852,37.560001373291016,30.84400043487549,1.217740916992781,-0.05326417034516473,-0.05357778929274504,-0.038563356166658624,0.06980503114329428,-0.008916055982046256,0.2,-0.014700814178506105,0.14042848901891697,0.5570619380279178,0.039301420274971514,-0.014700814178506105,1.217740916992781,0.10836838730995291,1.271005087337946,2.120183487341387,high_volatility,0
2025-04-13,0.5128362249486864,0.5713762936020522,0.5207157498670921,37.560001373291016,31.848000526428223,1.1793519452539207,-0.06992054952261106,-0.07390044984849842,-0.028602948105619586,0.07458969405151028,-0.04358839810601223,0.2,-0.04131760141699148,0.16911266276219897,0.5853602109924173,0.038897237852510314,-0.04131760141699148,1.1793519452539207,0.10319264215712987,1.2492724947765317,2.0467333538642367,high_volatility,0
2025-04-14,0.514532835207502,0.5716113595952659,0.5224399954596471,30.88999938964844,32.535000514984134,0.9494390318334841,-0.06314962859975026,-0.07291363070124013,-0.02156302893612616,0.06377710233695577,-0.033488687145074914,0.2,-0.0415865996636241,0.1800250965787947,0.5627435652334811,0.039040637678662414,-0.0415865996636241,0.9494390318334841,0.08534013127308193,1.0125886604332344,1.8899463617712775,high_volatility,0
2025-04-15,0.5133942970272563,0.56891139646111,0.5231294061112112,30.1200008392334,33.124500560760495,0.9092967540441577,-0.05448569075279386,-0.054482085194546004,-0.011599966916957749,0.07022717521109167,-0.037190538466372436,0.2,-0.04288572383583611,0.17328067900770086,0.5604072546334518,0.03896608453652426,-0.04288572383583611,0.9092967540441577,0.08182714212804942,0.9637824447969515,1.8275044051373057,high_volatility,0
2025-04-16,0.5182457378509621,0.5774606331274372,0.5232829351475795,32.63999938964844,33.82200050354004,0.9650523003874982,-0.073040845824347,-0.07773763170456383,-0.003178465085813431,0.09043515228430521,-0.03605573388725847,0.2,-0.06986238073853357,0.15533176554428843,0.4482004378561704,0.039175420677971834,-0.06986238073853357,0.9650523003874982,0.09361361737011864,1.0380931462118452,1.8338460886518244,high_volatility,0
2025-04-17,0.5145883190245728,0.5711331703022975,0.511461862213845,29.649999618530277,34.22200050354004,0.8664017059862757,-0.052640151329561014,-0.052970578607167584,-0.025465056803065877,0.07765964144262671,0.0064324992315139,0.4,-0.027175094526495136,0.19132881321671388,0.45044224071682964,0.038610398403923774,-0.027175094526495136,0.8664017059862757,0.10312469824569259,0.9190418573158368,1.7314133714168005,high_volatility,0
2025-04-18,0.5145883190245728,0.5711331703022975,0.5056852391840215,29.649999618530277,34.622000503540036,0.8563918660765607,-0.052640151329561014,-0.052970578607167584,-0.025465056803065877,0.07765964144262671,0.022436718082805562,0.4,-0.027175094526495136,0.19132881321671388,0.45044224071682964,0.038427483057058946,-0.027175094526495136,0.8563918660765607,0.10312469824569259,0.9090320174061217,1.689351864889889,high_volatility,0
2025-04-19,0.5145883190245728,0.5711331703022975,0.5057360222360859,29.649999618530277,35.02200050354004,0.8466106787798499,-0.052640151329561014,-0.052970578607167584,-0.025465056803065877,0.07765964144262671,0.03314394146061339,0.4,-0.027175094526495136,0.19132881321671388,0.45044224071682964,0.03847223164801754,-0.027175094526495136,0.8466106787798499,0.10312469824569259,0.8992508301094109,1.6512561504559882,high_volatility,0
2025-04-20,0.5135947547975949,0.5711352491563821,0.5057402438701696,29.649999618530277,35.390500450134276,0.8377954321473231,-0.05895705323770484,-0.05293019924593667,-0.034992927721909206,0.06240015115806652,0.03180406011170844,0.4,-0.02396412551579563,0.18228040001363766,0.44525230815997036,0.038445493646317365,-0.02396412551579563,0.8377954321473231,0.09739307887997573,0.8967524853850279,1.6128722015509236,high_volatility,0
2025-04-21,0.5185730030962937,0.57523682094157,0.502669714902544,33.81999969482422,35.9930004119873,0.9396271304895333,-0.08394384580210879,-0.08375297822180061,-0.060006315487196815,0.09743710505275649,0.027589024564529385,0.4,-0.02393753031491197,0.21084093912014565,0.35824896930717753,0.038207619026680475,-0.02393753031491197,0.9396271304895333,0.1574434205399533,1.023570976291642,1.6473593530317014,high_volatility,0
2025-04-22,0.528331662818062,0.5839382536625202,0.5375010187196907,30.56999969482422,36.44600038528442,0.8387751569899912,-0.06602068836550101,-0.06651249542500015,-0.05413974315579129,0.07964318919277846,0.1328251834527021,0.4,-0.011880945209709726,0.2350088025795209,0.2911836653301465,0.04031690374645895,-0.011880945209709726,0.8387751569899912,0.13378293234856975,0.9047958453554922,1.5957246974431603,high_volatility,0
2025-04-23,0.5022955083373987,0.5582375680392,0.5376828063995409,28.450000762939453,36.367500400543214,0.7822918938502164,-0.002384963800519335,0.00865400193833854,-0.04931941040377996,0.06015634264711478,0.1275080702916811,0.6,0.04693444660326063,0.31956195945111204,0.20317290799678378,0.03954422147729167,0.04693444660326063,0.7822918938502164,0.10947575305089474,0.7846768576507357,1.4882541540207896,high_volatility,0
2025-04-24,0.45584503422194633,0.5130074189917575,0.5377816426100319,26.46999931335449,35.425500297546385,0.7472018486973304,0.0819544363482907,0.1057089747450779,-0.04964986895788692,0.10135137272914241,0.1204619974623573,0.8,0.13160430530617762,0.5156760318909894,0.07688090041693704,0.03812858672543738,0.13160430530617762,0.7472018486973304,0.15100124168702933,0.6652474123490397,1.353939395205361,high_volatility,0
2025-04-25,0.4556577253259064,0.512945429689042,0.5364326482108294,24.84000015258789,34.40200023651123,0.7220510430153686,0.08977208888506594,0.11803531119795196,-0.04264940348443824,0.08941087393279301,0.13431208199678646,0.8,0.13242149236950418,0.5131851074618344,0.06863526131306018,0.038108442329944536,0.13242149236950418,0.7220510430153686,0.13206027741723125,0.6322789541303027,1.3086908400088497,high_volatility,0
2025-04-26,0.4556577253259064,0.512945429689042,0.46963250066915324,24.84000015258789,33.37850017547608,0.7441916210135286,0.08977208888506594,0.11803531119795196,-0.04264940348443824,0.08941087393279301,0.21009465757920887,0.8,0.13242149236950418,0.5131851074618344,0.06863526131306018,0.03494990506603905,0.13242149236950418,0.7441916210135286,0.13206027741723125,0.6544195321284627,1.2685484260251114,high_volatility,0
2025-04-27,0.45536629160717534,0.5132449010431441,0.4744393399281474,24.84000015258789,32.271500205993654,0.7697194116799831,0.09171664716364969,0.11534375871913438,-0.012881757257694915,0.11333170326133701,0.1832453619424652,0.8,0.1045984044213446,0.5780645246983266,0.05631067144165148,0.035039916970539584,0.1045984044213446,0.7697194116799831,0.12621346051903193,0.6780027645163335,1.2507413732732753,high_volatility,0
2025-04-28,0.4493378762245236,0.50608493555189,0.44187331342465697,25.149999618530277,30.91250009536743,0.8135867219066916,0.10951087319757957,0.13543727385300142,0.012450623129156124,0.12307410470500746,0.2452644269426527,1.0,0.09706025006842345,0.555365143173024,0.05131678284223297,0.03378585836106167,0.09706025006842345,0.8135867219066916,0.11062348157585133,0.704075848709112,1.2225953277494834,high_volatility,0
2025-04-29,0.2535504131957527,0.27863195241821676,0.35666424527486706,24.170000076293945,30.440000152587892,0.7940210234932967,0.010389549887821259,0.02045066009683527,0.014965739206866058,0.07246475689238685,0.14182239670386365,1.0,-0.004576189319044799,0.7975486895463657,-0.6384822976234061,0.023356339852833877,-0.004576189319044799,0.7940210234932967,0.05749901768552079,0.7836314736054755,0.8621127420213046,low_volatility,2
2025-04-30,0.1917720388809554,0.22615347511883394,0.32114764070948054,24.700000762939453,29.639000129699706,0.8333614715359059,0.057112316381574546,0.06564612586201046,0.03529257018998311,0.03906270795873579,0.18312041448385852,1.0,0.021819746191591438,0.6025483605051477,-0.5768681963984928,0.019316532674414348,0.021819746191591438,0.8333614715359059,0.0037701377687526794,0.7762491551543313,0.7556226799465642,low_volatility,1
2025-05-01,0.18427306032262192,0.2221571221183181,0.29330083115968053,24.600000381469727,28.99100008010864,0.8485392126347626,0.04594142671587198,0.06003514361602402,0.02447161352714322,-0.0015775559099704406,0.1569153617160426,0.8,0.02146981318872876,0.559933977600448,-0.706134126795881,0.018664898106236488,0.02146981318872876,0.8485392126347626,-0.02604916943711366,0.8025977859188906,0.7377712138668611,low_volatility,1
2025-05-02,0.18926798702830036,0.225707590812605,0.2879469330861466,22.68000030517578,28.24700002670288,0.8029171339871696,0.06146740069229395,0.07577020572336957,0.013382575363587224,0.0001678861201508397,0.13628039480614662,1.0,0.048084825328706726,0.42353253542321345,-0.6810661336739451,0.01834276371481014,0.048084825328706726,0.8029171339871696,-0.013214689243436384,0.7414497332948756,0.7140340155882683,low_volatility,1
2025-05-03,0.18926798702830036,0.225707590812605,0.27966312894496576,22.68000030517578,27.50299997329712,0.824637324189942,0.06146740069229395,0.07577020572336957,0.013382575363587224,0.0001678861201508397,0.14586632886708584,1.0,0.048084825328706726,0.42353253542321345,-0.6810661336739451,0.017957471008090878,0.048084825328706726,0.824637324189942,-0.013214689243436384,0.763169923497648,0.7114857544892966,low_volatility,1
2025-05-04,0.18787699839310687,0.225785686693171,0.291315266139189,22.68000030517578,27.092500019073487,0.8371320582895175,0.05126870641734538,0.06852749345879006,0.006203060375258973,0.0059075716000995815,0.11560574364228882,1.0,0.045065646042086405,0.40893882400706394,-0.6763077930500245,0.018194202915156464,0.045065646042086405,0.8371320582895175,-0.00029548877515939154,0.7858633518721722,0.7109156577301294,low_volatility,1
2025-05-05,0.18927250022049913,0.2281120240238343,0.28521717325207563,23.63999938964844,26.76849994659424,0.8831275356038829,0.048176157799378005,0.061005724559483054,-0.0029492488553487517,0.030559494058767234,0.13241539321009288,0.8,0.05112540665472676,0.44048012612944343,-0.6712160477990289,0.017979015789066244,0.05112540665472676,0.8831275356038829,0.033508742914115985,0.8349513778045049,0.7258322974309421,low_volatility,1
2025-05-06,0.17081707521954811,0.19783978335208532,0.29017073104987073,24.76000022888184,26.374499988555907,0.9387855784801755,0.06304467642997724,0.08381744503211896,-0.005185644664910116,0.026051353738003824,0.15194599275682652,0.8,0.06823032109488736,0.5625658164463322,-0.6122630744423528,0.017266545342963638,0.06823032109488736,0.9387855784801755,0.03123699840291394,0.8757409020501983,0.7126715291410939,low_volatility,1
2025-05-07,0.1707372896717464,0.19719580030205183,0.2904370684244416,23.549999237060547,26.069499969482422,0.9033544665079398,0.06599427321744034,0.08826840786072854,0.007922090737629839,0.015124803856866764,0.142958514560505,1.0,0.0580721824798105,0.5728128398956476,-0.6056334330612926,0.0172746747546223,0.0580721824798105,0.9033544665079398,0.007202713119236925,0.8373601932904995,0.695265922417291,low_volatility,1
2025-05-08,0.1707667259405705,0.19760719246866074,0.35003746990733225,22.479999542236328,25.710999965667725,0.8743339260337677,0.0734218980005985,0.09950463911862917,-0.003315145713590373,-0.004867340448651891,0.2225041705586175,0.6,0.07673704371418888,0.512470025336085,-0.6028368859378511,0.024966652309389444,0.07673704371418888,0.8743339260337677,-0.0015521947350615184,0.8009120280331692,0.7325147417980158,low_volatility,1
2025-05-09,0.1711827256815487,0.19783311768914486,0.3529277152814693,21.899999618530277,25.32349996566773,0.8648093529022902,0.07205423461982674,0.09878402882883086,-0.0018243407182184646,0.00235202284132896,0.21051867829855242,0.8,0.0738785753380452,0.5059053311310371,-0.6087263512138877,0.025251443136183858,0.0738785753380452,0.8648093529022902,0.004176363559547425,0.7927551182824635,0.7282533712789985,low_volatility,1
2025-05-10,0.1711827256815487,0.19783311768914486,0.35224073185055593,21.899999618530277,24.935999965667726,0.8782483015993959,0.07205423461982674,0.09878402882883086,-0.0018243407182184646,0.00235202284132896,0.2292008547545561,0.8,0.0738785753380452,0.5059053311310371,-0.6087263512138877,0.025769828861678883,0.0738785753380452,0.8782483015993959,0.004176363559547425,0.8061940669795692,0.7334182041132064,low_volatility,1
2025-05-11,0.1384850936640042,0.16571647289618985,0.35076836906547626,21.899999618530277,24.339999961853028,0.8997534779315179,0.09819429078877695,0.12666536484349566,0.01593384560623834,-0.027725847148309835,0.18952994085206587,0.8,0.08226044518253861,0.2743885548038464,-0.48068816295915523,0.02494474660759325,0.08226044518253861,0.8997534779315179,-0.043659692754548174,0.801559187142741,0.6851524981510068,low_volatility,1
2025-05-12,0.15417600042920243,0.19462168569265037,0.2812115504284336,18.38999938964844,23.73099994659424,0.7749357140885118,0.10571837276693485,0.14257098627747444,0.0008942725642064886,-0.04152866676894451,0.10028759518156427,0.8,0.10482410020272837,-0.07357667702365053,-0.5713540364653824,0.023691034280412582,0.10482410020272837,0.7749357140885118,-0.042422939333151,0.669217341321577,0.6475968127755884,low_volatility,1
2025-05-13,0.14936590150194945,0.18823774140996205,0.2825770380353168,18.21999931335449,23.21949987411499,0.784685260756459,0.09603674619063352,0.1342616619503212,-0.012757365377933705,-0.013798789809410072,0.1117481606265267,0.6,0.10879411156856722,-0.17953670799713622,-0.528609585185591,0.023871205702732094,0.10879411156856722,0.784685260756459,-0.0010414244314763677,0.6886485145658254,0.6417569742442861,low_volatility,1
2025-05-14,0.13648528149136768,0.16980743466700762,0.28539345293606533,18.6200008392334,22.82699995040894,0.8157007438421546,0.07481390280090694,0.10983202162941752,-0.029533730978620554,-0.04839810207949846,0.10214210524477485,0.6,0.1043476337795275,-0.3977215133218238,-0.6567545597824413,0.023533956750611956,0.1043476337795275,0.8157007438421546,-0.018864371100877908,0.7408868410412477,0.6299254375252177,low_volatility,1
2025-05-15,0.13592334965957145,0.16894403932371108,0.28531816072274385,17.829999923706055,22.476499938964846,0.7932729727548147,0.07231576697993747,0.09880233634061697,-0.028161907304902534,-0.02261022675822577,0.09527125199930331,0.6,0.10047767428484,-0.41059996680031,-0.6208519458417855,0.023723434227330455,0.10047767428484,0.7932729727548147,0.005551680546676763,0.7209572057748772,0.6206843197505539,low_volatility,1
2025-05-16,0.1355998697367523,0.1680163274939354,0.2858100779272436,17.239999771118164,22.09649991989136,0.7802140535206956,0.07910789895058401,0.10358486651711685,-0.02556470470103578,-0.034423983112131906,0.0934246827043963,0.6,0.10467260365161979,-0.3916052871324168,-0.6239858085766294,0.023770861382199027,0.10467260365161979,0.7802140535206956,-0.008859278411096128,0.7011061545701116,0.6136712570587247,low_volatility,1
2025-05-17,0.1355998697367523,0.1680163274939354,0.282467463813485,17.239999771118164,21.716499900817873,0.7938664080241071,0.07910789895058401,0.10358486651711685,-0.02556470470103578,-0.034423983112131906,0.10064804985075781,0.6,0.10467260365161979,-0.3916052871324168,-0.6239858085766294,0.02378628912324149,0.10467260365161979,0.7938664080241071,-0.008859278411096128,0.7147585090735231,0.6158921653265341,low_volatility,1
2025-05-18,0.13573585406385824,0.16788701629058672,0.2967623293945454,17.239999771118164,21.320999908447266,0.8085924602573525,0.07869658972889693,0.1039352402105187,-0.03166523062207871,-0.047982711807706524,0.12073498348314748,0.6,0.11036182035097564,-0.38591016176157245,-0.6217330699005579,0.023996377969382275,0.11036182035097564,0.8085924602573525,-0.016317481185627813,0.7298958705284556,0.619470059013258,low_volatility,1
2025-05-19,0.1357370547054397,0.16837055541343862,0.29711299491615334,18.13999938964844,21.01949987411499,0.8630081352214957,0.07311655680162943,0.09774370536965438,-0.042498768404378384,-0.026236681838042286,0.12007653342147506,0.6,0.11561532520600781,-0.4490345507450805,-0.6183596693918099,0.023976259040166325,0.11561532520600781,0.8630081352214957,0.016262086566336098,0.7898915784198662,0.6345416156558865,low_volatility,1
2025-05-20,0.1375459250399079,0.16997358614759972,0.29660179177341817,18.09000015258789,20.68899984359741,0.8743777026121526,0.06908426392774492,0.09422282881641442,-0.04164142071171584,-0.0006254812795141174,0.13357533617679618,0.6,0.11072568463946075,-0.428445355387042,-0.6475512949056317,0.02401701660052325,0.11072568463946075,0.8743777026121526,0.04101593943220172,0.8052934386844077,0.638113742784804,low_volatility,1
2025-05-21,0.15422553039997727,0.17880996671010718,0.29896874865561596,20.8700008392334,20.502499866485596,1.0179246908982322,0.04367291712495858,0.06510550458890796,-0.05321915266836319,0.02810467326461663,0.13665066825660288,0.8,0.09689206979332177,-0.06392704530297541,-0.6166198164184468,0.02445637493092309,0.09689206979332177,1.0179246908982322,0.08132382593297982,0.9742517737732737,0.7068300185763696,low_volatility,1
2025-05-22,0.14684597846501915,0.17347269121323675,0.3016164378554661,20.280000686645508,20.38249988555908,0.9949712155285626,0.028813079124972107,0.051490447072958245,-0.03784367044365777,0.01721583386836567,0.15233928620517934,0.8,0.06665674956862988,0.02431881621591657,-0.6376327139141129,0.02433419502411758,0.06665674956862988,0.9949712155285626,0.055059504312023444,0.9661581364035905,0.6868133117200839,low_volatility,1
2025-05-23,0.1497177799076893,0.17833835815414695,0.33907244381567636,22.290000915527344,20.36299991607666,1.094632471020604,0.021790626338086705,0.04175274284806285,-0.036247622997520046,0.03949925692905598,0.11884228235763783,0.8,0.05803824933560675,0.0001745308296276116,-0.6565780085402826,0.025537639809700287,0.05803824933560675,1.094632471020604,0.07574687992657603,1.0728418446825172,0.7290845668648852,low_volatility,1
2025-05-24,0.1497177799076893,0.17833835815414695,0.3287999628098829,22.290000915527344,20.34349994659424,1.0956817152428568,0.021790626338086705,0.04175274284806285,-0.036247622997520046,0.03949925692905598,0.14287271551040415,0.8,0.05803824933560675,0.0001745308296276116,-0.6565780085402826,0.02529406155044735,0.05803824933560675,1.0956817152428568,0.07574687992657603,1.0738910889047701,0.7263524346795154,low_volatility,1
2025-05-25,0.14760458427381204,0.1760197769292265,0.32907717154138844,22.290000915527344,20.276000022888184,1.0993293001758577,0.02768355516213461,0.047969895213700875,-0.030834407927787244,0.009352173721071999,0.15079292112775078,0.8,0.058517963089921854,-0.026838146819564878,-0.65078944018401,0.02522314514701946,0.058517963089921854,1.0993293001758577,0.04018658164885924,1.0716457450137231,0.7221125385768069,low_volatility,1
2025-05-26,0.14318612096775069,0.17083658318138373,0.324776770650586,22.290000915527344,20.152500057220458,1.1060662871721982,0.036345664685731194,0.05780931525320265,-0.03404526855389822,-0.01816283373521388,0.13055338121272553,0.6,0.07039093323962942,0.01687812875303548,-0.622489696497859,0.024975530651377115,0.07039093323962942,1.1060662871721982,0.015882434818684343,1.069720622486467,0.713466190227474,low_volatility,1
2025-05-27,0.1581626729234534,0.18594418824792172,0.32662457839717357,18.959999084472656,19.923000049591064,0.9516638577161388,0.053461606247611204,0.07846058310254,-0.024686997095722085,-0.02011263073209979,0.12328181243089342,0.6,0.07814860334333329,0.22385904399297882,-0.6641072847215941,0.02546364446864194,0.07814860334333329,0.9516638577161388,0.004574366363622295,0.8982022514685276,0.6887787790239227,low_volatility,1
2025-05-28,0.16001700345088693,0.18650394433844736,0.24943686148019073,19.309999465942383,19.764500045776366,0.977004195462505,0.04011955839260439,0.06270857914847827,-0.017947512376455643,-0.0026918140402297785,0.04417670135703555,0.6,0.058067070769060036,0.29175316122471584,-0.6516543060391521,0.018750204329287833,0.058067070769060036,0.977004195462505,0.015255698336225865,0.9368846370699007,0.6491176667983813,low_volatility,1
2025-05-29,0.15966593168770374,0.18603352704962886,0.26135826305329535,19.18000030517578,19.628500080108644,0.9771505834321305,0.04555757871781596,0.06549592604081145,-0.010338897749242237,-0.004008639685204707,0.025938469085873717,0.6,0.0558964764670582,0.296041703237826,-0.6402429099638257,0.018520299803595805,0.0558964764670582,0.9771505834321305,0.0063302580640375306,0.9315930047143145,0.645501145549378,low_volatility,1
2025-05-30,0.15992670561452038,0.18648169766785505,0.2613602338011471,18.56999969482422,19.46200008392334,0.9541670750563833,0.044388058444289724,0.06381538959638466,-0.008845459668788469,-0.010559217419645495,-0.006664587240031272,0.4,0.05323351811307819,0.2907447337689595,-0.6263197064148668,0.016946024352301553,0.05323351811307819,0.9541670750563833,-0.0017137577508570256,0.9097790166120936,0.6260288655177548,low_volatility,1
2025-05-31,0.15992670561452038,0.18648169766785505,0.26146057305997233,18.56999969482422,19.295500087738038,0.9624005395239866,0.044388058444289724,0.06381538959638466,-0.008845459668788469,-0.010559217419645495,0.005107607049101182,0.6,0.05323351811307819,0.2907447337689595,-0.6263197064148668,0.016770336808934673,0.05323351811307819,0.9624005395239866,-0.0017137577508570256,0.9180124810796969,0.6254273170560988,low_volatility,1
2025-06-01,0.11097156447508974,0.12279454117854378,0.2588636592158685,18.56999969482422,19.304500102996826,0.9619518555645694,0.01097787006511286,0.02217188193078856,0.0004637998012551048,0.018142806994920768,0.027614695923072752,1.0,0.010514070263857755,0.7681358851905846,-0.4360322728600715,0.014946666940017471,0.010514070263857755,0.9619518555645694,0.017679007193665663,0.9509739854994566,0.5447807536921888,low_volatility,1
2025-06-02,0.11032296696519912,0.11405511441415138,0.25518221104231564,18.36000061035156,19.31150016784668,0.9507288636706043,0.01000282353456039,0.01477934237005707,-0.004808165979832246,0.040773466643499345,0.016432003753486635,0.8,0.014810989514392636,0.7171055217091732,-0.32261859807617094,0.01358836192468793,0.014810989514392636,0.9507288636706043,0.04558163262333159,0.9407260401360439,0.5343030565871121,low_volatility,1
2025-06-03,0.11183336246711052,0.11534189715195027,0.25460472431945436,17.690000534057617,19.26500015258789,0.9182455434178285,0.014465908885555878,0.016619138649731413,7.562511071501632e-05,0.053724927695638636,0.01828342090440338,1.0,0.014390283774840862,0.7190357556429462,-0.37074419726637653,0.013448819818747642,0.014390283774840862,0.9182455434178285,0.05364930258492362,0.9037796345322726,0.5323432991354496,low_volatility,1
2025-06-04,0.11079270431763381,0.11554597943449627,0.2560136718627761,17.610000610351562,19.254000186920166,0.9146151677257476,0.009263989350568158,0.018334215052871805,0.007454451812151319,0.04384903881001123,0.009517057884164792,1.0,0.0018095375384168388,0.6071659488528188,-0.4285180243071718,0.013288967716905272,0.0018095375384168388,0.9146151677257476,0.03639458699785991,0.9053511783751794,0.5357530348697107,low_volatility,1
2025-06-05,0.1100610254744401,0.11853989226303692,0.27827591442033117,18.479999542236328,19.316000175476074,0.9567197853776609,-0.0019354732803077423,0.006289469416497884,0.005467091815091862,0.05128465483522748,-0.018488250859898026,0.6,-0.007402565095399605,0.5963166173784289,-0.3574737744025018,0.015060798625493414,-0.007402565095399605,0.9567197853776609,0.04581756302013562,0.9586552586579686,0.5692804440402748,low_volatility,1
2025-06-06,0.11602706554098831,0.12315668265917193,0.2958490978827306,16.770000457763672,19.29250020980835,0.8692497227102668,0.008313527346806904,0.016126166184949442,-0.007326546262986344,0.03718054242964075,0.01162171908168852,0.8,0.015640073609793248,0.4099086250312824,-0.42227670133688366,0.015537761566512284,0.015640073609793248,0.8692497227102668,0.044507088692627095,0.8609361953634599,0.5622763654871253,low_volatility,1
2025-06-07,0.11602706554098831,0.12315668265917193,0.2762034019518614,16.770000457763672,19.269000244140624,0.8703098367992986,0.008313527346806904,0.016126166184949442,-0.007326546262986344,0.03718054242964075,-0.007800976566098017,0.6,0.015640073609793248,0.4099086250312824,-0.42227670133688366,0.01529714615412885,0.015640073609793248,0.8703098367992986,0.044507088692627095,0.8619963094524917,0.5698433997693536,low_volatility,1
2025-06-08,0.1160101967188496,0.12319026324249319,0.2747768294318149,16.770000457763672,19.200500297546387,0.8734147651301927,0.0072118248604855495,0.015152828895410364,-0.0044423822676938896,0.023990853020736447,0.0017751683713467248,0.8,0.011654207128179439,0.4126803319498163,-0.43815849527523826,0.015252896417205605,0.011654207128179439,0.8734147651301927,0.028433235288430336,0.8662029402697071,0.5785136404228588,low_volatility,1
2025-06-09,0.11516791205199274,0.12223912088652264,0.31143385555888925,17.15999984741211,19.154000282287598,0.895896397332759,0.01152067854281813,0.020047049148866902,0.003840338991722092,0.010013863493594455,0.03280250963128295,1.0,0.007680339551096038,0.39924489999095014,-0.4237655850468751,0.016744125216166375,0.007680339551096038,0.895896397332759,0.006173524501872363,0.8843757187899409,0.606520924973749,low_volatility,1
2025-06-10,0.09607557671595604,0.110121392540644,0.29682960499252187,16.950000762939453,18.958000278472902,0.8940816812934873,0.03469102449046724,0.04126384246367665,0.02655363351838802,0.0029101566592921735,0.005280510562374552,1.0,0.008137390972079217,0.1623658193669143,-0.40708857167123247,0.016410737178981893,0.008137390972079217,0.8940816812934873,-0.023643476859095847,0.8593906568030201,0.5809463510861029,low_volatility,1
2025-06-11,0.09735402179342918,0.11179067327001783,0.2933970007956032,17.260000228881836,18.807000255584718,0.9177433931153639,0.03133305586944646,0.035816881911361786,0.024294355172083115,0.017353469103052355,-0.026744591155281383,0.8,0.007038700697363343,0.15765167227621907,-0.43719018606512444,0.016156403443401933,0.007038700697363343,0.9177433931153639,-0.0069408860690307606,0.8864103372459174,0.5975132397621674,low_volatility,1
2025-06-12,0.09243721094749943,0.1038937409902311,0.2729045343652217,18.020000457763672,18.593500232696535,0.9691559003008822,0.042548011039375666,0.0479538182702397,0.03482552195032129,0.007909643929075783,-0.012664461635679358,0.8,0.007722489089054374,0.18691381503916285,-0.297775008475937,0.01547307282514071,0.007722489089054374,0.9691559003008822,-0.02691587802124551,0.9266078892615065,0.6086842474542953,low_volatility,1
2025-06-13,0.10364749101034378,0.11647961255029968,0.2723372090105524,20.81999969482422,18.520000171661376,1.1241900378965557,0.030892257139546464,0.03479707876375793,0.02485378448236908,0.021113829039295817,-0.015772977664853638,0.8,0.006038472657177385,0.31021884129980376,-0.38951016061461574,0.01601363253767628,0.006038472657177385,1.1241900378965557,-0.0037399554430732618,1.0932977807570092,0.6930242901838167,low_volatility,1
2025-06-14,0.10364749101034378,0.11647961255029968,0.2689775993885153,20.81999969482422,18.44650011062622,1.128669371965619,0.030892257139546464,0.03479707876375793,0.02485378448236908,0.021113829039295817,-0.032677320222146866,0.8,0.006038472657177385,0.31021884129980376,-0.38951016061461574,0.016018679643812483,0.006038472657177385,1.128669371965619,-0.0037399554430732618,1.0977771148260724,0.703513361397326,low_volatility,1
2025-06-15,0.10364749101034378,0.11647961255029968,0.26841773476899555,20.81999969482422,18.373000049591063,1.1331845446376962,0.030892257139546464,0.03479707876375793,0.02485378448236908,0.021113829039295817,-0.03552933757375143,0.8,0.006038472657177385,0.31021884129980376,-0.38951016061461574,0.016010708079059834,0.006038472657177385,1.1331845446376962,-0.0037399554430732618,1.1022922874981498,0.7152015189297032,low_volatility,1
2025-06-16,0.08116337216273856,0.09578686639076431,0.27241393387073487,19.11000061035156,18.38050012588501,1.0396888267169184,0.019504302118575678,0.02507574249293887,0.0005615453624177036,0.02390804196813434,-0.020165053987029502,0.8,0.018942756756157975,-0.0869697187587143,-0.26187328251223585,0.015081005007735408,0.018942756756157975,1.0396888267169184,0.023346496605716638,1.0201845245983427,0.643960384031663,low_volatility,1
2025-06-17,0.08472661184874078,0.10165772005150563,0.27918193496996657,21.600000381469727,18.495000171661378,1.1678832214646815,0.016674488604899507,0.019598700700530935,0.017127745078307832,0.0267601624309437,-0.029695192981250895,0.8,-0.00045325647340832553,-0.2629461219306632,-0.2691627240615417,0.015335720680730651,-0.00045325647340832553,1.1678832214646815,0.00963241735263587,1.151208732859782,0.7101696926964844,low_volatility,1
2025-06-18,0.0839790627362436,0.10166864607013687,0.27053454693693946,20.13999938964844,18.54300012588501,1.086124103592822,0.012524308646758353,0.01742518636687551,0.009548056439943498,0.01521555131359098,-0.007179260391010467,0.8,0.0029762522068148556,-0.31261534999991974,-0.28045964608158386,0.01514535369429255,0.0029762522068148556,1.086124103592822,0.005667494873647483,1.0735997949460636,0.691054347761115,low_volatility,1
2025-06-19,0.08376271943558879,0.10131584830457574,0.2645466486473224,20.13999938964844,18.621500110626222,1.0815454861316838,0.013658147450090086,0.0190324390179355,0.008026903632600613,0.021936770514551895,0.006593540160595657,1.0,0.005631243817489473,-0.31062438071093323,-0.29984224015764055,0.014732289058470616,0.005631243817489473,1.0815454861316838,0.013909866881951283,1.0678873386815937,0.6989131995395592,low_volatility,1
2025-06-20,0.08443212818932032,0.10285523530951761,0.26787909437886404,20.6200008392334,18.72400016784668,1.1012604493906477,0.011277534737693662,0.014871703263466651,0.0061655390571342394,0.021508559446703046,-0.012696066412238083,0.8,0.0051119956805594224,-0.29890199965837,-0.29321429950782346,0.01523402653842866,0.0051119956805594224,1.1012604493906477,0.015343020389568807,1.089982914652954,0.7281304330831624,low_volatility,1
2025-06-21,0.08443212818932032,0.10285523530951761,0.2671361621117609,20.6200008392334,18.82650022506714,1.0952646850304257,0.011277534737693662,0.014871703263466651,0.0061655390571342394,0.021508559446703046,-0.03213088298571909,0.8,0.0051119956805594224,-0.29890199965837,-0.29321429950782346,0.015554643326104674,0.0051119956805594224,1.0952646850304257,0.015343020389568807,1.083987150292732,0.7453676224057706,low_volatility,1
2025-06-22,0.08229646285443676,0.09934442132541263,0.26948976348849346,20.6200008392334,18.93950023651123,1.08872993382806,0.005612910704943186,0.0069187830706436415,0.015617523694639424,-0.0049411508280341465,-0.04622515907371716,0.6,-0.010004612989696238,-0.2477851442729095,-0.5922322108077491,0.015407737275504563,-0.010004612989696238,1.08872993382806,-0.02055867452267357,1.0831170231231169,0.7526220440870497,low_volatility,1
2025-06-23,0.08712895956619536,0.10214375375698816,0.3179493740741097,19.82999992370605,19.046500205993652,1.0411361514839268,0.009787533723778274,0.00938196373504585,0.020703355687634595,0.007024644344408415,0.001378177796865776,1.0,-0.01091582196385632,-0.18502818734884738,-0.47417991023341494,0.017822221277902422,-0.01091582196385632,1.0411361514839268,-0.01367871134322618,1.0313486177601485,0.7856002432816303,low_volatility,1
2025-06-24,0.09472977549617266,0.11474615036246252,0.317190572542473,17.479999542236328,19.04000015258789,0.9180671954910921,0.021216901295226798,0.021968336403902944,0.011691335426113225,-0.015149538589718792,0.012542953762781694,0.8,0.009525565869113573,-0.07548336710004323,-0.5733998294884034,0.018146297912668564,0.009525565869113573,0.9180671954910921,-0.026840874015832017,0.8968502941958653,0.7766274473105887,low_volatility,1
2025-06-25,0.0921745474282629,0.11016862843861168,0.29747581141669366,16.760000228881836,18.954000186920165,0.8842460727866632,0.02675131295186639,0.03235133185037009,0.012261370753563483,-0.007144446225751944,0.0569554555927283,0.8,0.014489942198302908,-0.07745081957919542,-0.62738453365365,0.016815304618665684,0.014489942198302908,0.8842460727866632,-0.019405816979315427,0.8574947598347968,0.7573609833123588,low_volatility,1
2025-06-26,0.08939892990730894,0.1097607622432897,0.2833551067422143,16.59000015258789,18.945000171661377,0.8756927950522703,0.024266428605137058,0.03191686112171377,0.030462702988948376,0.005242827648978432,0.024615842401610966,1.0,-0.006196274383811318,0.16404841296444142,-0.5535899382904723,0.016425441132835165,-0.006196274383811318,0.8756927950522703,-0.025219875339969944,0.8514263664471332,0.7581252661299143,low_volatility,1
2025-06-27,0.09023921680583019,0.10977379419286247,0.2806957948527623,16.31999969482422,18.922500133514404,0.862465296851509,0.029355323525247723,0.0354499208715906,0.02390145815578326,-0.012975920932291163,0.013944950735272466,0.8,0.005453865369464461,0.10691933013936053,-0.5446033747144373,0.01631795700792144,0.005453865369464461,0.862465296851509,-0.036877379088074425,0.8331099733262612,0.7707007204383352,low_volatility,1
2025-06-28,0.09023921680583019,0.10977379419286247,0.28072450336316024,16.31999969482422,18.90000009536743,0.8634920429881059,0.029355323525247723,0.0354499208715906,0.02390145815578326,-0.012975920932291163,0.014500442230293897,0.8,0.005453865369464461,0.10691933013936053,-0.5446033747144373,0.01632206155552425,0.005453865369464461,0.8634920429881059,-0.036877379088074425,0.8341367194628582,0.7796500446635573,low_volatility,1
2025-06-29,0.09037025337413755,0.10995028914257045,0.23693031011201265,16.31999969482422,18.858000087738038,0.8654151881903908,0.028428312621566754,0.03392805633677809,0.02282284309898719,-0.017611356018776725,-0.01730401919016944,0.6,0.005605469522579565,0.10925305876575467,-0.5483664697470081,0.014829030297739956,0.005605469522579565,0.8654151881903908,-0.040434199117763914,0.836986875568824,0.771020837430224,low_volatility,1
2025-06-30,0.08986943024122114,0.10986999867028585,0.23997492118067562,16.729999542236328,18.84700002670288,0.887674405397828,0.02751964222704406,0.03378733424144986,0.027596638058321243,-0.0061295847386434454,-0.02831468116533742,0.6,-7.699583127718235e-05,0.12427196300358384,-0.4745783890500486,0.014249018191786233,-7.699583127718235e-05,0.887674405397828,-0.03372622279696469,0.860154763170784,0.7780946421415141,low_volatility,1
2025-07-01,0.08873366572072952,0.11433491201735625,0.23939875283214412,16.829999923706055,18.825500011444092,0.8940001547621595,0.03012498901551952,0.028538927322187435,0.02703504499137588,-0.0026591670305249338,-0.027495045963567222,0.6,0.0030899440241436427,0.13408040779492467,-0.4627353065579488,0.014431186580924973,0.0030899440241436427,0.8940001547621595,-0.029694212021900812,0.86387516574664,0.7845129384426549,low_volatility,1
2025-07-02,0.0889623173889285,0.11598794432368899,0.24595896789123112,16.639999389648438,18.75649995803833,0.8871590876162991,0.030698601157557626,0.03327684029417455,0.008451483549214656,-0.009449109838839398,0.027662529734118202,0.8,0.02224711760834297,0.06029398409517188,-0.5003929288454251,0.015334697496381082,0.02224711760834297,0.8871590876162991,-0.017900593388054054,0.8564604864587415,0.7969173878858491,low_volatility,1
2025-07-03,0.07788990894117796,0.10642464645691829,0.24681008638190013,16.3799991607666,18.53449993133545,0.8837572754295717,0.050567345208688996,0.05671135565548169,0.011171496723023422,-0.02892912722276153,0.033527903971562134,0.8,0.039395848485665574,-0.2754913880478969,-0.3992515256653302,0.014887435409217374,0.039395848485665574,0.8837572754295717,-0.04010062394578495,0.8331899302208827,0.7570526982261201,low_volatility,1
2025-07-04,0.07788990894117796,0.10642464645691829,0.2523889236534695,16.3799991607666,18.312499904632567,0.8944709485908532,0.050567345208688996,0.05671135565548169,0.011171496723023422,-0.02892912722276153,0.02429004683393199,0.8,0.039395848485665574,-0.2754913880478969,-0.3992515256653302,0.015117252051994759,0.039395848485665574,0.8944709485908532,-0.04010062394578495,0.8439036033821642,0.7660546303918866,low_volatility,1
2025-07-05,0.07788990894117796,0.10642464645691829,0.2523857003999989,16.3799991607666,18.090499877929688,0.9054475703432668,0.050567345208688996,0.05671135565548169,0.011171496723023422,-0.02892912722276153,0.025382329611012944,0.8,0.039395848485665574,-0.2754913880478969,-0.3992515256653302,0.015114032884281602,0.039395848485665574,0.9054475703432668,-0.04010062394578495,0.8548802251345778,0.7722808851847689,low_volatility,1
2025-07-06,0.07370459103959426,0.09827826558346937,0.2511507982920702,16.3799991607666,17.95399980545044,0.912331477011267,0.040666242112464834,0.042214329588266875,0.021465660679808263,-0.014882237953127708,0.022803243748987345,0.8,0.01920058143265657,-0.1387521469667555,-0.307420656937896,0.014985544615664169,0.01920058143265657,0.912331477011267,-0.03634789863293597,0.8716652348988022,0.7627521427619054,low_volatility,1
2025-07-07,0.0717042763774809,0.09499440891656441,0.24071478075735445,17.790000915527344,17.76349983215332,1.0014918841233107,0.04181361315353893,0.044549189150089985,-0.0004468194794186031,-0.014650276618745517,0.03536037161409977,0.6,0.042260432632957534,0.39364738487231704,-0.3173738138772353,0.014734170518797385,0.042260432632957534,1.0014918841233107,-0.014203457139326914,0.9596782709697718,0.7898499024408143,low_volatility,1
2025-07-08,0.07188027977677985,0.09478769550162067,0.24115590217156313,16.809999465942383,17.596999835968017,0.9552764461350385,0.04139987133064493,0.045313621529233794,-0.00345144627492866,-0.01966094859638423,0.03877589875535814,0.6,0.04485131760557359,0.41116660971533764,-0.28080147167549996,0.01487859503814195,0.04485131760557359,0.9552764461350385,-0.01620950232145557,0.9138765748043935,0.7778454231933665,low_volatility,1
2025-07-09,0.07276919496946324,0.09589781114197207,0.250558745556329,15.9399995803833,17.38699984550476,0.9167768862955636,0.047644757674436766,0.052713315983439646,0.006973962796239075,-0.015277575590659564,0.06345045359227064,0.8,0.04067079487819769,0.4479277804743528,-0.23875837637785408,0.015634060638974608,0.04067079487819769,0.9167768862955636,-0.02225153838689864,0.8691321286211269,0.7777201911214628,low_volatility,1
2025-07-10,0.07063396702769614,0.09389578545843857,0.27761102132395876,15.779999732971191,17.14499979019165,0.9203849475692993,0.05307261991198153,0.05550905447773946,0.00953312984033916,-0.012672081430064375,0.12271464966235812,0.8,0.04353949007164237,0.43920353088048514,-0.24131369250847046,0.01609284179917729,0.04353949007164237,0.9203849475692993,-0.022205211270403535,0.8673123276573178,0.7776160476193862,low_volatility,1
2025-07-11,0.07339733276736721,0.0950930860579217,0.27193659460121467,16.399999618530273,16.933999729156493,0.9684658013955916,0.04937062328647235,0.05313361902974667,-0.004393008523627229,-0.003192178179435068,0.14922719534067985,0.6,0.05376363181009958,0.5159047741638902,-0.30934699231764545,0.015496486362556242,0.05376363181009958,0.9684658013955916,0.0012008303441921608,0.9190951781091192,0.7996871301444904,low_volatility,1
2025-07-12,0.07339733276736721,0.0950930860579217,0.2638268278661192,16.399999618530273,16.72299966812134,0.9806852803922018,0.04937062328647235,0.05313361902974667,-0.004393008523627229,-0.003192178179435068,0.1628730731032122,0.6,0.05376363181009958,0.5159047741638902,-0.30934699231764545,0.015037340668024077,0.05376363181009958,0.9806852803922018,0.0012008303441921608,0.9313146571057295,0.799680732698236,low_volatility,1
2025-07-13,0.0682875962692372,0.09100476696507447,0.2250219301752894,16.399999618530273,16.55149965286255,0.9908467487835113,0.03910686548060016,0.04241507294606217,-0.007605721897048556,-0.006236247934829686,0.12823100269314192,0.6,0.04671258737764872,0.5035418938790428,-0.3751143218804769,0.01309328170976896,0.04671258737764872,0.9908467487835113,0.00136947396221887,0.9517398833029111,0.7636702982249071,low_volatility,1
2025-07-14,0.05920316698336669,0.0768944153210404,0.22493097948269844,17.200000762939453,16.537499713897706,1.0400605327590722,0.029714135928188057,0.030438408001598916,-0.016826481388325654,0.005944045558989197,0.13017104001733926,0.8,0.04654061731651371,0.428112030340959,-0.18312033892897417,0.012728273468641752,0.04654061731651371,1.0400605327590722,0.02277052694731485,1.0103463968308841,0.7474486552899712,low_volatility,1
2025-07-15,0.06257987670210302,0.07681911741520883,0.23841747454629078,17.3799991607666,16.568499660491945,1.0489784541088956,0.024739767489700082,0.028753060486118587,-0.0249441293199667,-0.0012698102925879917,0.09701758250346515,0.6,0.04968389680966678,0.47515610806918257,-0.12059951189403507,0.013067044298567757,0.04968389680966678,1.0489784541088956,0.02367431902737871,1.0242386866191955,0.772362842779067,low_volatility,1
2025-07-16,0.0581849548122557,0.07088916493671978,0.2365356009142946,17.15999984741211,16.596999645233154,1.033921806001885,0.020183870910303714,0.020266684312529204,-0.028452775741181657,0.004824339892487206,0.11012067887528043,0.8,0.04863664665148537,0.43358754898380253,-0.08863711004335963,0.013564993539826865,0.04863664665148537,1.033921806001885,0.03327711563366886,1.0137379350915814,0.7609207265588533,low_volatility,1
2025-07-17,0.05935648856285085,0.07482317266205814,0.23605145987684883,16.520000457763672,16.606999683380128,0.9947612917880932,0.021352561459522912,0.025014063865204994,-0.022456520968227367,0.021147317878536853,0.11393774377031707,0.8,0.04380908242775028,0.49616006759125963,0.04327661344576576,0.01362901531649198,0.04380908242775028,0.9947612917880932,0.04360383884676422,0.9734087303285703,0.7569762790526873,low_volatility,1
2025-07-18,0.0595870013060709,0.07511281993796656,0.2428760994152909,16.40999984741211,16.61149969100952,0.9878698583905422,0.020604609693202658,0.024028782945016314,-0.020963408235988412,0.02380324480007201,0.0994666160428932,0.8,0.04156801792919107,0.4833905021887302,0.033313365458510345,0.013706381752939478,0.04156801792919107,0.9878698583905422,0.04476665303606042,0.9672652486973395,0.7615903856801828,low_volatility,1
2025-07-19,0.0595870013060709,0.07511281993796656,0.24284349708802663,16.40999984741211,16.615999698638916,0.9876023197542739,0.020604609693202658,0.024028782945016314,-0.020963408235988412,0.02380324480007201,0.08815201343179258,0.8,0.04156801792919107,0.4833905021887302,0.033313365458510345,0.013702922775495965,0.04156801792919107,0.9876023197542739,0.04476665303606042,0.9669977100610713,0.7669217066890347,low_volatility,1
2025-07-20,0.057987105348163384,0.07255096703744075,0.23847106048565933,16.40999984741211,16.599999713897706,0.9885542247132374,0.01574810915594016,0.017438909788004775,-0.030504334525084942,0.011678733172557854,0.0948842231747915,0.8,0.0462524436810251,0.42971547193235915,-0.08707945929372055,0.013566138675852261,0.0462524436810251,0.9885542247132374,0.042183067697642795,0.9728061155572972,0.7659643435785446,low_volatility,1
2025-07-21,0.05795807705870895,0.06510749449037358,0.22925853479863367,16.649999618530273,16.590999698638917,1.0035561401339905,0.018003652213013144,0.03140815867338809,-0.024279397240568046,0.01814344760631248,0.11108276949867624,0.8,0.04228304945358119,0.4350239907751723,-0.011055661094965447,0.012745402824438697,0.04228304945358119,1.0035561401339905,0.042422844846880525,0.9855524879209774,0.7678230138139559,low_volatility,1
2025-07-22,0.05638035569729536,0.06598509543347583,0.21931009982546326,16.5,16.583999729156496,0.9949348932387635,0.013554626693199845,0.0189724723418212,-0.012103110055004751,0.02215038351985643,0.10229802756467588,0.8,0.025657736748204596,0.4819905257820331,-0.06795373306015133,0.01219167849906535,0.025657736748204596,0.9949348932387635,0.03425349357486118,0.9813802665455637,0.7589987048425417,low_volatility,1
2025-07-23,0.057474400617824106,0.058821756733217226,0.225680653090536,15.369999885559082,16.53349976539612,0.9296277317962535,0.014184306411098913,0.013645733003135208,-0.010693433809641828,0.016409382649514637,0.08305656575257414,0.8,0.02487774022074074,0.49759886159384237,-0.17265906094945652,0.012755371085949943,0.02487774022074074,0.9296277317962535,0.027102816459156465,0.9154434253851546,0.7539456067459193,low_volatility,1
2025-07-24,0.05743210367268983,0.058978264428517155,0.21649297947359242,15.390000343322754,16.483999824523927,0.9336326442097151,0.014520054684347805,0.01580314547390005,-0.012418204689013779,0.010190708523658332,0.09565166456410878,0.8,0.026938259373361584,0.4997666962472941,-0.1630083455640798,0.01201960252052809,0.026938259373361584,0.9336326442097151,0.02260891321267211,0.9191125895253673,0.7532843874377166,low_volatility,1
2025-07-25,0.05866679798088892,0.05916877415700066,0.21972922882823281,14.93000030517578,16.411499881744383,0.9097279598303762,0.018805643681411466,0.01824824231129929,-0.006209102344506889,0.0008464518970101587,0.08689458206179168,0.8,0.025014746025918355,0.5286851492292254,-0.2188848905318202,0.01207997355473259,0.025014746025918355,0.9097279598303762,0.007055554241517048,0.8909223161489648,0.757639691180205,low_volatility,1
2025-07-26,0.05866679798088892,0.05916877415700066,0.21899181250983335,14.93000030517578,16.338999938964843,0.9137646343685383,0.018805643681411466,0.01824824231129929,-0.006209102344506889,0.0008464518970101587,0.07978697876975671,0.8,0.025014746025918355,0.5286851492292254,-0.2188848905318202,0.012129045894733943,0.025014746025918355,0.9137646343685383,0.007055554241517048,0.8949589906871268,0.7668116499790221,low_volatility,1
2025-07-27,0.04982911873439611,0.050285495561862216,0.21591844658295026,14.93000030517578,16.195999908447266,0.9218325753008194,0.026454700610589965,0.025976803243058066,0.0033665215692286754,9.759826844990549e-05,0.10294234446448991,1.0,0.02308817904136129,0.4174630144866044,-0.2429345562765318,0.011617801418960782,0.02308817904136129,0.9218325753008194,-0.00326892330077877,0.8953778746902294,0.727497970644262,low_volatility,1
2025-07-28,0.04969325499208437,0.05061662650669189,0.2248458796243433,15.029999732971191,16.106999921798707,0.9331346499002625,0.02675943222209276,0.0286053965251567,-0.0018597474369118627,0.004109679066773841,0.08236971640230073,0.8,0.028619179659004623,0.42728124957446095,-0.27728388162132467,0.012189025648922004,0.028619179659004623,0.9331346499002625,0.005969426503685704,0.9063752176781698,0.7443177799344005,low_volatility,1
2025-07-29,0.04836307377727736,0.046946097303191686,0.2151305451844914,15.979999542236328,16.108999919891357,0.9919920306476792,0.01794705206369196,0.01979320222668024,0.004486395422973244,0.002389404990111643,0.05924546725185387,1.0,0.013460656640718716,0.07587012674674201,-0.3675610849601563,0.011602364125637532,0.013460656640718716,0.9919920306476792,-0.0020969904328616007,0.9740449785839872,0.7588993392145533,low_volatility,1
2025-07-30,0.048376172197308415,0.04607213599681614,0.15872865255454613,15.479999542236328,16.093999910354615,0.9618491132385772,0.013805872711204925,0.022630298339209487,-0.0013793722286512544,-0.017113065130808014,0.01589817087849532,0.6,0.01518524493985618,0.10013974629000891,-0.2500093171127548,0.010037859516250705,0.01518524493985618,0.9618491132385772,-0.01573369290215676,0.9480432405273723,0.7336048362585992,low_volatility,1
2025-07-31,0.04865450396381571,0.05012591833140248,0.16446021312985845,16.719999313354492,16.109999895095825,1.0378646444587727,0.013565971238281405,0.019505612274112405,0.01317165881437532,-0.01999101669315595,-0.014966253218035241,0.6,0.0003943124239060847,-0.07072549488442406,-0.23021573317438712,0.01061679664294463,0.0003943124239060847,1.0378646444587727,-0.03316267550753127,1.0242986732204913,0.7760752130083018,low_volatility,1
2025-08-01,0.07776334338559505,0.08893446913268206,0.1796378099445074,20.3799991607666,16.308999872207643,1.2496167343465614,-0.003046749562969908,-0.0005773553345178595,0.027575513401063345,-9.713817510537126e-05,-0.03504179065733648,0.2,-0.030622262964033253,-0.41143011105857846,-0.5431581138706072,0.012917242916262808,-0.030622262964033253,1.2496167343465614,-0.027672651576168716,1.2526634839095312,1.0396569089679009,normal_volatility,2
2025-08-02,0.07776334338559505,0.08893446913268206,0.17008247786777758,20.3799991607666,16.507999849319457,1.2345529044578207,-0.003046749562969908,-0.0005773553345178595,0.027575513401063345,-9.713817510537126e-05,-0.0553174774378179,0.2,-0.030622262964033253,-0.41143011105857846,-0.5431581138706072,0.013037264545078189,-0.030622262964033253,1.2345529044578207,-0.027672651576168716,1.2375996540207908,1.0429925020928996,normal_volatility,2
2025-08-03,0.07739051119569546,0.08789089365977464,0.17894864544156955,20.3799991607666,16.666999769210815,1.2227755110679766,-0.004945430328787359,-0.004189120380543199,0.02973604160896759,0.0035712332426289795,-0.04699245057057788,0.4,-0.03468147193775495,-0.40403687349349166,-0.5387042099914899,0.013262142955315998,-0.03468147193775495,1.2227755110679766,-0.02616480836633861,1.2277209413967638,1.045750512389166,normal_volatility,2
2025-08-04,0.09317731661624369,0.11007300156894645,0.17300634067228524,17.520000457763672,16.67399983406067,1.0507377133334763,0.014514303319475896,0.013256149398144013,0.03983787263145189,0.013627596016248855,-0.022969683220700143,0.8,-0.02532356931197599,-0.390438047225194,-0.38588121833879013,0.014153286053282746,-0.02532356931197599,1.0507377133334763,-0.026210276615203032,1.0362234100140004,1.075136124594121,normal_volatility,1
2025-08-05,0.09482746726321511,0.11320030875948743,0.17106571699696216,17.850000381469727,16.70849986076355,1.0683185522469767,0.00600757306827604,0.0053473390436546975,0.04155604641926103,0.009407622800924775,-0.038715852040681065,0.8,-0.03554847335098499,-0.38961285383531374,-0.3952127357476308,0.01351159977059159,-0.03554847335098499,1.0683185522469767,-0.03214842361833625,1.0623109791787007,1.0845161819372071,normal_volatility,1
2025-08-06,0.09622467865498774,0.11831187955145162,0.17300309620026588,16.770000457763672,16.72099986076355,1.0029304824716316,0.007547391715980956,0.009825548935279205,0.0357854262223003,0.009460657683134421,-0.03572679463753592,0.8,-0.028238034506319343,-0.43055534546534874,-0.3932347904548166,0.013535606069924051,-0.028238034506319343,1.0029304824716316,-0.026324768539165877,0.9953830907556507,1.0697157725600985,normal_volatility,1
2025-08-07,0.0962417445448846,0.11859774624273614,0.1879201744160463,16.56999969482422,16.728999853134155,0.9904955371088638,0.007441210036928991,0.014218048793532612,0.032439210727168044,0.015337657654519443,-0.004290798987024558,0.8,-0.024998000690239053,-0.42160077990522815,-0.3928663071734086,0.014435476996284502,-0.024998000690239053,0.9904955371088638,-0.0171015530726486,0.9830543270719349,1.080082549835207,normal_volatility,1
2025-08-08,0.09974116112005021,0.12239485888967122,0.18943600441687203,15.149999618530272,16.665999841690063,0.9090363472002735,0.015296904957223578,0.023678774545893067,0.02796426357710824,0.015110648604636623,-0.010609210180204887,0.8,-0.012667358619884661,-0.4547107669220341,-0.3863721372909935,0.014634251568842568,-0.012667358619884661,0.9090363472002735,-0.012853614972471616,0.8937394422430499,1.0712643778396593,normal_volatility,1
2025-08-09,0.09974116112005021,0.12239485888967122,0.1885958532759576,15.149999618530272,16.60299983024597,0.9124856817098351,0.015296904957223578,0.023678774545893067,0.02796426357710824,0.015110648604636623,-0.0068237365997044774,0.8,-0.012667358619884661,-0.4547107669220341,-0.3863721372909935,0.014955679937053585,-0.012667358619884661,0.9124856817098351,-0.012853614972471616,0.8971887767526115,1.0762834672522683,normal_volatility,1
2025-08-10,0.09968633212992681,0.12153621201567327,0.2075226949809376,15.149999618530272,16.52799983024597,0.9166263174087175,0.01337536775139525,0.018398625890770237,0.018879934870493553,-0.0002555395158432283,0.015899404620502544,0.8,-0.0055045671190983025,-0.4842068107333351,-0.43650078411100596,0.015248587705475275,-0.0055045671190983025,0.9166263174087175,-0.01913547438633678,0.9032509496573222,1.0807565680964881,normal_volatility,1
2025-08-11,0.10012200568692942,0.12030515496759929,0.1929685498339771,16.25,16.51549983024597,0.9839242025385303,0.01122664984956323,0.020668119776442673,0.013916415133218507,-0.0238849040327902,-0.010533475465501208,0.6,-0.0026897652836552766,-0.48906338559336443,-0.38005719572594765,0.015018759791915906,-0.0026897652836552766,0.9839242025385303,-0.03780131916600871,0.9726975526889671,1.1051103440024117,normal_volatility,1
2025-08-12,0.1026251177754391,0.1265974901304966,0.19419889023474218,14.729999542236328,16.483499813079835,0.8936208759833828,0.013370989142428291,0.028803938591525524,0.014439567584020097,-0.012524837445845427,0.011940093292155174,0.8,-0.0010685784415918054,-0.490472929138324,-0.29886559527031725,0.015945189757749112,-0.0010685784415918054,0.8936208759833828,-0.026964405029865524,0.8802498868409545,1.0980089722065565,normal_volatility,1
2025-08-13,0.10306994014379742,0.1266138968449558,0.21378160611884445,14.489999771118164,16.438499784469606,0.8814672847949117,0.01650329410011464,0.027132203201647,0.02462600868639253,-0.0034163715348797252,0.0420389167680455,0.8,-0.00812271458627789,-0.4490203073388027,-0.29346342714725965,0.016342313340594005,-0.00812271458627789,0.8814672847949117,-0.028042380221272256,0.864963990694797,1.1023425471539385,normal_volatility,1
2025-08-14,0.10231058827158837,0.12677189005064057,0.26082010357679886,14.829999923706056,16.433499765396117,0.9024249329368941,0.012321588692125518,0.023871296705122447,0.010675153273225435,-0.0004879437197871095,0.006151994571703012,0.8,0.001646435418900083,-0.45778136923274615,-0.2637576843514988,0.017596485666047698,0.001646435418900083,0.9024249329368941,-0.011163096993012545,0.8901033442447686,1.1256255292466273,normal_volatility,1
2025-08-15,0.10283866101444163,0.1282807530396053,0.2624050801003501,15.09000015258789,16.441499757766724,0.9177994936538314,0.009951450424720676,0.019369009109495794,0.0034742083764784937,9.758874395737749e-05,-0.004654750996919144,0.8,0.006477242048242182,-0.41311665400602254,-0.26408688000274516,0.017835823254720003,0.006477242048242182,0.9177994936538314,-0.003376619632521116,0.9078480432291107,1.1359535305204704,normal_volatility,1
2025-08-16,0.10283866101444163,0.1282807530396053,0.2580491760633778,15.09000015258789,16.449499750137328,0.9173531342472535,0.009951450424720676,0.019369009109495794,0.0034742083764784937,9.758874395737749e-05,-0.016384808122381744,0.8,0.006477242048242182,-0.41311665400602254,-0.26408688000274516,0.017665663454980964,0.006477242048242182,0.9173531342472535,-0.003376619632521116,0.9074016838225328,1.1331705343742227,normal_volatility,1
2025-08-17,0.10281770634705586,0.12807057294917049,0.25408649682918155,15.09000015258789,16.452499771118163,0.9171858600525802,0.010205113099800878,0.01619339033805267,0.010018385971162003,0.006614023736781993,-0.003997593003943978,0.8,0.00018672712863887497,-0.43179305455911055,-0.2746260589764704,0.01744161860303524,0.00018672712863887497,0.9171858600525802,-0.0034043622343800095,0.9069807469527793,1.128998886248577,normal_volatility,1
2025-08-18,0.10218650959538349,0.12785156633581526,0.25662422178226746,14.989999771118164,16.402999782562254,0.9138572194004279,0.012656194301103207,0.017364131623325285,-0.009627546358269456,0.002285754145408214,-0.01416049452648016,0.6,0.022283740659372664,-0.4501621180004326,-0.266562710244119,0.017781910258479014,0.022283740659372664,0.9138572194004279,0.01191330050367767,0.9012010250993246,1.127013782397704,normal_volatility,1
2025-08-19,0.10426690318909425,0.13772789803080965,0.2763020100121467,15.56999969482422,16.40749979019165,0.9489562635333334,0.008432352868699589,0.002218180908307721,0.0012804862767612502,0.014320832273272632,-0.042433653759960666,0.8,0.007151866591938338,-0.5050196984722632,-0.29723760733244975,0.018870143277357008,0.007151866591938338,0.9489562635333334,0.013040345996511382,0.9405239106646338,1.1651584607529304,normal_volatility,1
2025-08-20,0.10375458747690887,0.1380807932463073,0.2746369271359027,15.6899995803833,16.355999803543092,0.9592809836659744,0.009539876535900271,0.0015751048642300702,0.002898768522035189,0.01782411555581609,-0.01281516901137536,0.8,0.006641108013865082,-0.5125129826690421,-0.2950844726502229,0.019147784051563442,0.006641108013865082,0.9592809836659744,0.0149253470337809,0.9497411071300741,1.1679317758953327,normal_volatility,1
2025-08-21,0.08456485981092995,0.11835343803098675,0.27034800627930566,16.600000381469727,16.166999864578248,1.026782985125161,0.02224475117035296,0.016971200390567764,-0.01605547119633899,-0.005887796877770524,-0.007951411967662692,0.4,0.03830022236669195,-0.1445569805030667,0.2091191219439509,0.017992649273452035,0.03830022236669195,1.026782985125161,0.010167674318568465,1.0045382339548081,1.0778355446504904,normal_volatility,1
2025-08-22,0.09833037937350894,0.12903925584791978,0.3035586573803703,14.220000267028809,15.858999919891357,0.8966517648564453,0.037943148837418894,0.032660380553508395,-0.008767930474395502,0.0047555927998612635,0.03863228554002185,0.8,0.046711079311814396,0.09496964217609231,0.3822082038844392,0.021018990151767645,0.046711079311814396,0.8966517648564453,0.013523523274256766,0.8587086160190264,1.1304380381700816,normal_volatility,1
2025-08-23,0.09833037937350894,0.12903925584791978,0.30389675173964886,14.220000267028809,15.550999975204467,0.9144106674620351,0.037943148837418894,0.032660380553508395,-0.008767930474395502,0.0047555927998612635,0.010126771374449284,0.8,0.046711079311814396,0.09496964217609231,0.3822082038844392,0.021114605783415553,0.046711079311814396,0.9144106674620351,0.013523523274256766,0.8764675186246162,1.1315675229821578,normal_volatility,1
2025-08-24,0.08491299285357015,0.11274872638304936,0.3087350167954564,14.220000267028809,15.385999965667725,0.9242168399037616,0.022402917229977337,0.013951530524145106,-0.011469358979732447,-0.0010614553599324061,-0.014021262932049083,0.4,0.033872276209709784,0.013058246642603062,0.3172212600789792,0.020449729847821237,0.033872276209709784,0.9242168399037616,0.01040790361980004,0.9018139226737842,1.0553362208530122,normal_volatility,1
2025-08-25,0.08429711764695383,0.11012226088268376,0.3245075525605174,14.789999961853027,15.23299994468689,0.9709184018615863,0.0230901918071178,0.01793766445920708,-0.017321400622432592,-0.004274383192539144,-0.03519399757907282,0.4,0.04041159242955039,0.09229350210785206,0.3509093578263917,0.02163629579058679,0.04041159242955039,0.9709184018615863,0.013047017429893448,0.9478282100544685,1.0817139188124751,normal_volatility,1
2025-08-26,0.08160154871196043,0.10197703209203117,0.32842639297968357,14.619999885559082,15.12549991607666,0.9665796149996808,0.01956447049823984,0.009324464923112341,-0.012183917480372175,0.005088523582175819,-0.028039640348436867,0.6,0.031748387978612014,0.17913361030251376,0.4133956479758959,0.021715785648354264,0.031748387978612014,0.9665796149996808,0.017272441062547994,0.947015144501441,1.0645885938731308,normal_volatility,1
2025-08-27,0.08142957552523263,0.10148975837820072,0.31745763090786916,14.850000381469728,15.039499950408935,0.9873998756897463,0.02274423688407823,0.007466051709839272,-0.011634354512547018,-0.001309413862107145,-0.05340426871640158,0.4,0.03437859139662525,0.17303423741553903,0.47067771930318153,0.021324190572786325,0.03437859139662525,0.9873998756897463,0.010324940650439873,0.9646556388056681,1.063961585412225,normal_volatility,1
2025-08-28,0.07814782223933057,0.09844513545368999,0.3210358665798354,14.43000030517578,15.003499984741211,0.9617756070151172,0.018424803839968362,0.004403534769894302,-0.0008019242568264584,0.006324903573027951,-0.035512615460590036,0.6,0.01922672809679482,0.2792226527104678,0.5079301869312808,0.021252963456260935,0.01922672809679482,0.9617756070151172,0.00712682782985441,0.9433508031751489,1.0356918660325034,normal_volatility,1
2025-08-29,0.08186264581129919,0.10701763217814937,0.34439091382002784,15.359999656677246,15.01399998664856,1.023045135895589,0.012351242572271826,-0.007222824894371205,-0.007904501265180941,0.016035840047915695,-0.06943775522151685,0.4,0.020255743837452767,0.35165235953613616,0.35383816800130746,0.02156415436004773,0.020255743837452767,1.023045135895589,0.023940341313096636,1.0106938933233172,1.0807974308305583,normal_volatility,1
2025-08-30,0.08186264581129919,0.10701763217814937,0.3301294156193766,15.359999656677246,15.024499988555908,1.0223301719442834,0.012351242572271826,-0.007222824894371205,-0.007904501265180941,0.016035840047915695,-0.08799742522967158,0.4,0.020255743837452767,0.35165235953613616,0.35383816800130746,0.0213368185118051,0.020255743837452767,1.0223301719442834,0.023940341313096636,1.0099789293720116,1.076953772117911,normal_volatility,1
2025-08-31,0.08132752077021557,0.10657204792271587,0.33014039167471854,15.359999656677246,14.97999997138977,1.0253671352478795,0.014357174100675385,-0.004276615649568605,-0.009039661923917697,0.03085405901113747,-0.08839052154530724,0.4,0.023396836024593082,0.3632827583139895,0.35388109590845995,0.021310746582084653,0.023396836024593082,1.0253671352478795,0.039893720935055166,1.011009961147204,1.0733027593249957,normal_volatility,1
2025-09-01,0.07239211428680706,0.09535872280754067,0.3284387813567554,15.359999656677246,15.011499977111816,1.023215513446144,0.0036719674591279006,-0.01663631828926193,-0.004025118670616945,0.03179037421677866,-0.09088831119119245,0.4,0.007697086129744846,0.5391611901141957,0.45881118632768575,0.020060436921479068,0.007697086129744846,1.023215513446144,0.035815492887395606,1.0195435459870161,1.0109506712463818,normal_volatility,1
2025-09-02,0.07609984469052852,0.0988719855629734,0.3190343309639326,17.170000076293945,15.145499992370606,1.1336700726250808,-0.007164066847316186,-0.02536451842926002,-0.019555509977906782,0.052973724444451475,-0.09845205611336172,0.2,0.012391443130590596,0.5819726665773288,0.05764727198455311,0.019825532241973844,0.012391443130590596,1.1336700726250808,0.07252923442235826,1.140834139472397,1.0706812891053863,normal_volatility,1
2025-09-03,0.07881040750280931,0.10406370096172506,0.29158393244919995,16.350000381469727,15.221500015258789,1.0741385780034605,-0.0018761240830178494,-0.016934174398913093,-0.0013891428984691423,0.06799028364015469,-0.05606954073874193,0.2,-0.0004869811845487071,0.6519286112617483,0.10503856338195304,0.01940667233222388,-0.0004869811845487071,1.0741385780034605,0.06937942653862383,1.0760147020864783,1.057576152022902,normal_volatility,1
2025-09-04,0.08373863568059443,0.10879655707636432,0.2918014967081625,15.300000190734863,15.232000017166138,1.00446429710426,0.00882741807898313,-0.0036548669768061703,0.013444905652627348,0.0626484410255208,-0.05685556833774219,0.6,-0.004617487573644219,0.6983519067715622,-0.002296454984333709,0.019643176239749715,-0.004617487573644219,1.00446429710426,0.04920353537289346,0.995636879025277,1.0578892379315643,normal_volatility,1
2025-09-05,0.08457317418094636,0.10894530301456451,0.2916127965453387,15.18000030517578,15.236500024795532,0.9962918177056538,0.005905704076920815,-0.002217177025907735,0.028896926436660975,0.0768304839472751,-0.05822017617919084,0.6,-0.02299122235974016,0.4972986508188845,-0.048047001958815304,0.01965545924105404,-0.02299122235974016,0.9962918177056538,0.04793355751061412,0.990386113628733,1.0578878665189468,normal_volatility,1
2025-09-06,0.08457317418094636,0.10894530301456451,0.29147913197711106,15.18000030517578,15.241000032424926,0.995997655854644,0.005905704076920815,-0.002217177025907735,0.028896926436660975,0.0768304839472751,-0.061542602922763257,0.6,-0.02299122235974016,0.4972986508188845,-0.048047001958815304,0.019641976762298424,-0.02299122235974016,0.995997655854644,0.04793355751061412,0.9900919517777231,1.055988923779537,normal_volatility,1
2025-09-07,0.08455876516156799,0.10893944983190758,0.2929338052869592,15.18000030517578,15.250500059127807,0.9953772168992038,0.0061246684345057645,-0.0018193514281256151,0.03188269676601374,0.07851433336866132,-0.04373844445029862,0.6,-0.025758028331507976,0.5008387224322239,-0.05064652900931064,0.019495247843103268,-0.025758028331507976,0.9953772168992038,0.046631636602647575,0.989252548464698,1.0523447730516287,normal_volatility,1
2025-09-08,0.08204888304303917,0.097723712920399,0.27627699488080393,15.109999656677246,15.227500057220459,0.9922836709833078,0.014097868685866821,0.016845700208736547,0.03959798405894266,0.09679961795793646,-0.0067335110924500174,0.8,-0.025500115373075838,0.5493024828294508,-0.11625562185002847,0.018543797989668064,-0.025500115373075838,0.9922836709833078,0.0572016338989938,0.978185802297441,1.024719486611194,normal_volatility,1
2025-09-09,0.08123383864468552,0.0945474620931423,0.27234258808365336,15.039999961853027,15.195000076293946,0.9897992685973896,0.019150350250702664,0.02581742383277552,0.03142848398606635,0.08334418675539412,-0.024014014470471245,0.8,-0.012278133735363683,0.5205941073291659,-0.10172961112402701,0.017850073154798828,-0.012278133735363683,0.9897992685973896,0.051915702769327776,0.970648918346687,1.0095626137927418,normal_volatility,1
2025-09-10,0.0793012978257963,0.09203352995502903,0.2776117697487342,15.350000381469728,15.132500076293946,1.0143730582573405,0.02621355180058238,0.030925955874939737,0.04248542046149639,0.09102151206655407,0.013666085785630777,1.0,-0.016271868660914013,0.49754759724409714,-0.16948553506099442,0.017760022767181218,-0.016271868660914013,1.0143730582573405,0.048536091605057674,0.9881595064567581,1.005812214458968,normal_volatility,1
2025-09-11,0.06548329193884006,0.07806450017912513,0.2425281221081182,14.710000038146973,15.157000064849854,0.9705086742237664,0.019091681448951014,0.02117252225890498,0.04173992532124404,0.07785441509037216,-0.011692471124272852,0.8,-0.022648243872293028,0.5198977211349618,-0.4565331339006549,0.012989582162633202,-0.022648243872293028,0.9705086742237664,0.03611448976912812,0.9514169927748154,0.862040865218408,low_volatility,1
2025-09-12,0.06555870794936802,0.07883998205902938,0.23874552537995883,14.760000228881836,15.184000062942506,0.9720758803804627,0.018750584829041017,0.02568310482485492,0.03724271139238322,0.07997948331963434,0.006303395320422345,1.0,-0.018492126563342204,0.5198302530923647,-0.4612206882870087,0.013703876028880454,-0.018492126563342204,0.9720758803804627,0.042736771927251116,0.9533252955514216,0.8728429398485033,low_volatility,1
2025-09-13,0.06555870794936802,0.07883998205902938,0.2302988203854693,14.760000228881836,15.211000061035156,0.9703504154661986,0.018750584829041017,0.02568310482485492,0.03724271139238322,0.07997948331963434,0.021964680208107712,1.0,-0.018492126563342204,0.5198302530923647,-0.4612206882870087,0.01358998031069099,-0.018492126563342204,0.9703504154661986,0.042736771927251116,0.9515998306371576,0.8721786612715261,low_volatility,1
2025-09-14,0.06260006031029765,0.0774716679435708,0.2017224481109471,14.760000228881836,15.209500074386597,0.9704461130670734,0.02325398917174515,0.028650566933711374,0.040230160240845025,0.08259377066299578,0.04797580746254404,1.0,-0.016976171069099877,0.5010690892293,-0.5505378515860015,0.011324764422389475,-0.016976171069099877,0.9704461130670734,0.042363610422150755,0.9471921238953283,0.8303662357220944,low_volatility,1
2025-09-15,0.06345408987149144,0.08107941504686157,0.19602063511526216,15.6899995803833,15.263000059127808,1.0279761200027075,0.024412492381739925,0.03330375144365516,0.0432597333104483,0.08597160421766081,0.03257721124134738,1.0,-0.018847240928708375,0.515068807765492,-0.501854854599996,0.010654840927108514,-0.018847240928708375,1.0279761200027075,0.04271187090721251,1.0035636276209676,0.8505432302684517,low_volatility,1
2025-09-16,0.06396552903331262,0.08156365040392566,0.1975948430633397,16.360000610351562,15.3385000705719,1.0665971597665858,0.020676368583487204,0.030846143163876905,0.04666482695450158,0.08595825402871382,0.050539657992765497,1.0,-0.025988458371014378,0.5232881773831145,-0.4828496463523396,0.010565596658148994,-0.025988458371014378,1.0665971597665858,0.03929342707421224,1.0459207911830986,0.8692284930681462,low_volatility,1
2025-09-17,0.06372942122663022,0.08047476299346437,0.19537486911556232,15.720000267028809,15.40300006866455,1.0205804192008774,0.015810984150694596,0.02238855801138473,0.03717762673017533,0.06964416889318836,0.03486347624748065,1.0,-0.021366642579480732,0.5209758089611671,-0.4277983442538789,0.010624997893289957,-0.021366642579480732,1.0205804192008774,0.032466542163013035,1.0047694350501828,0.8529155575637477,low_volatility,1
2025-09-18,0.059839204324255324,0.06988913323230873,0.13230025415394903,15.699999809265137,15.420000076293945,1.0181582186501834,0.026680193888913184,0.043688543552680814,0.03382304179981088,0.05517649381848044,0.08049349598716171,1.0,-0.007142847910897698,0.30931572529061135,-0.4144197949692907,0.009019248791174564,-0.007142847910897698,1.0181582186501834,0.02135345201866956,0.9914780247612702,0.8135948905486196,low_volatility,1
2025-09-19,0.06095773861748091,0.07124528403806049,0.14437989721936526,15.449999809265137,15.42450008392334,1.0016531962269801,0.03176511642753077,0.05075362517455417,0.03185252703174157,0.06636899067960345,0.06323785582023622,1.0,-8.741060421080249e-05,0.2715237928720923,-0.35614489557823964,0.00950390614001477,-8.741060421080249e-05,1.0016531962269801,0.03451646364786187,0.9698880797994494,0.8196111513360675,low_volatility,1
2025-09-20,0.06095773861748091,0.07124528403806049,0.1414348884244551,15.449999809265137,15.429000091552734,1.001361054999533,0.03176511642753077,0.05075362517455417,0.03185252703174157,0.06636899067960345,0.06915629581835936,1.0,-8.741060421080249e-05,0.2715237928720923,-0.35614489557823964,0.009456262865689128,-8.741060421080249e-05,1.001361054999533,0.03451646364786187,0.9695959385720023,0.8195035298689746,low_volatility,1
2025-09-21,0.06095773861748091,0.07124528403806049,0.14164838043196987,15.449999809265137,15.43350009918213,1.0010690841336685,0.03176511642753077,0.05075362517455417,0.03185252703174157,0.06636899067960345,0.05542761638309179,1.0,-8.741060421080249e-05,0.2715237928720923,-0.35614489557823964,0.009369558366855966,-8.741060421080249e-05,1.0010690841336685,0.03451646364786187,0.9693039677061377,0.8185768839584422,low_volatility,1
2025-09-22,0.05177290391250117,0.05941253191472955,0.15559405690848552,16.100000381469727,15.380000114440918,1.0468140612270067,0.044385707605649305,0.06590674109379635,0.03585181256921399,0.059768394833860095,0.013920087398370473,1.0,0.008533895036435313,0.08125243607928966,0.0903552132142549,0.010194024152910201,0.008533895036435313,1.0468140612270067,0.023916582264646102,1.0024283536213574,0.7999049171361416,low_volatility,1
2025-09-23,0.05686366845075597,0.0662361808349048,0.15689010969533446,16.639999389648438,15.394500064849854,1.0809054740038244,0.03310147024471499,0.050561201873090766,0.03176621367780608,0.05582975555806047,0.002607238550125013,1.0,0.0013352565669089156,-0.09247312025337204,0.0235056974456813,0.010145241479659704,0.0013352565669089156,1.0809054740038244,0.02406354188025439,1.0478040037591094,0.8381868232460089,low_volatility,1
2025-09-24,0.05342046046598342,0.06469151324542297,0.1581069223365008,16.18000030517578,15.4385000705719,1.04802929243219,0.021279418304849473,0.03748255269443046,0.020061928405402663,0.050904541793546976,0.023527334852177395,1.0,0.0012174898994468109,-0.1533128312451966,0.2556387720680757,0.009788232881549133,0.0012174898994468109,1.04802929243219,0.030842613388144313,1.0267498741273404,0.8047202512604814,low_volatility,1
2025-09-25,0.05541724499242026,0.06829521462157416,0.21019485690929626,16.739999771118164,15.51650004386902,1.0788515273283283,0.019520430828245727,0.031521226010025716,0.004742592023176506,0.04138351521583172,-0.014475201658141645,0.8,0.014777838805069221,0.0010484455271556558,0.34100903503417346,0.011857966092484379,0.014777838805069221,1.0788515273283283,0.03664092319265522,1.0593310965000826,0.8541622957811766,low_volatility,1
2025-09-26,0.057764977003144286,0.06860661811803469,0.21114104312267046,15.289999961853027,15.52200002670288,0.9850534683384398,0.02536141056156116,0.0357616743400766,0.0038393003046635066,0.047394662497974194,-0.0046438521426509505,0.8,0.021522110256897653,-0.014221803811574646,0.35695982907394735,0.012441985757629174,0.021522110256897653,0.9850534683384398,0.04355536219331069,0.9596920577768786,0.8358593862694137,low_volatility,1
2025-09-27,0.057764977003144286,0.06860661811803469,0.20862541331192164,15.289999961853027,15.527500009536743,0.9847045533706105,0.02536141056156116,0.0357616743400766,0.0038393003046635066,0.047394662497974194,-0.013364250422802537,0.8,0.021522110256897653,-0.014221803811574646,0.35695982907394735,0.012379583732041902,0.021522110256897653,0.9847045533706105,0.04355536219331069,0.9593431428090493,0.8346548833393925,low_volatility,1
2025-09-28,0.057747849689162696,0.06785409075369304,0.2220451601222082,15.289999961853027,15.536500024795533,0.9841341317189133,0.022848739766051063,0.03073387053332688,-0.00936020054808584,0.03560116674453595,0.00045694908722770933,0.8,0.0322089403141369,-0.07725887701511475,0.35534258151500464,0.012822717132584243,0.0322089403141369,0.9841341317189133,0.04496136729262179,0.9612853919528622,0.839239162110947,low_volatility,1
2025-09-29,0.05790929087282113,0.06861030916967907,0.23231839276392835,16.1200008392334,15.59050006866455,1.0339630395584998,0.023357398388265782,0.032581738223877776,0.004482545543490479,0.05507990789366235,0.025731389452581244,1.0,0.018874852844775303,-0.006133182863875708,0.37686304721905645,0.013082526105517266,0.018874852844775303,1.0339630395584998,0.05059736235017187,1.010605641170234,0.8637273232660401,low_volatility,1
2025-09-30,0.058338175703883784,0.06854484858037327,0.21981412683666976,16.280000686645508,15.63700008392334,1.0411204578417346,0.02425128813586186,0.035071450635257406,-0.004122988211303857,0.06028154526752716,0.0008839124640775964,0.8,0.028374276347165717,-0.06459272422736287,0.39516027301863094,0.01292032457392202,0.028374276347165717,1.0411204578417346,0.06440453347883102,1.0168691697058727,0.8708657540217919,low_volatility,1
2025-10-01,0.052746386981295815,0.06782797574977713,0.2584515356690085,16.290000915527344,15.716000127792359,1.0365233381946795,0.019270989378777692,0.03401808128976169,-0.008182252066065376,0.06353802244349205,0.027196412030735306,0.8,0.02745324144484307,-0.2502348858097052,0.5085913277943936,0.01382660021862231,0.02745324144484307,1.0365233381946795,0.07172027450955742,1.0172523488159018,0.8577056356072545,low_volatility,1
2025-10-02,0.05252588097093607,0.0676728863269066,0.2641508636822983,16.6299991607666,15.809500074386596,1.0518991165134512,0.020786653247707454,0.033703073365246805,-0.0009815680422826656,0.05774847755576973,0.039445455965889886,0.8,0.02176822128999012,-0.27430597325823297,0.49441691015253975,0.013407594056024603,0.02176822128999012,1.0518991165134512,0.058730045598052394,1.0311124632657438,0.8631108726958416,low_volatility,1
2025-10-03,0.05252976413994865,0.07063358968926588,0.2666679327778296,16.649999618530273,15.904000043869019,1.0469064117582694,0.020771578921447764,0.02935148708088886,-0.0028780609148654213,0.06624530538184592,0.054471718638037014,0.8,0.023649639836313185,-0.26478426046466846,0.471611681502679,0.013491520419143576,0.023649639836313185,1.0469064117582694,0.06912336629671134,1.0261348328368216,0.8675113051287502,low_volatility,1
2025-10-04,0.05252976413994865,0.07063358968926588,0.26528692986887814,16.649999618530273,15.99850001335144,1.0407225430281044,0.020771578921447764,0.02935148708088886,-0.0028780609148654213,0.06624530538184592,0.060808560415591906,0.8,0.023649639836313185,-0.26478426046466846,0.471611681502679,0.013445055180732439,0.023649639836313185,1.0407225430281044,0.06912336629671134,1.0199509641066566,0.8699114474451983,low_volatility,1
2025-10-05,0.05010610279966385,0.06557486951721157,0.26584398061937065,16.649999618530273,16.04650001525879,1.0376094227836357,0.015365819608013975,0.020617974962889196,-0.005200701757504644,0.055265441515269575,0.06989137943542323,0.8,0.02056652136551862,-0.32899687645586023,0.4343430768351109,0.013274376777402536,0.02056652136551862,1.0376094227836357,0.06046614327277422,1.0222436031756217,0.8579736457971419,low_volatility,1
2025-10-06,0.050385315588208184,0.06902385064671711,0.26505313422796145,16.3700008392334,16.047000026702882,1.0201284235055168,0.020412144978651847,0.02915277210711653,-0.015178336101318024,0.07299981981876735,0.06769195465503719,0.8,0.03559048107996987,-0.35828429379736176,0.4679347279429807,0.013611890483897784,0.03559048107996987,1.0201284235055168,0.08817815592008538,0.999716278526865,0.8593089531393332,low_volatility,1
2025-10-07,0.052563307632912726,0.07209434562901322,0.28486918790426613,17.239999771118164,16.12300000190735,1.069279896364118,0.017893546912327807,0.02578103852027236,-0.006986080234043901,0.08692170946617295,0.042783024300627304,0.8,0.024879627146371708,-0.4473754673342166,0.40873437335998364,0.014481912969779484,0.024879627146371708,1.069279896364118,0.09390778970021685,1.05138634945179,0.9061082328140257,normal_volatility,1
2025-10-08,0.0539749078767866,0.07599347213893713,0.28863991348096596,16.299999237060547,16.15299997329712,1.0091004311277432,0.019201043348268998,0.02826859196265752,0.004155900120275335,0.10929024852340463,0.05308018201412046,1.0,0.015045143227993663,-0.337759997469994,0.5742641323304335,0.014689616350433614,0.015045143227993663,1.0091004311277432,0.1051343484031293,0.9898993877794742,0.8944131113548438,low_volatility,1
2025-10-09,0.05345694321537892,0.07376975767682921,0.2893594220491033,16.43000030517578,16.201999998092653,1.0140723557036149,0.01123995895489438,0.020118522946265704,0.005284424838244206,0.07739253660840828,0.05200783026995759,1.0,0.005955534116650174,-0.2901535841833387,0.5818074572181258,0.014767927171049368,0.005955534116650174,1.0140723557036149,0.07210811177016407,1.0028323967487205,0.8984724643643388,low_volatility,1
2025-10-10,0.11165409605512394,0.14680930305739281,0.38735537590826946,21.65999984741211,16.5125,1.3117335259598553,-0.01609166062042111,-0.015294137368295102,0.021516936000881115,0.0882717232381851,-0.02166912597820836,0.4,-0.037608596621302226,-0.7044237830021175,0.14399217656791866,0.020755646521967267,-0.037608596621302226,1.3117335259598553,0.06675478723730399,1.3278251865802764,1.4169255670513516,high_volatility,2
2025-10-11,0.11165409605512394,0.14680930305739281,0.3940567728995483,21.65999984741211,16.82300000190735,1.2875230247254563,-0.01609166062042111,-0.015294137368295102,0.021516936000881115,0.0882717232381851,-0.03901104261889887,0.4,-0.037608596621302226,-0.7044237830021176,0.14399217656791868,0.020905109767825558,-0.037608596621302226,1.2875230247254563,0.06675478723730399,1.3036146853458774,1.4121667368553106,high_volatility,2
2025-10-12,0.10980052004408347,0.14474258678752275,0.4117689930252745,21.65999984741211,17.100999975204466,1.2665925898379011,-0.020724710387392764,-0.02108930287948596,0.02520229319503886,0.0697580297804874,0.021474854607623994,0.6,-0.045927003582431625,-0.6930554714892153,0.08523807543878618,0.02260035442618467,-0.045927003582431625,1.2665925898379011,0.044555736585448535,1.2873173002252938,1.4165594976774774,high_volatility,2
2025-10-13,0.12273408112352079,0.16303683507842479,0.4107232675553751,19.030000686645508,17.220500040054322,1.1050782870638103,-0.0002564669041538181,0.006369085996674961,0.01752430327104615,0.09129482671280864,0.02907282650906806,0.8,-0.017780770175199967,-0.636868843267938,0.290438326783564,0.02310572485892389,-0.017780770175199967,1.1050782870638103,0.07377052344176249,1.105334753967964,1.4193024693418705,high_volatility,2
2025-10-14,0.12225308963155009,0.16440869925807752,0.4150864394547083,20.809999465942383,17.451999998092653,1.1924134464941971,0.001709263308349751,0.0031873444052405997,0.024682830393009114,0.10914016201018506,-0.0018527422840032282,0.8,-0.022973567084659363,-0.6797734912722411,0.27247521545703146,0.023305139661709454,-0.022973567084659363,1.1924134464941971,0.08445733161717595,1.1907041831858474,1.4563171764415046,high_volatility,2
2025-10-15,0.12183283828247629,0.16521188280646698,0.3984185789264803,20.63999938964844,17.646999979019164,1.1696038654835217,0.010819789357703113,0.014641039220681495,0.02242731378081353,0.12368387135152292,0.015899920255383337,1.0,-0.011607524423110416,-0.7022788525277914,0.2919493026897382,0.02253956767727352,-0.011607524423110416,1.1696038654835217,0.1012565575707094,1.1587840761258186,1.4333750025476286,high_volatility,2
2025-10-16,0.12291134460739733,0.1654498972104568,0.40720176338022246,25.309999465942383,18.147999954223632,1.3946440120004475,-0.0017830861961952715,0.006745296768518649,0.031022812042685644,0.14336397119655953,-0.013916231024146741,0.6,-0.032805898238880915,-0.7140903317332455,0.19248865195190276,0.022527378367819668,-0.032805898238880915,1.3946440120004475,0.11234115915387388,1.396427098196643,1.5438704028808201,high_volatility,2
2025-10-17,0.12458850550774032,0.16688131407977225,0.41089860555938906,20.780000686645508,18.42249999046326,1.1279685546154241,0.00388318610467131,0.01335639810845013,0.029442485508444527,0.12184922763434813,-0.02930433300432811,0.8,-0.025559299403773217,-0.7221243902651192,0.0880699181015666,0.02266469888126785,-0.025559299403773217,1.1279685546154241,0.09240674212590361,1.1240853685107528,1.4356694103408372,high_volatility,2
2025-10-18,0.12458850550774032,0.16688131407977225,0.4028178554873786,20.780000686645508,18.69700002670288,1.111408282450003,0.00388318610467131,0.01335639810845013,0.029442485508444527,0.12184922763434813,-0.04391954178522983,0.8,-0.025559299403773217,-0.7221243902651192,0.0880699181015666,0.022429205230799255,-0.025559299403773217,1.111408282450003,0.09240674212590361,1.1075250963453316,1.4262777520982632,high_volatility,2
2025-10-19,0.12421333683509607,0.16624900351740834,0.3986340613184405,20.780000686645508,18.930000019073486,1.0977285084895931,0.0010698130967061736,0.008685048144886798,0.021058359635830026,0.10364296562707231,-0.05011934168434884,0.8,-0.019988546539123853,-0.7876942540499149,0.07343355810094421,0.02238676709747299,-0.019988546539123853,1.0977285084895931,0.08258460599124229,1.096658695392887,1.4174641868160731,high_volatility,2
2025-10-20,0.1289638593105357,0.17162084670821437,0.40484331360580544,18.229999542236328,19.027499961853028,0.9580869572347626,0.007685597679587319,0.01860502756273963,0.027958707377907288,0.13413225451387056,-0.030398695707477774,0.8,-0.02027310969831997,-0.7115313653556009,0.20413241160081702,0.0226096303737516,-0.02027310969831997,0.9580869572347626,0.10617354713596328,0.9504013595551752,1.3749458885449273,high_volatility,2
2025-10-21,0.12848169159334322,0.17106639703536533,0.3780953665808839,17.8700008392334,19.10649995803833,0.9352838499191097,0.004248624272925827,0.013477102345904823,0.030350517857601567,0.059573607639243464,-0.08573224460845397,0.8,-0.02610189358467574,-0.7117361164915679,0.1441312708169632,0.021852196337406773,-0.02610189358467574,0.9352838499191097,0.029223089781641898,0.9310352256461839,1.3486607624823952,high_volatility,2
2025-10-22,0.129856415614379,0.1743838108387054,0.369667531439252,18.600000381469727,19.205000019073488,0.9684978059358029,-0.002121730577089309,-0.0003962005158486548,0.028029103524369603,0.06338958170386988,-0.10766105781882429,0.4,-0.030150834101458912,-0.7018394352633565,0.15015744139018836,0.021605343569250892,-0.030150834101458912,0.9684978059358029,0.035360478179500276,0.9706195365128922,1.363755060847271,high_volatility,2
2025-10-23,0.13159530489725274,0.1760502362620151,0.3769433805211235,17.299999237060547,19.2375,0.8992852105034722,0.00381040261376997,0.012268299937630234,0.022935812363564123,0.05913766086067018,-0.09975587401396901,0.8,-0.019125409749794153,-0.7117452268826608,0.14996781031163156,0.02180574024489837,-0.019125409749794153,0.8992852105034722,0.03620184849710606,0.8954748078897022,1.3357447960865652,high_volatility,2
2025-10-24,0.13457536516144844,0.17955768406747635,0.37951019892322746,16.3700008392334,19.223500061035157,0.8515619313474748,0.012014114504699025,0.02307758794548964,0.023383339127793112,0.055586549465882706,-0.09304854262368256,0.8,-0.011369224623094087,-0.7039810946810713,0.13132129641435972,0.02205366810520336,-0.011369224623094087,0.8515619313474748,0.032203210338089594,0.8395478168427758,1.3237547975695463,high_volatility,2
2025-10-25,0.13457536516144844,0.17955768406747635,0.3780925684440003,16.3700008392334,19.209500122070313,0.8521825521334344,0.012014114504699025,0.02307758794548964,0.023383339127793112,0.055586549465882706,-0.09611704188403025,0.8,-0.011369224623094087,-0.7039810946810713,0.13132129641435972,0.02202797808348863,-0.011369224623094087,0.8521825521334344,0.032203210338089594,0.8401684376287354,1.3153896147795354,high_volatility,2
2025-10-26,0.13413245706561905,0.1780311612206664,0.3897790507001586,16.3700008392334,19.209500122070313,0.8521825521334344,0.008397769271419442,0.015451418361948743,0.031577712137671465,0.03606121069976198,-0.08240382647546485,0.8,-0.023179942866252023,-0.7373555471685462,0.1191443875219097,0.022380837408736833,-0.023179942866252023,0.8521825521334344,0.0044834985620905154,0.843784782862015,1.3094677897319122,high_volatility,2
2025-10-27,0.13895954043950587,0.1862110578080212,0.3806374451151438,15.789999961853027,19.137000131607056,0.8251031955512163,0.024091366563882,0.039006827652463105,0.02915456451024423,0.0020477256047690684,-0.06037028576956949,0.8,-0.00506319794636223,-0.6719039196653374,0.025897808491767624,0.02212699681385942,-0.00506319794636223,0.8251031955512163,-0.02710683890547516,0.8010118289873343,1.3072239113681778,high_volatility,2
2025-10-28,0.13795704934788502,0.18413225346712925,0.37499154603927615,16.420000076293945,19.143000173568726,0.8577547890829306,0.020724717177368346,0.03513009560119218,0.03103643475448381,-0.021273121595052236,-0.08429909060008078,0.6,-0.010311717577115465,-0.6693294393363235,0.00045839348293319975,0.022049065731522037,-0.010311717577115465,0.8577547890829306,-0.052309556349536046,0.8370300719055622,1.3084504713058818,high_volatility,2
2025-10-29,0.13719022897300556,0.18401337173932733,0.38150716377293326,16.920000076293945,19.167500162124632,0.8827442250256613,0.0241821242987601,0.04105127627063454,0.0214173490755305,-0.006649680443545969,-0.09572511532858341,0.6,0.0027647752232295986,-0.5866891544677425,-0.020094970539296382,0.022036454509720377,0.0027647752232295986,0.8827442250256613,-0.02806702951907647,0.8585621007269012,1.3085772512274518,high_volatility,1
2025-10-30,0.10021363243006709,0.14020314090248168,0.29864488385988375,16.90999984741211,18.930000162124635,0.8932910566607302,0.04105549050881585,0.062001643589394195,-0.0006622340901175638,0.0027362640306287656,-0.043358634018333175,0.6,0.041717724598933414,0.050415129282504814,-0.011541120207307975,0.01721888345899813,0.041717724598933414,0.8932910566607302,0.0033984981207463294,0.8522355661519143,1.0752131646966818,normal_volatility,1
2025-10-31,0.10000738354828885,0.13985687005205624,0.2933118946746755,17.440000534057617,18.71900019645691,0.9316737192704673,0.04447025634431312,0.06712465173374604,-0.0036416395170849603,-0.0027091461129937766,-0.011296296962176045,0.4,0.04811189586139808,0.04348841139530829,-0.014312917492598417,0.01702804224950167,0.04811189586139808,0.9316737192704673,0.0009324934040911836,0.8872034629261542,1.0817195807022217,normal_volatility,1
2025-11-01,0.10000738354828885,0.13985687005205624,0.2541470467567861,17.440000534057617,18.508000230789186,0.9422952407924177,0.04447025634431312,0.06712465173374604,-0.0036416395170849603,-0.0027091461129937766,-0.04433238161328423,0.4,0.04811189586139808,0.04348841139530829,-0.014312917492598417,0.013619363565928633,0.04811189586139808,0.9422952407924177,0.0009324934040911836,0.8978249844481045,1.039613457290125,normal_volatility,1
2025-11-02,0.08727396980328858,0.12304693846867201,0.2552996732777282,17.440000534057617,18.42850022315979,0.9463602747303392,0.028686021199173295,0.04494942436321159,-0.0030916131133703617,-0.026369386435162845,-0.04017879593333595,0.4,0.03177763431254366,0.06146166362615862,-0.17452773741438724,0.013070072348921293,0.03177763431254366,0.9463602747303392,-0.023277773321792483,0.9176742535311659,0.9737001829810655,normal_volatility,1
2025-11-03,0.0867168630332574,0.11870961526240177,0.27845862632234397,17.170000076293945,18.246500253677368,0.9410023751175809,0.0318772335030133,0.05698997063452871,-0.008758812495734625,-0.031539718732426225,-0.05809068449897292,0.4,0.04063604599874793,0.08315681681925138,-0.16495829398990616,0.014626344541100698,0.04063604599874793,0.9410023751175809,-0.0227809062366916,0.9091251416145676,0.9835907455212796,normal_volatility,1
2025-11-04,0.09813603520386133,0.1429430635365914,0.31336707062939173,19.0,18.164500284194947,1.0459962951214257,0.015139101930319976,0.028278850349117812,-0.004357934972870736,-0.06471516140386357,-0.0829786791412983,0.4,0.019497036903190712,0.016798268628464973,-0.09040728752518305,0.01692096416322844,0.019497036903190712,1.0459962951214257,-0.06035722643099284,1.0308571931911057,1.1052214142582364,normal_volatility,1
2025-11-05,0.09431323430605869,0.14267119478451049,0.3183746356599857,18.010000228881836,17.79950032234192,1.0118261694276718,0.025641842807570647,0.038817475135445756,-0.022538023239009664,-0.0755202459819102,-0.039692765926287454,0.4,0.04817986604658031,0.0964996702754204,0.014645405788347818,0.017332133229198163,0.04817986604658031,1.0118261694276718,-0.05298222274290054,0.9861843266201011,1.0679446556863985,normal_volatility,1
2025-11-06,0.1018554805584183,0.1589455758957463,0.3252221385323381,19.5,17.735500288009643,1.0994897061450968,0.008910416883782135,0.012816106651406312,-0.01223398373838569,-0.05892178072846144,-0.048526413908784205,0.4,0.021144400622167825,-0.10755779877465756,0.03524344722707978,0.01793284203635317,0.021144400622167825,1.0994897061450968,-0.04668779699007575,1.0905792892613146,1.141769817750264,normal_volatility,1
2025-11-07,0.10185604686317343,0.15951945142325544,0.33375033340447147,19.07999992370605,17.65050024986267,1.0809891874795166,0.009903696838134302,0.00962033765866388,-0.014324890269472479,-0.053163302899699505,-0.03568956412395319,0.4,0.02422858710760678,-0.10803448397634592,0.03748650148733789,0.018341075379357606,0.02422858710760678,1.0809891874795166,-0.038838412630227026,1.0710854906413823,1.1336127111608885,normal_volatility,1
2025-11-08,0.10185604686317343,0.15951945142325544,0.33008310753837955,19.07999992370605,17.565500211715698,1.0862201300125929,0.009903696838134302,0.00962033765866388,-0.014324890269472479,-0.053163302899699505,-0.05875390627836452,0.4,0.02422858710760678,-0.10803448397634592,0.03748650148733789,0.018111665271551027,0.02422858710760678,1.0862201300125929,-0.038838412630227026,1.0763164331744586,1.1271909496155166,normal_volatility,1
2025-11-09,0.0949190387923319,0.1530078750935155,0.33581408863031914,19.07999992370605,17.608000230789184,1.0835983458441205,-0.0004916650116291166,-0.0029432730276718333,-0.01809318888520206,-0.08641943908062266,-0.05307302529362856,0.0,0.017601523873572944,-0.2058653852474084,-0.16381272400843264,0.01862511601898832,0.017601523873572944,1.0835983458441205,-0.0683262501954206,1.0840900108557496,1.098758873326891,normal_volatility,1
2025-11-10,0.10991130246665473,0.17213784602096363,0.33367442979421574,17.600000381469727,17.594500207901,1.0003126075480255,0.01512013602599449,0.01938234052751353,-0.023114162045246966,0.0030219878007344825,-0.02286474898671531,0.6,0.03823429807124146,-0.1610566867529279,0.0700485306664904,0.019043146114022278,0.03823429807124146,1.0003126075480255,0.02613614984598145,0.985192471522031,1.131446195692303,normal_volatility,1
2025-11-11,0.10770659893786245,0.16814992438115606,0.34703986635230105,17.280000686645508,17.52850022315979,0.9858231147359688,0.02276123007670816,0.026557067705995197,-0.019281055784805767,0.006864918220607086,-0.04356187934552891,0.6,0.04204228586151393,-0.1292302015760784,0.07369684415392104,0.01938606760886326,0.04204228586151393,0.9858231147359688,0.026145974005412853,0.9630618846592607,1.1122142979486387,normal_volatility,1
2025-11-12,0.10622096491935822,0.16619912670833864,0.3369072582467827,17.510000228881836,17.539000272750854,0.9983465395166181,0.017297918949922497,0.017196735833167498,-0.010767077065304664,0.019007844787435113,-0.07637467017533273,0.6,0.02806499601522716,-0.08644457154944137,0.056402693408978376,0.01912220435227956,0.02806499601522716,0.9983465395166181,0.029774921852739777,0.9810486205666956,1.1016951302548486,normal_volatility,1
2025-11-13,0.11924757015458923,0.17816664210092192,0.33783141757761703,20.0,17.720500230789185,1.128636310460932,-0.007692843834372853,-0.014098091789259914,-0.01931914368395915,0.014171451205784669,-0.10209879553982026,0.2,0.011626299849586297,0.09510398601911547,0.1560979146491431,0.01975581602187447,0.011626299849586297,1.128636310460932,0.03349059488974382,1.136329154295305,1.2142116269247192,high_volatility,2
2025-11-14,0.11924244408743855,0.17822341077383205,0.3753881660571358,19.82999992370605,17.893500185012815,1.1082236409126485,-0.00785535274721183,-0.013352715561179007,-0.024914698875453722,-0.0041322250582531694,-0.154457818155888,0.0,0.017059346128241892,0.09121980749762996,0.14558354574262988,0.02045885019105621,0.017059346128241892,1.1082236409126485,0.020782473817200553,1.1160789936598603,1.2093122991821974,high_volatility,2
2025-11-15,0.11924244408743855,0.17822341077383205,0.36252677391360644,19.82999992370605,18.066500139236446,1.0976115889009224,-0.00785535274721183,-0.013352715561179007,-0.024914698875453722,-0.0041322250582531694,-0.16530875027034686,0.0,0.017059346128241892,0.09121980749762996,0.14558354574262988,0.01973809792209267,0.017059346128241892,1.0976115889009224,0.020782473817200553,1.1054669416481342,1.192067600802228,normal_volatility,2
2025-11-16,0.11029703778047509,0.16449173981734458,0.3624019539015534,19.82999992370605,18.2685001373291,1.0854749856112298,-0.019423907107936955,-0.030616663758569307,-0.02820820400357671,0.02438620596525043,-0.1747491010300758,0.2,0.008784296895639754,0.010713122681077103,0.4235280379971745,0.019393975119067243,0.008784296895639754,1.0854749856112298,0.05259440996882714,1.1048988927191667,1.141860203045053,normal_volatility,2
2025-11-17,0.11324305104181163,0.16253960569144005,0.36525059727302794,22.3799991607666,18.566500091552733,1.2053967657021643,-0.031132689565264493,-0.04623016701703586,-0.028343426409258576,0.019951668357899965,-0.184693675069885,0.2,-0.0027892631560059167,-0.061130497859126776,0.49232083656080244,0.019396350802481456,-0.0027892631560059167,1.2053967657021643,0.04829509476715854,1.2365294552674286,1.2017285956250374,high_volatility,2
2025-11-18,0.11548830836989497,0.16403728582633395,0.366303304090555,24.690000534057617,18.955000114440914,1.302558711948911,-0.039730105144156314,-0.06206650425334015,-0.01875364165175486,0.03126723444494672,-0.15543484919762285,0.2,-0.020976463492401454,-0.0421625314727812,0.46413118171250733,0.01980029972135994,-0.020976463492401454,1.302558711948911,0.05002087609670158,1.3422888170930674,1.255783195064435,high_volatility,2
2025-11-19,0.11212975123120417,0.16048739954317248,0.3663187356652339,23.65999984741211,19.292500114440916,1.226383294392312,-0.025300505007867513,-0.041817676762937794,-0.015005629910177287,0.013049432654871795,-0.1554819228874329,0.2,-0.010294875097690226,-0.13738556907997637,0.6399791404164947,0.01973275822969544,-0.010294875097690226,1.226383294392312,0.028055062565049083,1.2516837994001797,1.2079006616904668,high_volatility,2
2025-11-20,0.12110646570311707,0.17540014804086457,0.3908746347941897,26.420000076293945,19.74150009155273,1.3382974927826738,-0.04329520111458285,-0.06899070060886392,-0.008169744353839992,0.018282112016723584,-0.20924669845068766,0.2,-0.03512545676074286,-0.20201771298926355,0.6287169125662027,0.020830984693225037,-0.03512545676074286,1.3382974927826738,0.026451856370563576,1.3815926938972567,1.3046924788124514,high_volatility,2
2025-11-21,0.12842821675376923,0.1793761424114285,0.38677385529456604,23.43000030517578,20.04100008010864,1.1691033487111673,-0.033765251290070575,-0.0619962651469419,-0.005168783661413157,0.016706492388512073,-0.22689820994798904,0.2,-0.028596467628657418,-0.13005248459766497,0.5749461232984945,0.020873713016589045,-0.028596467628657418,1.1691033487111673,0.02187527604992523,1.2028686000012379,1.257897879587032,high_volatility,2
2025-11-22,0.12842821675376923,0.1793761424114285,0.38217817362766415,23.43000030517578,20.340500068664547,1.1518890993870279,-0.033765251290070575,-0.0619962651469419,-0.005168783661413157,0.016706492388512073,-0.234918236798073,0.2,-0.028596467628657418,-0.13005248459766497,0.5749461232984945,0.02073896042025153,-0.028596467628657418,1.1518890993870279,0.02187527604992523,1.1856543506770985,1.2448797464520145,high_volatility,2
2025-11-23,0.12790965140141103,0.17736736883330032,0.39435028629034335,23.43000030517578,20.65350008010864,1.1344324310309606,-0.03557526170103542,-0.06646305856695212,-0.002674498509796841,0.014886898021984507,-0.18529305035025811,0.2,-0.03290076319123858,-0.11864503754409898,0.5742400868863219,0.0202884459675141,-0.03290076319123858,1.1344324310309606,0.017561396531781348,1.170007692731996,1.2262036440502617,high_volatility,2
2025-11-24,0.13474426832536757,0.19333336996722036,0.3802173115774099,20.520000457763672,20.729500102996823,0.9898936470154982,-0.009641110728098035,-0.022753411396093104,0.0007782044467636862,0.04934865456329263,-0.13111420717991118,0.4,-0.01041931517486172,0.0478866409420262,0.5802276559194222,0.020034185860436468,-0.01041931517486172,0.9898936470154982,0.04857045011652894,0.9995347577435962,1.1786053913695917,normal_volatility,2
2025-11-25,0.13862785053642343,0.19315796287030593,0.36411289351010234,18.559999465942383,20.75700006484985,0.89415615975124,-0.0037781001007644033,-0.023087646110967586,0.014388414764615609,0.03702484637546011,-0.15929976752414154,0.4,-0.018166514865380012,0.1570695986927433,0.5399694659913239,0.019447871818651066,-0.018166514865380012,0.89415615975124,0.0226364316108445,0.8979342598520044,1.1363829255262459,normal_volatility,2
2025-11-26,0.13486406058851308,0.18450580541921116,0.39117502600147436,17.190000534057617,20.641500091552732,0.8327883369819814,0.013978615737103128,0.004250656906062078,0.009804078349192169,0.04657575723724339,-0.10644407366176012,0.8,0.004174537387910959,0.3964889212984509,0.5531517045452479,0.019693246746873727,0.004174537387910959,0.8327883369819814,0.03677167888805122,0.8188097212448783,1.0871230958928202,normal_volatility,1
2025-11-27,0.13488456395785983,0.1840668921650204,0.38293815885848104,17.190000534057617,20.54700012207031,0.8366185054719102,0.012981327939953102,0.007429429153978706,0.01194616951259353,0.04021068571791253,-0.1169270571178177,0.8,0.0010351584273595726,0.4048766632569307,0.5549668560737999,0.019206728488267426,0.0010351584273595726,0.8366185054719102,0.028264516205319,0.8236371775319571,1.0740378398805914,normal_volatility,1
2025-11-28,0.13590760803736843,0.18605227383798376,0.3825930695861235,16.350000381469727,20.410500144958494,0.8010582918277124,0.018510591641279328,0.015596873760921337,0.007145387884273324,0.05313460794966707,-0.11109323775210889,0.8,0.011365203757006004,0.33541686662829756,0.5642734883728604,0.01927109969405788,0.011365203757006004,0.8010582918277124,0.04598922006539374,0.782547700186433,1.0534845639850847,normal_volatility,1
2025-11-29,0.13590760803736843,0.18605227383798376,0.3671601751637881,16.350000381469727,20.27400016784668,0.8064516250423941,0.018510591641279328,0.015596873760921337,0.007145387884273324,0.05313460794966707,-0.1324286707797323,0.8,0.011365203757006004,0.33541686662829756,0.5642734883728604,0.018265325320087355,0.011365203757006004,0.8064516250423941,0.04598922006539374,0.7879410334011148,1.0359708500493836,normal_volatility,1
2025-11-30,0.124394861687857,0.16820041739825894,0.36035629235727257,16.350000381469727,20.21150016784668,0.8089454145259345,0.0028615950221506647,-0.006386046015230851,0.007370170683964172,0.02510703493156896,-0.14719606260932327,0.6,-0.0045085756618135076,0.3838989162162346,0.44389136561191694,0.01770760948046795,-0.0045085756618135076,0.8089454145259345,0.01773686424760479,0.8060838195037838,0.9821642738909562,normal_volatility,1
2025-12-01,0.1252244676305552,0.16834990268259753,0.3775720036665135,17.239999771118164,20.209500122070313,0.8530641365191795,-0.003997064774917347,-0.007078930065305911,-0.009704321153220952,0.02600891096903979,-0.16190590545459405,0.2,0.0057072563783036045,0.37523201683665364,0.42214474592953305,0.01840271068975812,0.0057072563783036045,0.8530641365191795,0.03571323212226074,0.8570612012940968,1.0052093227464374,normal_volatility,1
2025-12-02,0.12540860002520912,0.1707791046906927,0.44505701330780534,16.59000015258789,20.163500118255616,0.8227738267309874,-0.00270715084297668,0.0014812978632363638,-0.01101714421446276,0.003238425947887924,-0.1014426620747062,0.4,0.00830999337148608,0.37738097858467395,0.43328721630016864,0.020692243296106198,0.00830999337148608,0.8227738267309874,0.014255570162350684,0.8254809775739641,1.0097693762142574,normal_volatility,1
2025-12-03,0.10965271404363447,0.15261596200367603,0.452877265642769,16.079999923706055,19.967500114440917,0.8053086180816726,0.017632862772922087,0.02485209445397074,-2.1907397691811603e-05,0.01047355451397447,-0.06188407917419558,0.6,0.017654770170613898,0.23119775963397948,0.3601510804575714,0.020649933079098928,0.017654770170613898,0.8053086180816726,0.010495461911666282,0.7876757553087506,0.9380664994144139,normal_volatility,1
2025-12-04,0.10958388285031916,0.15280884660033697,0.41521867623159164,15.779999732971191,19.765000104904175,0.7983809587259143,0.018543615164968053,0.02312520979519972,0.00029617420872152245,0.029710643902568057,-0.023900602809735383,0.8,0.01824744095624653,0.22285783319267943,0.42006013447585,0.01982910449722631,0.01824744095624653,0.7983809587259143,0.029414469693846534,0.7798373435609463,0.918839484497358,normal_volatility,1
2025-12-05,0.10957480585779279,0.15307368788440756,0.42440467293774414,15.40999984741211,19.544000101089477,0.7884772701445638,0.020478376287880407,0.027296893121531385,-0.004333852062475052,0.027875335739229623,-0.06448399306279795,0.6,0.02481222835035546,0.2083977254414,0.41204671944813404,0.020118695340384518,0.02481222835035546,0.7884772701445638,0.032209187801704675,0.7679988938566834,0.9098189079797375,normal_volatility,1
2025-12-06,0.10957480585779279,0.15307368788440756,0.4222904276182145,15.40999984741211,19.32300009727478,0.7974952010472462,0.020478376287880407,0.027296893121531385,-0.004333852062475052,0.027875335739229623,-0.05207958478484598,0.6,0.02481222835035546,0.2083977254414,0.41204671944813404,0.02000317858967628,0.02481222835035546,0.7974952010472462,0.032209187801704675,0.7770168247593658,0.9051199729856321,normal_volatility,1
2025-12-07,0.10267268912896914,0.14866230657349025,0.4187235579754426,15.40999984741211,18.974500131607055,0.8121425987788039,0.030075001466169038,0.036146150103393726,-0.006792471268313283,0.03979553017036075,-0.01833166836556721,0.6,0.03686747273448232,0.2818181596882501,0.2933549865661428,0.01968470266564893,0.03686747273448232,0.8121425987788039,0.04658800143867403,0.7820675973126349,0.8751236275116201,low_volatility,1
2025-12-08,0.09742605298445683,0.14006586665045268,0.41730133860035284,16.65999984741211,18.57300009727478,0.8970010100768069,0.03567752698651239,0.04690518829801782,-0.00972583231446833,0.029571275928222285,-0.024838083032204583,0.6,0.04540335930098072,0.322217317580507,0.43864014203304164,0.01933529394488733,0.04540335930098072,0.8970010100768069,0.039297108242690615,0.8613234830902945,0.8772561485043672,low_volatility,1
2025-12-09,0.09752508376273938,0.13944163655717598,0.42133377063904054,16.93000030517578,18.236500120162965,0.9283579740422523,0.030801487680062634,0.04197571767685915,-0.00670407193748912,0.03317687946687675,0.013400814014976614,0.8,0.037505559617551754,0.32212263444384204,0.4177660439846838,0.019806511625015125,0.037505559617551754,0.9283579740422523,0.03988095140436587,0.8975564863621897,0.8903512684626971,low_volatility,1
2025-12-10,0.0761881384825924,0.10089688255831966,0.3722614440794087,15.770000457763672,17.70400013923645,0.8907591693254365,0.05369868008363099,0.07161023244520393,-0.006776305591553733,0.03788176992994852,0.06220626550032127,0.8,0.06047498567518472,0.6580636692407468,0.48310012315670425,0.017193056109093174,0.06047498567518472,0.8907591693254365,0.04465807552150225,0.8370604892418055,0.7704810510492743,low_volatility,1
2025-12-11,0.07109340867995614,0.10240461377591295,0.36385519867003785,14.850000381469728,17.275000143051148,0.8596237486830428,0.04573379475364914,0.06017935296379551,-0.011117959252657128,0.050685338866456986,0.08720870233302547,0.8,0.056851754006306265,0.6428311759647247,0.5479041887732011,0.017045711886505492,0.056851754006306265,0.8596237486830428,0.061803298119114114,0.8138899539293937,0.7360034419342826,low_volatility,1
2025-12-12,0.0845696300151892,0.12878654745433507,0.3765818927182891,15.739999771118164,16.890500116348267,0.9318847673363717,0.03449009748598586,0.039910576548556786,-0.020649107938768396,0.05656348104085129,0.06641658183348587,0.8,0.055139205424754256,0.7318255669532285,0.3833172578896001,0.018417234164997673,0.055139205424754256,0.9318847673363717,0.07721258897961969,0.8973946698503859,0.8186815603751716,low_volatility,1
2025-12-13,0.0845696300151892,0.12878654745433507,0.36757728956949054,15.739999771118164,16.506000089645386,0.9535926139363253,0.03449009748598586,0.039910576548556786,-0.020649107938768396,0.05656348104085129,0.04024771396307503,0.8,0.055139205424754256,0.7318255669532285,0.3833172578896001,0.01827198060431031,0.055139205424754256,0.9535926139363253,0.07721258897961969,0.9191025164503395,0.8211493324741127,low_volatility,1
2025-12-14,0.06930265751062853,0.09395814122224992,0.37412931687453316,15.739999771118164,16.26700005531311,0.9676031055263432,0.019484803210151558,0.013979879901469427,-0.02619830203926543,0.04008413925583021,-0.0010805732941828738,0.6,0.04568310524941699,0.6868594654242153,0.09912888958302013,0.01722157140567048,0.04568310524941699,0.9676031055263432,0.06628244129509564,0.9481183023161917,0.7615204805949154,low_volatility,1
2025-12-15,0.06215177693382607,0.09373599536598334,0.37914991718899166,16.5,16.164000082015992,1.020786928747782,0.00845892010411653,0.002709867777747732,-0.028012826907805488,0.04135971841736086,-0.01055746982806971,0.6,0.03647174701192202,0.6552008706881812,0.1771448827783771,0.017387201640664054,0.03647174701192202,1.020786928747782,0.06937254532516635,1.0123280086436655,0.7603176349666819,low_volatility,1
2025-12-16,0.05811821539139261,0.0883149917454902,0.3597416645277171,16.479999542236328,16.128500032424927,1.021793688756223,-0.0011917460298538352,-0.004102467756434414,-0.026987992082510126,0.03333164463876104,-0.029545195031636773,0.2,0.02579624605265629,0.4894095421448452,0.07882717676216161,0.016830685930500626,0.02579624605265629,1.021793688756223,0.060319636721271164,1.0229854347860767,0.7442246814676964,low_volatility,1
2025-12-17,0.06991273585284173,0.1097058501949536,0.363304019586417,17.6200008392334,16.150000047683715,1.0910217205702433,-0.012182252611324551,-0.022563423237043634,-0.02787362311915287,0.04220613289261599,-0.05632465427786215,0.2,0.015691370507828317,0.39256160639469634,-0.12085970847171305,0.017749596179276433,0.015691370507828317,1.0910217205702433,0.07007975601176886,1.103203973181568,0.8248407262681834,low_volatility,1
2025-12-18,0.07266031353134658,0.11878821305358801,0.36376117327466617,16.8700008392334,16.1760000705719,1.0429031136024818,-0.010126046536735989,-0.016374641958178393,-0.018567306193088662,0.027560076072072892,-0.0600176186530873,0.2,0.008441259656352673,0.5471655626779862,-0.39924170616514265,0.0179301964432727,0.008441259656352673,1.0429031136024818,0.046127382265161554,1.0530291601392179,0.8241455091399583,low_volatility,1
2025-12-19,0.08021518955955938,0.12856011485658062,0.38301575986617037,14.90999984741211,16.104000043869018,0.9258569179580027,-0.0011543779279922228,-0.0035527748729072828,-0.022230489463029746,0.028720181475260675,-0.030251203346798206,0.2,0.021076111535037523,0.43175943767801356,-0.36822917218830725,0.0189995733860259,0.021076111535037523,0.9258569179580027,0.05095067093829042,0.927011295885995,0.8230512586820165,low_volatility,1
2025-12-20,0.08021518955955938,0.12856011485658062,0.38299257287964,14.90999984741211,16.032000017166137,0.9300149595463664,-0.0011543779279922228,-0.0035527748729072828,-0.022230489463029746,0.028720181475260675,-0.022681875035002852,0.2,0.021076111535037523,0.43175943767801356,-0.36822917218830725,0.01899925118637182,0.021076111535037523,0.9300149595463664,0.05095067093829042,0.9311693374743586,0.8266233505613033,low_volatility,1
2025-12-21,0.07842015983878815,0.12799860070779398,0.3456360274341616,14.90999984741211,15.915500020980835,0.9368225835039294,0.003426772443613446,-0.0001944282283216081,-0.009905111841229552,0.02378444904085142,0.02664663859998062,0.6,0.013331884284842999,0.38982757824036074,-0.33914409320219757,0.017599164501603606,0.013331884284842999,0.9368225835039294,0.03368956088208097,0.933395811060316,0.8094359122781056,low_volatility,1
2025-12-22,0.08114837443563865,0.1259828295768789,0.2730470088891767,14.079999923706056,15.790000009536744,0.8917036045093165,0.007811244705019371,-0.003202878763999828,-0.012498747254353515,0.054204166101876616,-0.0313101383703136,0.4,0.020309991959372886,0.3435398130094798,0.022606142998635708,0.015560178935001773,0.020309991959372886,0.8917036045093165,0.06670291335623013,0.8838923598042971,0.7837778982217856,low_volatility,1
2025-12-23,0.08179526728652246,0.12683763991473537,0.2583336671100667,14.0,15.68600001335144,0.8925156182636511,0.008923731859911799,-0.0009759799029593896,-0.013692598087503338,0.06916875886033624,-0.06536884627975359,0.4,0.022616329947415137,0.3423484297501312,0.10870059011660879,0.014439847125208728,0.022616329947415137,0.8925156182636511,0.08286135694783958,0.8835918864037393,0.7768259213208575,low_volatility,1
2025-12-24,0.08251403605518898,0.1272078959455073,0.2552834094342345,13.470000267028809,15.570500040054322,0.865097474864514,0.011733108750479948,0.002879685038132518,-0.0023414879690062396,0.06406113574295524,-0.049159802233789573,0.6,0.014074596719486188,0.3842236465796801,0.0711273059300819,0.014359208962115991,0.014074596719486188,0.865097474864514,0.06640262371196148,0.8533643661140341,0.7711991189157874,low_volatility,1
2025-12-25,0.08239151100690638,0.1263692523731943,0.234006228144923,13.470000267028809,15.473500061035157,0.8705205812451254,0.009814928090254416,-0.0011928440315095434,0.002297803152776723,0.06596105494601301,-0.02408624712923413,0.6,0.007517124937477693,0.42020890663230953,0.08509439710134294,0.01378718863102159,0.007517124937477693,0.8705205812451254,0.06366325179323629,0.860705653154871,0.7691651759129028,low_volatility,1
2025-12-26,0.08240048073995293,0.12636925933363116,0.23409948025913233,13.600000381469728,15.383000087738036,0.884092849502773,0.009712517676762511,-0.0012569228341535732,-0.0010042694898239057,0.07840800021101058,-0.022077885936158892,0.4,0.010716787166586417,0.41611263868084825,0.07224078952221302,0.013798190724240308,0.010716787166586417,0.884092849502773,0.07941226970083448,0.8743803318260105,0.7768964423220355,low_volatility,1
2025-12-27,0.08240048073995293,0.12636925933363116,0.22996200898487118,13.600000381469728,15.292500114440918,0.8893248507238566,0.009712517676762511,-0.0012569228341535732,-0.0010042694898239057,0.07840800021101058,-0.028797809041574918,0.4,0.010716787166586417,0.41611263868084825,0.07224078952221302,0.013735869499621054,0.010716787166586417,0.8893248507238566,0.07941226970083448,0.8796123330470941,0.7810549486934512,low_volatility,1
2025-12-28,0.08139164541048666,0.12617288129207235,0.22959129942025672,13.600000381469728,15.139500141143799,0.8983123785249517,0.012755115096920067,0.0006627995842849455,0.0022924716934986655,0.08126193688826966,-0.03093955100290935,0.8,0.010462643403421401,0.3963680251290799,0.04150014801908023,0.013584502016135223,0.010462643403421401,0.8983123785249517,0.078969465194771,0.8855572634280316,0.7804993898045166,low_volatility,1
2025-12-29,0.08261130003057425,0.1272631872455179,0.2119940955388801,14.199999809265137,15.003000116348266,0.9464773511393814,0.01001773343624901,-0.005407663927950557,0.005033028642967841,0.028910718594445717,-0.05991442229655952,0.6,0.0049847047932811694,0.34256170264519015,0.1797408722224464,0.012134631915357803,0.0049847047932811694,0.9464773511393814,0.023877689951477876,0.9364596177031324,0.7853673763608574,low_volatility,1
2025-12-30,0.07954022978856208,0.12639852437767052,0.22044395083849322,14.329999923706056,14.931000089645389,0.9597481640659741,0.0021380426156913934,-0.011761989696778552,-0.001223792828237813,0.025292448693521097,-0.03902168672366624,0.4,0.0033618354439292064,0.30243498848546907,0.1726486863837323,0.012290110797369492,0.0033618354439292064,0.9597481640659741,0.02651624152175891,0.9576101214502827,0.7805650062413597,low_volatility,1
2025-12-31,0.08337079780254962,0.12904379408638186,0.22068480815234331,14.949999809265137,14.936000061035159,1.0009373157587553,-0.0075960379898092345,-0.016750161198439972,-0.007832953405800147,0.007806956058535652,-0.054074538669289796,0.2,0.0002369154159909126,0.4086528515725559,0.18977761750212505,0.012256916768736616,0.0002369154159909126,1.0009373157587553,0.0156399094643358,1.0085333537485646,0.8114822933843302,low_volatility,1
2026-01-01,0.07379508155924809,0.10942711909939172,0.2127503174432495,14.949999809265137,14.896500062942508,1.0035914306109874,0.0031902322153760654,0.0024142473501616024,0.0018229234808244676,0.0022000685611374138,-0.017042457415060164,0.8,0.0013673087345515977,0.20592456989458818,0.2670694795197999,0.011099481527871756,0.0013673087345515977,1.0035914306109874,0.00037714508031294613,1.0004011983956114,0.7622100584745855,low_volatility,1
2026-01-02,0.07402571682869072,0.10967648229406948,0.21884863440423477,14.510000228881836,14.835000085830691,0.9780923589438149,0.005029119771237545,0.00047247847769793516,0.00032859259306716737,0.007181864051074127,-0.00392049478142642,0.8,0.004700527178170377,0.1955116297903886,0.2720739913901012,0.011724309916037732,0.004700527178170377,0.9780923589438149,0.00685327145800696,0.9730632391725773,0.7618179764294846,low_volatility,1
2026-01-03,0.07402571682869072,0.10967648229406948,0.20180903035562,14.510000228881836,14.773500108718874,0.9821640181474985,0.005029119771237545,0.00047247847769793516,0.00032859259306716737,0.007181864051074127,0.027536182189875413,1.0,0.004700527178170377,0.1955116297903886,0.2720739913901012,0.011346876980367876,0.004700527178170377,0.9821640181474985,0.00685327145800696,0.977134898376261,0.7608944961390037,low_volatility,1
2026-01-04,0.07373973030774036,0.10803651958953223,0.18676296778160195,14.510000228881836,14.674000120162967,0.9888237774336811,0.006549903723502837,0.0055196446853387204,-0.00035825086062923894,0.0062658187539543775,0.05778435058813569,0.8,0.006908154584132076,0.200723170650805,0.27407793952846393,0.010715568967600737,0.006908154584132076,0.9888237774336811,0.006624069614583616,0.9822738737101783,0.7555484503267937,low_volatility,1
2026-01-05,0.07605556425308391,0.11129237854279807,0.20019156662813073,14.899999618530272,14.59500012397766,1.0208975328510985,0.016029736248933446,0.011501780111226712,-0.0009059495730528999,0.03250901674955475,0.06874199019390725,0.8,0.016935685821986346,0.36053730513610627,0.36231344531931625,0.011190881713473391,0.016935685821986346,1.0208975328510985,0.03341496632260765,1.004867796602165,0.783016320682377,low_volatility,1
2026-01-06,0.06398856846161498,0.0890272797742174,0.18257858726836537,14.75,14.451500082015992,1.0206552895055838,0.0334438752024262,0.03966159289048288,-0.002053922208769876,0.03478670598715161,0.08805366320343322,0.8,0.035497797411196075,0.34703930960557117,0.5489333833088712,0.009546477651348785,0.035497797411196075,1.0206552895055838,0.03684062819592149,0.9872114143031576,0.7160395949162727,low_volatility,1
2026-01-07,0.062223453918796925,0.07573542178960956,0.20780010451377648,15.380000114440918,14.377000045776366,1.069764211272936,0.022392292641381317,0.025798285880646477,-0.0010014092864167878,0.026745624272319857,0.06839896259333744,0.8,0.023393701927798105,0.12015999255376976,0.6256668337145237,0.010433893795284772,0.023393701927798105,1.069764211272936,0.027747033558736645,1.0473719186315547,0.7377681711075897,low_volatility,1
2026-01-08,0.05475204872731115,0.06570585581552442,0.18148222801908054,15.449999809265137,14.404000043869019,1.0726187005144687,0.013106253119824496,0.006838044697041967,-0.0022844086566431443,0.031251570257238015,0.03318535672713341,0.8,0.01539066177646764,0.2863760881081968,0.7087316715739261,0.009084390838097253,0.01539066177646764,1.0726187005144687,0.03353597891388116,1.0595124473946442,0.697018262383396,low_volatility,1
2026-01-09,0.05859712562510376,0.07399370055233656,0.1832760456069502,14.489999771118164,14.383000040054322,1.0074393193885745,0.019806271653302288,0.016866383585202094,0.004340279159708471,0.038719895324597076,0.02455290186656711,1.0,0.015465992493593816,0.3889391297921186,0.6903745675059426,0.009332086882298737,0.015465992493593816,1.0074393193885745,0.034379616164888605,0.9876330477352722,0.6973184606562632,low_volatility,1
2026-01-10,0.05859712562510376,0.07399370055233656,0.18337127032331263,14.489999771118164,14.362000036239625,1.0089123892602394,0.019806271653302288,0.016866383585202094,0.004340279159708471,0.038719895324597076,0.019914958094372937,1.0,0.015465992493593816,0.3889391297921186,0.6903745675059426,0.009319491995423819,0.015465992493593816,1.0089123892602394,0.034379616164888605,0.9891061176069371,0.7013109457242594,low_volatility,1
2026-01-11,0.05528404028145761,0.07254490288090543,0.18359500286986902,14.489999771118164,14.38250002861023,1.0074743432848317,0.013492323652045668,0.012015264754187127,0.00652466719871847,0.015285476487381544,0.026414791499252743,1.0,0.006967656453327198,0.47117570179508644,0.648879331514027,0.00928651243159084,0.006967656453327198,1.0074743432848317,0.008760809288663074,0.993982019632786,0.6912345206670727,low_volatility,1
2026-01-12,0.0534772423044396,0.07094516227848473,0.17663491298612047,15.119999885559082,14.438500022888183,1.0472001843398255,0.010465678804373768,0.008133645663859879,0.0019427108697032125,0.020766840812515452,0.043230972012492375,1.0,0.008522967934670556,0.44447410517062846,0.6178412728736827,0.009065255682559507,0.008522967934670556,1.0472001843398255,0.01882412994281224,1.0367345055354518,0.7015384622195328,low_volatility,1
2026-01-13,0.05296728314196248,0.07060066024709939,0.2336849474363576,15.979999542236328,14.56399998664856,1.0972260063777723,0.004910384659948086,0.0037023012467878313,-0.0023855984130374264,0.023547720193964672,0.08799963189957571,0.8,0.007295983072985512,0.3769189419282015,0.652694756067641,0.011498008361200893,0.007295983072985512,1.0972260063777723,0.025933318607002098,1.0923156217178243,0.7550655261585807,low_volatility,1
2026-01-14,0.05605862700164482,0.08048241132816436,0.23538792847108816,16.75,14.72799997329712,1.1372895186290675,-2.8988387712813868e-05,-0.007020062302171448,0.003407972601110698,0.03401065718623664,0.11113216700592421,0.6,-0.003436960988823512,0.2191854585403158,0.5614941344192115,0.011604884312822434,-0.003436960988823512,1.1372895186290675,0.03060268458512594,1.1373185070167802,0.7935333338840578,low_volatility,1
2026-01-15,0.056878514692009496,0.08169051901991038,0.2450972359745956,15.84000015258789,14.839999961853028,1.0673854577699067,0.0027958456402406018,-0.0033819374605064123,0.006496586146087946,0.015813208456871175,0.09449739645765742,0.8,-0.003700740505847344,0.2135608181400352,0.5380114591784141,0.011884018644645705,-0.003700740505847344,1.0673854577699067,0.009316622310783229,1.064589612129666,0.7837788099409027,low_volatility,1
2026-01-16,0.0569846416843214,0.08172316213098861,0.2456673446323472,15.859999656677246,14.952999925613403,1.0606567067194468,0.0019556290830007317,-0.00421542253990892,0.000683953359852385,0.01091812261162639,0.08795867057649853,0.8,0.0012716757231483466,0.22120518678950385,0.5403648718203735,0.01193997231279807,0.0012716757231483466,1.0606567067194468,0.010234169251774006,1.058701077636446,0.7917855408410692,low_volatility,1
2026-01-17,0.0569846416843214,0.08172316213098861,0.24729320942272795,15.859999656677246,15.06599988937378,1.052701431908511,0.0019556290830007317,-0.00421542253990892,0.000683953359852385,0.01091812261162639,0.08270070933996454,0.8,0.0012716757231483466,0.22120518678950385,0.5403648718203735,0.011957328014600258,0.0012716757231483466,1.052701431908511,0.010234169251774006,1.0507458028255103,0.7995604600944004,low_volatility,1
2026-01-18,0.05532250769430136,0.07986156284402346,0.2534576643698407,15.859999656677246,15.148999881744384,1.0469337765187832,0.005538996213199754,0.0006281790367343998,-0.003065817393339554,0.05692424007518371,0.07455161443548408,0.8,0.008604813606539308,0.289802466715694,0.5737218705212888,0.012024176773781248,0.008604813606539308,1.0469337765187832,0.05999005746852326,1.0413947803055834,0.8000001895645208,low_volatility,1
2026-01-19,0.05505161650391223,0.0793743009454461,0.2554101855112004,15.859999656677246,15.225499868392944,1.0416734947140538,0.0067683617993470335,0.0029544315486642603,-0.0006828429108779455,0.0561558150715471,0.04662959113996856,0.8,0.007451204710224979,0.2798643676918329,0.5717982260665786,0.012334269744057186,0.007451204710224979,1.0416734947140538,0.056838657982425045,1.0349051329147068,0.8117180815058717,low_volatility,1
2026-01-20,0.08834879843873447,0.10641817727500559,0.3051080841512852,20.09000015258789,15.482499885559083,1.2975940772540446,-0.006364392215935433,-0.010174012005356059,-0.005851311445699614,0.10325253887062091,0.009165682390973151,0.4,-0.0005130807702358187,0.5814357567955344,-0.3687225685490585,0.015600481151651791,-0.0005130807702358187,1.2975940772540446,0.10910385031632053,1.30395846946998,1.120141316781396,normal_volatility,2
2026-01-21,0.09786193999011983,0.11748637109917641,0.3040756550181979,16.899999618530273,15.579999876022338,1.084723989281888,0.005103235031521658,0.0032068665702364996,0.001720906018684687,0.11932580261977899,0.007268817067971778,1.0,0.003382329012836971,0.6460323461422457,-0.25003713444952513,0.015927699580837323,0.003382329012836971,1.084723989281888,0.1176048966010943,1.0796207542503664,1.0952341715188285,normal_volatility,1
2026-01-22,0.099308083594345,0.11980182507193085,0.30011750178267804,15.640000343322754,15.636499881744385,1.000223864778233,0.008504491617164822,0.012460843074471928,0.0075836181179038675,0.13435274161301058,-0.005361541176214124,0.8,0.0009208734992609546,0.6655907709921063,-0.19524582318284991,0.015547523555340542,0.0009208734992609546,1.000223864778233,0.12676912349510672,0.9917193731610683,1.0720902833396533,normal_volatility,1
2026-01-23,0.09929500584932527,0.12009969633756647,0.29885330926169174,16.09000015258789,15.715499877929688,1.0238299944365206,0.008870357118413219,0.015657587163904196,0.01034121654986131,0.14994476600316653,-0.012133265178998265,0.8,-0.0014708594314480905,0.6613743109687409,-0.19772608095086242,0.01553320175704185,-0.0014708594314480905,1.0238299944365206,0.13960354945330522,1.0149596373181073,1.0895784256144416,normal_volatility,1
2026-01-24,0.09929500584932527,0.12009969633756647,0.2970422860169522,16.09000015258789,15.79449987411499,1.0187090620676875,0.008870357118413219,0.015657587163904196,0.01034121654986131,0.14994476600316653,-0.025190568234465527,0.8,-0.0014708594314480905,0.6613743109687409,-0.19772608095086242,0.01549299225518347,-0.0014708594314480905,1.0187090620676875,0.13960354945330522,1.0098387049492743,1.0947356405168316,normal_volatility,1
2026-01-25,0.09655618790528867,0.11711027236010023,0.2926553229305489,16.09000015258789,15.853999900817872,1.0148858492018689,0.0021956202217761067,0.007653872766268943,0.00537378277140288,0.12046185795574349,-0.07786681947283369,0.8,-0.003178162549626773,0.6440294465578644,-0.31605116785184784,0.015473940837206346,-0.003178162549626773,1.0148858492018689,0.11508807518434061,1.0126902289800928,1.0863785203800354,normal_volatility,1
2026-01-26,0.0959085634478948,0.11393976943089439,0.3042734033010819,16.149999618530273,15.923999881744384,1.01419239754234,0.0013298248792612544,0.0032723440754809374,0.012259470024954311,0.12469146726491509,-0.05827320043916484,0.8,-0.010929645145693057,0.7039304050775392,-0.30321544501075665,0.01587267257620531,-0.010929645145693057,1.01419239754234,0.11243199723996078,1.0128625726630787,1.0950108653174173,normal_volatility,1
2026-01-27,0.09602447811388744,0.1182201600055565,0.29451381389895,16.350000381469727,15.972499895095826,1.0236344021820785,0.00857037013632711,0.011393811950541233,0.00011386848463446064,0.16340442617103546,-0.024154324419113138,0.8,0.00845650165169265,0.6847930304331168,-0.29306714504958614,0.0158016980900961,0.00845650165169265,1.0236344021820785,0.163290557686401,1.0150640320457514,1.104407893367064,normal_volatility,1
2026-01-28,0.09602441311857216,0.1161760004867468,0.2944921928465711,16.350000381469727,16.017499923706055,1.020758574018881,0.008571240397352575,0.020548946328850404,0.0028620267485945927,0.20187613136568405,-0.0202418200893415,0.8,0.0057092136487579825,0.6976215677384873,-0.26178156433635325,0.015701630011230552,0.0057092136487579825,1.020758574018881,0.19901410461708946,1.0121873336215284,1.1075375837516683,normal_volatility,1
2026-01-29,0.09351549424004135,0.1137049172849529,0.345650631109169,16.8799991607666,16.136999893188477,1.046043209549239,-4.320731991958038e-05,0.004436272540243369,-0.003525447968072526,0.196467759876354,-0.06575308460610463,0.4,0.0034822406481529455,0.6711911184416604,-0.24920169727096328,0.01715999064181123,0.0034822406481529455,1.046043209549239,0.19999320784442653,1.0460864168691586,1.1312742371378075,normal_volatility,1
2026-01-30,0.09411895018453204,0.12175722598557444,0.34565029902999506,17.440000534057617,16.28449993133545,1.0709570823540424,-0.003025658711023338,-0.007627872703456107,-0.0090981461325218,0.07353972759562333,-0.06923580302711674,0.2,0.0060724874214984625,0.6737028352125922,-0.01612149247584796,0.01754266976968135,0.0060724874214984625,1.0709570823540424,0.08263787372814513,1.0739827410650657,1.1570316508259333,normal_volatility,1
2026-01-31,0.09411895018453204,0.12175722598557444,0.40799758617316323,17.440000534057617,16.431999969482423,1.0613437540437718,-0.003025658711023338,-0.007627872703456107,-0.0090981461325218,0.07353972759562333,-0.1343904544287482,0.2,0.0060724874214984625,0.6737028352125923,-0.01612149247584797,0.019772043392771478,0.0060724874214984625,1.0613437540437718,0.08263787372814513,1.0643694127547951,1.1900269874536984,normal_volatility,1
2026-02-01,0.09390643707110578,0.1216857633270693,0.4087799850792952,17.440000534057617,16.548000001907347,1.0539038271723142,-0.004588905858098458,-0.008450674306826111,-0.006159435202278907,0.05380953657848564,-0.15591709992107228,0.2,0.001570529344180449,0.6890672856696527,-0.02487197830074023,0.020346207306786913,0.001570529344180449,1.0539038271723142,0.059968971780764546,1.0584927330304126,1.197708439557563,normal_volatility,1
2026-02-02,0.09539594722021127,0.12427834483123643,0.3757482965871735,16.34000015258789,16.566000032424927,0.9863576071837086,0.002363844714562857,-0.00015965033064502254,-0.010691693305523997,0.013044612423939395,-0.1744933362226695,0.4,0.013055538020086854,0.6621414444796574,-0.0872988906726301,0.018965891163484683,0.013055538020086854,0.9863576071837086,0.02373630572946339,0.9839937624691457,1.1597798505746462,normal_volatility,1
2026-02-03,0.09865386151037485,0.1305771810574338,0.376375395584104,18.0,16.628500032424927,1.0824788745166853,-0.001202210769950307,-0.004890646250652497,-0.014017241469995723,0.06655868418326238,-0.2197042078176481,0.2,0.012815030700045416,0.6771149640492449,-0.20061336294636584,0.019166117628086603,0.012815030700045416,1.0824788745166853,0.08057592565325811,1.0836810852866356,1.221817200666771,high_volatility,1
2026-02-04,0.09949415762321857,0.1432226758107012,0.3847590516098847,18.63999938964844,16.768499994277953,1.1116080386444294,-0.008739723290279944,-0.025780843419498822,-0.016294636046098487,0.07237855956421124,-0.23580538310944588,0.2,0.007554912755818544,0.6812057499581516,-0.1862886741682437,0.01954915466348557,0.007554912755818544,1.1116080386444294,0.08867319561030973,1.1203477619347093,1.2472421147292274,high_volatility,2
2026-02-05,0.10834538779236093,0.15058082186189717,0.5922461710319217,21.770000457763672,17.064000034332274,1.2757853032092745,-0.020298916239053333,-0.03900134429730118,0.0001665059813393821,0.04887368776915846,-0.34360616869826854,0.4,-0.020465422220392715,0.35818235598715426,-0.08610543574238663,0.025419668667117968,-0.020465422220392715,1.2757853032092745,0.048707181787819076,1.296084219448328,1.4450503660292935,high_volatility,2
2026-02-06,0.12994775099012268,0.1714482556537633,0.785255493619369,20.3700008392334,17.289500093460084,1.1781717648932222,-0.0015036332568317823,-0.01868785723574462,0.0008524612370901519,0.08110798314010514,-0.25809202327486136,0.4,-0.002356094493921934,0.3146575074081863,0.030499539487432663,0.03205389985830438,-0.002356094493921934,1.1781717648932222,0.08025552190301499,1.1796753981500538,1.596010096545519,high_volatility,2
2026-02-07,0.12994775099012268,0.1714482556537633,0.7853903269729864,20.3700008392334,17.51500015258789,1.163003177948798,-0.0015036332568317823,-0.01868785723574462,0.0008524612370901519,0.08110798314010514,-0.2600801971964273,0.4,-0.002356094493921934,0.3146575074081863,0.030499539487432663,0.03216691285285146,-0.002356094493921934,1.163003177948798,0.08025552190301499,1.1645068112056296,1.5854600525341054,high_volatility,2
2026-02-08,0.12994775099012268,0.1714482556537633,0.7916424087081813,20.3700008392334,17.7405002117157,1.1482202077809056,-0.0015036332568317823,-0.01868785723574462,0.0008524612370901519,0.08110798314010514,-0.24082119650270195,0.4,-0.002356094493921934,0.3146575074081863,0.030499539487432663,0.03229593090622813,-0.002356094493921934,1.1482202077809056,0.08025552190301499,1.1497238410377375,1.5706011270076465,high_volatility,2
2026-02-09,0.10633484773792429,0.15592110267435783,0.7823758636663832,17.360000610351562,17.60400023460388,0.9861395352760396,0.024159544983012315,0.010295069030279658,0.013903683294705038,0.06815631828598456,-0.20597823952236927,0.8,0.010255861688307277,-0.06881613383473956,0.2245894638955828,0.031176419771803503,0.010255861688307277,0.9861395352760396,0.054252634991279525,0.9619799902930273,1.3526630148907084,high_volatility,2
2026-02-10,0.09978272743436757,0.1490745391889913,0.7783496791719967,17.790000915527344,17.648500299453737,1.0080177133281962,0.009804438946338978,-0.007804914037659705,0.017851652201722024,0.04238049489246776,-0.23029424791466546,0.6,-0.008047213255383046,-0.2729309702067015,0.22033975052125374,0.03085785234982078,-0.008047213255383046,1.0080177133281962,0.024528842690745734,0.9982132743818573,1.3195440259849798,high_volatility,2
2026-02-11,0.09822946797468414,0.1468373955268099,0.7783944842135474,17.649999618530273,17.74900026321411,0.9944221847306509,0.00432529271142168,-0.01232362682821464,0.008060504068707619,0.03506052820624883,-0.2511722358384637,0.6,-0.003735211357285939,-0.296161680154538,0.20358772794687768,0.030838942150942093,-0.003735211357285939,0.9944221847306509,0.027000024137541212,0.9900968920192292,1.3009867625632354,high_volatility,2
2026-02-12,0.11289417115128889,0.1618286284628795,0.7767660545895897,20.81999969482422,17.985500240325926,1.157599144678943,-0.011548992912900014,-0.035457333983918815,0.01866618761293859,-0.014432282426992349,-0.2601231650584961,0.2,-0.030215180525838603,-0.48392225896531965,0.28947500920927466,0.03128995463704299,-0.030215180525838603,1.157599144678943,-0.03309847003993094,1.169148137591843,1.4441726729773887,high_volatility,2
2026-02-13,0.11296791377667027,0.1623110465369679,0.7993791851489529,20.600000381469727,18.21100025177002,1.1311844542678269,-0.010852643517059946,-0.03340184631762988,0.024260020500681545,0.010087325583378881,-0.2272777883276198,0.4,-0.03511266401774149,-0.46768660254164335,0.29201817006540726,0.03216095101509876,-0.03511266401774149,1.1311844542678269,-0.014172694917302664,1.1420370977848868,1.4361788661563861,high_volatility,2
2026-02-14,0.11296791377667027,0.1623110465369679,0.8013892105333152,20.600000381469727,18.43650026321411,1.1173487422974953,-0.010852643517059946,-0.03340184631762988,0.024260020500681545,0.010087325583378881,-0.1941106973188209,0.4,-0.03511266401774149,-0.46768660254164335,0.29201817006540726,0.03221035395010921,-0.03511266401774149,1.1173487422974953,-0.014172694917302664,1.1282013858145552,1.4228923858109939,high_volatility,2
2026-02-15,0.11105127467142387,0.16088184748278014,0.7940595857983811,20.600000381469727,18.659000301361083,1.1040248699694302,-0.0158503004211763,-0.037636331233013576,0.019390774482859863,-0.004476042683892012,-0.22068181870483017,0.2,-0.03524107490403616,-0.5110692193965873,0.2808708444108327,0.03190839468638379,-0.03524107490403616,1.1040248699694302,-0.023866817166751875,1.1198751703906065,1.3992399686152097,high_volatility,2
2026-02-16,0.1096784902005872,0.15585074164998278,0.791662915851396,20.600000381469727,18.871500301361085,1.0915931458816752,-0.01975585260412538,-0.04628206950589364,0.025776501702276633,-0.028313402254813713,-0.22737182543047085,0.2,-0.04553235430640201,-0.49250689745819265,0.2614371421372111,0.03161527655790328,-0.04553235430640201,1.0915931458816752,-0.054089903957090346,1.1113489984858007,1.3788874872832162,high_volatility,2
2026-02-17,0.11002785151572686,0.15452611723272694,0.7907021657243299,20.290000915527344,19.068500328063966,1.0640585555470055,-0.018075411285440324,-0.05040905318680655,0.029837437173514614,-0.09373986084685282,-0.2432074459348481,0.2,-0.04791284845895494,-0.49187902405407535,0.2417137994291809,0.031592202724266855,-0.04791284845895494,1.0640585555470055,-0.12357729802036743,1.082133966832446,1.3627091051210598,high_volatility,2
2026-02-18,0.11190786797206016,0.1578870040562714,0.7772469198972719,19.6200008392334,19.205500411987305,1.0215823810030682,-0.011166488436119337,-0.03755779111293123,0.025707058325938004,-0.075862060052859,-0.2144740478070578,0.2,-0.03687354676205734,-0.5161258659924445,0.26933153363898316,0.031238016466851322,-0.03687354676205734,1.0215823810030682,-0.10156911837879701,1.0327488694391875,1.3416979563212574,high_volatility,2
2026-02-19,0.11181452573710254,0.1535247756000003,0.7799226925774071,20.229999542236328,19.34500036239624,1.0457482121096462,-0.010824175211858633,-0.02958818233732352,0.03251243023268624,0.03283511619450086,-0.20410563508198198,0.4,-0.04333660544454487,-0.567305767563398,0.29402830949885406,0.03115439949328122,-0.04333660544454487,1.0457482121096462,0.00032268596181461717,1.0565723873215047,1.3447661439085203,high_volatility,2
2026-02-20,0.11515776601948637,0.15779180900772147,0.7564663533171571,19.09000015258789,19.427500343322755,0.9826277089295812,-0.0036705895921569365,-0.021001117642127864,0.0300930361192151,0.05319694855776924,-0.13502346051866831,0.4,-0.033763625711372036,-0.5851261239327874,0.32045439718104946,0.030166834464677328,-0.033763625711372036,0.9826277089295812,0.02310391243855414,0.9862982985217381,1.3116624300690543,high_volatility,2
2026-02-21,0.11515776601948637,0.15779180900772147,0.7546757039870219,19.09000015258789,19.51000032424927,0.9784725697241863,-0.0036705895921569365,-0.021001117642127864,0.0300930361192151,0.05319694855776924,-0.11654101112493809,0.4,-0.033763625711372036,-0.5851261239327874,0.32045439718104946,0.029642396869198118,-0.033763625711372036,0.9784725697241863,0.02310391243855414,0.9821431593163432,1.295883794212241,high_volatility,2
2026-02-22,0.11356134161090707,0.1551033039857792,0.747739275456336,19.09000015258789,19.64750032424927,0.9716248803939043,-0.008599201976032478,-0.027677500515091213,0.03304452528039703,0.09713667913767421,-0.14016454461316252,0.4,-0.04164372725642951,-0.5703123175282778,0.42979721881532923,0.029266510658027572,-0.04164372725642951,0.9716248803939043,0.06409215385727718,0.9802240823699367,1.2748950865559459,high_volatility,2
2026-02-23,0.11536847482848908,0.15163920849938614,0.7515753547432723,21.01000022888184,19.79800033569336,1.0612182984462017,-0.010354865592135165,-0.024508583817976826,0.03434751606582087,0.05941136658678281,-0.14566034582455245,0.4,-0.044702381657956036,-0.5791419674031584,0.6056575183375682,0.029326979206176156,-0.044702381657956036,1.0612182984462017,0.02506385052096194,1.071573164038337,1.3179563362534206,high_volatility,2
2026-02-24,0.11730818437132658,0.14437763418200725,0.7444392245633724,19.549999237060547,19.843500328063964,0.9852092077430347,0.0016904334914360497,0.0034997593852368336,0.03882597306933744,0.0454655243195794,-0.12242805398628498,0.8,-0.03713553957790139,-0.6110639607470466,0.5326351927365462,0.029015680286315168,-0.03713553957790139,0.9852092077430347,0.00663955125024196,0.9835187742515986,1.2790739109013025,high_volatility,2
2026-02-25,0.11083825501174822,0.14200339547336618,0.5832293520627294,17.93000030517578,19.65150032043457,0.9123985452923057,0.022918492047743655,0.032912796683365775,0.027777709195631273,0.07137686294107448,0.0838572797448649,1.0,-0.004859217147887618,-0.5292697003923131,0.42064767969623723,0.024885346297931814,-0.004859217147887618,0.9123985452923057,0.04359915374544321,0.889480053244562,1.1628790283846784,normal_volatility,2
2026-02-26,0.09036595607802295,0.12999591062454366,0.3708236391887689,18.6299991607666,19.56450023651123,0.9522348608731306,-0.0019113281284616201,-0.0006725189548800747,0.031185614293501196,0.048346770176018516,-0.04396003140263249,0.4,-0.033096942421962816,-0.6461661506076067,0.2494891210331487,0.018435438627048863,-0.033096942421962816,0.9522348608731306,0.01716115588251732,0.9541461890015922,1.0187034462910793,normal_volatility,2
2026-02-27,0.09190391025603144,0.13049091595050638,0.3742957341587216,19.86000061035156,19.539000225067138,1.0164287006288377,-0.006704093297767666,-0.003871118944635432,0.03746850492016729,0.06211304851287269,-0.04907729870190791,0.4,-0.044172598217934955,-0.6616719889579383,0.21820514348361206,0.018850559363163,-0.044172598217934955,1.0164287006288377,0.024644543592705404,1.0231327939266053,1.053898044404069,normal_volatility,2
2026-02-28,0.09190391025603144,0.13049091595050638,0.3760040291326669,19.86000061035156,19.513500213623047,1.0177569576413876,-0.006704093297767666,-0.003871118944635432,0.03746850492016729,0.06211304851287269,-0.04652216478196014,0.4,-0.044172598217934955,-0.6616719889579383,0.21820514348361206,0.01895030752008127,-0.044172598217934955,1.0177569576413876,0.024644543592705404,1.0244610509391552,1.0505053453416948,normal_volatility,2
2026-03-01,0.08989756685018892,0.1271921961925522,0.3806230739117301,19.86000061035156,19.638500213623043,1.0112788855726804,-0.011470616016229673,-0.011443599622137923,0.037705697970845,0.03580070073529562,-0.0625018661996154,0.4,-0.04917631398707467,-0.6564465815947066,0.1648361647255012,0.018940816266422526,-0.04917631398707467,1.0112788855726804,-0.0019049972355493772,1.02274950158891,1.0379104418273841,normal_volatility,2
2026-03-02,0.08963561770494725,0.1264039013290908,0.4131988016774487,21.440000534057617,19.82100019454956,1.0816810616829142,-0.00829326943270503,-0.005527644820336519,0.01556503737058823,0.05968859530239157,-0.00026324076638717386,0.4,-0.02385830680329326,-0.6184379890716425,0.15701129845685055,0.01955495319195083,-0.02385830680329326,1.0816810616829142,0.04412355793180334,1.0899743311156191,1.0733801370143257,normal_volatility,2
2026-03-03,0.0944674692429907,0.13113387448960448,0.40235041349529155,23.56999969482422,20.117000198364256,1.1716458449277507,-0.01680733289958891,-0.018805698734039922,0.01893463819098251,0.0010906266926837827,0.019430384145860735,0.6,-0.03574197109057142,-0.5581958471787307,0.29807348688591356,0.01934725398410734,-0.03574197109057142,1.1716458449277507,-0.01784401149829873,1.1884531778273395,1.1334169923516701,normal_volatility,2
2026-03-04,0.08110859885309099,0.12172296966818034,0.457395104390965,21.149999618530277,20.133500194549562,1.0504879635512108,0.005665798981056236,0.01683208198856123,0.0024256359611358747,0.045215827736968306,0.09798480391902409,1.0,0.0032401630199203613,-0.3440195360505672,0.08811028292896711,0.020650581757615517,0.0032401630199203613,1.0504879635512108,0.04279019177583243,1.0448221645701545,1.0287196374102905,normal_volatility,1
2026-03-05,0.08370966978353246,0.12237984025751199,0.45047941997211616,23.75,20.291000175476075,1.1704696562323482,-0.0006453686339532583,0.011612743793097735,-0.007074758344144727,0.007587241802498923,0.028802546550842356,0.6,0.006429389710191469,-0.28887217485565686,0.1258648655875135,0.02034144785473848,0.006429389710191469,1.1704696562323482,0.01466200014664365,1.1711150248663014,1.0882560114055246,normal_volatility,2
2026-03-06,0.09573569201209275,0.13442420039073447,0.46973075123572194,29.489999771118164,20.735500144958497,1.4221986238556288,-0.01374404477093405,-0.00360518031587187,-0.01076508806908305,0.023539870224759563,-0.02337950894128904,0.2,-0.002978956701850999,-0.14298326271777798,0.011463807928312428,0.02128975925324219,-0.002978956701850999,1.4221986238556288,0.03430495829384261,1.4359426686265628,1.2649603775834857,high_volatility,2
2026-03-07,0.09573569201209275,0.13442420039073447,0.46924602278827215,29.489999771118164,21.18000011444092,1.3923512564578002,-0.01374404477093405,-0.00360518031587187,-0.01076508806908305,0.023539870224759563,-0.022032761802307954,0.2,-0.002978956701850999,-0.14298326271777798,0.011463807928312433,0.020751153823810403,-0.002978956701850999,1.3923512564578002,0.03430495829384261,1.4060953012287343,1.2470714474871336,high_volatility,2
2026-03-08,0.09573569201209275,0.13442420039073447,0.47382590740655794,29.489999771118164,21.62450008392334,1.363730937439909,-0.01374404477093405,-0.00360518031587187,-0.01076508806908305,0.023539870224759563,-0.04173799047744853,0.2,-0.002978956701850999,-0.14298326271777798,0.011463807928312433,0.020825478829892292,-0.002978956701850999,1.363730937439909,0.03430495829384261,1.377474982210843,1.2357322019282229,high_volatility,2
2026-03-09,0.10120555963826747,0.1426192291316305,0.4877545397517497,25.5,21.885000038146973,1.1651816292232966,-0.006707062783675277,0.010743455931585322,-0.00381978458382215,0.054283770436461154,0.01345543484048406,0.6,-0.002887278199853127,0.045483548091173165,0.029186933956683793,0.021401172056397452,-0.002887278199853127,1.1651816292232966,0.058103555020283304,1.1718886920069718,1.1695669912459212,normal_volatility,2
2026-03-10,0.09927256817008365,0.14027506227791545,0.4889577138806952,24.93000030517578,22.15050001144409,1.1254825079477058,-0.013274296429382604,0.0032685132017669094,-0.010682992809509129,0.04272494244658298,0.052714861532117574,0.6,-0.002591303619873475,0.09621809323902561,-0.03710670733214065,0.02134888955409992,-0.002591303619873475,1.1254825079477058,0.05340793525609211,1.1387568043770884,1.13916587553169,normal_volatility,2
2026-03-11,0.09902636314007494,0.13947790326505508,0.4886205490921193,24.229999542236328,22.35050001144409,1.0840920574407678,-0.01190676732496565,0.0069929510478237145,-0.02443922908507623,0.036295571338657684,0.048498797570241337,0.6,0.01253246176011058,0.10115460810678026,-0.0342548867298459,0.021323839505790344,0.01253246176011058,1.0840920574407678,0.060734800423733915,1.0959988247657333,1.1142332568298827,normal_volatility,2
2026-03-12,0.10720329493425745,0.14879397222347782,0.4863115261325624,27.290000915527344,22.760500049591066,1.1990070893024012,-0.033897634031217594,-0.018971446215297005,-0.024055598888898744,-0.003713008946491625,0.03658589262299161,0.2,-0.00984203514231885,0.12234279724915728,0.03650472426107836,0.021562534579219826,-0.00984203514231885,1.1990070893024012,0.02034258994240712,1.2329047233336188,1.2020010078397696,high_volatility,2
2026-03-13,0.10789258421260489,0.14979439157428878,0.4864864196272642,27.190000534057617,23.16550006866455,1.1737281929362242,-0.03936587921178225,-0.024786136209918652,-0.02888079852830938,-0.016601935172124604,0.04359317418313924,0.2,-0.01048508068347287,0.13657599893638428,0.05940972407146006,0.02159749409779415,-0.01048508068347287,1.1737281929362242,0.012278863356184777,1.2130940721480066,1.1914025057563906,normal_volatility,2
2026-03-14,0.10789258421260489,0.14979439157428878,0.48565136051165386,27.190000534057617,23.570500087738036,1.1535606131752179,-0.03936587921178225,-0.024786136209918652,-0.02888079852830938,-0.016601935172124604,0.05254605964018766,0.2,-0.01048508068347287,0.13657599893638428,0.05940972407146006,0.021560936149907915,-0.01048508068347287,1.1535606131752179,0.012278863356184777,1.192926492387,1.1802764510625594,normal_volatility,2
2026-03-15,0.10356699092001338,0.14412345011963987,0.45518828283786494,27.190000534057617,23.879500102996825,1.1386335734325248,-0.02945534227075075,-0.012786589130555859,-0.03245181304857925,-0.04247008496768956,0.12648697533564035,0.2,0.002996470777828497,0.21734261104259997,0.20969099139117967,0.020510307819967672,0.002996470777828497,1.1386335734325248,-0.010018271919110311,1.1680889157032754,1.1438227560080763,normal_volatility,2
2026-03-16,0.10727134193798937,0.14462936295678494,0.45817556290982214,23.51000022888184,24.07750015258789,0.9764302805478311,-0.026652966332973316,-0.012321751719145846,-0.026696449608590522,-0.02987714779173367,0.16824337920634047,0.2,4.348327561720655e-05,0.30476143542755557,0.27234638227871355,0.021397201668697546,4.348327561720655e-05,0.9764302805478311,-0.003180698183143149,1.0030832468808044,1.0855631470872926,normal_volatility,2
2026-03-17,0.10211529901933138,0.1350493385030201,0.4191991050964353,22.3700008392334,24.29950017929077,0.9205951017172861,-0.032258662645113234,-0.021680591174616515,-0.024126442345392074,-0.029888944304680143,0.08773308704920724,0.2,-0.00813222029972116,0.3204704561786391,0.28983930733018887,0.018930539404992272,-0.00813222029972116,0.9205951017172861,-0.005762501959288069,0.9528537643623993,1.014113198321212,normal_volatility,2
2026-03-18,0.11042351246644987,0.13722224472678918,0.4419270677166737,25.09000015258789,24.622500228881837,1.0189866958822356,-0.04043228587877257,-0.023537452987786978,-0.03346444194754439,-0.06856835888129065,0.05621338131681153,0.2,-0.006967843931228179,0.3939461149108352,0.4436931719133092,0.019948347271717987,-0.006967843931228179,1.0189866958822356,-0.03510391693374626,1.059418981761008,1.1011003438707303,normal_volatility,2
2026-03-19,0.10995837190608451,0.13721431659748515,0.43857198185605906,24.059999465942383,24.832500171661376,0.9688915453386138,-0.038178374574848406,-0.02349781012143226,-0.03346256645999046,-0.11853229217135008,0.0611852192669875,0.2,-0.0047158081148579445,0.4200194998043515,0.43190468763001144,0.019608166649033695,-0.0047158081148579445,0.9688915453386138,-0.08506972571135962,1.0070699199134623,1.0682371715492922,normal_volatility,2
2026-03-20,0.11810845621546998,0.1502215106147475,0.4361664080516801,26.780000686645508,25.178500175476074,1.0636058740595398,-0.0519668338262711,-0.041545251335145195,-0.05180123040853457,-0.1454676901647287,0.05264096311922262,0.2,-0.0001656034177365262,0.5287976841155553,0.493167175449235,0.019874856671732548,-0.0001656034177365262,1.0636058740595398,-0.09366645975619414,1.1155727078858109,1.1450124968883657,normal_volatility,2
2026-03-21,0.11810845621546998,0.1502215106147475,0.44138123467765905,26.780000686645508,25.524500179290776,1.0491880545568284,-0.0519668338262711,-0.041545251335145195,-0.05180123040853457,-0.1454676901647287,0.04523133166802884,0.2,-0.0001656034177365262,0.5287976841155553,0.493167175449235,0.020152845498742168,-0.0001656034177365262,1.0491880545568284,-0.09366645975619414,1.1011548883830995,1.1419223954740219,normal_volatility,2
2026-03-22,0.11792079151093343,0.14989917435042208,0.4127125636281833,26.780000686645508,25.791500186920167,1.0383265995603717,-0.05250555906176557,-0.04280621884547353,-0.0421827178212254,-0.15636733697385208,-0.013531502756520264,0.0,-0.01032284124054017,0.5793787911590579,0.4913625362753623,0.019387230240298238,-0.01032284124054017,1.0383265995603717,-0.11418461915262668,1.0908321586221372,1.128690047277498,normal_volatility,2
2026-03-23,0.12432230094063376,0.15372644906951596,0.4421801839141125,26.149999618530277,25.920500183105467,1.0088539740284177,-0.03404257348012607,-0.021341494076265732,-0.033993064233001524,-0.13692486029345996,0.03838147466815811,0.2,-4.9509247124546185e-05,0.6311720835774257,0.3306281601182631,0.020280265873335507,-4.9509247124546185e-05,1.0088539740284177,-0.10293179606045844,1.0428965475085437,1.1424696852383918,normal_volatility,2
2026-03-24,0.12001485602868756,0.14227240617716472,0.37600349193645266,26.950000762939453,26.210500240325928,1.0282139034292743,-0.04402981188157107,-0.04262578664022665,-0.035221534240096775,-0.14342938673379246,-0.030156805330723624,0.0,-0.008808277641474294,0.6683609476982304,0.2794206557705295,0.018050400223532083,-0.008808277641474294,1.0282139034292743,-0.10820785249369569,1.0722437153108455,1.115756721792432,normal_volatility,2
2026-03-25,0.12238353535779849,0.1455238668010142,0.3669030906831482,25.32999992370605,26.28950023651123,0.9635025274663604,-0.03331260963148197,-0.03341831749820379,-0.021961963203145696,-0.10692295242916328,0.006617029479698333,0.2,-0.011350646428336275,0.6858303599317015,0.3418791512682515,0.01783840241778792,-0.011350646428336275,0.9635025274663604,-0.08496098922601758,0.9968151370978424,1.0874179507472614,normal_volatility,2
2026-03-26,0.12924589981903234,0.1590337055378478,0.3630095061128531,27.440000534057617,26.187000274658203,1.0478481783425944,-0.03796693509262017,-0.04207835618130107,-0.026565707158500484,-0.1538932517039212,0.009615006459346098,0.2,-0.011401227934119684,0.7106447228484578,0.5886983343512174,0.018206245836411058,-0.011401227934119684,1.0478481783425944,-0.12732754454542072,1.0858151134352145,1.1484909277550372,normal_volatility,2
2026-03-27,0.13967076816163124,0.17033212994400196,0.38288909631368045,31.049999237060547,26.26500024795532,1.182181570300108,-0.05437141086101105,-0.06079298107822051,-0.031878848590200626,-0.12420011477202586,-0.013887063035978198,0.0,-0.022492562270810423,0.6973512512182786,0.28586923016937804,0.01910163256749897,-0.022492562270810423,1.182181570300108,-0.09232126618182523,1.2365529811611191,1.2514442814200213,high_volatility,2
2026-03-28,0.13967076816163124,0.17033212994400196,0.3763022170779424,31.049999237060547,26.343000221252442,1.1786812047327355,-0.05437141086101105,-0.06079298107822051,-0.031878848590200626,-0.12420011477202586,0.005304156780116642,0.2,-0.022492562270810423,0.6973512512182786,0.28586923016937793,0.01893143987133155,-0.022492562270810423,1.1786812047327355,-0.09232126618182523,1.2330526155937465,1.239873434239358,high_volatility,2
2026-03-29,0.13341363461192518,0.1594967122185455,0.3512502482991517,31.049999237060547,26.62050018310547,1.1663942834840584,-0.06258320542909501,-0.07317134238310707,-0.04023322454621914,-0.12238373589329732,-0.03578034619362336,0.0,-0.022349980882875875,0.6660638681578448,0.28897879267702625,0.018115026974637998,-0.022349980882875875,1.1663942834840584,-0.08215051134707818,1.2289774889131535,1.2003689329017595,high_volatility,2
2026-03-30,0.1332822899745278,0.15941905159357722,0.34335401130201804,30.61000061035156,26.904500198364257,1.1377279036840309,-0.06421349555012745,-0.08027057170701257,-0.016991381558126406,-0.13242372393399227,-0.04626939776190453,0.0,-0.04722211399200105,0.636756945275336,0.2852239739736593,0.017974122652819384,-0.04722211399200105,1.1377279036840309,-0.11543234237586586,1.2019413992341583,1.1822947898825822,normal_volatility,2
2026-03-31,0.17600517691023815,0.20873272456995468,0.35442508015806556,25.25,26.955500221252443,0.9367290457511978,-0.035801897254418735,-0.04900896081047035,-0.005164056802419159,-0.09648492909392059,-0.02808309384641494,0.0,-0.030637840451999576,0.5191304845163115,0.48945897916053255,0.01990130878754666,-0.030637840451999576,0.9367290457511978,-0.09132087229150143,0.9725309430056165,1.2510733847423496,high_volatility,2
2026-04-01,0.17144308781334078,0.20738649839161816,0.35388355235868857,24.540000915527344,26.81800022125244,0.9150570778234295,-0.013558111936914474,-0.020448809676681612,-0.004200688213091164,-0.0622429687600089,-0.03425716680503277,0.0,-0.00935742372382331,0.5122398939717702,0.48952258271557597,0.019825387601226686,-0.00935742372382331,0.9150570778234295,-0.058042280546917735,0.928615189760344,1.21196321229049,high_volatility,2
2026-04-02,0.17046750130813978,0.20665441240880755,0.3568312544114085,23.8700008392334,26.65200023651123,0.8956176132151349,-0.007049638466572694,-0.013478386266221665,0.0068958930870941515,-0.06820152965355153,-0.0574861915614131,0.2,-0.013945531553666846,0.4998370955328283,0.4722428629608185,0.02013025760491933,-0.013945531553666846,0.8956176132151349,-0.07509742274064568,0.9026672516817076,1.1905319523439892,normal_volatility,2
2026-04-03,0.17046750130813978,0.20665441240880755,0.3563207273635841,23.8700008392334,26.48600025177002,0.901230862052801,-0.007049638466572694,-0.013478386266221665,0.0068958930870941515,-0.06820152965355153,-0.060149490887581036,0.2,-0.013945531553666846,0.4998370955328283,0.4722428629608185,0.020121270625828712,-0.013945531553666846,0.901230862052801,-0.07509742274064568,0.9082805005193737,1.1814113288193844,normal_volatility,2
2026-04-04,0.17046750130813978,0.20665441240880755,0.34554496575722365,23.8700008392334,26.32000026702881,0.9069149163017093,-0.007049638466572694,-0.013478386266221665,0.0068958930870941515,-0.06820152965355153,-0.07555165448853285,0.2,-0.013945531553666846,0.4998370955328283,0.4722428629608185,0.019654566467048037,-0.013945531553666846,0.9069149163017093,-0.07509742274064568,0.913964554768282,1.1694226407888315,normal_volatility,2
2026-04-05,0.1659400534195593,0.20193006247988587,0.3416284437011371,23.8700008392334,26.338000297546387,0.9062951085719707,-0.017052958898540638,-0.024421843200459925,-0.0008396063582638558,-0.06737178182811199,-0.07853462752208018,0.0,-0.016213352540276782,0.4702070184178845,0.47970124694670097,0.018073134029128784,-0.016213352540276782,0.9062951085719707,-0.06653217546984813,0.9233480674705113,1.1333665713295595,normal_volatility,2
2026-04-06,0.16668133480762884,0.20242083276522888,0.3401360975121919,24.170000076293945,26.428000259399415,0.9145603087277712,-0.014997869581917955,-0.0233179429514222,-0.0051890048624008145,-0.06884838085130407,-0.06848591487894251,0.0,-0.00980886471951714,0.45667988421963757,0.4759907039088298,0.018052166628624064,-0.00980886471951714,0.9145603087277712,-0.06365937598890326,0.9295581783096891,1.1361909926722846,normal_volatility,2
2026-04-07,0.15916629023917103,0.19666607677301656,0.3572666214706642,25.780000686645508,26.462500286102294,0.9742088014330519,-0.0006193930540260295,-0.009359326474477347,0.0003011256494072079,-0.029073150514230206,0.009756745868219507,0.4,-0.0009205187034332374,0.42843737691936573,0.4235036544390175,0.01856676531670947,-0.0009205187034332374,0.9742088014330519,-0.029374276163637414,0.9748281944870779,1.1399337558557916,normal_volatility,2
2026-04-08,0.18255794692589214,0.2233806747743624,0.3528922823286388,21.040000915527344,26.311500358581544,0.7996503669037296,0.027366165954948674,0.02332848025372325,-0.0025454683817360824,0.01904269376293022,0.017315434396670826,0.8,0.029911634336684756,0.4482889208351958,0.41552602718898224,0.019197404560120097,0.029911634336684756,0.7996503669037296,0.0215881621446663,0.7722842009487809,1.141296463070783,normal_volatility,1
2026-04-09,0.1732665686994673,0.21146529110409754,0.35299154367547675,19.489999771118164,25.947000312805176,0.7511465501273995,0.048321639092764546,0.0496502636737135,0.014172357994485019,0.059340070853815874,0.017657352902566315,1.0,0.03414928109827953,0.31518634218374175,0.33712621156708883,0.0188642321471403,0.03414928109827953,0.7511465501273995,0.045167712859330855,0.702824911034635,1.0789459311850034,normal_volatility,1
2026-04-10,0.17340495388691854,0.21130019386443752,0.34231654258075433,19.229999542236328,25.569500255584718,0.7520678679684497,0.047627880259032196,0.051164050123151394,0.011715872075342748,0.057453190090151596,0.0621078273920348,1.0,0.03591200818368945,0.3194667003357079,0.338464015411211,0.018527494831034434,0.03591200818368945,0.7520678679684497,0.04573731801480885,0.7044399877094175,1.0677065190244202,normal_volatility,1
2026-04-11,0.17340495388691854,0.21130019386443752,0.3373305715718544,19.229999542236328,25.19200019836426,0.7633375433001526,0.047627880259032196,0.051164050123151394,0.011715872075342748,0.057453190090151596,0.07677863224271886,1.0,0.03591200818368945,0.3194667003357079,0.3384640154112109,0.018425108600734652,0.03591200818368945,0.7633375433001526,0.04573731801480885,0.7157096630411204,1.0621488188216235,normal_volatility,1
2026-04-12,0.17087510086044697,0.2088033579027313,0.32228804722161736,19.229999542236328,24.84600019454956,0.7739676161821327,0.03674206858683382,0.039234706333705294,0.005157717255356742,0.08189782110206956,-0.0022767178335111327,0.8,0.03158435133147708,0.2869840620440173,0.42837693760432577,0.0180998712712863,0.03158435133147708,0.7739676161821327,0.07674010384671281,0.7372255475952989,1.0465343550226769,normal_volatility,1
2026-04-13,0.17191052973479942,0.2080552981960429,0.37142440719732134,19.1200008392334,24.454500198364258,0.7818602173072554,0.05039955797681128,0.057210923828022064,0.01263367022345907,0.07727706453720473,0.05625215066307443,1.0,0.03776588775335221,0.2831090693806659,0.4007470623595266,0.02018229991291027,0.03776588775335221,0.7818602173072554,0.06464339431374566,0.7314606593304441,1.0643318619991882,normal_volatility,1
2026-04-14,0.17504310951102445,0.21474745064972886,0.37089658532641495,18.36000061035156,24.10600023269653,0.7616361251606022,0.0573064374238188,0.0693749238773802,0.00827336362030695,0.06918251027363032,0.04027108795075196,1.0,0.04903307380351185,0.319885476651786,0.4355072432284609,0.020447269026396486,0.04903307380351185,0.7616361251606022,0.060909146653323365,0.7043296877367834,1.0614656602091397,normal_volatility,1
2026-04-15,0.1576426475419224,0.1916977721072478,0.3436608430949648,18.170000076293945,23.642500209808347,0.76853124310245,0.08502685408625377,0.11085945872635561,0.012390434070983947,0.09939091291613189,0.08741548298939006,1.0,0.07263642001526982,0.11121771110857587,0.21244240391271665,0.01877703497086221,0.07263642001526982,0.76853124310245,0.08700047884514794,0.6835043890161963,0.986360793238402,normal_volatility,1
2026-04-16,0.1366840299828224,0.16778275491777553,0.309384103814491,17.940000534057617,22.9870002746582,0.7804411328012816,0.10656207072700741,0.13845133358308082,0.011498580553488624,0.06120080448071907,0.13286062271648946,1.0,0.09506349017351878,-0.044095189352094624,0.6312593252903128,0.017202355271990065,0.09506349017351878,0.7804411328012816,0.04970222392723045,0.6738790620742742,0.901891882696839,normal_volatility,1
2026-04-17,0.13742117615587449,0.16742888561780375,0.3160288248433191,17.479999542236328,22.30850028991699,0.7835578059963515,0.11993563149086284,0.15334700109391997,0.020760106582150772,0.07530740185548646,0.16295581028495842,1.0,0.09917552490871206,0.028027895867866918,0.6420024820560023,0.017395591736615024,0.09917552490871206,0.7835578059963515,0.05454729527333568,0.6636221745054887,0.899116027007704,low_volatility,1
2026-04-18,0.13742117615587449,0.16742888561780375,0.3261101800579352,17.479999542236328,21.630000305175777,0.8081368144064979,0.11993563149086284,0.15334700109391997,0.020760106582150772,0.07530740185548646,0.1481510217087192,1.0,0.09917552490871206,0.028027895867866918,0.6420024820560023,0.01782331321857489,0.09917552490871206,0.8081368144064979,0.05454729527333568,0.688201182915635,0.9040773623666208,normal_volatility,1
2026-04-19,0.13498912519217485,0.1604893486148976,0.3445426607738039,17.479999542236328,20.97350025177002,0.8334326331991788,0.12369265561517273,0.1622303172892119,0.007350710047706821,0.07561871561315958,0.10743366283976874,1.0,0.11634194556746591,0.2434513255589838,0.6462122119651655,0.018330347852451436,0.11634194556746591,0.8334326331991788,0.06826800556545276,0.7097399775840061,0.9022787046387861,normal_volatility,1
2026-04-20,0.10618715761684239,0.131296401265112,0.34770829745402526,18.8700008392334,20.65450029373169,0.9136023903207254,0.08976833877185086,0.12060360067031017,0.008164937665038563,0.02742333672322972,0.11195720473778836,1.0,0.0816034011068123,0.3960287274407866,0.4221431630412969,0.017282988112881342,0.0816034011068123,0.9136023903207254,0.019258399058191156,0.8238340515488746,0.8277591741377915,low_volatility,1
2026-04-21,0.11214546965654705,0.13301975035979313,0.3464829564422509,19.5,20.402500247955324,0.955765213234306,0.07453761611527865,0.10271948072432435,0.0035937122020830436,-0.018843359969821227,0.12153928337610909,0.8,0.0709439039131956,0.4814455112883022,0.5145031926080261,0.017359241484650526,0.0709439039131956,0.955765213234306,-0.02243707217190427,0.8812275971190273,0.8599243483965013,low_volatility,1
2026-04-22,0.11394077672912058,0.13852321065390807,0.3406193246737285,18.920000076293945,20.15500020980835,0.9387248761767119,0.08444261994678692,0.11988445284335492,-0.0005761483240480647,0.01362335775511836,0.16915492732374293,0.8,0.08501876827083499,0.5669606982903905,0.548129451954389,0.017011222009882344,0.08501876827083499,0.9387248761767119,0.014199506079166424,0.8542822562299249,0.8540598860355954,low_volatility,1
2026-04-23,0.11658837735521832,0.14297567006400225,0.34056048610408995,19.309999465942383,19.9270001411438,0.9690369513307987,0.08023419749934835,0.11357654049659494,-0.0027652472624792868,0.0037959173491801668,0.16939586078547886,0.8,0.08299944476182763,0.5828586696021449,0.5752432868685973,0.017249006424814667,0.08299944476182763,0.9690369513307987,0.0065611646116594535,0.8888027538314504,0.8730312125363429,low_volatility,1
2026-04-24,0.11640239380768953,0.14931872792328074,0.3467605825537513,18.709999084472656,19.66900005340576,0.9512430237262087,0.0886052541623783,0.13487645226908307,-0.0009217490874930956,0.008942493898936199,0.1510583888470538,0.8,0.0895270032498714,0.5941591869990945,0.583838154593265,0.01748072120367721,0.0895270032498714,0.9512430237262087,0.009864242986429295,0.8626377695638304,0.8667707427638489,low_volatility,1
2026-04-25,0.11640239380768953,0.14931872792328074,0.34062965501737297,18.709999084472656,19.410999965667724,0.9638864106725604,0.0886052541623783,0.13487645226908307,-0.0009217490874930956,0.008942493898936199,0.1251069828894198,0.8,0.0895270032498714,0.5941591869990945,0.583838154593265,0.01733801065145988,0.0895270032498714,0.9638864106725604,0.009864242986429295,0.8752811565101821,0.8673313468461626,low_volatility,1
2026-04-26,0.11736656383681478,0.151034561861994,0.3402390741300735,18.709999084472656,19.13799991607666,0.9776360730755117,0.08348384559373367,0.12808836853494054,0.0006924066366755799,0.013094834989922033,0.142284859028611,1.0,0.0827914389570581,0.5942082133118418,0.5853945802324838,0.01742068729373803,0.0827914389570581,0.9776360730755117,0.012402428353246453,0.894152227481778,0.8718912585121243,low_volatility,1
2026-04-27,0.11693183469096584,0.1508452962904931,0.318561083804796,18.020000457763672,18.749999904632567,0.9610666959689672,0.08487305405410406,0.12851042349016062,-0.004155184514745502,-0.004446360484962386,0.07542214128171953,0.6,0.08902823856884956,0.5909783091028837,0.6269000831629825,0.01652314646047359,0.08902823856884956,0.9610666959689672,-0.0002911759702168837,0.8761936419148632,0.8484800253839543,low_volatility,1
2026-04-28,0.08987703145964508,0.13328711384750472,0.31974072338960147,17.829999923706055,18.589499855041502,0.959143605946479,0.052780272718375265,0.08490481390113924,-0.0063276240469447576,-0.029042862754332766,0.073496422918367,0.6,0.05910789676532002,0.5630041239364382,0.7602330247062862,0.015710268698633668,0.05910789676532002,0.959143605946479,-0.022715238707388008,0.9063633332281037,0.7528705332999783,low_volatility,1
2026-04-29,0.0895572566667744,0.13313549426483676,0.321497646291211,18.809999465942383,18.555499839782716,1.0137155898982588,0.04657976084516169,0.08420328861049531,-0.011534044730436843,-0.04681327174205818,0.055850996083072646,0.6,0.05811380557559853,0.5780826790810121,0.7577516623193279,0.01580236953683723,0.05811380557559853,1.0137155898982588,-0.03527922701162134,0.9671358290530971,0.7704774490097981,low_volatility,1
2026-04-30,0.09277544376623025,0.13399939313970674,0.31769182483182257,16.889999389648438,18.43849983215332,0.9160180895083132,0.05769280002385857,0.09273893699726043,-0.010058956803671859,-0.030814634251231987,0.04556476933982978,0.6,0.06775175682753043,0.5408376254712624,0.7864409544274087,0.015670577673499997,0.06775175682753043,0.9160180895083132,-0.020755677447560128,0.8583252894844546,0.7471116493608692,low_volatility,1
2026-05-01,0.09217603200931399,0.13407724499675583,0.32717297523132244,16.989999771118164,18.32649984359741,0.9270728134730992,0.06062167178257316,0.10322878939200675,-0.006519512231832447,-0.031912730883735474,0.07014957950248246,0.6,0.06714118401440561,0.5323469173461364,0.7952149374368764,0.01580610628232063,0.06714118401440561,0.9270728134730992,-0.025393218651903027,0.8664511416905261,0.7497731157086708,low_volatility,1
2026-05-02,0.09217603200931399,0.13407724499675583,0.2997605284564794,16.989999771118164,18.214499855041502,0.932773334778972,0.06062167178257316,0.10322878939200675,-0.006519512231832447,-0.031912730883735474,0.11170972775603993,0.6,0.06714118401440561,0.5323469173461364,0.7952149374368764,0.014953282992609642,0.06714118401440561,0.932773334778972,-0.025393218651903027,0.8721516629963988,0.7428847607197937,low_volatility,1
2026-05-03,0.08907614490659636,0.1335934712687858,0.24275501121127993,16.989999771118164,18.107999801635742,0.9382593305298917,0.05035716376264099,0.09193541913363479,-0.009497148119142707,-0.02797683086548619,0.05442176942100274,0.6,0.059854311881783695,0.5026525872275088,0.8349857029067386,0.012152896265954265,0.059854311881783695,0.9382593305298917,-0.018479682746343484,0.8879021667672508,0.7051064472842237,low_volatility,1
2026-05-04,0.08376773667459397,0.12496440762590644,0.24598029673487987,18.290000915527344,18.10449981689453,1.010246132205194,0.03391122173753591,0.0704423019673206,-0.022202465857709353,-0.0682558698977127,0.07611451035602457,0.6,0.056113687595245265,0.4718083032648201,0.8097185258233469,0.011887785682279285,0.056113687595245265,1.010246132205194,-0.046053404040003354,0.9763349104676582,0.7105598011226797,low_volatility,1
2026-05-05,0.08389790165564619,0.12386323037317483,0.24804388807140892,17.3799991607666,18.064999771118163,0.9620813385535314,0.03404579964957577,0.06935983565130943,-0.012490397174875545,-0.050379155591636415,0.08183905044882267,0.6,0.046536196824451315,0.5961603186598378,0.9001011871142368,0.011836969304230565,0.046536196824451315,0.9620813385535314,-0.03788875841676087,0.9280355389039556,0.6986873037600201,low_volatility,1
2026-05-06,0.09445529911841283,0.13840410521863114,0.2481526300930255,17.389999389648438,18.037499713897706,0.9641025455567782,0.045848480997341845,0.08634292216294726,0.0013660787522389306,-0.020723494354338068,0.08350259936277182,0.8,0.044482402245102914,0.704892919671657,0.9207541539333883,0.012233353988629115,0.044482402245102914,0.9641025455567782,-0.022089573106577,0.9182540645594364,0.7401279588770512,low_volatility,1
2026-05-07,0.08868818316524475,0.1354764122145404,0.2448801034350459,17.079999923706055,18.017499732971192,0.947967263873491,0.030191232713481675,0.07103341078782899,-0.012676277073242148,-0.031955688637343216,0.03738148586339074,0.6,0.04286750978672382,0.657369160628992,0.8936258631680501,0.011886680061081945,0.04286750978672382,0.947967263873491,-0.019279411564101068,0.9177760311600093,0.7168699131447175,low_volatility,1
2026-05-08,0.0916256638715914,0.15204829194286543,0.23308408655712504,17.190000534057617,18.002999782562256,0.9548409010540504,0.038696566736003746,0.09613933456109147,-0.0077194820399399955,-0.027268862516162895,0.05890370893086794,0.6,0.04641604877594374,0.6872712504210798,0.8901206409255473,0.011758072734860597,0.04641604877594374,0.9548409010540504,-0.0195493804762229,0.9161443343180466,0.7301191015002875,low_volatility,1
2026-05-09,0.0916256638715914,0.15204829194286543,0.2089882547747255,17.190000534057617,17.98849983215332,0.9556105675544753,0.038696566736003746,0.09613933456109147,-0.0077194820399399955,-0.027268862516162895,0.09217914886086409,0.6,0.04641604877594374,0.68727125042108,0.8901206409255473,0.010841778745237675,0.04641604877594374,0.9556105675544753,-0.0195493804762229,0.9169140008184715,0.7232447902126643,low_volatility,1
2026-05-10,0.0907631483058184,0.15029055717376588,0.1981085923506103,17.190000534057617,17.904499816894532,0.9600938708065601,0.040777776285026324,0.09963049000533819,-0.007491572058405782,-0.018819714069846838,0.08259124602810863,0.6,0.048269348343432106,0.693319958413887,0.8837058388203868,0.010561457578689006,0.048269348343432106,0.9600938708065601,-0.011328142011441056,0.9193160945215337,0.7205816588320852,low_volatility,1
2026-05-11,0.08493959042208243,0.14704913436232586,0.20044683766674143,18.3799991607666,17.84849977493286,1.0297783787173083,0.050022681866045415,0.10702583941217259,-0.008017314575993972,0.011825747807461484,0.07040377442084966,0.8,0.05803999644203939,0.6294679740868144,0.8715007140122436,0.010525019363621041,0.05803999644203939,1.0297783787173083,0.019843062383455456,0.9797556968512628,0.7279548803560012,low_volatility,1
2026-05-12,0.08095640154547538,0.1479165019707321,0.19522459418143498,17.989999771118164,17.80199975967407,1.0105606119527064,0.03792124670616914,0.07957443184877899,-0.016557083881085455,-0.005353161415169616,0.029083125599338233,0.6,0.0544783305872546,0.6373750453965505,0.8613289576655424,0.010504969980666658,0.0544783305872546,1.0105606119527064,0.011203922465915839,0.9726393652465373,0.7125003951932238,low_volatility,1
2026-05-13,0.07898436187574952,0.14525449353927697,0.2037618330400448,17.8700008392334,17.729999828338624,1.007896278186704,0.04779445940875715,0.09715704264974767,-0.016601569239355407,-0.001252803763494681,0.012880765900751268,0.6,0.06439602864811256,0.6218780056530081,0.8202776013003332,0.010455020697434104,0.06439602864811256,1.007896278186704,0.015348765475860726,0.9601018187779469,0.7081189894814828,low_volatility,1
2026-05-14,0.07911738253732731,0.13533230937642965,0.2130520719375069,17.260000228881836,17.657499885559083,0.9774883387085657,0.047945177958506724,0.08421698610187911,-0.017027157824830663,-0.013941162250252437,0.046425963357904054,0.6,0.06497233578333739,0.6178076727298791,0.7469285608788612,0.010490248018893396,0.06497233578333739,0.9774883387085657,0.0030859955745782264,0.9295431607500589,0.7020913069383045,low_volatility,1
2026-05-15,0.09399281758865916,0.15105671029196338,0.23342735488241104,18.43000030517578,17.64349994659424,1.0445773435521426,0.03533907664855995,0.06785863026695749,-0.031611948312526894,-0.036837833710509194,0.018729884165406885,0.6,0.06695102496108685,0.7449534794553183,0.80171360806897,0.011533142339660546,0.06695102496108685,1.0445773435521426,-0.0052258853979822995,1.0092382669035826,0.787253783558105,low_volatility,1
2026-05-16,0.09399281758865916,0.15105671029196338,0.232810445491152,18.43000030517578,17.629500007629396,1.045406863337018,0.03533907664855995,0.06785863026695749,-0.031611948312526894,-0.036837833710509194,-0.006688507786672182,0.4,0.06695102496108685,0.7449534794553183,0.80171360806897,0.011377421985892065,0.06695102496108685,1.045406863337018,-0.0052258853979822995,1.010067786688458,0.7878366830887686,low_volatility,1
2026-05-18,0.09419925446010236,0.15119801253349413,0.23319048301555617,18.43000030517578,17.65,1.0441926518513192,0.03355845543508362,0.06729598711501428,-0.026785687342985698,-0.029309836642332443,-0.007100324267731772,0.4,0.06034414277806932,0.7460616534019419,0.8031222255244495,0.011470684563024107,0.06034414277806932,1.0441926518513192,-0.002524149299346745,1.0106341964162355,0.7933077316422914,low_volatility,1
